"Includes Amazon Marketplace, Fulfillment by Amazon (FBA), and Amazon Webstore transactions"
"All amounts in USD, unless specified"
"Definitions:"
"date/time: posted date/time of the transaction"
"Sales tax collected: Includes sales tax collected from buyers for product sales, shipping, and gift wrap."
"Selling fees: Includes variable closing fees and referral fees."
"Other transaction fees: Includes shipping chargebacks, shipping holdbacks, per-item fees  and sales tax collection fees."
"Other: Includes non-order transaction amounts. For more details, see the ""Type"" and ""Description"" columns for each order ID."
"Note: Reports with start date of Jan 1, 2025 or later are indexed by posted date, include both released and deferred transactions and have two new columns. You may need to update integrations or third-party mappings."
"date/time","settlement id","type","order id","sku","description","quantity","marketplace","account type","fulfillment","order city","order state","order postal","tax collection model","product sales","product sales tax","shipping credits","shipping credits tax","gift wrap credits","giftwrap credits tax","Regulatory Fee","Tax On Regulatory Fee","promotional rebates","promotional rebates tax","marketplace withheld tax","selling fees","fba fees","other transaction fees","other","total","Transaction Status","Transaction Release Date"
"Mar 1, 2026 12:00:20 AM PST","25788732721","Order","111-0003953-4639442","305140-PEN","VIVOSUN Digital pH and TDS Meter Kits, 0.01pH High Accuracy Pen Type pH Meter ± 2% Readout Accuracy 3-in-1 TDS EC Temperature Meter for Hydroponics,","1","amazon.com","Standard Orders","Amazon","BAY CITY","MI","48706","MarketplaceFacilitator","18.04","1.08","0","0","0","0","0","0","0","0","-1.08","-2.16","-4.42","0","0","11.46","Released","Mar 1, 2026 12:00:20 AM PST"
"Mar 1, 2026 12:00:28 AM PST","25788732721","Order","114-8677714-7091410","332572J","VIVOSUN 800GPH Submersible Pump(3000L/H, 24W), Ultra Quiet Water Fountain Pump with 10ft. High Lift with 6.5ft. Power Cord, 3 Nozzles for Fish Tank, P","1","amazon.com","Standard Orders","Amazon","KATY","TX","77494","MarketplaceFacilitator","22.49","1.86","1.00","0","0","0","0","0","-1.00","0","-1.86","-3.37","-5.80","0","0","13.32","Released","Mar 1, 2026 12:00:28 AM PST"
"Mar 1, 2026 12:00:57 AM PST","25788732721","Order","113-4038579-8757064","HR-0000B","VIVOSUN Outdoor Handrail, 2 Step Stair Handrail, 26"" x 36"" Fits 1 to 2 Steps, Wrought Mattle Iron Stair Railing with Curved Ends and Balusters for Con","1","amazon.com","Standard Orders","Amazon","WAXHAW","NC","28173","MarketplaceFacilitator","67.99","4.59","0","0","0","0","0","0","0","0","-4.59","-10.20","-14.67","0","0","43.12","Released","Mar 1, 2026 12:00:57 AM PST"
"Mar 1, 2026 12:01:10 AM PST","25788732721","Order","114-6236662-7998667","330101x2NJ","VIVOSUN 2 Pack Durable Waterproof Seedling Heat Mat 10"" x 20.75"" UL & MET-Certified Warm Hydroponic Heating Pad for Germination, Indoor Gardening, Gre","1","amazon.com","Standard Orders","Amazon","LIBERTY CENTER","OH","43532","MarketplaceFacilitator","25.19","1.83","2.99","0","0","0","0","0","-2.99","0","-1.83","-3.78","-5.47","0","0","15.94","Released","Mar 1, 2026 12:01:10 AM PST"
"Mar 1, 2026 12:01:25 AM PST","25788732721","Order","112-7757864-1217814","CC-001-3","VIVOSUN Coco Coir Brick, 1.4lbs 100% Natural Organic Compressed Coconut Coir Fiber with Low EC, PH Balance & High Nutrition, Coconut Fiber Substrate,","1","amazon.com","Standard Orders","Amazon","SPRING HILL","TN","37174","MarketplaceFacilitator","16.19","1.58","0","0","0","0","0","0","0","0","-1.58","-2.43","-7.14","0","0","6.62","Released","Mar 1, 2026 12:01:25 AM PST"
"Mar 1, 2026 12:01:57 AM PST","25788732721","Adjustment","","NB-001J","FBA Inventory Reimbursement - Damaged:Warehouse","1","","Standard Orders","","","","","","0","0","0","0","0","0","0","0","0","0","0","0","0","0","11.03","11.03","Released","Mar 1, 2026 12:01:57 AM PST"
"Mar 1, 2026 12:02:05 AM PST","25788732721","Adjustment","","NB-001J","FBA Inventory Reimbursement - Damaged:Warehouse","1","","Standard Orders","","","","","","0","0","0","0","0","0","0","0","0","0","0","0","0","0","11.03","11.03","Released","Mar 1, 2026 12:02:05 AM PST"
"Mar 1, 2026 12:02:59 AM PST","25788732721","Order","113-8239603-9621009","PP-30-1","VIVOSUN Peat Pots, 30 Packs 3.15-Inch Seed Starting Pots with Drainage Holes, Round Nursery Pot, 20 Plant Labels for Flowers, Plants, Vegetables, 30Pc","1","amazon.com","Standard Orders","Amazon","LAS VEGAS","NV","89123","MarketplaceFacilitator","9.99","0.84","0.60","0","0","0","0","0","-0.60","0","-0.84","-1.50","-3.78","0","0","4.71","Released","Mar 1, 2026 12:02:59 AM PST"
"Mar 1, 2026 12:03:43 AM PST","25788732721","Order","112-5376093-2041053","VSE-ASH05","VIVOSUN AeroStream H05 Intelligent Wi-Fi Humidifier, 1.32 Gal / 5 L Humidifier with Temp & Humidity Probe, Smart Remote Control, Designed for Growers","1","amazon.com","Standard Orders","Amazon","XENIA","OH","45385","MarketplaceFacilitator","59.99","4.05","0","0","0","0","0","0","0","0","-4.05","-9.00","-9.70","0","0","41.29","Released","Mar 1, 2026 12:03:43 AM PST"
"Mar 1, 2026 12:03:56 AM PST","25788732721","Order","111-2719032-9179411","VSL-T52F-4","VIVOSUN 2ft Grow Lights for Indoor Plants Full Spectrum, LED Plant Lights 60W(4 X 15W), T5 Grow Light Strip for Seed Starting, Greenhouse, Hydroponics","1","amazon.com","Standard Orders","Amazon","SHAWNEE","KS","66203","MarketplaceFacilitator","35.99","3.46","0.60","0","0","0","0","0","-0.60","0","-3.46","-5.40","-9.44","0","0","21.15","Released","Mar 1, 2026 12:03:56 AM PST"
"Mar 1, 2026 12:04:02 AM PST","25788732721","Order","113-9702326-1164212","TGB-0003","VIVOSUN 3-Pack 10 Gallon Visible Potato Grow Bags, 320G Thick Nonwoven Fabric Pots with Strap Handles, Shade Cloth & 10 Pcs Plant Labels for Flowers,","1","amazon.com","Standard Orders","Amazon","DETROIT","Michigan","48210","MarketplaceFacilitator","21.99","1.32","0","0","0","0","0","0","0","0","-1.32","-3.30","-5.47","0","0","13.22","Released","Mar 1, 2026 12:04:02 AM PST"
"Mar 1, 2026 12:04:06 AM PST","25788732721","Order","112-5871353-1974622","TGB-0003","VIVOSUN 3-Pack 10 Gallon Visible Potato Grow Bags, 320G Thick Nonwoven Fabric Pots with Strap Handles, Shade Cloth & 10 Pcs Plant Labels for Flowers,","1","amazon.com","Standard Orders","Amazon","GREENBRIER","AR","72058","MarketplaceFacilitator","21.99","1.54","0","0","0","0","0","0","0","0","-1.54","-3.30","-5.47","0","0","13.22","Released","Mar 1, 2026 12:04:06 AM PST"
"Mar 1, 2026 12:04:20 AM PST","25788732721","Order","114-5607885-1847423","311001-1x5NJ","VIVOSUN 5-Pack 1 Gallon Heavy Duty Thickened Nonwoven Fabric Pots Grow Bags with Handles","1","amazon.com","Standard Orders","Amazon","PHOENIX","AZ","85008","MarketplaceFacilitator","11.69","1.06","0","0","0","0","0","0","0","0","-1.06","-1.75","-4.52","0","0","5.42","Released","Mar 1, 2026 12:04:20 AM PST"
"Mar 1, 2026 12:05:01 AM PST","25788732721","Order","111-6028078-3888242","RC-0003","VIVOSUN 1 Inch Rockwool Cubes, 100 Plugs Grow Cubes for Hydroponics, Cuttings, Cloning, Plant Propagation, Seed Startling","1","amazon.com","Standard Orders","Amazon","ROSEMEAD","CA","91770","MarketplaceFacilitator","8.99","0.88","0","0","0","0","0","0","0","0","-0.88","-1.35","-4.40","0","0","3.24","Released","Mar 1, 2026 12:05:01 AM PST"
"Mar 1, 2026 12:05:01 AM PST","25788732721","Order","111-6028078-3888242","SST-2-0006","VIVOSUN 6-Pack Seed Starter Trays, 240-Cell Seed Starter Kit with 2 Set of LED Lights, 3.6"" Higher Cover, Adjustable Vents, Drainage Holes, Green Prop","1","amazon.com","Standard Orders","Amazon","ROSEMEAD","CA","91770","MarketplaceFacilitator","59.99","5.85","0","0","0","0","0","0","0","0","-5.85","-9.00","-8.20","0","0","42.79","Released","Mar 1, 2026 12:05:01 AM PST"
"Mar 1, 2026 12:05:01 AM PST","25788732721","Order","111-6028078-3888242","NB-001J","VIVOSUN Liquid Nutrients Base A & B Bundle, Grow Big Hydroponic Fertilizer, Supports Vegetative and Flowering Stages for Outdoor, Indoor Plants, Best","1","amazon.com","Standard Orders","Amazon","ROSEMEAD","CA","91770","MarketplaceFacilitator","35.99","3.16","0","0","0","0","0","0","-3.60","0","-3.16","-4.86","-7.46","0","0","20.07","Released","Mar 1, 2026 12:05:01 AM PST"
"Mar 1, 2026 12:05:05 AM PST","25788732721","Order","114-4895208-5856221","SPray-15L-GJ","VIVOSUN 50oz Pump Sprayer, Handheld Garden Water Sprayer Bottle with Adjustable Brass Nozzle, for Spraying Plants, Flowers, Weeds and Cleaning, Green","1","amazon.com","Standard Orders","Amazon","HOUSTON","TX","77042","MarketplaceFacilitator","17.99","1.48","2.99","0","0","0","0","0","-2.99","0","-1.48","-2.70","-7.06","0","0","8.23","Released","Mar 1, 2026 12:05:05 AM PST"
"Mar 1, 2026 12:05:37 AM PST","25788732721","Order","113-2449426-8825806","311001-10x5NJ","VIVOSUN 5-Pack 10 Gallon Plant Grow Bags, Heavy Duty Thickened Nonwoven Fabric Pots with Handles","1","amazon.com","Standard Orders","Amazon","ROSELAND","NJ","07068","MarketplaceFacilitator","20.99","1.39","0","0","0","0","0","0","0","0","-1.39","-3.15","-5.97","0","0","11.87","Released","Mar 1, 2026 12:05:37 AM PST"
"Mar 1, 2026 12:05:40 AM PST","25788732721","Order","112-3455358-5072211","VSV-IFP6C","VIVOSUN 6"" Inline Booster Duct Fan with Speed Regulator, 345 CFM Quiet Exhaust Fan for HVAC Ventilation in Grow Tents, Basements, Bathrooms, Kitchens,","1","amazon.com","Standard Orders","Amazon","Wheaton","IL","60187","MarketplaceFacilitator","28.79","2.30","0","0","0","0","0","0","0","0","-2.30","-4.32","-6.82","0","0","17.65","Released","Mar 1, 2026 12:05:40 AM PST"
"Mar 1, 2026 12:05:54 AM PST","25788732721","Order","112-2814761-3499466","307281-2J","VIVOSUN Clamp Lamp Light with Detachable 8.5 Inch Aluminum Reflector up to 150 Watt E26 Socket (No Bulb Included), 6 Feet Cord, UL Listed, Pack of 2","1","amazon.com","Standard Orders","Amazon","CINCINNATI","OH","45243","MarketplaceFacilitator","24.99","1.95","0","0","0","0","0","0","0","0","-1.95","-3.75","-7.93","0","0","13.31","Released","Mar 1, 2026 12:05:54 AM PST"
"Mar 1, 2026 12:06:02 AM PST","25788732721","Order","114-7482305-7485023","330101CNJ","VIVOSUN 10""x 20.75"" Seedling Heat Mat and Digital Thermostat Combo Set, UL & MET-Certified Warm Hydroponic Heating Pad for Germination, Indoor Gardeni","1","amazon.com","Standard Orders","Amazon","Indian Head","Maryland","20640","MarketplaceFacilitator","24.79","1.49","0","0","0","0","0","0","0","0","-1.49","-3.72","-5.47","0","0","15.60","Released","Mar 1, 2026 12:06:02 AM PST"
"Mar 1, 2026 12:06:15 AM PST","25788732721","Order","113-7339018-1477026","AP-5W","VIVOSUN Aquarium Air Pump Kit, with 160 GPH Dual-Outlet Air Pump and Complete Accessories, Ultra-Quiet, Adjustable Aquarium Aerator for 20-300 Gallons","1","amazon.com","Standard Orders","Amazon","MOLINE","IL","61265","MarketplaceFacilitator","26.99","2.29","0","0","0","0","0","0","0","0","-2.29","-4.05","-5.80","0","0","17.14","Released","Mar 1, 2026 12:06:15 AM PST"
"Mar 1, 2026 12:06:27 AM PST","25788732721","Order","114-4725283-7759460","306143-0412J","VIVOSUN 4 Inch Air Carbon Filter Smellines Control with Australia Virgin Charcoal for Inline Duct Fan, Grow Tent, Pre-filter Included, Reversible Flan","1","amazon.com","Standard Orders","Amazon","LOVELAND","OH","45140","MarketplaceFacilitator","39.99","2.43","0","0","0","0","0","0","-4.00","0","-2.43","-5.40","-7.78","0","0","22.81","Released","Mar 1, 2026 12:06:27 AM PST"
"Mar 1, 2026 12:06:36 AM PST","25788732721","Order","114-2643234-6771401","311001-15x5NJ","VIVOSUN 5-Pack 15 Gallon Plant Grow Bags, Heavy Duty Thickened Nonwoven Fabric Pots with Handles","1","amazon.com","Standard Orders","Amazon","LOS ANGELES","CA","90065","MarketplaceFacilitator","19.79","1.93","0","0","0","0","0","0","0","0","-1.93","-2.97","-6.12","0","0","10.70","Released","Mar 1, 2026 12:06:36 AM PST"
"Mar 1, 2026 12:07:00 AM PST","25788732721","Order","114-2093486-6674651","311001-3x5NJ","VIVOSUN 5-Pack 3 Gallon Plant Grow Bags Heavy Duty Thickened Nonwoven Fabric Pots with Handles","2","amazon.com","Standard Orders","Amazon","NEW ORLEANS","LA","70130","MarketplaceFacilitator","26.98","2.56","2.99","0","0","0","0","0","-4.34","0","-2.56","-3.84","-9.90","0","0","11.89","Released","Mar 1, 2026 12:07:00 AM PST"
"Mar 1, 2026 12:07:28 AM PST","25788732721","Order","113-7276332-4041032","311003-4J","VIVOSUN 6.5 Inch Gardening Scissors Hand Pruner Pruning Shear with Straight Stainless Steel Blades Orange 1-Pack","1","amazon.com","Standard Orders","Amazon","LOS ANGELES","CA","90057","MarketplaceFacilitator","6.49","0.63","0","0","0","0","0","0","0","0","-0.63","-0.97","-2.49","0","0","3.03","Released","Mar 1, 2026 12:07:28 AM PST"
"Mar 1, 2026 12:07:28 AM PST","25788732721","Order","113-0287922-4113037","311021-20x5NJ","VIVOSUN 5-Pack 20 Gallons Grow Bags Heavy Duty Thickened Nonwoven Fabric Pots with Strap Handles Tan","1","amazon.com","Standard Orders","Amazon","LA JOLLA","CA","92037","MarketplaceFacilitator","23.39","1.81","0","0","0","0","0","0","0","0","-1.81","-3.51","-7.14","0","0","12.74","Released","Mar 1, 2026 12:07:28 AM PST"
"Mar 1, 2026 12:07:45 AM PST","25788732721","Order","113-7303760-7415442","VSF-AWE6-G2x2","VIVOSUN AeroWave E6 Gen2, Grow Tent Clip Fan 6"", EC Motor, Smart Control, Powerful Oscillating Fan, Local Timer, Weatherproof IP54, for Hydroponics Ci","2","amazon.com","Standard Orders","Amazon","POST FALLS","ID","83854","MarketplaceFacilitator","151.98","9.12","0","0","0","0","0","0","0","0","-9.12","-22.80","-21.94","0","0","107.24","Released","Mar 1, 2026 12:07:45 AM PST"
"Mar 1, 2026 12:08:06 AM PST","25788732721","Order","111-1466881-1207412","VSA100-US","VIVOSUN AeroLight A100SE, LED Grow Light 100W with Integrated Circulation Fan, Compatible with App, Used with Growhub Controller E42A/E25 to Achieve M","1","amazon.com","Standard Orders","Amazon","HARTSDALE","NY","10530","MarketplaceFacilitator","109.99","9.21","0","0","0","0","0","0","0","0","-9.21","-16.50","-8.52","0","0","84.97","Released","Mar 1, 2026 12:08:06 AM PST"
"Mar 1, 2026 12:08:07 AM PST","25788732721","Order","112-4500781-2547428","332572J","VIVOSUN 800GPH Submersible Pump(3000L/H, 24W), Ultra Quiet Water Fountain Pump with 10ft. High Lift with 6.5ft. Power Cord, 3 Nozzles for Fish Tank, P","1","amazon.com","Standard Orders","Amazon","SAN MARINO","CA","91108","MarketplaceFacilitator","22.49","2.19","0","0","0","0","0","0","0","0","-2.19","-3.37","-5.80","0","0","13.32","Released","Mar 1, 2026 12:08:07 AM PST"
"Mar 1, 2026 12:08:15 AM PST","25788732721","Order","113-0031620-6356205","305131-PENJ","VIVOSUN Digital pH Meter, 0.01pH High Accuracy Pen Type pH Tester for Hydroponics, Household Drinking, Pool and Aquarium, Yellow, UL Certified","1","amazon.com","Standard Orders","Amazon","HILLSBOROUGH","NJ","08844","MarketplaceFacilitator","0","0","0","0","0","0","0","0","0","0","0","0","0","0","0","0","Released","Mar 1, 2026 12:08:15 AM PST"
"Mar 1, 2026 12:08:48 AM PST","25788732721","Order","112-6359654-6327408","VSV-IFM4","VIVOSUN M4 4-Inch Inline Duct Fan, 195 CFM Ventilation Fan with EC Motor, Adjustable Speed, Energy-efficient Vent Blower for HVAC, Grow Tent, Hydropon","1","amazon.com","Standard Orders","Amazon","KENOSHA","WI","53140","MarketplaceFacilitator","35.39","1.95","0","0","0","0","0","0","0","0","-1.95","-5.31","-7.30","0","0","22.78","Released","Mar 1, 2026 12:08:48 AM PST"
"Mar 1, 2026 12:08:57 AM PST","25788732721","Order","111-8361229-4948241","330101x2NJ","VIVOSUN 2 Pack Durable Waterproof Seedling Heat Mat 10"" x 20.75"" UL & MET-Certified Warm Hydroponic Heating Pad for Germination, Indoor Gardening, Gre","1","amazon.com","Standard Orders","Amazon","OMAHA","NE","68144","MarketplaceFacilitator","25.19","1.76","0","0","0","0","0","0","0","0","-1.76","-3.78","-5.57","0","0","15.84","Released","Mar 1, 2026 12:08:57 AM PST"
"Mar 1, 2026 12:09:11 AM PST","25788732721","Order","112-4044497-2766647","AP-25","VIVOSUN Commercial Air Pump 634GPH, 25W, 40L/min 6 Outlet for Aquarium and Hydroponic Systems","1","amazon.com","Standard Orders","Amazon","SPRING","TX","77373","MarketplaceFacilitator","35.99","2.97","1.00","0","0","0","0","0","-1.00","0","-2.97","-5.40","-6.12","0","0","24.47","Released","Mar 1, 2026 12:09:11 AM PST"
"Mar 1, 2026 12:09:26 AM PST","25788732721","Order","113-3806813-8145850","311001-20x5NJ","VIVOSUN 5-Pack 20 Gallon Plant Grow Bags, Heavy Duty Thickened Nonwoven Fabric Pots with Handles","1","amazon.com","Standard Orders","Amazon","EVANS","GA","30809","MarketplaceFacilitator","20.49","1.64","1.49","0","0","0","0","0","-1.49","0","-1.64","-3.07","-7.14","0","0","10.28","Released","Mar 1, 2026 12:09:26 AM PST"
"Mar 1, 2026 12:09:31 AM PST","25788732721","Order","113-2921922-9048241","330103CNJ","VIVOSUN 48"" x 20.75"" Seedling Heat Mat and Digital Thermostat Combo Set, UL & MET-Certified Warm Hydroponic Heating Pad for Germination, Indoor Garden","2","amazon.com","Standard Orders","Amazon","Glen Arm Md","Md","21057","MarketplaceFacilitator","113.98","6.84","0","0","0","0","0","0","0","0","-6.84","-17.10","-17.38","0","0","79.50","Released","Mar 1, 2026 12:09:31 AM PST"
"Mar 1, 2026 12:09:32 AM PST","25788732721","Order","113-4857418-8708235","SPray-2L-BG","VIVOSUN 0.5Gal Handheld Garden Sprayer, 2L Pump Sprayer, 68 Oz Water Spray Bottle with Safety Valve, Adjustable Nozzle, Extended Spray Rod & Additiona","1","amazon.com","Standard Orders","Amazon","CLOVIS","CA","93611","MarketplaceFacilitator","19.79","1.78","1.50","0","0","0","0","0","-1.50","0","-1.78","-2.97","-6.82","0","0","10.00","Released","Mar 1, 2026 12:09:32 AM PST"
"Mar 1, 2026 12:09:44 AM PST","25788732721","Order","111-6659154-3290663","330103CNJ","VIVOSUN 48"" x 20.75"" Seedling Heat Mat and Digital Thermostat Combo Set, UL & MET-Certified Warm Hydroponic Heating Pad for Germination, Indoor Garden","2","amazon.com","Standard Orders","Amazon","REISTERSTOWN","MD","21136","MarketplaceFacilitator","113.98","6.84","0","0","0","0","0","0","0","0","-6.84","-17.10","-17.38","0","0","79.50","Released","Mar 1, 2026 12:09:44 AM PST"
"Mar 1, 2026 12:09:58 AM PST","25788732721","Order","112-5665120-4187450","VS-THB1S","VIVOSUN AeroLab THB1S Wireless Bluetooth Hygrometer Thermometer Indoor, VPD, Digital Temp Humidity Meter, LCD Smart App Control & Alert, Data Storage,","1","amazon.com","Standard Orders","Amazon","OMAHA","NE","68137","MarketplaceFacilitator","18.04","1.26","0","0","0","0","0","0","0","0","-1.26","-2.71","-4.06","0","0","11.27","Released","Mar 1, 2026 12:09:58 AM PST"
"Mar 1, 2026 12:10:02 AM PST","25788732721","Order","113-4511753-9682624","VSF-AWE6-G2x2","VIVOSUN AeroWave E6 Gen2, Grow Tent Clip Fan 6"", EC Motor, Smart Control, Powerful Oscillating Fan, Local Timer, Weatherproof IP54, for Hydroponics Ci","1","amazon.com","Standard Orders","Amazon","GERMANTOWN","OH","45327","MarketplaceFacilitator","75.99","5.70","0","0","0","0","0","0","0","0","-5.70","-11.40","-10.97","0","0","53.62","Released","Mar 1, 2026 12:10:02 AM PST"
"Mar 1, 2026 12:10:06 AM PST","25788732721","Order","112-0878797-6723469","GH-0004","VIVOSUN Portable Mini Greenhouse 94.5x36x36-Inch Tunnels, PE Cover with Roll-up Zipper Door, for Indoor Outdoor or Garden Plant Growing","1","amazon.com","Standard Orders","Amazon","ROSEDALE","MD","21237","MarketplaceFacilitator","45.11","2.71","0","0","0","0","0","0","0","0","-2.71","-6.77","-13.15","0","0","25.19","Released","Mar 1, 2026 12:10:06 AM PST"
"Mar 1, 2026 12:10:19 AM PST","25788732721","Order","112-7918476-1016242","311003-4J","VIVOSUN 6.5 Inch Gardening Scissors Hand Pruner Pruning Shear with Straight Stainless Steel Blades Orange 1-Pack","2","amazon.com","Standard Orders","Amazon","MCKINNEY","TX","75070","MarketplaceFacilitator","12.98","1.08","1.50","0.12","0","0","0","0","0","0","-1.20","-1.94","-6.40","0","0","6.14","Released","Mar 1, 2026 12:10:19 AM PST"
"Mar 1, 2026 12:10:22 AM PST","25788732721","Order","113-5054340-7977836","330101CNJ","VIVOSUN 10""x 20.75"" Seedling Heat Mat and Digital Thermostat Combo Set, UL & MET-Certified Warm Hydroponic Heating Pad for Germination, Indoor Gardeni","1","amazon.com","Standard Orders","Amazon","LINCOLN","NE","68502","MarketplaceFacilitator","24.79","1.80","0","0","0","0","0","0","0","0","-1.80","-3.72","-5.47","0","0","15.60","Released","Mar 1, 2026 12:10:22 AM PST"
"Mar 1, 2026 12:10:54 AM PST","25788732721","Order","113-9531209-1145834","GB0101-2J","VIVOSUN 2-Pack 5 Tier Vertical Gardening Stackable Planter for Strawberries, Flowers, Herbs, Vegetables, Brown","1","amazon.com","Standard Orders","Amazon","HAGERSTOWN","MD","21740","MarketplaceFacilitator","55.99","3.36","0","0","0","0","0","0","0","0","-3.36","-8.40","-13.63","0","0","33.96","Released","Mar 1, 2026 12:10:54 AM PST"
"Mar 1, 2026 12:11:03 AM PST","25788732721","Order","111-2350217-1674666","330101NJ","VIVOSUN Durable Waterproof Seedling Heat Mat 10"" x 20.75"" UL & MET-Certified Warm Hydroponic Heating Pad for Germination, Indoor Gardening, Greenhouse","1","amazon.com","Standard Orders","Amazon","REDLANDS","CA","92373","MarketplaceFacilitator","14.99","1.31","0","0","0","0","0","0","0","0","-1.31","-2.25","-4.60","0","0","8.14","Released","Mar 1, 2026 12:11:03 AM PST"
"Mar 1, 2026 12:11:24 AM PST","25788732721","Order","113-1134838-5846644","WC-002","VIVOSUN 15-Amp Electric Wood Chipper Shredder with 1.57"" Hopper & 50L Collection Bag, Includes Plunger, Extra Carbon Blades, Safety Goggles & Gloves f","1","amazon.com","Standard Orders","Amazon","WINCHESTER","VA","22601","MarketplaceFacilitator","69.99","3.71","0","0","0","0","0","0","0","0","-3.71","-10.50","-18.95","0","0","40.54","Released","Mar 1, 2026 12:11:24 AM PST"
"Mar 1, 2026 12:11:57 AM PST","25788732721","Order","113-2505751-8239435","TN-55","VIVOSUN 5 x 5Ft. Elastic Trellis Netting with 4 Hooks for Climbing Plants, Vegetables, Fruits, and Flowers, 1-Pack","5","amazon.com","Standard Orders","Amazon","WARNER SPRINGS","CA","92086","MarketplaceFacilitator","79.95","6.20","0","0","0","0","0","0","0","0","-6.20","-12.00","-22.60","0","0","45.35","Released","Mar 1, 2026 12:11:57 AM PST"
"Mar 1, 2026 12:12:10 AM PST","25788732721","Order","114-2417721-7585845","SPray-15L-RJ","VIVOSUN 50oz Pump Sprayer, Handheld Garden Water Sprayer Bottle with Adjustable Brass Nozzle, for Spraying Plants, Flowers, Weeds and Cleaning, Red","1","amazon.com","Standard Orders","Amazon","KANSAS CITY","MO","64151","MarketplaceFacilitator","17.99","1.57","0","0","0","0","0","0","0","0","-1.57","-2.70","-6.98","0","0","8.31","Released","Mar 1, 2026 12:12:10 AM PST"
"Mar 1, 2026 12:12:10 AM PST","25788732721","Order","114-0043768-3725011","SPray-OR-8L","VIVOSUN 2.1Gal/8L Pump Pressure Sprayer, Pressurized Water Spray Bottle with Adjustable Shoulder Strap, Adjustable Nozzle, Safety Valve & Additional S","1","amazon.com","Standard Orders","Amazon","ARLINGTON","VA","22204","MarketplaceFacilitator","28.79","1.73","0","0","0","0","0","0","0","0","-1.73","-4.32","-12.27","0","0","12.20","Released","Mar 1, 2026 12:12:10 AM PST"
"Mar 1, 2026 12:12:18 AM PST","25788732721","Order","111-7181173-4143457","332572J","VIVOSUN 800GPH Submersible Pump(3000L/H, 24W), Ultra Quiet Water Fountain Pump with 10ft. High Lift with 6.5ft. Power Cord, 3 Nozzles for Fish Tank, P","1","amazon.com","Standard Orders","Amazon","TUCSON","AZ","85747","MarketplaceFacilitator","22.49","1.96","0","0","0","0","0","0","0","0","-1.96","-3.37","-5.80","0","0","13.32","Released","Mar 1, 2026 12:12:18 AM PST"
"Mar 1, 2026 12:12:27 AM PST","25788732721","Order","114-8921644-9822641","311001-7x5NJ","VIVOSUN 5-Pack 7 Gallon Plant Grow Bags, Heavy Duty Thickened Nonwoven Fabric Pots with Handles","1","amazon.com","Standard Orders","Amazon","NEW BRAUNFELS","TX","78130","MarketplaceFacilitator","16.19","1.34","1.49","0","0","0","0","0","-1.49","0","-1.34","-2.43","-5.71","0","0","8.05","Released","Mar 1, 2026 12:12:27 AM PST"
"Mar 1, 2026 12:12:27 AM PST","25788732721","Order","112-6501541-8737815","330103NJ","VIVOSUN Durable Waterproof Seedling Heat Mat 48"" x 20.75"" UL & MET-Certified Warm Hydroponic Heating Pad for Germination, Indoor Gardening, Greenhouse","1","amazon.com","Standard Orders","Amazon","MECHANICSVILLE","VA","23111","MarketplaceFacilitator","39.09","2.35","0","0","0","0","0","0","0","0","-2.35","-5.86","-9.82","0","0","23.41","Released","Mar 1, 2026 12:12:27 AM PST"
"Mar 1, 2026 12:12:28 AM PST","25788732721","Order","112-6082425-7254602","VSH-IS03","VIVOSUN Solar Automatic Drip Irrigation Kits with Timer, 3W Output, Solar Powered Auto Drip Irrigation System, 15 Pots Garden Plant Watering System, P","1","amazon.com","Standard Orders","Amazon","HOUSTON","TX","77056","MarketplaceFacilitator","49.99","4.12","0","0","0","0","0","0","0","0","-4.12","-7.50","-5.93","0","0","36.56","Released","Mar 1, 2026 12:12:28 AM PST"
"Mar 1, 2026 12:12:32 AM PST","25788732721","Order","113-9435515-2079418","330101NJ","VIVOSUN Durable Waterproof Seedling Heat Mat 10"" x 20.75"" UL & MET-Certified Warm Hydroponic Heating Pad for Germination, Indoor Gardening, Greenhouse","1","amazon.com","Standard Orders","Amazon","LINCOLN","NE","68512","MarketplaceFacilitator","14.99","1.09","0","0","0","0","0","0","0","0","-1.09","-2.25","-4.52","0","0","8.22","Released","Mar 1, 2026 12:12:32 AM PST"
"Mar 1, 2026 12:12:51 AM PST","25788732721","Order","112-5091713-6956243","NB-001J","VIVOSUN Liquid Nutrients Base A & B Bundle, Grow Big Hydroponic Fertilizer, Supports Vegetative and Flowering Stages for Outdoor, Indoor Plants, Best","1","amazon.com","Standard Orders","Amazon","CIBOLO","TX","78108","MarketplaceFacilitator","35.99","2.97","1.50","0","0","0","0","0","-1.50","0","-2.97","-5.40","-7.46","0","0","23.13","Released","Mar 1, 2026 12:12:51 AM PST"
"Mar 1, 2026 12:12:51 AM PST","25788732721","Order","112-5091713-6956243","VSN-CAMGIR32J","VIVOSUN Cal+Mag+Iron (2-0-0), Calcium, Magnesium & Iron Supplement, Liquid Nutrient Fertilizer for All Plants, Concentrated Plant Food for Soil/Soille","1","amazon.com","Standard Orders","Amazon","CIBOLO","TX","78108","MarketplaceFacilitator","26.99","2.23","1.49","0","0","0","0","0","-1.49","0","-2.23","-4.05","-6.12","0","0","16.82","Released","Mar 1, 2026 12:12:51 AM PST"
"Mar 1, 2026 12:13:04 AM PST","25788732721","Order","114-9834782-3341000","LH-001-2","VIVOSUN 2-Pair 1/8 Inch Adjustable Grow Light Hanger, Heavy Duty Rope Hanger with Reinforced Metal Gears, 8Ft. Long and 150 lbs Weight Capacity Rope f","1","amazon.com","Standard Orders","Amazon","Kansas city","Missouri","64108","MarketplaceFacilitator","13.99","1.05","0","0","0","0","0","0","0","0","-1.05","-2.10","-4.13","0","0","7.76","Released","Mar 1, 2026 12:13:04 AM PST"
"Mar 1, 2026 12:13:08 AM PST","25788732721","Order","113-0125285-7145848","311003-4J","VIVOSUN 6.5 Inch Gardening Scissors Hand Pruner Pruning Shear with Straight Stainless Steel Blades Orange 1-Pack","1","amazon.com","Standard Orders","Amazon","WAXAHACHIE","TX","75165","MarketplaceFacilitator","6.49","0.54","0","0","0","0","0","0","0","0","-0.54","-0.97","-2.49","0","0","3.03","Released","Mar 1, 2026 12:13:08 AM PST"
"Mar 1, 2026 12:13:20 AM PST","25788732721","Order","112-8922333-9206625","VSV-IFP4C","VIVOSUN 4"" Inline Booster Duct Fan with Speed Regulator, 130 CFM Quiet Exhaust Fan for HVAC Ventilation in Grow Tents, Basements, Bathrooms, Kitchens,","1","amazon.com","Standard Orders","Amazon","FESTUS","MO","63028","MarketplaceFacilitator","25.39","1.07","0","0","0","0","0","0","0","0","-1.07","-3.81","-5.42","0","0","16.16","Released","Mar 1, 2026 12:13:20 AM PST"
"Mar 1, 2026 12:13:20 AM PST","25788732721","Order","112-8922333-9206625","VSF-AWD4Wx2","VIVOSUN AeroWave D4, 4"" Grow Tent Clip Fan with Detachable Hook, 3-Speed Strong & Quiet Airflow, Adjustable Airflow Angle for Hydroponics, Circulation","1","amazon.com","Standard Orders","Amazon","FESTUS","MO","63028","MarketplaceFacilitator","32.99","1.39","0","0","0","0","0","0","0","0","-1.39","-4.95","-5.33","0","0","22.71","Released","Mar 1, 2026 12:13:20 AM PST"
"Mar 1, 2026 12:13:20 AM PST","25788732721","Order","112-8922333-9206625","311001-3x5NJ","VIVOSUN 5-Pack 3 Gallon Plant Grow Bags Heavy Duty Thickened Nonwoven Fabric Pots with Handles","1","amazon.com","Standard Orders","Amazon","FESTUS","MO","63028","MarketplaceFacilitator","13.49","0.57","0","0","0","0","0","0","0","0","-0.57","-2.02","-4.95","0","0","6.52","Released","Mar 1, 2026 12:13:20 AM PST"
"Mar 1, 2026 12:13:20 AM PST","25788732721","Order","111-9646621-6901820","311003-4J","VIVOSUN 6.5 Inch Gardening Scissors Hand Pruner Pruning Shear with Straight Stainless Steel Blades Orange 1-Pack","1","amazon.com","Standard Orders","Amazon","UNION CITY","NJ","07087","MarketplaceFacilitator","6.49","0.43","0","0","0","0","0","0","0","0","-0.43","-0.97","-2.49","0","0","3.03","Released","Mar 1, 2026 12:13:20 AM PST"
"Mar 1, 2026 12:13:24 AM PST","25788732721","Order","114-2711932-6742646","311001-25x5NJ","VIVOSUN 5-Pack 25 Gallon Plant Grow Bags, Heavy Duty Thickened Nonwoven Fabric Pots with Handles","1","amazon.com","Standard Orders","Amazon","SAN ANTONIO","TX","78247","MarketplaceFacilitator","23.39","1.93","1.49","0","0","0","0","0","-1.49","0","-1.93","-3.51","-6.98","0","0","12.90","Released","Mar 1, 2026 12:13:24 AM PST"
"Mar 1, 2026 12:13:36 AM PST","25788732721","Order","113-7624426-4139407","VSF-AWE9","VIVOSUN AeroWave E9 Grow Tent Fan 9"", EC Motor, WiFi-Controllable, US Patented Auto Oscillating Clip fan, IP54 Weatherproof, Strong Airflow & Quiet fo","1","amazon.com","Standard Orders","Amazon","SANGER","TX","76266","MarketplaceFacilitator","59.99","4.95","2.99","0","0","0","0","0","-2.99","0","-4.95","-9.00","-8.28","0","0","42.71","Released","Mar 1, 2026 12:13:36 AM PST"
"Mar 1, 2026 12:14:09 AM PST","25788732721","Order","111-4520447-0853855","VSF-R410-W","VIVOSUN Quiet Register Booster Fan for &#x1D7D2;"" &#x1D431;&#x1D7CF;&#x1D7CE;"" Holes, Cooling Heating Vent with Intelligent Thermostat Control, 10-Spe","1","amazon.com","Standard Orders","Amazon","Severna Park","MD","21146","MarketplaceFacilitator","25.99","1.56","0","0","0","0","0","0","0","0","-1.56","-3.90","-5.80","0","0","16.29","Released","Mar 1, 2026 12:14:09 AM PST"
"Mar 1, 2026 12:14:10 AM PST","25788732721","Order","113-4914911-1075438","DT-001X2J","VIVOSUN 7 Day Programmable Digital Timer with Dual Outlet, 20 On/Off UL Listed Heavy Duty Plug-in Outlet Timer with Countdown Setting, Indoor for Lamp","1","amazon.com","Standard Orders","Amazon","RIALTO","CA","92376","MarketplaceFacilitator","24.99","1.74","0","0","0","0","0","0","-2.50","0","-1.74","-3.37","-4.13","0","0","14.99","Released","Mar 1, 2026 12:14:10 AM PST"
"Mar 1, 2026 12:14:15 AM PST","25788732721","Order","113-4486911-5037001","LR-0001","VIVOSUN 2-Piece Leaf Rake Set - Adjustable Garden/Camping Rake with 15/9 Tines, Collapsing Tines & Telescopic Handle (64'' & 30'')","1","amazon.com","Standard Orders","Amazon","MESA","AZ","85212","MarketplaceFacilitator","17.99","1.49","0","0","0","0","0","0","0","0","-1.49","-2.70","-9.07","0","0","6.22","Released","Mar 1, 2026 12:14:15 AM PST"
"Mar 1, 2026 12:14:20 AM PST","25788732721","Order","113-8446213-2473046","SPray-2L-BG","VIVOSUN 0.5Gal Handheld Garden Sprayer, 2L Pump Sprayer, 68 Oz Water Spray Bottle with Safety Valve, Adjustable Nozzle, Extended Spray Rod & Additiona","1","amazon.com","Standard Orders","Amazon","HOUSTON","TX","77036","MarketplaceFacilitator","19.79","1.63","5.79","0","0","0","0","0","-5.79","0","-1.63","-2.97","-6.82","0","0","10.00","Released","Mar 1, 2026 12:14:20 AM PST"
"Mar 1, 2026 12:14:30 AM PST","25788732721","Order","112-7150840-2935403","RP-001","VIVOSUN Self-Watering Planters, 4-Pack 10.5 Inch Compact Rectangular Window Herb Planter Box with 10 PCS Plant Labels, Plant Container for Basil, Flow","1","amazon.com","Standard Orders","Amazon","GREENFIELD","WI","53228","MarketplaceFacilitator","26.99","1.59","0","0","0","0","0","0","0","0","-1.59","-4.05","-7.62","0","0","15.32","Released","Mar 1, 2026 12:14:30 AM PST"
"Mar 1, 2026 12:14:40 AM PST","25788732721","Order","112-0766002-1767411","330101NJ","VIVOSUN Durable Waterproof Seedling Heat Mat 10"" x 20.75"" UL & MET-Certified Warm Hydroponic Heating Pad for Germination, Indoor Gardening, Greenhouse","1","amazon.com","Standard Orders","Amazon","MENTOR","OH","44060","MarketplaceFacilitator","14.99","1.09","1.50","0","0","0","0","0","-1.50","0","-1.09","-2.25","-4.52","0","0","8.22","Released","Mar 1, 2026 12:14:40 AM PST"
"Mar 1, 2026 12:14:40 AM PST","25788732721","Order","112-7644088-9689064","305140-PEN","VIVOSUN Digital pH and TDS Meter Kits, 0.01pH High Accuracy Pen Type pH Meter ± 2% Readout Accuracy 3-in-1 TDS EC Temperature Meter for Hydroponics,","1","amazon.com","Standard Orders","Amazon","SIDNEY","OH","45365","MarketplaceFacilitator","18.04","1.31","0","0","0","0","0","0","0","0","-1.31","-2.16","-4.42","0","0","11.46","Released","Mar 1, 2026 12:14:40 AM PST"
"Mar 1, 2026 12:14:50 AM PST","25788732721","Order","114-2240422-2195463","PP-30-1","VIVOSUN Peat Pots, 30 Packs 3.15-Inch Seed Starting Pots with Drainage Holes, Round Nursery Pot, 20 Plant Labels for Flowers, Plants, Vegetables, 30Pc","1","amazon.com","Standard Orders","Amazon","MONTCLAIR","NJ","07043","MarketplaceFacilitator","9.99","0.66","0","0","0","0","0","0","0","0","-0.66","-1.50","-3.78","0","0","4.71","Released","Mar 1, 2026 12:14:50 AM PST"
"Mar 1, 2026 12:14:57 AM PST","25788732721","Order","112-3920606-7872247","311001-15x5NJ","VIVOSUN 5-Pack 15 Gallon Plant Grow Bags, Heavy Duty Thickened Nonwoven Fabric Pots with Handles","1","amazon.com","Standard Orders","Amazon","SPRING HILL","TN","37174","MarketplaceFacilitator","19.79","1.93","1.00","0","0","0","0","0","-1.00","0","-1.93","-2.97","-6.12","0","0","10.70","Released","Mar 1, 2026 12:14:57 AM PST"
"Mar 1, 2026 12:14:57 AM PST","25788732721","Order","112-2475914-9272243","306104-48J","VIVOSUN 4"" Flexible Aluminum Ducting, 8FT Air Duct Hose with 2 Clamps, Heavy-Duty Multi-Layer Dryer Vent Hose for Heating Cooling Ventilation and Duct","1","amazon.com","Standard Orders","Amazon","TAZEWELL","TN","37879","MarketplaceFacilitator","14.24","1.32","0","0","0","0","0","0","0","0","-2.64","-4.28","-4.95","0","0","3.69","Released","Mar 1, 2026 12:14:57 AM PST"
"Mar 1, 2026 12:14:57 AM PST","25788732721","Order","112-2475914-9272243","306104-48J","VIVOSUN 4"" Flexible Aluminum Ducting, 8FT Air Duct Hose with 2 Clamps, Heavy-Duty Multi-Layer Dryer Vent Hose for Heating Cooling Ventilation and Duct","1","amazon.com","Standard Orders","Amazon","TAZEWELL","TN","37879","","14.24","1.32","0","0","0","0","0","0","0","0","0","0","-4.95","0","0","10.61","Released","Mar 1, 2026 12:14:57 AM PST"
"Mar 1, 2026 12:15:07 AM PST","25788732721","Order","113-6180370-6065862","VSGB-25","VIVOSUN 5-Pack 25 Gallon Grow Bags, 500G Thick Nonwoven Fabric Pots with Strap Handles, Multi-Purpose Rings, for Low Stress Plant Training Fruits, Veg","2","amazon.com","Standard Orders","Amazon","GRIFFIN","GA","30224","MarketplaceFacilitator","57.98","4.06","0","0","0","0","0","0","0","0","-4.06","-8.70","-16.04","0","0","33.24","Released","Mar 1, 2026 12:15:07 AM PST"
"Mar 1, 2026 12:15:13 AM PST","25788732721","Order","114-3302544-5936259","311021-30x5J","VIVOSUN 5-Pack 30 Gallons Grow Bags Heavy Duty Thickened Nonwoven Fabric Pots with Strap Handles Tan","1","amazon.com","Standard Orders","Amazon","LOCUST GROVE","GA","30248","MarketplaceFacilitator","26.09","2.09","0","0","0","0","0","0","0","0","-2.09","-3.91","-7.14","0","0","15.04","Released","Mar 1, 2026 12:15:13 AM PST"
"Mar 1, 2026 12:15:23 AM PST","25788732721","Order","111-0762862-6153844","VSV-WVK2","VIVOSUN Window Duct Kit, Portable AC Window Seal Kit with 5.9"" Diameter 59"" Length Hose, Fit with 4""/6"" Ducting for Sliding Window, Adjustable AC Vent","1","amazon.com","Standard Orders","Amazon","Clovis","CA","93619","MarketplaceFacilitator","35.99","3.23","2.99","0","0","0","0","0","-2.99","0","-3.23","-5.40","-8.26","0","0","22.33","Released","Mar 1, 2026 12:15:23 AM PST"
"Mar 1, 2026 12:15:37 AM PST","25788732721","Order","113-8015067-7788206","311001-20x5NJ","VIVOSUN 5-Pack 20 Gallon Plant Grow Bags, Heavy Duty Thickened Nonwoven Fabric Pots with Handles","1","amazon.com","Standard Orders","Amazon","OAK CREEK","WI","53154","MarketplaceFacilitator","20.49","1.21","0","0","0","0","0","0","0","0","-1.21","-3.07","-7.14","0","0","10.28","Released","Mar 1, 2026 12:15:37 AM PST"
"Mar 1, 2026 12:15:43 AM PST","25788732721","Order","112-1434300-1641818","311001-5x5NJ","VIVOSUN 5-Pack 5 Gallon Grow Bags Heavy Duty 300G Thickened Nonwoven Plant Fabric Pots with Handles","1","amazon.com","Standard Orders","Amazon","CLIFFWOOD","NJ","07721","MarketplaceFacilitator","14.39","0.95","1.50","0","0","0","0","0","-1.50","0","-0.95","-2.16","-5.47","0","0","6.76","Released","Mar 1, 2026 12:15:43 AM PST"
"Mar 1, 2026 12:15:49 AM PST","25788732721","Order","114-0394489-9261836","VSA200SE","VIVOSUN AeroLight Wing AW200SE, LED Grow Light 200W with Integrated Circulation Fan, Compatible with App, Used with Growhub Controller E42A/E25 to Ach","1","amazon.com","Standard Orders","Amazon","KNOXVILLE","TN","37932","MarketplaceFacilitator","139.99","11.65","0","0","0","0","0","0","-14.00","0","-11.65","-18.90","-9.63","0","0","97.46","Released","Mar 1, 2026 12:15:49 AM PST"
"Mar 1, 2026 12:16:00 AM PST","25788732721","Order","114-7186879-3280254","AP-25","VIVOSUN Commercial Air Pump 634GPH, 25W, 40L/min 6 Outlet for Aquarium and Hydroponic Systems","1","amazon.com","Standard Orders","Amazon","TRACY","CA","95377","MarketplaceFacilitator","35.99","2.97","0","0","0","0","0","0","0","0","-2.97","-5.40","-6.12","0","0","24.47","Released","Mar 1, 2026 12:16:00 AM PST"
"Mar 1, 2026 12:16:04 AM PST","25788732721","Order","113-3812507-6107451","SPray-30LJ","VIVOSUN 0.8-Gallon Pump Pressure Sprayer, Pressurized Lawn & Garden Water Spray Bottle with Adjustable Shoulder Strap, for Spraying Plants, Garden Wat","1","amazon.com","Standard Orders","Amazon","LOGAN","UT","84321","MarketplaceFacilitator","24.99","1.82","0","0","0","0","0","0","0","0","-1.82","-3.75","-7.62","0","0","13.62","Released","Mar 1, 2026 12:16:04 AM PST"
"Mar 1, 2026 12:16:19 AM PST","25788732721","Order","113-7661395-7779461","VSV-IFP6C","VIVOSUN 6"" Inline Booster Duct Fan with Speed Regulator, 345 CFM Quiet Exhaust Fan for HVAC Ventilation in Grow Tents, Basements, Bathrooms, Kitchens,","1","amazon.com","Standard Orders","Amazon","QUINCY","FL","32352","MarketplaceFacilitator","28.79","2.16","0.75","0","0","0","0","0","-0.75","0","-2.16","-4.32","-6.82","0","0","17.65","Released","Mar 1, 2026 12:16:19 AM PST"
"Mar 1, 2026 12:16:20 AM PST","25788732721","Order","111-3711459-1165018","311001-15x5NJ","VIVOSUN 5-Pack 15 Gallon Plant Grow Bags, Heavy Duty Thickened Nonwoven Fabric Pots with Handles","1","amazon.com","Standard Orders","Amazon","SAN ANTONIO","TX","78260","MarketplaceFacilitator","19.79","1.63","0","0","0","0","0","0","0","0","-1.63","-2.97","-6.12","0","0","10.70","Released","Mar 1, 2026 12:16:20 AM PST"
"Mar 1, 2026 12:16:20 AM PST","25788732721","Order","114-1431314-7421019","VSL-T52F-4","VIVOSUN 2ft Grow Lights for Indoor Plants Full Spectrum, LED Plant Lights 60W(4 X 15W), T5 Grow Light Strip for Seed Starting, Greenhouse, Hydroponics","1","amazon.com","Standard Orders","Amazon","GETTYSBURG","PA","17325","MarketplaceFacilitator","35.99","2.16","0","0","0","0","0","0","0","0","-2.16","-5.40","-9.44","0","0","21.15","Released","Mar 1, 2026 12:16:20 AM PST"
"Mar 1, 2026 12:16:25 AM PST","25788732721","Order","111-5922896-5430615","306109-4C","VIVOSUN 4'' Flexible Aluminum Duct, 25 FT Long Heavy-Duty Multi-Layer Air Hose for HVAC Ventilation, Dryer Vent Hose for Grow Tents and Duct Fan Syste","1","amazon.com","Standard Orders","Amazon","Lincoln","RI","02865","MarketplaceFacilitator","20.89","1.46","0","0","0","0","0","0","0","0","-1.46","-3.13","-6.67","0","0","11.09","Released","Mar 1, 2026 12:16:25 AM PST"
"Mar 1, 2026 12:16:25 AM PST","25788732721","Order","112-7939559-4650638","VSE-ASH05","VIVOSUN AeroStream H05 Intelligent Wi-Fi Humidifier, 1.32 Gal / 5 L Humidifier with Temp & Humidity Probe, Smart Remote Control, Designed for Growers","1","amazon.com","Standard Orders","Amazon","COON RAPIDS","MN","55448","MarketplaceFacilitator","59.99","4.87","0.29","0","0","0","0","0","-0.29","0","-4.87","-9.00","-9.70","0","0","41.29","Released","Mar 1, 2026 12:16:25 AM PST"
"Mar 1, 2026 12:16:34 AM PST","25788732721","Order","112-1942455-0437851","NB-001J","VIVOSUN Liquid Nutrients Base A & B Bundle, Grow Big Hydroponic Fertilizer, Supports Vegetative and Flowering Stages for Outdoor, Indoor Plants, Best","1","amazon.com","Standard Orders","Amazon","VESTAVIA","AL","35216","MarketplaceFacilitator","35.99","2.88","0","0","0","0","0","0","0","0","-2.88","-5.40","-7.46","0","0","23.13","Released","Mar 1, 2026 12:16:34 AM PST"
"Mar 1, 2026 12:16:36 AM PST","25788732721","Order","114-3075385-9172223","330101x2NJ","VIVOSUN 2 Pack Durable Waterproof Seedling Heat Mat 10"" x 20.75"" UL & MET-Certified Warm Hydroponic Heating Pad for Germination, Indoor Gardening, Gre","1","amazon.com","Standard Orders","Amazon","SUSSEX","WI","53089","MarketplaceFacilitator","25.19","1.26","1.49","0","0","0","0","0","-1.49","0","-1.26","-3.78","-5.57","0","0","15.84","Released","Mar 1, 2026 12:16:36 AM PST"
"Mar 1, 2026 12:17:04 AM PST","25788732721","Order","111-7091850-4995466","305130-PEN","VIVOSUN Digital pH and TDS Meter Kits, 0.01pH High Accuracy Pen Type pH Meter ± 2% Readout Accuracy 3-in-1 TDS EC Temperature Meter for Hydroponics,","1","amazon.com","Standard Orders","Amazon","PLEASANTON","CA","94566","MarketplaceFacilitator","15.19","1.56","0","0","0","0","0","0","0","0","-1.56","-1.82","-3.65","0","0","9.72","Released","Mar 1, 2026 12:17:04 AM PST"
"Mar 1, 2026 12:17:20 AM PST","25788732721","Order","114-9099898-5814629","VSF-AWD4x2","VIVOSUN AeroWave D4, 4"" Grow Tent Clip Fan with Detachable Hook, 3-Speed Strong & Quiet Airflow, Adjustable Airflow Angle for Hydroponics, Circulation","1","amazon.com","Standard Orders","Amazon","GILBERT","AZ","85233","MarketplaceFacilitator","37.99","3.15","0.75","0","0","0","0","0","-0.75","0","-3.15","-5.70","-5.33","0","0","26.96","Released","Mar 1, 2026 12:17:20 AM PST"
"Mar 1, 2026 12:17:20 AM PST","25788732721","Order","113-5254379-8045065","VSA100SE","VIVOSUN AeroLight A100SE, LED Grow Light 100W with Integrated Circulation Fan, Compatible with App, Used with Growhub Controller E42A/E25 to Achieve M","1","amazon.com","Standard Orders","Amazon","WILLISTON","ND","58801","MarketplaceFacilitator","98.99","5.94","0","0","0","0","0","0","0","0","-5.94","-14.85","-7.96","0","0","76.18","Released","Mar 1, 2026 12:17:20 AM PST"
"Mar 1, 2026 12:17:41 AM PST","25788732721","Order","113-9989534-1692249","VSF-AWE6-G2","VIVOSUN AeroWave E6 Gen2, Grow Tent Clip Fan 6"", EC Motor, Smart Control, Powerful Oscillating Fan, Local Timer, Weatherproof IP54, for Hydroponics Ci","1","amazon.com","Standard Orders","Amazon","WILLISTON","ND","58801","MarketplaceFacilitator","46.99","2.82","0","0","0","0","0","0","0","0","-2.82","-7.05","-7.38","0","0","32.56","Released","Mar 1, 2026 12:17:41 AM PST"
"Mar 1, 2026 12:17:56 AM PST","25788732721","Order","113-4118368-3548247","311021-3x5J","VIVOSUN 5-Pack 3 Gallons Grow Bags Heavy Duty Thickened Nonwoven Fabric Pots with Strap Handles Tan","2","amazon.com","Standard Orders","Amazon","LANCASTER","OH","43130","MarketplaceFacilitator","28.78","1.94","0","0","0","0","0","0","0","0","-1.94","-4.32","-9.90","0","0","14.56","Released","Mar 1, 2026 12:17:56 AM PST"
"Mar 1, 2026 12:18:02 AM PST","25788732721","Order","114-0325180-9770614","330101NJ","VIVOSUN Durable Waterproof Seedling Heat Mat 10"" x 20.75"" UL & MET-Certified Warm Hydroponic Heating Pad for Germination, Indoor Gardening, Greenhouse","1","amazon.com","Standard Orders","Amazon","Temecula","CA","92592","MarketplaceFacilitator","14.99","1.31","0","0","0","0","0","0","0","0","-1.31","-2.25","-4.60","0","0","8.14","Released","Mar 1, 2026 12:18:02 AM PST"
"Mar 1, 2026 12:18:18 AM PST","25788732721","Order","111-8431245-2041848","330701-01J","VIVOSUN Heavy-duty Polyester Plant Trellis Netting 5 x 15ft, 1 Pack","1","amazon.com","Standard Orders","Amazon","LEWIS CENTER","OH","43035","MarketplaceFacilitator","6.49","0.45","0","0","0","0","0","0","0","0","-0.45","-0.97","-2.45","0","0","3.07","Released","Mar 1, 2026 12:18:18 AM PST"
"Mar 1, 2026 12:18:24 AM PST","25788732721","Order","114-3369303-5187416","330101CNJ","VIVOSUN 10""x 20.75"" Seedling Heat Mat and Digital Thermostat Combo Set, UL & MET-Certified Warm Hydroponic Heating Pad for Germination, Indoor Gardeni","1","amazon.com","Standard Orders","Amazon","SEATTLE","WA","98178","MarketplaceFacilitator","24.79","2.55","1.01","0","0","0","0","0","-1.01","0","-2.55","-3.72","-5.47","0","0","15.60","Released","Mar 1, 2026 12:18:24 AM PST"
"Mar 1, 2026 12:18:40 AM PST","25788732721","Order","114-2979833-0855465","305130-PEN","VIVOSUN Digital pH and TDS Meter Kits, 0.01pH High Accuracy Pen Type pH Meter ± 2% Readout Accuracy 3-in-1 TDS EC Temperature Meter for Hydroponics,","1","amazon.com","Standard Orders","Amazon","SEGUIN","TX","78155","MarketplaceFacilitator","15.19","1.25","0","0","0","0","0","0","0","0","-1.25","-1.82","-3.65","0","0","9.72","Released","Mar 1, 2026 12:18:40 AM PST"
"Mar 1, 2026 12:18:48 AM PST","25788732721","Order","111-4425283-8933824","WB-47-2","VIVOSUN 47-Gallon Collapsible Garden Bag, Yard Waste Bin with Hard-Shell Bottom, Leaf Scoops and Gloves, Collapsible Yard Waste Containers for Lawn Ca","1","amazon.com","Standard Orders","Amazon","CLERMONT","FL","34711","MarketplaceFacilitator","60.29","4.22","0","0","0","0","0","0","0","0","-4.22","-9.04","-16.23","0","0","35.02","Released","Mar 1, 2026 12:18:48 AM PST"
"Mar 1, 2026 12:18:50 AM PST","25788732721","Order","112-2206082-0466622","VSV-WVK1","VIVOSUN Window Vent Kit, Portable AC Window Seal Kit, Fit with 4""/6"" Ducting & 5.9"" Hose for Sliding Window, Adjustable AC Vent Kit for Duct Fans, Air","1","amazon.com","Standard Orders","Amazon","DALLAS","TX","75206","MarketplaceFacilitator","32.39","2.67","2.99","0","0","0","0","0","-2.99","0","-2.67","-4.86","-6.90","0","0","20.63","Released","Mar 1, 2026 12:18:50 AM PST"
"Mar 1, 2026 12:19:21 AM PST","25788732721","Order","113-6746918-9489846","311001-15x5NJ","VIVOSUN 5-Pack 15 Gallon Plant Grow Bags, Heavy Duty Thickened Nonwoven Fabric Pots with Handles","1","amazon.com","Standard Orders","Amazon","Choctaw","Ok","73020","MarketplaceFacilitator","19.79","0.89","0.75","0","0","0","0","0","-0.75","0","-0.89","-2.97","-6.12","0","0","10.70","Released","Mar 1, 2026 12:19:21 AM PST"
"Mar 1, 2026 12:19:40 AM PST","25788732721","Order","113-0829205-7913818","WB-3x100","VIVOSUN Premium Weed Barrier Landscape Fabric Heavy Duty, 3ftx100ft 5oz Double-Layered Weed Control Mat with High Permeability, Commercial Ground Cove","1","amazon.com","Standard Orders","Amazon","APOPKA","FL","32712","MarketplaceFacilitator","44.99","2.92","0","0","0","0","0","0","0","0","-2.92","-6.75","-13.32","0","0","24.92","Released","Mar 1, 2026 12:19:40 AM PST"
"Mar 1, 2026 12:19:40 AM PST","25788732721","Order","113-2427976-5753803","VSE-ASH09","VIVOSUN AeroStream H09 Intelligent Wi-Fi Humidifier, 2.38 Gal / 9 L Humidifier with Temp & Humidity Probe, Smart Remote Control, Designed for Growers","1","amazon.com","Standard Orders","Amazon","FRANKLIN","IN","46131","MarketplaceFacilitator","99.99","7.00","2.99","0","0","0","0","0","-2.99","0","-7.00","-15.00","-10.20","0","0","74.79","Released","Mar 1, 2026 12:19:40 AM PST"
"Mar 1, 2026 12:19:45 AM PST","25788732721","Order","111-1392565-5915450","330101CNJ","VIVOSUN 10""x 20.75"" Seedling Heat Mat and Digital Thermostat Combo Set, UL & MET-Certified Warm Hydroponic Heating Pad for Germination, Indoor Gardeni","1","amazon.com","Standard Orders","Amazon","PITTSBURGH","PA","15237","MarketplaceFacilitator","24.79","1.49","2.67","0","0","0","0","0","-2.67","0","-2.98","-7.44","-5.47","0","0","10.39","Released","Mar 1, 2026 12:19:45 AM PST"
"Mar 1, 2026 12:19:45 AM PST","25788732721","Order","111-1392565-5915450","330101CNJ","VIVOSUN 10""x 20.75"" Seedling Heat Mat and Digital Thermostat Combo Set, UL & MET-Certified Warm Hydroponic Heating Pad for Germination, Indoor Gardeni","1","amazon.com","Standard Orders","Amazon","PITTSBURGH","PA","15237","","24.79","1.49","2.66","0","0","0","0","0","-2.66","0","0","0","-5.47","0","0","20.81","Released","Mar 1, 2026 12:19:45 AM PST"
"Mar 1, 2026 12:19:50 AM PST","25788732721","Order","113-4398256-1333051","LR-0002","VIVOSUN 48"" Lawn Leveling Rake, 48"" x 10"" x 78"" Heavy-Duty Stainless Steel Lawn Leveler with 7FT Adjuatble Long Handle for High Effect, Metal Levelawn","1","amazon.com","Standard Orders","Amazon","HAYMARKET","VA","20169","MarketplaceFacilitator","56.99","3.42","0","0","0","0","0","0","0","0","-3.42","-8.55","-14.67","0","0","33.77","Released","Mar 1, 2026 12:19:50 AM PST"
"Mar 1, 2026 12:19:56 AM PST","25788732721","Order","114-6251005-5908209","307281-2J","VIVOSUN Clamp Lamp Light with Detachable 8.5 Inch Aluminum Reflector up to 150 Watt E26 Socket (No Bulb Included), 6 Feet Cord, UL Listed, Pack of 2","1","amazon.com","Standard Orders","Amazon","GILBERT","AZ","85234","MarketplaceFacilitator","24.99","2.07","1.00","0","0","0","0","0","-1.00","0","-2.07","-3.75","-7.93","0","0","13.31","Released","Mar 1, 2026 12:19:56 AM PST"
"Mar 1, 2026 12:20:02 AM PST","25788732721","Order","112-5620978-7424237","RGB-0004","VIVOSUN Elevated Wooden Raised Garden Bed, 46 x 24 x 32 Inches, Mobile Outdoor Planter Box with Storage Shelf and Protective Liner for Outdoor Use, wi","1","amazon.com","Standard Orders","Amazon","TAMPA","FL","33603","MarketplaceFacilitator","94.29","7.07","0","0","0","0","0","0","0","0","-7.07","-14.14","-19.61","0","0","60.54","Released","Mar 1, 2026 12:20:02 AM PST"
"Mar 1, 2026 12:20:12 AM PST","25788732721","Order","111-8702763-0359408","GG-003","VIVOSUN 4'' Depth Ground Grid, 9x17 ft, High-Density HDPE Geo Cell, 1885 lbs per sq ft Load, Foldable & Tensile, Easy Installation with Gloves, Perfec","1","amazon.com","Standard Orders","Amazon","arnegard","ND","58835","MarketplaceFacilitator","107.99","5.40","0","0","0","0","0","0","0","0","-5.40","-16.20","-26.07","0","0","65.72","Released","Mar 1, 2026 12:20:12 AM PST"
"Mar 1, 2026 12:20:12 AM PST","25788732721","Order","112-6453437-5583447","VSI-FFSW6GB5-4","VIVOSUN 4-Pack FlexFeed Self-Watering Pots with Grow Bags, Auto Irrigation Fabric Pot Base with Water Meter & Maintenance Window, for Use Indoors/Outd","1","amazon.com","Standard Orders","Amazon","HARTLAND","MN","56042","MarketplaceFacilitator","68.39","5.04","0","0","0","0","0","0","0","0","-5.04","-10.26","-12.11","0","0","46.02","Released","Mar 1, 2026 12:20:12 AM PST"
"Mar 1, 2026 12:20:17 AM PST","25788732721","Order","113-7646393-4576260","306109-48C","VIVOSUN Dryer Vent Hose, 4 inch Aluminum Foil Ducting, 8FT Long Heavy-Duty Dryer Hose Vent Kit for HVAC Ventilation, Exhaust, Duct Fan Systems, Black","1","amazon.com","Standard Orders","Amazon","KAUFMAN","TX","75142","MarketplaceFacilitator","14.24","1.17","0","0","0","0","0","0","0","0","-1.17","-2.14","-4.95","0","0","7.15","Released","Mar 1, 2026 12:20:17 AM PST"
"Mar 1, 2026 12:20:27 AM PST","25788732721","Order","114-2973120-4658604","HSB950-1800LNJ","VIVOSUN 480GPH Submersible Pump(1800L/H, 25W), Ultra Quiet Water Pump with 7.2ft High Lift, Fountain Pump with 5ft Power Cord, 3 Nozzles for Fish Tank","1","amazon.com","Standard Orders","Amazon","SAN CLEMENTE","CA","92673","MarketplaceFacilitator","16.19","1.25","0","0","0","0","0","0","0","0","-1.25","-2.43","-5.42","0","0","8.34","Released","Mar 1, 2026 12:20:27 AM PST"
"Mar 1, 2026 12:20:27 AM PST","25788732721","Order","113-2312720-2670647","311001-3x5NJ","VIVOSUN 5-Pack 3 Gallon Plant Grow Bags Heavy Duty Thickened Nonwoven Fabric Pots with Handles","1","amazon.com","Standard Orders","Amazon","FALLBROOK","CA","92028","MarketplaceFacilitator","13.49","1.05","0","0","0","0","0","0","0","0","-1.05","-2.02","-4.95","0","0","6.52","Released","Mar 1, 2026 12:20:27 AM PST"
"Mar 1, 2026 12:20:28 AM PST","25788732721","Order","114-5960584-4784257","307282-2J","VIVOSUN 2-Pack Clamp Lamp Light with Detachable 5.5 Inch Aluminum Reflector up to 60W E26 Socket (No Bulb Included), 6 Feet Cord, UL Listed","1","amazon.com","Standard Orders","Amazon","NEW YORK","NY","10009","MarketplaceFacilitator","21.99","1.95","0","0","0","0","0","0","0","0","-1.95","-3.30","-5.80","0","0","12.89","Released","Mar 1, 2026 12:20:28 AM PST"
"Mar 1, 2026 12:20:28 AM PST","25788732721","Order","112-1005649-2725000","332582-40","VIVOSUN 660GPH 40W Submersible Pump for Fish Tank, Pond, Aquarium, Hydroponic Systems with 5ft Power Cord and 4 Nozzles Blue","1","amazon.com","Standard Orders","Amazon","LADERA RANCH","CA","92694","MarketplaceFacilitator","20.69","1.60","0","0","0","0","0","0","0","0","-1.60","-3.10","-5.71","0","0","11.88","Released","Mar 1, 2026 12:20:28 AM PST"
"Mar 1, 2026 12:20:37 AM PST","25788732721","Order","111-9910021-6224259","SST-1-0001","VIVOSUN 1-Pack 40-Cell Seed Starter Trays with 1 Set of LED Lights and 10""x20.75"" Seedling Heat Mat, 3.6"" Higher Cover, Adjustable Vents, Drainage Hol","1","amazon.com","Standard Orders","Amazon","BROWNSTOWN TWP","MI","48183","MarketplaceFacilitator","44.99","2.70","0","0","0","0","0","0","0","0","-2.70","-6.75","-7.70","0","0","30.54","Released","Mar 1, 2026 12:20:37 AM PST"
"Mar 1, 2026 12:20:43 AM PST","25788732721","Order","112-3237876-6801824","PL-0001","VIVOSUN 7 x 10 Feet Pond Liner, 14.5 Mil Durable LLDPE Pond Liners for Koi Ponds, Aquaculture and Water Gardens, Black","1","amazon.com","Standard Orders","Amazon","EL CAJON","CA","92020","MarketplaceFacilitator","18.89","1.46","0","0","0","0","0","0","0","0","-1.46","-2.83","-7.06","0","0","9.00","Released","Mar 1, 2026 12:20:43 AM PST"
"Mar 1, 2026 12:20:48 AM PST","25788732721","Order","113-3344311-5321839","RGB-0001","VIVOSUN Elevated Wooden Raised Garden Bed, 48 x 24 x 30 Inches, Outdoor Wood Planter Box w Bed Liner and Gloves for Garden, Patio, Balcony, Backyard a","1","amazon.com","Standard Orders","Amazon","TAMPA","FL","33618","MarketplaceFacilitator","68.58","5.14","0","0","0","0","0","0","0","0","-5.14","-10.29","-18.09","0","0","40.20","Released","Mar 1, 2026 12:20:48 AM PST"
"Mar 1, 2026 12:20:49 AM PST","25788732721","Order","114-3568195-3445840","330101NJ","VIVOSUN Durable Waterproof Seedling Heat Mat 10"" x 20.75"" UL & MET-Certified Warm Hydroponic Heating Pad for Germination, Indoor Gardening, Greenhouse","1","amazon.com","Standard Orders","Amazon","OGDEN","UT","84403","MarketplaceFacilitator","14.99","1.09","0.74","0","0","0","0","0","-0.74","0","-1.09","-2.25","-4.60","0","0","8.14","Released","Mar 1, 2026 12:20:49 AM PST"
"Mar 1, 2026 12:20:53 AM PST","25788732721","Order","113-9566744-7665834","VSI-FFSW6-4","VIVOSUN 4-Pack FlexFeed Self-Watering Pots, Auto Irrigation Fabric Pot Base with Water Meter & Maintenance Window, for Use Indoors/Outdoors in Grow Te","1","amazon.com","Standard Orders","Amazon","Front royal","Virginia","22630","MarketplaceFacilitator","53.99","2.72","0","0","0","0","0","0","-2.70","0","-2.72","-7.69","-12.49","0","0","31.11","Released","Mar 1, 2026 12:20:53 AM PST"
"Mar 1, 2026 12:21:14 AM PST","25788732721","Order","112-1504065-6332266","330102CNJ","VIVOSUN 20"" x 20.75"" Seedling Heat Mat and Digital Thermostat Combo Set, UL & MET-Certified Warm Hydroponic Heating Pad for Germination, Indoor Garden","1","amazon.com","Standard Orders","Amazon","FORT COLLINS","CO","80526","MarketplaceFacilitator","46.99","3.90","0","0","0","0","0","0","0","0","-3.90","-7.05","-8.31","0","0","31.63","Released","Mar 1, 2026 12:21:14 AM PST"
"Mar 1, 2026 12:21:14 AM PST","25788732721","Order","112-2051175-5161830","311001-10x10","VIVOSUN 10-Pack 10 Gallon Grow Bags, Reinforced Planter Fabric Pots for Gardening Black","1","amazon.com","Standard Orders","Amazon","TOLEDO","OH","43605","MarketplaceFacilitator","27.99","2.17","6.99","0.54","0","0","0","0","0","0","-2.71","-4.20","-14.77","0","0","16.01","Released","Mar 1, 2026 12:21:14 AM PST"
"Mar 1, 2026 12:21:21 AM PST","25788732721","Order","112-9635980-4453802","PL-0001","VIVOSUN 7 x 10 Feet Pond Liner, 14.5 Mil Durable LLDPE Pond Liners for Koi Ponds, Aquaculture and Water Gardens, Black","1","amazon.com","Standard Orders","Amazon","EL CAJON","CA","92020","MarketplaceFacilitator","18.89","1.46","0","0","0","0","0","0","0","0","-1.46","-2.83","-7.06","0","0","9.00","Released","Mar 1, 2026 12:21:21 AM PST"
"Mar 1, 2026 12:21:46 AM PST","25788732721","Order","112-9825895-4890634","LH-001-2","VIVOSUN 2-Pair 1/8 Inch Adjustable Grow Light Hanger, Heavy Duty Rope Hanger with Reinforced Metal Gears, 8Ft. Long and 150 lbs Weight Capacity Rope f","1","amazon.com","Standard Orders","Amazon","BEECH GROVE","IN","46107","MarketplaceFacilitator","13.99","0.98","2.99","0","0","0","0","0","0","0","-0.98","-2.10","-7.19","0","0","7.69","Released","Mar 1, 2026 12:21:46 AM PST"
"Mar 1, 2026 12:21:48 AM PST","25788732721","Order","114-6308331-8689020","330101x2NJ","VIVOSUN 2 Pack Durable Waterproof Seedling Heat Mat 10"" x 20.75"" UL & MET-Certified Warm Hydroponic Heating Pad for Germination, Indoor Gardening, Gre","1","amazon.com","Standard Orders","Amazon","LEMON GROVE","CA","91945","MarketplaceFacilitator","25.19","2.20","0","0","0","0","0","0","0","0","-2.20","-3.78","-5.57","0","0","15.84","Released","Mar 1, 2026 12:21:48 AM PST"
"Mar 1, 2026 12:21:51 AM PST","25788732721","Order","113-1209617-0387459","311006-1x5J","VIVOSUN 5-Pack 1 Gallon Grow Bags, Fabric Pots with Self-Adhesion Sides for Transplanting","1","amazon.com","Standard Orders","Amazon","ANN ARBOR","MI","48105","MarketplaceFacilitator","12.99","0.70","0","0","0","0","0","0","-1.30","0","-0.70","-1.75","-4.52","0","0","5.42","Released","Mar 1, 2026 12:21:51 AM PST"
"Mar 1, 2026 12:21:57 AM PST","25788732721","Order","114-5697454-6537041","332568J","VIVOSUN 4500 GPH Submersible Water Pump, 220W Pond Pump, Ultra Quiet Aquarium Pump with 19FT. Lift Height for Pond Waterfall, Fish Tank, Statuary, or","1","amazon.com","Standard Orders","Amazon","GREER","SOUTH CAROLINA","29650","MarketplaceFacilitator","89.99","5.40","0","0","0","0","0","0","0","0","-5.40","-13.50","-9.16","0","0","67.33","Released","Mar 1, 2026 12:21:57 AM PST"
"Mar 1, 2026 12:22:01 AM PST","25788732721","Order","112-2810797-5526654","HR-0001B","VIVOSUN Outdoor Handrail, 3 Step Stair Handrail, 40"" x 36"" Fits 1 to 3 Steps, Wrought Mattle Iron Stair Railing with Curved End and Balusters for Conc","1","amazon.com","Standard Orders","Amazon","HALTOM CITY","TX","76117","MarketplaceFacilitator","77.14","6.36","0","0","0","0","0","0","0","0","-6.36","-11.57","-16.57","0","0","49.00","Released","Mar 1, 2026 12:22:01 AM PST"
"Mar 1, 2026 12:22:16 AM PST","25788732721","Order","114-4045011-0583434","SPray-08L-GJ","VIVOSUN 27oz Pump Sprayer, Handheld Garden Water Sprayer Bottle with Adjustable Brass Nozzle, for Spraying Plants, Flowers, Weeds and Cleaning, Green","1","amazon.com","Standard Orders","Amazon","SALT LAKE CITY","UT","84108","MarketplaceFacilitator","17.09","1.44","0","0","0","0","0","0","0","0","-1.44","-2.56","-6.82","0","0","7.71","Released","Mar 1, 2026 12:22:16 AM PST"
"Mar 1, 2026 12:22:25 AM PST","25788732721","Order","113-4690585-1641023","330101NJ","VIVOSUN Durable Waterproof Seedling Heat Mat 10"" x 20.75"" UL & MET-Certified Warm Hydroponic Heating Pad for Germination, Indoor Gardening, Greenhouse","1","amazon.com","Standard Orders","Amazon","SALT LAKE CITY","UT","84124","MarketplaceFacilitator","14.99","1.12","0","0","0","0","0","0","0","0","-1.12","-2.25","-4.52","0","0","8.22","Released","Mar 1, 2026 12:22:25 AM PST"
"Mar 1, 2026 12:22:34 AM PST","25788732721","Order","114-2648027-3463452","330101CNJ","VIVOSUN 10""x 20.75"" Seedling Heat Mat and Digital Thermostat Combo Set, UL & MET-Certified Warm Hydroponic Heating Pad for Germination, Indoor Gardeni","1","amazon.com","Standard Orders","Amazon","WILMINGTON","MA","01887","MarketplaceFacilitator","24.79","1.55","1.50","0","0","0","0","0","-1.50","0","-1.55","-3.72","-5.47","0","0","15.60","Released","Mar 1, 2026 12:22:34 AM PST"
"Mar 1, 2026 12:22:34 AM PST","25788732721","Order","113-6449259-6124240","VSAW200","VIVOSUN AeroLight Wing AW200, Tunable Spectrum, LED Grow Light 200W with Integrated Circulation Fan, Compatible with App, Used with Controller E42A/E2","1","amazon.com","Standard Orders","Amazon","LA MESA","CA","91942","MarketplaceFacilitator","229.99","19.55","0","0","0","0","0","0","0","0","-19.55","-34.50","-9.95","0","0","185.54","Released","Mar 1, 2026 12:22:34 AM PST"
"Mar 1, 2026 12:22:43 AM PST","25788732721","Order","112-2904438-2592221","330101CNJ","VIVOSUN 10""x 20.75"" Seedling Heat Mat and Digital Thermostat Combo Set, UL & MET-Certified Warm Hydroponic Heating Pad for Germination, Indoor Gardeni","1","amazon.com","Standard Orders","Amazon","WILLIS","TX","77318","MarketplaceFacilitator","24.79","2.05","1.00","0","0","0","0","0","-1.00","0","-2.05","-3.72","-5.47","0","0","15.60","Released","Mar 1, 2026 12:22:43 AM PST"
"Mar 1, 2026 12:23:10 AM PST","25788732721","Order","111-3309357-7587464","330101CNJ","VIVOSUN 10""x 20.75"" Seedling Heat Mat and Digital Thermostat Combo Set, UL & MET-Certified Warm Hydroponic Heating Pad for Germination, Indoor Gardeni","1","amazon.com","Standard Orders","Amazon","KELLER","TX","76244","MarketplaceFacilitator","24.79","2.05","1.00","0","0","0","0","0","-1.00","0","-2.05","-3.72","-5.47","0","0","15.60","Released","Mar 1, 2026 12:23:10 AM PST"
"Mar 1, 2026 12:23:10 AM PST","25788732721","Order","113-0411557-2372210","330103CNJ","VIVOSUN 48"" x 20.75"" Seedling Heat Mat and Digital Thermostat Combo Set, UL & MET-Certified Warm Hydroponic Heating Pad for Germination, Indoor Garden","1","amazon.com","Standard Orders","Amazon","ACUSHNET","MA","02743","MarketplaceFacilitator","56.99","3.56","0","0","0","0","0","0","0","0","-3.56","-8.55","-10.20","0","0","38.24","Released","Mar 1, 2026 12:23:10 AM PST"
"Mar 1, 2026 12:23:14 AM PST","25788732721","Order","113-7979679-0325810","306214-01","VIVOSUN Hydroponics CO2 Regulator Emitter System with Solenoid Valve Flowmeter for Grow Room Grow Tent Garden","1","amazon.com","Standard Orders","Amazon","OKLAHOMA CITY","OK","73107","MarketplaceFacilitator","39.59","3.41","1.49","0","0","0","0","0","-1.49","0","-3.41","-4.75","-6.53","0","0","28.31","Released","Mar 1, 2026 12:23:14 AM PST"
"Mar 1, 2026 12:23:23 AM PST","25788732721","Order","112-5620978-7424237","RGB-0004","VIVOSUN Elevated Wooden Raised Garden Bed, 46 x 24 x 32 Inches, Mobile Outdoor Planter Box with Storage Shelf and Protective Liner for Outdoor Use, wi","1","amazon.com","Standard Orders","Amazon","TAMPA","FL","33603","MarketplaceFacilitator","94.29","7.07","0","0","0","0","0","0","0","0","-7.07","-14.14","-19.61","0","0","60.54","Released","Mar 1, 2026 12:23:23 AM PST"
"Mar 1, 2026 12:23:31 AM PST","25788732721","Order","112-8807415-2750603","MGG-GS12-U10J","Maygrove 12 Inch Rebar Stakes Heavy Duty 10 Pack, U Shaped Ground Stakes, Galvanized Steel Trampoline Stakes, Tent Anchor Kit Anti-Rust, Drip Hose Win","1","amazon.com","Standard Orders","Amazon","HOFFMAN ESTATES","IL","60169","MarketplaceFacilitator","24.99","2.50","0","0","0","0","0","0","0","0","-2.50","-3.75","-7.85","0","0","13.39","Released","Mar 1, 2026 12:23:31 AM PST"
"Mar 1, 2026 12:24:23 AM PST","25788732721","Order","113-2606093-7561027","VSL-LL200-N","VIVOSUN LumaLight 200W LED Grow Light, Full Spectrum Plant Light, Smart Dimmable & High PPFD for Indoor Plants Seedling Vegetables Bloom, Fits 2×4/3�","1","amazon.com","Standard Orders","Amazon","WONDER LAKE","IL","60097","MarketplaceFacilitator","119.99","9.90","6.80","0","0","0","0","0","-6.80","0","-9.90","-18.00","-9.00","0","0","92.99","Released","Mar 1, 2026 12:24:23 AM PST"
"Mar 1, 2026 12:24:29 AM PST","25788732721","Order","112-2692269-8486649","311001-5x5NJ","VIVOSUN 5-Pack 5 Gallon Grow Bags Heavy Duty 300G Thickened Nonwoven Plant Fabric Pots with Handles","1","amazon.com","Standard Orders","Amazon","ROCHESTER","NY","14622","MarketplaceFacilitator","14.39","1.15","0","0","0","0","0","0","0","0","-1.15","-2.16","-5.47","0","0","6.76","Released","Mar 1, 2026 12:24:29 AM PST"
"Mar 1, 2026 12:24:33 AM PST","25788732721","Order","111-4544669-6369834","VSF-AWD4Wx2","VIVOSUN AeroWave D4, 4"" Grow Tent Clip Fan with Detachable Hook, 3-Speed Strong & Quiet Airflow, Adjustable Airflow Angle for Hydroponics, Circulation","1","amazon.com","Standard Orders","Amazon","HONEOYE FALLS","NY","14472","MarketplaceFacilitator","32.99","2.64","0","0","0","0","0","0","0","0","-2.64","-4.95","-5.33","0","0","22.71","Released","Mar 1, 2026 12:24:33 AM PST"
"Mar 1, 2026 12:24:34 AM PST","25788732721","Order","111-3809466-8162607","311001-2x5NJ","VIVOSUN 5-Pack 2 Gallon Grow Bags Heavy Duty Thickened Nonwoven Fabric Pots with Handles","1","amazon.com","Standard Orders","Amazon","DALLAS","TX","75229","MarketplaceFacilitator","12.59","1.04","0.99","0","0","0","0","0","-0.99","0","-1.04","-1.89","-4.13","0","0","6.57","Released","Mar 1, 2026 12:24:34 AM PST"
"Mar 1, 2026 12:25:14 AM PST","25788732721","Order","111-8279379-9081038","332573J","VIVOSUN 210GPH Submersible Pump(800L/H, 8W), Ultra Quiet Water Pump with 3.3ft High Lift, with 5ft Power Cord, 2 Nozzles for Fish Tank, Pond, Aquarium","1","amazon.com","Standard Orders","Amazon","AUSTIN","TX","78712","MarketplaceFacilitator","14.39","0","0","0","0","0","0","0","0","0","0","-2.16","-4.20","0","0","8.03","Released","Mar 1, 2026 12:25:14 AM PST"
"Mar 1, 2026 12:25:39 AM PST","25788732721","Order","114-2124894-9585059","311001-1x5NJ","VIVOSUN 5-Pack 1 Gallon Heavy Duty Thickened Nonwoven Fabric Pots Grow Bags with Handles","1","amazon.com","Standard Orders","Amazon","AGOURA HILLS","CA","91301","MarketplaceFacilitator","11.69","1.14","0","0","0","0","0","0","0","0","-1.14","-1.75","-4.52","0","0","5.42","Released","Mar 1, 2026 12:25:39 AM PST"
"Mar 1, 2026 12:25:44 AM PST","25788732721","Order","113-1425536-0209807","330118NJ","VIVOSUN Digital Heat Mat Thermostat Controller, 40-108 ºF 1000W for Reptiles, Seedlings, Germination, Incubation and Fermentation","1","amazon.com","Standard Orders","Amazon","Geneva","IL","60134","MarketplaceFacilitator","18.99","1.52","0","0","0","0","0","0","0","0","-1.52","-2.85","-4.52","0","0","11.62","Released","Mar 1, 2026 12:25:44 AM PST"
"Mar 1, 2026 12:25:44 AM PST","25788732721","Order","111-3782648-0193854","VSF-AWD4x2","VIVOSUN AeroWave D4, 4"" Grow Tent Clip Fan with Detachable Hook, 3-Speed Strong & Quiet Airflow, Adjustable Airflow Angle for Hydroponics, Circulation","1","amazon.com","Standard Orders","Amazon","SOUTH ELGIN","IL","60177","MarketplaceFacilitator","37.99","3.04","0","0","0","0","0","0","0","0","-3.04","-5.70","-5.33","0","0","26.96","Released","Mar 1, 2026 12:25:44 AM PST"
"Mar 1, 2026 12:25:56 AM PST","25788732721","Order","114-5329428-2884238","311021-20x5NJ","VIVOSUN 5-Pack 20 Gallons Grow Bags Heavy Duty Thickened Nonwoven Fabric Pots with Strap Handles Tan","1","amazon.com","Standard Orders","Amazon","GAINESVILLE","FL","32609","MarketplaceFacilitator","23.39","1.75","0","0","0","0","0","0","0","0","-1.75","-3.51","-7.14","0","0","12.74","Released","Mar 1, 2026 12:25:56 AM PST"
"Mar 1, 2026 12:26:03 AM PST","25788732721","Order","111-6927289-9581843","VSL-LRSF50-4","VIVOSUN Lumaray LED Grow Light Bars 16""(4-Bar), Full Spectrum Side Lighting with 60% Red Light up to 25% Yields for Grow Tents, Greenhouses, Magnet Re","1","amazon.com","Standard Orders","Amazon","CAMDEN","OH","45311","MarketplaceFacilitator","80.99","5.58","0","0","0","0","0","0","-4.05","0","-5.58","-11.54","-8.69","0","0","56.71","Released","Mar 1, 2026 12:26:03 AM PST"
"Mar 1, 2026 12:26:05 AM PST","25788732721","Order","114-8674157-5726628","VSV-IFP4C","VIVOSUN 4"" Inline Booster Duct Fan with Speed Regulator, 130 CFM Quiet Exhaust Fan for HVAC Ventilation in Grow Tents, Basements, Bathrooms, Kitchens,","1","amazon.com","Standard Orders","Amazon","JACKSON","NJ","08527","MarketplaceFacilitator","25.39","1.68","0","0","0","0","0","0","0","0","-1.68","-3.81","-5.42","0","0","16.16","Released","Mar 1, 2026 12:26:05 AM PST"
"Mar 1, 2026 12:26:06 AM PST","25788732721","Order","114-3386935-2612252","332021-2","VIVOSUN 2-Pack 30X 60X Illuminated Jewelers Loupe Foldable Magnifier with LED Light for Jewelry Gems Watches Coins Stamps Antiques White","1","amazon.com","Standard Orders","Amazon","Mooresville","NC","28115","MarketplaceFacilitator","13.29","0.93","0","0","0","0","0","0","0","0","-0.93","-1.59","-3.95","0","0","7.75","Released","Mar 1, 2026 12:26:06 AM PST"
"Mar 1, 2026 12:26:30 AM PST","25788732721","Order","111-2874170-5803467","330702-02J","VIVOSUN Trellis Netting Heavy-duty Polyester 5'x30' 1 Pack","1","amazon.com","Standard Orders","Amazon","WHITE PLAINS","NY","10607","MarketplaceFacilitator","8.99","0.75","0","0","0","0","0","0","0","0","-1.50","-2.70","-2.56","0","0","2.98","Released","Mar 1, 2026 12:26:30 AM PST"
"Mar 1, 2026 12:26:30 AM PST","25788732721","Order","111-2874170-5803467","330702-02J","VIVOSUN Trellis Netting Heavy-duty Polyester 5'x30' 1 Pack","1","amazon.com","Standard Orders","Amazon","WHITE PLAINS","NY","10607","","8.99","0.75","0","0","0","0","0","0","0","0","0","0","-2.56","0","0","7.18","Released","Mar 1, 2026 12:26:30 AM PST"
"Mar 1, 2026 12:26:41 AM PST","25788732721","Order","112-3133708-1879458","RP-001","VIVOSUN Self-Watering Planters, 4-Pack 10.5 Inch Compact Rectangular Window Herb Planter Box with 10 PCS Plant Labels, Plant Container for Basil, Flow","1","amazon.com","Standard Orders","Amazon","DES MOINES","WA","98198","MarketplaceFacilitator","26.99","2.81","0","0","0","0","0","0","0","0","-2.81","-4.05","-7.62","0","0","15.32","Released","Mar 1, 2026 12:26:41 AM PST"
"Mar 1, 2026 12:26:52 AM PST","25788732721","Order","111-6293364-7497059","307282-2J","VIVOSUN 2-Pack Clamp Lamp Light with Detachable 5.5 Inch Aluminum Reflector up to 60W E26 Socket (No Bulb Included), 6 Feet Cord, UL Listed","1","amazon.com","Standard Orders","Amazon","AUBURN","WA","98001","MarketplaceFacilitator","21.99","2.26","0","0","0","0","0","0","0","0","-2.26","-3.30","-5.80","0","0","12.89","Released","Mar 1, 2026 12:26:52 AM PST"
"Mar 1, 2026 12:27:17 AM PST","25788732721","Order","114-1828602-2770633","HM003J","VIVOSUN Reptile Heating Pad 8x18 Inch with Thermostat Combo Under Tank Terrarium Heating Mat for Turtles, Lizards, Frogs, and Other Reptiles","1","amazon.com","Standard Orders","Amazon","FORT WORTH","TX","76132","MarketplaceFacilitator","35.99","2.97","2.99","0","0","0","0","0","-2.99","0","-2.97","-5.40","-5.83","0","0","24.76","Released","Mar 1, 2026 12:27:17 AM PST"
"Mar 1, 2026 12:27:20 AM PST","25788732721","Order","111-0297521-8966658","VSG-ESPRAY-2L-US","VIVOSUN Battery Powered Sprayer 0.5Gallon, Electric Spray Bottle USB Rechargeable, Automatic Water Pump Plant Mister with Adjustable Pressure, Easy to","1","amazon.com","Standard Orders","Amazon","SANTA ANA","CA","92705","MarketplaceFacilitator","28.79","2.23","0","0","0","0","0","0","0","0","-2.23","-4.32","-7.16","0","0","17.31","Released","Mar 1, 2026 12:27:20 AM PST"
"Mar 1, 2026 12:27:23 AM PST","25788732721","Order","112-4817888-7561846","306109-416J","VIVOSUN Dryer Vent Hose, 4 inch Aluminum Foil Ducting, 16FT Long Heavy-Duty Dryer Hose Vent Kit for HVAC Ventilation, Exhaust, Duct Fan Systems, Black","1","amazon.com","Standard Orders","Amazon","PITTSBURGH","PA","15235","MarketplaceFacilitator","17.99","1.08","0","0","0","0","0","0","0","0","-1.08","-2.70","-5.80","0","0","9.49","Released","Mar 1, 2026 12:27:23 AM PST"
"Mar 1, 2026 12:27:31 AM PST","25788732721","Order","114-5745480-2474651","330101x2NJ","VIVOSUN 2 Pack Durable Waterproof Seedling Heat Mat 10"" x 20.75"" UL & MET-Certified Warm Hydroponic Heating Pad for Germination, Indoor Gardening, Gre","2","amazon.com","Standard Orders","Amazon","MILLVILLE","NJ","08332","MarketplaceFacilitator","50.38","3.34","0","0","0","0","0","0","0","0","-3.34","-7.56","-11.14","0","0","31.68","Released","Mar 1, 2026 12:27:31 AM PST"
"Mar 1, 2026 12:27:46 AM PST","25788732721","Order","113-5162347-3661040","311001-7x5NJ","VIVOSUN 5-Pack 7 Gallon Plant Grow Bags, Heavy Duty Thickened Nonwoven Fabric Pots with Handles","1","amazon.com","Standard Orders","Amazon","WILLIS","TX","77318","MarketplaceFacilitator","16.19","1.34","1.49","0","0","0","0","0","-1.49","0","-1.34","-2.43","-5.71","0","0","8.05","Released","Mar 1, 2026 12:27:46 AM PST"
"Mar 1, 2026 12:27:57 AM PST","25788732721","Refund","112-6721642-6641044","306104-8C","VIVOSUN 8 Inch Flexible Aluminum Ducting for HVAC Ventilation, 25 FT Long Air Duct Hose with 2 Clamps, Multi-Layer Dryer Vent Duct for Heating Cooling","1","amazon.com","Standard Orders","Amazon","SANTA CRUZ","CA","95062","MarketplaceFacilitator","-32.99","-3.06","0","0","0","0","0","0","1.65","0","3.06","3.76","0","0","0","-27.58","Released","Mar 1, 2026 12:27:57 AM PST"
"Mar 1, 2026 12:28:21 AM PST","25788732721","Order","112-2603883-4906654","VSF-AWE6-G2x2","VIVOSUN AeroWave E6 Gen2, Grow Tent Clip Fan 6"", EC Motor, Smart Control, Powerful Oscillating Fan, Local Timer, Weatherproof IP54, for Hydroponics Ci","1","amazon.com","Standard Orders","Amazon","ATLANTIC CITY","NJ","08401","MarketplaceFacilitator","75.99","5.03","0","0","0","0","0","0","0","0","-5.03","-11.40","-10.97","0","0","53.62","Released","Mar 1, 2026 12:28:21 AM PST"
"Mar 1, 2026 12:28:21 AM PST","25788732721","Order","113-8917097-9814643","332025J","VIVOSUN 3-Pack Jewelry Loupe, 30X/60X/90X Eye Loupe with UV/LED Lights, Foldable Magnifiers for Jewelry, Gems, Watches, Coins, and Stamps","1","amazon.com","Standard Orders","Amazon","VILLAGE OF LAKEWOOD","IL","60014","MarketplaceFacilitator","18.04","1.49","1.49","0","0","0","0","0","-1.49","0","-1.49","-2.16","-3.95","0","0","11.93","Released","Mar 1, 2026 12:28:21 AM PST"
"Mar 1, 2026 12:28:44 AM PST","25788732721","Order","111-5323223-0996267","331101-8","VIVOSUN 8 Inch Inline Duct Fan 420 CFM, HVAC Exhaust Ventilation Fan with Low Noise for Basements, Bathrooms, Kitchens and Attics, Silver","1","amazon.com","Standard Orders","Amazon","ELLICOTT CITY","MD","21043","MarketplaceFacilitator","35.98","2.16","0","0","0","0","0","0","0","0","-2.16","-5.40","-7.06","0","0","23.52","Released","Mar 1, 2026 12:28:44 AM PST"
"Mar 1, 2026 12:28:49 AM PST","25788732721","Order","112-5578250-9976227","311001-15x5NJ","VIVOSUN 5-Pack 15 Gallon Plant Grow Bags, Heavy Duty Thickened Nonwoven Fabric Pots with Handles","1","amazon.com","Standard Orders","Amazon","CONCORD","NC","28025","MarketplaceFacilitator","19.79","1.39","0","0","0","0","0","0","0","0","-1.39","-2.97","-6.12","0","0","10.70","Released","Mar 1, 2026 12:28:49 AM PST"
"Mar 1, 2026 12:28:49 AM PST","25788732721","Order","112-8490589-3717845","311001-15x5NJ","VIVOSUN 5-Pack 15 Gallon Plant Grow Bags, Heavy Duty Thickened Nonwoven Fabric Pots with Handles","1","amazon.com","Standard Orders","Amazon","ANTIOCH","CA","94509","MarketplaceFacilitator","19.79","1.93","2.99","0","0","0","0","0","-2.99","0","-1.93","-2.97","-6.12","0","0","10.70","Released","Mar 1, 2026 12:28:49 AM PST"
"Mar 1, 2026 12:29:06 AM PST","25788732721","Order","113-0264983-6788278","330702-02J","VIVOSUN Trellis Netting Heavy-duty Polyester 5'x30' 1 Pack","1","amazon.com","Standard Orders","Amazon","OAKLAND","CA","94609","MarketplaceFacilitator","8.99","0.97","1.49","0","0","0","0","0","-1.49","0","-0.97","-1.35","-2.51","0","0","5.13","Released","Mar 1, 2026 12:29:06 AM PST"
"Mar 1, 2026 12:29:20 AM PST","25788732721","Order","112-4948619-0204238","305130-PEN","VIVOSUN Digital pH and TDS Meter Kits, 0.01pH High Accuracy Pen Type pH Meter ± 2% Readout Accuracy 3-in-1 TDS EC Temperature Meter for Hydroponics,","1","amazon.com","Standard Orders","Amazon","ASHLAND","MA","01721","MarketplaceFacilitator","15.19","0.95","0.05","0","0","0","0","0","-0.05","0","-0.95","-1.82","-3.65","0","0","9.72","Released","Mar 1, 2026 12:29:20 AM PST"
"Mar 1, 2026 12:29:28 AM PST","25788732721","Order","113-4771094-8215457","VSN-CAMGIR32J","VIVOSUN Cal+Mag+Iron (2-0-0), Calcium, Magnesium & Iron Supplement, Liquid Nutrient Fertilizer for All Plants, Concentrated Plant Food for Soil/Soille","1","amazon.com","Standard Orders","Amazon","GRANADA HILLS","CA","91344","MarketplaceFacilitator","26.99","2.63","0","0","0","0","0","0","0","0","-2.63","-4.05","-6.12","0","0","16.82","Released","Mar 1, 2026 12:29:28 AM PST"
"Mar 1, 2026 12:30:08 AM PST","25788732721","Order","113-8535080-0165057","306104-4C","VIVOSUN 4 Inch Flexible Aluminum Ducting, 25 Feet Long Flex Air Duct with 2 Clamps, Heavy-Duty Multi-Layer Dryer Hose Vent Kit for Heating Cooling Ven","1","amazon.com","Standard Orders","Amazon","Mission Hills","CA","91345","MarketplaceFacilitator","18.99","1.85","0","0","0","0","0","0","0","0","-1.85","-2.85","-6.12","0","0","10.02","Released","Mar 1, 2026 12:30:08 AM PST"
"Mar 1, 2026 12:30:08 AM PST","25788732721","Order","111-1507715-6139444","332582-20","VIVOSUN 260GPH 20W Submersible Water Pump for Fish Tank, Pond, Aquarium, Hydroponic Systems with 6ft Power Cord and 3 Outlet Adapters, Blue","1","amazon.com","Standard Orders","Amazon","MISSOURI CITY","TX","77459","MarketplaceFacilitator","17.99","1.12","0","0","0","0","0","0","0","0","-1.12","-2.70","-5.42","0","0","9.87","Released","Mar 1, 2026 12:30:08 AM PST"
"Mar 1, 2026 12:30:18 AM PST","25788732721","Order","112-8110498-4425000","330101NJ","VIVOSUN Durable Waterproof Seedling Heat Mat 10"" x 20.75"" UL & MET-Certified Warm Hydroponic Heating Pad for Germination, Indoor Gardening, Greenhouse","1","amazon.com","Standard Orders","Amazon","LISLE","IL","60532","MarketplaceFacilitator","14.99","1.05","1.49","0","0","0","0","0","-1.49","0","-2.10","-4.50","-4.52","0","0","4.92","Released","Mar 1, 2026 12:30:18 AM PST"
"Mar 1, 2026 12:30:18 AM PST","25788732721","Order","112-8110498-4425000","330101NJ","VIVOSUN Durable Waterproof Seedling Heat Mat 10"" x 20.75"" UL & MET-Certified Warm Hydroponic Heating Pad for Germination, Indoor Gardening, Greenhouse","1","amazon.com","Standard Orders","Amazon","LISLE","IL","60532","","14.99","1.05","1.50","0","0","0","0","0","-1.50","0","0","0","-4.52","0","0","11.52","Released","Mar 1, 2026 12:30:18 AM PST"
"Mar 1, 2026 12:31:10 AM PST","25788732721","Order","112-0083958-2139476","330101NJ","VIVOSUN Durable Waterproof Seedling Heat Mat 10"" x 20.75"" UL & MET-Certified Warm Hydroponic Heating Pad for Germination, Indoor Gardening, Greenhouse","1","amazon.com","Standard Orders","Amazon","BURLESON","TX","76028","MarketplaceFacilitator","14.99","1.24","0","0","0","0","0","0","0","0","-1.24","-2.25","-4.52","0","0","8.22","Released","Mar 1, 2026 12:31:10 AM PST"
"Mar 1, 2026 12:31:35 AM PST","25788732721","Order","112-5867106-2213805","GB0100J","VIVOSUN 5 Tier Vertical Gardening Stackable Planter for Strawberries, Flowers, Herbs, Vegetables, Ivory","1","amazon.com","Standard Orders","Amazon","OCEANSIDE","CA","92058","MarketplaceFacilitator","35.99","2.97","0","0","0","0","0","0","0","0","-2.97","-5.40","-11.73","0","0","18.86","Released","Mar 1, 2026 12:31:35 AM PST"
"Mar 1, 2026 12:31:39 AM PST","25788732721","Order","111-4853571-8357827","VS-THB1S","VIVOSUN AeroLab THB1S Wireless Bluetooth Hygrometer Thermometer Indoor, VPD, Digital Temp Humidity Meter, LCD Smart App Control & Alert, Data Storage,","1","amazon.com","Standard Orders","Amazon","WATER VALLEY","MS","38965","MarketplaceFacilitator","18.04","1.26","0","0","0","0","0","0","0","0","-1.26","-2.71","-4.06","0","0","11.27","Released","Mar 1, 2026 12:31:39 AM PST"
"Mar 1, 2026 12:31:56 AM PST","25788732721","Order","114-5268341-0435428","330101CNJ","VIVOSUN 10""x 20.75"" Seedling Heat Mat and Digital Thermostat Combo Set, UL & MET-Certified Warm Hydroponic Heating Pad for Germination, Indoor Gardeni","1","amazon.com","Standard Orders","Amazon","SALEM","OR","97301","","24.79","0","0.74","0","0","0","0","0","-0.74","0","0","-3.72","-5.47","0","0","15.60","Released","Mar 1, 2026 12:31:56 AM PST"
"Mar 1, 2026 12:32:10 AM PST","25788732721","Order","111-4090830-5182663","332572J","VIVOSUN 800GPH Submersible Pump(3000L/H, 24W), Ultra Quiet Water Fountain Pump with 10ft. High Lift with 6.5ft. Power Cord, 3 Nozzles for Fish Tank, P","1","amazon.com","Standard Orders","Amazon","TUCSON","AZ","85743","MarketplaceFacilitator","22.49","1.37","0","0","0","0","0","0","0","0","-1.37","-3.37","-5.80","0","0","13.32","Released","Mar 1, 2026 12:32:10 AM PST"
"Mar 1, 2026 12:32:27 AM PST","25788732721","Order","111-1829871-1417020","311001-20x5NJ","VIVOSUN 5-Pack 20 Gallon Plant Grow Bags, Heavy Duty Thickened Nonwoven Fabric Pots with Handles","1","amazon.com","Standard Orders","Amazon","NEW WINDSOR","MD","21776","MarketplaceFacilitator","23.99","1.44","0","0","0","0","0","0","0","0","-1.44","-3.60","-7.14","0","0","13.25","Released","Mar 1, 2026 12:32:27 AM PST"
"Mar 1, 2026 12:32:28 AM PST","25788732721","Order","112-8055755-4548221","305140-PEN","VIVOSUN Digital pH and TDS Meter Kits, 0.01pH High Accuracy Pen Type pH Meter ± 2% Readout Accuracy 3-in-1 TDS EC Temperature Meter for Hydroponics,","1","amazon.com","Standard Orders","Amazon","OREGON CITY","OR","97045","","18.04","0","1.50","0","0","0","0","0","-1.50","0","0","-2.16","-4.42","0","0","11.46","Released","Mar 1, 2026 12:32:28 AM PST"
"Mar 1, 2026 12:32:36 AM PST","25788732721","Order","111-1227651-2022636","304113-84","VIVOSUN S848 4x8 Grow Tent 96""x48""x80"" High Reflective Mylar Tents with Observation Window and Floor Tray for Hydroponics Indoor Plant for VS4000/VSF4","1","amazon.com","Standard Orders","Amazon","SALEM","OH","44460","MarketplaceFacilitator","197.99","14.35","5.87","0.43","0","0","0","0","0","0","-14.78","-29.70","-33.08","0","0","141.08","Released","Mar 1, 2026 12:32:36 AM PST"
"Mar 1, 2026 12:32:44 AM PST","25788732721","Order","113-8070969-8091429","304116-84","VIVOSUN R846 4x8 Grow Tent, 96""x48""x72"" Roof Cube Tent with Observation Window and Floor Tray for Hydroponics Indoor Plant for VS4000/VSF4300","1","amazon.com","Standard Orders","Amazon","CANTON","OH","44703","MarketplaceFacilitator","197.99","12.87","1.61","0","0","0","0","0","-1.61","0","-12.87","-29.70","-25.31","0","0","142.98","Released","Mar 1, 2026 12:32:44 AM PST"
"Mar 1, 2026 12:32:53 AM PST","25788732721","Order","112-0006746-7065037","304113-44","VIVOSUN S448 4x4 Grow Tent, 48""x48""x80"" High Reflective Mylar with Observation Window and Floor Tray for Hydroponics Indoor Plant Tents for VS4000/VSF","1","amazon.com","Standard Orders","Amazon","SANDY","OR","97055","","129.99","0","0","0","0","0","0","0","0","0","0","-19.50","-19.99","0","0","90.50","Released","Mar 1, 2026 12:32:53 AM PST"
"Mar 1, 2026 12:32:56 AM PST","25788732721","Order","111-4842370-3478641","VSI-DIK01","VIVOSUN Automatic Drip Irrigation Kit, Smart Watering System with 16 Drip Emitters, 4mm Fast Flow, App-Controlled A10 GrowHub, Quiet 15W Pump, Anti-Si","1","amazon.com","Standard Orders","Amazon","AMELIA COURT HOUSE","VA","23002","MarketplaceFacilitator","49.99","2.65","3.25","0.17","0","0","0","0","0","0","-2.82","-7.50","-9.58","0","0","36.16","Released","Mar 1, 2026 12:32:56 AM PST"
"Mar 1, 2026 12:33:05 AM PST","25788732721","Order","111-6143460-3494657","VSI-FFSW6GB5-4","VIVOSUN 4-Pack FlexFeed Self-Watering Pots with Grow Bags, Auto Irrigation Fabric Pot Base with Water Meter & Maintenance Window, for Use Indoors/Outd","1","amazon.com","Standard Orders","Amazon","PORTLAND","OR","97236","","68.39","0","0","0","0","0","0","0","0","0","0","-10.26","-12.11","0","0","46.02","Released","Mar 1, 2026 12:33:05 AM PST"
"Mar 1, 2026 12:33:05 AM PST","25788732721","Order","111-1140780-1164237","CBIN-BL-5","VIVOSUN 5-Layer Worm Compost Bin, 50L Worm Composter, Easy Setup Inclusive Worm Farm Kit for Recycling Food Waste","1","amazon.com","Standard Orders","Amazon","ESTACADA","OR","97023","","66.39","0","0","0","0","0","0","0","0","0","0","-9.96","-14.01","0","0","42.42","Released","Mar 1, 2026 12:33:05 AM PST"
"Mar 1, 2026 12:33:20 AM PST","25788732721","Order","112-8073040-6805868","VSA-GGD2J","VIVOSUN Grow Room Glasses, Indoor Hydroponics LED Grow Light Glasses, Anti-UV Glasse for Visual Eye Protection, 2pcs","1","amazon.com","Standard Orders","Amazon","HENDERSON","NV","89052","MarketplaceFacilitator","32.99","2.76","0","0","0","0","0","0","0","0","-2.76","-4.95","-4.52","0","0","23.52","Released","Mar 1, 2026 12:33:20 AM PST"
"Mar 1, 2026 12:33:20 AM PST","25788732721","Order","112-8073040-6805868","333122x2NJ","VIVOSUN 2 Pack 19 Bulbs High Intensity LED Green Light Grow Room Headlight","1","amazon.com","Standard Orders","Amazon","HENDERSON","NV","89052","MarketplaceFacilitator","18.99","1.59","0","0","0","0","0","0","0","0","-1.59","-2.85","-3.95","0","0","12.19","Released","Mar 1, 2026 12:33:20 AM PST"
"Mar 1, 2026 12:33:25 AM PST","25788732721","Order","113-4710476-8614608","VSV-WVK2","VIVOSUN Window Duct Kit, Portable AC Window Seal Kit with 5.9"" Diameter 59"" Length Hose, Fit with 4""/6"" Ducting for Sliding Window, Adjustable AC Vent","1","amazon.com","Standard Orders","Amazon","LA HABRA","CA","90631","MarketplaceFacilitator","35.99","3.15","0","0","0","0","0","0","0","0","-3.15","-5.40","-8.26","0","0","22.33","Released","Mar 1, 2026 12:33:25 AM PST"
"Mar 1, 2026 12:33:56 AM PST","25788732721","Order","112-0175900-5066639","VSGB-5","VIVOSUN 5-Pack 5 Gallon Grow Bags, 500G Thick Nonwoven Fabric Pots with Strap Handles, Multi-Purpose Rings, for Low Stress Plant Training Fruits, Vege","1","amazon.com","Standard Orders","Amazon","LIVONIA","MI","48154","MarketplaceFacilitator","20.99","1.26","0","0","0","0","0","0","0","0","-1.26","-3.15","-5.47","0","0","12.37","Released","Mar 1, 2026 12:33:56 AM PST"
"Mar 1, 2026 12:33:57 AM PST","25788732721","Order","112-1556555-7709841","VSI-DIK01","VIVOSUN Automatic Drip Irrigation Kit, Smart Watering System with 16 Drip Emitters, 4mm Fast Flow, App-Controlled A10 GrowHub, Quiet 15W Pump, Anti-Si","1","amazon.com","Standard Orders","Amazon","South Chesterfield","VA","23834","MarketplaceFacilitator","49.99","3.00","0","0","0","0","0","0","0","0","-3.00","-7.50","-6.33","0","0","36.16","Released","Mar 1, 2026 12:33:57 AM PST"
"Mar 1, 2026 12:33:57 AM PST","25788732721","Order","114-4916721-6303400","VSF-AWD4Wx2","VIVOSUN AeroWave D4, 4"" Grow Tent Clip Fan with Detachable Hook, 3-Speed Strong & Quiet Airflow, Adjustable Airflow Angle for Hydroponics, Circulation","1","amazon.com","Standard Orders","Amazon","DENVER","CO","80205","MarketplaceFacilitator","32.99","3.02","0","0","0","0","0","0","0","0","-3.02","-4.95","-5.33","0","0","22.71","Released","Mar 1, 2026 12:33:57 AM PST"
"Mar 1, 2026 12:34:08 AM PST","25788732721","Order","112-7321565-1721818","332572J","VIVOSUN 800GPH Submersible Pump(3000L/H, 24W), Ultra Quiet Water Fountain Pump with 10ft. High Lift with 6.5ft. Power Cord, 3 Nozzles for Fish Tank, P","1","amazon.com","Standard Orders","Amazon","CORONA","CA","92883","MarketplaceFacilitator","22.49","1.66","0.75","0","0","0","0","0","-1.88","0","-6.64","-12.84","-5.92","0","0","-2.38","Released","Mar 1, 2026 12:34:08 AM PST"
"Mar 1, 2026 12:34:08 AM PST","25788732721","Order","112-7321565-1721818","332572J","VIVOSUN 800GPH Submersible Pump(3000L/H, 24W), Ultra Quiet Water Fountain Pump with 10ft. High Lift with 6.5ft. Power Cord, 3 Nozzles for Fish Tank, P","1","amazon.com","Standard Orders","Amazon","CORONA","CA","92883","","22.49","1.66","0.75","0","0","0","0","0","-1.87","0","0","0","-5.92","0","0","17.11","Released","Mar 1, 2026 12:34:08 AM PST"
"Mar 1, 2026 12:34:08 AM PST","25788732721","Order","112-7321565-1721818","332572J","VIVOSUN 800GPH Submersible Pump(3000L/H, 24W), Ultra Quiet Water Fountain Pump with 10ft. High Lift with 6.5ft. Power Cord, 3 Nozzles for Fish Tank, P","1","amazon.com","Standard Orders","Amazon","CORONA","CA","92883","","22.49","1.66","0.74","0","0","0","0","0","-1.86","0","0","0","-5.92","0","0","17.11","Released","Mar 1, 2026 12:34:08 AM PST"
"Mar 1, 2026 12:34:08 AM PST","25788732721","Order","112-7321565-1721818","332572J","VIVOSUN 800GPH Submersible Pump(3000L/H, 24W), Ultra Quiet Water Fountain Pump with 10ft. High Lift with 6.5ft. Power Cord, 3 Nozzles for Fish Tank, P","1","amazon.com","Standard Orders","Amazon","CORONA","CA","92883","","22.49","1.66","0.75","0","0","0","0","0","-1.88","0","0","0","-5.92","0","0","17.10","Released","Mar 1, 2026 12:34:08 AM PST"
"Mar 1, 2026 12:34:29 AM PST","25788732721","Order","114-9343884-0164250","VSF-AWE6-G2","VIVOSUN AeroWave E6 Gen2, Grow Tent Clip Fan 6"", EC Motor, Smart Control, Powerful Oscillating Fan, Local Timer, Weatherproof IP54, for Hydroponics Ci","1","amazon.com","Standard Orders","Amazon","INDIANAPOLIS","IN","46221","MarketplaceFacilitator","46.99","3.29","0","0","0","0","0","0","0","0","-3.29","-7.05","-7.38","0","0","32.56","Released","Mar 1, 2026 12:34:29 AM PST"
"Mar 1, 2026 12:34:57 AM PST","25788732721","Order","111-1506264-4107469","VSG-SPRAY-PP2L","VIVOSUN 70oz Pump Sprayer, Portable Water Spray Bottle for Spraying Plants, Flowers, Weeds and Cleaning, Hand Pump with Side Filling Port, Measuring C","1","amazon.com","Standard Orders","Amazon","MENTOR","OH","44060","MarketplaceFacilitator","24.99","1.81","0","0","0","0","0","0","0","0","-1.81","-3.75","-7.61","0","0","13.63","Released","Mar 1, 2026 12:34:57 AM PST"
"Mar 1, 2026 12:34:57 AM PST","25788732721","Order","113-8238972-1408237","SST-2-0006","VIVOSUN 6-Pack Seed Starter Trays, 240-Cell Seed Starter Kit with 2 Set of LED Lights, 3.6"" Higher Cover, Adjustable Vents, Drainage Holes, Green Prop","1","amazon.com","Standard Orders","Amazon","ASHBY","MA","01431","MarketplaceFacilitator","59.99","3.75","0","0","0","0","0","0","0","0","-3.75","-9.00","-8.20","0","0","42.79","Released","Mar 1, 2026 12:34:57 AM PST"
"Mar 1, 2026 12:35:05 AM PST","25788732721","Order","113-6948285-4100246","SST-0002","VIVOSUN 12-Pack Seed Starter Trays, 144-Cell Seed Starter Kit with Humidity Dome, Flat Reusable Plant Germination Trays with Drain Hole, Green Propaga","1","amazon.com","Standard Orders","Amazon","PALATINE","IL","60074","MarketplaceFacilitator","22.49","2.25","0","0","0","0","0","0","0","0","-2.25","-3.37","-5.80","0","0","13.32","Released","Mar 1, 2026 12:35:05 AM PST"
"Mar 1, 2026 12:35:23 AM PST","25788732721","Order","111-3043497-7189066","AP-40","VIVOSUN Commercial Air Pump 1110 GPH 8 Outlet 40W 70L/min for Aquarium and Hydroponic Systems","3","amazon.com","Standard Orders","Amazon","GUAYAMA","PR","00785","MarketplaceFacilitator","132.27","14.46","0","0","0","0","0","0","-6.62","0","-14.46","-18.84","-21.90","0","0","84.91","Released","Mar 1, 2026 12:35:23 AM PST"
"Mar 1, 2026 12:35:24 AM PST","25788732721","Order","111-0991883-3759419","VSGB-7","VIVOSUN 5-Pack 7 Gallon Grow Bags, 500G Thick Nonwoven Fabric Pots with Strap Handles, Multi-Purpose Rings, for Low Stress Plant Training Fruits, Vege","1","amazon.com","Standard Orders","Amazon","JACKSONVILLE","FL","32258","MarketplaceFacilitator","21.99","1.65","0","0","0","0","0","0","0","0","-1.65","-3.30","-5.80","0","0","12.89","Released","Mar 1, 2026 12:35:24 AM PST"
"Mar 1, 2026 12:35:24 AM PST","25788732721","Order","114-4807341-5197823","VSF-AWD4x2","VIVOSUN AeroWave D4, 4"" Grow Tent Clip Fan with Detachable Hook, 3-Speed Strong & Quiet Airflow, Adjustable Airflow Angle for Hydroponics, Circulation","1","amazon.com","Standard Orders","Amazon","MADERA","CA","93637","MarketplaceFacilitator","37.99","3.13","0.60","0","0","0","0","0","-0.60","0","-3.13","-5.70","-5.33","0","0","26.96","Released","Mar 1, 2026 12:35:24 AM PST"
"Mar 1, 2026 12:35:43 AM PST","25788732721","Order","113-1362357-5017021","311003-4J","VIVOSUN 6.5 Inch Gardening Scissors Hand Pruner Pruning Shear with Straight Stainless Steel Blades Orange 1-Pack","1","amazon.com","Standard Orders","Amazon","CHESAPEAKE","VA","23321","MarketplaceFacilitator","6.49","0.39","1.50","0","0","0","0","0","-1.50","0","-0.39","-0.97","-2.49","0","0","3.03","Released","Mar 1, 2026 12:35:43 AM PST"
"Mar 1, 2026 12:35:52 AM PST","25788732721","Order","111-3043497-7189066","AP-40","VIVOSUN Commercial Air Pump 1110 GPH 8 Outlet 40W 70L/min for Aquarium and Hydroponic Systems","2","amazon.com","Standard Orders","Amazon","GUAYAMA","PR","00785","MarketplaceFacilitator","88.18","9.64","0","0","0","0","0","0","-4.40","0","-9.64","-12.56","-14.60","0","0","56.62","Released","Mar 1, 2026 12:35:52 AM PST"
"Mar 1, 2026 12:35:53 AM PST","25788732721","Order","114-9927408-9078630","VSL-LL100-N","VIVOSUN LumaLight 100W LED Grow Light, Full Spectrum Plant Light, Smart Dimmable & High PPFD for Indoor Plants Seedling Vegetables Bloom, Fits 2×2/2�","1","amazon.com","Standard Orders","Amazon","INDIANAPOLIS","IN","46221","MarketplaceFacilitator","69.98","4.65","0","0","0","0","0","0","-3.50","0","-4.65","-9.97","-8.12","0","0","48.39","Released","Mar 1, 2026 12:35:53 AM PST"
"Mar 1, 2026 12:36:06 AM PST","25788732721","Order","113-3323371-8168244","311001-5x5NJ","VIVOSUN 5-Pack 5 Gallon Grow Bags Heavy Duty 300G Thickened Nonwoven Plant Fabric Pots with Handles","1","amazon.com","Standard Orders","Amazon","LENOIR CITY","TN","37772","MarketplaceFacilitator","14.39","1.30","2.99","0","0","0","0","0","-2.99","0","-1.30","-2.16","-5.47","0","0","6.76","Released","Mar 1, 2026 12:36:06 AM PST"
"Mar 1, 2026 12:36:25 AM PST","25788732721","Order","112-3681497-6177056","332523J","VIVOSUN Air Stone Disc 8 x 8 Inch with Shell and Sucker for Aquarium, Fish Tank and Hydroponics Air Pump","1","amazon.com","Standard Orders","Amazon","KISSIMMEE","FL","34744","MarketplaceFacilitator","17.99","1.35","0","0","0","0","0","0","0","0","-1.35","-2.70","-5.80","0","0","9.49","Released","Mar 1, 2026 12:36:25 AM PST"
"Mar 1, 2026 12:36:47 AM PST","25788732721","Order","111-0939682-8105010","CL-002J","VIVOSUN Coco Liner Roll 16x120 in, 100% Natural Coconut Fiber Mat, Thickened Coir Liner for Planters, Hanging Baskets, Garden Decoration, DIY Crafts,","1","amazon.com","Standard Orders","Amazon","DANBURY","CT","06811","MarketplaceFacilitator","12.49","0.79","0","0","0","0","0","0","0","0","-0.79","-1.87","-8.25","0","0","2.37","Released","Mar 1, 2026 12:36:47 AM PST"
"Mar 1, 2026 12:36:53 AM PST","25788732721","Order","114-1978495-8108255","305130-PEN","VIVOSUN Digital pH and TDS Meter Kits, 0.01pH High Accuracy Pen Type pH Meter ± 2% Readout Accuracy 3-in-1 TDS EC Temperature Meter for Hydroponics,","1","amazon.com","Standard Orders","Amazon","MECHANICSVILLE","VA","23116","MarketplaceFacilitator","15.19","0.91","0","0","0","0","0","0","0","0","-0.91","-1.82","-3.65","0","0","9.72","Released","Mar 1, 2026 12:36:53 AM PST"
"Mar 1, 2026 12:37:01 AM PST","25788732721","Order","113-1799878-8607401","311001-10x5NJ","VIVOSUN 5-Pack 10 Gallon Plant Grow Bags, Heavy Duty Thickened Nonwoven Fabric Pots with Handles","2","amazon.com","Standard Orders","Amazon","ARGYLE","TX","76226","MarketplaceFacilitator","37.78","2.36","0","0","0","0","0","0","0","0","-2.36","-5.66","-11.94","0","0","20.18","Released","Mar 1, 2026 12:37:01 AM PST"
"Mar 1, 2026 12:37:06 AM PST","25788732721","Order","112-7743186-0869039","311003-5X6NJ","VIVOSUN 6-Pack 6.5 Inch Gardening Scissors Hand Pruner Pruning Shear with Titanium Coated Curved Precision Blades","1","amazon.com","Standard Orders","Amazon","PARKVILLE","MD","21234","MarketplaceFacilitator","18.99","1.14","0","0","0","0","0","0","0","0","-1.14","-2.85","-4.52","0","0","11.62","Released","Mar 1, 2026 12:37:06 AM PST"
"Mar 1, 2026 12:37:07 AM PST","25788732721","Order","111-1062218-9010652","GB0100J","VIVOSUN 5 Tier Vertical Gardening Stackable Planter for Strawberries, Flowers, Herbs, Vegetables, Ivory","1","amazon.com","Standard Orders","Amazon","AURORA","CO","80018","MarketplaceFacilitator","35.99","2.52","0","0","0","0","0","0","0","0","-2.52","-5.40","-11.73","0","0","18.86","Released","Mar 1, 2026 12:37:07 AM PST"
"Mar 1, 2026 12:37:15 AM PST","25788732721","Order","114-8398523-2013022","330101NJ","VIVOSUN Durable Waterproof Seedling Heat Mat 10"" x 20.75"" UL & MET-Certified Warm Hydroponic Heating Pad for Germination, Indoor Gardening, Greenhouse","1","amazon.com","Standard Orders","Amazon","WALLA WALLA","WA","99362","MarketplaceFacilitator","14.99","1.36","0","0","0","0","0","0","0","0","-1.36","-2.25","-4.60","0","0","8.14","Released","Mar 1, 2026 12:37:15 AM PST"
"Mar 1, 2026 12:37:16 AM PST","25788732721","Order","114-8158133-0996212","330301","VIVOSUN 10""x20.75"" Seedling Heat Mat with Built-in Temperature Controller, UL & MET-Certified Waterproof Plant Heating Pad for Germination, Hydroponic","1","amazon.com","Standard Orders","Amazon","SABINA","OH","45169","MarketplaceFacilitator","26.99","1.96","0","0","0","0","0","0","0","0","-1.96","-4.05","-4.60","0","0","18.34","Released","Mar 1, 2026 12:37:16 AM PST"
"Mar 1, 2026 12:37:36 AM PST","25788732721","Order","113-9447988-0947433","304113-P426","VIVOSUN PRO Grow Tent 2x4 Indoor Grow Tent with Thick 1 inch Poles Strengthened High Reflective Mylar Oxford Fabric Extra Hanging Bars & High CFM Kit","1","amazon.com","Standard Orders","Amazon","AURORA","CO","80012","MarketplaceFacilitator","139.99","11.20","0","0","0","0","0","0","0","0","-11.20","-21.00","-21.89","0","0","97.10","Released","Mar 1, 2026 12:37:36 AM PST"
"Mar 1, 2026 12:37:36 AM PST","25788732721","Order","113-8264345-2435436","304113-32","VIVOSUN S326 36""x20""x63"" Grow Tent, High Reflective Mylar with Observation Window and Floor Tray for Hydroponics Indoor Plant for VS1000/VS2000","1","amazon.com","Standard Orders","Amazon","ORLANDO","FL","32817","MarketplaceFacilitator","85.49","5.56","0","0","0","0","0","0","0","0","-5.56","-12.82","-15.43","0","0","57.24","Released","Mar 1, 2026 12:37:36 AM PST"
"Mar 1, 2026 12:37:36 AM PST","25788732721","Order","113-8264345-2435436","306201P-4","VIVOSUN R4 4 Inch 190 CFM Inline Duct Ventilation Fan with Variable Speed Controller for Grow Tent","1","amazon.com","Standard Orders","Amazon","ORLANDO","FL","32817","MarketplaceFacilitator","53.99","3.51","0","0","0","0","0","0","0","0","-3.51","-8.10","-10.21","0","0","35.68","Released","Mar 1, 2026 12:37:36 AM PST"
"Mar 1, 2026 12:37:50 AM PST","25788732721","Order","112-8023871-1858618","311001-30x5NJ","VIVOSUN 5-Pack 30 Gallons Grow Bags, Heavy Duty Thickened Nonwoven Fabric Pots with Handles","1","amazon.com","Standard Orders","Amazon","BATTLE CREEK","MI","49037","MarketplaceFacilitator","26.09","1.57","0","0","0","0","0","0","0","0","-3.14","-7.82","-7.38","0","0","9.32","Released","Mar 1, 2026 12:37:50 AM PST"
"Mar 1, 2026 12:37:50 AM PST","25788732721","Order","112-8023871-1858618","311001-30x5NJ","VIVOSUN 5-Pack 30 Gallons Grow Bags, Heavy Duty Thickened Nonwoven Fabric Pots with Handles","1","amazon.com","Standard Orders","Amazon","BATTLE CREEK","MI","49037","","26.09","1.57","0","0","0","0","0","0","0","0","0","0","-7.38","0","0","20.28","Released","Mar 1, 2026 12:37:50 AM PST"
"Mar 1, 2026 12:37:51 AM PST","25788732721","Order","113-8496644-8129804","306101W-4J","VIVOSUN D4 4 Inch 195 CFM Inline Duct Ventilation Fan, HVAC Vent Blower for Grow Tent, Attic, Basements or Kitchen, Hydroponics Exhaust Booster Fan","1","amazon.com","Standard Orders","Amazon","Everett","Wa","98201","MarketplaceFacilitator","25.64","2.54","0","0","0","0","0","0","0","0","-2.54","-3.85","-6.82","0","0","14.97","Released","Mar 1, 2026 12:37:51 AM PST"
"Mar 1, 2026 12:37:52 AM PST","25788732721","Order","113-9192762-1349831","330702X2NJ","VIVOSUN 5 x 30 ft. Plant Trellis Netting, Heavy-Duty Polyester Grow Net, Garden Trellis Netting with Square Mesh for Climbing Plants, Vegetables, Frui","1","amazon.com","Standard Orders","Amazon","GRAPEVINE","TX","76051","MarketplaceFacilitator","16.49","1.36","0","0","0","0","0","0","0","0","-1.36","-2.47","-4.13","0","0","9.89","Released","Mar 1, 2026 12:37:52 AM PST"
"Mar 1, 2026 12:37:52 AM PST","25788732721","Order","113-4188419-5285068","VSL-LL150-N","VIVOSUN LumaLight 150W LED Grow Light, Full Spectrum Plant Light, Smart Dimmable & High PPFD for Indoor Plants Seedling Vegetables Bloom, Fits 2.7×2.","1","amazon.com","Standard Orders","Amazon","ENGLEWOOD","CO","80111","MarketplaceFacilitator","99.99","4.25","0","0","0","0","0","0","0","0","-4.25","-15.00","-10.59","0","0","74.40","Released","Mar 1, 2026 12:37:52 AM PST"
"Mar 1, 2026 12:38:12 AM PST","25788732721","Order","111-1907330-4280234","SPray-2L-BG","VIVOSUN 0.5Gal Handheld Garden Sprayer, 2L Pump Sprayer, 68 Oz Water Spray Bottle with Safety Valve, Adjustable Nozzle, Extended Spray Rod & Additiona","1","amazon.com","Standard Orders","Amazon","GIG HARBOR","WA","98335","MarketplaceFacilitator","19.79","1.60","0","0","0","0","0","0","0","0","-1.60","-2.97","-6.82","0","0","10.00","Released","Mar 1, 2026 12:38:12 AM PST"
"Mar 1, 2026 12:38:13 AM PST","25788732721","Order","113-3931617-5793831","330104CNJ","VIVOSUN 3"" x 20"" Seedling Heat Mat and Digital Thermostat Combo Set, UL & MET-Certified Heating Pad for Hydroponic, Kombucha Tea, Brewing, Fermentatio","1","amazon.com","Standard Orders","Amazon","NORTH MIAMI BEACH","FL","33162","MarketplaceFacilitator","23.39","1.64","0","0","0","0","0","0","0","0","-1.64","-3.51","-4.95","0","0","14.93","Released","Mar 1, 2026 12:38:13 AM PST"
"Mar 1, 2026 12:38:31 AM PST","25788732721","Order","114-0836791-8607450","RC-0004","VIVOSUN 72 Rockwool Cubes & Net Pots Set for Hydroponics, 1.2"" x 1.2"" x 1.6"" Cubes, 72 Plugs & 72 2"" Net Cups for Hydroponic Growing, Seed-Starting, C","1","amazon.com","Standard Orders","Amazon","CAMERON","NC","28326","MarketplaceFacilitator","23.99","1.68","0","0","0","0","0","0","0","0","-1.68","-3.60","-7.30","0","0","13.09","Released","Mar 1, 2026 12:38:31 AM PST"
"Mar 1, 2026 12:39:15 AM PST","25788732721","Order","112-5284310-5552226","NB-001J","VIVOSUN Liquid Nutrients Base A & B Bundle, Grow Big Hydroponic Fertilizer, Supports Vegetative and Flowering Stages for Outdoor, Indoor Plants, Best","1","amazon.com","Standard Orders","Amazon","Wilmington","NC","28409","MarketplaceFacilitator","35.99","2.52","0","0","0","0","0","0","0","0","-2.52","-5.40","-7.46","0","0","23.13","Released","Mar 1, 2026 12:39:15 AM PST"
"Mar 1, 2026 12:39:46 AM PST","25788732721","Refund","113-3744213-5065023","305140-PEN","VIVOSUN Digital pH and TDS Meter Kits, 0.01pH High Accuracy Pen Type pH Meter ± 2% Readout Accuracy 3-in-1 TDS EC Temperature Meter for Hydroponics,","1","amazon.com","Standard Orders","Amazon","CINCINNATI","OH","45241","MarketplaceFacilitator","-9.00","-0.70","0","0","0","0","0","0","0","0","0.70","0.86","0","0","0","-8.14","Released","Mar 1, 2026 12:39:46 AM PST"
"Mar 1, 2026 12:40:09 AM PST","25788732721","Order","114-0295841-9616215","305130-PEN","VIVOSUN Digital pH and TDS Meter Kits, 0.01pH High Accuracy Pen Type pH Meter ± 2% Readout Accuracy 3-in-1 TDS EC Temperature Meter for Hydroponics,","1","amazon.com","Standard Orders","Amazon","SKOKIE","IL","60076","MarketplaceFacilitator","15.19","1.56","1.50","0","0","0","0","0","-1.50","0","-1.56","-1.82","-3.65","0","0","9.72","Released","Mar 1, 2026 12:40:09 AM PST"
"Mar 1, 2026 12:40:09 AM PST","25788732721","Order","114-5348490-7134640","330101NJ","VIVOSUN Durable Waterproof Seedling Heat Mat 10"" x 20.75"" UL & MET-Certified Warm Hydroponic Heating Pad for Germination, Indoor Gardening, Greenhouse","1","amazon.com","Standard Orders","Amazon","PASCO","WA","99301","MarketplaceFacilitator","14.99","1.33","0","0","0","0","0","0","0","0","-1.33","-2.25","-4.52","0","0","8.22","Released","Mar 1, 2026 12:40:09 AM PST"
"Mar 1, 2026 12:40:12 AM PST","25788732721","Order","113-2557587-8807446","332023J","VIVOSUN Slide-Out Jewelry Loupe Magnifier 30X 60X 90X LED Lighted Eye Loupe with UV Light for Jewelry, Diamonds, Gems, Coins, Stamps, Rocks, Black","1","amazon.com","Standard Orders","Amazon","WILMINGTON","OH","45177","MarketplaceFacilitator","12.34","0.89","0","0","0","0","0","0","0","0","-0.89","-1.48","-3.73","0","0","7.13","Released","Mar 1, 2026 12:40:12 AM PST"
"Mar 1, 2026 12:40:50 AM PST","25788732721","Order","111-4697821-2167438","311001-20x5NJ","VIVOSUN 5-Pack 20 Gallon Plant Grow Bags, Heavy Duty Thickened Nonwoven Fabric Pots with Handles","1","amazon.com","Standard Orders","Amazon","NEW ORLEANS","LA","70117","MarketplaceFacilitator","20.49","2.05","0","0","0","0","0","0","0","0","-2.05","-3.07","-7.14","0","0","10.28","Released","Mar 1, 2026 12:40:50 AM PST"
"Mar 1, 2026 12:41:14 AM PST","25788732721","Order","111-1506022-8300265","VSF-AWE9","VIVOSUN AeroWave E9 Grow Tent Fan 9"", EC Motor, WiFi-Controllable, US Patented Auto Oscillating Clip fan, IP54 Weatherproof, Strong Airflow & Quiet fo","1","amazon.com","Standard Orders","Amazon","PARKER","CO","80138","MarketplaceFacilitator","59.99","2.34","0","0","0","0","0","0","0","0","-4.68","-18.00","-8.28","0","0","31.37","Released","Mar 1, 2026 12:41:14 AM PST"
"Mar 1, 2026 12:41:14 AM PST","25788732721","Order","111-1506022-8300265","VSF-AWE9","VIVOSUN AeroWave E9 Grow Tent Fan 9"", EC Motor, WiFi-Controllable, US Patented Auto Oscillating Clip fan, IP54 Weatherproof, Strong Airflow & Quiet fo","1","amazon.com","Standard Orders","Amazon","PARKER","CO","80138","","59.99","2.34","0","0","0","0","0","0","0","0","0","0","-8.28","0","0","54.05","Released","Mar 1, 2026 12:41:14 AM PST"
"Mar 1, 2026 12:41:57 AM PST","25788732721","Order","113-8754470-6401857","330120x1J","VIVOSUN 1-Pack LCD Digital Aquarium Thermometer Fish Tank Water Terrarium Temperature with Suction Cup for Turtle","1","amazon.com","Standard Orders","Amazon","MARINA DEL REY","CA","90292","MarketplaceFacilitator","7.99","0.78","0","0","0","0","0","0","0","0","-0.78","-1.20","-2.91","0","0","3.88","Released","Mar 1, 2026 12:41:57 AM PST"
"Mar 1, 2026 12:42:35 AM PST","25788732721","Order","114-2173264-1087439","332574J","VIVOSUN 130GPH Submersible Pump(500L/H, 6W), Ultra Quiet Water Pump with 2.6ft High Lift, Fountain Water Pump with 5ft Power Cord, 2 Nozzles for Fish","1","amazon.com","Standard Orders","Amazon","TAMPA","FL","33647","MarketplaceFacilitator","13.49","1.01","0","0","0","0","0","0","0","0","-1.01","-2.02","-4.13","0","0","7.34","Released","Mar 1, 2026 12:42:35 AM PST"
"Mar 1, 2026 12:43:22 AM PST","25788732721","Order","114-0206520-3011461","332572J","VIVOSUN 800GPH Submersible Pump(3000L/H, 24W), Ultra Quiet Water Fountain Pump with 10ft. High Lift with 6.5ft. Power Cord, 3 Nozzles for Fish Tank, P","1","amazon.com","Standard Orders","Amazon","FORT LAUDERDALE","FL","33304","MarketplaceFacilitator","22.49","1.57","1.00","0","0","0","0","0","-1.00","0","-1.57","-3.37","-5.92","0","0","13.20","Released","Mar 1, 2026 12:43:22 AM PST"
"Mar 1, 2026 12:43:58 AM PST","25788732721","Order","112-7342580-8266601","WP-330","VIVOSUN 115V Water Transfer Pump, 1/10HP 330 GPH Portable Utility Pump with Water Hose Kit, Ideal for Removing Water from Gardens, Hot Tubs, Rain Barr","1","amazon.com","Standard Orders","Amazon","STOCKTON","CA","95206","MarketplaceFacilitator","44.99","4.05","0","0","0","0","0","0","0","0","-4.05","-6.75","-7.70","0","0","30.54","Released","Mar 1, 2026 12:43:58 AM PST"
"Mar 1, 2026 12:44:02 AM PST","25788732721","Order","111-3489840-1021067","330101x2NJ","VIVOSUN 2 Pack Durable Waterproof Seedling Heat Mat 10"" x 20.75"" UL & MET-Certified Warm Hydroponic Heating Pad for Germination, Indoor Gardening, Gre","1","amazon.com","Standard Orders","Amazon","MADISON","WISCONSIN","53704","MarketplaceFacilitator","25.19","1.39","2.99","0","0","0","0","0","-2.99","0","-1.39","-3.78","-5.57","0","0","15.84","Released","Mar 1, 2026 12:44:02 AM PST"
"Mar 1, 2026 12:44:07 AM PST","25788732721","Order","114-5901244-7668226","NB-001J","VIVOSUN Liquid Nutrients Base A & B Bundle, Grow Big Hydroponic Fertilizer, Supports Vegetative and Flowering Stages for Outdoor, Indoor Plants, Best","1","amazon.com","Standard Orders","Amazon","BETHLEHEM","CT","06751","MarketplaceFacilitator","35.99","2.29","2.99","0","0","0","0","0","-2.99","0","-2.29","-5.40","-7.69","0","0","22.90","Released","Mar 1, 2026 12:44:07 AM PST"
"Mar 1, 2026 12:44:20 AM PST","25788732721","Order","111-1800627-0854612","330104NJ","VIVOSUN Durable Waterproof Seedling Heat Mat 3"" x 20"" UL & MET-Certified Heating Pad for Hydroponic, Kombucha Tea, Brewing, Fermentation & Plant Germi","2","amazon.com","Standard Orders","Amazon","BEAVERTON","OR","97003","","23.98","0","0","0","0","0","0","0","0","0","0","-3.60","-7.82","0","0","12.56","Released","Mar 1, 2026 12:44:20 AM PST"
"Mar 1, 2026 12:44:28 AM PST","25788732721","Order","114-0946243-6157818","330101x2NJ","VIVOSUN 2 Pack Durable Waterproof Seedling Heat Mat 10"" x 20.75"" UL & MET-Certified Warm Hydroponic Heating Pad for Germination, Indoor Gardening, Gre","1","amazon.com","Standard Orders","Amazon","SARASOTA","FL","34232","MarketplaceFacilitator","25.19","1.76","0","0","0","0","0","0","0","0","-1.76","-3.78","-5.47","0","0","15.94","Released","Mar 1, 2026 12:44:28 AM PST"
"Mar 1, 2026 12:44:29 AM PST","25788732721","Order","114-6069234-9511459","Spray-SX-CS4J","VIVOSUN 1 Gal/4L Pump Sprayer, Garden Water Sprayer for Plants, Weeds & Lawn Care, with 3 Nozzles, 50'' Long Hose & Pressure Relief Valve","2","amazon.com","Standard Orders","Amazon","STOCKTON","CA","95209","MarketplaceFacilitator","50.46","4.54","0","0","0","0","0","0","0","0","-4.54","-7.56","-16.50","0","0","26.40","Released","Mar 1, 2026 12:44:29 AM PST"
"Mar 1, 2026 12:44:37 AM PST","25788732721","Order","111-9509465-8218603","AP-40","VIVOSUN Commercial Air Pump 1110 GPH 8 Outlet 40W 70L/min for Aquarium and Hydroponic Systems","1","amazon.com","Standard Orders","Amazon","ORLANDO","FL","32825","MarketplaceFacilitator","44.09","2.87","0","0","0","0","0","0","0","0","-2.87","-6.61","-7.30","0","0","30.18","Released","Mar 1, 2026 12:44:37 AM PST"
"Mar 1, 2026 12:44:46 AM PST","25788732721","Order","112-5438761-6588244","311021-10x5J","VIVOSUN 5-Pack 10 Gallons Grow Bags Heavy Duty Thickened Nonwoven Fabric Pots with Strap Handles Tan","1","amazon.com","Standard Orders","Amazon","MARIETTA","GA","30067","MarketplaceFacilitator","18.89","1.13","0","0","0","0","0","0","0","0","-1.13","-2.83","-5.80","0","0","10.26","Released","Mar 1, 2026 12:44:46 AM PST"
"Mar 1, 2026 12:45:05 AM PST","25788732721","Order","112-1245936-3149039","Spray-SX-CS4J","VIVOSUN 1 Gal/4L Pump Sprayer, Garden Water Sprayer for Plants, Weeds & Lawn Care, with 3 Nozzles, 50'' Long Hose & Pressure Relief Valve","1","amazon.com","Standard Orders","Amazon","DENVER","CO","80224","MarketplaceFacilitator","32.99","3.02","0","0","0","0","0","0","0","0","-3.02","-4.95","-8.25","0","0","19.79","Released","Mar 1, 2026 12:45:05 AM PST"
"Mar 1, 2026 12:45:13 AM PST","25788732721","Order","111-0339232-8981030","305131-PENJ","VIVOSUN Digital pH Meter, 0.01pH High Accuracy Pen Type pH Tester for Hydroponics, Household Drinking, Pool and Aquarium, Yellow, UL Certified","1","amazon.com","Standard Orders","Amazon","INGLEWOOD","CA","90302","MarketplaceFacilitator","11.39","1.17","0","0","0","0","0","0","0","0","-1.17","-1.37","-3.80","0","0","6.22","Released","Mar 1, 2026 12:45:13 AM PST"
"Mar 1, 2026 12:45:18 AM PST","25788732721","Order","112-7937798-0245800","307281-2J","VIVOSUN Clamp Lamp Light with Detachable 8.5 Inch Aluminum Reflector up to 150 Watt E26 Socket (No Bulb Included), 6 Feet Cord, UL Listed, Pack of 2","1","amazon.com","Standard Orders","Amazon","VALLEY SPRINGS","CA","95252","MarketplaceFacilitator","24.99","2.06","0","0","0","0","0","0","0","0","-2.06","-3.75","-7.93","0","0","13.31","Released","Mar 1, 2026 12:45:18 AM PST"
"Mar 1, 2026 12:45:18 AM PST","25788732721","Order","111-4692241-2248236","332572J","VIVOSUN 800GPH Submersible Pump(3000L/H, 24W), Ultra Quiet Water Fountain Pump with 10ft. High Lift with 6.5ft. Power Cord, 3 Nozzles for Fish Tank, P","1","amazon.com","Standard Orders","Amazon","Bogotá","Cundinamarca","","","22.49","0","8.35","0","0","0","0","0","-8.35","0","0","-3.37","-5.80","0","0","13.32","Released","Mar 1, 2026 12:45:18 AM PST"
"Mar 1, 2026 12:45:26 AM PST","25788732721","Order","112-9446910-3593854","VSC-GCC4","VIVOSUN GrowCam C4, 2K QHD WiFi Smart Camera for Grow Tent & VGrow Smart Grow Box, Supports 2.4GHz WiFi (Not 5GHz/6GHz), Timelapse, Night Vision, SD C","1","amazon.com","Standard Orders","Amazon","DENTON","TX","76208","MarketplaceFacilitator","49.99","4.12","0","0","0","0","0","0","0","0","-4.12","-4.00","-4.20","0","0","41.79","Released","Mar 1, 2026 12:45:26 AM PST"
"Mar 1, 2026 12:45:40 AM PST","25788732721","Order","113-5570443-8706660","332572J","VIVOSUN 800GPH Submersible Pump(3000L/H, 24W), Ultra Quiet Water Fountain Pump with 10ft. High Lift with 6.5ft. Power Cord, 3 Nozzles for Fish Tank, P","1","amazon.com","Standard Orders","Amazon","LODI","CA","95242","MarketplaceFacilitator","22.49","1.86","0","0","0","0","0","0","0","0","-1.86","-3.37","-5.80","0","0","13.32","Released","Mar 1, 2026 12:45:40 AM PST"
"Mar 1, 2026 12:45:40 AM PST","25788732721","Order","112-7827320-6735455","NB-002J","VIVOSUN Liquid Nutrients Base A & B Bundle, Grow Big Hydroponic Fertilizer, Supports Vegetative and Flowering Stages for Outdoor, Indoor Plants, Best","1","amazon.com","Standard Orders","Amazon","ALOHA","OR","97078","","19.99","0","0","0","0","0","0","0","0","0","0","-3.00","-5.33","0","0","11.66","Released","Mar 1, 2026 12:45:40 AM PST"
"Mar 1, 2026 12:45:49 AM PST","25788732721","Order","114-1472870-7037006","306104-4C","VIVOSUN 4 Inch Flexible Aluminum Ducting, 25 Feet Long Flex Air Duct with 2 Clamps, Heavy-Duty Multi-Layer Dryer Hose Vent Kit for Heating Cooling Ven","1","amazon.com","Standard Orders","Amazon","WATERFORD","CA","95386","MarketplaceFacilitator","18.99","1.50","0","0","0","0","0","0","0","0","-1.50","-2.85","-6.12","0","0","10.02","Released","Mar 1, 2026 12:45:49 AM PST"
"Mar 1, 2026 12:45:53 AM PST","25788732721","Order","114-0361676-3964265","330103NJ","VIVOSUN Durable Waterproof Seedling Heat Mat 48"" x 20.75"" UL & MET-Certified Warm Hydroponic Heating Pad for Germination, Indoor Gardening, Greenhouse","1","amazon.com","Standard Orders","Amazon","WICHITA","KS","67216","MarketplaceFacilitator","39.09","2.93","1.07","0","0","0","0","0","-1.07","0","-2.93","-5.86","-9.82","0","0","23.41","Released","Mar 1, 2026 12:45:53 AM PST"
"Mar 1, 2026 12:46:03 AM PST","25788732721","Order","112-2889128-1296260","333101-G2J","VIVOSUN 2-Pack Indoor Hydroponics LED Grow Room Glasses with Glasses Case","1","amazon.com","Standard Orders","Amazon","EAST GREENWICH","RI","02818","MarketplaceFacilitator","23.99","1.68","0","0","0","0","0","0","0","0","-1.68","-3.60","-4.60","0","0","15.79","Released","Mar 1, 2026 12:46:03 AM PST"
"Mar 1, 2026 12:46:12 AM PST","25788732721","Order","112-6943255-4673853","LR-0001","VIVOSUN 2-Piece Leaf Rake Set - Adjustable Garden/Camping Rake with 15/9 Tines, Collapsing Tines & Telescopic Handle (64'' & 30'')","1","amazon.com","Standard Orders","Amazon","SEGUIN","TX","78155","MarketplaceFacilitator","17.99","1.21","0","0","0","0","0","0","0","0","-1.21","-2.70","-9.07","0","0","6.22","Released","Mar 1, 2026 12:46:12 AM PST"
"Mar 1, 2026 12:46:12 AM PST","25788732721","Order","114-2449495-0422639","TGB-0003","VIVOSUN 3-Pack 10 Gallon Visible Potato Grow Bags, 320G Thick Nonwoven Fabric Pots with Strap Handles, Shade Cloth & 10 Pcs Plant Labels for Flowers,","1","amazon.com","Standard Orders","Amazon","NASHUA","NH","03063","","21.99","0","0","0","0","0","0","0","0","0","0","-3.30","-5.47","0","0","13.22","Released","Mar 1, 2026 12:46:12 AM PST"
"Mar 1, 2026 12:46:26 AM PST","25788732721","Order","113-4366016-1523439","SPray-08L-GJ","VIVOSUN 27oz Pump Sprayer, Handheld Garden Water Sprayer Bottle with Adjustable Brass Nozzle, for Spraying Plants, Flowers, Weeds and Cleaning, Green","1","amazon.com","Standard Orders","Amazon","BELVIDERE","NJ","07823","MarketplaceFacilitator","17.09","1.13","0","0","0","0","0","0","0","0","-1.13","-2.56","-6.82","0","0","7.71","Released","Mar 1, 2026 12:46:26 AM PST"
"Mar 1, 2026 12:46:29 AM PST","25788732721","Order","112-8419827-0589051","330101NJ","VIVOSUN Durable Waterproof Seedling Heat Mat 10"" x 20.75"" UL & MET-Certified Warm Hydroponic Heating Pad for Germination, Indoor Gardening, Greenhouse","1","amazon.com","Standard Orders","Amazon","TIMNATH","CO","80547","MarketplaceFacilitator","14.99","1.23","1.00","0","0","0","0","0","-1.00","0","-1.23","-2.25","-4.52","0","0","8.22","Released","Mar 1, 2026 12:46:29 AM PST"
"Mar 1, 2026 12:46:30 AM PST","25788732721","Order","112-4584116-5523427","311003-4J","VIVOSUN 6.5 Inch Gardening Scissors Hand Pruner Pruning Shear with Straight Stainless Steel Blades Orange 1-Pack","1","amazon.com","Standard Orders","Amazon","CATHARPIN","VA","20143","MarketplaceFacilitator","6.49","0.39","0","0","0","0","0","0","0","0","-0.39","-0.97","-2.49","0","0","3.03","Released","Mar 1, 2026 12:46:30 AM PST"
"Mar 1, 2026 12:46:34 AM PST","25788732721","Order","112-9263338-8426607","HR-0000B","VIVOSUN Outdoor Handrail, 2 Step Stair Handrail, 26"" x 36"" Fits 1 to 2 Steps, Wrought Mattle Iron Stair Railing with Curved Ends and Balusters for Con","1","amazon.com","Standard Orders","Amazon","DERBY","KS","67037","MarketplaceFacilitator","67.99","5.10","0","0","0","0","0","0","0","0","-5.10","-10.20","-14.67","0","0","43.12","Released","Mar 1, 2026 12:46:34 AM PST"
"Mar 1, 2026 12:46:48 AM PST","25788732721","Order","114-4392432-9325015","VSV-IFM4","VIVOSUN M4 4-Inch Inline Duct Fan, 195 CFM Ventilation Fan with EC Motor, Adjustable Speed, Energy-efficient Vent Blower for HVAC, Grow Tent, Hydropon","1","amazon.com","Standard Orders","Amazon","ORLANDO","FL","32832","MarketplaceFacilitator","35.39","2.30","0","0","0","0","0","0","0","0","-2.30","-5.31","-7.30","0","0","22.78","Released","Mar 1, 2026 12:46:48 AM PST"
"Mar 1, 2026 12:46:49 AM PST","25788732721","Order","114-9992311-3609066","332576J","VIVOSUN 400GPH Submersible Pump(1500L/H, 15W), Ultra Quiet Water Pump with 5.2ft High Lift, Fountain Pump with 5ft Power Cord, 3 Nozzles for Fish Tank","1","amazon.com","Standard Orders","Amazon","FALL RIVER","MA","02721","MarketplaceFacilitator","16.19","1.01","0","0","0","0","0","0","0","0","-1.01","-2.43","-5.04","0","0","8.72","Released","Mar 1, 2026 12:46:49 AM PST"
"Mar 1, 2026 12:46:58 AM PST","25788732721","Order","114-7556064-3281813","311001-20x5NJ","VIVOSUN 5-Pack 20 Gallon Plant Grow Bags, Heavy Duty Thickened Nonwoven Fabric Pots with Handles","1","amazon.com","Standard Orders","Amazon","NORCROSS","GA","30092","MarketplaceFacilitator","20.49","1.23","0","0","0","0","0","0","0","0","-1.23","-3.07","-7.14","0","0","10.28","Released","Mar 1, 2026 12:46:58 AM PST"
"Mar 1, 2026 12:47:11 AM PST","25788732721","Order","111-6861469-9473020","330101CNJ","VIVOSUN 10""x 20.75"" Seedling Heat Mat and Digital Thermostat Combo Set, UL & MET-Certified Warm Hydroponic Heating Pad for Germination, Indoor Gardeni","1","amazon.com","Standard Orders","Amazon","MILFORD","NH","03055","","24.79","0","0","0","0","0","0","0","-1.24","0","0","-14.12","-5.47","0","0","3.96","Released","Mar 1, 2026 12:47:11 AM PST"
"Mar 1, 2026 12:47:11 AM PST","25788732721","Order","111-6861469-9473020","330101CNJ","VIVOSUN 10""x 20.75"" Seedling Heat Mat and Digital Thermostat Combo Set, UL & MET-Certified Warm Hydroponic Heating Pad for Germination, Indoor Gardeni","2","amazon.com","Standard Orders","Amazon","MILFORD","NH","03055","","49.58","0","0","0","0","0","0","0","-2.48","0","0","0","-10.94","0","0","36.16","Released","Mar 1, 2026 12:47:11 AM PST"
"Mar 1, 2026 12:47:11 AM PST","25788732721","Order","111-6861469-9473020","330101CNJ","VIVOSUN 10""x 20.75"" Seedling Heat Mat and Digital Thermostat Combo Set, UL & MET-Certified Warm Hydroponic Heating Pad for Germination, Indoor Gardeni","1","amazon.com","Standard Orders","Amazon","MILFORD","NH","03055","","24.79","0","0","0","0","0","0","0","-1.24","0","0","0","-5.47","0","0","18.08","Released","Mar 1, 2026 12:47:11 AM PST"
"Mar 1, 2026 12:48:09 AM PST","25788732721","Order","113-4755477-8012257","330101x2NJ","VIVOSUN 2 Pack Durable Waterproof Seedling Heat Mat 10"" x 20.75"" UL & MET-Certified Warm Hydroponic Heating Pad for Germination, Indoor Gardening, Gre","1","amazon.com","Standard Orders","Amazon","SWARTZ CREEK","MI","48473","MarketplaceFacilitator","25.19","1.51","0","0","0","0","0","0","0","0","-1.51","-3.78","-5.47","0","0","15.94","Released","Mar 1, 2026 12:48:09 AM PST"
"Mar 1, 2026 12:48:13 AM PST","25788732721","Order","112-2920099-1092261","VSV-IFM4","VIVOSUN M4 4-Inch Inline Duct Fan, 195 CFM Ventilation Fan with EC Motor, Adjustable Speed, Energy-efficient Vent Blower for HVAC, Grow Tent, Hydropon","1","amazon.com","Standard Orders","Amazon","MANCOS","CO","81328","MarketplaceFacilitator","35.39","1.17","0","0","0","0","0","0","0","0","-1.17","-5.31","-7.30","0","0","22.78","Released","Mar 1, 2026 12:48:13 AM PST"
"Mar 1, 2026 12:48:39 AM PST","25788732721","Order","113-0145332-6291417","RC-0001-4","VIVOSUN 1.6"" Rockwool Cubes, 112 Plugs Stonewool Starter Grow Cubes for Cuttings, Cloning, Plant Propagation, Seed Starting, Hydroponic Grow Media for","1","amazon.com","Standard Orders","Amazon","BRIGHTON","CO","80603","MarketplaceFacilitator","19.79","1.37","1.50","0","0","0","0","0","-1.50","0","-1.37","-2.97","-7.21","0","0","9.61","Released","Mar 1, 2026 12:48:39 AM PST"
"Mar 1, 2026 12:48:57 AM PST","25788732721","Order","112-8980194-7405016","VSG-SPRAY-PP2L","VIVOSUN 70oz Pump Sprayer, Portable Water Spray Bottle for Spraying Plants, Flowers, Weeds and Cleaning, Hand Pump with Side Filling Port, Measuring C","1","amazon.com","Standard Orders","Amazon","UNION CITY","CA","94587","MarketplaceFacilitator","24.99","2.69","0","0","0","0","0","0","0","0","-2.69","-3.75","-7.61","0","0","13.63","Released","Mar 1, 2026 12:48:57 AM PST"
"Mar 1, 2026 12:49:25 AM PST","25788732721","Order","113-2865260-6975459","331101-8","VIVOSUN 8 Inch Inline Duct Fan 420 CFM, HVAC Exhaust Ventilation Fan with Low Noise for Basements, Bathrooms, Kitchens and Attics, Silver","1","amazon.com","Standard Orders","Amazon","CHINA GROVE","NC","28023","MarketplaceFacilitator","35.98","2.52","0","0","0","0","0","0","0","0","-2.52","-5.40","-7.06","0","0","23.52","Released","Mar 1, 2026 12:49:25 AM PST"
"Mar 1, 2026 12:50:35 AM PST","25788732721","Order","111-3531969-8078630","305131-PENJ","VIVOSUN Digital pH Meter, 0.01pH High Accuracy Pen Type pH Tester for Hydroponics, Household Drinking, Pool and Aquarium, Yellow, UL Certified","1","amazon.com","Standard Orders","Amazon","CENTRALIA","WA","98531","MarketplaceFacilitator","11.39","0.91","0","0","0","0","0","0","0","0","-0.91","-1.37","-3.80","0","0","6.22","Released","Mar 1, 2026 12:50:35 AM PST"
"Mar 1, 2026 12:50:38 AM PST","25788732721","Liquidations","334017813083551","X004T1JW5V","VIVOSUN Grow Tent Kit, 2 × 2ft 1-Plant System, WiFi-Controlled Grow System with Full Spectrum LED Grow Light, Automatic Ventilation, GrowHub Outlet A22 with Temperature and Humidity Sensor","1","","Standard Orders","","","","","","28.55","0","0","0","0","0","0","0","0","0","0","0","0","-11.58","0","16.97","Deferred",
"Mar 1, 2026 12:50:39 AM PST","25788732721","Order","114-2152308-8451435","330101CNJ","VIVOSUN 10""x 20.75"" Seedling Heat Mat and Digital Thermostat Combo Set, UL & MET-Certified Warm Hydroponic Heating Pad for Germination, Indoor Gardeni","1","amazon.com","Standard Orders","Amazon","CARO","MI","48723","MarketplaceFacilitator","24.79","1.49","0","0","0","0","0","0","0","0","-1.49","-3.72","-5.47","0","0","15.60","Released","Mar 1, 2026 12:50:39 AM PST"
"Mar 1, 2026 12:50:44 AM PST","25788732721","Order","111-3595925-8846667","311003-4J","VIVOSUN 6.5 Inch Gardening Scissors Hand Pruner Pruning Shear with Straight Stainless Steel Blades Orange 1-Pack","1","amazon.com","Standard Orders","Amazon","SANTA CLARA","CA","95050","MarketplaceFacilitator","6.49","0.59","0","0","0","0","0","0","0","0","-0.59","-0.97","-2.45","0","0","3.07","Released","Mar 1, 2026 12:50:44 AM PST"
"Mar 1, 2026 12:50:55 AM PST","25788732721","Order","114-5022220-1716208","VSV-WVK4","VIVOSUN Portable AC Sliding Door Vent Kit, 16.9""/21.2""-88.6"" Length Adjustable, Fits 5.1"" & 5.9"" Exhaust Hose for Sliding Doors or Windows","1","amazon.com","Standard Orders","Amazon","CAPE CORAL","FL","33991","MarketplaceFacilitator","27.99","1.82","0","0","0","0","0","0","0","0","-1.82","-4.20","-7.77","0","0","16.02","Released","Mar 1, 2026 12:50:55 AM PST"
"Mar 1, 2026 12:50:55 AM PST","25788732721","Order","114-6479146-9297868","330101NJ","VIVOSUN Durable Waterproof Seedling Heat Mat 10"" x 20.75"" UL & MET-Certified Warm Hydroponic Heating Pad for Germination, Indoor Gardening, Greenhouse","2","amazon.com","Standard Orders","Amazon","ESPANOLA","NM","87532","MarketplaceFacilitator","29.98","2.60","0","0","0","0","0","0","0","0","-2.60","-4.50","-9.04","0","0","16.44","Released","Mar 1, 2026 12:50:55 AM PST"
"Mar 1, 2026 12:50:59 AM PST","25788732721","Order","112-7941895-0847454","311001-5x5NJ","VIVOSUN 5-Pack 5 Gallon Grow Bags Heavy Duty 300G Thickened Nonwoven Plant Fabric Pots with Handles","1","amazon.com","Standard Orders","Amazon","MINNEOLA","FL","34715","MarketplaceFacilitator","14.39","1.01","0","0","0","0","0","0","0","0","-1.01","-2.16","-5.47","0","0","6.76","Released","Mar 1, 2026 12:50:59 AM PST"
"Mar 1, 2026 12:51:10 AM PST","25788732721","Order","114-7359781-6912248","311001-5x5NJ","VIVOSUN 5-Pack 5 Gallon Grow Bags Heavy Duty 300G Thickened Nonwoven Plant Fabric Pots with Handles","1","amazon.com","Standard Orders","Amazon","SANTA FE","NM","87501","MarketplaceFacilitator","14.39","1.12","0","0","0","0","0","0","-0.72","0","-2.24","-4.10","-5.47","0","0","2.98","Released","Mar 1, 2026 12:51:10 AM PST"
"Mar 1, 2026 12:51:10 AM PST","25788732721","Order","114-7359781-6912248","311001-5x5NJ","VIVOSUN 5-Pack 5 Gallon Grow Bags Heavy Duty 300G Thickened Nonwoven Plant Fabric Pots with Handles","1","amazon.com","Standard Orders","Amazon","SANTA FE","NM","87501","","14.39","1.12","0","0","0","0","0","0","-0.72","0","0","0","-5.47","0","0","9.32","Released","Mar 1, 2026 12:51:10 AM PST"
"Mar 1, 2026 12:51:16 AM PST","25788732721","Order","112-2155783-6454613","306143-0412J","VIVOSUN 4 Inch Air Carbon Filter Smellines Control with Australia Virgin Charcoal for Inline Duct Fan, Grow Tent, Pre-filter Included, Reversible Flan","1","amazon.com","Standard Orders","Amazon","Manchester","Newhampshire","03103","","39.99","0","0","0","0","0","0","0","-2.00","0","0","-11.40","-7.78","0","0","18.81","Released","Mar 1, 2026 12:51:16 AM PST"
"Mar 1, 2026 12:51:16 AM PST","25788732721","Order","112-2155783-6454613","306143-0412J","VIVOSUN 4 Inch Air Carbon Filter Smellines Control with Australia Virgin Charcoal for Inline Duct Fan, Grow Tent, Pre-filter Included, Reversible Flan","1","amazon.com","Standard Orders","Amazon","Manchester","Newhampshire","03103","","39.99","0","0","0","0","0","0","0","-2.00","0","0","0","-7.78","0","0","30.21","Released","Mar 1, 2026 12:51:16 AM PST"
"Mar 1, 2026 12:51:25 AM PST","25788732721","Order","112-2455922-2444234","RC-0003","VIVOSUN 1 Inch Rockwool Cubes, 100 Plugs Grow Cubes for Hydroponics, Cuttings, Cloning, Plant Propagation, Seed Startling","1","amazon.com","Standard Orders","Amazon","WEST JORDAN","UT","84088","MarketplaceFacilitator","8.99","0.67","1.49","0","0","0","0","0","-1.49","0","-0.67","-1.35","-4.40","0","0","3.24","Released","Mar 1, 2026 12:51:25 AM PST"
"Mar 1, 2026 12:52:01 AM PST","25788732721","Order","111-3853446-2894618","332578J","VIVOSUN 1050 GPH 100W Submersible Water Pump, Quiet Fountain Pump With 13.1 ft Head Lift, 6.6 ft Power Cord, 3 Nozzles, Tubing, & 2 Clamps, For Fish T","1","amazon.com","Standard Orders","Amazon","NORTH PORT","FL","34288","MarketplaceFacilitator","35.99","2.52","0","0","0","0","0","0","0","0","-2.52","-5.40","-7.38","0","0","23.21","Released","Mar 1, 2026 12:52:01 AM PST"
"Mar 1, 2026 12:52:26 AM PST","25788732721","Order","111-9772788-2985869","330101NJ","VIVOSUN Durable Waterproof Seedling Heat Mat 10"" x 20.75"" UL & MET-Certified Warm Hydroponic Heating Pad for Germination, Indoor Gardening, Greenhouse","1","amazon.com","Standard Orders","Amazon","ROCKLEDGE","FL","32955","MarketplaceFacilitator","14.99","1.05","0","0","0","0","0","0","0","0","-1.05","-2.25","-4.60","0","0","8.14","Released","Mar 1, 2026 12:52:26 AM PST"
"Mar 1, 2026 12:52:34 AM PST","25788732721","Order","111-2202820-3667425","VSV-WVK1","VIVOSUN Window Vent Kit, Portable AC Window Seal Kit, Fit with 4""/6"" Ducting & 5.9"" Hose for Sliding Window, Adjustable AC Vent Kit for Duct Fans, Air","1","amazon.com","Standard Orders","Amazon","MADERA","CA","93638","MarketplaceFacilitator","32.39","2.67","1.49","0","0","0","0","0","-1.49","0","-2.67","-4.86","-6.90","0","0","20.63","Released","Mar 1, 2026 12:52:34 AM PST"
"Mar 1, 2026 12:52:35 AM PST","25788732721","Order","112-9813669-0299436","VSVC-AZG4E42APR","VIVOSUN Smart Air Filtration PRO G4 Kit 4"", AeroZesh G4 Inline Duct Fan w/GrowHub E42A+ Temp. Humidity WiFi-Controller, Carbon Filter & Ducting, Cooli","1","amazon.com","Standard Orders","Amazon","VERNDALE","MN","56481","MarketplaceFacilitator","148.79","10.97","0","0","0","0","0","0","0","0","-10.97","-22.32","-14.88","0","0","111.59","Released","Mar 1, 2026 12:52:35 AM PST"
"Mar 1, 2026 12:52:36 AM PST","25788732721","Order","112-2871826-3713039","311001-10x5NJ","VIVOSUN 5-Pack 10 Gallon Plant Grow Bags, Heavy Duty Thickened Nonwoven Fabric Pots with Handles","1","amazon.com","Standard Orders","Amazon","SANTA FE","NM","87507","MarketplaceFacilitator","20.99","1.72","2.29","0","0","0","0","0","-2.29","0","-1.72","-3.15","-5.97","0","0","11.87","Released","Mar 1, 2026 12:52:36 AM PST"
"Mar 1, 2026 12:52:44 AM PST","25788732721","Order","113-5723058-4552235","311001-5x5NJ","VIVOSUN 5-Pack 5 Gallon Grow Bags Heavy Duty 300G Thickened Nonwoven Plant Fabric Pots with Handles","1","amazon.com","Standard Orders","Amazon","CEDAR PARK","TX","78613","MarketplaceFacilitator","14.39","1.19","0","0","0","0","0","0","0","0","-1.19","-2.16","-5.47","0","0","6.76","Released","Mar 1, 2026 12:52:44 AM PST"
"Mar 1, 2026 12:53:49 AM PST","25788732721","Order","114-6518129-1517840","305130-PEN","VIVOSUN Digital pH and TDS Meter Kits, 0.01pH High Accuracy Pen Type pH Meter ± 2% Readout Accuracy 3-in-1 TDS EC Temperature Meter for Hydroponics,","1","amazon.com","Standard Orders","Amazon","BEAUFORT","SC","29902","MarketplaceFacilitator","15.19","0.91","0","0","0","0","0","0","0","0","-0.91","-1.82","-3.65","0","0","9.72","Released","Mar 1, 2026 12:53:49 AM PST"
"Mar 1, 2026 12:54:52 AM PST","25788732721","Order","112-0071296-5773839","HR-0001C","VIVOSUN Outdoor Handrail, 3 Step Stair Handrail, 39.5"" x 39"" Fits 1 to 3 Steps, Wrought Mattle Iron Stair Railing with Single Curved End for Concrete","1","amazon.com","Standard Orders","Amazon","CHATSWORTH","GA","30705","MarketplaceFacilitator","51.43","4.63","0","0","0","0","0","0","0","0","-4.63","-7.71","-13.53","0","0","30.19","Released","Mar 1, 2026 12:54:52 AM PST"
"Mar 1, 2026 12:55:38 AM PST","25788732721","Order","111-8133441-7057843","330303","VIVOSUN 48""x20.75"" Seedling Heat Mat with Built-in Temperature Controller, UL & MET-Certified Waterproof Plant Heating Pad for Germination, Hydroponic","1","amazon.com","Standard Orders","Amazon","BRADENTON","FL","34209","MarketplaceFacilitator","45.99","3.22","0","0","0","0","0","0","0","0","-3.22","-6.90","-10.84","0","0","28.25","Released","Mar 1, 2026 12:55:38 AM PST"
"Mar 1, 2026 12:55:49 AM PST","25788732721","Order","111-7648612-7973014","GH-0007","VIVOSUN 57 x 29 x 77-Inch Mini Walk-in Greenhouse with Windows, Shelves and Anchors, Plant Garden Hot House","1","amazon.com","Standard Orders","Amazon","MCKINNEY","TX","75071","MarketplaceFacilitator","42.85","2.68","0","0","0","0","0","0","0","0","-2.68","-6.43","-15.05","0","0","21.37","Released","Mar 1, 2026 12:55:49 AM PST"
"Mar 1, 2026 12:56:29 AM PST","25788732721","Order","114-3999070-2843451","305131-PENJ","VIVOSUN Digital pH Meter, 0.01pH High Accuracy Pen Type pH Tester for Hydroponics, Household Drinking, Pool and Aquarium, Yellow, UL Certified","1","amazon.com","Standard Orders","Amazon","HUNTSVILLE","AL","35803","MarketplaceFacilitator","7.49","0.60","0","0","0","0","0","0","0","0","-0.60","-0.90","-2.98","0","0","3.61","Released","Mar 1, 2026 12:56:29 AM PST"
"Mar 1, 2026 12:57:06 AM PST","25788732721","Order","113-9046260-8931462","VSI-FFSW6-4","VIVOSUN 4-Pack FlexFeed Self-Watering Pots, Auto Irrigation Fabric Pot Base with Water Meter & Maintenance Window, for Use Indoors/Outdoors in Grow Te","2","amazon.com","Standard Orders","Amazon","COMMERCE CITY","CO","80022","MarketplaceFacilitator","107.98","10.00","0","0","0","0","0","0","-5.40","0","-10.00","-15.38","-24.98","0","0","62.22","Released","Mar 1, 2026 12:57:06 AM PST"
"Mar 1, 2026 12:57:46 AM PST","25788732721","Order","111-7993836-7112254","311003-4J","VIVOSUN 6.5 Inch Gardening Scissors Hand Pruner Pruning Shear with Straight Stainless Steel Blades Orange 1-Pack","1","amazon.com","Standard Orders","Amazon","DENVER","CO","80238","MarketplaceFacilitator","6.49","0.59","1.00","0","0","0","0","0","-1.00","0","-0.59","-0.97","-2.45","0","0","3.07","Released","Mar 1, 2026 12:57:46 AM PST"
"Mar 1, 2026 12:57:58 AM PST","25788732721","Order","114-5966264-4914655","VSEX-HID1-ST","VIVOSUN Herbal Decarboxylation and Infusion Machine, Botanical Extractor and Infuser for Making Butter, Oil, and Tinctures, Includes Recipes and Compl","1","amazon.com","Standard Orders","Amazon","DORAL","FL","33126","MarketplaceFacilitator","139.99","0","0","0","0","0","0","0","0","0","0","-21.00","-15.55","0","0","103.44","Released","Mar 1, 2026 12:57:58 AM PST"
"Mar 1, 2026 12:57:59 AM PST","25788732721","Order","112-4280390-2971407","306109-4C","VIVOSUN 4'' Flexible Aluminum Duct, 25 FT Long Heavy-Duty Multi-Layer Air Hose for HVAC Ventilation, Dryer Vent Hose for Grow Tents and Duct Fan Syste","1","amazon.com","Standard Orders","Amazon","AURORA","CO","80013","MarketplaceFacilitator","20.89","1.67","1.00","0","0","0","0","0","-1.00","0","-1.67","-3.13","-6.67","0","0","11.09","Released","Mar 1, 2026 12:57:59 AM PST"
"Mar 1, 2026 12:57:59 AM PST","25788732721","Order","114-9779101-1147402","308112J","VIVOSUN Black and White Panda Film, 10' x 50' 5.5 Mil Poly Film, Blackout Tarp for Warm House","1","amazon.com","Standard Orders","Amazon","Calumet","OK","73014","MarketplaceFacilitator","52.24","2.53","0","0","0","0","0","0","0","0","-2.53","-7.84","-12.87","0","0","31.53","Released","Mar 1, 2026 12:57:59 AM PST"
"Mar 1, 2026 12:58:11 AM PST","25788732721","Order","111-4852870-4337047","311001-20x5NJ","VIVOSUN 5-Pack 20 Gallon Plant Grow Bags, Heavy Duty Thickened Nonwoven Fabric Pots with Handles","1","amazon.com","Standard Orders","Amazon","PINCKNEY","MI","48169","MarketplaceFacilitator","20.49","1.23","0","0","0","0","0","0","0","0","-1.23","-3.07","-7.14","0","0","10.28","Released","Mar 1, 2026 12:58:11 AM PST"
"Mar 1, 2026 12:58:15 AM PST","25788732721","Order","112-6175485-8040223","VSL-LL100-N","VIVOSUN LumaLight 100W LED Grow Light, Full Spectrum Plant Light, Smart Dimmable & High PPFD for Indoor Plants Seedling Vegetables Bloom, Fits 2×2/2�","1","amazon.com","Standard Orders","Amazon","SACRAMENTO","CA","95823","MarketplaceFacilitator","69.98","6.12","0","0","0","0","0","0","0","0","-6.12","-10.50","-8.12","0","0","51.36","Released","Mar 1, 2026 12:58:15 AM PST"
"Mar 1, 2026 12:58:29 AM PST","25788732721","Order","114-7597176-3637030","330101NJ","VIVOSUN Durable Waterproof Seedling Heat Mat 10"" x 20.75"" UL & MET-Certified Warm Hydroponic Heating Pad for Germination, Indoor Gardening, Greenhouse","1","amazon.com","Standard Orders","Amazon","Shrewsbury","MA","01545","MarketplaceFacilitator","14.99","0.94","0","0","0","0","0","0","0","0","-0.94","-2.25","-4.52","0","0","8.22","Released","Mar 1, 2026 12:58:29 AM PST"
"Mar 1, 2026 12:58:37 AM PST","25788732721","Order","114-0059968-5967429","VSV-IFP6C","VIVOSUN 6"" Inline Booster Duct Fan with Speed Regulator, 345 CFM Quiet Exhaust Fan for HVAC Ventilation in Grow Tents, Basements, Bathrooms, Kitchens,","1","amazon.com","Standard Orders","Amazon","San Diego","CA","92123","MarketplaceFacilitator","28.79","2.23","0.74","0","0","0","0","0","-0.74","0","-2.23","-4.32","-6.82","0","0","17.65","Released","Mar 1, 2026 12:58:37 AM PST"
"Mar 1, 2026 12:58:51 AM PST","25788732721","Order","114-4694867-6794648","332024J","VIVOSUN 2-Pack Jewelry Loupe, 30X and 60X Foldable Magnifier UV/LED Lights, Desktop Loupe with LED & UV Lights for Jewelry, Gems, Watches, Coins, and","1","amazon.com","Standard Orders","Amazon","SOUTH LYON","MI","48178","MarketplaceFacilitator","26.99","1.62","0","0","0","0","0","0","0","0","-1.62","-3.24","-4.20","0","0","19.55","Released","Mar 1, 2026 12:58:51 AM PST"
"Mar 1, 2026 12:59:00 AM PST","25788732721","Order","113-4820332-8823432","VS-THB1S","VIVOSUN AeroLab THB1S Wireless Bluetooth Hygrometer Thermometer Indoor, VPD, Digital Temp Humidity Meter, LCD Smart App Control & Alert, Data Storage,","1","amazon.com","Standard Orders","Amazon","INDIANAPOLIS","IN","46228","MarketplaceFacilitator","0","0","0","0","0","0","0","0","0","0","0","0","0","0","0","0","Released","Mar 1, 2026 12:59:00 AM PST"
"Mar 1, 2026 12:59:09 AM PST","25788732721","Order","111-7153668-9013005","311021-7x5J","VIVOSUN 5-Pack 7 Gallons Grow Bags Heavy Duty Thickened Nonwoven Fabric Pots with Strap Handles Tan","1","amazon.com","Standard Orders","Amazon","WAXAHACHIE","TX","75165","MarketplaceFacilitator","17.09","1.41","0","0","0","0","0","0","0","0","-1.41","-2.56","-5.47","0","0","9.06","Released","Mar 1, 2026 12:59:09 AM PST"
"Mar 1, 2026 1:00:02 AM PST","25788732721","Order","111-7331107-7640260","330101NJ","VIVOSUN Durable Waterproof Seedling Heat Mat 10"" x 20.75"" UL & MET-Certified Warm Hydroponic Heating Pad for Germination, Indoor Gardening, Greenhouse","1","amazon.com","Standard Orders","Amazon","PLEASANT GROVE","UT","84062","MarketplaceFacilitator","14.99","1.12","0","0","0","0","0","0","0","0","-1.12","-2.25","-4.52","0","0","8.22","Released","Mar 1, 2026 1:00:02 AM PST"
"Mar 1, 2026 1:00:14 AM PST","25788732721","Order","113-1072591-6278622","RC-0001","VIVOSUN 1.6"" Rockwool Cubes, 28 Plugs Stonewool Starter Grow Cubes for Cuttings, Cloning, Plant Propagation, Seed Starting, Hydroponic Grow Media for","1","amazon.com","Standard Orders","Amazon","BRIGHTON","MI","48114","MarketplaceFacilitator","9.89","0.59","0","0","0","0","0","0","0","0","-0.59","-1.48","-4.13","0","0","4.28","Released","Mar 1, 2026 1:00:14 AM PST"
"Mar 1, 2026 1:00:18 AM PST","25788732721","Order","111-2859614-5694600","Spray-SX-CS8","VIVOSUN 2.1 Gal/8L Pump Sprayer, Garden Water Sprayer for Plants, Weeds & Lawn Care, with 3 Nozzles, 50'' Long Hose & Pressure Relief Valve","1","amazon.com","Standard Orders","Amazon","LECOMPTON","KS","66050","MarketplaceFacilitator","46.99","3.64","0","0","0","0","0","0","0","0","-3.64","-7.05","-10.59","0","0","29.35","Released","Mar 1, 2026 1:00:18 AM PST"
"Mar 1, 2026 1:00:42 AM PST","25788732721","Order","114-9352426-6439420","330101CNJ","VIVOSUN 10""x 20.75"" Seedling Heat Mat and Digital Thermostat Combo Set, UL & MET-Certified Warm Hydroponic Heating Pad for Germination, Indoor Gardeni","2","amazon.com","Standard Orders","Amazon","CHEHALIS","WA","98532","MarketplaceFacilitator","49.58","3.96","2.99","0","0","0","0","0","-2.99","0","-3.96","-7.44","-10.94","0","0","31.20","Released","Mar 1, 2026 1:00:42 AM PST"
"Mar 1, 2026 1:01:03 AM PST","25788732721","Order","113-9545230-2400232","330101NJ","VIVOSUN Durable Waterproof Seedling Heat Mat 10"" x 20.75"" UL & MET-Certified Warm Hydroponic Heating Pad for Germination, Indoor Gardening, Greenhouse","1","amazon.com","Standard Orders","Amazon","TIPTON","IN","46072","MarketplaceFacilitator","14.99","1.05","0","0","0","0","0","0","0","0","-1.05","-2.25","-4.60","0","0","8.14","Released","Mar 1, 2026 1:01:03 AM PST"
"Mar 1, 2026 1:01:03 AM PST","25788732721","Order","113-9545230-2400232","330101CNJ","VIVOSUN 10""x 20.75"" Seedling Heat Mat and Digital Thermostat Combo Set, UL & MET-Certified Warm Hydroponic Heating Pad for Germination, Indoor Gardeni","1","amazon.com","Standard Orders","Amazon","TIPTON","IN","46072","MarketplaceFacilitator","24.79","1.74","0","0","0","0","0","0","0","0","-1.74","-3.72","-5.47","0","0","15.60","Released","Mar 1, 2026 1:01:03 AM PST"
"Mar 1, 2026 1:01:15 AM PST","25788732721","Order","112-4398514-1188260","VSL-LL100-N","VIVOSUN LumaLight 100W LED Grow Light, Full Spectrum Plant Light, Smart Dimmable & High PPFD for Indoor Plants Seedling Vegetables Bloom, Fits 2×2/2�","1","amazon.com","Standard Orders","Amazon","VOORHEES","NJ","08043","MarketplaceFacilitator","69.98","4.64","0","0","0","0","0","0","0","0","-4.64","-10.50","-8.12","0","0","51.36","Released","Mar 1, 2026 1:01:15 AM PST"
"Mar 1, 2026 1:01:54 AM PST","25788732721","Order","112-4495106-1616210","VSF-AWD4","VIVOSUN AeroWave D4, 4"" Grow Tent Clip Fan with Detachable Hook, 3-Speed Strong & Quiet Airflow, Adjustable Airflow Angle for Hydroponics, Circulation","1","amazon.com","Standard Orders","Amazon","CUNNINGHAM","TN","37052","MarketplaceFacilitator","18.99","1.80","0","0","0","0","0","0","0","0","-1.80","-2.85","-4.90","0","0","11.24","Released","Mar 1, 2026 1:01:54 AM PST"
"Mar 1, 2026 1:02:06 AM PST","25788732721","Order","112-6225891-1250605","VSL-LL100-N","VIVOSUN LumaLight 100W LED Grow Light, Full Spectrum Plant Light, Smart Dimmable & High PPFD for Indoor Plants Seedling Vegetables Bloom, Fits 2×2/2�","1","amazon.com","Standard Orders","Amazon","PLEASANT GROVE","UT","84062","MarketplaceFacilitator","69.98","5.21","1.49","0","0","0","0","0","-1.49","0","-5.21","-10.50","-8.12","0","0","51.36","Released","Mar 1, 2026 1:02:06 AM PST"
"Mar 1, 2026 1:02:40 AM PST","25788732721","Order","111-6899651-1410609","332572J","VIVOSUN 800GPH Submersible Pump(3000L/H, 24W), Ultra Quiet Water Fountain Pump with 10ft. High Lift with 6.5ft. Power Cord, 3 Nozzles for Fish Tank, P","1","amazon.com","Standard Orders","Amazon","EAGLE MOUNTAIN","UT","84005","MarketplaceFacilitator","22.49","1.65","1.49","0","0","0","0","0","-1.49","0","-1.65","-3.37","-5.92","0","0","13.20","Released","Mar 1, 2026 1:02:40 AM PST"
"Mar 1, 2026 1:03:11 AM PST","25788732721","Order","114-7421407-1228238","330101NJ","VIVOSUN Durable Waterproof Seedling Heat Mat 10"" x 20.75"" UL & MET-Certified Warm Hydroponic Heating Pad for Germination, Indoor Gardening, Greenhouse","1","amazon.com","Standard Orders","Amazon","ALBUQUERQUE","NM","87123","MarketplaceFacilitator","14.99","1.14","0","0","0","0","0","0","0","0","-1.14","-2.25","-4.52","0","0","8.22","Released","Mar 1, 2026 1:03:11 AM PST"
"Mar 1, 2026 1:03:12 AM PST","25788732721","Order","111-4815269-2443432","308105-25J","VIVOSUN Double Bubble Foil Insulation Roll, 6"" x 25 ft Reflective HVAC Pipe & Duct Wrap, Weatherproof Thermal Insulation for Attics, Windows, Garages","1","amazon.com","Standard Orders","Amazon","ALEXANDRIA","MN","56308","MarketplaceFacilitator","13.99","1.03","0","0","0","0","0","0","0","0","-1.03","-2.10","-6.10","0","0","5.79","Released","Mar 1, 2026 1:03:12 AM PST"
"Mar 1, 2026 1:03:16 AM PST","25788732721","Order","111-2127346-5481857","VSL-LRSF50-4","VIVOSUN Lumaray LED Grow Light Bars 16""(4-Bar), Full Spectrum Side Lighting with 60% Red Light up to 25% Yields for Grow Tents, Greenhouses, Magnet Re","1","amazon.com","Standard Orders","Amazon","BRAINERD","MN","56401","MarketplaceFacilitator","80.99","5.97","0","0","0","0","0","0","0","0","-5.97","-12.15","-8.69","0","0","60.15","Released","Mar 1, 2026 1:03:16 AM PST"
"Mar 1, 2026 1:03:26 AM PST","25788732721","Adjustment","111-0375409-8989864","332583-20","FBA Inventory Reimbursement - Customer Return","1","","Standard Orders","","","","","","0","0","0","0","0","0","0","0","0","0","0","0","0","0","16.50","16.50","Released","Mar 1, 2026 1:03:26 AM PST"
"Mar 1, 2026 1:04:25 AM PST","25788732721","Order","113-1667224-7799434","305131-PENJ","VIVOSUN Digital pH Meter, 0.01pH High Accuracy Pen Type pH Tester for Hydroponics, Household Drinking, Pool and Aquarium, Yellow, UL Certified","1","amazon.com","Standard Orders","Amazon","CARMICHAEL","CA","95608","MarketplaceFacilitator","11.39","0.88","0","0","0","0","0","0","0","0","-0.88","-1.37","-3.80","0","0","6.22","Released","Mar 1, 2026 1:04:25 AM PST"
"Mar 1, 2026 1:05:18 AM PST","25788732721","Order","114-1420800-7701857","311001-7x10","VIVOSUN 10-Pack 7 Gallon Grow Bags, Reinforced Planter Fabric Pots for Gardening Black","1","amazon.com","Standard Orders","Amazon","PHILADELPHIA","PA","19147","MarketplaceFacilitator","26.99","1.62","0","0","0","0","0","0","0","0","-1.62","-4.05","-7.22","0","0","15.72","Released","Mar 1, 2026 1:05:18 AM PST"
"Mar 1, 2026 1:05:19 AM PST","25788732721","Order","114-2696162-3071464","330101CNJ","VIVOSUN 10""x 20.75"" Seedling Heat Mat and Digital Thermostat Combo Set, UL & MET-Certified Warm Hydroponic Heating Pad for Germination, Indoor Gardeni","1","amazon.com","Standard Orders","Amazon","FORT WORTH","TX","76140","MarketplaceFacilitator","24.79","2.05","0.74","0","0","0","0","0","-0.74","0","-4.10","-7.44","-5.47","0","0","9.83","Released","Mar 1, 2026 1:05:19 AM PST"
"Mar 1, 2026 1:05:19 AM PST","25788732721","Order","114-2696162-3071464","330101CNJ","VIVOSUN 10""x 20.75"" Seedling Heat Mat and Digital Thermostat Combo Set, UL & MET-Certified Warm Hydroponic Heating Pad for Germination, Indoor Gardeni","1","amazon.com","Standard Orders","Amazon","FORT WORTH","TX","76140","","24.79","2.05","0.75","0","0","0","0","0","-0.75","0","0","0","-5.47","0","0","21.37","Released","Mar 1, 2026 1:05:19 AM PST"
"Mar 1, 2026 1:05:24 AM PST","25788732721","Order","112-3456973-5265800","VSE-ASH09","VIVOSUN AeroStream H09 Intelligent Wi-Fi Humidifier, 2.38 Gal / 9 L Humidifier with Temp & Humidity Probe, Smart Remote Control, Designed for Growers","1","amazon.com","Standard Orders","Amazon","COLUMBIA HEIGHTS","MN","55421","MarketplaceFacilitator","99.99","8.12","2.99","0","0","0","0","0","-2.99","0","-8.12","-15.00","-10.20","0","0","74.79","Released","Mar 1, 2026 1:05:24 AM PST"
"Mar 1, 2026 1:05:33 AM PST","25788732721","Order","112-1777824-6101864","VSF-AWD4x2","VIVOSUN AeroWave D4, 4"" Grow Tent Clip Fan with Detachable Hook, 3-Speed Strong & Quiet Airflow, Adjustable Airflow Angle for Hydroponics, Circulation","1","amazon.com","Standard Orders","Amazon","NEW YORK","NY","10014","MarketplaceFacilitator","37.99","3.37","0","0","0","0","0","0","0","0","-3.37","-5.70","-5.33","0","0","26.96","Released","Mar 1, 2026 1:05:33 AM PST"
"Mar 1, 2026 1:05:37 AM PST","25788732721","Order","111-4020486-4781062","311001-7x5NJ","VIVOSUN 5-Pack 7 Gallon Plant Grow Bags, Heavy Duty Thickened Nonwoven Fabric Pots with Handles","1","amazon.com","Standard Orders","Amazon","CORONA","CA","92881","MarketplaceFacilitator","16.19","1.42","1.49","0","0","0","0","0","-1.49","0","-1.42","-2.43","-5.71","0","0","8.05","Released","Mar 1, 2026 1:05:37 AM PST"
"Mar 1, 2026 1:05:37 AM PST","25788732721","Order","111-4020486-4781062","311001-15x5NJ","VIVOSUN 5-Pack 15 Gallon Plant Grow Bags, Heavy Duty Thickened Nonwoven Fabric Pots with Handles","1","amazon.com","Standard Orders","Amazon","CORONA","CA","92881","MarketplaceFacilitator","19.79","1.73","1.50","0","0","0","0","0","-1.50","0","-1.73","-2.97","-6.12","0","0","10.70","Released","Mar 1, 2026 1:05:37 AM PST"
"Mar 1, 2026 1:05:49 AM PST","25788732721","Order","112-1997733-9490625","VSA-GGDJ","VIVOSUN Grow Room Glasses, Indoor Hydroponics LED Grow Light Glasse, Anti-UV Glasses for Visual Eye Protection, 1pcs","1","amazon.com","Standard Orders","Amazon","LOS ANGELES","CA","90062","MarketplaceFacilitator","19.99","1.95","0","0","0","0","0","0","0","0","-1.95","-3.00","-4.13","0","0","12.86","Released","Mar 1, 2026 1:05:49 AM PST"
"Mar 1, 2026 1:06:02 AM PST","25788732721","Order","114-6538974-5745841","305131-PENJ","VIVOSUN Digital pH Meter, 0.01pH High Accuracy Pen Type pH Tester for Hydroponics, Household Drinking, Pool and Aquarium, Yellow, UL Certified","1","amazon.com","Standard Orders","Amazon","MUKILTEO","WA","98275","MarketplaceFacilitator","11.39","1.21","0","0","0","0","0","0","0","0","-1.21","-1.37","-3.80","0","0","6.22","Released","Mar 1, 2026 1:06:02 AM PST"
"Mar 1, 2026 1:06:07 AM PST","25788732721","Order","111-7441653-9505012","311003-4J","VIVOSUN 6.5 Inch Gardening Scissors Hand Pruner Pruning Shear with Straight Stainless Steel Blades Orange 1-Pack","1","amazon.com","Standard Orders","Amazon","PEARLAND","TX","77584","MarketplaceFacilitator","6.49","0.54","1.00","0","0","0","0","0","-1.00","0","-0.54","-0.97","-2.45","0","0","3.07","Released","Mar 1, 2026 1:06:07 AM PST"
"Mar 1, 2026 1:06:17 AM PST","25788732721","Order","111-7554879-8981841","HSB950B-2500L","VIVOSUN 660GPH Submersible Water Pump, 2500L/H 35W aquarium pump, Ultra Quiet Fountain Pump with 8.2ft/2.5m High Lift for Fish Tank, Pond, Aquarium, S","1","amazon.com","Standard Orders","Amazon","LIVERMORE","CA","94550","MarketplaceFacilitator","19.99","2.05","0.75","0","0","0","0","0","-0.75","0","-2.05","-3.00","-6.17","0","0","10.82","Released","Mar 1, 2026 1:06:17 AM PST"
"Mar 1, 2026 1:06:23 AM PST","25788732721","Order","114-7657164-1025848","330101NJ","VIVOSUN Durable Waterproof Seedling Heat Mat 10"" x 20.75"" UL & MET-Certified Warm Hydroponic Heating Pad for Germination, Indoor Gardening, Greenhouse","1","amazon.com","Standard Orders","Amazon","SUTTON","WV","26601","MarketplaceFacilitator","14.99","0.90","0","0","0","0","0","0","0","0","-0.90","-2.25","-4.52","0","0","8.22","Released","Mar 1, 2026 1:06:23 AM PST"
"Mar 1, 2026 1:06:28 AM PST","25788732721","Order","111-8904954-7286607","LOUPE-004J","VIVOSUN 30X Rechargeable Loupe Magnifier with White LED Light and UV Light, Portable Magnifying Glass with Optical Glass Lens & Scale for Jewelry, Tex","1","amazon.com","Standard Orders","Amazon","LINCOLNTON","NC","28092","MarketplaceFacilitator","20.89","1.46","0","0","0","0","0","0","0","0","-1.46","-2.51","-4.06","0","0","14.32","Released","Mar 1, 2026 1:06:28 AM PST"
"Mar 1, 2026 1:06:40 AM PST","25788732721","Order","111-4822304-7849020","305130-PEN","VIVOSUN Digital pH and TDS Meter Kits, 0.01pH High Accuracy Pen Type pH Meter ± 2% Readout Accuracy 3-in-1 TDS EC Temperature Meter for Hydroponics,","1","amazon.com","Standard Orders","Amazon","COLORADO SPRINGS","CO","80908","MarketplaceFacilitator","15.19","0.78","1.49","0","0","0","0","0","-1.49","0","-0.78","-1.82","-3.65","0","0","9.72","Released","Mar 1, 2026 1:06:40 AM PST"
"Mar 1, 2026 1:07:05 AM PST","25788732721","Order","112-3553753-5260251","NB-001J","VIVOSUN Liquid Nutrients Base A & B Bundle, Grow Big Hydroponic Fertilizer, Supports Vegetative and Flowering Stages for Outdoor, Indoor Plants, Best","1","amazon.com","Standard Orders","Amazon","BOERNE","TX","78006","MarketplaceFacilitator","35.99","2.43","0","0","0","0","0","0","0","0","-2.43","-5.40","-7.46","0","0","23.13","Released","Mar 1, 2026 1:07:05 AM PST"
"Mar 1, 2026 1:07:06 AM PST","25788732721","Order","114-1590735-3117845","311003-4J","VIVOSUN 6.5 Inch Gardening Scissors Hand Pruner Pruning Shear with Straight Stainless Steel Blades Orange 1-Pack","1","amazon.com","Standard Orders","Amazon","LOWELL","MI","49331","MarketplaceFacilitator","6.49","0.39","0","0","0","0","0","0","0","0","-0.39","-0.97","-2.45","0","0","3.07","Released","Mar 1, 2026 1:07:06 AM PST"
"Mar 1, 2026 1:07:07 AM PST","25788732721","Order","111-0132887-5249049","306101W-4J","VIVOSUN D4 4 Inch 195 CFM Inline Duct Ventilation Fan, HVAC Vent Blower for Grow Tent, Attic, Basements or Kitchen, Hydroponics Exhaust Booster Fan","1","amazon.com","Standard Orders","Amazon","KENTWOOD","MI","49508","MarketplaceFacilitator","25.64","1.54","0","0","0","0","0","0","0","0","-1.54","-3.85","-7.05","0","0","14.74","Released","Mar 1, 2026 1:07:07 AM PST"
"Mar 1, 2026 1:07:12 AM PST","25788732721","Order","112-1728850-4174610","304113-33","VIVOSUN S336 3x3 Grow Tent, 36""x36""x72"" High Reflective Mylar with Observation Window and Floor Tray for Hydroponics Indoor Plant for VS2000/VS3000","1","amazon.com","Standard Orders","Amazon","CLEAR LAKE","MN","55319","MarketplaceFacilitator","109.99","8.11","0","0","0","0","0","0","0","0","-8.11","-16.50","-16.57","0","0","76.92","Released","Mar 1, 2026 1:07:12 AM PST"
"Mar 1, 2026 1:07:12 AM PST","25788732721","Order","114-9323039-2396258","330101CNJ","VIVOSUN 10""x 20.75"" Seedling Heat Mat and Digital Thermostat Combo Set, UL & MET-Certified Warm Hydroponic Heating Pad for Germination, Indoor Gardeni","1","amazon.com","Standard Orders","Amazon","HAMDEN","OH","45634","MarketplaceFacilitator","24.79","1.80","0.41","0.03","0","0","0","0","0","0","-1.83","-3.72","-5.98","0","0","15.50","Released","Mar 1, 2026 1:07:12 AM PST"
"Mar 1, 2026 1:07:12 AM PST","25788732721","Order","114-9323039-2396258","305130-PEN","VIVOSUN Digital pH and TDS Meter Kits, 0.01pH High Accuracy Pen Type pH Meter ± 2% Readout Accuracy 3-in-1 TDS EC Temperature Meter for Hydroponics,","1","amazon.com","Standard Orders","Amazon","HAMDEN","OH","45634","MarketplaceFacilitator","15.19","1.10","0.14","0.01","0","0","0","0","0","0","-1.11","-1.82","-3.79","0","0","9.72","Released","Mar 1, 2026 1:07:12 AM PST"
"Mar 1, 2026 1:07:40 AM PST","25788732721","Order","111-6724221-4543438","311001-5x5NJ","VIVOSUN 5-Pack 5 Gallon Grow Bags Heavy Duty 300G Thickened Nonwoven Plant Fabric Pots with Handles","1","amazon.com","Standard Orders","Amazon","PARKVILLE","MD","21234","MarketplaceFacilitator","14.39","0.82","0.75","0","0","0","0","0","-1.47","0","-0.82","-2.05","-5.57","0","0","6.05","Released","Mar 1, 2026 1:07:40 AM PST"
"Mar 1, 2026 1:07:40 AM PST","25788732721","Order","111-6724221-4543438","305130-PEN","VIVOSUN Digital pH and TDS Meter Kits, 0.01pH High Accuracy Pen Type pH Meter ± 2% Readout Accuracy 3-in-1 TDS EC Temperature Meter for Hydroponics,","1","amazon.com","Standard Orders","Amazon","PARKVILLE","MD","21234","MarketplaceFacilitator","15.19","0.87","0.75","0","0","0","0","0","-1.51","0","-0.87","-1.73","-3.65","0","0","9.05","Released","Mar 1, 2026 1:07:40 AM PST"
"Mar 1, 2026 1:07:44 AM PST","25788732721","Order","111-7362962-7904246","GB0101-2J","VIVOSUN 2-Pack 5 Tier Vertical Gardening Stackable Planter for Strawberries, Flowers, Herbs, Vegetables, Brown","1","amazon.com","Standard Orders","Amazon","COPPERAS COVE","TX","76522","MarketplaceFacilitator","55.99","4.62","0","0","0","0","0","0","0","0","-4.62","-8.40","-13.63","0","0","33.96","Released","Mar 1, 2026 1:07:44 AM PST"
"Mar 1, 2026 1:07:57 AM PST","25788732721","Order","112-5156738-8031467","332022-2","VIVOSUN 2-Pack 30X 60X Illuminated Jewelers Loupe Foldable Magnifier with LED Light for Jewelry Gems Watches Coins Stamps Antiques Black","1","amazon.com","Standard Orders","Amazon","Apple Valley","CA","92308","MarketplaceFacilitator","14.24","1.25","0","0","0","0","0","0","0","0","-1.25","-1.71","-3.95","0","0","8.58","Released","Mar 1, 2026 1:07:57 AM PST"
"Mar 1, 2026 1:07:57 AM PST","25788732721","Order","112-5011028-3373047","VSL-T52F-8","VIVOSUN 2ft Grow Lights for Indoor Plants Full Spectrum, LED Plant Lights 120W(8 X 15W), T5 Grow Light Strip for Seed Starting, Greenhouse, Hydroponic","1","amazon.com","Standard Orders","Amazon","AUSTIN","TX","78744","MarketplaceFacilitator","56.99","4.70","0","0","0","0","0","0","0","0","-4.70","-8.55","-8.69","0","0","39.75","Released","Mar 1, 2026 1:07:57 AM PST"
"Mar 1, 2026 1:08:05 AM PST","25788732721","Order","114-7366894-5142627","GB0101J","VIVOSUN 5 Tier Vertical Gardening Stackable Planter for Strawberries, Flowers, Herbs, Vegetables, Brown","1","amazon.com","Standard Orders","Amazon","TROY","TEXAS","76579","MarketplaceFacilitator","35.99","2.43","0","0","0","0","0","0","0","0","-2.43","-5.40","-11.73","0","0","18.86","Released","Mar 1, 2026 1:08:05 AM PST"
"Mar 1, 2026 1:08:10 AM PST","25788732721","Order","113-3517762-4933064","330103CNJ","VIVOSUN 48"" x 20.75"" Seedling Heat Mat and Digital Thermostat Combo Set, UL & MET-Certified Warm Hydroponic Heating Pad for Germination, Indoor Garden","1","amazon.com","Standard Orders","Amazon","HAYDEN","ID","83835","MarketplaceFacilitator","56.99","3.42","0","0","0","0","0","0","0","0","-3.42","-8.55","-8.69","0","0","39.75","Released","Mar 1, 2026 1:08:10 AM PST"
"Mar 1, 2026 1:08:22 AM PST","25788732721","Order","111-5117721-6630634","311001-20x5NJ","VIVOSUN 5-Pack 20 Gallon Plant Grow Bags, Heavy Duty Thickened Nonwoven Fabric Pots with Handles","1","amazon.com","Standard Orders","Amazon","TOMBALL","TEXAS","77375","MarketplaceFacilitator","20.49","1.69","0","0","0","0","0","0","0","0","-1.69","-3.07","-7.14","0","0","10.28","Released","Mar 1, 2026 1:08:22 AM PST"
"Mar 1, 2026 1:08:27 AM PST","25788732721","Order","113-8248741-2502636","330101NJ","VIVOSUN Durable Waterproof Seedling Heat Mat 10"" x 20.75"" UL & MET-Certified Warm Hydroponic Heating Pad for Germination, Indoor Gardening, Greenhouse","1","amazon.com","Standard Orders","Amazon","WEST MANSFIELD","OH","43358","MarketplaceFacilitator","14.99","1.05","0","0","0","0","0","0","0","0","-1.05","-2.25","-4.52","0","0","8.22","Released","Mar 1, 2026 1:08:27 AM PST"
"Mar 1, 2026 1:08:31 AM PST","25788732721","Order","111-8273042-3352245","VSE-ALC08","VIVOSUN AeroLush C08 Smart Air Conditioner, 8000BTU, 4-in-1 Function, with Temperature & Humidity Sensor Probe, Smart Remote Control, Designed for Gro","1","amazon.com","Standard Orders","Amazon","CHESTER","VA","23836","MarketplaceFacilitator","499.99","30.00","0","0","0","0","0","0","0","0","-30.00","-75.00","-38.07","0","0","386.92","Released","Mar 1, 2026 1:08:31 AM PST"
"Mar 1, 2026 1:08:38 AM PST","25788732721","Order","112-9133784-7052238","333101-GJ","VIVOSUN Indoor Hydroponics LED Grow Room Glasses with Glasses Case","1","amazon.com","Standard Orders","Amazon","MINNEAPOLIS","MN","55422","MarketplaceFacilitator","15.98","1.36","0","0","0","0","0","0","0","0","-1.36","-2.40","-3.91","0","0","9.67","Released","Mar 1, 2026 1:08:38 AM PST"
"Mar 1, 2026 1:08:44 AM PST","25788732721","Order","111-8561406-0241823","311001-5x5NJ","VIVOSUN 5-Pack 5 Gallon Grow Bags Heavy Duty 300G Thickened Nonwoven Plant Fabric Pots with Handles","1","amazon.com","Standard Orders","Amazon","PETALUMA","CA","94952","MarketplaceFacilitator","14.39","1.47","0","0","0","0","0","0","0","0","-1.47","-2.16","-5.47","0","0","6.76","Released","Mar 1, 2026 1:08:44 AM PST"
"Mar 1, 2026 1:08:54 AM PST","25788732721","Order","111-0587269-8680226","330101NJ","VIVOSUN Durable Waterproof Seedling Heat Mat 10"" x 20.75"" UL & MET-Certified Warm Hydroponic Heating Pad for Germination, Indoor Gardening, Greenhouse","1","amazon.com","Standard Orders","Amazon","Columbus","Oh","43205","MarketplaceFacilitator","14.99","1.20","0","0","0","0","0","0","0","0","-1.20","-2.25","-4.52","0","0","8.22","Released","Mar 1, 2026 1:08:54 AM PST"
"Mar 1, 2026 1:09:02 AM PST","25788732721","Order","111-6660007-2106603","CBIN-H500","VIVOSUN 500 Gallon Outdoor Compost Bin, Expandable Composter, Easy to Setup & Large Capacity for Backyard, Lawn (Black with Gloves)","1","amazon.com","Standard Orders","Amazon","KOKOMO","IN","46902","MarketplaceFacilitator","53.99","3.78","0","0","0","0","0","0","0","0","-3.78","-8.10","-12.49","0","0","33.40","Released","Mar 1, 2026 1:09:02 AM PST"
"Mar 1, 2026 1:09:12 AM PST","25788732721","Order","111-3493333-8949805","WB-4x250","VIVOSUN Premium Weed Barrier Landscape Fabric Heavy Duty, 4ftx250ft 5oz Double-Layered Weed Control Mat with High Permeability, Commercial Ground Cove","1","amazon.com","Standard Orders","Amazon","MONUMENT","COLORADO","80132","MarketplaceFacilitator","94.99","7.25","0","0","0","0","0","0","0","0","-7.25","-14.25","-21.51","0","0","59.23","Released","Mar 1, 2026 1:09:12 AM PST"
"Mar 1, 2026 1:09:13 AM PST","25788732721","Order","111-5859053-0436225","332570J","VIVOSUN 9000 GPH Submersible Water Pump 620W Pond Pump Ultra Quiet Aquarium Pump with 26.5FT. Lift Height for Pond Waterfall, Fish Tank, Statuary, or","1","amazon.com","Standard Orders","Amazon","HOMINY","OK","74035","MarketplaceFacilitator","148.19","8.52","0","0","0","0","0","0","0","0","-8.52","-22.23","-13.63","0","0","112.33","Released","Mar 1, 2026 1:09:13 AM PST"
"Mar 1, 2026 1:09:16 AM PST","25788732721","Order","112-9693179-3800235","Spray-SX-CS7","VIVOSUN 1.8 Gal/7L Pump Sprayer, Garden Water Sprayer for Plants, Weeds & Lawn Care, with 3 Nozzles, 50'' Long Hose & Pressure Relief Valve","1","amazon.com","Standard Orders","Amazon","BROWNSBURG","IN","46112","MarketplaceFacilitator","35.99","2.52","0","0","0","0","0","0","0","0","-2.52","-5.40","-10.59","0","0","20.00","Released","Mar 1, 2026 1:09:16 AM PST"
"Mar 1, 2026 1:09:27 AM PST","25788732721","Order","113-0435927-4696200","311001-50J","VIVOSUN 1 Pack 50 Gallon Grow Bag, Fabric Pot with Handles for Growing Vegtables and Plants","1","amazon.com","Standard Orders","Amazon","KATY","TX","77494","MarketplaceFacilitator","15.99","1.00","0","0","0","0","0","0","0","0","-1.00","-2.40","-5.80","0","0","7.79","Released","Mar 1, 2026 1:09:27 AM PST"
"Mar 1, 2026 1:09:28 AM PST","25788732721","Order","113-2544855-3693836","311001-20x5NJ","VIVOSUN 5-Pack 20 Gallon Plant Grow Bags, Heavy Duty Thickened Nonwoven Fabric Pots with Handles","1","amazon.com","Standard Orders","Amazon","RICHMOND","TX","77406","MarketplaceFacilitator","20.49","1.49","0","0","0","0","0","0","0","0","-1.49","-3.07","-7.14","0","0","10.28","Released","Mar 1, 2026 1:09:28 AM PST"
"Mar 1, 2026 1:09:38 AM PST","25788732721","Order","112-0830646-5890667","330101CNJ","VIVOSUN 10""x 20.75"" Seedling Heat Mat and Digital Thermostat Combo Set, UL & MET-Certified Warm Hydroponic Heating Pad for Germination, Indoor Gardeni","2","amazon.com","Standard Orders","Amazon","OAKFIELD","TN","38362","MarketplaceFacilitator","49.58","4.84","2.84","0","0","0","0","0","-2.84","0","-4.84","-7.44","-10.94","0","0","31.20","Released","Mar 1, 2026 1:09:38 AM PST"
"Mar 1, 2026 1:09:47 AM PST","25788732721","Order","113-5480874-3843447","330701-01J","VIVOSUN Heavy-duty Polyester Plant Trellis Netting 5 x 15ft, 1 Pack","1","amazon.com","Standard Orders","Amazon","PETALUMA","CA","94954","MarketplaceFacilitator","6.49","0.67","0","0","0","0","0","0","0","0","-0.67","-0.97","-2.45","0","0","3.07","Released","Mar 1, 2026 1:09:47 AM PST"
"Mar 1, 2026 1:09:47 AM PST","25788732721","Order","114-7538398-3041001","306143-0412J","VIVOSUN 4 Inch Air Carbon Filter Smellines Control with Australia Virgin Charcoal for Inline Duct Fan, Grow Tent, Pre-filter Included, Reversible Flan","1","amazon.com","Standard Orders","Amazon","ROHNERT PARK","CA","94928","MarketplaceFacilitator","39.99","3.31","0","0","0","0","0","0","-6.07","0","-3.31","-5.09","-7.78","0","0","21.05","Released","Mar 1, 2026 1:09:47 AM PST"
"Mar 1, 2026 1:09:47 AM PST","25788732721","Order","112-9042594-7245861","305131J","VIVOSUN Soil Tester, 3-in-1 Plant Moisture Meter Light and PH Tester for Home, Garden, Lawn, Farm, Indoor and Outdoor Use, Promote Plants Healthy Grow","1","amazon.com","Standard Orders","Amazon","COTATI","CA","94931","MarketplaceFacilitator","9.49","0.97","0","0","0","0","0","0","0","0","-0.97","-1.42","-3.38","0","0","4.69","Released","Mar 1, 2026 1:09:47 AM PST"
"Mar 1, 2026 1:09:56 AM PST","25788732721","Order","114-8821676-4154667","VGPF-1600","VIVOGROW Bio Pressure Pond Filter, with 13W UV-C Light, 1580 GPH Suitable for Koi Ponds up to 800 Gallons or Landscape Pools up to 1600 Gallons","1","amazon.com","Standard Orders","Amazon","MAIZE","KS","67101","MarketplaceFacilitator","116.99","9.94","4.61","0","0","0","0","0","-4.61","0","-9.94","-17.55","-15.15","0","0","84.29","Released","Mar 1, 2026 1:09:56 AM PST"
"Mar 1, 2026 1:10:02 AM PST","25788732721","Order","111-5106369-2538646","330120x4J","VIVOSUN 4-Pack LCD Digital Aquarium Thermometer Fish Tank Water Terrarium Temperature with Suction Cup for Turtle","1","amazon.com","Standard Orders","Amazon","LAS VEGAS","NV","89139","MarketplaceFacilitator","15.99","1.34","1.49","0","0","0","0","0","-1.49","0","-1.34","-2.40","-3.91","0","0","9.68","Released","Mar 1, 2026 1:10:02 AM PST"
"Mar 1, 2026 1:10:34 AM PST","25788732721","Order","113-0769987-5655433","332595J","VIVOSUN 1800 GPH Submersible Water Pump with Barrier Bag, 100W Pond Pump with 14FT. Lift Height, Ultra Quiet Aquarium Pump for Pond, Waterfall, Fish T","2","amazon.com","Standard Orders","Amazon","LIMESTONE","NY","14753","MarketplaceFacilitator","90.00","7.20","6.87","0","0","0","0","0","-6.87","0","-7.20","-13.50","-16.36","0","0","60.14","Released","Mar 1, 2026 1:10:34 AM PST"
"Mar 1, 2026 1:10:38 AM PST","25788732721","Order","114-9667906-8404252","330101x2NJ","VIVOSUN 2 Pack Durable Waterproof Seedling Heat Mat 10"" x 20.75"" UL & MET-Certified Warm Hydroponic Heating Pad for Germination, Indoor Gardening, Gre","1","amazon.com","Standard Orders","Amazon","LEES SUMMIT","MISSOURI","64063","MarketplaceFacilitator","25.19","1.76","1.49","0","0","0","0","0","-1.49","0","-1.76","-3.78","-5.57","0","0","15.84","Released","Mar 1, 2026 1:10:38 AM PST"
"Mar 1, 2026 1:10:43 AM PST","25788732721","Order","114-6781077-7100235","RC-0003","VIVOSUN 1 Inch Rockwool Cubes, 100 Plugs Grow Cubes for Hydroponics, Cuttings, Cloning, Plant Propagation, Seed Startling","1","amazon.com","Standard Orders","Amazon","MURRIETA","CA","92562","MarketplaceFacilitator","8.99","0.70","0","0","0","0","0","0","0","0","-0.70","-1.35","-4.40","0","0","3.24","Released","Mar 1, 2026 1:10:43 AM PST"
"Mar 1, 2026 1:10:55 AM PST","25788732721","Order","112-9967160-7848233","332572J","VIVOSUN 800GPH Submersible Pump(3000L/H, 24W), Ultra Quiet Water Fountain Pump with 10ft. High Lift with 6.5ft. Power Cord, 3 Nozzles for Fish Tank, P","1","amazon.com","Standard Orders","Amazon","MURRIETA","CA","92562","MarketplaceFacilitator","22.49","1.97","0","0","0","0","0","0","0","0","-1.97","-3.37","-5.92","0","0","13.20","Released","Mar 1, 2026 1:10:55 AM PST"
"Mar 1, 2026 1:11:07 AM PST","25788732721","Order","112-9529127-2936218","PP-30-1","VIVOSUN Peat Pots, 30 Packs 3.15-Inch Seed Starting Pots with Drainage Holes, Round Nursery Pot, 20 Plant Labels for Flowers, Plants, Vegetables, 30Pc","1","amazon.com","Standard Orders","Amazon","LAS VEGAS","NV","89178","MarketplaceFacilitator","9.99","0.84","1.49","0","0","0","0","0","-1.49","0","-0.84","-1.50","-3.78","0","0","4.71","Released","Mar 1, 2026 1:11:07 AM PST"
"Mar 1, 2026 1:11:33 AM PST","25788732721","Order","114-1682848-8372236","330104NJ","VIVOSUN Durable Waterproof Seedling Heat Mat 3"" x 20"" UL & MET-Certified Heating Pad for Hydroponic, Kombucha Tea, Brewing, Fermentation & Plant Germi","1","amazon.com","Standard Orders","Amazon","CARBONDALE","CO","81623","MarketplaceFacilitator","11.99","1.22","0","0","0","0","0","0","0","0","-1.22","-1.80","-3.95","0","0","6.24","Released","Mar 1, 2026 1:11:33 AM PST"
"Mar 1, 2026 1:11:37 AM PST","25788732721","Order","114-5657876-2833865","330101NJ","VIVOSUN Durable Waterproof Seedling Heat Mat 10"" x 20.75"" UL & MET-Certified Warm Hydroponic Heating Pad for Germination, Indoor Gardening, Greenhouse","1","amazon.com","Standard Orders","Amazon","NEWPORT NEWS","VA","23608","MarketplaceFacilitator","14.99","0.90","0","0","0","0","0","0","0","0","-0.90","-2.25","-4.52","0","0","8.22","Released","Mar 1, 2026 1:11:37 AM PST"
"Mar 1, 2026 1:11:46 AM PST","25788732721","Order","113-3512886-7942645","332021","VIVOSUN 30X 60X Illuminated Jewelers Loupe Foldable Magnifier with LED Light for Jewelry Gems Watches Coins Stamps Antiques White","1","amazon.com","Standard Orders","Amazon","LOS ANGELES","CA","90004","MarketplaceFacilitator","11.39","1.11","0.60","0","0","0","0","0","-0.60","0","-1.11","-1.37","-3.73","0","0","6.29","Released","Mar 1, 2026 1:11:46 AM PST"
"Mar 1, 2026 1:12:02 AM PST","25788732721","Order","111-7655967-1725024","311001-20x5NJ","VIVOSUN 5-Pack 20 Gallon Plant Grow Bags, Heavy Duty Thickened Nonwoven Fabric Pots with Handles","1","amazon.com","Standard Orders","Amazon","LYTLE","TX","78052","MarketplaceFacilitator","23.99","1.98","0","0","0","0","0","0","0","0","-1.98","-3.60","-7.14","0","0","13.25","Released","Mar 1, 2026 1:12:02 AM PST"
"Mar 1, 2026 1:12:13 AM PST","25788732721","Order","113-9273761-5306612","332572J","VIVOSUN 800GPH Submersible Pump(3000L/H, 24W), Ultra Quiet Water Fountain Pump with 10ft. High Lift with 6.5ft. Power Cord, 3 Nozzles for Fish Tank, P","1","amazon.com","Standard Orders","Amazon","Los Angeles","California","90065","MarketplaceFacilitator","22.49","2.19","0","0","0","0","0","0","0","0","-2.19","-3.37","-5.80","0","0","13.32","Released","Mar 1, 2026 1:12:13 AM PST"
"Mar 1, 2026 1:12:14 AM PST","25788732721","Order","114-6078693-0032224","OUL-001-6","VIVOSUN Outdoor LED Grow Lights, Waterproof String Grow Light, Full Spectrum Plant Growing Lights with 22Ft Adjustable Cord for Seedling, Veg, Flower","1","amazon.com","Standard Orders","Amazon","SAN ANTONIO","TX","78250","MarketplaceFacilitator","59.49","4.91","0","0","0","0","0","0","0","0","-4.91","-8.92","-7.56","0","0","43.01","Released","Mar 1, 2026 1:12:14 AM PST"
"Mar 1, 2026 1:12:29 AM PST","25788732721","Order","113-8392384-1126612","305140-PEN","VIVOSUN Digital pH and TDS Meter Kits, 0.01pH High Accuracy Pen Type pH Meter ± 2% Readout Accuracy 3-in-1 TDS EC Temperature Meter for Hydroponics,","1","amazon.com","Standard Orders","Amazon","MIDLOTHIAN","VA","23112","MarketplaceFacilitator","18.04","1.08","0.67","0","0","0","0","0","-0.67","0","-1.08","-2.16","-4.42","0","0","11.46","Released","Mar 1, 2026 1:12:29 AM PST"
"Mar 1, 2026 1:12:29 AM PST","25788732721","Order","113-2139823-9954611","VSF-AWD4Wx2","VIVOSUN AeroWave D4, 4"" Grow Tent Clip Fan with Detachable Hook, 3-Speed Strong & Quiet Airflow, Adjustable Airflow Angle for Hydroponics, Circulation","1","amazon.com","Standard Orders","Amazon","GLOUCESTER","VA","23061","MarketplaceFacilitator","32.99","2.08","0","0","0","0","0","0","0","0","-2.08","-4.95","-5.33","0","0","22.71","Released","Mar 1, 2026 1:12:29 AM PST"
"Mar 1, 2026 1:12:39 AM PST","25788732721","Order","111-0294037-9781069","311003-4J","VIVOSUN 6.5 Inch Gardening Scissors Hand Pruner Pruning Shear with Straight Stainless Steel Blades Orange 1-Pack","1","amazon.com","Standard Orders","Amazon","CHESTNUT HILL","MA","02467","MarketplaceFacilitator","6.49","0.41","1.00","0","0","0","0","0","-1.00","0","-0.41","-0.97","-2.49","0","0","3.03","Released","Mar 1, 2026 1:12:39 AM PST"
"Mar 1, 2026 1:12:44 AM PST","25788732721","Order","113-0610464-4117004","330101NJ","VIVOSUN Durable Waterproof Seedling Heat Mat 10"" x 20.75"" UL & MET-Certified Warm Hydroponic Heating Pad for Germination, Indoor Gardening, Greenhouse","2","amazon.com","Standard Orders","Amazon","HAMPTON","VA","23666","MarketplaceFacilitator","29.98","1.80","0","0","0","0","0","0","0","0","-1.80","-4.50","-9.04","0","0","16.44","Released","Mar 1, 2026 1:12:44 AM PST"
"Mar 1, 2026 1:12:51 AM PST","25788732721","Order","112-6079779-2088236","330101CNJ","VIVOSUN 10""x 20.75"" Seedling Heat Mat and Digital Thermostat Combo Set, UL & MET-Certified Warm Hydroponic Heating Pad for Germination, Indoor Gardeni","1","amazon.com","Standard Orders","Amazon","SILT","CO","81652","MarketplaceFacilitator","24.79","1.77","0","0","0","0","0","0","0","0","-1.77","-3.72","-5.47","0","0","15.60","Released","Mar 1, 2026 1:12:51 AM PST"
"Mar 1, 2026 1:13:03 AM PST","25788732721","Order","111-1066142-7241835","330103CNJ","VIVOSUN 48"" x 20.75"" Seedling Heat Mat and Digital Thermostat Combo Set, UL & MET-Certified Warm Hydroponic Heating Pad for Germination, Indoor Garden","1","amazon.com","Standard Orders","Amazon","St. Louis","MO","63133","MarketplaceFacilitator","56.99","3.12","0","0","0","0","0","0","0","0","-3.12","-8.55","-8.69","0","0","39.75","Released","Mar 1, 2026 1:13:03 AM PST"
"Mar 1, 2026 1:13:07 AM PST","25788732721","Order","111-4483740-4143434","VSV-WVK4","VIVOSUN Portable AC Sliding Door Vent Kit, 16.9""/21.2""-88.6"" Length Adjustable, Fits 5.1"" & 5.9"" Exhaust Hose for Sliding Doors or Windows","1","amazon.com","Standard Orders","Amazon","REDONDO BEACH","CA","90278","MarketplaceFacilitator","27.99","2.73","0","0","0","0","0","0","0","0","-2.73","-4.20","-7.77","0","0","16.02","Released","Mar 1, 2026 1:13:07 AM PST"
"Mar 1, 2026 1:13:17 AM PST","25788732721","Order","113-5092605-0855428","VSV-AZT4","VIVOSUN T4 4"" Inline Fan &Speed Controller, AeroZesh Ventilation Fan with 210 CFM EC Motor for Moisture Prevention during Snowstorm, Ideal for Winter","1","amazon.com","Standard Orders","Amazon","BLUE SPRINGS","MO","64015","MarketplaceFacilitator","71.99","2.89","0","0","0","0","0","0","-3.60","0","-2.89","-10.26","-8.28","0","0","49.85","Released","Mar 1, 2026 1:13:17 AM PST"
"Mar 1, 2026 1:13:33 AM PST","25788732721","Order","S01-9335086-3254033","VSL-T52F-4","VIVOSUN 2ft Grow Lights for Indoor Plants Full Spectrum, LED Plant Lights 60W(4 X 15W), T5 Grow Light Strip for Seed Starting, Greenhouse, Hydroponics, SGS Compatible, Linkable, 5000K, 4-Pack","1","sim1.stores.amazon.com","Standard Orders","Amazon","West Newbury","MA","01985","","0","0","0","0","0","0","0","0","0","0","0","0","-18.08","0","0","-18.08","Released","Mar 1, 2026 1:13:33 AM PST"
"Mar 1, 2026 1:13:35 AM PST","25788732721","Order","111-0369847-1094655","WB-3x50","VIVOSUN Premium Weed Barrier Landscape Fabric Heavy Duty, 3ftx50ft 5oz Double-Layered Weed Control Mat with High Permeability with 12 Landscape Staple","1","amazon.com","Standard Orders","Amazon","TOPEKA","KS","66614","MarketplaceFacilitator","25.19","2.36","0","0","0","0","0","0","0","0","-2.36","-3.78","-7.94","0","0","13.47","Released","Mar 1, 2026 1:13:35 AM PST"
"Mar 1, 2026 1:13:45 AM PST","25788732721","Order","114-3581839-3357028","VSL-LL100-N","VIVOSUN LumaLight 100W LED Grow Light, Full Spectrum Plant Light, Smart Dimmable & High PPFD for Indoor Plants Seedling Vegetables Bloom, Fits 2×2/2�","1","amazon.com","Standard Orders","Amazon","VIRGINIA BEACH","VA","23452","MarketplaceFacilitator","69.98","3.99","0","0","0","0","0","0","-3.50","0","-3.99","-9.97","-8.12","0","0","48.39","Released","Mar 1, 2026 1:13:45 AM PST"
"Mar 1, 2026 1:13:49 AM PST","25788732721","Order","111-7858662-8858626","311001-25x5NJ","VIVOSUN 5-Pack 25 Gallon Plant Grow Bags, Heavy Duty Thickened Nonwoven Fabric Pots with Handles","1","amazon.com","Standard Orders","Amazon","RANCHO PALOS VERDES","CA","90275","MarketplaceFacilitator","23.39","2.28","0","0","0","0","0","0","0","0","-2.28","-3.51","-6.98","0","0","12.90","Released","Mar 1, 2026 1:13:49 AM PST"
"Mar 1, 2026 1:14:50 AM PST","25788732721","Order","113-8600107-9733030","311021-5x5J","VIVOSUN 5-Pack 5 Gallons Grow Bags Heavy Duty Thickened Nonwoven Fabric Pots with Strap Handles Tan","1","amazon.com","Standard Orders","Amazon","FLATROCK","MI","48134","MarketplaceFacilitator","15.29","0.92","0","0","0","0","0","0","0","0","-0.92","-2.29","-5.47","0","0","7.53","Released","Mar 1, 2026 1:14:50 AM PST"
"Mar 1, 2026 1:14:59 AM PST","25788732721","Order","113-6893031-3701032","330101x2NJ","VIVOSUN 2 Pack Durable Waterproof Seedling Heat Mat 10"" x 20.75"" UL & MET-Certified Warm Hydroponic Heating Pad for Germination, Indoor Gardening, Gre","1","amazon.com","Standard Orders","Amazon","SACRAMENTO","CA","95821","MarketplaceFacilitator","25.19","1.95","2.99","0","0","0","0","0","-2.99","0","-1.95","-3.78","-5.57","0","0","15.84","Released","Mar 1, 2026 1:14:59 AM PST"
"Mar 1, 2026 1:15:44 AM PST","25788732721","Order","113-4702743-5428231","COMBO-01J","VIVOSUN Digital PH Meter, 3-in-1TDS EC and Temperature Meter, Plant Soil MoistureTester Combo for Home, Garden and Hydroponics","1","amazon.com","Standard Orders","Amazon","STANSBURY PARK","UT","84074","MarketplaceFacilitator","21.42","1.48","0","0","0","0","0","0","0","0","-1.48","-3.21","-4.63","0","0","13.58","Released","Mar 1, 2026 1:15:44 AM PST"
"Mar 1, 2026 1:16:10 AM PST","25788732721","Order","112-8418342-5323463","311001-5x5NJ","VIVOSUN 5-Pack 5 Gallon Grow Bags Heavy Duty 300G Thickened Nonwoven Plant Fabric Pots with Handles","1","amazon.com","Standard Orders","Amazon","CUMMING","GA","30028","MarketplaceFacilitator","14.39","1.01","0","0","0","0","0","0","0","0","-1.01","-2.16","-5.47","0","0","6.76","Released","Mar 1, 2026 1:16:10 AM PST"
"Mar 1, 2026 1:16:42 AM PST","25788732721","Order","111-2171661-7833041","311001-15x10","VIVOSUN 10-Pack 15 Gallon Grow Bags, Reinforced Planter Fabric Pots for Gardening Black","1","amazon.com","Standard Orders","Amazon","HOUMA","LA","70360","MarketplaceFacilitator","29.99","3.15","0","0","0","0","0","0","0","0","-3.15","-4.50","-8.34","0","0","17.15","Released","Mar 1, 2026 1:16:42 AM PST"
"Mar 1, 2026 1:17:17 AM PST","25788732721","Refund","113-2273247-3590656","330104CNJ","VIVOSUN 3"" x 20"" Seedling Heat Mat and Digital Thermostat Combo Set, UL & MET-Certified Heating Pad for Hydroponic, Kombucha Tea, Brewing, Fermentatio","1","amazon.com","Standard Orders","Amazon","STUDIO CITY","CA","91604","MarketplaceFacilitator","-23.39","-2.28","-1.50","0","0","0","0","0","1.50","0","2.28","2.81","0","0","0","-20.58","Released","Mar 1, 2026 1:17:17 AM PST"
"Mar 1, 2026 1:17:17 AM PST","25788732721","Order","111-2798231-7730631","305130-PEN","VIVOSUN Digital pH and TDS Meter Kits, 0.01pH High Accuracy Pen Type pH Meter ± 2% Readout Accuracy 3-in-1 TDS EC Temperature Meter for Hydroponics,","1","amazon.com","Standard Orders","Amazon","CYPRESS","TEXAS","77429","MarketplaceFacilitator","15.19","1.25","0","0","0","0","0","0","0","0","-1.25","-1.82","-3.65","0","0","9.72","Released","Mar 1, 2026 1:17:17 AM PST"
"Mar 1, 2026 1:17:22 AM PST","25788732721","Order","114-2915737-2752233","HM001J","VIVOSUN Reptile Heating Pad 6x8 Inch with Thermostat Combo Under Tank Terrarium Heating Mat for Turtles, Lizards, Frogs, and Other Reptiles","1","amazon.com","Standard Orders","Amazon","STRASBURG","CO","80136","MarketplaceFacilitator","29.99","1.12","1.49","0","0","0","0","0","-1.49","0","-1.12","-4.50","-5.69","0","0","19.80","Released","Mar 1, 2026 1:17:22 AM PST"
"Mar 1, 2026 1:17:24 AM PST","25788732721","Adjustment","111-1089027-7713860","VSVC-AZG4","FBA Inventory Reimbursement - Customer Return","1","","Standard Orders","","","","","","0","0","0","0","0","0","0","0","0","0","0","0","0","0","70.20","70.20","Released","Mar 1, 2026 1:17:24 AM PST"
"Mar 1, 2026 1:17:39 AM PST","25788732721","Order","112-9348690-9633812","305131-PENJ","VIVOSUN Digital pH Meter, 0.01pH High Accuracy Pen Type pH Tester for Hydroponics, Household Drinking, Pool and Aquarium, Yellow, UL Certified","1","amazon.com","Standard Orders","Amazon","OKLAHOMA CITY","OK","73112","MarketplaceFacilitator","11.39","0.98","1.49","0","0","0","0","0","0","0","-0.98","-1.37","-5.29","0","0","6.22","Released","Mar 1, 2026 1:17:39 AM PST"
"Mar 1, 2026 1:17:40 AM PST","25788732721","Order","112-2242211-0258651","330101CNJ","VIVOSUN 10""x 20.75"" Seedling Heat Mat and Digital Thermostat Combo Set, UL & MET-Certified Warm Hydroponic Heating Pad for Germination, Indoor Gardeni","1","amazon.com","Standard Orders","Amazon","STATEN ISLAND","NY","10308","MarketplaceFacilitator","24.79","2.20","0","0","0","0","0","0","0","0","-2.20","-3.72","-5.47","0","0","15.60","Released","Mar 1, 2026 1:17:40 AM PST"
"Mar 1, 2026 1:17:41 AM PST","25788732721","Order","113-6780412-3429016","311001-20x5NJ","VIVOSUN 5-Pack 20 Gallon Plant Grow Bags, Heavy Duty Thickened Nonwoven Fabric Pots with Handles","1","amazon.com","Standard Orders","Amazon","CARLISLE","PA","17015","MarketplaceFacilitator","20.49","1.23","2.99","0","0","0","0","0","-2.99","0","-1.23","-3.07","-7.14","0","0","10.28","Released","Mar 1, 2026 1:17:41 AM PST"
"Mar 1, 2026 1:17:58 AM PST","25788732721","Order","112-6070739-4225048","330101NJ","VIVOSUN Durable Waterproof Seedling Heat Mat 10"" x 20.75"" UL & MET-Certified Warm Hydroponic Heating Pad for Germination, Indoor Gardening, Greenhouse","1","amazon.com","Standard Orders","Amazon","MARIETTA","GA","30062","MarketplaceFacilitator","11.99","0.72","1.83","0","0","0","0","0","-1.83","0","-0.72","-1.80","-4.60","0","0","5.59","Released","Mar 1, 2026 1:17:58 AM PST"
"Mar 1, 2026 1:17:59 AM PST","25788732721","Order","111-8237852-8237823","331101-8","VIVOSUN 8 Inch Inline Duct Fan 420 CFM, HVAC Exhaust Ventilation Fan with Low Noise for Basements, Bathrooms, Kitchens and Attics, Silver","1","amazon.com","Standard Orders","Amazon","Nampa","ID","83687","MarketplaceFacilitator","35.98","2.16","2.99","0","0","0","0","0","-2.99","0","-2.16","-5.40","-7.06","0","0","23.52","Released","Mar 1, 2026 1:17:59 AM PST"
"Mar 1, 2026 1:18:04 AM PST","25788732721","Order","111-9238694-1159420","311001-2x5NJ","VIVOSUN 5-Pack 2 Gallon Grow Bags Heavy Duty Thickened Nonwoven Fabric Pots with Handles","1","amazon.com","Standard Orders","Amazon","Bloomington","MN","55431","MarketplaceFacilitator","12.59","1.14","2.99","0","0","0","0","0","-2.99","0","-1.14","-1.89","-4.13","0","0","6.57","Released","Mar 1, 2026 1:18:04 AM PST"
"Mar 1, 2026 1:18:05 AM PST","25788732721","Order","112-4270588-9376225","332572J","VIVOSUN 800GPH Submersible Pump(3000L/H, 24W), Ultra Quiet Water Fountain Pump with 10ft. High Lift with 6.5ft. Power Cord, 3 Nozzles for Fish Tank, P","1","amazon.com","Standard Orders","Amazon","HOUSTON","TX","77095","MarketplaceFacilitator","22.49","1.86","0","0","0","0","0","0","0","0","-1.86","-3.37","-5.80","0","0","13.32","Released","Mar 1, 2026 1:18:05 AM PST"
"Mar 1, 2026 1:18:06 AM PST","25788732721","Order","111-6607467-9233033","VGPF-1100","VIVOGROW Bio Pressure Pond Filter, with 13W UV-C Light, 1050 GPH Suitable for Koi Ponds up to 500 Gallons or Landscape Pools up to 1050 Gallons","1","amazon.com","Standard Orders","Amazon","JACKSONVILLE","FL","32244","MarketplaceFacilitator","98.99","7.42","0","0","0","0","0","0","0","0","-7.42","-14.85","-12.11","0","0","72.03","Released","Mar 1, 2026 1:18:06 AM PST"
"Mar 1, 2026 1:18:07 AM PST","25788732721","Order","112-3366016-5789029","332595J","VIVOSUN 1800 GPH Submersible Water Pump with Barrier Bag, 100W Pond Pump with 14FT. Lift Height, Ultra Quiet Aquarium Pump for Pond, Waterfall, Fish T","1","amazon.com","Standard Orders","Amazon","PLANO","TX","75024","MarketplaceFacilitator","45.00","3.71","0","0","0","0","0","0","0","0","-3.71","-6.75","-8.18","0","0","30.07","Released","Mar 1, 2026 1:18:07 AM PST"
"Mar 1, 2026 1:18:10 AM PST","25788732721","Order","113-6118478-3138665","VSE-ASH05","VIVOSUN AeroStream H05 Intelligent Wi-Fi Humidifier, 1.32 Gal / 5 L Humidifier with Temp & Humidity Probe, Smart Remote Control, Designed for Growers","1","amazon.com","Standard Orders","Amazon","VANCOUVER","WA","98682","MarketplaceFacilitator","0","0","0","0","0","0","0","0","0","0","0","0","0","0","0","0","Released","Mar 1, 2026 1:18:10 AM PST"
"Mar 1, 2026 1:18:12 AM PST","25788732721","Order","112-7894090-3679433","AP-40","VIVOSUN Commercial Air Pump 1110 GPH 8 Outlet 40W 70L/min for Aquarium and Hydroponic Systems","1","amazon.com","Standard Orders","Amazon","LIVERPOOL","NY","13088","MarketplaceFacilitator","44.09","3.53","0","0","0","0","0","0","0","0","-3.53","-6.61","-7.30","0","0","30.18","Released","Mar 1, 2026 1:18:12 AM PST"
"Mar 1, 2026 1:18:24 AM PST","25788732721","Order","114-7076172-3474660","332582-40","VIVOSUN 660GPH 40W Submersible Pump for Fish Tank, Pond, Aquarium, Hydroponic Systems with 5ft Power Cord and 4 Nozzles Blue","1","amazon.com","Standard Orders","Amazon","SACRAMENTO","CA","95831","MarketplaceFacilitator","19.99","0","0","0","0","0","0","0","0","0","0","-3.00","-5.71","0","0","11.28","Released","Mar 1, 2026 1:18:24 AM PST"
"Mar 1, 2026 1:18:33 AM PST","25788732721","Order","111-1171397-4313045","305131-PENJ","VIVOSUN Digital pH Meter, 0.01pH High Accuracy Pen Type pH Tester for Hydroponics, Household Drinking, Pool and Aquarium, Yellow, UL Certified","1","amazon.com","Standard Orders","Amazon","CASTLE ROCK","CO","80108","MarketplaceFacilitator","11.39","0.92","2.99","0","0","0","0","0","-2.99","0","-0.92","-1.37","-3.80","0","0","6.22","Released","Mar 1, 2026 1:18:33 AM PST"
"Mar 1, 2026 1:18:46 AM PST","25788732721","Order","114-7737729-3966668","305130-PEN","VIVOSUN Digital pH and TDS Meter Kits, 0.01pH High Accuracy Pen Type pH Meter ± 2% Readout Accuracy 3-in-1 TDS EC Temperature Meter for Hydroponics,","1","amazon.com","Standard Orders","Amazon","OAKDALE","NY","11769","MarketplaceFacilitator","15.19","1.33","1.50","0","0","0","0","0","-1.50","0","-1.33","-1.82","-3.65","0","0","9.72","Released","Mar 1, 2026 1:18:46 AM PST"
"Mar 1, 2026 1:18:49 AM PST","25788732721","Order","112-0079452-3196221","332572J","VIVOSUN 800GPH Submersible Pump(3000L/H, 24W), Ultra Quiet Water Fountain Pump with 10ft. High Lift with 6.5ft. Power Cord, 3 Nozzles for Fish Tank, P","1","amazon.com","Standard Orders","Amazon","DIXON","CA","95620","MarketplaceFacilitator","22.49","1.88","0","0","0","0","0","0","0","0","-1.88","-3.37","-5.80","0","0","13.32","Released","Mar 1, 2026 1:18:49 AM PST"
"Mar 1, 2026 1:18:55 AM PST","25788732721","Order","112-3350523-4053024","MGN-MP28","Maygrove 3-Pack 28"" Bendable Moss Pole Monstera Plant Support for Climbing Indoors Plants, Coir Moss Poles Sticks DIY, Plant Support Stake for Potted","1","amazon.com","Standard Orders","Amazon","ROBBINSDALE","MN","55422","MarketplaceFacilitator","14.39","1.23","0.99","0","0","0","0","0","-0.99","0","-1.23","-2.16","-5.04","0","0","7.19","Released","Mar 1, 2026 1:18:55 AM PST"
"Mar 1, 2026 1:18:56 AM PST","25788732721","Order","114-3460427-4959400","HR-0002-2","VIVOSUN 2-Pack Outdoor Handrail, 4 Step Stair Handrail, 54"" x 36"" Fits 1 to 4 Steps, Wrought Mattle Iron Handrail for Concrete Steps, Porch Steps, One","1","amazon.com","Standard Orders","Amazon","MIAMI","FL","33147","MarketplaceFacilitator","98.99","6.93","0","0","0","0","0","0","0","0","-6.93","-14.85","-19.23","0","0","64.91","Released","Mar 1, 2026 1:18:56 AM PST"
"Mar 1, 2026 1:18:56 AM PST","25788732721","Order","112-5165718-9008249","HGKB-54","VIVOSUN Hydroponic Grow Kit, 54 Plant Sites 6 Food-Grade PVC-U Pipes Hydroponics Planting System with Water Pump, Pump Timer, Nest Basket and Sponge f","1","amazon.com","Standard Orders","Amazon","CHEYENNE","WY","82009","MarketplaceFacilitator","85.49","5.13","0","0","0","0","0","0","0","0","-5.13","-12.82","-13.25","0","0","59.42","Released","Mar 1, 2026 1:18:56 AM PST"
"Mar 1, 2026 1:18:56 AM PST","25788732721","Order","111-8934561-9900211","311001-20x5NJ","VIVOSUN 5-Pack 20 Gallon Plant Grow Bags, Heavy Duty Thickened Nonwoven Fabric Pots with Handles","1","amazon.com","Standard Orders","Amazon","OSWEGO","NY","13126","MarketplaceFacilitator","20.49","1.64","0","0","0","0","0","0","0","0","-1.64","-3.07","-7.14","0","0","10.28","Released","Mar 1, 2026 1:18:56 AM PST"
"Mar 1, 2026 1:19:00 AM PST","25788732721","Order","111-7738972-4565013","VSL-T52F-4","VIVOSUN 2ft Grow Lights for Indoor Plants Full Spectrum, LED Plant Lights 60W(4 X 15W), T5 Grow Light Strip for Seed Starting, Greenhouse, Hydroponics","1","amazon.com","Standard Orders","Amazon","KNOXVILLE","TN","37920","MarketplaceFacilitator","35.99","3.33","0","0","0","0","0","0","0","0","-6.66","-10.80","-9.44","0","0","12.42","Released","Mar 1, 2026 1:19:00 AM PST"
"Mar 1, 2026 1:19:00 AM PST","25788732721","Order","111-7738972-4565013","VSL-T52F-4","VIVOSUN 2ft Grow Lights for Indoor Plants Full Spectrum, LED Plant Lights 60W(4 X 15W), T5 Grow Light Strip for Seed Starting, Greenhouse, Hydroponics","1","amazon.com","Standard Orders","Amazon","KNOXVILLE","TN","37920","","35.99","3.33","0","0","0","0","0","0","0","0","0","0","-9.44","0","0","29.88","Released","Mar 1, 2026 1:19:00 AM PST"
"Mar 1, 2026 1:19:02 AM PST","25788732721","Order","112-9956613-7922639","330101NJ","VIVOSUN Durable Waterproof Seedling Heat Mat 10"" x 20.75"" UL & MET-Certified Warm Hydroponic Heating Pad for Germination, Indoor Gardening, Greenhouse","1","amazon.com","Standard Orders","Amazon","Liverpool","New York","13088","MarketplaceFacilitator","14.99","1.20","6.99","0.56","0","0","0","0","0","0","-1.76","-2.25","-11.51","0","0","8.22","Released","Mar 1, 2026 1:19:02 AM PST"
"Mar 1, 2026 1:19:25 AM PST","25788732721","Order","112-7912431-2674626","305131J","VIVOSUN Soil Tester, 3-in-1 Plant Moisture Meter Light and PH Tester for Home, Garden, Lawn, Farm, Indoor and Outdoor Use, Promote Plants Healthy Grow","2","amazon.com","Standard Orders","Amazon","FRESNO","CA","93711","MarketplaceFacilitator","18.98","1.58","0","0","0","0","0","0","0","0","-1.58","-2.84","-6.76","0","0","9.38","Released","Mar 1, 2026 1:19:25 AM PST"
"Mar 1, 2026 1:19:53 AM PST","25788732721","Order","112-3630955-0816201","311001-2x5NJ","VIVOSUN 5-Pack 2 Gallon Grow Bags Heavy Duty Thickened Nonwoven Fabric Pots with Handles","1","amazon.com","Standard Orders","Amazon","CONIFER","CO","80433","MarketplaceFacilitator","12.59","0.57","0","0","0","0","0","0","0","0","-0.57","-1.89","-4.20","0","0","6.50","Released","Mar 1, 2026 1:19:53 AM PST"
"Mar 1, 2026 1:19:58 AM PST","25788732721","Order","111-8652994-5401809","330101x2NJ","VIVOSUN 2 Pack Durable Waterproof Seedling Heat Mat 10"" x 20.75"" UL & MET-Certified Warm Hydroponic Heating Pad for Germination, Indoor Gardening, Gre","1","amazon.com","Standard Orders","Amazon","BEDFORD","IA","50833","MarketplaceFacilitator","25.19","1.76","0.57","0","0","0","0","0","-0.57","0","-1.76","-3.78","-5.57","0","0","15.84","Released","Mar 1, 2026 1:19:58 AM PST"
"Mar 1, 2026 1:20:15 AM PST","25788732721","Order","112-3622138-8594666","330101x2NJ","VIVOSUN 2 Pack Durable Waterproof Seedling Heat Mat 10"" x 20.75"" UL & MET-Certified Warm Hydroponic Heating Pad for Germination, Indoor Gardening, Gre","1","amazon.com","Standard Orders","Amazon","DENISON","TX","75020","MarketplaceFacilitator","25.19","2.08","0","0","0","0","0","0","0","0","-2.08","-3.78","-5.57","0","0","15.84","Released","Mar 1, 2026 1:20:15 AM PST"
"Mar 1, 2026 1:20:25 AM PST","25788732721","Order","112-9434766-3297063","VSF-AWD4x2","VIVOSUN AeroWave D4, 4"" Grow Tent Clip Fan with Detachable Hook, 3-Speed Strong & Quiet Airflow, Adjustable Airflow Angle for Hydroponics, Circulation","1","amazon.com","Standard Orders","Amazon","KANSAS CITY","MO","64130","MarketplaceFacilitator","37.99","2.84","0.99","0","0","0","0","0","-0.99","0","-2.84","-5.70","-5.42","0","0","26.87","Released","Mar 1, 2026 1:20:25 AM PST"
"Mar 1, 2026 1:20:29 AM PST","25788732721","Order","112-1001228-8654608","332594J","VIVOSUN 3700 GPH Submersible Water Pump with Barrier Bag, Ultra Quiet 300W Pond Pump for Pond, Waterfall, Fish Tank, Statuary, Hydroponic, 21Ft. Lift","1","amazon.com","Standard Orders","Amazon","SOMERDALE","NJ","08083","MarketplaceFacilitator","89.99","5.96","0","0","0","0","0","0","0","0","-5.96","-13.50","-9.31","0","0","67.18","Released","Mar 1, 2026 1:20:29 AM PST"
"Mar 1, 2026 1:20:37 AM PST","25788732721","Order","112-2772871-8725812","330104NJ","VIVOSUN Durable Waterproof Seedling Heat Mat 3"" x 20"" UL & MET-Certified Heating Pad for Hydroponic, Kombucha Tea, Brewing, Fermentation & Plant Germi","1","amazon.com","Standard Orders","Amazon","NEWCASTLE","WA","98059","MarketplaceFacilitator","11.99","1.23","0.99","0","0","0","0","0","-0.99","0","-1.23","-1.80","-3.91","0","0","6.28","Released","Mar 1, 2026 1:20:37 AM PST"
"Mar 1, 2026 1:20:42 AM PST","25788732721","Order","113-0935312-1325815","WB-47","VIVOSUN 47-Gallon Collapsible Garden Bag, Yard Waste Bin with Hard-Shell Bottom, Leaf Scoops and Gloves, Collapsible Yard Waste Containers for Lawn Ca","1","amazon.com","Standard Orders","Amazon","FRUITA","CO","81521","MarketplaceFacilitator","41.39","3.42","0","0","0","0","0","0","0","0","-3.42","-6.21","-12.27","0","0","22.91","Released","Mar 1, 2026 1:20:42 AM PST"
"Mar 1, 2026 1:20:48 AM PST","25788732721","Order","113-2091817-6193839","330118NJ","VIVOSUN Digital Heat Mat Thermostat Controller, 40-108 ºF 1000W for Reptiles, Seedlings, Germination, Incubation and Fermentation","3","amazon.com","Standard Orders","Amazon","GREAT FALLS","MT","59405","","56.97","0","0","0","0","0","0","0","-2.85","0","0","-10.84","-13.80","0","0","29.48","Released","Mar 1, 2026 1:20:48 AM PST"
"Mar 1, 2026 1:20:48 AM PST","25788732721","Order","113-2091817-6193839","330118NJ","VIVOSUN Digital Heat Mat Thermostat Controller, 40-108 ºF 1000W for Reptiles, Seedlings, Germination, Incubation and Fermentation","1","amazon.com","Standard Orders","Amazon","GREAT FALLS","MT","59405","","18.99","0","0","0","0","0","0","0","-0.95","0","0","0","-4.60","0","0","13.44","Released","Mar 1, 2026 1:20:48 AM PST"
"Mar 1, 2026 1:20:52 AM PST","25788732721","Order","114-4422624-4021048","307281-2J","VIVOSUN Clamp Lamp Light with Detachable 8.5 Inch Aluminum Reflector up to 150 Watt E26 Socket (No Bulb Included), 6 Feet Cord, UL Listed, Pack of 2","1","amazon.com","Standard Orders","Amazon","ROGERS","AR","72758","MarketplaceFacilitator","24.99","0","0","0","0","0","0","0","0","0","0","-3.75","-7.93","0","0","13.31","Released","Mar 1, 2026 1:20:52 AM PST"
"Mar 1, 2026 1:20:55 AM PST","25788732721","Order","112-0634821-4589810","Spray-SX-CS4J","VIVOSUN 1 Gal/4L Pump Sprayer, Garden Water Sprayer for Plants, Weeds & Lawn Care, with 3 Nozzles, 50'' Long Hose & Pressure Relief Valve","1","amazon.com","Standard Orders","Amazon","RIVER FALLS","WI","54022","MarketplaceFacilitator","32.99","1.81","0","0","0","0","0","0","0","0","-1.81","-4.95","-8.25","0","0","19.79","Released","Mar 1, 2026 1:20:55 AM PST"
"Mar 1, 2026 1:21:26 AM PST","25788732721","Order","111-0957167-2470609","330702-02J","VIVOSUN Trellis Netting Heavy-duty Polyester 5'x30' 1 Pack","1","amazon.com","Standard Orders","Amazon","WILMINGTON","NC","28405","MarketplaceFacilitator","8.99","0.63","0","0","0","0","0","0","0","0","-0.63","-1.35","-2.51","0","0","5.13","Released","Mar 1, 2026 1:21:26 AM PST"
"Mar 1, 2026 1:21:41 AM PST","25788732721","Order","114-2660089-1743452","311001-20x5NJ","VIVOSUN 5-Pack 20 Gallon Plant Grow Bags, Heavy Duty Thickened Nonwoven Fabric Pots with Handles","1","amazon.com","Standard Orders","Amazon","GRANGEVILLE","ID","83530","MarketplaceFacilitator","23.99","1.44","0","0","0","0","0","0","0","0","-1.44","-3.60","-7.14","0","0","13.25","Released","Mar 1, 2026 1:21:41 AM PST"
"Mar 1, 2026 1:22:01 AM PST","25788732721","Order","113-2279739-2057823","311001-30x5NJ","VIVOSUN 5-Pack 30 Gallons Grow Bags, Heavy Duty Thickened Nonwoven Fabric Pots with Handles","1","amazon.com","Standard Orders","Amazon","LITTLETON","CO","80128","MarketplaceFacilitator","26.09","1.30","0","0","0","0","0","0","0","0","-1.30","-3.91","-7.38","0","0","14.80","Released","Mar 1, 2026 1:22:01 AM PST"
"Mar 1, 2026 1:22:01 AM PST","25788732721","Order","113-2279739-2057823","311001-10x5NJ","VIVOSUN 5-Pack 10 Gallon Plant Grow Bags, Heavy Duty Thickened Nonwoven Fabric Pots with Handles","1","amazon.com","Standard Orders","Amazon","LITTLETON","CO","80128","MarketplaceFacilitator","18.89","0.94","0","0","0","0","0","0","0","0","-0.94","-2.83","-5.97","0","0","10.09","Released","Mar 1, 2026 1:22:01 AM PST"
"Mar 1, 2026 1:22:01 AM PST","25788732721","Order","113-2279739-2057823","311001-3x5NJ","VIVOSUN 5-Pack 3 Gallon Plant Grow Bags Heavy Duty Thickened Nonwoven Fabric Pots with Handles","1","amazon.com","Standard Orders","Amazon","LITTLETON","CO","80128","MarketplaceFacilitator","13.49","0.64","0","0","0","0","0","0","-0.68","0","-0.64","-1.92","-4.95","0","0","5.94","Released","Mar 1, 2026 1:22:01 AM PST"
"Mar 1, 2026 1:22:20 AM PST","25788732721","Order","112-4893129-8465830","SPray-OR-3L","VIVOSUN 0.8Gal/3L Pump Pressure Sprayer, Pressurized Water Spray Bottle with Adjustable Shoulder Strap, Adjustable Nozzle, Safety Valve & Additional S","1","amazon.com","Standard Orders","Amazon","PIKESVILLE","MD","21208","MarketplaceFacilitator","13.99","0.84","0","0","0","0","0","0","0","0","-0.84","-2.10","-7.54","0","0","4.35","Released","Mar 1, 2026 1:22:20 AM PST"
"Mar 1, 2026 1:22:30 AM PST","25788732721","Order","114-2848942-3587413","304113-P448","VIVOSUN P448 Advance PRO Grow Tent 4x4, with Thick 1 inch Poles, Strengthened High Reflective Mylar Oxford Tent, Extra Hanging Bars & High CFM Kit 48""","1","amazon.com","Standard Orders","Amazon","TINLEY PARK","IL","60477","MarketplaceFacilitator","135.98","13.60","0","0","0","0","0","0","0","0","-13.60","-20.40","-26.45","0","0","89.13","Released","Mar 1, 2026 1:22:30 AM PST"
"Mar 1, 2026 1:22:40 AM PST","25788732721","Order","113-3589742-7273021","VSK-GIYS224-US","VIVOSUN GIY Smart Grow Tent System 2x2, WiFi-Integrated Grow Tent Kit, with Automate Ventilation and Circulation, Schedule Full Spectrum 100W LED Grow","1","amazon.com","Standard Orders","Amazon","FULTON","MO","65251","MarketplaceFacilitator","297.49","18.52","0","0","0","0","0","0","0","0","-18.52","-44.62","-28.80","0","0","224.07","Released","Mar 1, 2026 1:22:40 AM PST"
"Mar 1, 2026 1:23:12 AM PST","25788732721","Order","113-8694235-1137809","311003-5J","VIVOSUN Curved Gardening Scissors 6.5 Inch Hand Pruner Shear with Titanium Coated Blades 1-Pack","2","amazon.com","Standard Orders","Amazon","Pickerington","Ohio","43147","MarketplaceFacilitator","11.98","0.80","0","0","0","0","0","0","0","0","-0.80","-1.80","-4.90","0","0","5.28","Released","Mar 1, 2026 1:23:12 AM PST"
"Mar 1, 2026 1:23:17 AM PST","25788732721","Order","112-0801230-4240212","332572J","VIVOSUN 800GPH Submersible Pump(3000L/H, 24W), Ultra Quiet Water Fountain Pump with 10ft. High Lift with 6.5ft. Power Cord, 3 Nozzles for Fish Tank, P","1","amazon.com","Standard Orders","Amazon","HOUSTON","TX","77060","MarketplaceFacilitator","22.49","1.86","1.50","0","0","0","0","0","-1.50","0","-1.86","-3.37","-5.92","0","0","13.20","Released","Mar 1, 2026 1:23:17 AM PST"
"Mar 1, 2026 1:23:17 AM PST","25788732721","Order","114-1147108-0725823","304866J","VIVOSUN 1-Pack Self Adhesive Zipper Door for Debris Barriers, 3In. x 7Ft. Peel & Stick, Heavy-Duty & Double-Sided Zipper for Tarp, Greenhouse, Indoor","1","amazon.com","Standard Orders","Amazon","SACRAMENTO","CA","95818","MarketplaceFacilitator","12.99","1.14","0","0","0","0","0","0","0","0","-1.14","-1.95","-3.95","0","0","7.09","Released","Mar 1, 2026 1:23:17 AM PST"
"Mar 1, 2026 1:23:23 AM PST","25788732721","Order","112-5179245-7880228","YOYO-004J","VIVOSUN 12 PCS Retractable Plant Yoyo with Stopper for Grow Support in Tent Garden or Hydroponics, White","1","amazon.com","Standard Orders","Amazon","TEMPLE","TEXAS","76501","MarketplaceFacilitator","14.39","1.19","0","0","0","0","0","0","0","0","-1.19","-2.16","-4.95","0","0","7.28","Released","Mar 1, 2026 1:23:23 AM PST"
"Mar 1, 2026 1:23:32 AM PST","25788732721","Order","114-4860994-1002639","VSGB-10","VIVOSUN 5-Pack 10 Gallon Grow Bags, 500G Thick Nonwoven Fabric Pots with Strap Handles, Multi-Purpose Rings, for Low Stress Plant Training Fruits, Veg","1","amazon.com","Standard Orders","Amazon","NEW YORK","NY","10038","MarketplaceFacilitator","23.99","2.13","0","0","0","0","0","0","0","0","-2.13","-3.60","-6.12","0","0","14.27","Released","Mar 1, 2026 1:23:32 AM PST"
"Mar 1, 2026 1:23:40 AM PST","25788732721","Order","113-2858226-9113814","311001-7x5NJ","VIVOSUN 5-Pack 7 Gallon Plant Grow Bags, Heavy Duty Thickened Nonwoven Fabric Pots with Handles","1","amazon.com","Standard Orders","Amazon","PEORIA","AZ","85381","MarketplaceFacilitator","16.19","1.31","0","0","0","0","0","0","0","0","-1.31","-2.43","-5.71","0","0","8.05","Released","Mar 1, 2026 1:23:40 AM PST"
"Mar 1, 2026 1:23:41 AM PST","25788732721","Order","112-8881805-4949820","332573J","VIVOSUN 210GPH Submersible Pump(800L/H, 8W), Ultra Quiet Water Pump with 3.3ft High Lift, with 5ft Power Cord, 2 Nozzles for Fish Tank, Pond, Aquarium","1","amazon.com","Standard Orders","Amazon","GLENDALE","AZ","85302","MarketplaceFacilitator","14.39","1.32","0","0","0","0","0","0","0","0","-1.32","-2.16","-4.20","0","0","8.03","Released","Mar 1, 2026 1:23:41 AM PST"
"Mar 1, 2026 1:23:58 AM PST","25788732721","Order","S01-2754507-8390820","SST-0002","VIVOSUN 12-Pack Seed Starter Trays, 144-Cell Seed Starter Kit with Humidity Dome, Flat Reusable Plant Germination Trays with Drain Hole, Green Propagation Tray for Planting Seeds","1","sim1.stores.amazon.com","Standard Orders","Amazon","Fresno","CA","93704","","0","0","0","0","0","0","0","0","0","0","0","0","-11.75","0","0","-11.75","Released","Mar 1, 2026 1:23:58 AM PST"
"Mar 1, 2026 1:24:08 AM PST","25788732721","Order","111-5917347-7631413","306109-48C","VIVOSUN Dryer Vent Hose, 4 inch Aluminum Foil Ducting, 8FT Long Heavy-Duty Dryer Hose Vent Kit for HVAC Ventilation, Exhaust, Duct Fan Systems, Black","1","amazon.com","Standard Orders","Amazon","WATERFORD","MI","48329","MarketplaceFacilitator","14.24","0.85","0","0","0","0","0","0","0","0","-0.85","-2.14","-4.95","0","0","7.15","Released","Mar 1, 2026 1:24:08 AM PST"
"Mar 1, 2026 1:24:08 AM PST","25788732721","Order","111-5917347-7631413","VSV-IFP4C","VIVOSUN 4"" Inline Booster Duct Fan with Speed Regulator, 130 CFM Quiet Exhaust Fan for HVAC Ventilation in Grow Tents, Basements, Bathrooms, Kitchens,","1","amazon.com","Standard Orders","Amazon","WATERFORD","MI","48329","MarketplaceFacilitator","25.39","1.52","0","0","0","0","0","0","0","0","-1.52","-3.81","-5.42","0","0","16.16","Released","Mar 1, 2026 1:24:08 AM PST"
"Mar 1, 2026 1:24:13 AM PST","25788732721","Order","114-2776020-0699426","311001-20x5NJ","VIVOSUN 5-Pack 20 Gallon Plant Grow Bags, Heavy Duty Thickened Nonwoven Fabric Pots with Handles","1","amazon.com","Standard Orders","Amazon","LOS ANGELES","CA","90015","MarketplaceFacilitator","20.49","2.00","0","0","0","0","0","0","0","0","-2.00","-3.07","-7.14","0","0","10.28","Released","Mar 1, 2026 1:24:13 AM PST"
"Mar 1, 2026 1:24:40 AM PST","25788732721","Order","111-0354694-9913855","311021-10x5J","VIVOSUN 5-Pack 10 Gallons Grow Bags Heavy Duty Thickened Nonwoven Fabric Pots with Strap Handles Tan","1","amazon.com","Standard Orders","Amazon","REEDLEY","CA","93654","MarketplaceFacilitator","18.89","1.74","0","0","0","0","0","0","0","0","-1.74","-2.83","-5.80","0","0","10.26","Released","Mar 1, 2026 1:24:40 AM PST"
"Mar 1, 2026 1:25:03 AM PST","25788732721","Order","113-3447867-8001851","311021-3x5J","VIVOSUN 5-Pack 3 Gallons Grow Bags Heavy Duty Thickened Nonwoven Fabric Pots with Strap Handles Tan","1","amazon.com","Standard Orders","Amazon","TALLAHASSEE","FL","32311","MarketplaceFacilitator","14.39","1.08","0","0","0","0","0","0","0","0","-1.08","-2.16","-4.95","0","0","7.28","Released","Mar 1, 2026 1:25:03 AM PST"
"Mar 1, 2026 1:25:21 AM PST","25788732721","Order","112-8761902-8873849","DT-001X2J","VIVOSUN 7 Day Programmable Digital Timer with Dual Outlet, 20 On/Off UL Listed Heavy Duty Plug-in Outlet Timer with Countdown Setting, Indoor for Lamp","1","amazon.com","Standard Orders","Amazon","FORT COLLINS","CO","80526","MarketplaceFacilitator","24.99","2.07","0","0","0","0","0","0","0","0","-2.07","-3.75","-4.20","0","0","17.04","Released","Mar 1, 2026 1:25:21 AM PST"
"Mar 1, 2026 1:25:25 AM PST","25788732721","Order","111-4319281-5873807","GP0001-6J","VIVOSUN 50 Pcs 6 Inch Plastic Plant Nursery Pots, Seed Starting Pot, Flower Plant Container for Seedlings, Cuttings, Transplanting","1","amazon.com","Standard Orders","Amazon","Phoenix","AZ","85041","MarketplaceFacilitator","22.49","2.05","0","0","0","0","0","0","0","0","-2.05","-3.37","-8.18","0","0","10.94","Released","Mar 1, 2026 1:25:25 AM PST"
"Mar 1, 2026 1:25:44 AM PST","25788732721","Order","114-1384944-5564221","330101NJ","VIVOSUN Durable Waterproof Seedling Heat Mat 10"" x 20.75"" UL & MET-Certified Warm Hydroponic Heating Pad for Germination, Indoor Gardening, Greenhouse","1","amazon.com","Standard Orders","Amazon","Uxbridge","Ma","01569","MarketplaceFacilitator","14.99","0.94","0.63","0","0","0","0","0","0","0","-0.94","-2.25","-5.15","0","0","8.22","Released","Mar 1, 2026 1:25:44 AM PST"
"Mar 1, 2026 1:25:44 AM PST","25788732721","Order","112-0898833-2363413","VSS-SP-456L36","VIVOSUN 36 Packs 4/5/6 Inch Clear Nursery Pots with Drainage Holes, Reinforced Plastic Seedling Pots for Plants, Flowers, Cuttings, and Succulents, 40","1","amazon.com","Standard Orders","Amazon","BLACKWOOD","NJ","08012","MarketplaceFacilitator","19.99","1.32","0","0","0","0","0","0","0","0","-1.32","-3.00","-7.37","0","0","9.62","Released","Mar 1, 2026 1:25:44 AM PST"
"Mar 1, 2026 1:26:06 AM PST","25788732721","Order","114-6642064-2555425","311021-25x5NJ","VIVOSUN 5-Pack 25 Gallons Grow Bags Heavy Duty Thickened Nonwoven Fabric Pots with Strap Handles Tan","1","amazon.com","Standard Orders","Amazon","FRESNO","CA","93710","MarketplaceFacilitator","23.39","1.95","0","0","0","0","0","0","0","0","-1.95","-3.51","-7.30","0","0","12.58","Released","Mar 1, 2026 1:26:06 AM PST"
"Mar 1, 2026 1:26:15 AM PST","25788732721","Order","111-8627969-4323400","330103CNJ","VIVOSUN 48"" x 20.75"" Seedling Heat Mat and Digital Thermostat Combo Set, UL & MET-Certified Warm Hydroponic Heating Pad for Germination, Indoor Garden","1","amazon.com","Standard Orders","Amazon","EASTON","MD","21601","MarketplaceFacilitator","56.99","3.42","0","0","0","0","0","0","0","0","-3.42","-8.55","-8.69","0","0","39.75","Released","Mar 1, 2026 1:26:15 AM PST"
"Mar 1, 2026 1:26:28 AM PST","25788732721","Order","112-3066455-2502622","306104-88J","VIVOSUN 8 Inch 8 Feet Flex Air Aluminum Ducting, Dryer Vent Hose for HVAC Ventilation, Exhaust, Duct Fan Systems, Silver Flexible Air Duct w/ 2 Clamps","1","amazon.com","Standard Orders","Amazon","Denver","CO","80211","MarketplaceFacilitator","20.89","1.91","0","0","0","0","0","0","0","0","-1.91","-3.13","-5.97","0","0","11.79","Released","Mar 1, 2026 1:26:28 AM PST"
"Mar 1, 2026 1:26:32 AM PST","25788732721","Order","112-4549626-5980257","306101W-4J","VIVOSUN D4 4 Inch 195 CFM Inline Duct Ventilation Fan, HVAC Vent Blower for Grow Tent, Attic, Basements or Kitchen, Hydroponics Exhaust Booster Fan","1","amazon.com","Standard Orders","Amazon","THOMASVILLE","GA","31757","MarketplaceFacilitator","25.64","2.05","0","0","0","0","0","0","0","0","-2.05","-3.85","-6.82","0","0","14.97","Released","Mar 1, 2026 1:26:32 AM PST"
"Mar 1, 2026 1:26:33 AM PST","25788732721","Order","114-0655290-3083439","GP0001-6J","VIVOSUN 50 Pcs 6 Inch Plastic Plant Nursery Pots, Seed Starting Pot, Flower Plant Container for Seedlings, Cuttings, Transplanting","1","amazon.com","Standard Orders","Amazon","SPRING","TX","77389","MarketplaceFacilitator","22.49","1.86","0","0","0","0","0","0","0","0","-1.86","-3.37","-8.18","0","0","10.94","Released","Mar 1, 2026 1:26:33 AM PST"
"Mar 1, 2026 1:26:54 AM PST","25788732721","Order","113-9577361-7033045","305142-PEN","VIVOSUN TDS Meter, 3 in 1 TDS, EC & Temperature Meter, Accurate Digital Water Quality Tester for Drinking Water, Aquarium, Hydroponics, RO/DI System,","1","amazon.com","Standard Orders","Amazon","Mankato","Mn","56001","MarketplaceFacilitator","9.49","0.75","0","0","0","0","0","0","0","0","-0.75","-1.14","-3.02","0","0","5.33","Released","Mar 1, 2026 1:26:54 AM PST"
"Mar 1, 2026 1:27:03 AM PST","25788732721","Order","114-2376036-5807402","NB-001J","VIVOSUN Liquid Nutrients Base A & B Bundle, Grow Big Hydroponic Fertilizer, Supports Vegetative and Flowering Stages for Outdoor, Indoor Plants, Best","1","amazon.com","Standard Orders","Amazon","SOUTH CHESTERFIELD","VA","23803","MarketplaceFacilitator","35.99","2.16","0","0","0","0","0","0","0","0","-2.16","-5.40","-7.46","0","0","23.13","Released","Mar 1, 2026 1:27:03 AM PST"
"Mar 1, 2026 1:27:03 AM PST","25788732721","Order","114-2376036-5807402","VSF-AWE6-G2x2","VIVOSUN AeroWave E6 Gen2, Grow Tent Clip Fan 6"", EC Motor, Smart Control, Powerful Oscillating Fan, Local Timer, Weatherproof IP54, for Hydroponics Ci","1","amazon.com","Standard Orders","Amazon","SOUTH CHESTERFIELD","VA","23803","MarketplaceFacilitator","75.99","4.56","0","0","0","0","0","0","0","0","-4.56","-11.40","-10.97","0","0","53.62","Released","Mar 1, 2026 1:27:03 AM PST"
"Mar 1, 2026 1:27:03 AM PST","25788732721","Order","114-1715345-6405049","VSV-WVK4","VIVOSUN Portable AC Sliding Door Vent Kit, 16.9""/21.2""-88.6"" Length Adjustable, Fits 5.1"" & 5.9"" Exhaust Hose for Sliding Doors or Windows","1","amazon.com","Standard Orders","Amazon","FULLERTON","CA","92831","MarketplaceFacilitator","27.99","2.17","2.99","0","0","0","0","0","-2.99","0","-2.17","-4.20","-7.77","0","0","16.02","Released","Mar 1, 2026 1:27:03 AM PST"
"Mar 1, 2026 1:27:07 AM PST","25788732721","Order","112-6475672-9640269","305130-PEN","VIVOSUN Digital pH and TDS Meter Kits, 0.01pH High Accuracy Pen Type pH Meter ± 2% Readout Accuracy 3-in-1 TDS EC Temperature Meter for Hydroponics,","1","amazon.com","Standard Orders","Amazon","TALLAHASSEE","FL","32310","MarketplaceFacilitator","15.19","1.14","0.08","0","0","0","0","0","-0.08","0","-1.14","-1.82","-3.65","0","0","9.72","Released","Mar 1, 2026 1:27:07 AM PST"
"Mar 1, 2026 1:27:13 AM PST","25788732721","Order","113-1175753-7324257","VSF-AWD4Wx2","VIVOSUN AeroWave D4, 4"" Grow Tent Clip Fan with Detachable Hook, 3-Speed Strong & Quiet Airflow, Adjustable Airflow Angle for Hydroponics, Circulation","1","amazon.com","Standard Orders","Amazon","DENVER","CO","80203","MarketplaceFacilitator","32.99","3.02","0","0","0","0","0","0","0","0","-3.02","-4.95","-5.33","0","0","22.71","Released","Mar 1, 2026 1:27:13 AM PST"
"Mar 1, 2026 1:27:17 AM PST","25788732721","Order","112-5585269-6162613","Spray-SX-CS5J","VIVOSUN 1.35 Gal/5L Pump Sprayer, Garden Water Sprayer for Plants, Weeds & Lawn Care, with 3 Nozzles, 50'' Long Hose & Pressure Relief Valve","1","amazon.com","Standard Orders","Amazon","GLENDALE","ARIZONA","85308","MarketplaceFacilitator","34.99","3.22","0","0","0","0","0","0","0","0","-3.22","-5.25","-8.02","0","0","21.72","Released","Mar 1, 2026 1:27:17 AM PST"
"Mar 1, 2026 1:27:36 AM PST","25788732721","Order","112-8930138-2817869","311003-4J","VIVOSUN 6.5 Inch Gardening Scissors Hand Pruner Pruning Shear with Straight Stainless Steel Blades Orange 1-Pack","1","amazon.com","Standard Orders","Amazon","OVERLAND PARK","KS","66212","MarketplaceFacilitator","6.49","0.61","1.50","0","0","0","0","0","-1.50","0","-0.61","-0.97","-2.49","0","0","3.03","Released","Mar 1, 2026 1:27:36 AM PST"
"Mar 1, 2026 1:28:13 AM PST","25788732721","Order","114-2717532-3842605","332582-40","VIVOSUN 660GPH 40W Submersible Pump for Fish Tank, Pond, Aquarium, Hydroponic Systems with 5ft Power Cord and 4 Nozzles Blue","1","amazon.com","Standard Orders","Amazon","CROOKSTON","MN","56716","MarketplaceFacilitator","20.69","1.45","0","0","0","0","0","0","-1.04","0","-2.90","-5.90","-5.71","0","0","6.59","Released","Mar 1, 2026 1:28:13 AM PST"
"Mar 1, 2026 1:28:13 AM PST","25788732721","Order","114-2717532-3842605","332582-40","VIVOSUN 660GPH 40W Submersible Pump for Fish Tank, Pond, Aquarium, Hydroponic Systems with 5ft Power Cord and 4 Nozzles Blue","1","amazon.com","Standard Orders","Amazon","CROOKSTON","MN","56716","","20.69","1.45","0","0","0","0","0","0","-1.03","0","0","0","-5.71","0","0","15.40","Released","Mar 1, 2026 1:28:13 AM PST"
"Mar 1, 2026 1:28:30 AM PST","25788732721","Order","114-9630748-5200202","330103CNJ","VIVOSUN 48"" x 20.75"" Seedling Heat Mat and Digital Thermostat Combo Set, UL & MET-Certified Warm Hydroponic Heating Pad for Germination, Indoor Garden","1","amazon.com","Standard Orders","Amazon","SUISUN CITY","CA","94585","MarketplaceFacilitator","56.99","5.20","0","0","0","0","0","0","0","0","-5.20","-8.55","-8.69","0","0","39.75","Released","Mar 1, 2026 1:28:30 AM PST"
"Mar 1, 2026 1:28:42 AM PST","25788732721","Order","113-5815701-7953051","RGB-0001","VIVOSUN Elevated Wooden Raised Garden Bed, 48 x 24 x 30 Inches, Outdoor Wood Planter Box w Bed Liner and Gloves for Garden, Patio, Balcony, Backyard a","1","amazon.com","Standard Orders","Amazon","SACRAMENTO","CA","95835","MarketplaceFacilitator","68.58","6.00","0","0","0","0","0","0","0","0","-6.00","-10.29","-18.09","0","0","40.20","Released","Mar 1, 2026 1:28:42 AM PST"
"Mar 1, 2026 1:28:51 AM PST","25788732721","Order","114-9428304-9088256","VSI-DIK01","VIVOSUN Automatic Drip Irrigation Kit, Smart Watering System with 16 Drip Emitters, 4mm Fast Flow, App-Controlled A10 GrowHub, Quiet 15W Pump, Anti-Si","1","amazon.com","Standard Orders","Amazon","CLINTON","MD","20735","MarketplaceFacilitator","49.99","3.00","0","0","0","0","0","0","0","0","-3.00","-7.50","-6.33","0","0","36.16","Released","Mar 1, 2026 1:28:51 AM PST"
"Mar 1, 2026 1:28:55 AM PST","25788732721","Order","114-8397315-6084229","GT-Pole","VIVOSUN Grow Tent High CFM Kit, Green Pole Range of 24""-48"", Suitable for 2'x2', 3'x3', 4'x2' and 4'x4' Grow Tent, 4-Pack","1","amazon.com","Standard Orders","Amazon","Erie","pa","16508","MarketplaceFacilitator","35.99","2.05","0","0","0","0","0","0","-1.80","0","-4.10","-10.26","-8.69","0","0","13.19","Released","Mar 1, 2026 1:28:55 AM PST"
"Mar 1, 2026 1:28:55 AM PST","25788732721","Order","114-8397315-6084229","GT-Pole","VIVOSUN Grow Tent High CFM Kit, Green Pole Range of 24""-48"", Suitable for 2'x2', 3'x3', 4'x2' and 4'x4' Grow Tent, 4-Pack","1","amazon.com","Standard Orders","Amazon","Erie","pa","16508","","35.99","2.05","0","0","0","0","0","0","-1.80","0","0","0","-8.69","0","0","27.55","Released","Mar 1, 2026 1:28:55 AM PST"
"Mar 1, 2026 1:28:59 AM PST","25788732721","Order","113-5865853-9751430","332572J","VIVOSUN 800GPH Submersible Pump(3000L/H, 24W), Ultra Quiet Water Fountain Pump with 10ft. High Lift with 6.5ft. Power Cord, 3 Nozzles for Fish Tank, P","1","amazon.com","Standard Orders","Amazon","Smyrna","GA","30082","MarketplaceFacilitator","22.49","1.35","1.50","0","0","0","0","0","-1.50","0","-1.35","-3.37","-5.80","0","0","13.32","Released","Mar 1, 2026 1:28:59 AM PST"
"Mar 1, 2026 1:29:08 AM PST","25788732721","Order","114-0771144-3778629","CBIN-H300","VIVOSUN 300 Gallon Outdoor Compost Bin, Expandable Composter, Easy to Setup & Large Capacity for Backyard, Lawn (Black with Gloves)","1","amazon.com","Standard Orders","Amazon","ERIE","PA","16508","MarketplaceFacilitator","44.99","2.70","0","0","0","0","0","0","0","0","-2.70","-6.75","-10.59","0","0","27.65","Released","Mar 1, 2026 1:29:08 AM PST"
"Mar 1, 2026 1:29:20 AM PST","25788732721","Order","113-3748624-4864226","330103x2","VIVOSUN 2-Pack 48"" x 20.75"" Durable Waterproof Seedling Heat Mat, UL & MET-Certified Warm Hydroponic Heating Pad for Germination, Indoor Gardening, Gr","1","amazon.com","Standard Orders","Amazon","LOUISVILLE","OH","44641","MarketplaceFacilitator","68.99","4.48","0","0","0","0","0","0","0","0","-4.48","-10.35","-10.96","0","0","47.68","Released","Mar 1, 2026 1:29:20 AM PST"
"Mar 1, 2026 1:29:24 AM PST","25788732721","Order","113-6545235-2149859","330103x2","VIVOSUN 2-Pack 48"" x 20.75"" Durable Waterproof Seedling Heat Mat, UL & MET-Certified Warm Hydroponic Heating Pad for Germination, Indoor Gardening, Gr","2","amazon.com","Standard Orders","Amazon","SENECA","PA","16346","MarketplaceFacilitator","137.98","8.28","4.11","0","0","0","0","0","-4.11","0","-8.28","-20.70","-21.92","0","0","95.36","Released","Mar 1, 2026 1:29:24 AM PST"
"Mar 1, 2026 1:29:32 AM PST","25788732721","Order","112-8764440-4594626","VSI-FFSW6-4","VIVOSUN 4-Pack FlexFeed Self-Watering Pots, Auto Irrigation Fabric Pot Base with Water Meter & Maintenance Window, for Use Indoors/Outdoors in Grow Te","1","amazon.com","Standard Orders","Amazon","akron","ohio","44312","MarketplaceFacilitator","53.99","3.64","0","0","0","0","0","0","0","0","-3.64","-8.10","-12.49","0","0","33.40","Released","Mar 1, 2026 1:29:32 AM PST"
"Mar 1, 2026 1:29:44 AM PST","25788732721","Order","111-9734781-3845807","330101NJ","VIVOSUN Durable Waterproof Seedling Heat Mat 10"" x 20.75"" UL & MET-Certified Warm Hydroponic Heating Pad for Germination, Indoor Gardening, Greenhouse","4","amazon.com","Standard Orders","Amazon","TENINO","WA","98589","MarketplaceFacilitator","59.96","4.57","0","0","0","0","0","0","-4.80","0","-9.13","-16.56","-18.08","0","0","15.96","Released","Mar 1, 2026 1:29:44 AM PST"
"Mar 1, 2026 1:29:44 AM PST","25788732721","Order","111-9734781-3845807","330101NJ","VIVOSUN Durable Waterproof Seedling Heat Mat 10"" x 20.75"" UL & MET-Certified Warm Hydroponic Heating Pad for Germination, Indoor Gardening, Greenhouse","4","amazon.com","Standard Orders","Amazon","TENINO","WA","98589","","59.96","4.56","0","0","0","0","0","0","-4.79","0","0","0","-18.08","0","0","41.65","Released","Mar 1, 2026 1:29:44 AM PST"
"Mar 1, 2026 1:30:10 AM PST","25788732721","Order","111-8918428-9681854","GH-E25","VIVOSUN GrowHub Controller E25 for Grow Tent Cooling Ventilation Lighting, Supports Smart Grow System Devices, Easy to Install & Use, WiFi App Control","1","amazon.com","Standard Orders","Amazon","MEDLEY","FL","33166","MarketplaceFacilitator","19.99","0","0","0","0","0","0","0","0","0","0","-6.00","-3.32","0","0","10.67","Released","Mar 1, 2026 1:30:10 AM PST"
"Mar 1, 2026 1:30:10 AM PST","25788732721","Order","111-8918428-9681854","GH-E25","VIVOSUN GrowHub Controller E25 for Grow Tent Cooling Ventilation Lighting, Supports Smart Grow System Devices, Easy to Install & Use, WiFi App Control","1","amazon.com","Standard Orders","Amazon","MEDLEY","FL","33166","","19.99","0","0","0","0","0","0","0","0","0","0","0","-3.32","0","0","16.67","Released","Mar 1, 2026 1:30:10 AM PST"
"Mar 1, 2026 1:30:10 AM PST","25788732721","Order","111-4871933-5298655","330101NJ","VIVOSUN Durable Waterproof Seedling Heat Mat 10"" x 20.75"" UL & MET-Certified Warm Hydroponic Heating Pad for Germination, Indoor Gardening, Greenhouse","1","amazon.com","Standard Orders","Amazon","HARRISBURG","PA","17112","MarketplaceFacilitator","14.99","0.90","2.99","0","0","0","0","0","-2.99","0","-0.90","-2.25","-4.60","0","0","8.14","Released","Mar 1, 2026 1:30:10 AM PST"
"Mar 1, 2026 1:30:57 AM PST","25788732721","Order","113-4722870-0933049","VGPF-2100","VIVOGROW Bio Pressure Pond Filter, with 13W UV-C Light, 1840 GPH Suitable for Koi Ponds up to 1000 Gallons or Landscape Pools up to 2100 Gallons","1","amazon.com","Standard Orders","Amazon","LAKE WALES","FL","33859","MarketplaceFacilitator","125.36","8.78","0","0","0","0","0","0","0","0","-8.78","-18.80","-16.67","0","0","89.89","Released","Mar 1, 2026 1:30:57 AM PST"
"Mar 1, 2026 1:31:00 AM PST","25788732721","Order","113-6755940-9545834","PL-0001","VIVOSUN 7 x 10 Feet Pond Liner, 14.5 Mil Durable LLDPE Pond Liners for Koi Ponds, Aquaculture and Water Gardens, Black","1","amazon.com","Standard Orders","Amazon","Bucaramanga","Santader","","","18.89","0","9.50","0","0","0","0","0","-9.50","0","0","-2.83","-7.06","0","0","9.00","Released","Mar 1, 2026 1:31:00 AM PST"
