"Inclut les transactions Amazon Marketplace, Expédié par Amazon et Amazon Webstore"
"Tous les montants sont en EUR, sauf mention contraire."
"Définitions :"
"date/heure : date/heure postée de la transaction"
"Taxes collectées sur les ventes : inclut les taxes collectées auprès des acheteurs sur la vente de produits, la livraison et l'emballage."
"Frais de vente : Incluent des frais de clôture variable et des frais de référence."
"Autres frais de transaction : incluent les contestations de prélèvement, les retenues sur expédition"
"Autre : inclut les montants non-liés aux commandes. Pour de plus amples renseignements, consultez les colonnes ""Type"" et ""Description"" pour chaque commande."
"Remarque : les rapports dont la date de début est le 1er janvier 2025 ou une date ultérieure sont indexés par date publiée. Ils incluent à la fois les transactions effectuées et les transactions différées, et disposent de deux nouvelles colonnes. Vous devrez peut-être mettre à jour des intégrations ou des mappages tiers."
"date/heure","numéro de versement","type","numéro de la commande","sku","description","quantité","Marketplace","traitement","ville d'où provient la commande","Région d'où provient la commande","code postal de la commande","Modèle de perception des taxes","ventes de produits","Taxes sur la vente des produits","crédits d'expédition","taxe sur les crédits d’expédition","crédits sur l'emballage cadeau","Taxes sur les crédits cadeaux","Rabais promotionnels","Taxes sur les remises promotionnelles","Taxes retenues sur le site de vente","frais de vente","Frais Expédié par Amazon","autres frais de transaction","autre","total","Statut de la transaction","Date de sortie de la transaction"
"1 avr. 2026 00:55:31 UTC","26821642572","Commande","408-9032517-8105149","311001-20x5-EU-M","VIVOSUN Lot 5 Sac de Plantation 80L Sacs de Culture Tissu Non Tissé Sac à Plantes, Pots Tissu Épais Haute Résistance avec Poignées pour Légumes,","1","amazon.fr","Vendeur","Manosque","","04100","MarketplaceFacilitator","27,49","5,50","0","0","0","0","0","0","-5,50","-4,95","0","-0,15","0","22,39","Sorti","18 avr. 2026 23:24:38 UTC"
"1 avr. 2026 00:55:59 UTC","26821642572","Commande","403-4040059-5904340","LH-001-EU-M","VIVOSUN 1 paire de cintres réglables de 0,3 cm pour lampe de culture, corde de suspension robuste avec engrenages métalliques renforcés, 2,4 m de l","1","amazon.fr","Vendeur","Béthines","Vienne","86310","MarketplaceFacilitator","7,49","1,50","0","0","0","0","0","0","-1,50","-1,35","0","-0,04","0","6,10","Sorti","11 avr. 2026 22:15:47 UTC"
"1 avr. 2026 00:56:05 UTC","26821642572","Commande","171-2780276-0411532","VSE-ASH05-EU-M","VIVOSUN Humidificateur D'Air pour Plantes 5L Humidificateur Intelligent Plantes, Aerostream H05 24DB Silencieux Brume Fraîche 360° 50H Remplissage F","1","amazon.fr","Vendeur","Chambery","","73000","MarketplaceFacilitator","66,66","13,33","0","0","0","0","0","0","-13,33","-12,00","0","-0,36","0","54,30","Sorti","18 avr. 2026 07:28:01 UTC"
"1 avr. 2026 00:56:18 UTC","26821642572","Commande","406-1069374-7015511","VSGB-15-EU-M","VIVOSUN Lot 5 Sac de Plantation 60L Sacs de Culture Tissu Non Tissé Sac à Plantes 500g/m² Épaisseur, Pots Tissu avec Poignées et Anneaux Polyvale","1","amazon.fr","Vendeur","Neuilly-Saint-Front","FR","02470","MarketplaceFacilitator","29,99","6,00","0","0","0","0","0","0","-6,00","-5,40","0","-0,16","0","24,43","Sorti","11 avr. 2026 00:23:55 UTC"
"1 avr. 2026 00:56:19 UTC","26902793752","Commande","404-9968225-7754743","311001-20x5-EU-M","VIVOSUN Lot 5 Sac de Plantation 80L Sacs de Culture Tissu Non Tissé Sac à Plantes, Pots Tissu Épais Haute Résistance avec Poignées pour Légumes,","1","amazon.fr","Vendeur","Cavaillon","","84300","MarketplaceFacilitator","27,49","5,50","0","0","0","0","0","0","-5,50","-4,95","0","-0,15","0","22,39","Sorti","24 avr. 2026 22:18:15 UTC"
"1 avr. 2026 00:58:40 UTC","26821642572","Commande","408-8237405-7898707","VSE-ASH05-EU-M","VIVOSUN Humidificateur D'Air pour Plantes 5L Humidificateur Intelligent Plantes, Aerostream H05 24DB Silencieux Brume Fraîche 360° 50H Remplissage F","1","amazon.fr","Vendeur","Montfavet","","84140","MarketplaceFacilitator","66,66","13,33","0","0","0","0","0","0","-13,33","-12,00","0","-0,36","0","54,30","Sorti","20 avr. 2026 20:52:52 UTC"
"1 avr. 2026 00:58:49 UTC","26821642572","Commande","408-0496600-3591567","VSGB-3-EU-M","VIVOSUN Lot 5 Sac de Plantation 12L Sacs de Culture Tissu Non Tissé Sac à Plantes 500g/m² Épaisseur, Pots Tissu avec Poignées et Anneaux Polyvale","1","amazon.fr","Vendeur","Vailhourles","","12200","MarketplaceFacilitator","21,66","4,33","0","0","0","0","0","0","-4,33","-3,90","0","-0,12","0","17,64","Sorti","15 avr. 2026 07:48:43 UTC"
"1 avr. 2026 04:23:04 UTC","26821642572","Commande","404-5650001-3653968","304113-55-EU","VIVOSUN Tente de Culture 150x150x200cm, Tente Hydroponique Intérieure Lumière-Proof avec Mylar Réfléchissant, Fenêtre D'observation, Bac de Fond,","1","amazon.fr","Amazon","Morteau","","25500","MarketplaceFacilitator","130,32","26,07","0","0","0","0","0","0","-26,07","-23,46","-38,21","-1,85","0","66,80","Sorti","10 avr. 2026 21:12:28 UTC"
"1 avr. 2026 07:09:44 UTC","26821642572","Commande","403-2846898-1855544","306143-0616-EU","VIVOSUN Filtre à Charbon Actif 150mm Filtre à Charbon avec Préfiltre et Bride Réversible Filtre Charbon Purificateur d'Air pour Ventilateur en Lig","1","amazon.fr","Amazon","TROUILLAS","","66300","MarketplaceFacilitator","74,99","15,00","0","0","0","0","0","0","-15,00","-13,50","-7,99","-0,65","0","52,85","Sorti","9 avr. 2026 23:21:16 UTC"
"1 avr. 2026 08:52:11 UTC","26821642572","Commande","171-8382085-2998767","VG-Y18B-EU","VIVOSUN VGrow Tente de Culture Intelligente Tout-en-Un, Système Professionnel Équipé de la Lampe de Culture Samsung LM301H Evo, de Systèmes de Cir","1","amazon.fr","Amazon","Avon","","77210","MarketplaceFacilitator","666,66","133,33","0","0","0","0","0","0","-133,33","-120,00","-15,59","-4,07","0","527,00","Sorti","11 avr. 2026 22:00:26 UTC"
"1 avr. 2026 09:26:12 UTC","26821642572","Commande","171-4628344-2733901","330301-EU-M","VIVOSUN Tapis Chauffant pour Semis 25x52cm, avec Régulateur de Température Intégré, Tapis Chauffant étanche Certifié UL et MET pour Intérieur S","1","amazon.fr","Vendeur","Carrieres Sous Poissy","","78955","MarketplaceFacilitator","29,99","6,00","0","0","0","0","0","0","-6,00","-5,40","0","-0,16","0","24,43","Sorti","15 avr. 2026 08:01:42 UTC"
"1 avr. 2026 09:49:48 UTC","26821642572","Commande","402-6024059-4246736","306201PVC-4-EU-M","VIVOSUN Ventilateur en Ligne 100mm Extraction 323m³/h avec Régulateur Vitesse Filtre à Charbon 100mm Conduit 240cm Mesureur Température Humidité","1","amazon.fr","Vendeur","jussey","haute-saone","70500","MarketplaceFacilitator","95,82","19,17","0","0","0","0","0","0","-19,17","-17,25","0","-0,52","0","78,05","Sorti","10 avr. 2026 12:51:05 UTC"
"1 avr. 2026 10:02:28 UTC","26821642572","Commande","403-6076482-8757945","VSF-AWD4x2-EU","VIVOSUN AeroWave D4 Ventilateur de Culture Oscillant 100mm, Ventilateur à Pince avec Crochet, 3 Vitesses, Flux d'Air Puissant & Silencieux, pour Grow","1","amazon.fr","Amazon","Arcachon","","33120","MarketplaceFacilitator","37,49","7,50","0","0","0","0","0","0","-7,50","-6,75","-5,89","-0,38","0","24,47","Sorti","9 avr. 2026 21:44:49 UTC"
"1 avr. 2026 10:09:16 UTC","26821642572","Commande","406-3172511-6423528","306146-0412-EU","VIVOSUN Filtre à Charbon Actif 100mm pour Contrôle Odeurs Charbon Vierge d'Australie pour Ventilateur en Ligne, Epurateur Odeurs pour Tente de Cultu","1","amazon.fr","Amazon","Montpellier","","34080","MarketplaceFacilitator","46,61","9,32","0","0","0","0","0","0","-9,32","-8,39","-6,90","-0,46","0","30,86","Sorti","9 avr. 2026 23:56:44 UTC"
"1 avr. 2026 10:35:57 UTC","26821642572","Commande","406-3172511-6423528","VSV-AZT4-EU","VIVOSUN Ventilateur Conduit AeroZesh T4 100 mm 357 m³/h Ventilateur Extraction E12 Régulateur Vitesse PWM Programmables Tentes Culture Ventilation I","1","amazon.fr","Amazon","Montpellier","","34080","MarketplaceFacilitator","95,82","19,17","0","0","0","0","0","0","-19,17","-17,25","-9,18","-0,80","0","68,59","Sorti","9 avr. 2026 23:11:00 UTC"
"1 avr. 2026 11:34:08 UTC","26821642572","Commande","171-3070195-0121922","VSI-FFD2-EU","VIVOSUN Flexfeed Kit D'Irrigation Goutte Système D'Irrigation Automatique 4 W avec Pompe et 4 Émetteurs, Kit D'Arrosage Professionnel Contrôlable p","1","amazon.fr","Amazon","Avon","","77210","MarketplaceFacilitator","21,66","4,33","0","0","0","0","0","0","-4,33","-3,90","-4,72","-0,26","0","12,78","Sorti","10 avr. 2026 07:59:14 UTC"
"1 avr. 2026 12:13:06 UTC","26821642572","Commande","171-0340042-0778729","VSI-VGDWC15-EU-N1","VIVOSUN VGrow DWC Système Hydroponique 15L, Uniquement pour la VGrow Tente de Culture, Non Compatible avec E42A/E42A+, Non Adapté pour la Tente de C","1","amazon.fr","Amazon","Avon","","77210","MarketplaceFacilitator","108,32","21,67","0","0","0","0","0","0","-21,67","-19,50","-12,69","-0,97","0","75,16","Sorti","10 avr. 2026 21:06:54 UTC"
"1 avr. 2026 17:52:02 UTC","26821642572","Commande","406-5795576-8325158","VSF-AWD4x2-EU","VIVOSUN AeroWave D4 Ventilateur de Culture Oscillant 100mm, Ventilateur à Pince avec Crochet, 3 Vitesses, Flux d'air Puissant & Silencieux, pour Grow","1","amazon.fr","Amazon","Pont L Eveque","","14130","MarketplaceFacilitator","37,49","7,50","0","0","0","0","0","0","-7,50","-6,75","-5,89","-0,38","0","24,47","Sorti","9 avr. 2026 15:46:52 UTC"
"1 avr. 2026 18:00:47 UTC","26821642572","Commande","171-0810902-8933145","VSF-AWD4x2-EU","VIVOSUN AeroWave D4 Ventilateur de Culture Oscillant 100mm, Ventilateur à Pince avec Crochet, 3 Vitesses, Flux d'air Puissant & Silencieux, pour Grow","1","amazon.fr","Amazon","Les Lucs-sur-Boulogne","","85170","MarketplaceFacilitator","37,49","7,50","0","0","0","0","0","0","-7,50","-6,75","-5,89","-0,38","0","24,47","Sorti","9 avr. 2026 14:57:38 UTC"
"1 avr. 2026 19:07:34 UTC","26821642572","Commande","404-7672999-0137152","304113-2014-EU","VIVOSUN Tente de Culture Petite 50x36x54cm, Tente de Culture Mini avec Mylar Hautement Réfléchissant, Design de Fond Scellé, Fenêtre de Ventilatio","1","amazon.fr","Amazon","Caen","","14000","MarketplaceFacilitator","41,66","8,33","0","0","0","0","0","0","-8,33","-7,50","-6,90","-0,44","0","26,82","Sorti","13 avr. 2026 22:47:45 UTC"
"2 avr. 2026 00:53:11 UTC","26821642572","Commande","405-7385787-4314703","VSE-ATW70-EU-FBM","VIVOSUN AeroFlux Chauffage Intelligent pour Serre de Culture avec Thermostat, Chauffage PTC de 700 W, Compact et Portable avec VPD, Contrôle via Appl","1","amazon.fr","Vendeur","LAFOX","","47240","MarketplaceFacilitator","108,32","21,67","0","0","0","0","0","0","-21,67","-19,50","0","-0,59","0","88,23","Sorti","17 avr. 2026 21:24:30 UTC"
"2 avr. 2026 00:53:20 UTC","26821642572","Commande","405-0310043-4288302","305140-PEN-EU-FBM","VIVOSUN Kits de pH-mètre numérique et TDS, 0,01pH haute précision type stylo pH mètre ± 2% précision de lecture 3 en 1 TDS EC pour hydroponie, p","1","amazon.fr","Vendeur","Santes","","59211","MarketplaceFacilitator","24,15","4,83","0","0","0","0","0","0","-4,83","-4,35","0","-0,13","0","19,67","Sorti","14 avr. 2026 07:58:06 UTC"
"2 avr. 2026 00:53:25 UTC","26821642572","Commande","405-3640894-8320324","VSF-AWD4-EU-M","VIVOSUN AeroWave D4 Ventilateur de Culture Oscillant 100mm, Ventilateur à Pince avec Crochet, 3 Vitesses, Flux d'air Puissant & Silencieux, pour Grow","1","amazon.fr","Vendeur","Bordeaux","","33300","MarketplaceFacilitator","23,32","4,67","0","0","0","0","0","0","-4,67","-4,20","0","-0,13","0","18,99","Sorti","16 avr. 2026 08:02:45 UTC"
"2 avr. 2026 00:53:25 UTC","26821642572","Commande","405-3640894-8320324","330101x2NJ-EU-M","VIVOSUN Tapis Chauffant pour Semis 25x52cm, Tapis Chauffant étanche Certifié UL et MET pour Intérieur Serre Germination Hydroponique, Jardin Intér","1","amazon.fr","Vendeur","Bordeaux","","33300","MarketplaceFacilitator","29,16","5,83","0","0","0","0","0","0","-5,83","-5,25","0","-0,16","0","23,75","Sorti","16 avr. 2026 08:02:45 UTC"
"2 avr. 2026 00:53:25 UTC","26821642572","Commande","405-3640894-8320324","VS-THB1-EU-M","VIVOSUN AeroLab THB1 Thermomètre Hygromètre Bluetooth sans Fil, Moniteur de Température Intelligent VPD Humidimètre Numérique Télécommande&Aler","1","amazon.fr","Vendeur","Bordeaux","","33300","MarketplaceFacilitator","16,66","3,33","0","0","0","0","0","0","-3,33","-2,60","0","-0,08","0","13,98","Sorti","16 avr. 2026 08:02:45 UTC"
"2 avr. 2026 00:53:46 UTC","26821642572","Commande","403-4616123-2527541","306101S-6-EU-FBM","VIVOSUN Ventilateur de Conduit 150mm Extraction 748m³/h avec Régulateur de Vitesse Variable Ventilateur pour Tente de Culture, Serre Intérieure, Ja","1","amazon.fr","Vendeur","Mougins","","06250","MarketplaceFacilitator","74,99","15,00","0","0","0","0","0","0","-15,00","-13,50","0","-0,41","0","61,08","Sorti","16 avr. 2026 13:27:48 UTC"
"2 avr. 2026 00:53:52 UTC","26821642572","Commande","403-7807139-0914747","VSE-ASH05-EU-M","VIVOSUN Humidificateur D'Air pour Plantes 5L Humidificateur Intelligent Plantes, Aerostream H05 24DB Silencieux Brume Fraîche 360° 50H Remplissage F","1","amazon.fr","Vendeur","Trainou","","45470","MarketplaceFacilitator","66,66","13,33","0","0","0","0","0","0","-13,33","-12,00","0","-0,36","0","54,30","Sorti","17 avr. 2026 12:39:25 UTC"
"2 avr. 2026 04:00:29 UTC","26732658152","Remboursement","403-3373211-5469130","305140-PEN-EU-FBM","VIVOSUN Kits de pH-mètre numérique et TDS, 0,01pH haute précision type stylo pH mètre ± 2% précision de lecture 3 en 1 TDS EC pour hydroponie, p","1","amazon.fr","Vendeur","Fillieres","","54560","MarketplaceFacilitator","-24,15","-4,83","0","0","0","0","0","0","4,83","3,48","0","0,13","0","-20,54","Sorti","3 avr. 2026 09:35:12 UTC"
"2 avr. 2026 08:52:19 UTC","26821642572","Commande","407-1408055-0889954","311001-10x5-EU-M","VIVOSUN Lot 5 Sac de Plantation 40L Sacs de Culture Tissu Non Tissé Sac à Plantes, Pots Tissu Épais Haute Résistance avec Poignées pour Légumes,","2","amazon.fr","Vendeur","THEYS","","38570","MarketplaceFacilitator","48,32","9,66","0","0","0","0","0","0","-9,66","-8,70","0","-0,26","0","39,36","Sorti","18 avr. 2026 17:07:35 UTC"
"2 avr. 2026 09:48:16 UTC","26821642572","Commande","404-9281124-4675533","304113-42-EU","VIVOSUN Tente de Culture 120x60x150cm, Tente Hydroponique Intérieure Lumière-Proof avec Mylar Réfléchissant, Fenêtre D'observation, Bac de Fond,","1","amazon.fr","Amazon","TOULOUSE","","31400","MarketplaceFacilitator","124,99","25,00","1,67","0,33","0","0","-1,67","-0,33","-25,00","-22,50","-27,43","-1,50","0","73,56","Sorti","17 avr. 2026 21:07:13 UTC"
"2 avr. 2026 10:46:07 UTC","26821642572","Commande","403-4271801-1500368","VSV-AZT6-EU","VIVOSUN Ventilateur Conduit AeroZesh T6 150 mm 693 m³/h Ventilateur Extraction E12 Régulateur Vitesse PWM Programmables Tentes Culture Ventilation I","1","amazon.fr","Amazon","La bastide de Sérou","","09240","MarketplaceFacilitator","78,74","15,75","0","0","0","0","0","0","-15,75","-14,17","-7,99","-0,67","0","55,91","Sorti","11 avr. 2026 14:06:10 UTC"
"2 avr. 2026 11:03:16 UTC","26821642572","Commande","405-5862295-8244364","311003-4X2NJ-EU","VIVOSUN Lot de 2 Sécateur de Jardin 17 cm, Poignée Ergonomique, Lame Droite en Acier Inoxydable avec Revêtement en Titane, Poignée Verrouillable,","1","amazon.fr","Amazon","Pusignan","","69330","MarketplaceFacilitator","10,82","2,17","0","0","0","0","0","0","-2,17","-1,95","-2,81","-0,14","0","5,92","Sorti","10 avr. 2026 15:25:56 UTC"
"2 avr. 2026 14:29:40 UTC","26821642572","Commande","403-7131752-6992360","311003-5-EU","VIVOSUN Sécateur de Jardin 17 cm, Poignée Ergonomique, Lame Droite Acier Inoxydable, Lame Antiadhésive Revêtue Titane, Poignée Verrouillable, Con","1","amazon.fr","Amazon","AULNAY SOUS BOIS","","93600","MarketplaceFacilitator","9,16","1,83","0","0","0","0","0","0","-1,83","-1,65","-2,79","-0,13","0","4,59","Sorti","15 avr. 2026 22:35:02 UTC"
"2 avr. 2026 15:10:16 UTC","26821642572","Commande","403-9653540-0874709","306143-0616-EU","VIVOSUN Filtre à Charbon Actif 150mm Filtre à Charbon avec Préfiltre et Bride Réversible Filtre Charbon Purificateur d'Air pour Ventilateur en Lig","1","amazon.fr","Amazon","Mougins","","06250","MarketplaceFacilitator","74,99","15,00","0","0","0","0","-7,50","-1,50","-13,50","-12,15","-7,99","-0,60","0","46,75","Sorti","11 avr. 2026 19:50:18 UTC"
"2 avr. 2026 15:49:00 UTC","26821642572","Commande","403-3340532-9763517","306146-0412-EU","VIVOSUN Filtre à Charbon Actif 100mm pour Contrôle Odeurs Charbon Vierge d'Australie pour Ventilateur en Ligne, Epurateur Odeurs pour Tente de Cultu","1","amazon.fr","Amazon","Annesse et Beaulieu","","24430","MarketplaceFacilitator","46,61","9,32","0","0","0","0","-4,66","-0,93","-8,39","-7,55","-6,90","-0,44","0","27,06","Sorti","10 avr. 2026 22:23:01 UTC"
"3 avr. 2026 00:45:45 UTC","26821642572","Commande","404-1094100-2081922","VS-THB1S-EU","VIVOSUN AeroLab THB1 Thermomètre Hygromètre Bluetooth sans Fil Moniteur de Température Intelligent VPD Humidimètre Numérique Télécommande&Alert","1","amazon.fr","Amazon","St Michel Sur Ternoise","","62130","MarketplaceFacilitator","23,58","4,72","0","0","0","0","0","0","-4,72","-3,68","-4,49","-0,24","0","15,17","Sorti","10 avr. 2026 22:07:54 UTC"
"3 avr. 2026 00:52:28 UTC","26821642572","Commande","405-7511569-3061925","VSGB-5-EU-M","VIVOSUN Lot 5 Sac de Plantation 20L Sacs de Culture Tissu Non Tissé Sac à Plantes 500g/m² Épaisseur, Pots Tissu avec Poignées et Anneaux Polyvale","1","amazon.fr","Vendeur","Lys-Haut-Layon","","49560","MarketplaceFacilitator","23,32","4,67","0","0","0","0","0","0","-4,67","-4,20","0","-0,13","0","18,99","Sorti","17 avr. 2026 22:57:13 UTC"
"3 avr. 2026 00:52:51 UTC","26821642572","Commande","402-8667568-0054758","VSE-ASH05-EU-M","VIVOSUN Humidificateur D'Air pour Plantes 5L Humidificateur Intelligent Plantes, Aerostream H05 24DB Silencieux Brume Fraîche 360° 50H Remplissage F","1","amazon.fr","Vendeur","Troyes","","10000","MarketplaceFacilitator","66,66","13,33","0","0","0","0","0","0","-13,33","-12,00","0","-0,36","0","54,30","Sorti","16 avr. 2026 22:51:43 UTC"
"3 avr. 2026 00:53:22 UTC","26821642572","Commande","408-1535632-4584359","VSF-AWE6W-G2-EU-FBM","VIVOSUN Ventilateur de Culture Oscillant, Ventilateur à Pince 150mm, Contrôle Par APP Wi-Fi Intelligent, 10 Vitesses & 2 Modes, Circulateur d'Air po","1","amazon.fr","Vendeur","Marseille","","13001","MarketplaceFacilitator","40,37","8,07","0","0","0","0","0","0","-8,07","-7,27","0","-0,22","0","32,88","Sorti","17 avr. 2026 21:55:17 UTC"
"3 avr. 2026 00:53:23 UTC","26821642572","Commande","408-4081618-6229934","306143-0820-EU-FBM","VIVOSUN 20CM Filtre à Charbon à Air pour Contrôle Odeurs Charbon Vierge d'Australie pour Ventilateur en Ligne, Epurateur Odeurs pour Tente de Cultu","1","amazon.fr","Vendeur","Bordeaux","FRANCE","33000","","124,99","0","0","0","0","0","0","0","0","-18,75","0","-0,56","0","105,68","Sorti","16 avr. 2026 08:22:33 UTC"
"3 avr. 2026 00:54:37 UTC","26821642572","Commande","406-8459490-6043520","VSE-ATW70-EU-FBM","VIVOSUN AeroFlux Chauffage Intelligent pour Serre de Culture avec Thermostat, Chauffage PTC de 700 W, Compact et Portable avec VPD, Contrôle via Appl","2","amazon.fr","Vendeur","Villebon Sur Yvette","","91140","","259,98","0","0","0","0","0","0","0","0","-39,00","0","-1,17","0","219,81","Sorti","16 avr. 2026 07:50:01 UTC"
"3 avr. 2026 01:00:00 UTC","26821642572","Commande","403-2451540-8197102","VSE-ATW70-EU-FBM","VIVOSUN AeroFlux Chauffage Intelligent pour Serre de Culture avec Thermostat, Chauffage PTC de 700 W, Compact et Portable avec VPD, Contrôle via Appl","1","amazon.fr","Vendeur","MERLEVENEZ","","56700","MarketplaceFacilitator","108,32","21,67","0","0","0","0","0","0","-21,67","-19,50","0","-0,59","0","88,23","Sorti","18 avr. 2026 00:13:51 UTC"
"3 avr. 2026 09:52:55 UTC","26821642572","Commande","405-0345070-3844347","VSE-UH075-EU-M","VIVOSUN AeroStream U075 Humidificateur USB, Humidificateur Mini à Brume Fraîche de 750 ml avec 2 Modes de Brume, Arrêt Automatique, Télécommande","1","amazon.fr","Vendeur","Surgeres","","17700","MarketplaceFacilitator","30,82","6,17","0","0","0","0","0","0","-6,17","-5,55","0","-0,17","0","25,10","Sorti","17 avr. 2026 18:08:40 UTC"
"3 avr. 2026 09:53:13 UTC","26821642572","Commande","402-7591847-0853133","304113-NEW-32-EU","VIVOSUN Tente de Culture 90x50x160cm, Tente de Croissance Intérieure en Mylar Hautement Réfléchissant avec Fenêtre D'observation et Bac de Fond po","1","amazon.fr","Vendeur","AUDENGE","","33980","MarketplaceFacilitator","68,74","13,75","0","0","0","0","0","0","-13,75","-12,37","0","-0,37","0","56,00","Sorti","17 avr. 2026 23:16:49 UTC"
"3 avr. 2026 13:57:35 UTC","26821642572","Commande","171-0080398-6231570","333101-G2J-EU-FBA","VIVOSUN Lot de 2 verres d'intérieur hydroponique LED pour salle de culture avec étui à lunettes","1","amazon.fr","Amazon","HENIN BEAUMONT","","62110","MarketplaceFacilitator","26,34","5,27","0","0","0","0","0","0","-5,27","-4,74","-5,79","-0,31","0","15,50","Sorti","15 avr. 2026 00:23:44 UTC"
"3 avr. 2026 22:32:39 UTC","26821642572","Commande","407-6515748-8486715","SPray-08L-G-EU","VIVOSON Pulvérisateur à Pression de Jardin 800 ML Compact et Léger avec Buse en Laiton Réglable, pour l'Arrosage des Plantes, Fleurs, Désherbage","1","amazon.fr","Amazon","VAULX EN VELIN","","69120","MarketplaceFacilitator","14,57","2,92","0","0","0","0","0","0","-2,92","-2,62","-6,29","-0,27","0","5,39","Sorti","14 avr. 2026 16:32:49 UTC"
"4 avr. 2026 00:52:39 UTC","26821642572","Commande","402-2106405-6382719","VSE-ASH05-EU-M","VIVOSUN Humidificateur D'Air pour Plantes 5L Humidificateur Intelligent Plantes, Aerostream H05 24DB Silencieux Brume Fraîche 360° 50H Remplissage F","1","amazon.fr","Vendeur","Cosne-Cours-sur-Loire","","58200","MarketplaceFacilitator","66,66","13,33","0","0","0","0","0","0","-13,33","-12,00","0","-0,36","0","54,30","Sorti","16 avr. 2026 21:36:14 UTC"
"4 avr. 2026 00:53:30 UTC","26821642572","Commande","407-4391525-5416356","311001-10x5-EU-M","VIVOSUN Lot 5 Sac de Plantation 40L Sacs de Culture Tissu Non Tissé Sac à Plantes, Pots Tissu Épais Haute Résistance avec Poignées pour Légumes,","1","amazon.fr","Vendeur","Paris","","75011","MarketplaceFacilitator","24,16","4,83","0","0","0","0","0","0","-4,83","-4,35","0","-0,13","0","19,68","Sorti","16 avr. 2026 22:55:07 UTC"
"4 avr. 2026 00:54:13 UTC","26821642572","Commande","171-5643641-5842723","VSE-ASH05-EU-M","VIVOSUN Humidificateur D'Air pour Plantes 5L Humidificateur Intelligent Plantes, Aerostream H05 24DB Silencieux Brume Fraîche 360° 50H Remplissage F","1","amazon.fr","Vendeur","La Rouge","","61260","MarketplaceFacilitator","66,66","13,33","0","0","0","0","0","0","-13,33","-12,00","0","-0,36","0","54,30","Sorti","20 avr. 2026 22:45:44 UTC"
"4 avr. 2026 00:55:46 UTC","26821642572","Commande","171-6424596-0645134","VSF-AWD4x2-EU-FBM","VIVOSUN AeroWave D4 Ventilateur de Culture Oscillant 100mm, Ventilateur à Pince avec Crochet, 3 Vitesses, Flux d'air Puissant & Silencieux, pour Grow","1","amazon.fr","Vendeur","Nice","","06300","MarketplaceFacilitator","33,32","6,67","0","0","0","0","0","0","-6,67","-6,00","0","-0,18","0","27,14","Sorti","16 avr. 2026 23:18:11 UTC"
"4 avr. 2026 00:56:08 UTC","26821642572","Commande","403-1212267-2826703","311001-10x5-EU-M","VIVOSUN Lot 5 Sac de Plantation 40L Sacs de Culture Tissu Non Tissé Sac à Plantes, Pots Tissu Épais Haute Résistance avec Poignées pour Légumes,","1","amazon.fr","Vendeur","Gex","","01170","MarketplaceFacilitator","24,16","4,83","0","0","0","0","0","0","-4,83","-4,35","0","-0,13","0","19,68","Sorti","17 avr. 2026 23:52:25 UTC"
"4 avr. 2026 00:56:11 UTC","26821642572","Commande","402-3459790-2901115","VSF-AWD4-EU-M","VIVOSUN AeroWave D4 Ventilateur de Culture Oscillant 100mm, Ventilateur à Pince avec Crochet, 3 Vitesses, Flux d'air Puissant & Silencieux, pour Grow","1","amazon.fr","Vendeur","montlucon","","03100","MarketplaceFacilitator","23,32","4,67","0","0","0","0","0","0","-4,67","-4,20","0","-0,13","0","18,99","Sorti","19 avr. 2026 00:06:57 UTC"
"4 avr. 2026 00:56:13 UTC","26821642572","Commande","171-3548794-8803521","306201PVC-4-EU-M","VIVOSUN Ventilateur en Ligne 100mm Extraction 323m³/h avec Régulateur Vitesse Filtre à Charbon 100mm Conduit 240cm Mesureur Température Humidité","1","amazon.fr","Vendeur","MAGESCQ","","40140","MarketplaceFacilitator","95,82","19,17","0","0","0","0","0","0","-19,17","-17,25","0","-0,52","0","78,05","Sorti","17 avr. 2026 22:24:27 UTC"
"4 avr. 2026 00:56:14 UTC","26821642572","Commande","406-1473011-2870752","VSE-ATW70-EU-FBM","VIVOSUN AeroFlux Chauffage Intelligent pour Serre de Culture avec Thermostat, Chauffage PTC de 700 W, Compact et Portable avec VPD, Contrôle via Appl","1","amazon.fr","Vendeur","St Hilaire Du Harcouet","","50600","MarketplaceFacilitator","108,32","21,67","0","0","0","0","0","0","-21,67","-19,50","0","-0,59","0","88,23","Sorti","18 avr. 2026 23:14:40 UTC"
"4 avr. 2026 00:56:17 UTC","26821642572","Commande","402-2028956-2904332","VSF-AWD4-EU-M","VIVOSUN AeroWave D4 Ventilateur de Culture Oscillant 100mm, Ventilateur à Pince avec Crochet, 3 Vitesses, Flux d'air Puissant & Silencieux, pour Grow","1","amazon.fr","Vendeur","La Farlède","France","83210","MarketplaceFacilitator","23,32","4,67","0","0","0","0","0","0","-4,67","-4,20","0","-0,13","0","18,99","Sorti","16 avr. 2026 07:19:55 UTC"
"4 avr. 2026 00:56:21 UTC","26821642572","Commande","406-3891479-2190742","VSE-ASH05-EU-M","VIVOSUN Humidificateur D'Air pour Plantes 5L Humidificateur Intelligent Plantes, Aerostream H05 24DB Silencieux Brume Fraîche 360° 50H Remplissage F","1","amazon.fr","Vendeur","St Hilaire Du Harcouet","","50600","MarketplaceFacilitator","66,66","13,33","0","0","0","0","0","0","-13,33","-12,00","0","-0,36","0","54,30","Sorti","18 avr. 2026 21:49:05 UTC"
"4 avr. 2026 00:56:25 UTC","26821642572","Commande","402-3458735-8769965","304113-NEW-3018-EU","VIVOSUN Tente de Culture 75x45x90cm, Tente de Croissance Intérieure en Mylar Hautement Réfléchissant avec Fenêtre D'observation et Bac de Fond pou","1","amazon.fr","Vendeur","Nice","","06000","MarketplaceFacilitator","53,99","10,80","0","0","0","0","0","0","-10,80","-9,72","0","-0,29","0","43,98","Sorti","17 avr. 2026 21:05:11 UTC"
"4 avr. 2026 00:58:38 UTC","26821642572","Commande","171-1114174-3015566","VSF-AWD4x2-EU-FBM","VIVOSUN AeroWave D4 Ventilateur de Culture Oscillant 100mm, Ventilateur à Pince avec Crochet, 3 Vitesses, Flux d'air Puissant & Silencieux, pour Grow","1","amazon.fr","Vendeur","Nice","","06300","MarketplaceFacilitator","33,32","6,67","0","0","0","0","0","0","-6,67","-6,00","0","-0,18","0","27,14","Sorti","16 avr. 2026 21:18:57 UTC"
"4 avr. 2026 01:34:51 UTC","26732658152","Remboursement","403-0051559-0029930","VSV-AZS4E42A-EU","VIVOSUN AeroZesh S4 Ventilateur de conduit en ligne silencieux 4"" 208 CFM avec moteur EC et GrowHub E42A contrôleur WiFi de température et d'humidit","1","amazon.fr","Amazon","Notre Dame D Allencon","","49380","MarketplaceFacilitator","-112,21","-22,44","0","0","0","0","0","0","22,44","16,16","0","0,41","0","-95,64","Sorti","4 avr. 2026 01:34:51 UTC"
"4 avr. 2026 01:50:36 UTC","26821642572","Commande","405-6685796-2533160","VS-THB1S-EU","VIVOSUN AeroLab THB1 Thermomètre Hygromètre Bluetooth sans Fil Moniteur de Température Intelligent VPD Humidimètre Numérique Télécommande&Alert","1","amazon.fr","Amazon","Marseille","","13012","MarketplaceFacilitator","23,58","4,72","0","0","0","0","0","0","-4,72","-3,68","-4,49","-0,24","0","15,17","Sorti","12 avr. 2026 19:05:07 UTC"
"4 avr. 2026 03:31:51 UTC","26821642572","Commande","406-9941629-6324324","VSC-GCC4-EU","VIVOSUN GrowCam C4, 2K QHD Caméra intelligente WiFi pour tente de culture et boîte de culture intelligente VGrow, prend en charge le Wi-Fi 2,4 GHz (","1","amazon.fr","Amazon","Boisseuil","","87220","MarketplaceFacilitator","58,32","11,67","0","0","0","0","0","0","-11,67","-9,10","-5,07","-0,42","0","43,73","Sorti","14 avr. 2026 21:44:56 UTC"
"4 avr. 2026 08:47:18 UTC","26821642572","Commande","407-1969663-8193168","VSF-AWD4-EU-M","VIVOSUN AeroWave D4 Ventilateur de Culture Oscillant 100mm, Ventilateur à Pince avec Crochet, 3 Vitesses, Flux d'air Puissant & Silencieux, pour Grow","1","amazon.fr","Vendeur","ROQUES","Haute-Garonne","31120","MarketplaceFacilitator","23,32","4,67","0","0","0","0","0","0","-4,67","-4,20","0","-0,13","0","18,99","Sorti","18 avr. 2026 22:31:17 UTC"
"4 avr. 2026 10:22:32 UTC","26821642572","Commande","403-0341751-9149978","VSF-AWE6-G2-EU","VIVOSUN Ventilateur de Culture Oscillant, Ventilateur à Pince 150mm, Contrôle Par APP Wi-Fi Intelligent, 10 Vitesses & 2 Modes, Circulateur d'Air po","1","amazon.fr","Amazon","Mortagne-Au-Perche","France","61400","MarketplaceFacilitator","58,32","11,67","0","0","0","0","0","0","-11,67","-10,50","-6,29","-0,51","0","41,02","Sorti","18 avr. 2026 00:04:14 UTC"
"5 avr. 2026 01:07:48 UTC","26821642572","Commande","406-6621712-9022715","VSF-AWD4x2-EU-FBM","VIVOSUN AeroWave D4 Ventilateur de Culture Oscillant 100mm, Ventilateur à Pince avec Crochet, 3 Vitesses, Flux d'air Puissant & Silencieux, pour Grow","1","amazon.fr","Vendeur","Ste Pazanne","","44680","MarketplaceFacilitator","33,32","6,67","0","0","0","0","0","0","-6,67","-6,00","0","-0,18","0","27,14","Sorti","18 avr. 2026 21:37:44 UTC"
"5 avr. 2026 01:11:47 UTC","26821642572","Commande","406-5509605-2759554","VSE-ATW70-EU-FBM","VIVOSUN AeroFlux Chauffage Intelligent pour Serre de Culture avec Thermostat, Chauffage PTC de 700 W, Compact et Portable avec VPD, Contrôle via Appl","1","amazon.fr","Vendeur","Pont L Eveque","","14130","MarketplaceFacilitator","108,32","21,67","0","0","0","0","0","0","-21,67","-19,50","0","-0,59","0","88,23","Sorti","17 avr. 2026 21:08:10 UTC"
"5 avr. 2026 01:14:06 UTC","26821642572","Commande","406-5075027-6826762","311001-15x5-EU-M","VIVOSUN Lot 5 Sac de Plantation 60L Sacs de Culture Tissu Non Tissé Sac à Plantes, Pots Tissu Épais Haute Résistance avec Poignées pour Légumes,","1","amazon.fr","Vendeur","marmande","","47200","","30,99","0","0","0","0","0","0","0","0","-4,65","0","-0,14","0","26,20","Sorti","17 avr. 2026 08:02:25 UTC"
"5 avr. 2026 02:12:03 UTC","26821642572","Commande","171-2269719-4720301","LH-001-EU","VIVOSUN 1 paire de cintres réglables de 0,3 cm pour lampe de culture, corde de suspension robuste avec engrenages métalliques renforcés, 2,4 m de l","1","amazon.fr","Amazon","Sausset les Pins","","13960","MarketplaceFacilitator","8,80","1,76","0","0","0","0","0","0","-1,76","-1,58","-4,31","-0,18","0","2,73","Sorti","13 avr. 2026 19:21:09 UTC"
"5 avr. 2026 09:49:00 UTC","26821642572","Commande","171-4356018-3301930","VSGB-3-EU-M","VIVOSUN Lot 5 Sac de Plantation 12L Sacs de Culture Tissu Non Tissé Sac à Plantes 500g/m² Épaisseur, Pots Tissu avec Poignées et Anneaux Polyvale","1","amazon.fr","Vendeur","Brousse","","63490","MarketplaceFacilitator","21,66","4,33","0","0","0","0","0","0","-4,33","-3,90","0","-0,12","0","17,64","Sorti","17 avr. 2026 20:49:35 UTC"
"5 avr. 2026 15:21:22 UTC","26821642572","Commande","403-7590325-2468352","VSF-AWE6-G2-EU","VIVOSUN Ventilateur de Culture Oscillant, Ventilateur à Pince 150mm, Contrôle Par APP Wi-Fi Intelligent, 10 Vitesses & 2 Modes, Circulateur d'Air po","1","amazon.fr","Amazon","puisieux","","62116","MarketplaceFacilitator","58,32","11,67","0","0","0","0","0","0","-11,67","-10,50","-6,29","-0,51","0","41,02","Sorti","13 avr. 2026 15:00:11 UTC"
"5 avr. 2026 22:21:57 UTC","26821642572","Commande","402-7523579-6665901","306146-0412-EU","VIVOSUN Filtre à Charbon Actif 100mm pour Contrôle Odeurs Charbon Vierge d'Australie pour Ventilateur en Ligne, Epurateur Odeurs pour Tente de Cultu","1","amazon.fr","Amazon","Melun","","77000","MarketplaceFacilitator","46,61","9,32","0","0","0","0","0","0","-9,32","-8,39","-6,90","-0,46","0","30,86","Sorti","13 avr. 2026 19:55:10 UTC"
"6 avr. 2026 00:56:25 UTC","26902793752","Commande","408-2244530-8610721","VSF-AWD4-EU-M","VIVOSUN AeroWave D4 Ventilateur de Culture Oscillant 100mm, Ventilateur à Pince avec Crochet, 3 Vitesses, Flux d'air Puissant & Silencieux, pour Grow","1","amazon.fr","Vendeur","Tulle","","19000","MarketplaceFacilitator","23,32","4,67","0","0","0","0","0","0","-4,67","-4,20","0","-0,13","0","18,99","Sorti","1 mai 2026 22:21:57 UTC"
"6 avr. 2026 00:56:29 UTC","26821642572","Commande","407-7054790-4309147","VSE-ASH09-EU-M","VIVOSUN Humidificateur D'Air pour Plantes 9L, Humidificateur Intelligent pour Plantes avec Télécommande, Aerostream H09 Brume Fraîche à 360° Pend","1","amazon.fr","Vendeur","Longvic","","21600","MarketplaceFacilitator","99,99","20,00","0","0","0","0","0","0","-20,00","-18,00","0","-0,54","0","81,45","Sorti","17 avr. 2026 20:29:31 UTC"
"6 avr. 2026 00:57:02 UTC","26821642572","Commande","402-5584274-7283530","305131-EU-M","VIVOSUN Testeur de Sol, 3 en 1 testeur d'humidité des Plantes et testeur de pH pour la Maison, Le Jardin, la pelouse, la Ferme, Utilisation en intér","1","amazon.fr","Vendeur","VIGNOLES","","21200","MarketplaceFacilitator","9,16","1,83","0","0","0","0","0","0","-1,83","-1,43","0","-0,04","0","7,69","Sorti","18 avr. 2026 15:05:56 UTC"
"6 avr. 2026 01:00:20 UTC","26821642572","Commande","402-4798261-0789137","VSF-AWE6-G2-EU-M","VIVOSUN Ventilateur de Culture Oscillant, Ventilateur à Pince 150mm, Contrôle Par APP Wi-Fi Intelligent, 10 Vitesses & 2 Modes, Circulateur d'Air po","1","amazon.fr","Vendeur","st max","","54130","MarketplaceFacilitator","49,99","10,00","0","0","0","0","0","0","-10,00","-9,00","0","-0,27","0","40,72","Sorti","18 avr. 2026 00:13:01 UTC"
"6 avr. 2026 06:25:40 UTC","26821642572","Commande","404-8171382-6453123","VSF-AWE6W-G2-EU-FBM","VIVOSUN Ventilateur de Culture Oscillant, Ventilateur à Pince 150mm, Contrôle Par APP Wi-Fi Intelligent, 10 Vitesses & 2 Modes, Circulateur d'Air po","1","amazon.fr","Vendeur","La Roche Sur Yon","","85000","MarketplaceFacilitator","40,37","8,07","0","0","0","0","0","0","-8,07","-7,27","0","-0,22","0","32,88","Sorti","20 avr. 2026 23:39:00 UTC"
"6 avr. 2026 15:00:23 UTC","26821642572","Commande","407-2228198-9448308","VSF-AWD4x2-EU","VIVOSUN AeroWave D4 Ventilateur de Culture Oscillant 100mm, Ventilateur à Pince avec Crochet, 3 Vitesses, Flux d'air Puissant & Silencieux, pour Grow","1","amazon.fr","Amazon","wasquehal","","59290","MarketplaceFacilitator","37,49","7,50","0","0","0","0","0","0","-7,50","-6,75","-5,89","-0,38","0","24,47","Sorti","14 avr. 2026 23:07:05 UTC"
"6 avr. 2026 20:37:48 UTC","26821642572","Commande","404-6936928-5369154","VSF-AWE6W-G2-EU","VIVOSUN Ventilateur de Culture Oscillant, Ventilateur à Pince 150mm, Contrôle Par APP Wi-Fi Intelligent, 10 Vitesses & 2 Modes, Circulateur d'Air po","1","amazon.fr","Amazon","Savouges","","21910","MarketplaceFacilitator","50,82","10,17","0","0","0","0","0","0","-10,17","-9,15","-7,08","-0,48","0","34,11","Sorti","15 avr. 2026 00:01:55 UTC"
"7 avr. 2026 00:15:10 UTC","26821642572","Commande","404-7733821-7624324","311003-4X2NJ-EU","VIVOSUN Lot de 2 Sécateur de Jardin 17 cm, Poignée Ergonomique, Lame Droite en Acier Inoxydable avec Revêtement en Titane, Poignée Verrouillable,","1","amazon.fr","Amazon","Nandrin","","4550","MarketplaceFacilitator","10,82","2,27","0","0","0","0","0","0","-2,27","-1,95","-2,81","-0,14","0","5,92","Sorti","14 avr. 2026 20:57:56 UTC"
"7 avr. 2026 01:24:42 UTC","26732658152","Frais de stock Expédié par Amazon","","","Frais de stockage FBA","","Amazon.fr","","","","","","0","0","0","0","0","0","0","0","0","0","0","0","-597,87","-597,87","Sorti","7 avr. 2026 01:24:42 UTC"
"7 avr. 2026 01:26:03 UTC","26821642572","Commande","171-2029951-6965101","311001-10x5-EU-M","VIVOSUN Lot 5 Sac de Plantation 40L Sacs de Culture Tissu Non Tissé Sac à Plantes, Pots Tissu Épais Haute Résistance avec Poignées pour Légumes,","1","amazon.fr","Vendeur","St Symphorien Sur Coise","","69590","MarketplaceFacilitator","24,16","4,83","0","0","0","0","0","0","-4,83","-4,35","0","-0,13","0","19,68","Sorti","20 avr. 2026 22:12:50 UTC"
"7 avr. 2026 01:26:11 UTC","26821642572","Commande","406-5289306-3350751","VSF-AWD4x2-EU-FBM","VIVOSUN AeroWave D4 Ventilateur de Culture Oscillant 100mm, Ventilateur à Pince avec Crochet, 3 Vitesses, Flux d'air Puissant & Silencieux, pour Grow","1","amazon.fr","Vendeur","Bourgoin-Jallieu","","38300","MarketplaceFacilitator","33,32","6,67","0","0","0","0","0","0","-6,67","-6,00","0","-0,18","0","27,14","Sorti","18 avr. 2026 07:05:59 UTC"
"7 avr. 2026 01:26:12 UTC","26821642572","Commande","403-3213743-2433923","VSVC-AZG4-EU-FBM","VIVOSUN AeroZesh G4 Kit de Filtration d'air Intelligent de 10,2 cm, Ventilateur de Conduit en Ligne avec contrôleur de Vitesse E12, Filtre à Charbon","1","amazon.fr","Vendeur","CLUIS","","36340","MarketplaceFacilitator","129,16","25,83","0","0","0","0","0","0","-25,83","-23,25","0","-0,70","0","105,21","Sorti","17 avr. 2026 22:44:19 UTC"
"7 avr. 2026 01:26:16 UTC","26821642572","Commande","408-6277827-4915510","VSVC-AZG4-EU-FBM","VIVOSUN AeroZesh G4 Kit de Filtration d'air Intelligent de 10,2 cm, Ventilateur de Conduit en Ligne avec contrôleur de Vitesse E12, Filtre à Charbon","1","amazon.fr","Vendeur","St Martin De Seignanx","","40390","MarketplaceFacilitator","129,16","25,83","0","0","0","0","0","0","-25,83","-23,25","0","-0,70","0","105,21","Sorti","18 avr. 2026 00:15:52 UTC"
"7 avr. 2026 01:26:18 UTC","26821642572","Commande","402-5508802-6195563","GT-Pole-EU-M","VIVOSUN Kit de 4 Tente de Culture à CFM Elevé, Gamme de Poteaux Verts de 61-122CM, Convient aux Tentes de Culture de 5x5CM, 7.6x7.6CM, 10x5CM et 10x","1","amazon.fr","Vendeur","Lens","","62300","MarketplaceFacilitator","41,66","8,33","0","0","0","0","0","0","-8,33","-7,50","0","-0,23","0","33,93","Sorti","17 avr. 2026 18:22:00 UTC"
"7 avr. 2026 01:26:21 UTC","26821642572","Commande","404-5686394-5964314","311001-5x5-EU-FBM","VIVOSUN Lot 5 Sac de Plantation 20L Sacs de Culture Tissu Non Tissé Sac à Plantes, Pots Tissu Épais Haute Résistance avec Poignées pour Légumes,","1","amazon.fr","Vendeur","Herbitzheim","","67260","MarketplaceFacilitator","20,82","4,17","0","0","0","0","0","0","-4,17","-3,75","0","-0,11","0","16,96","Sorti","18 avr. 2026 21:02:34 UTC"
"7 avr. 2026 01:26:31 UTC","26821642572","Commande","408-8951687-8529107","VSE-ASH05-EU-M","VIVOSUN Humidificateur D'Air pour Plantes 5L Humidificateur Intelligent Plantes, Aerostream H05 24DB Silencieux Brume Fraîche 360° 50H Remplissage F","1","amazon.fr","Vendeur","Tordouet","","14290","MarketplaceFacilitator","66,66","13,33","0","0","0","0","0","0","-13,33","-12,00","0","-0,36","0","54,30","Sorti","21 avr. 2026 22:01:24 UTC"
"7 avr. 2026 01:26:34 UTC","26821642572","Commande","402-8610494-0479522","306201PVC-8-EU-FBM","VIVOSUN Ventilateur en Ligne 200mm Extraction 1223m³/h avec Régulateur Vitesse Filtre à Charbon 200mm Conduit 760cm Mesureur Température Humidité","1","amazon.fr","Vendeur","Thonon Les Bains","Haute-Savoie","74200","MarketplaceFacilitator","122,91","24,58","0","0","0","0","0","0","-24,58","-22,12","0","-0,66","0","100,13","Sorti","18 avr. 2026 23:45:01 UTC"
"7 avr. 2026 01:26:49 UTC","26821642572","Commande","407-6191224-6261929","VSE-ASH05-EU-M","VIVOSUN Humidificateur D'Air pour Plantes 5L Humidificateur Intelligent Plantes, Aerostream H05 24DB Silencieux Brume Fraîche 360° 50H Remplissage F","1","amazon.fr","Vendeur","Bretteville sur Odon","Normandie","14760","MarketplaceFacilitator","66,66","13,33","0","0","0","0","0","0","-13,33","-12,00","0","-0,36","0","54,30","Sorti","18 avr. 2026 19:28:06 UTC"
"7 avr. 2026 01:26:52 UTC","26902793752","Commande","406-1867609-4919519","311001-5x5-EU-FBM","VIVOSUN Lot 5 Sac de Plantation 20L Sacs de Culture Tissu Non Tissé Sac à Plantes, Pots Tissu Épais Haute Résistance avec Poignées pour Légumes,","1","amazon.fr","Vendeur","Marmagne","","71710","MarketplaceFacilitator","20,82","4,17","0","0","0","0","0","0","-4,17","-3,75","0","-0,11","0","16,96","Sorti","23 avr. 2026 23:15:40 UTC"
"7 avr. 2026 01:26:52 UTC","26902793752","Commande","406-1867609-4919519","311001-3x5-EU","VIVOSUN Lot 5 Sac de Plantation 12L Sacs de Culture Tissu Non Tissé, Pots Tissu Épais Haute Résistance avec Poignées pour Légumes, Fleurs, Fruits","1","amazon.fr","Vendeur","Marmagne","","71710","MarketplaceFacilitator","18,32","3,67","0","0","0","0","0","0","-3,67","-3,30","0","-0,10","0","14,92","Sorti","23 avr. 2026 23:15:40 UTC"
"7 avr. 2026 01:26:53 UTC","26821642572","Commande","406-4643523-5945149","305140-PEN-EU-FBM","VIVOSUN Kits de pH-mètre numérique et TDS, 0,01pH haute précision type stylo pH mètre ± 2% précision de lecture 3 en 1 TDS EC pour hydroponie, p","1","amazon.fr","Vendeur","Longue Jumelles","","49160","MarketplaceFacilitator","24,15","4,83","0","0","0","0","0","0","-4,83","-4,35","0","-0,13","0","19,67","Sorti","18 avr. 2026 11:45:49 UTC"
"7 avr. 2026 01:29:42 UTC","26821642572","Commande","407-6672779-2445108","306109-48C-EU-M","VIVOSUN Tuyau de Ventilation Sèche-Linge 4 Pouces en Aluminium 8 Pieds, Conduit Flexible Noir pour HVAC, Extraction et Ventilateurs avec 2 Colliers","1","amazon.fr","Vendeur","CHARMOILLE","","25380","MarketplaceFacilitator","14,16","2,83","0","0","0","0","0","0","-2,83","-2,21","0","-0,07","0","11,88","Sorti","18 avr. 2026 22:39:31 UTC"
"7 avr. 2026 01:40:54 UTC","26821642572","Commande","406-9569969-0273156","VSF-AWE6-G2x2-EU","VIVOSUN Ventilateur de Culture Oscillant, Ventilateur à Pince 150mm, Contrôle Par APP Wi-Fi Intelligent, 10 Vitesses & 2 Modes, Circulateur d'Air po","1","amazon.fr","Amazon","Pluherlin","","56220","MarketplaceFacilitator","90,82","18,17","0","0","0","0","0","0","-18,17","-16,35","-7,60","-0,72","0","66,15","Sorti","15 avr. 2026 23:53:55 UTC"
"7 avr. 2026 03:35:50 UTC","26821642572","Commande","406-2770063-2436348","311001-3x5-EU","VIVOSUN Lot 5 Sac de Plantation 12L Sacs de Culture Tissu Non Tissé, Pots Tissu Épais Haute Résistance avec Poignées pour Légumes, Fleurs, Fruits","2","amazon.fr","Vendeur","Argenteuil","","95100","MarketplaceFacilitator","36,64","7,34","0","0","0","0","0","0","-7,34","-6,60","0","-0,20","0","29,84","Sorti","18 avr. 2026 17:56:40 UTC"
"7 avr. 2026 03:35:50 UTC","26821642572","Commande","406-2770063-2436348","304113-NEW-33-EU","VIVOSUN Tente de Culture 90x90x180cm, Tente de Croissance Intérieure en Mylar Hautement Réfléchissant avec Fenêtre D'observation et Bac de Fond po","1","amazon.fr","Vendeur","Argenteuil","","95100","MarketplaceFacilitator","79,32","15,87","0","0","0","0","0","0","-15,87","-14,28","0","-0,43","0","64,61","Sorti","18 avr. 2026 17:56:40 UTC"
"7 avr. 2026 03:35:50 UTC","26821642572","Commande","406-2770063-2436348","VSF-AWD4x2-EU-FBM","VIVOSUN AeroWave D4 Ventilateur de Culture Oscillant 100mm, Ventilateur à Pince avec Crochet, 3 Vitesses, Flux d'air Puissant & Silencieux, pour Grow","1","amazon.fr","Vendeur","Argenteuil","","95100","MarketplaceFacilitator","33,32","6,67","0","0","0","0","0","0","-6,67","-6,00","0","-0,18","0","27,14","Sorti","18 avr. 2026 17:56:40 UTC"
"7 avr. 2026 08:07:24 UTC","26821642572","Commande","171-0344863-4825109","VSE-UH075-EU-M","VIVOSUN AeroStream U075 Humidificateur USB, Humidificateur Mini à Brume Fraîche de 750 ml avec 2 Modes de Brume, Arrêt Automatique, Télécommande","1","amazon.fr","Vendeur","Avon","","77210","MarketplaceFacilitator","30,82","6,17","0","0","0","0","0","0","-6,17","-5,55","0","-0,17","0","25,10","Sorti","21 avr. 2026 22:11:20 UTC"
"7 avr. 2026 08:41:04 UTC","26821642572","Commande","171-9479053-1241911","GH-0007-EU-FBM","VIVOSUN Mini Serre de Jardin 143x73x195 cm 4 Étagères 3 Niveaux Idéal Tomates Fleurs Plantes Jardin Balcon Terrasse Résistant Couverture PE Struct","1","amazon.fr","Vendeur","verines","","17540","MarketplaceFacilitator","44,10","8,82","0","0","0","0","0","0","-8,82","-7,94","0","-0,24","0","35,92","Sorti","18 avr. 2026 15:50:29 UTC"
"7 avr. 2026 09:56:22 UTC","26821642572","Commande","406-9569969-0273156","LED-400-EU","VIVOSUN VS4000 Lumière de Culture LED, Lumière pour Plantes À Spectre Complet avec Diodes Samsung LM301 et Pilote, Réglable en Luminosité IP65, L","1","amazon.fr","Amazon","Pluherlin","","56220","MarketplaceFacilitator","239,16","47,83","0","0","0","0","0","0","-47,83","-43,05","-30,37","-2,20","0","163,54","Sorti","16 avr. 2026 22:32:46 UTC"
"7 avr. 2026 10:16:06 UTC","26821642572","Commande","406-9569969-0273156","LH-001-2-EU","VIVOSUN Lot de 2 Cintres Réglables pour Lampe de Culture à Cliquet 1/8 Pouces Cintre en Corde avec Engrenages en Métal Renforcés 8 Pieds. Corde Lo","1","amazon.fr","Amazon","Pluherlin","","56220","MarketplaceFacilitator","12,28","2,46","0","0","0","0","0","0","-2,46","-2,21","-4,31","-0,20","0","5,56","Sorti","15 avr. 2026 13:33:02 UTC"
"7 avr. 2026 11:23:23 UTC","26821642572","Commande","406-8428685-8341947","VC-0002-EU","VIVOSUN Lot de 2 housses d'aération de tente de culture de 10,2 cm/15,2 cm/20,3 cm avec bande élastique et boucle fixe pour aération de tente de cu","1","amazon.fr","Amazon","Argenteuil","","95100","MarketplaceFacilitator","15,97","3,19","0","0","0","0","0","0","-3,19","-1,53","-3,96","-0,17","0","10,31","Sorti","17 avr. 2026 07:41:29 UTC"
"8 avr. 2026 00:17:56 UTC","26821642572","Commande","408-4428069-1510710","311001-30x5-EU","VIVOSUN Lot 5 Sac de Plantation 120L Sacs de Culture Tissu Non Tissé Sac à Plantes, Pots Tissu Épais Haute Résistance avec Poignées pour Légumes","1","amazon.fr","Amazon","Asnières-sur-Seine","","92600","MarketplaceFacilitator","31,66","6,33","0","0","0","0","0","0","-6,33","-5,70","-11,00","-0,50","0","14,46","Sorti","16 avr. 2026 00:05:44 UTC"
"8 avr. 2026 00:50:58 UTC","26821642572","Commande","407-4992935-6361152","311001-30x5-EU","VIVOSUN Lot 5 Sac de Plantation 120L Sacs de Culture Tissu Non Tissé Sac à Plantes, Pots Tissu Épais Haute Résistance avec Poignées pour Légumes","1","amazon.fr","Amazon","Sainte-Catherine","","62223","MarketplaceFacilitator","31,66","6,33","0","0","0","0","0","0","-6,33","-5,70","-11,00","-0,50","0","14,46","Sorti","15 avr. 2026 21:22:02 UTC"
"8 avr. 2026 01:02:16 UTC","26821642572","Commande","405-3147357-7655562","305140-PEN-EU-FBM","VIVOSUN Kits de pH-mètre numérique et TDS, 0,01pH haute précision type stylo pH mètre ± 2% précision de lecture 3 en 1 TDS EC pour hydroponie, p","1","amazon.fr","Vendeur","Bordeaux","","33200","MarketplaceFacilitator","24,15","4,83","0","0","0","0","0","0","-4,83","-4,35","0","-0,13","0","19,67","Sorti","20 avr. 2026 23:04:07 UTC"
"8 avr. 2026 01:06:32 UTC","26821642572","Commande","404-6262132-5057144","311001-10x5-EU-M","VIVOSUN Lot 5 Sac de Plantation 40L Sacs de Culture Tissu Non Tissé Sac à Plantes, Pots Tissu Épais Haute Résistance avec Poignées pour Légumes,","1","amazon.fr","Vendeur","St Die Des Vosges","","88100","MarketplaceFacilitator","24,16","4,83","0","0","0","0","0","0","-4,83","-4,35","0","-0,13","0","19,68","Sorti","17 avr. 2026 08:07:10 UTC"
"8 avr. 2026 01:06:39 UTC","26821642572","Commande","405-3603490-4529155","VSGB-7-EU-M","VIVOSUN Lot 5 Sac de Plantation 25L Sacs de Culture Tissu Non Tissé Sac à Plantes 500g/m² Épaisseur, Pots Tissu avec Poignées et Anneaux Polyvale","1","amazon.fr","Vendeur","St Cyr Sur Mer","","83270","MarketplaceFacilitator","25,82","5,17","0","0","0","0","0","0","-5,17","-4,65","0","-0,14","0","21,03","Sorti","20 avr. 2026 23:34:45 UTC"
"8 avr. 2026 01:07:11 UTC","26821642572","Commande","402-0972820-3592336","VSE-UH075-EU-M","VIVOSUN AeroStream U075 Humidificateur USB, Humidificateur Mini à Brume Fraîche de 750 ml avec 2 Modes de Brume, Arrêt Automatique, Télécommande","1","amazon.fr","Vendeur","ARZON","","56640","MarketplaceFacilitator","30,82","6,17","0","0","0","0","0","0","-6,17","-5,55","0","-0,17","0","25,10","Sorti","20 avr. 2026 22:44:06 UTC"
"8 avr. 2026 05:08:03 UTC","26821642572","Commande","404-0952387-6039524","304113-42-EU","VIVOSUN Tente de Culture 120x60x150cm, Tente Hydroponique Intérieure Lumière-Proof avec Mylar Réfléchissant, Fenêtre D'observation, Bac de Fond,","1","amazon.fr","Amazon","Montgobert","","02600","MarketplaceFacilitator","124,99","25,00","0","0","0","0","0","0","-25,00","-22,50","-27,43","-1,50","0","73,56","Sorti","17 avr. 2026 20:43:39 UTC"
"8 avr. 2026 06:10:50 UTC","26821642572","Commande","406-0581192-5621121","305130-PEN-EU-M","VIVOSUN Lot de pH-mètre et TDS mètre, pH-mètre de type stylo de haute précision 0,05 ph, TDS-mètre 3-en-1 (TDS, EC, et température) à précisio","1","amazon.fr","Vendeur","Chartres de Bretagne","","35131","MarketplaceFacilitator","15,57","3,12","0","0","0","0","0","0","-3,12","-2,80","0","-0,08","0","12,69","Sorti","20 avr. 2026 23:32:54 UTC"
"8 avr. 2026 10:03:13 UTC","26821642572","Commande","405-5782360-2076359","VSV-AZT4-EU","VIVOSUN Ventilateur Conduit AeroZesh T4 100 mm 357 m³/h Ventilateur Extraction E12 Régulateur Vitesse PWM Programmables Tentes Culture Ventilation I","1","amazon.fr","Amazon","LANGUEUX","","22360","MarketplaceFacilitator","95,82","19,17","0","0","0","0","0","0","-19,17","-17,25","-11,85","-0,88","0","65,84","Sorti","16 avr. 2026 23:10:11 UTC"
"8 avr. 2026 10:03:13 UTC","26821642572","Commande","405-5782360-2076359","306146-0412-EU","VIVOSUN Filtre à Charbon Actif 100mm pour Contrôle Odeurs Charbon Vierge d'Australie pour Ventilateur en Ligne, Epurateur Odeurs pour Tente de Cultu","1","amazon.fr","Amazon","LANGUEUX","","22360","MarketplaceFacilitator","46,61","9,32","0","0","0","0","0","0","-9,32","-8,39","-6,90","-0,46","0","30,86","Sorti","16 avr. 2026 23:10:11 UTC"
"8 avr. 2026 17:47:04 UTC","26821642572","Remboursement","403-1428225-3469903","311001-7x5-EU-M","VIVOSUN Lot 5 Sac de Plantation 25L Sacs de Culture Tissu Non Tissé Sac à Plantes, Pots Tissu Épais Haute Résistance avec Poignées pour Légumes,","1","amazon.fr","Vendeur","Carquefou","","44470","MarketplaceFacilitator","-12,82","-2,56","0","0","0","0","0","0","2,56","1,85","0","0,07","0","-10,90","Sorti","8 avr. 2026 17:47:04 UTC"
"8 avr. 2026 18:59:24 UTC","26821642572","Commande","407-8874189-7426705","333101-G2J-EU-FBA","VIVOSUN Lot de 2 verres d'intérieur hydroponique LED pour salle de culture avec étui à lunettes","1","amazon.fr","Amazon","Fumay","","08170","MarketplaceFacilitator","26,34","5,27","0","0","0","0","0","0","-5,27","-4,74","-5,79","-0,31","0","15,50","Sorti","16 avr. 2026 23:26:10 UTC"
"8 avr. 2026 20:34:23 UTC","26821642572","Commande","403-6110602-9543503","GH-E42AP-EU","VIVOSUN Growhub Contrôleur E42A+ pour Tente de Culture, Contrôleur Wi-Fi Environnemental Intelligent avec Température, Humidité, Vpd, Minuterie, C","1","amazon.fr","Amazon","puisieux","","62116","MarketplaceFacilitator","85,73","17,15","0","0","0","0","0","0","-17,15","-15,43","-4,72","-0,60","0","64,98","Sorti","16 avr. 2026 20:37:36 UTC"
"8 avr. 2026 21:29:40 UTC","26821642572","Commande","403-6110602-9543503","VSV-AZT6-EU","VIVOSUN Ventilateur Conduit AeroZesh T6 150 mm 693 m³/h Ventilateur Extraction E12 Régulateur Vitesse PWM Programmables Tentes Culture Ventilation I","1","amazon.fr","Amazon","puisieux","","62116","MarketplaceFacilitator","78,74","15,75","0","0","0","0","0","0","-15,75","-14,17","-7,99","-0,67","0","55,91","Sorti","16 avr. 2026 23:30:40 UTC"
"8 avr. 2026 21:47:09 UTC","26821642572","Commande","403-7506616-0786766","332022-2-EU","VIVOSUN Lot de 2 loupes de bijoutier Pliables avec lumière LED pour Bijoux, Pierres précieuses, Montres, pièces de Monnaie, Timbres, antiquités, N","1","amazon.fr","Amazon","Fillieres","","54560","MarketplaceFacilitator","18,89","3,78","0","0","0","0","0","0","-3,78","-3,40","-5,07","-0,25","0","10,17","Sorti","16 avr. 2026 19:09:18 UTC"
"8 avr. 2026 23:22:39 UTC","26821642572","Transfert","","","Sur le compte se terminant par : 064","","","","","","","","0","0","0","0","0","0","0","0","0","0","0","0","-6 143,32","-6 143,32","Sorti","8 avr. 2026 23:22:39 UTC"
"9 avr. 2026 01:19:47 UTC","26821642572","Commande","403-2250644-5730730","VSGB-10-EU-M","VIVOSUN Lot 5 Sac de Plantation 40L Sacs de Culture Tissu Non Tissé Sac à Plantes 500g/m² Épaisseur, Pots Tissu avec Poignées et Anneaux Polyvale","2","amazon.fr","Vendeur","Aumagne","","17770","MarketplaceFacilitator","41,06","8,22","0","0","0","0","0","0","-8,22","-7,40","0","-0,22","0","33,44","Sorti","18 avr. 2026 23:11:41 UTC"
"9 avr. 2026 01:19:56 UTC","26821642572","Commande","406-2421210-6750729","VSF-AWD4x2-EU-FBM","VIVOSUN AeroWave D4 Ventilateur de Culture Oscillant 100mm, Ventilateur à Pince avec Crochet, 3 Vitesses, Flux d'air Puissant & Silencieux, pour Grow","1","amazon.fr","Vendeur","GANGES","","34190","MarketplaceFacilitator","33,32","6,67","0","0","0","0","0","0","-6,67","-6,00","0","-0,18","0","27,14","Sorti","20 avr. 2026 20:42:35 UTC"
"9 avr. 2026 01:20:06 UTC","26821642572","Commande","407-0543327-6356328","311001-10x5-EU-M","VIVOSUN Lot 5 Sac de Plantation 40L Sacs de Culture Tissu Non Tissé Sac à Plantes, Pots Tissu Épais Haute Résistance avec Poignées pour Légumes,","1","amazon.fr","Vendeur","Juillac","","19350","MarketplaceFacilitator","24,16","4,83","0","0","0","0","0","0","-4,83","-4,35","0","-0,13","0","19,68","Sorti","18 avr. 2026 11:01:41 UTC"
"9 avr. 2026 01:20:06 UTC","26821642572","Commande","407-0543327-6356328","311001-15x5-EU-M","VIVOSUN Lot 5 Sac de Plantation 60L Sacs de Culture Tissu Non Tissé Sac à Plantes, Pots Tissu Épais Haute Résistance avec Poignées pour Légumes,","1","amazon.fr","Vendeur","Juillac","","19350","MarketplaceFacilitator","25,82","5,17","0","0","0","0","0","0","-5,17","-4,65","0","-0,14","0","21,03","Sorti","18 avr. 2026 11:01:41 UTC"
"9 avr. 2026 01:20:23 UTC","26821642572","Commande","407-0373605-6553953","304113-NEW-22-EU","VIVOSUN Tente de Culture 60x60x120cm, Tente de Croissance Intérieure en Mylar Hautement Réfléchissant avec Fenêtre D'observation et Bac de Fond po","1","amazon.fr","Vendeur","Le Plessis Trevise","","94420","MarketplaceFacilitator","64,16","12,83","0","0","0","0","0","0","-12,83","-11,55","0","-0,35","0","52,26","Sorti","18 avr. 2026 14:53:21 UTC"
"9 avr. 2026 01:20:30 UTC","26821642572","Commande","171-9386648-1306713","VSF-AWD4x2-EU-FBM","VIVOSUN AeroWave D4 Ventilateur de Culture Oscillant 100mm, Ventilateur à Pince avec Crochet, 3 Vitesses, Flux d'air Puissant & Silencieux, pour Grow","1","amazon.fr","Vendeur","St Vincent La Commanderie","","26300","MarketplaceFacilitator","33,32","6,67","0","0","0","0","0","0","-6,67","-6,00","0","-0,18","0","27,14","Sorti","18 avr. 2026 21:26:03 UTC"
"9 avr. 2026 01:20:32 UTC","26821642572","Commande","402-2926217-6088344","VSE-ASH05-EU-M","VIVOSUN Humidificateur D'Air pour Plantes 5L Humidificateur Intelligent Plantes, Aerostream H05 24DB Silencieux Brume Fraîche 360° 50H Remplissage F","1","amazon.fr","Vendeur","Clermont","","60600","MarketplaceFacilitator","66,66","13,33","0","0","0","0","0","0","-13,33","-12,00","0","-0,36","0","54,30","Sorti","20 avr. 2026 08:07:05 UTC"
"9 avr. 2026 02:11:06 UTC","26821642572","Commande","405-2395644-8215536","VSE-UH075-EU-M","VIVOSUN AeroStream U075 Humidificateur USB, Humidificateur Mini à Brume Fraîche de 750 ml avec 2 Modes de Brume, Arrêt Automatique, Télécommande","1","amazon.fr","Vendeur","Amfreville La Mi Voie","","76920","MarketplaceFacilitator","30,82","6,17","0","0","0","0","0","0","-6,17","-5,55","0","-0,17","0","25,10","Sorti","21 avr. 2026 16:05:43 UTC"
"9 avr. 2026 03:39:51 UTC","26821642572","Commande","404-1173289-3527534","304113-NEW-32-EU","VIVOSUN Tente de Culture 90x50x160cm, Tente de Croissance Intérieure en Mylar Hautement Réfléchissant avec Fenêtre D'observation et Bac de Fond po","1","amazon.fr","Vendeur","La Salvetat St Gilles","","31880","MarketplaceFacilitator","64,16","12,83","0","0","0","0","0","0","-12,83","-11,55","0","-0,35","0","52,26","Sorti","18 avr. 2026 18:34:28 UTC"
"9 avr. 2026 04:20:49 UTC","26821642572","Commande","406-9569969-0273156","304113-55-EU","VIVOSUN Tente de Culture 150x150x200cm, Tente Hydroponique Intérieure Lumière-Proof avec Mylar Réfléchissant, Fenêtre D'observation, Bac de Fond,","1","amazon.fr","Amazon","Pluherlin","","56220","MarketplaceFacilitator","130,32","26,07","0","0","0","0","0","0","-26,07","-23,46","-38,21","-1,85","0","66,80","Sorti","20 avr. 2026 20:16:08 UTC"
"9 avr. 2026 09:49:59 UTC","26821642572","Commande","406-2583729-7743550","VSVC-AZG4-EU-FBM","VIVOSUN AeroZesh G4 Kit de Filtration d'air Intelligent de 10,2 cm, Ventilateur de Conduit en Ligne avec contrôleur de Vitesse E12, Filtre à Charbon","1","amazon.fr","Vendeur","RANES","","61150","","149,99","0","0","0","0","0","0","0","0","-22,50","0","-0,68","0","126,81","Sorti","20 avr. 2026 20:57:33 UTC"
"9 avr. 2026 10:45:33 UTC","26821642572","Commande","408-1484131-7080325","333101-G2J-EU-FBA","VIVOSUN Lot de 2 verres d'intérieur hydroponique LED pour salle de culture avec étui à lunettes","1","amazon.fr","Amazon","Saint Germain les vergnes","","19330","MarketplaceFacilitator","26,34","5,27","0","0","0","0","0","0","-5,27","-4,74","-5,79","-0,31","0","15,50","Sorti","17 avr. 2026 23:48:14 UTC"
"9 avr. 2026 14:45:48 UTC","26821642572","Commande","403-9560229-4646700","311003-4-EU","VIVOSUN Sécateur de Jardin 17 cm, Poignée Ergonomique, Lame Droite Acier Inoxydable, Lame Antiadhésive Revêtue Titane, Poignée Verrouillable, Con","1","amazon.fr","Amazon","Lillers","","62190","MarketplaceFacilitator","11,66","2,33","1,11","0,22","0","0","-1,11","-0,22","-2,33","-2,10","-2,79","-0,14","0","6,63","Sorti","17 avr. 2026 14:58:45 UTC"
"9 avr. 2026 15:09:19 UTC","26821642572","Commande","171-7780238-0655533","304113-2014-EU","VIVOSUN Tente de Culture Petite 50x36x54cm, Tente de Culture Mini avec Mylar Hautement Réfléchissant, Design de Fond Scellé, Fenêtre de Ventilatio","1","amazon.fr","Amazon","Lyon","","69002","MarketplaceFacilitator","41,66","8,33","0","0","0","0","0","0","-8,33","-7,50","-6,90","-0,44","0","26,82","Sorti","18 avr. 2026 13:04:58 UTC"
"9 avr. 2026 15:10:51 UTC","26821642572","Commande","405-9539207-5768326","TN-55-EU","VIVOSUN Lot de 5 filets de treillis élastiques avec 4 crochets pour plantes grimpantes, légumes, fruits et fleurs","2","amazon.fr","Amazon","Lodeve","","34700","MarketplaceFacilitator","25,58","5,12","0","0","0","0","0","0","-5,12","-4,60","-9,42","-0,42","0","11,14","Sorti","20 avr. 2026 21:52:39 UTC"
"9 avr. 2026 16:21:45 UTC","26821642572","Commande","407-1205532-8713968","306143-0616-EU","VIVOSUN Filtre à Charbon Actif 150mm Filtre à Charbon avec Préfiltre et Bride Réversible Filtre Charbon Purificateur d'Air pour Ventilateur en Lig","1","amazon.fr","Amazon","Canet","","34800","MarketplaceFacilitator","74,99","15,00","1,11","0,22","0","0","-1,11","-0,22","-15,00","-13,50","-7,99","-0,65","0","52,85","Sorti","20 avr. 2026 12:16:21 UTC"
"9 avr. 2026 16:31:00 UTC","26821642572","Commande","408-9454380-9840343","304113-55-EU","VIVOSUN Tente de Culture 150x150x200cm, Tente Hydroponique Intérieure Lumière-Proof avec Mylar Réfléchissant, Fenêtre D'observation, Bac de Fond,","1","amazon.fr","Amazon","ETAINHUS","","76430","MarketplaceFacilitator","130,32","26,07","0","0","0","0","0","0","-26,07","-23,46","-38,21","-1,85","0","66,80","Sorti","20 avr. 2026 21:48:23 UTC"
"9 avr. 2026 18:56:42 UTC","26821642572","Commande","405-8269714-6040364","311003-5-EU","VIVOSUN Sécateur de Jardin 17 cm, Poignée Ergonomique, Lame Droite Acier Inoxydable, Lame Antiadhésive Revêtue Titane, Poignée Verrouillable, Con","1","amazon.fr","Amazon","Thevet-Saint-Julien","","36400","MarketplaceFacilitator","9,16","1,83","0","0","0","0","0","0","-1,83","-1,65","-2,79","-0,13","0","4,59","Sorti","18 avr. 2026 18:28:29 UTC"
"9 avr. 2026 21:03:36 UTC","26821642572","Commande","406-4583321-0312355","VSF-AWD4W-EU-FBA","VIVOSUN AeroWave D4 Ventilateur de Culture Oscillant 100mm, Ventilateur à Pince avec Crochet, 3 Vitesses, Flux d'air Puissant & Silencieux, pour Grow","1","amazon.fr","Amazon","Clermont-Ferrand","","63000","MarketplaceFacilitator","24,99","5,00","0","0","0","0","0","0","-5,00","-4,50","-5,07","-0,29","0","15,13","Sorti","20 avr. 2026 07:03:51 UTC"
"10 avr. 2026 00:39:10 UTC","26821642572","Commande","404-9213212-6445118","306146-0412-EU","VIVOSUN Filtre à Charbon Actif 100mm pour Contrôle Odeurs Charbon Vierge d'Australie pour Ventilateur en Ligne, Epurateur Odeurs pour Tente de Cultu","1","amazon.fr","Amazon","Paris","","75015","MarketplaceFacilitator","46,61","9,32","0","0","0","0","-4,66","-0,93","-8,39","-7,55","-6,90","-0,44","0","27,06","Sorti","17 avr. 2026 22:25:05 UTC"
"10 avr. 2026 01:01:31 UTC","26902793752","Commande","403-6603090-4213915","VSGB-10-EU-M","VIVOSUN Lot 5 Sac de Plantation 40L Sacs de Culture Tissu Non Tissé Sac à Plantes 500g/m² Épaisseur, Pots Tissu avec Poignées et Anneaux Polyvale","1","amazon.fr","Vendeur","Nantes","","44300","MarketplaceFacilitator","20,53","4,11","0","0","0","0","0","0","-4,11","-3,70","0","-0,11","0","16,72","Sorti","25 avr. 2026 22:44:50 UTC"
"10 avr. 2026 01:01:41 UTC","26902793752","Commande","406-8205711-6001161","VS-THB1S-EU-FBM","VIVOSUN AeroLab THB1 Thermomètre Hygromètre Bluetooth sans Fil Moniteur de Température Intelligent VPD Humidimètre Numérique Télécommande&Alert","1","amazon.fr","Vendeur","Strasbourg","","67000","MarketplaceFacilitator","21,66","4,33","0","0","0","0","0","0","-4,33","-3,38","0","-0,10","0","18,18","Sorti","22 avr. 2026 21:05:47 UTC"
"10 avr. 2026 01:01:48 UTC","26902793752","Commande","407-5392952-8600305","VSGB-10-EU-M","VIVOSUN Lot 5 Sac de Plantation 40L Sacs de Culture Tissu Non Tissé Sac à Plantes 500g/m² Épaisseur, Pots Tissu avec Poignées et Anneaux Polyvale","1","amazon.fr","Vendeur","Lardy","","91510","MarketplaceFacilitator","20,53","4,11","0","0","0","0","0","0","-4,11","-3,70","0","-0,11","0","16,72","Sorti","23 avr. 2026 21:51:16 UTC"
"10 avr. 2026 01:01:48 UTC","26902793752","Commande","402-9338363-9597954","VSGB-10-EU-M","VIVOSUN Lot 5 Sac de Plantation 40L Sacs de Culture Tissu Non Tissé Sac à Plantes 500g/m² Épaisseur, Pots Tissu avec Poignées et Anneaux Polyvale","2","amazon.fr","Vendeur","La Chapelle en serval","","60520","MarketplaceFacilitator","41,06","8,22","0","0","0","0","0","0","-8,22","-7,40","0","-0,22","0","33,44","Sorti","23 avr. 2026 22:46:02 UTC"
"10 avr. 2026 01:01:55 UTC","26902793752","Commande","405-3449760-1513905","311001-20x5-EU-M","VIVOSUN Lot 5 Sac de Plantation 80L Sacs de Culture Tissu Non Tissé Sac à Plantes, Pots Tissu Épais Haute Résistance avec Poignées pour Légumes,","1","amazon.fr","Vendeur","Martigues","","13500","MarketplaceFacilitator","27,49","5,50","0","0","0","0","0","0","-5,50","-4,95","0","-0,15","0","22,39","Sorti","23 avr. 2026 22:02:30 UTC"
"10 avr. 2026 01:50:29 UTC","26821642572","Commande","404-8069434-6604328","VSF-AWD4W-EU-FBA","VIVOSUN AeroWave D4 Ventilateur de Culture Oscillant 100mm, Ventilateur à Pince avec Crochet, 3 Vitesses, Flux d'air Puissant & Silencieux, pour Grow","1","amazon.fr","Amazon","Aytre","","17440","MarketplaceFacilitator","24,99","5,00","0","0","0","0","0","0","-5,00","-4,50","-5,07","-0,29","0","15,13","Sorti","20 avr. 2026 00:03:10 UTC"
"10 avr. 2026 01:59:02 UTC","26821642572","Commande","404-1316989-8140334","VSF-AWE6-G2x2-EU","VIVOSUN Ventilateur de Culture Oscillant, Ventilateur à Pince 150mm, Contrôle Par APP Wi-Fi Intelligent, 10 Vitesses & 2 Modes, Circulateur d'Air po","1","amazon.fr","Amazon","Saint-Just","","34400","MarketplaceFacilitator","90,82","18,17","1,66","0,33","0","0","-1,66","-0,33","-18,17","-16,35","-7,60","-0,72","0","66,15","Sorti","18 avr. 2026 20:56:02 UTC"
"10 avr. 2026 02:23:06 UTC","26902793752","Commande","404-5017774-8220359","311001-5x5-EU-FBM","VIVOSUN Lot 5 Sac de Plantation 20L Sacs de Culture Tissu Non Tissé Sac à Plantes, Pots Tissu Épais Haute Résistance avec Poignées pour Légumes,","1","amazon.fr","Vendeur","CAVAILLON","","84300","MarketplaceFacilitator","14,57","2,92","0","0","0","0","0","0","-2,92","-2,62","0","-0,08","0","11,87","Sorti","23 avr. 2026 20:25:20 UTC"
"10 avr. 2026 09:34:47 UTC","26821642572","Remboursement","405-9709568-1383513","306101S-6-EU-FBM","VIVOSUN Ventilateur de Conduit 150mm Extraction 748m³/h avec Régulateur de Vitesse Variable Ventilateur pour Tente de Culture, Serre Intérieure, Ja","1","amazon.fr","Vendeur","St Laurent Sur Othain","","55150","MarketplaceFacilitator","-44,24","-8,85","0","0","0","0","0","0","8,85","6,37","0","0,16","0","-37,71","Sorti","10 avr. 2026 09:34:47 UTC"
"10 avr. 2026 10:21:50 UTC","26821642572","Remboursement","404-2706673-3062752","LED-100-EU-M","VIVOSUN VS1000 Lampe de Croissance LED avec diodes Samsung LM301 et Pilote Sosen à intensité Variable Spectre Complet pour Plantes d'intérieur semi","1","amazon.fr","Vendeur","peynier","","13790","MarketplaceFacilitator","-91,66","-18,33","0","0","0","0","0","0","18,33","13,20","0","0,33","0","-78,13","Sorti","10 avr. 2026 10:21:50 UTC"
"10 avr. 2026 15:03:21 UTC","26902793752","Commande","404-9213212-6445118","304113-42-EU","VIVOSUN Tente de Culture 120x60x150cm, Tente Hydroponique Intérieure Lumière-Proof avec Mylar Réfléchissant, Fenêtre D'observation, Bac de Fond,","1","amazon.fr","Amazon","Paris","","75015","MarketplaceFacilitator","74,99","15,00","0","0","0","0","0","0","-15,00","-13,50","-27,43","-1,23","0","32,83","Sorti","22 avr. 2026 20:24:57 UTC"
"10 avr. 2026 21:11:18 UTC","26821642572","Commande","403-4166556-8279503","VSI-FFD2-EU","VIVOSUN Flexfeed Kit D'Irrigation Goutte Système D'Irrigation Automatique 4 W avec Pompe et 4 Émetteurs, Kit D'Arrosage Professionnel Contrôlable p","1","amazon.fr","Amazon","Gougenheim","","67270","MarketplaceFacilitator","21,66","4,33","0","0","0","0","0","0","-4,33","-3,90","-4,72","-0,26","0","12,78","Sorti","19 avr. 2026 21:45:08 UTC"
"11 avr. 2026 00:18:16 UTC","26821642572","Remboursement","402-6818022-4459523","LED-100x2-EU","VIVOSUN VS1000 Lampe de Croissance à Del avec diodes à Spectre Complet et Pilote Sosen à intensité Variable pour Plantes d'intérieur, semis, lég","1","amazon.fr","Amazon","Lens","","62300","MarketplaceFacilitator","-100,27","-20,06","0","0","0","0","0","0","20,06","14,44","0","0,36","0","-85,47","Sorti","11 avr. 2026 00:18:16 UTC"
"11 avr. 2026 00:52:58 UTC","26902793752","Commande","408-0420047-1675556","VSGB-10-EU-M","VIVOSUN Lot 5 Sac de Plantation 40L Sacs de Culture Tissu Non Tissé Sac à Plantes 500g/m² Épaisseur, Pots Tissu avec Poignées et Anneaux Polyvale","1","amazon.fr","Vendeur","Vallauris","","06220","MarketplaceFacilitator","20,53","4,11","0","0","0","0","0","0","-4,11","-3,70","0","-0,11","0","16,72","Sorti","22 avr. 2026 23:39:14 UTC"
"11 avr. 2026 00:53:21 UTC","26902793752","Commande","171-0068263-7640335","VSF-AWD4x2-EU-FBM","VIVOSUN AeroWave D4 Ventilateur de Culture Oscillant 100mm, Ventilateur à Pince avec Crochet, 3 Vitesses, Flux d'air Puissant & Silencieux, pour Grow","1","amazon.fr","Vendeur","Roujan","","34320","MarketplaceFacilitator","33,32","6,67","0","0","0","0","0","0","-6,67","-6,00","0","-0,18","0","27,14","Sorti","24 avr. 2026 21:00:34 UTC"
"11 avr. 2026 00:58:43 UTC","26821642572","Commande","171-5587246-3876347","VSF-AWD4-EU","VIVOSUN AeroWave D4 Ventilateur de Culture Oscillant 100mm, Ventilateur à Pince avec Crochet, 3 Vitesses, Flux d'air Puissant & Silencieux, pour Grow","1","amazon.fr","Amazon","Faymonville","Liège","4950","","31,66","0","0","0","0","0","0","0","0","-5,70","-5,07","-0,32","0","20,57","Sorti","18 avr. 2026 16:25:38 UTC"
"11 avr. 2026 05:35:01 UTC","26902793752","Commande","402-6360649-2201918","330101NJ-EU-M","VIVOSUN Tapis Chauffant pour Semis 25x52cm, Tapis Chauffant étanche Certifié UL et MET pour Intérieur Serre Germination Hydroponique, Jardin Intér","1","amazon.fr","Vendeur","Bizonnes","","38690","MarketplaceFacilitator","15,82","3,17","0","0","0","0","0","0","-3,17","-2,85","0","-0,09","0","12,88","Sorti","28 avr. 2026 20:41:43 UTC"
"11 avr. 2026 05:41:23 UTC","26821642572","Commande","402-0573755-3426712","VG-Y18B-EU","VGrow Tente de Culture Intelligente Tout-en-Un, Système Professionnel Équipé de la Lampe de Culture Samsung LM301H Evo, de Systèmes de Circulation","1","amazon.fr","Amazon","Gougenheim","","67270","MarketplaceFacilitator","533,32","106,67","0","0","0","0","0","0","-106,67","-96,00","-19,29","-3,46","0","414,57","Sorti","21 avr. 2026 22:32:31 UTC"
"11 avr. 2026 08:14:27 UTC","26902793752","Commande","406-0384219-2263558","VSGB-10-EU-M","VIVOSUN Lot 5 Sac de Plantation 40L Sacs de Culture Tissu Non Tissé Sac à Plantes 500g/m² Épaisseur, Pots Tissu avec Poignées et Anneaux Polyvale","1","amazon.fr","Vendeur","francescas","","47600","MarketplaceFacilitator","20,53","4,11","0","0","0","0","0","0","-4,11","-3,70","0","-0,11","0","16,72","Sorti","22 avr. 2026 23:22:41 UTC"
"11 avr. 2026 09:31:51 UTC","26902793752","Commande","407-0556201-6043501","VSE-ASH09-EU-M","VIVOSUN Humidificateur D'Air pour Plantes 9L, Humidificateur Intelligent pour Plantes avec Télécommande, Aerostream H09 Brume Fraîche à 360° Pend","1","amazon.fr","Vendeur","Septfonds","","82240","MarketplaceFacilitator","99,99","20,00","0","0","0","0","0","0","-20,00","-18,00","0","-0,54","0","81,45","Sorti","24 avr. 2026 21:27:19 UTC"
"11 avr. 2026 10:48:41 UTC","26902793752","Remboursement","406-0384219-2263558","VSGB-10-EU-M","VIVOSUN Lot 5 Sac de Plantation 40L Sacs de Culture Tissu Non Tissé Sac à Plantes 500g/m² Épaisseur, Pots Tissu avec Poignées et Anneaux Polyvale","1","amazon.fr","Vendeur","francescas","","47600","MarketplaceFacilitator","-20,53","-4,11","0","0","0","0","0","0","4,11","2,96","0","0,11","0","-17,46","Sorti","23 avr. 2026 00:07:47 UTC"
"11 avr. 2026 11:10:28 UTC","26902793752","Commande","407-1290990-0766728","304113-55-EU","VIVOSUN Tente de Culture 150x150x200cm, Tente Hydroponique Intérieure Lumière-Proof avec Mylar Réfléchissant, Fenêtre D'observation, Bac de Fond,","1","amazon.fr","Amazon","camon","","80450","MarketplaceFacilitator","114,99","23,00","0","0","0","0","0","0","-23,00","-20,70","-38,21","-1,77","0","54,31","Sorti","22 avr. 2026 15:00:27 UTC"
"11 avr. 2026 19:44:48 UTC","26821642572","Remboursement","406-3635767-0909158","311001-30x5-EU","VIVOSUN Lot 5 Sac de Plantation 120L Sacs de Culture Tissu Non Tissé Sac à Plantes, Pots Tissu Épais Haute Résistance avec Poignées pour Légumes","1","amazon.fr","Amazon","PUTEAUX","","92800","MarketplaceFacilitator","-31,66","-6,33","0","0","0","0","0","0","6,33","4,56","0","0,17","0","-26,93","Sorti","11 avr. 2026 19:44:48 UTC"
"12 avr. 2026 00:00:16 UTC","26821642572","Ajustement","403-4916630-6297161","306143-0412-EU","Remboursement Stock Expédié par Amazon - Retour Client","1","","","","","","","0","0","0","0","0","0","0","0","0","0","0","0","34,76","34,76","Sorti","12 avr. 2026 00:00:16 UTC"
"12 avr. 2026 00:30:50 UTC","26902793752","Commande","404-6807294-1963513","VSF-AWD4x2-EU","VIVOSUN AeroWave D4 Ventilateur de Culture Oscillant 100mm, Ventilateur à Pince avec Crochet, 3 Vitesses, Flux d'air Puissant & Silencieux, pour Grow","1","amazon.fr","Amazon","Otterswiller","","67700","MarketplaceFacilitator","37,49","7,50","0","0","0","0","0","0","-7,50","-6,75","-5,89","-0,38","0","24,47","Sorti","22 avr. 2026 12:34:29 UTC"
"12 avr. 2026 01:22:57 UTC","26902793752","Commande","171-4527372-6236357","VSA150SE-EU-N1-FBM","VIVOSUN AeroLight A150SE Lampe de croissance LED 150 W avec ventilateur de circulation intégré, compatible avec application, utilisable avec contrô","1","amazon.fr","Vendeur","POULDREUZIC","","29710","MarketplaceFacilitator","107,24","21,45","0","0","0","0","0","0","-21,45","-19,30","0","-0,58","0","87,36","Sorti","24 avr. 2026 21:46:20 UTC"
"12 avr. 2026 01:22:58 UTC","26902793752","Commande","171-7647626-7472355","VSGB-10-EU-M","VIVOSUN Lot 5 Sac de Plantation 40L Sacs de Culture Tissu Non Tissé Sac à Plantes 500g/m² Épaisseur, Pots Tissu avec Poignées et Anneaux Polyvale","1","amazon.fr","Vendeur","ESMANS","","77940","MarketplaceFacilitator","20,53","4,11","0","0","0","0","0","0","-4,11","-3,70","0","-0,11","0","16,72","Sorti","22 avr. 2026 16:39:58 UTC"
"12 avr. 2026 01:23:14 UTC","26902793752","Commande","402-1662700-2252332","VSGB-10-EU-M","VIVOSUN Lot 5 Sac de Plantation 40L Sacs de Culture Tissu Non Tissé Sac à Plantes 500g/m² Épaisseur, Pots Tissu avec Poignées et Anneaux Polyvale","1","amazon.fr","Vendeur","Beaucouze","","49070","MarketplaceFacilitator","20,53","4,11","0","0","0","0","0","0","-4,11","-3,70","0","-0,11","0","16,72","Sorti","23 avr. 2026 11:19:31 UTC"
"12 avr. 2026 01:23:36 UTC","26902793752","Commande","404-2912878-2293917","VSE-ASH05-EU-M","VIVOSUN Humidificateur D'Air pour Plantes 5L Humidificateur Intelligent Plantes, Aerostream H05 24DB Silencieux Brume Fraîche 360° 50H Remplissage F","1","amazon.fr","Vendeur","St Christophe Sur Roc","","79220","MarketplaceFacilitator","66,66","13,33","0","0","0","0","0","0","-13,33","-12,00","0","-0,36","0","54,30","Sorti","23 avr. 2026 23:35:24 UTC"
"12 avr. 2026 01:23:37 UTC","26902793752","Commande","402-6077262-4088363","311001-7x5-EU-M","VIVOSUN Lot 5 Sac de Plantation 25L Sacs de Culture Tissu Non Tissé Sac à Plantes, Pots Tissu Épais Haute Résistance avec Poignées pour Légumes,","1","amazon.fr","Vendeur","Vitrac","","24200","MarketplaceFacilitator","22,49","4,50","0","0","0","0","0","0","-4,50","-4,05","0","-0,12","0","18,32","Sorti","24 avr. 2026 20:19:02 UTC"
"12 avr. 2026 06:01:30 UTC","26902793752","Commande","171-2368453-4217949","330101x2NJ-EU-M","VIVOSUN Tapis Chauffant pour Semis 25x52cm, Tapis Chauffant étanche Certifié UL et MET pour Intérieur Serre Germination Hydroponique, Jardin Intér","2","amazon.fr","Vendeur","Longchaumois","France","39400","MarketplaceFacilitator","49,56","9,92","0","0","0","0","0","0","-9,92","-8,92","0","-0,27","0","40,37","Sorti","22 avr. 2026 22:53:07 UTC"
"12 avr. 2026 10:48:07 UTC","26821642572","Commande","406-2575299-3125164","311003-5X2NJ-EU","VIVOSUN Lot de 2 Sécateur de Jardin 17 cm, Poignée Ergonomique, Lame Droite en Acier Inoxydable avec Revêtement en Titane, Poignée Verrouillable,","1","amazon.fr","Amazon","Saint Georges sur Allier","","63800","MarketplaceFacilitator","11,66","2,33","0,82","0,17","0","0","-0,82","-0,17","-2,33","-1,82","-2,81","-0,13","0","6,90","Sorti","21 avr. 2026 21:58:06 UTC"
"12 avr. 2026 18:28:49 UTC","26902793752","Commande","403-8523808-1461947","VSF-AWD4W-EU-FBA","VIVOSUN AeroWave D4 Ventilateur de Culture Oscillant 100mm, Ventilateur à Pince avec Crochet, 3 Vitesses, Flux d'air Puissant & Silencieux, pour Grow","1","amazon.fr","Amazon","Vaucelles-et-Beffecourt","","02000","MarketplaceFacilitator","24,99","5,00","0,82","0,17","0","0","-0,82","-0,17","-5,00","-4,50","-5,07","-0,29","0","15,13","Sorti","22 avr. 2026 21:42:49 UTC"
"13 avr. 2026 01:01:58 UTC","26902793752","Commande","404-4386979-6483548","VSGB-10-EU-M","VIVOSUN Lot 5 Sac de Plantation 40L Sacs de Culture Tissu Non Tissé Sac à Plantes 500g/m² Épaisseur, Pots Tissu avec Poignées et Anneaux Polyvale","1","amazon.fr","Vendeur","Le Pellerin","","44640","MarketplaceFacilitator","20,53","4,11","0","0","0","0","0","0","-4,11","-3,70","0","-0,11","0","16,72","Sorti","22 avr. 2026 21:12:24 UTC"
"13 avr. 2026 01:02:00 UTC","26902793752","Commande","407-4110642-5038766","VSF-AWE6-G2-EU-M","VIVOSUN Ventilateur de Culture Oscillant, Ventilateur à Pince 150mm, Contrôle Par APP Wi-Fi Intelligent, 10 Vitesses & 2 Modes, Circulateur d'Air po","1","amazon.fr","Vendeur","Vernou La Celle Sur Seine","Seine Et Marne","77670","MarketplaceFacilitator","42,49","8,50","0","0","0","0","0","0","-8,50","-7,65","0","-0,23","0","34,61","Sorti","24 avr. 2026 22:50:04 UTC"
"13 avr. 2026 01:02:05 UTC","26902793752","Commande","406-1150321-9269966","311001-5x5-EU-FBM","VIVOSUN Lot 5 Sac de Plantation 20L Sacs de Culture Tissu Non Tissé Sac à Plantes, Pots Tissu Épais Haute Résistance avec Poignées pour Légumes,","1","amazon.fr","Vendeur","Le Lavandou","","83980","MarketplaceFacilitator","14,57","2,92","0","0","0","0","0","0","-2,92","-2,62","0","-0,08","0","11,87","Sorti","22 avr. 2026 23:52:00 UTC"
"13 avr. 2026 01:02:16 UTC","26902793752","Commande","408-4915862-0115541","VSE-ASH05-EU-M","VIVOSUN Humidificateur D'Air pour Plantes 5L Humidificateur Intelligent Plantes, Aerostream H05 24DB Silencieux Brume Fraîche 360° 50H Remplissage F","1","amazon.fr","Vendeur","VAULX","","62390","MarketplaceFacilitator","66,66","13,33","0","0","0","0","0","0","-13,33","-12,00","0","-0,36","0","54,30","Sorti","22 avr. 2026 23:59:55 UTC"
"13 avr. 2026 01:02:17 UTC","26902793752","Commande","402-6700173-6744366","330301-EU-M","VIVOSUN Tapis Chauffant pour Semis 25x52cm, avec Régulateur de Température Intégré, Tapis Chauffant étanche Certifié UL et MET pour Intérieur S","1","amazon.fr","Vendeur","Montriond","","74110","MarketplaceFacilitator","29,99","6,00","0","0","0","0","0","0","-6,00","-5,40","0","-0,16","0","24,43","Sorti","27 avr. 2026 08:09:30 UTC"
"13 avr. 2026 01:02:28 UTC","26902793752","Commande","404-5235302-0080361","VSE-UH075-EU-M","VIVOSUN AeroStream U075 Humidificateur USB, Humidificateur Mini à Brume Fraîche de 750 ml avec 2 Modes de Brume, Arrêt Automatique, Télécommande","1","amazon.fr","Vendeur","Biarritz","","64200","MarketplaceFacilitator","30,82","6,17","0","0","0","0","0","0","-6,17","-5,55","0","-0,17","0","25,10","Sorti","24 avr. 2026 07:27:20 UTC"
"13 avr. 2026 01:02:36 UTC","26902793752","Commande","402-2619657-1046721","VSF-AWD4-EU-M","VIVOSUN AeroWave D4 Ventilateur de Culture Oscillant 100mm, Ventilateur à Pince avec Crochet, 3 Vitesses, Flux d'air Puissant & Silencieux, pour Grow","1","amazon.fr","Vendeur","Montriond","","74110","MarketplaceFacilitator","18,66","3,73","0","0","0","0","0","0","-3,73","-3,36","0","-0,10","0","15,20","Sorti","24 avr. 2026 23:24:05 UTC"
"13 avr. 2026 01:02:36 UTC","26902793752","Commande","402-2619657-1046721","VS-THB1S-EU-FBM","VIVOSUN AeroLab THB1 Thermomètre Hygromètre Bluetooth sans Fil Moniteur de Température Intelligent VPD Humidimètre Numérique Télécommande&Alert","1","amazon.fr","Vendeur","Montriond","","74110","MarketplaceFacilitator","21,66","4,33","0","0","0","0","0","0","-4,33","-3,38","0","-0,10","0","18,18","Sorti","24 avr. 2026 23:24:05 UTC"
"13 avr. 2026 01:02:37 UTC","26902793752","Commande","405-1213275-3494708","VSVC-AZG4-EU-FBM","VIVOSUN AeroZesh G4 Kit de Filtration d'air Intelligent de 10,2 cm, Ventilateur de Conduit en Ligne avec contrôleur de Vitesse E12, Filtre à Charbon","1","amazon.fr","Vendeur","Cagnac Les Mines","Tarn","81130","MarketplaceFacilitator","124,99","25,00","0","0","0","0","0","0","-25,00","-22,50","0","-0,68","0","101,81","Sorti","23 avr. 2026 23:14:43 UTC"
"13 avr. 2026 01:02:44 UTC","26902793752","Commande","408-8061506-0957900","VSF-AWD4-EU-M","VIVOSUN AeroWave D4 Ventilateur de Culture Oscillant 100mm, Ventilateur à Pince avec Crochet, 3 Vitesses, Flux d'air Puissant & Silencieux, pour Grow","1","amazon.fr","Vendeur","Savenay","","44260","MarketplaceFacilitator","18,66","3,73","0","0","0","0","0","0","-3,73","-3,36","0","-0,10","0","15,20","Sorti","25 avr. 2026 22:21:33 UTC"
"13 avr. 2026 01:02:49 UTC","26902793752","Commande","405-8495960-5101925","311001-7x5-EU-M","VIVOSUN Lot 5 Sac de Plantation 25L Sacs de Culture Tissu Non Tissé Sac à Plantes, Pots Tissu Épais Haute Résistance avec Poignées pour Légumes,","1","amazon.fr","Vendeur","strasbourg","","67100","MarketplaceFacilitator","22,49","4,50","0","0","0","0","0","0","-4,50","-4,05","0","-0,12","0","18,32","Sorti","23 avr. 2026 21:47:00 UTC"
"13 avr. 2026 01:02:59 UTC","26902793752","Commande","406-7000400-2633962","311001-7x5-EU-M","VIVOSUN Lot 5 Sac de Plantation 25L Sacs de Culture Tissu Non Tissé Sac à Plantes, Pots Tissu Épais Haute Résistance avec Poignées pour Légumes,","1","amazon.fr","Vendeur","Estrées st Denis","Picardie","60190","MarketplaceFacilitator","22,49","4,50","0","0","0","0","0","0","-4,50","-4,05","0","-0,12","0","18,32","Sorti","25 avr. 2026 20:48:02 UTC"
"13 avr. 2026 01:06:23 UTC","26902793752","Commande","406-9485627-5625100","VSF-AWD4x2-EU-FBM","VIVOSUN AeroWave D4 Ventilateur de Culture Oscillant 100mm, Ventilateur à Pince avec Crochet, 3 Vitesses, Flux d'air Puissant & Silencieux, pour Grow","2","amazon.fr","Vendeur","Amberieu en bugey","","01500","MarketplaceFacilitator","55,40","11,08","0","0","0","0","0","0","-11,08","-9,98","0","-0,30","0","45,12","Sorti","24 avr. 2026 22:18:58 UTC"
"13 avr. 2026 01:10:52 UTC","26902793752","Commande","407-8351944-9021145","330701-01-EU-FBM","VIVOSUN Filet de Treillis pour Plantes de 1.5 x 4.6 m, Filet de Culture en Polyester Robuste pour Jardin avec Maille Carrée pour Plantes Grimpantes,","1","amazon.fr","Vendeur","strasbourg","","67000","MarketplaceFacilitator","5,62","1,12","0","0","0","0","0","0","-1,12","-1,01","0","-0,03","0","4,58","Sorti","28 avr. 2026 22:48:31 UTC"
"13 avr. 2026 04:59:36 UTC","26821642572","Remboursement","408-9454380-9840343","304113-55-EU","VIVOSUN Tente de Culture 150x150x200cm, Tente Hydroponique Intérieure Lumière-Proof avec Mylar Réfléchissant, Fenêtre D'observation, Bac de Fond,","1","amazon.fr","Amazon","ETAINHUS","","76430","MarketplaceFacilitator","-130,32","-26,07","0","0","0","0","0","0","26,07","18,77","0","0,70","0","-110,85","Sorti","20 avr. 2026 18:23:31 UTC"
"13 avr. 2026 07:50:04 UTC","26821642572","Commande","405-1067957-7110757","306143-0616-EU","VIVOSUN Filtre à Charbon Actif 150mm Filtre à Charbon avec Préfiltre et Bride Réversible Filtre Charbon Purificateur d'Air pour Ventilateur en Lig","1","amazon.fr","Amazon","Cugnaux","","31270","MarketplaceFacilitator","74,99","15,00","0","0","0","0","0","0","-15,00","-13,50","-7,99","-0,65","0","52,85","Sorti","21 avr. 2026 22:40:04 UTC"
"13 avr. 2026 08:31:31 UTC","26902793752","Commande","405-9785460-9538760","304113-55-EU","VIVOSUN Tente de Culture 150x150x200cm, Tente Hydroponique Intérieure Lumière-Proof avec Mylar Réfléchissant, Fenêtre D'observation, Bac de Fond,","1","amazon.fr","Amazon","Hérouville-Saint-Clair","","14200","MarketplaceFacilitator","114,99","23,00","0","0","0","0","0","0","-23,00","-20,70","-38,21","-1,77","0","54,31","Sorti","22 avr. 2026 20:51:37 UTC"
"13 avr. 2026 09:36:01 UTC","26902793752","Commande","402-7731656-3891500","311003-4X2NJ-EU","VIVOSUN Lot de 2 Sécateur de Jardin 17 cm, Poignée Ergonomique, Lame Droite en Acier Inoxydable avec Revêtement en Titane, Poignée Verrouillable,","1","amazon.fr","Amazon","Le Bourget du Lac","","73370","MarketplaceFacilitator","10,82","2,17","0","0","0","0","0","0","-2,17","-1,95","-2,81","-0,14","0","5,92","Sorti","22 avr. 2026 19:55:38 UTC"
"13 avr. 2026 09:38:15 UTC","26902793752","Commande","406-3364252-0723533","VSV-AZG4-EU","VIVOSUN Ventilateur Conduit AeroZesh G4 100 mm, Ventilateur Extraction EC 331 m³/h Contrôle PWM Régulateur Vitesse E12 pour Chambre Culture Tente C","1","amazon.fr","Amazon","La Chapelle Sur Furieuse","","39110","MarketplaceFacilitator","66,66","13,33","0","0","0","0","0","0","-13,33","-12,00","-7,60","-0,59","0","46,47","Sorti","22 avr. 2026 15:48:30 UTC"
"13 avr. 2026 11:32:28 UTC","26821642572","Commande","402-4880461-2488320","311003-4-EU","VIVOSUN Sécateur de Jardin 17 cm, Poignée Ergonomique, Lame Droite Acier Inoxydable, Lame Antiadhésive Revêtue Titane, Poignée Verrouillable, Con","1","amazon.fr","Amazon","Margon","","34320","MarketplaceFacilitator","11,66","2,33","0","0","0","0","0","0","-2,33","-2,10","-2,79","-0,14","0","6,63","Sorti","21 avr. 2026 22:22:26 UTC"
"13 avr. 2026 14:52:32 UTC","26821642572","Commande","406-2575299-3125164","311003-4-EU","VIVOSUN Sécateur de Jardin 17 cm, Poignée Ergonomique, Lame Droite Acier Inoxydable, Lame Antiadhésive Revêtue Titane, Poignée Verrouillable, Con","1","amazon.fr","Amazon","Saint Georges sur Allier","","63800","MarketplaceFacilitator","11,66","2,33","0,83","0,17","0","0","-0,83","-0,17","-2,33","-2,10","-2,79","-0,14","0","6,63","Sorti","21 avr. 2026 21:55:53 UTC"
"13 avr. 2026 16:46:40 UTC","26902793752","Commande","407-2167114-6288365","VSI-VGDWC15-EU","VIVOSUN VGrow DWC Kit de système de culture hydroponique pour boîte de culture intelligente VGrow, culture en eau profonde de 12,7 l avec pierres d'","1","amazon.fr","Amazon","Salins-les-Bains","","39110","MarketplaceFacilitator","108,32","21,67","0","0","0","0","0","0","-21,67","-19,50","-12,69","-0,97","0","75,16","Sorti","23 avr. 2026 22:59:25 UTC"
"13 avr. 2026 21:25:04 UTC","26902793752","Commande","406-0245688-6173925","PH001-EU","VIVOSUN pH-Mètre Numérique 3-en-1 Avec ATC, ±0,1 pH Précision, Mesureur Qualité Eau 0-14 pH Pour Hydroponie, Eau Maison & Piscines","1","amazon.fr","Amazon","Séderon","","26560","MarketplaceFacilitator","23,54","4,71","0","0","0","0","0","0","-4,71","-4,24","-4,72","-0,27","0","14,31","Sorti","22 avr. 2026 22:05:17 UTC"
"13 avr. 2026 21:25:17 UTC","26902793752","Commande","405-9170274-3387567","311001-30x5-EU","VIVOSUN Lot 5 Sac de Plantation 120L Sacs de Culture Tissu Non Tissé Sac à Plantes, Pots Tissu Épais Haute Résistance avec Poignées pour Légumes","2","amazon.fr","Amazon","Chambost Allieres","Rhône","69870","MarketplaceFacilitator","63,32","12,66","0","0","0","0","0","0","-12,66","-11,40","-22,00","-1,00","0","28,92","Sorti","22 avr. 2026 21:17:22 UTC"
"13 avr. 2026 23:22:32 UTC","26902793752","Commande","402-4442209-1115540","311003-4-EU","VIVOSUN Sécateur de Jardin 17 cm, Poignée Ergonomique, Lame Droite Acier Inoxydable, Lame Antiadhésive Revêtue Titane, Poignée Verrouillable, Con","1","amazon.fr","Amazon","Montaure","","27400","MarketplaceFacilitator","11,66","2,33","0,83","0,17","0","0","-0,83","-0,17","-2,33","-2,10","-2,79","-0,14","0","6,63","Sorti","22 avr. 2026 21:43:04 UTC"
"14 avr. 2026 01:05:31 UTC","26902793752","Commande","171-8260681-5901116","VSGB-10-EU-M","VIVOSUN Lot 5 Sac de Plantation 40L Sacs de Culture Tissu Non Tissé Sac à Plantes 500g/m² Épaisseur, Pots Tissu avec Poignées et Anneaux Polyvale","2","amazon.fr","Vendeur","Montpon Menesterol","","24700","MarketplaceFacilitator","41,06","8,22","0","0","0","0","0","0","-8,22","-7,40","0","-0,22","0","33,44","Sorti","24 avr. 2026 23:59:21 UTC"
"14 avr. 2026 01:08:06 UTC","26902793752","Commande","402-8692833-4753954","305131-EU-M","VIVOSUN Testeur de Sol, 3 en 1 testeur d'humidité des Plantes et testeur de pH pour la Maison, Le Jardin, la pelouse, la Ferme, Utilisation en intér","1","amazon.fr","Vendeur","St Gervais","","38470","MarketplaceFacilitator","9,16","1,83","0","0","0","0","0","0","-1,83","-1,43","0","-0,04","0","7,69","Sorti","27 avr. 2026 23:45:53 UTC"
"14 avr. 2026 01:08:07 UTC","26902793752","Commande","406-1582955-7634761","311001-5x5-EU-FBM","VIVOSUN Lot 5 Sac de Plantation 20L Sacs de Culture Tissu Non Tissé Sac à Plantes, Pots Tissu Épais Haute Résistance avec Poignées pour Légumes,","1","amazon.fr","Vendeur","Argenteuil","","95100","MarketplaceFacilitator","14,57","2,92","0","0","0","0","0","0","-2,92","-2,62","0","-0,08","0","11,87","Sorti","23 avr. 2026 07:31:22 UTC"
"14 avr. 2026 01:08:33 UTC","26902793752","Commande","403-2277900-5974737","VSE-ASH05-EU-M","VIVOSUN Humidificateur D'Air pour Plantes 5L Humidificateur Intelligent Plantes, Aerostream H05 24DB Silencieux Brume Fraîche 360° 50H Remplissage F","1","amazon.fr","Vendeur","Cortevaix","","71460","MarketplaceFacilitator","66,66","13,33","0","0","0","0","0","0","-13,33","-12,00","0","-0,36","0","54,30","Sorti","25 avr. 2026 21:55:33 UTC"
"14 avr. 2026 01:08:45 UTC","26902793752","Commande","407-0088228-2193130","VSGB-10-EU-M","VIVOSUN Lot 5 Sac de Plantation 40L Sacs de Culture Tissu Non Tissé Sac à Plantes 500g/m² Épaisseur, Pots Tissu avec Poignées et Anneaux Polyvale","1","amazon.fr","Vendeur","blye","","39130","MarketplaceFacilitator","20,53","4,11","0","0","0","0","0","0","-4,11","-3,70","0","-0,11","0","16,72","Sorti","24 avr. 2026 23:03:43 UTC"
"14 avr. 2026 01:08:45 UTC","26902793752","Commande","405-3821210-2473105","VSF-AWD4-EU-M","VIVOSUN AeroWave D4 Ventilateur de Culture Oscillant 100mm, Ventilateur à Pince avec Crochet, 3 Vitesses, Flux d'air Puissant & Silencieux, pour Grow","1","amazon.fr","Vendeur","lewarde","","59287","MarketplaceFacilitator","18,66","3,73","0","0","0","0","0","0","-3,73","-3,36","0","-0,10","0","15,20","Sorti","24 avr. 2026 21:55:50 UTC"
"14 avr. 2026 01:10:39 UTC","26902793752","Commande","405-5820386-0985169","VSF-AWD4-EU-M","VIVOSUN AeroWave D4 Ventilateur de Culture Oscillant 100mm, Ventilateur à Pince avec Crochet, 3 Vitesses, Flux d'air Puissant & Silencieux, pour Grow","1","amazon.fr","Vendeur","Contamine-Sarzin","","74270","MarketplaceFacilitator","23,32","4,67","0","0","0","0","0","0","-4,67","-4,20","0","-0,13","0","18,99","Sorti","24 avr. 2026 21:51:15 UTC"
"14 avr. 2026 01:13:26 UTC","26902793752","Commande","406-1230018-0042703","304113-NEW-33-EU","VIVOSUN Tente de Culture 90x90x180cm, Tente de Croissance Intérieure en Mylar Hautement Réfléchissant avec Fenêtre D'observation et Bac de Fond po","1","amazon.fr","Vendeur","Argenteuil","","95100","MarketplaceFacilitator","69,99","14,00","0","0","0","0","0","0","-14,00","-12,60","0","-0,38","0","57,01","Sorti","24 avr. 2026 20:17:53 UTC"
"14 avr. 2026 01:25:12 UTC","26902793752","Commande","405-4340565-4495533","VSGB-10-EU-M","VIVOSUN Lot 5 Sac de Plantation 40L Sacs de Culture Tissu Non Tissé Sac à Plantes 500g/m² Épaisseur, Pots Tissu avec Poignées et Anneaux Polyvale","1","amazon.fr","Vendeur","Pujaudran","","32600","MarketplaceFacilitator","20,53","4,11","0","0","0","0","0","0","-4,11","-3,70","0","-0,11","0","16,72","Sorti","24 avr. 2026 10:22:38 UTC"
"14 avr. 2026 04:49:15 UTC","26902793752","Commande","407-2611231-2773916","LH-001-2-EU","VIVOSUN Lot de 2 Cintres Réglables pour Lampe de Culture à Cliquet 1/8 Pouces Cintre en Corde avec Engrenages en Métal Renforcés 8 Pieds. Corde Lo","1","amazon.fr","Amazon","Fleury","","11560","MarketplaceFacilitator","12,28","2,46","1,11","0,22","0","0","-1,11","-0,22","-2,46","-2,21","-4,31","-0,20","0","5,56","Sorti","22 avr. 2026 16:05:58 UTC"
"14 avr. 2026 07:21:16 UTC","26902793752","Commande","404-8028493-6795537","306143-0616-EU","VIVOSUN Filtre à Charbon Actif 150mm Filtre à Charbon avec Préfiltre et Bride Réversible Filtre Charbon Purificateur d'Air pour Ventilateur en Lig","1","amazon.fr","Amazon","BROCHON","","21220","MarketplaceFacilitator","74,99","15,00","0","0","0","0","0","0","-15,00","-13,50","-7,99","-0,65","0","52,85","Sorti","23 avr. 2026 16:57:27 UTC"
"14 avr. 2026 07:46:54 UTC","26902793752","Commande","408-0664160-4389141","VSF-AWD4W-EU-FBA","VIVOSUN AeroWave D4 Ventilateur de Culture Oscillant 100mm, Ventilateur à Pince avec Crochet, 3 Vitesses, Flux d'air Puissant & Silencieux, pour Grow","1","amazon.fr","Amazon","Merlevenez","","56700","MarketplaceFacilitator","24,99","5,00","0","0","0","0","0","0","-5,00","-4,50","-5,07","-0,29","0","15,13","Sorti","24 avr. 2026 18:34:05 UTC"
"14 avr. 2026 08:04:43 UTC","26902793752","Commande","171-3730922-3371562","330101x2NJ-EU-M","VIVOSUN Tapis Chauffant pour Semis 25x52cm, Tapis Chauffant étanche Certifié UL et MET pour Intérieur Serre Germination Hydroponique, Jardin Intér","1","amazon.fr","Vendeur","Longchaumois","France","39400","MarketplaceFacilitator","24,78","4,96","0","0","0","0","0","0","-4,96","-4,46","0","-0,13","0","20,19","Sorti","24 avr. 2026 18:52:54 UTC"
"14 avr. 2026 09:37:38 UTC","26991156042","Commande","171-9019898-4037961","VSGB-15-EU-M","VIVOSUN Lot 5 Sac de Plantation 60L Sacs de Culture Tissu Non Tissé Sac à Plantes 500g/m² Épaisseur, Pots Tissu avec Poignées et Anneaux Polyvale","1","amazon.fr","Vendeur","La Talaudiere","","42350","MarketplaceFacilitator","29,99","6,00","0","0","0","0","0","0","-6,00","-5,40","0","-0,16","0","24,43","Sorti","7 mai 2026 22:08:55 UTC"
"14 avr. 2026 13:29:03 UTC","26902793752","Commande","406-7971233-0920312","311003-5-EU","VIVOSUN Sécateur de Jardin 17 cm, Poignée Ergonomique, Lame Droite Acier Inoxydable, Lame Antiadhésive Revêtue Titane, Poignée Verrouillable, Con","1","amazon.fr","Amazon","Ostwald","","67540","MarketplaceFacilitator","9,16","1,83","1,67","0,33","0","0","-1,67","-0,33","-1,83","-1,65","-2,79","-0,13","0","4,59","Sorti","22 avr. 2026 23:38:44 UTC"
"14 avr. 2026 19:02:53 UTC","26902793752","Commande","408-6066389-8518726","304113-42-EU","VIVOSUN Tente de Culture 120x60x150cm, Tente Hydroponique Intérieure Lumière-Proof avec Mylar Réfléchissant, Fenêtre D'observation, Bac de Fond,","1","amazon.fr","Amazon","Limay","","78520","MarketplaceFacilitator","74,99","15,00","0","0","0","0","0","0","-15,00","-13,50","-27,43","-1,23","0","32,83","Sorti","23 avr. 2026 13:46:07 UTC"
"15 avr. 2026 00:56:13 UTC","26902793752","Commande","405-8580788-2889901","311001-5x5-EU-FBM","VIVOSUN Lot 5 Sac de Plantation 20L Sacs de Culture Tissu Non Tissé Sac à Plantes, Pots Tissu Épais Haute Résistance avec Poignées pour Légumes,","1","amazon.fr","Vendeur","aix noulette","","62160","MarketplaceFacilitator","12,82","2,57","0","0","0","0","0","0","-2,57","-2,31","0","-0,07","0","10,44","Sorti","24 avr. 2026 23:19:28 UTC"
"15 avr. 2026 00:57:48 UTC","26902793752","Commande","171-6360742-8981966","VSE-ASH19-EU-M","VIVOSUN Aerostream H19 Humidificateur Écologique Intelligent de 19 L avec Sonde de Température et D'Humidité, Panneau de Contrôle Supérieur, Tél","1","amazon.fr","Vendeur","Évry-Courcouronnes","","91000","","171,59","0","0","0","0","0","0","0","0","-25,74","0","-0,77","0","145,08","Sorti","27 avr. 2026 07:27:36 UTC"
"15 avr. 2026 01:05:09 UTC","26902793752","Commande","405-1654379-7421926","VSE-ASH19-EU-M","VIVOSUN Aerostream H19 Humidificateur Écologique Intelligent de 19 L avec Sonde de Température et D'Humidité, Panneau de Contrôle Supérieur, Tél","1","amazon.fr","Vendeur","Sars Poteries","","59216","MarketplaceFacilitator","142,99","28,60","0","0","0","0","0","0","-28,60","-25,74","0","-0,77","0","116,48","Sorti","25 avr. 2026 15:39:52 UTC"
"15 avr. 2026 01:05:09 UTC","26902793752","Commande","404-6565820-0749101","VSF-AWE6-G2-EU-M","VIVOSUN Ventilateur de Culture Oscillant, Ventilateur à Pince 150mm, Contrôle Par APP Wi-Fi Intelligent, 10 Vitesses & 2 Modes, Circulateur d'Air po","1","amazon.fr","Vendeur","Forcalquier","","04300","MarketplaceFacilitator","42,49","8,50","0","0","0","0","0","0","-8,50","-7,65","0","-0,23","0","34,61","Sorti","25 avr. 2026 20:36:33 UTC"
"15 avr. 2026 01:05:23 UTC","26902793752","Commande","405-7427397-5114742","VSF-AWE6-G2x2-EU-M","VIVOSUN Ventilateur de Culture Oscillant, Ventilateur à Pince 150mm, Contrôle Par APP Wi-Fi Intelligent, 10 Vitesses & 2 Modes, Circulateur d'Air po","1","amazon.fr","Vendeur","Contres","","41700","MarketplaceFacilitator","87,49","17,50","0","0","0","0","0","0","-17,50","-15,75","0","-0,47","0","71,27","Sorti","28 avr. 2026 20:58:47 UTC"
"15 avr. 2026 01:05:40 UTC","26902793752","Commande","404-7642733-3381942","VSGB-10-EU-M","VIVOSUN Lot 5 Sac de Plantation 40L Sacs de Culture Tissu Non Tissé Sac à Plantes 500g/m² Épaisseur, Pots Tissu avec Poignées et Anneaux Polyvale","1","amazon.fr","Vendeur","Tresses","","33370","MarketplaceFacilitator","20,53","4,11","0","0","0","0","0","0","-4,11","-3,70","0","-0,11","0","16,72","Sorti","25 avr. 2026 23:30:48 UTC"
"15 avr. 2026 01:08:03 UTC","26902793752","Commande","405-0745765-0467512","VSGB-15-EU-M","VIVOSUN Lot 5 Sac de Plantation 60L Sacs de Culture Tissu Non Tissé Sac à Plantes 500g/m² Épaisseur, Pots Tissu avec Poignées et Anneaux Polyvale","1","amazon.fr","Vendeur","DIE","","26150","","35,99","0","0","0","0","0","0","0","0","-5,40","0","-0,16","0","30,43","Sorti","25 avr. 2026 23:03:10 UTC"
"15 avr. 2026 01:08:03 UTC","26902793752","Commande","405-0745765-0467512","VSGB-7-EU-M","VIVOSUN Lot 5 Sac de Plantation 25L Sacs de Culture Tissu Non Tissé Sac à Plantes 500g/m² Épaisseur, Pots Tissu avec Poignées et Anneaux Polyvale","1","amazon.fr","Vendeur","DIE","","26150","","20,14","0","0","0","0","0","0","0","0","-3,02","0","-0,09","0","17,03","Sorti","25 avr. 2026 23:03:10 UTC"
"15 avr. 2026 04:59:34 UTC","26902793752","Commande","407-6554060-5689921","304113-55-EU","VIVOSUN Tente de Culture 150x150x200cm, Tente Hydroponique Intérieure Lumière-Proof avec Mylar Réfléchissant, Fenêtre D'observation, Bac de Fond,","1","amazon.fr","Amazon","Grand-Couronne","FR","76530","","114,99","0","0","0","0","0","0","0","0","-20,70","-38,21","-1,77","0","54,31","Sorti","28 avr. 2026 16:36:15 UTC"
"15 avr. 2026 08:01:32 UTC","26902793752","Commande","402-2716774-9530723","VSE-ASH05-EU-M","VIVOSUN Humidificateur D'Air pour Plantes 5L Humidificateur Intelligent Plantes, Aerostream H05 24DB Silencieux Brume Fraîche 360° 50H Remplissage F","1","amazon.fr","Vendeur","Coquelles","","62231","MarketplaceFacilitator","70,82","14,17","0","0","0","0","0","0","-14,17","-12,75","0","-0,38","0","57,69","Sorti","25 avr. 2026 17:17:25 UTC"
"15 avr. 2026 08:06:45 UTC","26902793752","Commande","407-4596402-5517944","SGS-SE1T4E42A-EU","VIVOSUN Smart Grow System avec lampe de culture 100W LED AeroLight avec ventilateur de circulation, ventilateur en ligne AeroZesh T4 4-inch et contrô","1","amazon.fr","Amazon","Thionville","","57100","MarketplaceFacilitator","129,67","25,93","0,55","0,11","0","0","-0,55","-0,11","-25,93","-23,34","-12,20","-1,07","0","93,06","Sorti","23 avr. 2026 21:19:22 UTC"
"15 avr. 2026 10:15:49 UTC","26902793752","Commande","405-8495105-5709933","VSK-GIYS224-EU","VIVOSUN Kit Complet de Tente de Culture 60x60x120cm, Système Automatique Plante avec WiFi, Lampe de Croissance LED Spectre Complet, Ventilation Haute","1","amazon.fr","Amazon","joudreville","","54490","MarketplaceFacilitator","256,66","51,33","0","0","0","0","0","0","-51,33","-46,20","-14,66","-1,83","0","193,97","Sorti","27 avr. 2026 23:57:07 UTC"
"15 avr. 2026 10:20:07 UTC","26902793752","Commande","407-6851333-5456330","VSK-GIYS224-EU","VIVOSUN Kit Complet de Tente de Culture 60x60x120cm, Système Automatique Plante avec WiFi, Lampe de Croissance LED Spectre Complet, Ventilation Haute","1","amazon.fr","Amazon","Lille","","59000","MarketplaceFacilitator","256,66","51,33","0","0","0","0","0","0","-51,33","-46,20","-14,66","-1,83","0","193,97","Sorti","25 avr. 2026 20:56:23 UTC"
"15 avr. 2026 12:03:37 UTC","26902793752","Commande","405-7331604-6832305","306146-0412-EU","VIVOSUN Filtre à Charbon Actif 100mm pour Contrôle Odeurs Charbon Vierge d'Australie pour Ventilateur en Ligne, Epurateur Odeurs pour Tente de Cultu","1","amazon.fr","Amazon","Contamine-Sarzin","","74270","MarketplaceFacilitator","46,61","9,32","0,83","0,17","0","0","-0,83","-0,17","-9,32","-8,39","-6,90","-0,46","0","30,86","Sorti","24 avr. 2026 23:28:41 UTC"
"15 avr. 2026 16:31:54 UTC","26902793752","Commande","171-2127146-4975554","VSL-LL100x2-EU","VIVOSUN Lumalight LEDGrow Light, Full Spectrum Plant Light, 100W Smart Dimmable & High Ppfd For Indoor Plants Seedling Vegetables Bloom,2-Pack","1","amazon.fr","Amazon","Koenigsmacker","","57970","MarketplaceFacilitator","133,32","26,67","0","0","0","0","0","0","-26,67","-24,00","-8,22","-0,97","0","100,13","Sorti","23 avr. 2026 23:26:52 UTC"
"15 avr. 2026 18:46:42 UTC","26902793752","Commande","406-4299980-7404356","306146-0412-EU","VIVOSUN Filtre à Charbon Actif 100mm pour Contrôle Odeurs Charbon Vierge d'Australie pour Ventilateur en Ligne, Epurateur Odeurs pour Tente de Cultu","1","amazon.fr","Amazon","Ville-en-Tardenois","","51170","","43,53","0","3,99","0","0","0","-3,99","0","0","-7,84","-6,90","-0,45","0","28,34","Sorti","23 avr. 2026 20:19:40 UTC"
"15 avr. 2026 21:16:05 UTC","26902793752","Commande","405-9717485-9053941","311003-4X2NJ-EU","VIVOSUN Lot de 2 Sécateur de Jardin 17 cm, Poignée Ergonomique, Lame Droite en Acier Inoxydable avec Revêtement en Titane, Poignée Verrouillable,","1","amazon.fr","Amazon","Bretteville-sur-Laize","","14680","MarketplaceFacilitator","8,12","1,62","0","0","0","0","0","0","-1,62","-1,46","-2,81","-0,12","0","3,73","Sorti","25 avr. 2026 00:03:01 UTC"
"16 avr. 2026 00:09:37 UTC","26902793752","Commande","406-6708834-6205930","VSI-FFD2-EU","VIVOSUN Flexfeed Kit D'Irrigation Goutte Système D'Irrigation Automatique 4 W avec Pompe et 4 Émetteurs, Kit D'Arrosage Professionnel Contrôlable p","1","amazon.fr","Amazon","Toulouse","","31500","MarketplaceFacilitator","21,66","4,33","3,32","0,67","0","0","0","0","-5,00","-3,90","-8,07","-0,36","0","12,65","Sorti","24 avr. 2026 21:35:47 UTC"
"16 avr. 2026 00:52:04 UTC","26902793752","Commande","404-8065426-4096352","VSGB-10-EU-M","VIVOSUN Lot 5 Sac de Plantation 40L Sacs de Culture Tissu Non Tissé Sac à Plantes 500g/m² Épaisseur, Pots Tissu avec Poignées et Anneaux Polyvale","1","amazon.fr","Vendeur","Echenevex","","01170","MarketplaceFacilitator","20,53","4,11","0","0","0","0","0","0","-4,11","-3,70","0","-0,11","0","16,72","Sorti","25 avr. 2026 20:51:20 UTC"
"16 avr. 2026 00:52:20 UTC","26902793752","Commande","403-2510520-0430717","VSE-UH075-EU-M","VIVOSUN AeroStream U075 Humidificateur USB, Humidificateur Mini à Brume Fraîche de 750 ml avec 2 Modes de Brume, Arrêt Automatique, Télécommande","1","amazon.fr","Vendeur","La Mole","","83310","MarketplaceFacilitator","30,82","6,17","0","0","0","0","0","0","-6,17","-5,55","0","-0,17","0","25,10","Sorti","1 mai 2026 23:10:38 UTC"
"16 avr. 2026 00:52:21 UTC","26902793752","Commande","404-8746615-5962702","VSGB-10-EU-M","VIVOSUN Lot 5 Sac de Plantation 40L Sacs de Culture Tissu Non Tissé Sac à Plantes 500g/m² Épaisseur, Pots Tissu avec Poignées et Anneaux Polyvale","1","amazon.fr","Vendeur","NAVEIL","","41100","MarketplaceFacilitator","20,53","4,11","0","0","0","0","0","0","-4,11","-3,70","0","-0,11","0","16,72","Sorti","1 mai 2026 17:53:01 UTC"
"16 avr. 2026 00:52:48 UTC","26902793752","Commande","407-4185286-7448315","VSE-ASH05-EU-M","VIVOSUN Humidificateur D'Air pour Plantes 5L Humidificateur Intelligent Plantes, Aerostream H05 24DB Silencieux Brume Fraîche 360° 50H Remplissage F","1","amazon.fr","Vendeur","Saint-Vincent","","43800","MarketplaceFacilitator","70,82","14,17","0","0","0","0","0","0","-14,17","-12,75","0","-0,38","0","57,69","Sorti","30 avr. 2026 22:58:47 UTC"
"16 avr. 2026 02:17:45 UTC","26902793752","Commande","406-6290056-4608369","LH-001-EU","VIVOSUN 1 paire de cintres réglables de 0,3 cm pour lampe de culture, corde de suspension robuste avec engrenages métalliques renforcés, 2,4 m de l","1","amazon.fr","Amazon","Homecourt","","54310","MarketplaceFacilitator","8,80","1,76","0","0","0","0","0","0","-1,76","-1,58","-4,31","-0,18","0","2,73","Sorti","23 avr. 2026 23:37:48 UTC"
"16 avr. 2026 02:40:11 UTC","26902793752","Commande","402-3742323-7637913","VSV-AZT4-EU","VIVOSUN Ventilateur Conduit AeroZesh T4 100 mm 357 m³/h Ventilateur Extraction E12 Régulateur Vitesse PWM Programmables Tentes Culture Ventilation I","1","amazon.fr","Amazon","Cernay les Reims","","51420","MarketplaceFacilitator","67,07","13,42","0","0","0","0","0","0","-13,42","-12,07","-11,85","-0,72","0","42,43","Sorti","24 avr. 2026 15:29:54 UTC"
"16 avr. 2026 03:02:29 UTC","26902793752","Commande","407-0495058-7017169","333101-G2J-EU-FBA","VIVOSUN Lot de 2 verres d'intérieur hydroponique LED pour salle de culture avec étui à lunettes","1","amazon.fr","Amazon","Nanterre","France","92000","MarketplaceFacilitator","26,34","5,27","0","0","0","0","0","0","-5,27","-4,74","-5,79","-0,31","0","15,50","Sorti","27 avr. 2026 15:50:18 UTC"
"16 avr. 2026 10:48:34 UTC","26902793752","Commande","405-1239786-9469160","VSL-LL100-EU","VIVOSUN Lampe de culture LED 100W, Lumière Led à Spectre Complet, Lumière pour Plantes à Luminosité Variable Intelligente et à PPFD Élevé pour","1","amazon.fr","Amazon","Villelongue de la salanque","","66410","MarketplaceFacilitator","87,49","17,50","0","0","0","0","0","0","-17,50","-15,75","-9,17","-0,75","0","61,82","Sorti","25 avr. 2026 22:26:26 UTC"
"16 avr. 2026 10:51:47 UTC","26902793752","Commande","405-7144930-2590711","306146-0412-EU","VIVOSUN Filtre à Charbon Actif 100mm pour Contrôle Odeurs Charbon Vierge d'Australie pour Ventilateur en Ligne, Epurateur Odeurs pour Tente de Cultu","1","amazon.fr","Amazon","La guerche de bretagne","Bretagne","35130","MarketplaceFacilitator","46,61","9,32","0,19","0,04","0","0","-0,19","-0,04","-9,32","-8,39","-6,90","-0,46","0","30,86","Sorti","25 avr. 2026 19:16:36 UTC"
"16 avr. 2026 16:34:44 UTC","26902793752","Commande","407-5052086-6507533","VSV-AZG4-EU","VIVOSUN Ventilateur Conduit AeroZesh G4 100 mm, Ventilateur Extraction EC 331 m³/h Contrôle PWM Régulateur Vitesse E12 pour Chambre Culture Tente C","1","amazon.fr","Amazon","Caen","calvados","14000","MarketplaceFacilitator","66,66","13,33","0","0","0","0","0","0","-13,33","-12,00","-7,60","-0,59","0","46,47","Sorti","25 avr. 2026 22:54:26 UTC"
"17 avr. 2026 00:52:10 UTC","26902793752","Commande","404-5322562-9045167","VSF-AWD4x2-EU-FBM","VIVOSUN AeroWave D4 Ventilateur de Culture Oscillant 100mm, Ventilateur à Pince avec Crochet, 3 Vitesses, Flux d'air Puissant & Silencieux, pour Grow","1","amazon.fr","Vendeur","Izeron","","38160","MarketplaceFacilitator","26,66","5,33","0","0","0","0","0","0","-5,33","-4,80","0","-0,14","0","21,72","Sorti","30 avr. 2026 23:52:54 UTC"
"17 avr. 2026 00:52:52 UTC","26902793752","Commande","407-7532671-5356359","VSF-AWD4-EU-M","VIVOSUN AeroWave D4 Ventilateur de Culture Oscillant 100mm, Ventilateur à Pince avec Crochet, 3 Vitesses, Flux d'Air Puissant & Silencieux, pour Grow","1","amazon.fr","Vendeur","Conflans-Sainte-Honorine","","78700","MarketplaceFacilitator","18,66","3,73","0","0","0","0","0","0","-3,73","-3,36","0","-0,10","0","15,20","Sorti","29 avr. 2026 23:20:33 UTC"
"17 avr. 2026 00:53:00 UTC","26902793752","Commande","407-9272034-4673165","VSGB-10-EU-M","VIVOSUN Lot 5 Sac de Plantation 40L Sacs de Culture Tissu Non Tissé Sac à Plantes 500g/m² Épaisseur, Pots Tissu avec Poignées et Anneaux Polyvale","1","amazon.fr","Vendeur","Courpière","","63120","MarketplaceFacilitator","20,53","4,11","0","0","0","0","0","0","-4,11","-3,70","0","-0,11","0","16,72","Sorti","30 avr. 2026 07:34:04 UTC"
"17 avr. 2026 00:53:06 UTC","26902793752","Commande","406-9668855-7097904","311001-5x5-EU-FBM","VIVOSUN Lot 5 Sac de Plantation 20L Sacs de Culture Tissu Non Tissé Sac à Plantes, Pots Tissu Épais Haute Résistance avec Poignées pour Légumes,","2","amazon.fr","Vendeur","Lencloitre","","86140","MarketplaceFacilitator","25,64","5,14","0","0","0","0","0","0","-5,14","-4,62","0","-0,14","0","20,88","Sorti","29 avr. 2026 11:14:06 UTC"
"17 avr. 2026 00:55:37 UTC","26902793752","Commande","402-6507879-5021920","VSGB-10-EU-M","VIVOSUN Lot 5 Sac de Plantation 40L Sacs de Culture Tissu Non Tissé Sac à Plantes 500g/m² Épaisseur, Pots Tissu avec Poignées et Anneaux Polyvale","1","amazon.fr","Vendeur","AUDIERNE","","29770","MarketplaceFacilitator","20,53","4,11","0","0","0","0","0","0","-4,11","-3,70","0","-0,11","0","16,72","Sorti","1 mai 2026 07:28:36 UTC"
"17 avr. 2026 00:55:44 UTC","26902793752","Commande","406-1365013-7827542","VSE-ASH05-EU-M","VIVOSUN Humidificateur D'Air pour Plantes 5L Humidificateur Intelligent Plantes, Aerostream H05 24DB Silencieux Brume Fraîche 360° 50H Remplissage F","1","amazon.fr","Vendeur","Ste Pazanne","","44680","MarketplaceFacilitator","70,82","14,17","0","0","0","0","0","0","-14,17","-12,75","0","-0,38","0","57,69","Sorti","27 avr. 2026 23:30:32 UTC"
"17 avr. 2026 00:55:57 UTC","26902793752","Commande","404-9062784-3102721","VSF-AWD4-EU-M","VIVOSUN AeroWave D4 Ventilateur de Culture Oscillant 100mm, Ventilateur à Pince avec Crochet, 3 Vitesses, Flux d'Air Puissant & Silencieux, pour Grow","1","amazon.fr","Vendeur","Nice","","06300","MarketplaceFacilitator","18,66","3,73","0","0","0","0","0","0","-3,73","-3,36","0","-0,10","0","15,20","Sorti","29 avr. 2026 07:48:22 UTC"
"17 avr. 2026 07:13:09 UTC","26902793752","Commande","171-7454002-6419564","VSF-AWE6W-G2-EU","VIVOSUN Ventilateur de Culture Oscillant, Ventilateur à Pince 150mm, Contrôle Par APP Wi-Fi Intelligent, 10 Vitesses & 2 Modes, Circulateur d'Air po","1","amazon.fr","Amazon","Malataverne","","26780","MarketplaceFacilitator","50,82","10,17","0","0","0","0","0","0","-10,17","-9,15","-7,19","-0,49","0","33,99","Sorti","26 avr. 2026 00:01:09 UTC"
"17 avr. 2026 15:03:53 UTC","26902793752","Remboursement","407-1290990-0766728","304113-55-EU","VIVOSUN Tente de Culture 150x150x200cm, Tente Hydroponique Intérieure Lumière-Proof avec Mylar Réfléchissant, Fenêtre D'observation, Bac de Fond,","1","amazon.fr","Amazon","camon","","80450","MarketplaceFacilitator","-114,99","-23,00","0","0","0","0","0","0","23,00","16,56","0","0,62","0","-97,81","Sorti","22 avr. 2026 23:20:49 UTC"
"17 avr. 2026 17:31:37 UTC","26902793752","Commande","406-3361237-8942742","VSC-GCC4-EU","VIVOSUN GrowCam C4, 2K QHD Caméra intelligente WiFi pour tente de culture et boîte de culture intelligente VGrow, prend en charge le Wi-Fi 2,4 GHz (","1","amazon.fr","Amazon","Soustons","","40140","MarketplaceFacilitator","46,03","9,21","0","0","0","0","0","0","-9,21","-7,18","-5,15","-0,37","0","33,33","Sorti","25 avr. 2026 21:02:01 UTC"
"17 avr. 2026 17:39:15 UTC","26821642572","Remboursement","171-4056070-6084336","306146-0412-EU","VIVOSUN Filtre à Charbon Actif 100mm pour Contrôle Odeurs Charbon Vierge d'Australie pour Ventilateur en Ligne, Epurateur Odeurs pour Tente de Cultu","1","amazon.fr","Amazon","Paris","","75002","MarketplaceFacilitator","-46,61","-9,32","-3,32","-0,67","0","0","7,98","1,60","8,39","6,04","0","0,23","0","-35,68","Sorti","17 avr. 2026 17:39:15 UTC"
"18 avr. 2026 00:08:44 UTC","26902793752","Commande","403-6205836-3704329","311003-4-EU","VIVOSUN Sécateur de Jardin 17 cm, Poignée Ergonomique, Lame Droite Acier Inoxydable, Lame Antiadhésive Revêtue Titane, Poignée Verrouillable, Con","1","amazon.fr","Amazon","St Aubin Du Cormier","","35140","MarketplaceFacilitator","5,77","1,15","0","0","0","0","0","0","-1,15","-1,04","-2,83","-0,11","0","1,79","Sorti","25 avr. 2026 20:21:56 UTC"
"18 avr. 2026 00:42:42 UTC","26902793752","Commande","403-8431507-9622723","306146-0412-EU","VIVOSUN Filtre à Charbon Actif 100mm pour Contrôle Odeurs Charbon Vierge d'Australie pour Ventilateur en Ligne, Epurateur Odeurs pour Tente de Cultu","1","amazon.fr","Amazon","VILLEY ST ETIENNE","","54200","MarketplaceFacilitator","46,61","9,32","0","0","0","0","0","0","-9,32","-8,39","-7,01","-0,46","0","30,75","Sorti","26 avr. 2026 23:50:08 UTC"
"18 avr. 2026 00:55:27 UTC","26902793752","Commande","171-3774519-5729109","VSF-AWD4-EU-M","VIVOSUN AeroWave D4 Ventilateur de Culture Oscillant 100mm, Ventilateur à Pince avec Crochet, 3 Vitesses, Flux d'Air Puissant & Silencieux, pour Grow","1","amazon.fr","Vendeur","Toul","","54200","MarketplaceFacilitator","18,66","3,73","0","0","0","0","0","0","-3,73","-3,36","0","-0,10","0","15,20","Sorti","30 avr. 2026 07:16:34 UTC"
"18 avr. 2026 00:55:47 UTC","26902793752","Commande","404-3615803-0901916","VSE-ASH05-EU-M","VIVOSUN Humidificateur D'Air pour Plantes 5L Humidificateur Intelligent Plantes, Aerostream H05 24DB Silencieux Brume Fraîche 360° 50H Remplissage F","1","amazon.fr","Vendeur","Montlucon","","03100","MarketplaceFacilitator","70,82","14,17","0","0","0","0","0","0","-14,17","-12,75","0","-0,38","0","57,69","Sorti","1 mai 2026 21:16:36 UTC"
"18 avr. 2026 00:58:45 UTC","26902793752","Commande","405-9357485-9269151","VSE-ASH09-EU-M","VIVOSUN Humidificateur D'Air pour Plantes 9L, Humidificateur Intelligent pour Plantes avec Télécommande, Aerostream H09 Brume Fraîche à 360° Pend","1","amazon.fr","Vendeur","Clermont","","60600","MarketplaceFacilitator","84,99","17,00","0","0","0","0","0","0","-17,00","-15,30","0","-0,46","0","69,23","Sorti","29 avr. 2026 22:29:32 UTC"
"18 avr. 2026 00:58:59 UTC","26902793752","Commande","407-1324227-4578753","311001-20x5-EU-M","VIVOSUN Lot 5 Sac de Plantation 80L Sacs de Culture Tissu Non Tissé Sac à Plantes, Pots Tissu Épais Haute Résistance avec Poignées pour Légumes,","1","amazon.fr","Vendeur","bagneres de bigorre","","65200","MarketplaceFacilitator","27,49","5,50","0","0","0","0","0","0","-5,50","-4,95","0","-0,15","0","22,39","Sorti","30 avr. 2026 23:18:01 UTC"
"18 avr. 2026 00:59:08 UTC","26902793752","Commande","171-5469647-8635530","304113-NEW-21-EU","VIVOSUN Tente de Culture 60x60x90cm, Tente de Croissance Intérieure en Mylar Hautement Réfléchissant avec Fenêtre D'observation et Bac de Fond pou","1","amazon.fr","Vendeur","Nuncq Hautecote","","62270","MarketplaceFacilitator","44,99","9,00","0","0","0","0","0","0","-9,00","-8,10","0","-0,24","0","36,65","Sorti","30 avr. 2026 23:25:57 UTC"
"18 avr. 2026 00:59:12 UTC","26902793752","Commande","403-5055783-6921156","VSGB-10-EU-M","VIVOSUN Lot 5 Sac de Plantation 40L Sacs de Culture Tissu Non Tissé Sac à Plantes 500g/m² Épaisseur, Pots Tissu avec Poignées et Anneaux Polyvale","1","amazon.fr","Vendeur","Bordeaux","","33800","MarketplaceFacilitator","20,53","4,11","0","0","0","0","0","0","-4,11","-3,70","0","-0,11","0","16,72","Sorti","30 avr. 2026 17:45:27 UTC"
"18 avr. 2026 00:59:20 UTC","26902793752","Commande","402-2133813-9330728","VSV-AZS4-EU-FBM","VIVOSUN Ventilateur de Conduit AeroZesh S4 100 mm 353 m³/h Ventilateur d'Extraction avec Régulateur Vitesse E12 PWM Programmables pour Tentes de Cul","1","amazon.fr","Vendeur","Ligny En Cambresis","","59191","MarketplaceFacilitator","87,49","17,50","0","0","0","0","0","0","-17,50","-15,75","0","-0,47","0","71,27","Sorti","30 avr. 2026 20:40:16 UTC"
"18 avr. 2026 00:59:21 UTC","26902793752","Commande","405-1101885-7426769","VSGB-10-EU-M","VIVOSUN Lot 5 Sac de Plantation 40L Sacs de Culture Tissu Non Tissé Sac à Plantes 500g/m² Épaisseur, Pots Tissu avec Poignées et Anneaux Polyvale","1","amazon.fr","Vendeur","Saint-Pol-de-Léon","","29250","MarketplaceFacilitator","20,53","4,11","0","0","0","0","0","0","-4,11","-3,70","0","-0,11","0","16,72","Sorti","29 avr. 2026 11:48:47 UTC"
"18 avr. 2026 00:59:42 UTC","26902793752","Commande","405-3966077-7197117","311001-20x5-EU-M","VIVOSUN Lot 5 Sac de Plantation 80L Sacs de Culture Tissu Non Tissé Sac à Plantes, Pots Tissu Épais Haute Résistance avec Poignées pour Légumes,","1","amazon.fr","Vendeur","PLAISANCE DU TOUCH","","31830","MarketplaceFacilitator","27,49","5,50","0","0","0","0","0","0","-5,50","-4,95","0","-0,15","0","22,39","Sorti","30 avr. 2026 20:47:42 UTC"
"18 avr. 2026 08:23:58 UTC","26902793752","Commande","407-0661782-8066732","306146-0412-EU","VIVOSUN Filtre à Charbon Actif 100mm pour Contrôle Odeurs Charbon Vierge d'Australie pour Ventilateur en Ligne, Epurateur Odeurs pour Tente de Cultu","1","amazon.fr","Amazon","Rives Du Loir En Anjou","","49140","MarketplaceFacilitator","46,61","9,32","0","0","0","0","0","0","-9,32","-8,39","-7,01","-0,46","0","30,75","Sorti","25 avr. 2026 22:22:59 UTC"
"18 avr. 2026 09:05:55 UTC","26902793752","Commande","171-6356829-4224348","306146-0412-EU","VIVOSUN Filtre à Charbon Actif 100mm pour Contrôle Odeurs Charbon Vierge d'Australie pour Ventilateur en Ligne, Epurateur Odeurs pour Tente de Cultu","1","amazon.fr","Amazon","Annecy","","74000","MarketplaceFacilitator","46,61","9,32","0","0","0","0","0","0","-9,32","-8,39","-7,01","-0,46","0","30,75","Sorti","26 avr. 2026 22:19:16 UTC"
"18 avr. 2026 11:32:36 UTC","26902793752","Remboursement","405-3821210-2473105","VSF-AWD4-EU-M","VIVOSUN AeroWave D4 Ventilateur de Culture Oscillant 100mm, Ventilateur à Pince avec Crochet, 3 Vitesses, Flux d'air Puissant & Silencieux, pour Grow","1","amazon.fr","Vendeur","lewarde","","59287","MarketplaceFacilitator","-18,66","-3,73","0","0","0","0","0","0","3,73","2,69","0","0,10","0","-15,87","Sorti","24 avr. 2026 22:00:18 UTC"
"18 avr. 2026 20:32:12 UTC","26902793752","Commande","405-3131385-6937112","311003-4-EU","VIVOSUN Sécateur de Jardin 17 cm, Poignée Ergonomique, Lame Droite Acier Inoxydable, Lame Antiadhésive Revêtue Titane, Poignée Verrouillable, Con","1","amazon.fr","Amazon","Bougligny","","77570","MarketplaceFacilitator","5,77","1,15","0","0","0","0","0","0","-1,15","-1,04","-2,83","-0,11","0","1,79","Sorti","26 avr. 2026 20:54:37 UTC"
"19 avr. 2026 01:39:29 UTC","26902793752","Commande","405-2471017-6737154","VSE-ASH19-EU-M","VIVOSUN Aerostream H19 Humidificateur Écologique Intelligent de 19 L avec Sonde de Température et D'Humidité, Panneau de Contrôle Supérieur, Tél","1","amazon.fr","Vendeur","Dardilly","","69570","MarketplaceFacilitator","142,99","28,60","0","0","0","0","0","0","-28,60","-25,74","0","-0,77","0","116,48","Sorti","1 mai 2026 00:05:33 UTC"
"19 avr. 2026 01:39:47 UTC","26902793752","Commande","405-9773166-2441155","VSGB-7-EU-M","VIVOSUN Lot 5 Sac de Plantation 25L Sacs de Culture Tissu Non Tissé Sac à Plantes 500g/m² Épaisseur, Pots Tissu avec Poignées et Anneaux Polyvale","1","amazon.fr","Vendeur","St Cyr Sur Mer","","83270","MarketplaceFacilitator","16,78","3,36","0","0","0","0","0","0","-3,36","-3,02","0","-0,09","0","13,67","Sorti","29 avr. 2026 23:49:39 UTC"
"19 avr. 2026 01:40:00 UTC","26902793752","Commande","407-8357536-4337918","VSF-AWE6-G2-EU-M","VIVOSUN Ventilateur de Culture Oscillant, Ventilateur à Pince 150mm, Contrôle Par APP Wi-Fi Intelligent, 10 Vitesses & 2 Modes, Circulateur d'Air po","1","amazon.fr","Vendeur","Le Mans","","72000","MarketplaceFacilitator","42,49","8,50","0","0","0","0","0","0","-8,50","-7,65","0","-0,23","0","34,61","Sorti","30 avr. 2026 21:33:37 UTC"
"19 avr. 2026 01:40:02 UTC","26902793752","Commande","403-1605571-9525941","311001-7x5-EU-M","VIVOSUN Lot 5 Sac de Plantation 25L Sacs de Culture Tissu Non Tissé Sac à Plantes, Pots Tissu Épais Haute Résistance avec Poignées pour Légumes,","1","amazon.fr","Vendeur","Pitgam","","59284","MarketplaceFacilitator","22,49","4,50","0","0","0","0","0","0","-4,50","-4,05","0","-0,12","0","18,32","Sorti","2 mai 2026 00:06:05 UTC"
"19 avr. 2026 01:40:18 UTC","26902793752","Commande","406-6461214-6565159","VSGB-10-EU-M","VIVOSUN Lot 5 Sac de Plantation 40L Sacs de Culture Tissu Non Tissé Sac à Plantes 500g/m² Épaisseur, Pots Tissu avec Poignées et Anneaux Polyvale","1","amazon.fr","Vendeur","Roz Landrieux","","35120","MarketplaceFacilitator","20,53","4,11","0","0","0","0","0","0","-4,11","-3,70","0","-0,11","0","16,72","Sorti","29 avr. 2026 20:47:06 UTC"
"19 avr. 2026 01:40:24 UTC","26902793752","Commande","402-4099900-3907510","VSE-ASH19-EU-M","VIVOSUN Aerostream H19 Humidificateur Écologique Intelligent de 19 L avec Sonde de Température et D'Humidité, Panneau de Contrôle Supérieur, Tél","1","amazon.fr","Vendeur","Anglet","","64600","MarketplaceFacilitator","142,99","28,60","0","0","0","0","0","0","-28,60","-25,74","0","-0,77","0","116,48","Sorti","30 avr. 2026 21:23:08 UTC"
"19 avr. 2026 09:52:01 UTC","26902793752","Commande","171-1481627-2496331","VSF-AWD4x2-EU-FBM","VIVOSUN AeroWave D4 Ventilateur de Culture Oscillant 100mm, Ventilateur à Pince avec Crochet, 3 Vitesses, Flux d'air Puissant & Silencieux, pour Grow","1","amazon.fr","Vendeur","St Paul En Jarez","","42740","MarketplaceFacilitator","26,66","5,33","0","0","0","0","0","0","-5,33","-4,80","0","-0,14","0","21,72","Sorti","1 mai 2026 20:17:29 UTC"
"19 avr. 2026 09:52:01 UTC","26902793752","Commande","171-1481627-2496331","VSF-AWE6-G2-EU-M","VIVOSUN Ventilateur de Culture Oscillant, Ventilateur à Pince 150mm, Contrôle Par APP Wi-Fi Intelligent, 10 Vitesses & 2 Modes, Circulateur d'Air po","1","amazon.fr","Vendeur","St Paul En Jarez","","42740","MarketplaceFacilitator","42,49","8,50","0","0","0","0","0","0","-8,50","-7,65","0","-0,23","0","34,61","Sorti","1 mai 2026 20:17:29 UTC"
"19 avr. 2026 09:52:12 UTC","26902793752","Commande","407-5370318-2229959","VSGB-10-EU-M","VIVOSUN Lot 5 Sac de Plantation 40L Sacs de Culture Tissu Non Tissé Sac à Plantes 500g/m² Épaisseur, Pots Tissu avec Poignées et Anneaux Polyvale","1","amazon.fr","Vendeur","Pont de Barret","","26160","MarketplaceFacilitator","20,53","4,11","0","0","0","0","0","0","-4,11","-3,70","0","-0,11","0","16,72","Sorti","30 avr. 2026 23:05:06 UTC"
"19 avr. 2026 09:52:30 UTC","26902793752","Commande","405-0380847-6599552","VSGB-10-EU-M","VIVOSUN Lot 5 Sac de Plantation 40L Sacs de Culture Tissu Non Tissé Sac à Plantes 500g/m² Épaisseur, Pots Tissu avec Poignées et Anneaux Polyvale","1","amazon.fr","Vendeur","VOITEUR","","39210","MarketplaceFacilitator","20,53","4,11","0","0","0","0","0","0","-4,11","-3,70","0","-0,11","0","16,72","Sorti","30 avr. 2026 08:06:11 UTC"
"19 avr. 2026 15:08:51 UTC","26902793752","Commande","405-9441233-2737949","311003-4X3NJ-EU","VIVOSUN Lot de 3 Sécateur de Jardin 17 cm, Poignée Ergonomique, Lame Droite en Acier Inoxydable avec Revêtement en Titane, Poignée Verrouillable,","1","amazon.fr","Amazon","Elbeuf","France","76500","MarketplaceFacilitator","11,87","2,37","0","0","0","0","0","0","-2,37","-1,85","-4,37","-0,19","0","5,46","Sorti","27 avr. 2026 22:38:38 UTC"
"19 avr. 2026 16:07:03 UTC","26902793752","Commande","406-9004957-9130715","306143-0412-EU","VIVOSUN Filtre à Charbon Actif 100mm Filtre à Charbon avec Préfiltre et Bride Réversible Filtre Charbon Purificateur d'Air pour Ventilateur en Lig","1","amazon.fr","Amazon","mulhouse","","68100","MarketplaceFacilitator","50,81","10,16","0","0","0","0","0","0","-10,16","-9,15","-7,01","-0,48","0","34,17","Sorti","27 avr. 2026 19:27:49 UTC"
"19 avr. 2026 18:16:27 UTC","26821642572","Frais de stock Expédié par Amazon","","","Frais de Stockage de longue durée Expédié par Amazon","","Amazon.fr","","","","","","0","0","0","0","0","0","0","0","0","0","0","0","-1 926,93","-1 926,93","Sorti","19 avr. 2026 18:16:27 UTC"
"20 avr. 2026 00:50:08 UTC","26902793752","Commande","408-7379169-6304349","311003-4-EU","VIVOSUN Sécateur de Jardin 17 cm, Poignée Ergonomique, Lame Droite Acier Inoxydable, Lame Antiadhésive Revêtue Titane, Poignée Verrouillable, Con","1","amazon.fr","Amazon","rambouillet","","78120","MarketplaceFacilitator","5,77","1,15","0","0","0","0","0","0","-1,15","-1,04","-2,83","-0,11","0","1,79","Sorti","27 avr. 2026 19:44:27 UTC"
"20 avr. 2026 00:52:12 UTC","26902793752","Commande","404-3310571-3061948","VSGB-10-EU-M","VIVOSUN Lot 5 Sac de Plantation 40L Sacs de Culture Tissu Non Tissé Sac à Plantes 500g/m² Épaisseur, Pots Tissu avec Poignées et Anneaux Polyvale","1","amazon.fr","Vendeur","athis mons","","91200","MarketplaceFacilitator","20,53","4,11","0","0","0","0","0","0","-4,11","-3,70","0","-0,11","0","16,72","Sorti","29 avr. 2026 22:13:20 UTC"
"20 avr. 2026 00:56:24 UTC","26902793752","Commande","407-0354396-6307506","VSGB-10-EU-M","VIVOSUN Lot 5 Sac de Plantation 40L Sacs de Culture Tissu Non Tissé Sac à Plantes 500g/m² Épaisseur, Pots Tissu avec Poignées et Anneaux Polyvale","1","amazon.fr","Vendeur","FRONTENAY ROHAN ROHAN","","79270","MarketplaceFacilitator","20,53","4,11","0","0","0","0","0","0","-4,11","-3,70","0","-0,11","0","16,72","Sorti","30 avr. 2026 07:55:22 UTC"
"20 avr. 2026 00:56:52 UTC","26902793752","Commande","405-0967511-6814714","VSGB-10-EU-M","VIVOSUN Lot 5 Sac de Plantation 40L Sacs de Culture Tissu Non Tissé Sac à Plantes 500g/m² Épaisseur, Pots Tissu avec Poignées et Anneaux Polyvale","1","amazon.fr","Vendeur","Ramonville St Agne","","31520","MarketplaceFacilitator","20,53","4,11","0","0","0","0","0","0","-4,11","-3,70","0","-0,11","0","16,72","Sorti","29 avr. 2026 07:10:27 UTC"
"20 avr. 2026 02:03:01 UTC","26902793752","Commande","404-6990524-3173913","305130-PEN-EU-M","VIVOSUN Lot de pH-mètre et TDS mètre, pH-mètre de type stylo de haute précision 0,05 ph, TDS-mètre 3-en-1 (TDS, EC, et température) à précisio","1","amazon.fr","Vendeur","Saulce Sur Rhone","","26270","MarketplaceFacilitator","15,57","3,12","0","0","0","0","0","0","-3,12","-2,80","0","-0,08","0","12,69","Sorti","30 avr. 2026 07:24:23 UTC"
"20 avr. 2026 02:18:06 UTC","26902793752","Commande","408-0966607-5669942","306143-0616-EU","VIVOSUN Filtre à Charbon Actif 150mm Filtre à Charbon avec Préfiltre et Bride Réversible Filtre Charbon Purificateur d'Air pour Ventilateur en Lig","1","amazon.fr","Amazon","DAMPMART","","77400","MarketplaceFacilitator","58,32","11,67","0","0","0","0","0","0","-11,67","-10,50","-8,11","-0,56","0","39,15","Sorti","28 avr. 2026 20:19:37 UTC"
"20 avr. 2026 07:56:51 UTC","26902793752","Commande","404-2789176-5264322","VSK-GIYS224-EU","VIVOSUN Kit Complet de Tente de Culture 60x60x120cm, Système Automatique Plante avec WiFi, Lampe de Croissance LED Spectre Complet, Ventilation Haute","1","amazon.fr","Amazon","Toulouse","","31100","MarketplaceFacilitator","256,66","51,33","0","0","0","0","0","0","-51,33","-46,20","-14,83","-1,83","0","193,80","Sorti","30 avr. 2026 07:46:59 UTC"
"20 avr. 2026 09:49:48 UTC","26902793752","Commande","406-8276256-2181913","311001-10x5-EU-M","VIVOSUN Lot 5 Sac de Plantation 40L Sacs de Culture Tissu Non Tissé Sac à Plantes, Pots Tissu Épais Haute Résistance avec Poignées pour Légumes,","3","amazon.fr","Vendeur","Petite Rosselle","","57540","MarketplaceFacilitator","50,73","10,14","0","0","0","0","0","0","-10,14","-9,12","0","-0,27","0","41,34","Sorti","2 mai 2026 22:38:47 UTC"
"20 avr. 2026 10:42:10 UTC","26902793752","Commande","406-1127501-9229139","VSV-AZT4-EU","VIVOSUN AeroZesh T4 Ventilateur Conduit 100 mm 357 m³/h Ventilateur en Ligne Extraction E12 Régulateur Vitesse PWM Programmables Tentes Culture Vent","1","amazon.fr","Amazon","Frejus","","83600","MarketplaceFacilitator","67,07","13,42","0","0","0","0","0","0","-13,42","-12,07","-11,99","-0,72","0","42,29","Sorti","29 avr. 2026 20:49:23 UTC"
"20 avr. 2026 12:13:27 UTC","26902793752","Commande","408-8756534-6086765","304113-42-EU","VIVOSUN Tente de Culture 120x60x150cm, Tente Hydroponique Intérieure Lumière-Proof avec Mylar Réfléchissant, Fenêtre D'observation, Bac de Fond,","1","amazon.fr","Amazon","ANGERS","","49000","MarketplaceFacilitator","74,99","15,00","0","0","0","0","0","0","-15,00","-13,50","-27,72","-1,24","0","32,53","Sorti","29 avr. 2026 15:54:17 UTC"
"20 avr. 2026 13:28:54 UTC","26902793752","Commande","407-9551693-1821157","VSVC-AZG4E42AP-EU","VIVOSUN Kit d'Extraction d'Air Intelligent Pro 100mm AeroZesh G4 avec GrowHub E42A+, Contrôleur WiFi Température Humidité, Filtre à Charbon Actif","1","amazon.fr","Amazon","GY-LES-NONAINS","","45220","MarketplaceFacilitator","138,24","27,65","0","0","0","0","0","0","-27,65","-24,88","-9,42","-1,03","0","102,91","Sorti","30 avr. 2026 20:49:47 UTC"
"20 avr. 2026 14:42:17 UTC","26902793752","Commande","171-5425227-0484326","VSVC-AZG4E42AP-EU","VIVOSUN Kit d'Extraction d'Air Intelligent Pro 100mm AeroZesh G4 avec GrowHub E42A+, Contrôleur WiFi Température Humidité, Filtre à Charbon Actif","1","amazon.fr","Amazon","St Paul En Jarez","","42740","MarketplaceFacilitator","138,24","27,65","0","0","0","0","0","0","-27,65","-24,88","-9,42","-1,03","0","102,91","Sorti","30 avr. 2026 23:57:12 UTC"
"20 avr. 2026 15:19:26 UTC","26902793752","Commande","405-0634567-9499542","VSV-AZT4-EU","VIVOSUN AeroZesh T4 Ventilateur Conduit 100 mm 357 m³/h Ventilateur en Ligne Extraction E12 Régulateur Vitesse PWM Programmables Tentes Culture Vent","1","amazon.fr","Amazon","Nivillac","","56130","MarketplaceFacilitator","67,07","13,42","0","0","0","0","0","0","-13,42","-12,07","-11,99","-0,72","0","42,29","Sorti","29 avr. 2026 23:13:54 UTC"
"20 avr. 2026 17:13:27 UTC","26902793752","Commande","171-4331609-6617965","311003-4-EU","VIVOSUN Sécateur de Jardin 17 cm, Poignée Ergonomique, Lame Droite Acier Inoxydable, Lame Antiadhésive Revêtue Titane, Poignée Verrouillable, Con","1","amazon.fr","Amazon","Craponne","","69290","MarketplaceFacilitator","5,77","1,15","0","0","0","0","0","0","-1,15","-1,04","-2,83","-0,11","0","1,79","Sorti","28 avr. 2026 16:40:59 UTC"
"20 avr. 2026 20:05:45 UTC","26902793752","Commande","408-1254563-4756318","VSL-LL100x2-EU","VIVOSUN Lumalight LEDGrow Light, Full Spectrum Plant Light, 100W Smart Dimmable & High Ppfd For Indoor Plants Seedling Vegetables Bloom,2-Pack","1","amazon.fr","Amazon","Sartrouville","Yveslines","78500","MarketplaceFacilitator","133,32","26,67","0","0","0","0","0","0","-26,67","-24,00","-8,34","-0,97","0","100,01","Sorti","29 avr. 2026 21:45:11 UTC"
"20 avr. 2026 20:49:04 UTC","26902793752","Commande","407-7932858-1312352","VSF-AWE6-G2x2-EU","VIVOSUN Ventilateur de Culture Oscillant, Ventilateur à Pince 150mm, Contrôle Par APP Wi-Fi Intelligent, 10 Vitesses & 2 Modes, Circulateur d'Air po","1","amazon.fr","Amazon","Beurnevésin","Suisse","29","MarketplaceFacilitator","90,82","7,36","2,65","0,22","0","0","0","0","-7,58","-16,35","-10,13","-0,79","0","66,20","Sorti","29 avr. 2026 21:19:39 UTC"
"20 avr. 2026 21:47:19 UTC","26902793752","Commande","402-9689310-0423533","306146-0412-EU","VIVOSUN Filtre à Charbon Actif 100mm pour Contrôle Odeurs Charbon Vierge d'Australie pour Ventilateur en Ligne, Epurateur Odeurs pour Tente de Cultu","1","amazon.fr","Amazon","Bomal-sur-Ourthe","","6941","","43,53","0","0,25","0","0","0","0","0","0","-15,68","-6,95","-0,68","0","20,47","Sorti","28 avr. 2026 18:16:49 UTC"
"20 avr. 2026 21:47:19 UTC","26902793752","Commande","402-9689310-0423533","306146-0412-EU","VIVOSUN Filtre à Charbon Actif 100mm pour Contrôle Odeurs Charbon Vierge d'Australie pour Ventilateur en Ligne, Epurateur Odeurs pour Tente de Cultu","1","amazon.fr","Amazon","Bomal-sur-Ourthe","","6941","","43,53","0","0,25","0","0","0","0","0","0","0","-6,53","-0,20","0","37,05","Sorti","28 avr. 2026 18:16:49 UTC"
"20 avr. 2026 22:19:44 UTC","26902793752","Commande","404-4302456-1831552","VSF-AWE6-G2x2-EU","VIVOSUN Ventilateur de Culture Oscillant, Ventilateur à Pince 150mm, Contrôle Par APP Wi-Fi Intelligent, 10 Vitesses & 2 Modes, Circulateur d'Air po","1","amazon.fr","Amazon","SEBAZAC-CONCOURES","","12740","MarketplaceFacilitator","90,82","18,17","0","0","0","0","0","0","-18,17","-16,35","-7,72","-0,72","0","66,03","Sorti","30 avr. 2026 23:49:54 UTC"
"20 avr. 2026 23:35:38 UTC","26902793752","Commande","407-7932858-1312352","VSVC-AZG6E42AP-EU","VIVOSUN Kit d'Extraction d'Air Intelligent Pro 150mm AeroZesh G6 avec GrowHub E42A+, Contrôleur WiFi Température Humidité, Filtre à Charbon Actif","1","amazon.fr","Amazon","Beurnevésin","Suisse","29","MarketplaceFacilitator","216,66","17,55","6,34","0,51","0","0","0","0","-18,06","-39,00","-15,84","-1,65","0","166,51","Sorti","30 avr. 2026 21:22:42 UTC"
"21 avr. 2026 00:17:03 UTC","26902793752","Commande","402-7750887-0645922","Spray-SX-CS4-EU","VIVOSUN Pulvérisateur à Pression 4L avec 3 Buses Dont Laiton Réglable, Tuyau 127 cm et Valve de Sécurité pour Désherbage, Traitement des Plantes","1","amazon.fr","Amazon","OREE D""ANJOU","","49270","MarketplaceFacilitator","26,24","5,25","0","0","0","0","0","0","-5,25","-4,72","-7,01","-0,35","0","14,16","Sorti","28 avr. 2026 22:09:24 UTC"
"21 avr. 2026 01:04:16 UTC","26902793752","Commande","407-7214909-3359544","311001-10x5-EU-M","VIVOSUN Lot 5 Sac de Plantation 40L Sacs de Culture Tissu Non Tissé Sac à Plantes, Pots Tissu Épais Haute Résistance avec Poignées pour Légumes,","1","amazon.fr","Vendeur","Savigny-en-Sancerre","","18240","MarketplaceFacilitator","16,91","3,38","0","0","0","0","0","0","-3,38","-3,04","0","-0,09","0","13,78","Sorti","2 mai 2026 17:29:43 UTC"
"21 avr. 2026 01:06:58 UTC","26902793752","Commande","404-9500258-8736361","330303-EU-FBM","VIVOSUN Tapis Chauffant 52x122cm, avec Régulateur de Température Intégré, Tapis Chauffant étanche Certifié UL et MET pour Hydroponique","1","amazon.fr","Vendeur","Maizieres Les Metz","","57280","MarketplaceFacilitator","58,32","11,67","0","0","0","0","0","0","-11,67","-10,50","0","-0,32","0","47,50","Sorti","30 avr. 2026 21:38:46 UTC"
"21 avr. 2026 01:07:01 UTC","26991156042","Commande","405-7868368-7654724","305141-PEN-EU-M","VIVOSUN pH-Mètre Numérique, Testeur de pH en Stylo À Haute Précision de 0,01 pH Pour L'hydroponie, L'eau Potable Domestique, La Piscine Et L'aquar","1","amazon.fr","Vendeur","Ste Savine","","10300","MarketplaceFacilitator","12,49","2,50","0","0","0","0","0","0","-2,50","-2,25","0","-0,07","0","10,17","Sorti","7 mai 2026 00:08:43 UTC"
"21 avr. 2026 01:07:33 UTC","26902793752","Commande","403-5181439-3243526","VSGB-7-EU-M","VIVOSUN Lot 5 Sac de Plantation 25L Sacs de Culture Tissu Non Tissé Sac à Plantes 500g/m² Épaisseur, Pots Tissu avec Poignées et Anneaux Polyvale","2","amazon.fr","Vendeur","Carentoir","","56910","MarketplaceFacilitator","36,14","7,24","0","0","0","0","0","0","-7,24","-6,50","0","-0,20","0","29,44","Sorti","1 mai 2026 00:03:51 UTC"
"21 avr. 2026 01:07:33 UTC","26902793752","Commande","403-5181439-3243526","VSGB-5-EU-M","VIVOSUN Lot 5 Sac de Plantation 20L Sacs de Culture Tissu Non Tissé Sac à Plantes 500g/m² Épaisseur, Pots Tissu avec Poignées et Anneaux Polyvale","1","amazon.fr","Vendeur","Carentoir","","56910","MarketplaceFacilitator","16,32","3,27","0","0","0","0","0","0","-3,27","-2,94","0","-0,09","0","13,29","Sorti","1 mai 2026 00:03:51 UTC"
"21 avr. 2026 01:22:59 UTC","26902793752","Commande","408-3997969-4063551","VSE-UH075-EU-M","VIVOSUN AeroStream U075 Humidificateur USB, Humidificateur Mini à Brume Fraîche de 750 ml avec 2 Modes de Brume, Arrêt Automatique, Télécommande","1","amazon.fr","Vendeur","Les Ulis","","91940","MarketplaceFacilitator","30,82","6,17","0","0","0","0","0","0","-6,17","-5,55","0","-0,17","0","25,10","Sorti","4 mai 2026 22:50:01 UTC"
"21 avr. 2026 01:38:55 UTC","26902793752","Commande","405-5285793-8571546","VSGB-15-EU-M","VIVOSUN Lot 5 Sac de Plantation 60L Sacs de Culture Tissu Non Tissé Sac à Plantes 500g/m² Épaisseur, Pots Tissu avec Poignées et Anneaux Polyvale","1","amazon.fr","Vendeur","Ventavon","","05300","MarketplaceFacilitator","20,99","4,20","0","0","0","0","0","0","-4,20","-3,78","0","-0,11","0","17,10","Sorti","1 mai 2026 18:54:01 UTC"
"21 avr. 2026 02:10:52 UTC","26902793752","Commande","408-6489110-3983514","SPray-30L-EU-M","VIVOSUN Pulvérisateur à Pression 3L avec Sangle d'Épaule Réglable, Flacon d'Eau Pressurisé pour Pelouse et Jardin, pour l'Arrosage des Plantes, l","1","amazon.fr","Vendeur","Mosnac","","17240","MarketplaceFacilitator","16,86","3,37","0","0","0","0","0","0","-3,37","-3,03","0","-0,09","0","13,74","Sorti","2 mai 2026 22:26:27 UTC"
"21 avr. 2026 09:44:00 UTC","26902793752","Commande","404-6688570-2201127","VSA100SE-E25-EU-M","VIVOSUN Système de culture intelligent avec l'AeroLight SE A100, lampe de croissance LED 100 W avec ventilateur de circulation intégré et le GrowHu","1","amazon.fr","Vendeur","La ville du bois","","91620","MarketplaceFacilitator","87,49","17,50","0","0","0","0","0","0","-17,50","-15,75","0","-0,47","0","71,27","Sorti","1 mai 2026 21:31:02 UTC"
"21 avr. 2026 09:44:11 UTC","26902793752","Commande","408-0287907-8848374","311001-10x5-EU-M","VIVOSUN Lot 5 Sac de Plantation 40L Sacs de Culture Tissu Non Tissé Sac à Plantes, Pots Tissu Épais Haute Résistance avec Poignées pour Légumes,","1","amazon.fr","Vendeur","ARBLADE LE BAS","","32720","MarketplaceFacilitator","16,91","3,38","0","0","0","0","0","0","-3,38","-3,04","0","-0,09","0","13,78","Sorti","2 mai 2026 19:07:25 UTC"
"21 avr. 2026 10:22:03 UTC","26902793752","Commande","406-8509775-7617917","VSK-GIYS224-EU","VIVOSUN Kit Complet de Tente de Culture 60x60x120cm, Système Automatique Plante avec WiFi, Lampe de Croissance LED Spectre Complet, Ventilation Haute","1","amazon.fr","Amazon","Viefvillers","","60360","MarketplaceFacilitator","256,66","51,33","3,32","0,67","0","0","-3,32","-0,67","-51,33","-46,20","-14,83","-1,83","0","193,80","Sorti","1 mai 2026 22:03:03 UTC"
"21 avr. 2026 10:22:14 UTC","26902793752","Commande","171-0270370-4889153","VSK-GIYS224-EU","VIVOSUN Kit Complet de Tente de Culture 60x60x120cm, Système Automatique Plante avec WiFi, Lampe de Croissance LED Spectre Complet, Ventilation Haute","1","amazon.fr","Amazon","Colomiers","","31770","MarketplaceFacilitator","256,66","51,33","3,32","0,67","0","0","-3,32","-0,67","-51,33","-46,20","-14,83","-1,83","0","193,80","Sorti","2 mai 2026 22:35:08 UTC"
"21 avr. 2026 17:42:53 UTC","26902793752","Commande","403-5721344-1693911","333101-G2J-EU-FBA","VIVOSUN Lot de 2 verres d'intérieur hydroponique LED pour salle de culture avec étui à lunettes","1","amazon.fr","Amazon","Saint Gravé","","56220","MarketplaceFacilitator","26,39","5,28","0","0","0","0","0","0","-5,28","-4,75","-5,88","-0,32","0","15,44","Sorti","1 mai 2026 17:55:21 UTC"
"21 avr. 2026 18:49:59 UTC","26902793752","Commande","406-9503207-9464348","306146-0412-EU","VIVOSUN Filtre à Charbon Actif 100mm pour Contrôle Odeurs Charbon Vierge d'Australie pour Ventilateur en Ligne, Epurateur Odeurs pour Tente de Cultu","1","amazon.fr","Amazon","Oytier-Saint-Oblas","","38780","MarketplaceFacilitator","46,61","9,32","0","0","0","0","0","0","-9,32","-8,39","-7,01","-0,46","0","30,75","Sorti","29 avr. 2026 22:36:32 UTC"
"21 avr. 2026 18:51:22 UTC","26902793752","Commande","404-5467845-0651507","VS-THB1-EU","VIVOSUN AeroLab THB1 Thermomètre Hygromètre Bluetooth sans Fil, Moniteur de Température Intelligent VPD Humidimètre Numérique Télécommande&Aler","1","amazon.fr","Amazon","SEBAZAC-CONCOURES","","12740","MarketplaceFacilitator","18,96","3,79","0","0","0","0","0","0","-3,79","-2,96","-4,46","-0,22","0","11,32","Sorti","1 mai 2026 21:44:04 UTC"
"21 avr. 2026 19:49:15 UTC","26902793752","Commande","406-7518760-9097101","VSL-LL100-EU","VIVOSUN Lampe de culture LED 100W, Lumière Led à Spectre Complet, Lumière pour Plantes à Luminosité Variable Intelligente et à PPFD Élevé pour","1","amazon.fr","Amazon","Morigny-Champigny","","91150","MarketplaceFacilitator","87,49","17,50","0","0","0","0","0","0","-17,50","-15,75","-9,29","-0,75","0","61,70","Sorti","29 avr. 2026 16:12:34 UTC"
"22 avr. 2026 01:01:29 UTC","26902793752","Commande","404-5529955-8749940","306143-0412-EU","VIVOSUN Filtre à Charbon Actif 100mm Filtre à Charbon avec Préfiltre et Bride Réversible Filtre Charbon Purificateur d'Air pour Ventilateur en Lig","1","amazon.fr","Amazon","Clichy","","92110","MarketplaceFacilitator","50,81","10,16","0","0","0","0","0","0","-10,16","-9,15","-7,01","-0,48","0","34,17","Sorti","29 avr. 2026 23:48:10 UTC"
"22 avr. 2026 01:26:06 UTC","26902793752","Commande","171-8785486-8065950","311001-5x5-EU-FBM","VIVOSUN Lot 5 Sac de Plantation 20L Sacs de Culture Tissu Non Tissé Sac à Plantes, Pots Tissu Épais Haute Résistance avec Poignées pour Légumes,","1","amazon.fr","Vendeur","Saint-Sauveur","","31790","MarketplaceFacilitator","14,57","2,92","0","0","0","0","0","0","-2,92","-2,62","0","-0,08","0","11,87","Sorti","5 mai 2026 22:19:18 UTC"
"22 avr. 2026 01:26:06 UTC","26902793752","Commande","171-8785486-8065950","VSGB-7-EU-M","VIVOSUN Lot 5 Sac de Plantation 25L Sacs de Culture Tissu Non Tissé Sac à Plantes 500g/m² Épaisseur, Pots Tissu avec Poignées et Anneaux Polyvale","1","amazon.fr","Vendeur","Saint-Sauveur","","31790","MarketplaceFacilitator","18,07","3,62","0","0","0","0","0","0","-3,62","-3,25","0","-0,10","0","14,72","Sorti","5 mai 2026 22:19:18 UTC"
"22 avr. 2026 01:26:09 UTC","26902793752","Commande","406-6306910-9485132","VSGB-3-EU-M","VIVOSUN Lot 5 Sac de Plantation 12L Sacs de Culture Tissu Non Tissé Sac à Plantes 500g/m² Épaisseur, Pots Tissu avec Poignées et Anneaux Polyvale","1","amazon.fr","Vendeur","Thionville","","57100","MarketplaceFacilitator","15,16","3,03","0","0","0","0","0","0","-3,03","-2,73","0","-0,08","0","12,35","Sorti","2 mai 2026 17:44:15 UTC"
"22 avr. 2026 01:26:30 UTC","26991156042","Commande","404-1836406-7124308","VSC-GCC4-EU-M","VIVOSUN GrowCam C4, caméra intelligente Wi-Fi 2K QHD pour tente de culture et VGrow Smart Grow Box, prend en charge le Wi-Fi 2,4 GHz (pas 5 GHz/6 GHz","1","amazon.fr","Vendeur","Paris","","75019","MarketplaceFacilitator","54,16","10,83","0","0","0","0","0","0","-10,83","-8,45","0","-0,25","0","45,46","Sorti","7 mai 2026 22:20:02 UTC"
"22 avr. 2026 01:26:30 UTC","26991156042","Commande","404-1836406-7124308","VSF-AWD4-EU-M","VIVOSUN AeroWave D4 Ventilateur de Culture Oscillant 100mm, Ventilateur à Pince avec Crochet, 3 Vitesses, Flux d'Air Puissant & Silencieux, pour Grow","1","amazon.fr","Vendeur","Paris","","75019","MarketplaceFacilitator","23,32","4,67","0","0","0","0","0","0","-4,67","-4,20","0","-0,13","0","18,99","Sorti","7 mai 2026 22:20:02 UTC"
"22 avr. 2026 01:26:30 UTC","26991156042","Commande","404-1836406-7124308","305140-PEN-EU-FBM","VIVOSUN Kits de pH-mètre numérique et TDS, 0,01pH haute précision type stylo pH mètre ± 2% précision de lecture 3 en 1 TDS EC pour hydroponie, p","1","amazon.fr","Vendeur","Paris","","75019","MarketplaceFacilitator","24,15","4,83","0","0","0","0","0","0","-4,83","-4,35","0","-0,13","0","19,67","Sorti","7 mai 2026 22:20:02 UTC"
"22 avr. 2026 01:26:30 UTC","26991156042","Commande","404-1836406-7124308","VSE-UH075-EU-M","VIVOSUN AeroStream U075 Humidificateur USB, Humidificateur Mini à Brume Fraîche de 750 ml avec 2 Modes de Brume, Arrêt Automatique, Télécommande","1","amazon.fr","Vendeur","Paris","","75019","MarketplaceFacilitator","30,82","6,17","0","0","0","0","0","0","-6,17","-5,55","0","-0,17","0","25,10","Sorti","7 mai 2026 22:20:02 UTC"
"22 avr. 2026 01:26:34 UTC","26991156042","Commande","408-5544523-7090758","VSGB-5-EU-M","VIVOSUN Lot 5 Sac de Plantation 20L Sacs de Culture Tissu Non Tissé Sac à Plantes 500g/m² Épaisseur, Pots Tissu avec Poignées et Anneaux Polyvale","1","amazon.fr","Vendeur","Givors","","69700","MarketplaceFacilitator","16,32","3,27","0","0","0","0","0","0","-3,27","-2,94","0","-0,09","0","13,29","Sorti","18 mai 2026 22:30:46 UTC"
"22 avr. 2026 01:26:34 UTC","26902793752","Commande","406-5673124-3104347","VSGB-5-EU-M","VIVOSUN Lot 5 Sac de Plantation 20L Sacs de Culture Tissu Non Tissé Sac à Plantes 500g/m² Épaisseur, Pots Tissu avec Poignées et Anneaux Polyvale","1","amazon.fr","Vendeur","57140 Norroy-le-Veneur","france","57140","MarketplaceFacilitator","16,32","3,27","0","0","0","0","0","0","-3,27","-2,94","0","-0,09","0","13,29","Sorti","5 mai 2026 06:27:04 UTC"
"22 avr. 2026 01:26:34 UTC","26902793752","Commande","406-5673124-3104347","VSGB-7-EU-M","VIVOSUN Lot 5 Sac de Plantation 25L Sacs de Culture Tissu Non Tissé Sac à Plantes 500g/m² Épaisseur, Pots Tissu avec Poignées et Anneaux Polyvale","3","amazon.fr","Vendeur","57140 Norroy-le-Veneur","france","57140","MarketplaceFacilitator","54,21","10,86","0","0","0","0","0","0","-10,86","-9,75","0","-0,29","0","44,17","Sorti","5 mai 2026 06:27:04 UTC"
"22 avr. 2026 01:26:37 UTC","26902793752","Commande","402-5435498-9872337","311001-5x5-EU-FBM","VIVOSUN Lot 5 Sac de Plantation 20L Sacs de Culture Tissu Non Tissé Sac à Plantes, Pots Tissu Épais Haute Résistance avec Poignées pour Légumes,","1","amazon.fr","Vendeur","Wesserling","","68470","MarketplaceFacilitator","14,57","2,92","0","0","0","0","0","0","-2,92","-2,62","0","-0,08","0","11,87","Sorti","1 mai 2026 20:39:30 UTC"
"22 avr. 2026 01:26:40 UTC","26902793752","Commande","405-5992870-2550715","311001-5x5-EU-FBM","VIVOSUN Lot 5 Sac de Plantation 20L Sacs de Culture Tissu Non Tissé Sac à Plantes, Pots Tissu Épais Haute Résistance avec Poignées pour Légumes,","2","amazon.fr","Vendeur","Pouillon","","40350","MarketplaceFacilitator","29,14","5,84","0","0","0","0","0","0","-5,84","-5,24","0","-0,16","0","23,74","Sorti","5 mai 2026 22:01:33 UTC"
"22 avr. 2026 01:26:50 UTC","26902793752","Commande","171-8201450-0364302","VSGB-10-EU-M","VIVOSUN Lot 5 Sac de Plantation 40L Sacs de Culture Tissu Non Tissé Sac à Plantes 500g/m² Épaisseur, Pots Tissu avec Poignées et Anneaux Polyvale","1","amazon.fr","Vendeur","VAULX EN VELIN","","69120","MarketplaceFacilitator","20,53","4,11","0","0","0","0","0","0","-4,11","-3,70","0","-0,11","0","16,72","Sorti","2 mai 2026 12:39:36 UTC"
"22 avr. 2026 01:26:55 UTC","26902793752","Commande","403-8949891-7632322","VSGB-10-EU-M","VIVOSUN Lot 5 Sac de Plantation 40L Sacs de Culture Tissu Non Tissé Sac à Plantes 500g/m² Épaisseur, Pots Tissu avec Poignées et Anneaux Polyvale","1","amazon.fr","Vendeur","Fléville devant Nancy","France","54710","MarketplaceFacilitator","20,53","4,11","0","0","0","0","0","0","-4,11","-3,70","0","-0,11","0","16,72","Sorti","2 mai 2026 20:24:11 UTC"
"22 avr. 2026 01:26:58 UTC","26902793752","Commande","406-4640670-9305107","VSF-AWD4x2-EU-FBM","VIVOSUN AeroWave D4 Ventilateur de Culture Oscillant 100mm, Ventilateur à Pince avec Crochet, 3 Vitesses, Flux d'air Puissant & Silencieux, pour Grow","1","amazon.fr","Vendeur","Oytier-Saint-Oblas","","38780","MarketplaceFacilitator","26,66","5,33","0","0","0","0","0","0","-5,33","-4,80","0","-0,14","0","21,72","Sorti","1 mai 2026 23:48:25 UTC"
"22 avr. 2026 08:57:04 UTC","26902793752","Commande","404-5610478-2462744","VG-Y18B-EU","VGrow Tente de Culture Intelligente Tout-en-Un, Système Professionnel Équipé de la Lampe de Culture Samsung LM301H Evo, de Systèmes de Circulation","1","amazon.fr","Amazon","Paris","","75019","MarketplaceFacilitator","666,66","133,33","1,11","0,22","0","0","-1,11","-0,22","-133,33","-120,00","-19,52","-4,19","0","522,95","Sorti","2 mai 2026 15:42:53 UTC"
"22 avr. 2026 10:06:11 UTC","26902793752","Commande","404-7850548-8377149","LH-001-2-EU","VIVOSUN Lot de 2 Cintres Réglables pour Lampe de Culture à Cliquet 1/8 Pouces Cintre en Corde avec Engrenages en Métal Renforcés 8 Pieds. Corde Lo","1","amazon.fr","Amazon","SEBAZAC-CONCOURES","","12740","MarketplaceFacilitator","12,28","2,46","0","0","0","0","0","0","-2,46","-2,21","-4,37","-0,20","0","5,50","Sorti","30 avr. 2026 21:05:28 UTC"
"22 avr. 2026 11:30:18 UTC","26902793752","Commande","404-5610478-2462744","VSI-VGDWC15-EU","Kit de système hydroponique VIVOSUN VGrow DWC, uniquement pour la boîte de culture intelligente VGrow, non compatible avec E42A/A22/A10, non utilis�","1","amazon.fr","Amazon","Paris","","75019","MarketplaceFacilitator","108,32","21,67","1,11","0,22","0","0","-1,11","-0,22","-21,67","0","0","0","0","108,32","Sorti","1 mai 2026 21:56:10 UTC"
"22 avr. 2026 17:03:44 UTC","26902793752","Remboursement","402-7750887-0645922","Spray-SX-CS4-EU","VIVOSUN Pulvérisateur à Pression 4L avec 3 Buses Dont Laiton Réglable, Tuyau 127 cm et Valve de Sécurité pour Désherbage, Traitement des Plantes","1","amazon.fr","Amazon","OREE D""ANJOU","","49270","MarketplaceFacilitator","-26,24","-5,25","0","0","0","0","0","0","5,25","3,78","0","0,14","0","-22,32","Sorti","28 avr. 2026 22:41:57 UTC"
"22 avr. 2026 19:52:36 UTC","26902793752","Transfert","","","Sur le compte se terminant par : 064","","","","","","","","0","0","0","0","0","0","0","0","0","0","0","0","-5 739,46","-5 739,46","Sorti","22 avr. 2026 19:52:36 UTC"
"23 avr. 2026 00:46:37 UTC","26902793752","Commande","404-8664894-2040354","306146-0412-EU","VIVOSUN Filtre à Charbon Actif 100mm pour Contrôle Odeurs Charbon Vierge d'Australie pour Ventilateur en Ligne, Epurateur Odeurs pour Tente de Cultu","1","amazon.fr","Amazon","Beauvoir-sur-Mer","","85230","MarketplaceFacilitator","46,61","9,32","1,11","0,22","0","0","-1,11","-0,22","-9,32","-8,39","-7,01","-0,46","0","30,75","Sorti","1 mai 2026 23:24:42 UTC"
"23 avr. 2026 00:51:58 UTC","26902793752","Commande","405-6672709-5064363","311003-4X2NJ-EU","VIVOSUN Lot de 2 Sécateur de Jardin 17 cm, Poignée Ergonomique, Lame Droite en Acier Inoxydable avec Revêtement en Titane, Poignée Verrouillable,","1","amazon.fr","Amazon","Paris","France","75020","MarketplaceFacilitator","7,57","1,52","0","0","0","0","0","0","-1,52","-1,36","-2,85","-0,13","0","3,23","Sorti","1 mai 2026 20:16:28 UTC"
"23 avr. 2026 01:02:32 UTC","26902793752","Commande","171-8320637-9322703","311001-15x5-EU-M","VIVOSUN Lot 5 Sac de Plantation 60L Sacs de Culture Tissu Non Tissé Sac à Plantes, Pots Tissu Épais Haute Résistance avec Poignées pour Légumes,","1","amazon.fr","Vendeur","esbly","","77450","MarketplaceFacilitator","18,07","3,62","0","0","0","0","0","0","-3,62","-3,25","0","-0,10","0","14,72","Sorti","2 mai 2026 20:47:39 UTC"
"23 avr. 2026 01:02:46 UTC","26991156042","Commande","404-4794408-1857156","311001-15x5-EU-M","VIVOSUN Lot 5 Sac de Plantation 60L Sacs de Culture Tissu Non Tissé Sac à Plantes, Pots Tissu Épais Haute Résistance avec Poignées pour Légumes,","2","amazon.fr","Vendeur","Hede Bazouges","","35630","MarketplaceFacilitator","36,14","7,24","0","0","0","0","0","0","-7,24","-6,50","0","-0,20","0","29,44","Sorti","6 mai 2026 21:08:22 UTC"
"23 avr. 2026 01:02:50 UTC","26902793752","Commande","408-5421387-5557102","311001-15x5-EU-M","VIVOSUN Lot 5 Sac de Plantation 60L Sacs de Culture Tissu Non Tissé Sac à Plantes, Pots Tissu Épais Haute Résistance avec Poignées pour Légumes,","1","amazon.fr","Vendeur","GUIPAVAS","","29490","MarketplaceFacilitator","18,07","3,62","0","0","0","0","0","0","-3,62","-3,25","0","-0,10","0","14,72","Sorti","2 mai 2026 20:27:53 UTC"
"23 avr. 2026 01:02:50 UTC","26991156042","Commande","171-7266072-0775540","311001-3x5-EU","VIVOSUN Lot 5 Sac de Plantation 12L Sacs de Culture Tissu Non Tissé, Pots Tissu Épais Haute Résistance avec Poignées pour Légumes, Fleurs, Fruits","1","amazon.fr","Vendeur","PARIS","","75019","MarketplaceFacilitator","12,82","2,57","0","0","0","0","0","0","-2,57","-2,31","0","-0,07","0","10,44","Sorti","11 mai 2026 17:29:08 UTC"
"23 avr. 2026 01:02:55 UTC","26902793752","Commande","405-7555938-5455554","311001-5x5-EU-FBM","VIVOSUN Lot 5 Sac de Plantation 20L Sacs de Culture Tissu Non Tissé Sac à Plantes, Pots Tissu Épais Haute Résistance avec Poignées pour Légumes,","2","amazon.fr","Vendeur","Faverolles Les Lucey","","21290","MarketplaceFacilitator","29,14","5,84","0","0","0","0","0","0","-5,84","-5,24","0","-0,16","0","23,74","Sorti","5 mai 2026 23:08:14 UTC"
"23 avr. 2026 01:03:05 UTC","26902793752","Commande","407-0525352-0147547","VSGB-10-EU-M","VIVOSUN Lot 5 Sac de Plantation 40L Sacs de Culture Tissu Non Tissé Sac à Plantes 500g/m² Épaisseur, Pots Tissu avec Poignées et Anneaux Polyvale","1","amazon.fr","Vendeur","Douai","","59500","MarketplaceFacilitator","28,32","5,67","0","0","0","0","0","0","-5,67","-5,10","0","-0,15","0","23,07","Sorti","2 mai 2026 20:57:37 UTC"
"23 avr. 2026 01:07:20 UTC","26902793752","Commande","171-6394098-8607518","VSL-T5B2WC4-EU-FBM","VIVOSUN Lampe LED T5 60 cm pour Plantes, 5000K Spectre Complet, 60W (4x15W) avec minuterie et variateur, éclairage pour semis, hydroponie et Plantes","1","amazon.fr","Vendeur","Le Mans","","72000","MarketplaceFacilitator","43,32","8,67","0","0","0","0","0","0","-8,67","-7,80","0","-0,23","0","35,29","Sorti","4 mai 2026 06:10:18 UTC"
"23 avr. 2026 01:07:47 UTC","26991156042","Commande","408-2006071-9717960","VSGB-5-EU-M","VIVOSUN Lot 5 Sac de Plantation 20L Sacs de Culture Tissu Non Tissé Sac à Plantes 500g/m² Épaisseur, Pots Tissu avec Poignées et Anneaux Polyvale","1","amazon.fr","Vendeur","St Symphorien Sur Coise","","69590","MarketplaceFacilitator","16,32","3,27","0","0","0","0","0","0","-3,27","-2,94","0","-0,09","0","13,29","Sorti","16 mai 2026 20:34:50 UTC"
"23 avr. 2026 04:18:15 UTC","26902793752","Commande","404-6538777-7885948","304113-55-EU","VIVOSUN Tente de Culture 150x150x200cm, Tente Hydroponique Intérieure Lumière-Proof avec Mylar Réfléchissant, Fenêtre D'observation, Bac de Fond,","1","amazon.fr","Amazon","L Isle En Dodon","","31230","MarketplaceFacilitator","114,99","23,00","1,11","0,22","0","0","-1,11","-0,22","-23,00","-20,70","-38,58","-1,78","0","53,93","Sorti","4 mai 2026 22:11:46 UTC"
"23 avr. 2026 04:23:09 UTC","26902793752","Commande","171-8619255-5194701","304113-55-EU","VIVOSUN Tente de Culture 150x150x200cm, Tente Hydroponique Intérieure Lumière-Proof avec Mylar Réfléchissant, Fenêtre D'observation, Bac de Fond,","1","amazon.fr","Amazon","Goualade","","33840","MarketplaceFacilitator","114,99","23,00","3,32","0,67","0","0","0","0","-23,67","-20,70","-41,93","-1,88","0","53,80","Sorti","4 mai 2026 23:08:59 UTC"
"23 avr. 2026 12:08:40 UTC","26902793752","Remboursement","403-9560229-4646700","311003-4-EU","VIVOSUN Sécateur de Jardin 17 cm, Poignée Ergonomique, Lame Droite Acier Inoxydable, Lame Antiadhésive Revêtue Titane, Poignée Verrouillable, Con","1","amazon.fr","Amazon","Lillers","","62190","MarketplaceFacilitator","-11,66","-2,33","-1,11","-0,22","0","0","1,11","0,22","2,33","1,68","0","0,06","0","-9,92","Sorti","23 avr. 2026 12:08:40 UTC"
"23 avr. 2026 19:07:08 UTC","26902793752","Commande","405-5374291-8294714","311003-4-EU","VIVOSUN Sécateur de Jardin 17 cm, Poignée Ergonomique, Lame Droite Acier Inoxydable, Lame Antiadhésive Revêtue Titane, Poignée Verrouillable, Con","1","amazon.fr","Amazon","Craywick","","59279","MarketplaceFacilitator","6,66","1,33","0","0","0","0","0","0","-1,33","-1,20","-2,83","-0,12","0","2,51","Sorti","1 mai 2026 22:06:59 UTC"
"23 avr. 2026 22:03:23 UTC","26902793752","Commande","403-6445752-6930769","311003-4-EU","VIVOSUN Sécateur de Jardin 17 cm, Poignée Ergonomique, Lame Droite Acier Inoxydable, Lame Antiadhésive Revêtue Titane, Poignée Verrouillable, Con","1","amazon.fr","Amazon","LABASTIDE CLERMONT","","31370","MarketplaceFacilitator","6,66","1,33","0","0","0","0","0","0","-1,33","-1,20","-2,83","-0,12","0","2,51","Sorti","3 mai 2026 00:06:13 UTC"
"23 avr. 2026 22:11:03 UTC","26902793752","Commande","402-6689885-3359506","311003-4-EU","VIVOSUN Sécateur de Jardin 17 cm, Poignée Ergonomique, Lame Droite Acier Inoxydable, Lame Antiadhésive Revêtue Titane, Poignée Verrouillable, Con","1","amazon.fr","Amazon","Charbonnieres Les Bains","","69260","MarketplaceFacilitator","6,66","1,33","0","0","0","0","0","0","-1,33","-1,20","-2,83","-0,12","0","2,51","Sorti","1 mai 2026 21:14:53 UTC"
"24 avr. 2026 00:16:01 UTC","26902793752","Commande","403-8183264-1537907","306146-0412-EU","VIVOSUN Filtre à Charbon Actif 100mm pour Contrôle Odeurs Charbon Vierge d'Australie pour Ventilateur en Ligne, Epurateur Odeurs pour Tente de Cultu","1","amazon.fr","Amazon","Gennes-sur-Seiche","","35370","MarketplaceFacilitator","46,61","9,32","0","0","0","0","0","0","-9,32","-8,39","-7,01","-0,46","0","30,75","Sorti","4 mai 2026 23:54:48 UTC"
"24 avr. 2026 00:56:15 UTC","26902793752","Commande","403-0576752-8351558","VSGB-5-EU-M","VIVOSUN Lot 5 Sac de Plantation 20L Sacs de Culture Tissu Non Tissé Sac à Plantes 500g/m² Épaisseur, Pots Tissu avec Poignées et Anneaux Polyvale","1","amazon.fr","Vendeur","Lege Cap Ferret","","33950","MarketplaceFacilitator","16,32","3,27","0","0","0","0","0","0","-3,27","-2,94","0","-0,09","0","13,29","Sorti","5 mai 2026 22:13:04 UTC"
"24 avr. 2026 00:56:52 UTC","26902793752","Commande","404-7745153-9125934","VSGB-3-EU-M","VIVOSUN Lot 5 Sac de Plantation 12L Sacs de Culture Tissu Non Tissé Sac à Plantes 500g/m² Épaisseur, Pots Tissu avec Poignées et Anneaux Polyvale","1","amazon.fr","Vendeur","","","","MarketplaceFacilitator","15,16","3,03","0","0","0","0","0","0","-3,03","-2,73","0","-0,08","0","12,35","Sorti","5 mai 2026 22:55:43 UTC"
"24 avr. 2026 00:58:11 UTC","26902793752","Commande","403-4945269-2193958","304113-NEW-3018-EU","VIVOSUN Tente de Culture 75x45x90cm, Tente de Croissance Intérieure en Mylar Hautement Réfléchissant avec Fenêtre D'observation et Bac de Fond pou","1","amazon.fr","Vendeur","Palavas-les-Flots","","34250","MarketplaceFacilitator","74,99","15,00","0","0","0","0","0","0","-15,00","-13,50","0","-0,41","0","61,08","Sorti","5 mai 2026 19:34:08 UTC"
"24 avr. 2026 01:53:56 UTC","26902793752","Commande","408-5088966-5729100","VSH-IS03-EU","VIVOSUN Kits D'irrigation Goutte à Goutte Automatique Solaire avec Minuterie, Sortie 3W, Système D'irrigation Goutte Energie Solaire, Système D'arr","1","amazon.fr","Amazon","Frederic Fontaine","","70200","MarketplaceFacilitator","21,65","4,33","0","0","0","0","0","0","-4,33","-3,90","-6,06","-0,30","0","11,39","Sorti","1 mai 2026 20:51:04 UTC"
"24 avr. 2026 08:19:01 UTC","26902793752","Commande","407-1792702-2877135","TN-55-EU","VIVOSUN Lot de 5 filets de treillis élastiques avec 4 crochets pour plantes grimpantes, légumes, fruits et fleurs","1","amazon.fr","Amazon","Saint-Jean-du-Cardonnay","Normandie","76150","MarketplaceFacilitator","15,82","3,17","1,11","0,22","0","0","-1,11","-0,22","-3,17","-2,85","-4,78","-0,23","0","7,96","Sorti","3 mai 2026 19:35:57 UTC"
"24 avr. 2026 09:05:33 UTC","26991156042","Commande","171-1423051-8380367","VSGB-3-EU-M","VIVOSUN Lot 5 Sac de Plantation 12L Sacs de Culture Tissu Non Tissé Sac à Plantes 500g/m² Épaisseur, Pots Tissu avec Poignées et Anneaux Polyvale","1","amazon.fr","Vendeur","Sartrouville","Yveslines","78500","MarketplaceFacilitator","15,16","3,03","0","0","0","0","0","0","-3,03","-2,73","0","-0,08","0","12,35","Sorti","6 mai 2026 23:48:49 UTC"
"24 avr. 2026 09:47:24 UTC","26902793752","Commande","407-6692268-1136301","311001-25x5-EU-M","VIVOSUN Lot 5 Sac de Plantation 95L Sacs de Culture Tissu Non Tissé Sac à Plantes, Pots Tissu Épais Haute Résistance avec Poignées pour Légumes,","2","amazon.fr","Vendeur","Montcuq-en-Quercy-Blanc","","46800","MarketplaceFacilitator","41,98","8,40","0","0","0","0","0","0","-8,40","-7,56","0","-0,23","0","34,19","Sorti","5 mai 2026 07:01:42 UTC"
"24 avr. 2026 10:49:45 UTC","26902793752","Commande","171-6088536-1860360","311003-4X3NJ-EU","VIVOSUN Lot de 3 Sécateur de Jardin 17 cm, Poignée Ergonomique, Lame Droite en Acier Inoxydable avec Revêtement en Titane, Poignée Verrouillable,","1","amazon.fr","Amazon","St Laurent de la Salle","","85410","MarketplaceFacilitator","11,07","2,22","0","0","0","0","0","0","-2,22","-1,73","-4,37","-0,18","0","4,79","Sorti","2 mai 2026 22:40:54 UTC"
"24 avr. 2026 12:09:17 UTC","26902793752","Commande","403-3555204-1130706","VSF-AWE6-G2x2-EU","VIVOSUN Ventilateur de Culture Oscillant, Ventilateur à Pince 150mm, Contrôle Par APP Wi-Fi Intelligent, 10 Vitesses & 2 Modes, Circulateur d'Air po","1","amazon.fr","Amazon","Villiers sur orge","","91700","MarketplaceFacilitator","90,82","18,17","0","0","0","0","0","0","-18,17","-16,35","-7,72","-0,72","0","66,03","Sorti","2 mai 2026 21:38:10 UTC"
"24 avr. 2026 17:59:02 UTC","26902793752","Commande","405-8385206-6868351","306143-0616-EU","VIVOSUN Filtre à Charbon Actif 150mm Filtre à Charbon avec Préfiltre et Bride Réversible Filtre Charbon Purificateur d'Air pour Ventilateur en Lig","1","amazon.fr","Amazon","Belleau","","02400","MarketplaceFacilitator","58,32","11,67","0","0","0","0","0","0","-11,67","-10,50","-8,11","-0,56","0","39,15","Sorti","2 mai 2026 22:04:12 UTC"
"25 avr. 2026 00:52:18 UTC","26991156042","Commande","408-9089255-2620306","VSGB-5-EU-M","VIVOSUN Lot 5 Sac de Plantation 20L Sacs de Culture Tissu Non Tissé Sac à Plantes 500g/m² Épaisseur, Pots Tissu avec Poignées et Anneaux Polyvale","1","amazon.fr","Vendeur","Paris","","75020","MarketplaceFacilitator","16,32","3,27","0","0","0","0","0","0","-3,27","-2,94","0","-0,09","0","13,29","Sorti","9 mai 2026 23:28:36 UTC"
"25 avr. 2026 00:52:21 UTC","26991156042","Commande","404-0367872-8727502","311001-10x5-EU-M","VIVOSUN Lot 5 Sac de Plantation 40L Sacs de Culture Tissu Non Tissé Sac à Plantes, Pots Tissu Épais Haute Résistance avec Poignées pour Légumes,","1","amazon.fr","Vendeur","Château-Thierry","","02400","MarketplaceFacilitator","16,91","3,38","0","0","0","0","0","0","-3,38","-3,04","0","-0,09","0","13,78","Sorti","7 mai 2026 12:18:04 UTC"
"25 avr. 2026 00:52:40 UTC","26991156042","Commande","403-1247628-8637110","311001-5x5-EU-FBM","VIVOSUN Lot 5 Sac de Plantation 20L Sacs de Culture Tissu Non Tissé Sac à Plantes, Pots Tissu Épais Haute Résistance avec Poignées pour Légumes,","1","amazon.fr","Vendeur","saint privat des vieux","","30340","MarketplaceFacilitator","14,57","2,92","0","0","0","0","0","0","-2,92","-2,62","0","-0,08","0","11,87","Sorti","9 mai 2026 22:39:54 UTC"
"25 avr. 2026 00:52:55 UTC","26991156042","Commande","408-9887934-4747516","VSGB-15-EU-M","VIVOSUN Lot 5 Sac de Plantation 60L Sacs de Culture Tissu Non Tissé Sac à Plantes 500g/m² Épaisseur, Pots Tissu avec Poignées et Anneaux Polyvale","1","amazon.fr","Vendeur","Gaillac","","81600","MarketplaceFacilitator","20,99","4,20","0","0","0","0","0","0","-4,20","-3,78","0","-0,11","0","17,10","Sorti","7 mai 2026 12:26:43 UTC"
"25 avr. 2026 00:53:09 UTC","26991156042","Commande","405-3032806-2378764","VSE-ASH05-EU-M","VIVOSUN Humidificateur D'Air pour Plantes 5L Humidificateur Intelligent Plantes, Aerostream H05 24DB Silencieux Brume Fraîche 360° 50H Remplissage F","1","amazon.fr","Vendeur","Ailly sur noye","","80250","MarketplaceFacilitator","70,82","14,17","0","0","0","0","0","0","-14,17","-12,75","0","-0,38","0","57,69","Sorti","6 mai 2026 20:30:39 UTC"
"25 avr. 2026 00:55:49 UTC","26991156042","Commande","407-9381745-2732300","VSE-ASH19-EU-M","VIVOSUN Aerostream H19 Humidificateur Écologique Intelligent de 19 L avec Sonde de Température et D'Humidité, Panneau de Contrôle Supérieur, Tél","1","amazon.fr","Vendeur","Sainte-Foy-lès-Lyon","","69110","MarketplaceFacilitator","146,66","29,33","0","0","0","0","0","0","-29,33","-26,40","0","-0,79","0","119,47","Sorti","7 mai 2026 07:25:15 UTC"
"25 avr. 2026 00:55:51 UTC","26991156042","Commande","405-7344734-1741927","311001-10x5-EU-M","VIVOSUN Lot 5 Sac de Plantation 40L Sacs de Culture Tissu Non Tissé Sac à Plantes, Pots Tissu Épais Haute Résistance avec Poignées pour Légumes,","1","amazon.fr","Vendeur","Bruges","","33520","MarketplaceFacilitator","16,91","3,38","0","0","0","0","0","0","-3,38","-3,04","0","-0,09","0","13,78","Sorti","9 mai 2026 22:29:38 UTC"
"25 avr. 2026 00:55:51 UTC","26991156042","Commande","405-7344734-1741927","311001-3x5-EU","VIVOSUN Lot 5 Sac de Plantation 12L Sacs de Culture Tissu Non Tissé, Pots Tissu Épais Haute Résistance avec Poignées pour Légumes, Fleurs, Fruits","2","amazon.fr","Vendeur","Bruges","","33520","MarketplaceFacilitator","25,64","5,14","0","0","0","0","0","0","-5,14","-4,62","0","-0,14","0","20,88","Sorti","9 mai 2026 22:29:38 UTC"
"25 avr. 2026 00:55:52 UTC","26991156042","Commande","402-5366993-6117923","332572-EU-M","VIVOSUN Pompe Submersible 800 GPH (3000 l/h, 24W), Pompe à Eau Ultra Silencieuse 3m Hauteur de Refoulement avec 2m Cordon D'alimentation et 3 Buses p","1","amazon.fr","Vendeur","St Remy L Honore","","78690","MarketplaceFacilitator","24,99","5,00","0","0","0","0","0","0","-5,00","-4,50","0","-0,14","0","20,35","Sorti","7 mai 2026 22:09:40 UTC"
"25 avr. 2026 00:55:52 UTC","26991156042","Commande","404-9058474-7820302","311001-7x5-EU-M","VIVOSUN Lot 5 Sac de Plantation 25L Sacs de Culture Tissu Non Tissé Sac à Plantes, Pots Tissu Épais Haute Résistance avec Poignées pour Légumes,","1","amazon.fr","Vendeur","La Bastide Sur L Hers","","09600","MarketplaceFacilitator","15,74","3,15","0","0","0","0","0","0","-3,15","-2,83","0","-0,08","0","12,83","Sorti","7 mai 2026 21:01:47 UTC"
"25 avr. 2026 01:05:07 UTC","26991156042","Commande","405-8041345-2420311","VSFW001-Black-ZY-EU-M","VIVOSUN Chariot Pliable XXL 200L à Grandes Roues Capacité 160kg, Roues Silencieuses, Porte-Gobelets, Poches Latérales et Poignée Réglable pour Pl","1","amazon.fr","Vendeur","Entraigues Sur La Sorgue","","84320","MarketplaceFacilitator","66,66","13,33","0","0","0","0","0","0","-13,33","-10,40","0","-0,31","0","55,95","Sorti","6 mai 2026 19:29:55 UTC"
"25 avr. 2026 05:22:22 UTC","26991156042","Commande","404-0257539-0085930","333101-G2J-EU","VIVOSUN Lot de 2 verres d'intérieur hydroponique LED pour salle de culture avec étui à lunettes","1","amazon.fr","Vendeur","Paris","","75019","MarketplaceFacilitator","23,32","4,67","0","0","0","0","0","0","-4,67","-4,20","0","-0,13","0","18,99","Sorti","8 mai 2026 00:14:22 UTC"
"25 avr. 2026 12:28:50 UTC","26902793752","Remboursement","403-8431507-9622723","306146-0412-EU","VIVOSUN Filtre à Charbon Actif 100mm pour Contrôle Odeurs Charbon Vierge d'Australie pour Ventilateur en Ligne, Epurateur Odeurs pour Tente de Cultu","1","amazon.fr","Amazon","VILLEY ST ETIENNE","","54200","MarketplaceFacilitator","-46,61","-9,32","0","0","0","0","0","0","9,32","6,71","0","0,25","0","-39,65","Sorti","26 avr. 2026 20:59:19 UTC"
"25 avr. 2026 12:55:59 UTC","26991156042","Commande","404-5118660-4270717","GH-E25-EU-FBM","VIVOSUN Growhub E25 Noir Driver WiFi pour Éclairage et Ventilation de Tente de Culture, Support pour Appareils SGS, Plug and Play, Extension à Growh","1","amazon.fr","Vendeur","SEBAZAC-CONCOURES","","12740","MarketplaceFacilitator","22,49","4,50","0","0","0","0","0","0","-4,50","-4,05","0","-0,12","0","18,32","Sorti","7 mai 2026 00:01:09 UTC"
"25 avr. 2026 12:55:59 UTC","26991156042","Commande","404-5118660-4270717","VS-THB1S-EU-FBM","VIVOSUN AeroLab THB1 Thermomètre Hygromètre Bluetooth sans Fil Moniteur de Température Intelligent VPD Humidimètre Numérique Télécommande&Alert","1","amazon.fr","Vendeur","SEBAZAC-CONCOURES","","12740","MarketplaceFacilitator","21,66","4,33","0","0","0","0","0","0","-4,33","-3,38","0","-0,10","0","18,18","Sorti","7 mai 2026 00:01:09 UTC"
"26 avr. 2026 01:52:47 UTC","26991156042","Commande","407-8506110-4599519","311001-5x5-EU-FBM","VIVOSUN Lot 5 Sac de Plantation 20L Sacs de Culture Tissu Non Tissé Sac à Plantes, Pots Tissu Épais Haute Résistance avec Poignées pour Légumes,","2","amazon.fr","Vendeur","VILLECRESNES","","94440","MarketplaceFacilitator","29,14","5,84","0","0","0","0","0","0","-5,84","-5,24","0","-0,16","0","23,74","Sorti","9 mai 2026 06:22:16 UTC"
"26 avr. 2026 01:53:01 UTC","26991156042","Commande","402-7614156-3237135","VSE-UH075-EU-M","VIVOSUN AeroStream U075 Humidificateur USB, Humidificateur Mini à Brume Fraîche de 750 ml avec 2 Modes de Brume, Arrêt Automatique, Télécommande","1","amazon.fr","Vendeur","Toulon","","83100","MarketplaceFacilitator","30,82","6,17","0","0","0","0","0","0","-6,17","-5,55","0","-0,17","0","25,10","Sorti","7 mai 2026 20:43:27 UTC"
"26 avr. 2026 01:55:57 UTC","26991156042","Commande","406-2390250-3613151","VSE-ASH05-EU-M","VIVOSUN Humidificateur D'Air pour Plantes 5L Humidificateur Intelligent Plantes, Aerostream H05 24DB Silencieux Brume Fraîche 360° 50H Remplissage F","1","amazon.fr","Vendeur","Argenteuil","","95100","MarketplaceFacilitator","70,82","14,17","0","0","0","0","0","0","-14,17","-12,75","0","-0,38","0","57,69","Sorti","6 mai 2026 07:36:41 UTC"
"26 avr. 2026 01:56:17 UTC","26991156042","Commande","407-2418582-0439526","LH-001-2-EU-M","VIVOSUN Lot de 2 Cintres Réglables pour Lampe de Culture à Cliquet 1/8 Pouces Cintre en Corde avec Engrenages en Métal Renforcés 8 Pieds. Corde Lo","2","amazon.fr","Vendeur","Lons","","64140","MarketplaceFacilitator","21,64","4,34","0","0","0","0","0","0","-4,34","-3,90","0","-0,12","0","17,62","Sorti","12 mai 2026 00:23:29 UTC"
"26 avr. 2026 01:56:52 UTC","26991156042","Commande","407-2046920-1732361","311001-10x5-EU-M","VIVOSUN Lot 5 Sac de Plantation 40L Sacs de Culture Tissu Non Tissé Sac à Plantes, Pots Tissu Épais Haute Résistance avec Poignées pour Légumes,","5","amazon.fr","Vendeur","Toulon","","83200","MarketplaceFacilitator","84,55","16,90","0","0","0","0","0","0","-16,90","-15,20","0","-0,46","0","68,89","Sorti","6 mai 2026 16:21:46 UTC"
"26 avr. 2026 01:59:26 UTC","26991156042","Commande","403-0026261-9107568","311001-15x5-EU-M","VIVOSUN Lot 5 Sac de Plantation 60L Sacs de Culture Tissu Non Tissé Sac à Plantes, Pots Tissu Épais Haute Résistance avec Poignées pour Légumes,","1","amazon.fr","Vendeur","La Haye","","50250","MarketplaceFacilitator","18,07","3,62","0","0","0","0","0","0","-3,62","-3,25","0","-0,10","0","14,72","Sorti","7 mai 2026 22:57:44 UTC"
"26 avr. 2026 02:00:13 UTC","26991156042","Commande","407-0075051-3251508","311001-5x5-EU-FBM","VIVOSUN Lot 5 Sac de Plantation 20L Sacs de Culture Tissu Non Tissé Sac à Plantes, Pots Tissu Épais Haute Résistance avec Poignées pour Légumes,","1","amazon.fr","Vendeur","Yvre Le Polin","","72330","MarketplaceFacilitator","14,57","2,92","0","0","0","0","0","0","-2,92","-2,62","0","-0,08","0","11,87","Sorti","9 mai 2026 21:18:38 UTC"
"26 avr. 2026 02:34:24 UTC","26991156042","Commande","403-6721687-9393923","305130-PEN-EU-M","VIVOSUN Lot de pH-mètre et TDS mètre, pH-mètre de type stylo de haute précision 0,05 ph, TDS-mètre 3-en-1 (TDS, EC, et température) à précisio","1","amazon.fr","Vendeur","Nantes","","44000","MarketplaceFacilitator","18,32","3,67","0","0","0","0","0","0","-3,67","-3,30","0","-0,10","0","14,92","Sorti","6 mai 2026 15:43:05 UTC"
"26 avr. 2026 05:25:22 UTC","26902793752","Remboursement","404-2706673-3062752","LED-100-EU-M","VIVOSUN VS1000 Lampe de Croissance LED avec diodes Samsung LM301 et Pilote Sosen à intensité Variable Spectre Complet pour Plantes d'intérieur semi","1","amazon.fr","Vendeur","peynier","","13790","","0","0","0","0","0","0","0","0","0","0","0","0","-27,00","-27,00","Sorti","26 avr. 2026 05:25:22 UTC"
"26 avr. 2026 08:09:40 UTC","26902793752","Ajustement","","306143-0820-EU","Remboursement Stock Expédié par Amazon - Perdu:entrepôt","1","","","","","","","0","0","0","0","0","0","0","0","0","0","0","0","23,94","23,94","Sorti","26 avr. 2026 08:09:40 UTC"
"26 avr. 2026 13:29:22 UTC","26902793752","Remboursement","406-1150321-9269966","311001-5x5-EU-FBM","VIVOSUN Lot 5 Sac de Plantation 20L Sacs de Culture Tissu Non Tissé Sac à Plantes, Pots Tissu Épais Haute Résistance avec Poignées pour Légumes,","1","amazon.fr","Vendeur","Le Lavandou","","83980","MarketplaceFacilitator","-14,57","-2,92","0","0","0","0","0","0","2,92","2,10","0","0,08","0","-12,39","Sorti","26 avr. 2026 13:29:22 UTC"
"26 avr. 2026 15:16:58 UTC","26902793752","Commande","171-6273430-5354705","LH-001-EU","VIVOSUN 1 paire de cintres réglables de 0,3 cm pour lampe de culture, corde de suspension robuste avec engrenages métalliques renforcés, 2,4 m de l","2","amazon.fr","Amazon","St Hilaire","","38660","MarketplaceFacilitator","17,60","3,52","0","0","0","0","0","0","-5,28","-4,74","-8,75","-0,40","0","1,95","Sorti","4 mai 2026 19:06:10 UTC"
"26 avr. 2026 15:16:58 UTC","26902793752","Commande","171-6273430-5354705","LH-001-EU","VIVOSUN 1 paire de cintres réglables de 0,3 cm pour lampe de culture, corde de suspension robuste avec engrenages métalliques renforcés, 2,4 m de l","1","amazon.fr","Amazon","St Hilaire","","38660","","8,80","1,76","0","0","0","0","0","0","0","0","-4,37","-0,13","0","6,06","Sorti","4 mai 2026 19:06:10 UTC"
"26 avr. 2026 20:39:47 UTC","26902793752","Commande","402-0412112-5487542","VSH-IS03-EU","VIVOSUN Kits D'irrigation Goutte à Goutte Automatique Solaire avec Minuterie, Sortie 3W, Système D'irrigation Goutte Energie Solaire, Système D'arr","1","amazon.fr","Amazon","Bannalec","","29380","MarketplaceFacilitator","21,65","4,33","0","0","0","0","0","0","-4,33","-3,90","-6,06","-0,30","0","11,39","Sorti","5 mai 2026 19:38:12 UTC"
"27 avr. 2026 01:41:00 UTC","26991156042","Commande","407-3162199-1623531","VSF-AWE6-G2-EU-M","VIVOSUN Ventilateur de Culture Oscillant, Ventilateur à Pince 150mm, Contrôle Par APP Wi-Fi Intelligent, 10 Vitesses & 2 Modes, Circulateur d'Air po","1","amazon.fr","Vendeur","mulhouse","","68100","MarketplaceFacilitator","49,99","10,00","0","0","0","0","0","0","-10,00","-9,00","0","-0,27","0","40,72","Sorti","6 mai 2026 07:48:13 UTC"
"27 avr. 2026 01:41:26 UTC","26991156042","Commande","402-2941210-2517130","311001-20x5-EU-M","VIVOSUN Lot 5 Sac de Plantation 80L Sacs de Culture Tissu Non Tissé Sac à Plantes, Pots Tissu Épais Haute Résistance avec Poignées pour Légumes,","1","amazon.fr","Vendeur","Notre-Dame-de-Vaulx","","38144","MarketplaceFacilitator","19,24","3,85","0","0","0","0","0","0","-3,85","-3,46","0","-0,10","0","15,68","Sorti","7 mai 2026 06:11:24 UTC"
"27 avr. 2026 01:43:31 UTC","26902793752","Commande","405-6756062-1382731","332021-EU-M","VIVOSUN Loupe de bijoutier pliable avec lumière LED pour bijoux, pierres précieuses, montres, pièces de monnaie, timbres, antiquités Blanc","1","amazon.fr","Vendeur","Saint-Quentin","","02100","MarketplaceFacilitator","11,66","2,33","0","0","0","0","0","0","-2,33","-1,12","0","-0,03","0","10,51","Différé",
"27 avr. 2026 01:43:46 UTC","26991156042","Commande","171-3781060-4576363","311001-7x5-EU-M","VIVOSUN Lot 5 Sac de Plantation 25L Sacs de Culture Tissu Non Tissé Sac à Plantes, Pots Tissu Épais Haute Résistance avec Poignées pour Légumes,","2","amazon.fr","Vendeur","chavanoz","rhone alpes","38230","MarketplaceFacilitator","31,48","6,30","0","0","0","0","0","0","-6,30","-5,66","0","-0,17","0","25,65","Sorti","12 mai 2026 14:11:13 UTC"
"27 avr. 2026 01:43:48 UTC","26991156042","Commande","403-7267974-3946732","VSGB-5-EU-M","VIVOSUN Lot 5 Sac de Plantation 20L Sacs de Culture Tissu Non Tissé Sac à Plantes 500g/m² Épaisseur, Pots Tissu avec Poignées et Anneaux Polyvale","1","amazon.fr","Vendeur","Lege Cap Ferret","","33950","MarketplaceFacilitator","16,32","3,27","0","0","0","0","0","0","-3,27","-2,94","0","-0,09","0","13,29","Sorti","9 mai 2026 23:33:25 UTC"
"27 avr. 2026 01:44:12 UTC","26991156042","Commande","403-5776630-2055531","VSGB-5-EU-M","VIVOSUN Lot 5 Sac de Plantation 20L Sacs de Culture Tissu Non Tissé Sac à Plantes 500g/m² Épaisseur, Pots Tissu avec Poignées et Anneaux Polyvale","1","amazon.fr","Vendeur","Marseille","","13004","MarketplaceFacilitator","16,32","3,27","0","0","0","0","0","0","-3,27","-2,94","0","-0,09","0","13,29","Sorti","11 mai 2026 13:15:11 UTC"
"27 avr. 2026 01:44:18 UTC","26991156042","Commande","407-3674340-0426703","311001-15x5-EU-M","VIVOSUN Lot 5 Sac de Plantation 60L Sacs de Culture Tissu Non Tissé Sac à Plantes, Pots Tissu Épais Haute Résistance avec Poignées pour Légumes,","1","amazon.fr","Vendeur","Villenoy","","77124","MarketplaceFacilitator","18,07","3,62","0","0","0","0","0","0","-3,62","-3,25","0","-0,10","0","14,72","Sorti","6 mai 2026 08:17:11 UTC"
"27 avr. 2026 02:58:07 UTC","26991156042","Commande","406-3065063-9266751","311003-4X2NJ-EU","VIVOSUN Lot de 2 Sécateur de Jardin 17 cm, Poignée Ergonomique, Lame Droite en Acier Inoxydable avec Revêtement en Titane, Poignée Verrouillable,","1","amazon.fr","Amazon","Soustons","","40140","MarketplaceFacilitator","7,57","1,52","0","0","0","0","0","0","-1,52","-1,36","-2,85","-0,13","0","3,23","Sorti","6 mai 2026 20:06:03 UTC"
"27 avr. 2026 03:17:08 UTC","26902793752","Commande","406-5682008-6730760","311003-4-EU","VIVOSUN Sécateur de Jardin 17 cm, Poignée Ergonomique, Lame Droite Acier Inoxydable, Lame Antiadhésive Revêtue Titane, Poignée Verrouillable, Con","1","amazon.fr","Amazon","Roquefort Les Pins","","06330","MarketplaceFacilitator","6,66","1,33","0","0","0","0","0","0","-1,33","-1,20","-2,83","-0,12","0","2,51","Sorti","5 mai 2026 22:08:49 UTC"
"27 avr. 2026 06:47:40 UTC","26991156042","Commande","408-2502987-4491560","304113-55-EU","VIVOSUN Tente de Culture 150x150x200cm, Tente Hydroponique Intérieure Lumière-Proof avec Mylar Réfléchissant, Fenêtre D'observation, Bac de Fond,","1","amazon.fr","Amazon","Cheu","","89600","MarketplaceFacilitator","111,16","22,23","0","0","0","0","0","0","-22,23","-20,01","-38,58","-1,76","0","50,81","Sorti","6 mai 2026 21:04:56 UTC"
"27 avr. 2026 09:21:35 UTC","26902793752","Commande","407-1499329-4279536","311003-4-EU","VIVOSUN Sécateur de Jardin 17 cm, Poignée Ergonomique, Lame Droite Acier Inoxydable, Lame Antiadhésive Revêtue Titane, Poignée Verrouillable, Con","1","amazon.fr","Amazon","Garnat sur engievre","","03230","MarketplaceFacilitator","6,66","1,33","0","0","0","0","0","0","-1,33","-1,20","-2,83","-0,12","0","2,51","Sorti","5 mai 2026 21:37:53 UTC"
"27 avr. 2026 11:36:01 UTC","26991156042","Remboursement","407-6554060-5689921","304113-55-EU","VIVOSUN Tente de Culture 150x150x200cm, Tente Hydroponique Intérieure Lumière-Proof avec Mylar Réfléchissant, Fenêtre D'observation, Bac de Fond,","1","amazon.fr","Amazon","Grand-Couronne","FR","76530","","-114,99","0","0","0","0","0","0","0","0","16,56","0","0,62","0","-97,81","Sorti","16 mai 2026 04:49:58 UTC"
"27 avr. 2026 12:42:26 UTC","26991156042","Commande","402-5202393-1181941","VSI-FFD2-EU","VIVOSUN Flexfeed Kit D'Irrigation Goutte Système D'Irrigation Automatique 4 W avec Pompe et 4 Émetteurs, Kit D'Arrosage Professionnel Contrôlable p","1","amazon.fr","Amazon","Barjac","","30430","MarketplaceFacilitator","21,66","4,33","0","0","0","0","0","0","-4,33","-3,90","-4,79","-0,26","0","12,71","Sorti","7 mai 2026 18:19:35 UTC"
"27 avr. 2026 21:37:27 UTC","26991156042","Commande","406-1564386-4445931","330301-EU","VIVOSUN Tapis Chauffant pour Semis 25x52cm, avec Régulateur de Température Intégré, Tapis Chauffant étanche Certifié UL et MET pour Intérieur S","1","amazon.fr","Amazon","Paris","","75011","MarketplaceFacilitator","32,49","6,50","0","0","0","0","0","0","-6,50","-5,85","-5,88","-0,36","0","20,40","Sorti","7 mai 2026 20:56:33 UTC"
"28 avr. 2026 00:52:56 UTC","26902793752","Commande","403-8416370-3229912","311003-4-EU","VIVOSUN Sécateur de Jardin 17 cm, Poignée Ergonomique, Lame Droite Acier Inoxydable, Lame Antiadhésive Revêtue Titane, Poignée Verrouillable, Con","1","amazon.fr","Amazon","Criel-sur-Mer","","76910","MarketplaceFacilitator","6,66","1,33","0","0","0","0","0","0","-1,33","-1,20","-2,83","-0,12","0","2,51","Sorti","5 mai 2026 19:11:19 UTC"
"28 avr. 2026 01:20:11 UTC","26991156042","Commande","405-1494366-1749968","VSE-UH075-EU-M","VIVOSUN AeroStream U075 Humidificateur USB, Humidificateur Mini à Brume Fraîche de 750 ml avec 2 Modes de Brume, Arrêt Automatique, Télécommande","1","amazon.fr","Vendeur","PONTOISE","","95300","MarketplaceFacilitator","30,82","6,17","0","0","0","0","0","0","-6,17","-5,55","0","-0,17","0","25,10","Sorti","11 mai 2026 17:09:31 UTC"
"28 avr. 2026 01:20:19 UTC","26991156042","Commande","402-7081391-9825166","VSGB-5-EU-M","VIVOSUN Lot 5 Sac de Plantation 20L Sacs de Culture Tissu Non Tissé Sac à Plantes 500g/m² Épaisseur, Pots Tissu avec Poignées et Anneaux Polyvale","2","amazon.fr","Vendeur","Herce","","53120","MarketplaceFacilitator","32,64","6,54","0","0","0","0","0","0","-6,54","-5,88","0","-0,18","0","26,58","Sorti","13 mai 2026 22:51:12 UTC"
"28 avr. 2026 01:20:20 UTC","26991156042","Commande","171-3582114-5237912","VSF-AWE6-G2-EU-M","VIVOSUN Ventilateur de Culture Oscillant, Ventilateur à Pince 150mm, Contrôle Par APP Wi-Fi Intelligent, 10 Vitesses & 2 Modes, Circulateur d'Air po","1","amazon.fr","Vendeur","Toulouse","","31200","MarketplaceFacilitator","49,99","10,00","0","0","0","0","0","0","-10,00","-9,00","0","-0,27","0","40,72","Sorti","7 mai 2026 21:37:43 UTC"
"28 avr. 2026 01:20:24 UTC","26991156042","Commande","407-3453622-5909960","311001-5x5-EU-FBM","VIVOSUN Lot 5 Sac de Plantation 20L Sacs de Culture Tissu Non Tissé Sac à Plantes, Pots Tissu Épais Haute Résistance avec Poignées pour Légumes,","1","amazon.fr","Vendeur","CODE : A2548","","75017","MarketplaceFacilitator","14,57","2,92","0","0","0","0","0","0","-2,92","-2,62","0","-0,08","0","11,87","Sorti","7 mai 2026 07:28:12 UTC"
"28 avr. 2026 01:20:45 UTC","26991156042","Commande","402-8002682-8028338","VSE-ASH05-EU-M","VIVOSUN Humidificateur D'Air pour Plantes 5L Humidificateur Intelligent Plantes, Aerostream H05 24DB Silencieux Brume Fraîche 360° 50H Remplissage F","1","amazon.fr","Vendeur","Oye-et-Pallet","","25160","MarketplaceFacilitator","70,82","14,17","0","0","0","0","0","0","-14,17","-12,75","0","-0,38","0","57,69","Sorti","12 mai 2026 23:11:07 UTC"
"28 avr. 2026 01:20:47 UTC","26991156042","Commande","405-7962215-2833958","VSA100SE-E25-EU-M","VIVOSUN Système de culture intelligent avec l'AeroLight SE A100, lampe de croissance LED 100 W avec ventilateur de circulation intégré et le GrowHu","1","amazon.fr","Vendeur","salomé","","59496","MarketplaceFacilitator","93,32","18,67","0","0","0","0","0","0","-18,67","-16,80","0","-0,50","0","76,02","Sorti","9 mai 2026 23:13:08 UTC"
"28 avr. 2026 01:21:02 UTC","26991156042","Commande","404-2414375-3805122","311001-15x5-EU-M","VIVOSUN Lot 5 Sac de Plantation 60L Sacs de Culture Tissu Non Tissé Sac à Plantes, Pots Tissu Épais Haute Résistance avec Poignées pour Légumes,","2","amazon.fr","Vendeur","le bignon Mirabeau","","45210","MarketplaceFacilitator","36,14","7,24","0","0","0","0","0","0","-7,24","-6,50","0","-0,20","0","29,44","Sorti","11 mai 2026 20:26:56 UTC"
"28 avr. 2026 01:22:52 UTC","26991156042","Commande","405-6181667-6768337","311001-15x5-EU-M","VIVOSUN Lot 5 Sac de Plantation 60L Sacs de Culture Tissu Non Tissé Sac à Plantes, Pots Tissu Épais Haute Résistance avec Poignées pour Légumes,","1","amazon.fr","Vendeur","Nice","","06100","MarketplaceFacilitator","18,07","3,62","0","0","0","0","0","0","-3,62","-3,25","0","-0,10","0","14,72","Sorti","11 mai 2026 07:28:21 UTC"
"28 avr. 2026 01:25:51 UTC","26991156042","Commande","402-6928857-4713109","311001-3x5-EU","VIVOSUN Lot 5 Sac de Plantation 12L Sacs de Culture Tissu Non Tissé, Pots Tissu Épais Haute Résistance avec Poignées pour Légumes, Fleurs, Fruits","1","amazon.fr","Vendeur","Berentzwiller","","68130","MarketplaceFacilitator","12,82","2,57","0","0","0","0","0","0","-2,57","-2,31","0","-0,07","0","10,44","Sorti","7 mai 2026 20:28:34 UTC"
"28 avr. 2026 05:52:54 UTC","26991156042","Commande","404-2101411-4474723","311001-20x5-EU-M","VIVOSUN Lot 5 Sac de Plantation 80L Sacs de Culture Tissu Non Tissé Sac à Plantes, Pots Tissu Épais Haute Résistance avec Poignées pour Légumes,","1","amazon.fr","Vendeur","Hede Bazouges","","35630","MarketplaceFacilitator","19,24","3,85","0","0","0","0","0","0","-3,85","-3,46","0","-0,10","0","15,68","Sorti","9 mai 2026 07:45:58 UTC"
"28 avr. 2026 06:30:43 UTC","26991156042","Commande","405-2197150-8101923","VSVC-AZG4E42AP-EU","VIVOSUN Kit d'Extraction d'Air Intelligent Pro 100mm AeroZesh G4 avec GrowHub E42A+, Contrôleur WiFi Température Humidité, Filtre à Charbon Actif","1","amazon.fr","Amazon","salomé","","59496","MarketplaceFacilitator","174,99","35,00","0","0","0","0","0","0","-35,00","-31,50","-9,42","-1,23","0","132,84","Sorti","9 mai 2026 21:11:55 UTC"
"28 avr. 2026 06:52:21 UTC","26991156042","Commande","403-0818367-5657122","GIY-SGS-276-EU","VIVOSUN GIY Kit de Culture Complet 80x80x160cm, Lampe de Croissance LED 150W Spectre Complet, Ventilation & Circulation Automatiques, Smart Tente avec","1","amazon.fr","Amazon","Lubersac","Corrèze","19210","MarketplaceFacilitator","316,97","63,39","3,32","0,67","0","0","-3,32","-0,67","-63,39","-57,05","-11,57","-2,06","0","246,29","Sorti","12 mai 2026 17:22:06 UTC"
"28 avr. 2026 08:54:54 UTC","26991156042","Commande","171-2153826-8569143","311001-10x5-EU-M","VIVOSUN Lot 5 Sac de Plantation 40L Sacs de Culture Tissu Non Tissé Sac à Plantes, Pots Tissu Épais Haute Résistance avec Poignées pour Légumes,","1","amazon.fr","Vendeur","Pornic","","44210","MarketplaceFacilitator","16,91","3,38","0","0","0","0","0","0","-3,38","-3,04","0","-0,09","0","13,78","Sorti","9 mai 2026 22:32:12 UTC"
"28 avr. 2026 10:47:00 UTC","26991156042","Commande","406-7063908-5802733","VSV-AZT6-EU","VIVOSUN AeroZesh T6 Ventilateur Conduit 150mm 693 m³/h Ventilateur en Ligne Extraction E12 Régulateur Vitesse PWM Programmables Tentes Culture Venti","1","amazon.fr","Amazon","Château d'oleron","","17480","MarketplaceFacilitator","83,32","16,67","0","0","0","0","0","0","-16,67","-15,00","-8,11","-0,69","0","59,52","Sorti","6 mai 2026 23:46:19 UTC"
"28 avr. 2026 11:06:53 UTC","26991156042","Commande","405-3283671-8733927","VSH-IS03-EU","VIVOSUN Kits D'irrigation Goutte à Goutte Automatique Solaire avec Minuterie, Sortie 3W, Système D'irrigation Goutte Energie Solaire, Système D'arr","1","amazon.fr","Amazon","Villers marmery","Marne","51380","MarketplaceFacilitator","21,65","4,33","0","0","0","0","0","0","-4,33","-3,90","-6,06","-0,30","0","11,39","Sorti","7 mai 2026 00:03:21 UTC"
"28 avr. 2026 18:47:07 UTC","26991156042","Commande","402-9199889-6733907","VSI-VGDWC15-EU-N1","VIVOSUN VGrow DWC Système Hydroponique 15L, Uniquement pour la VGrow Tente de Culture, Non Compatible avec E42A/E42A+, Non Adapté pour la Tente de C","1","amazon.fr","Amazon","Gougenheim","","67270","MarketplaceFacilitator","86,66","17,33","0","0","0","0","0","0","-17,33","-15,60","-12,84","-0,86","0","57,36","Sorti","11 mai 2026 16:44:24 UTC"
"28 avr. 2026 18:51:42 UTC","26991156042","Commande","403-8642279-9882743","311003-4X3NJ-EU","VIVOSUN Lot de 3 Sécateur de Jardin 17 cm, Poignée Ergonomique, Lame Droite en Acier Inoxydable avec Revêtement en Titane, Poignée Verrouillable,","1","amazon.fr","Amazon","Frontonas","","38290","MarketplaceFacilitator","11,07","2,22","0","0","0","0","0","0","-2,22","-1,73","-4,37","-0,18","0","4,79","Sorti","6 mai 2026 21:55:32 UTC"
"28 avr. 2026 20:48:22 UTC","26991156042","Commande","403-2595397-8349956","VSS-THSP-EU","VIVOSUN Capteur de température et d'humidité en acier inoxydable étanche pour contrôleur GrowHub E42/E42A, AeroLab THB1/THB1S, 3,6 m","1","amazon.fr","Amazon","Pont-Sainte-Maxence","","60700","MarketplaceFacilitator","13,68","2,74","0","0","0","0","0","0","-2,74","0","0","0","0","13,68","Sorti","7 mai 2026 14:40:23 UTC"
"28 avr. 2026 23:43:45 UTC","26991156042","Commande","171-6540685-8507538","VSL-LL100-EU","VIVOSUN Lampe de culture LED 100W, Lumière Led à Spectre Complet, Lumière pour Plantes à Luminosité Variable Intelligente et à PPFD Élevé pour","1","amazon.fr","Amazon","bailleul","NORD","59270","MarketplaceFacilitator","87,49","17,50","3,32","0,67","0","0","-3,32","-0,67","-17,50","-15,75","-9,29","-0,75","0","61,70","Sorti","7 mai 2026 07:03:19 UTC"
"29 avr. 2026 00:51:01 UTC","26991156042","Commande","402-1963893-8061914","311003-4X2NJ-EU","VIVOSUN Lot de 2 Sécateur de Jardin 17 cm, Poignée Ergonomique, Lame Droite en Acier Inoxydable avec Revêtement en Titane, Poignée Verrouillable,","1","amazon.fr","Amazon","BOURNEVILLE STE CROIX","","27500","MarketplaceFacilitator","7,57","1,52","0,83","0,17","0","0","-0,83","-0,17","-1,52","-1,36","-2,85","-0,13","0","3,23","Sorti","7 mai 2026 17:22:47 UTC"
"29 avr. 2026 00:53:51 UTC","26991156042","Commande","403-8924280-4817109","VSF-AWD4x2-EU-FBM","VIVOSUN AeroWave D4 Ventilateur de Culture Oscillant 100mm, Ventilateur à Pince avec Crochet, 3 Vitesses, Flux d'air Puissant & Silencieux, pour Grow","1","amazon.fr","Vendeur","Gujan-Mestras","","33470","MarketplaceFacilitator","33,32","6,67","0","0","0","0","0","0","-6,67","-6,00","0","-0,18","0","27,14","Sorti","12 mai 2026 20:50:44 UTC"
"29 avr. 2026 00:54:08 UTC","26991156042","Commande","403-7898637-8173913","333101-G2J-EU","VIVOSUN Lot de 2 verres d'intérieur hydroponique LED pour salle de culture avec étui à lunettes","1","amazon.fr","Vendeur","Nice","","06100","MarketplaceFacilitator","23,32","4,67","0","0","0","0","0","0","-4,67","-4,20","0","-0,13","0","18,99","Sorti","12 mai 2026 15:35:33 UTC"
"29 avr. 2026 01:01:09 UTC","26991156042","Commande","402-1795047-7478734","305140-PEN-EU-FBM","VIVOSUN Kits de pH-mètre numérique et TDS, 0,01pH haute précision type stylo pH mètre ± 2% précision de lecture 3 en 1 TDS EC pour hydroponie, p","1","amazon.fr","Vendeur","Gougenheim","","67270","MarketplaceFacilitator","24,15","4,83","0","0","0","0","0","0","-4,83","-4,35","0","-0,13","0","19,67","Sorti","9 mai 2026 21:44:50 UTC"
"29 avr. 2026 01:05:38 UTC","26991156042","Commande","403-8698506-3802701","VSE-ASH19-EU-M","VIVOSUN Aerostream H19 Humidificateur Écologique Intelligent de 19 L avec Sonde de Température et D'Humidité, Panneau de Contrôle Supérieur, Tél","1","amazon.fr","Vendeur","Arcachon","","33120","MarketplaceFacilitator","146,66","29,33","0","0","0","0","0","0","-29,33","-26,40","0","-0,79","0","119,47","Sorti","9 mai 2026 22:38:06 UTC"
"29 avr. 2026 01:05:52 UTC","26991156042","Commande","407-4612306-3999553","VSF-AWD4-EU-M","VIVOSUN AeroWave D4 Ventilateur de Culture Oscillant 100mm, Ventilateur à Pince avec Crochet, 3 Vitesses, Flux d'Air Puissant & Silencieux, pour Grow","1","amazon.fr","Vendeur","Toulouse","","31500","MarketplaceFacilitator","18,66","3,73","0","0","0","0","0","0","-3,73","-3,36","0","-0,10","0","15,20","Sorti","9 mai 2026 23:29:03 UTC"
"29 avr. 2026 01:05:58 UTC","26991156042","Commande","403-2483670-1829938","VSF-AWD4x2-EU-FBM","VIVOSUN AeroWave D4 Ventilateur de Culture Oscillant 100mm, Ventilateur à Pince avec Crochet, 3 Vitesses, Flux d'air Puissant & Silencieux, pour Grow","1","amazon.fr","Vendeur","Lescheres","","39170","MarketplaceFacilitator","33,32","6,67","0","0","0","0","0","0","-6,67","-6,00","0","-0,18","0","27,14","Sorti","12 mai 2026 21:21:57 UTC"
"29 avr. 2026 01:05:59 UTC","26991156042","Commande","406-5034529-6300367","VSF-AWD4x2-EU-FBM","VIVOSUN AeroWave D4 Ventilateur de Culture Oscillant 100mm, Ventilateur à Pince avec Crochet, 3 Vitesses, Flux d'air Puissant & Silencieux, pour Grow","1","amazon.fr","Vendeur","Angevillers","","57440","MarketplaceFacilitator","33,32","6,67","0","0","0","0","0","0","-6,67","-6,00","0","-0,18","0","27,14","Sorti","9 mai 2026 21:11:57 UTC"
"29 avr. 2026 01:33:54 UTC","26991156042","Commande","408-9127535-5856304","VSF-AWD4W-EU-FBA","VIVOSUN AeroWave D4 Ventilateur de Culture Oscillant 100mm, Ventilateur à Pince avec Crochet, 3 Vitesses, Flux d'Air Puissant & Silencieux, pour Grow","1","amazon.fr","Amazon","Raedersdorf","","68480","MarketplaceFacilitator","24,99","5,00","0","0","0","0","0","0","-5,00","-4,50","-5,15","-0,29","0","15,05","Sorti","7 mai 2026 21:35:05 UTC"
"29 avr. 2026 01:57:35 UTC","26991156042","Commande","407-7988907-8637966","311003-4-EU","VIVOSUN Sécateur de Jardin 17 cm, Poignée Ergonomique, Lame Droite Acier Inoxydable, Lame Antiadhésive Revêtue Titane, Poignée Verrouillable, Con","1","amazon.fr","Amazon","FELLERING","","68470","MarketplaceFacilitator","6,66","1,33","0","0","0","0","0","0","-1,33","-1,20","-2,83","-0,12","0","2,51","Sorti","6 mai 2026 23:43:14 UTC"
"29 avr. 2026 02:33:18 UTC","26991156042","Commande","403-1048182-7143552","VSH-IS03-EU","VIVOSUN Kits D'irrigation Goutte à Goutte Automatique Solaire avec Minuterie, Sortie 3W, Système D'irrigation Goutte Energie Solaire, Système D'arr","1","amazon.fr","Amazon","Bootzheim","","67390","MarketplaceFacilitator","21,65","4,33","0","0","0","0","0","0","-4,33","-3,90","-6,06","-0,30","0","11,39","Sorti","7 mai 2026 22:04:23 UTC"
"29 avr. 2026 14:50:24 UTC","26991156042","Commande","171-2945573-7970700","VSH-IS03-EU","VIVOSUN Kits D'irrigation Goutte à Goutte Automatique Solaire avec Minuterie, Sortie 3W, Système D'irrigation Goutte Energie Solaire, Système D'arr","1","amazon.fr","Amazon","Quinsac","","33360","MarketplaceFacilitator","21,65","4,33","0","0","0","0","0","0","-4,33","-3,90","-6,06","-0,30","0","11,39","Sorti","9 mai 2026 22:43:41 UTC"
"29 avr. 2026 16:03:12 UTC","26902793752","Commande","402-1175135-5485144","VSC-GCC4-EU","VIVOSUN GrowCam C4, caméra intelligente Wi-Fi 2K QHD pour tente de culture et VGrow Smart Grow Box, prend en charge le Wi-Fi 2,4 GHz (pas 5 GHz/6 GHz","3","amazon.fr","Amazon","GARDANNE","","13120","","162,48","0","1,71","0","0","0","-1,71","0","0","-21,12","-14,09","0","0","127,27","Différé",
"29 avr. 2026 20:32:58 UTC","26991156042","Commande","171-5817489-8869904","311003-4X3NJ-EU","VIVOSUN Lot de 3 Sécateur de Jardin 17 cm, Poignée Ergonomique, Lame Droite en Acier Inoxydable avec Revêtement en Titane, Poignée Verrouillable,","2","amazon.fr","Amazon","Antony","Hauts de Seine","92160","MarketplaceFacilitator","22,14","4,44","0","0","0","0","0","0","-4,44","-3,46","-8,75","-0,36","0","9,57","Sorti","7 mai 2026 23:14:57 UTC"
"30 avr. 2026 01:09:36 UTC","26991156042","Commande","171-9057052-4633133","VSGB-15-EU-M","VIVOSUN Lot 5 Sac de Plantation 60L Sacs de Culture Tissu Non Tissé Sac à Plantes 500g/m² Épaisseur, Pots Tissu avec Poignées et Anneaux Polyvale","1","amazon.fr","Vendeur","Crosne","","91560","MarketplaceFacilitator","20,99","4,20","0","0","0","0","0","0","-4,20","-3,78","0","-0,11","0","17,10","Sorti","13 mai 2026 07:31:46 UTC"
"30 avr. 2026 01:09:41 UTC","26991156042","Commande","404-7292070-7482716","GH-E25-EU-FBM","VIVOSUN Growhub E25 Noir Driver WiFi pour Éclairage et Ventilation de Tente de Culture, Support pour Appareils SGS, Plug and Play, Extension à Growh","1","amazon.fr","Vendeur","SEBAZAC-CONCOURES","","12740","MarketplaceFacilitator","22,49","4,50","0","0","0","0","0","0","-4,50","-4,05","0","-0,12","0","18,32","Sorti","14 mai 2026 17:07:30 UTC"
"30 avr. 2026 01:09:58 UTC","26902793752","Commande","171-9482568-5497967","311001-10x5-EU-M","VIVOSUN Lot 5 Sac de Plantation 40L Sacs de Culture Tissu Non Tissé Sac à Plantes, Pots Tissu Épais Haute Résistance avec Poignées pour Légumes,","1","amazon.fr","Vendeur","Paulhan","Hérault","34230","MarketplaceFacilitator","16,91","3,38","0","0","0","0","0","0","-3,38","-3,04","0","-0,09","0","13,78","Différé",
"30 avr. 2026 01:10:05 UTC","26991156042","Commande","406-2132780-8960367","311001-10x5-EU-M","VIVOSUN Lot 5 Sac de Plantation 40L Sacs de Culture Tissu Non Tissé Sac à Plantes, Pots Tissu Épais Haute Résistance avec Poignées pour Légumes,","1","amazon.fr","Vendeur","Luisant","","28600","MarketplaceFacilitator","16,91","3,38","0","0","0","0","0","0","-3,38","-3,04","0","-0,09","0","13,78","Sorti","14 mai 2026 20:44:41 UTC"
"30 avr. 2026 01:10:08 UTC","26991156042","Commande","402-1679165-3106700","VSGB-3-EU-M","VIVOSUN Lot 5 Sac de Plantation 12L Sacs de Culture Tissu Non Tissé Sac à Plantes 500g/m² Épaisseur, Pots Tissu avec Poignées et Anneaux Polyvale","1","amazon.fr","Vendeur","Optevoz","","38460","MarketplaceFacilitator","15,16","3,03","0","0","0","0","0","0","-3,03","-2,73","0","-0,08","0","12,35","Sorti","13 mai 2026 12:17:39 UTC"
"30 avr. 2026 01:10:28 UTC","26991156042","Commande","408-3329525-7937968","VSGB-15-EU-M","VIVOSUN Lot 5 Sac de Plantation 60L Sacs de Culture Tissu Non Tissé Sac à Plantes 500g/m² Épaisseur, Pots Tissu avec Poignées et Anneaux Polyvale","1","amazon.fr","Vendeur","Strasbourg","","67100","MarketplaceFacilitator","20,99","4,20","0","0","0","0","0","0","-4,20","-3,78","0","-0,11","0","17,10","Sorti","12 mai 2026 23:12:36 UTC"
"30 avr. 2026 01:10:28 UTC","26991156042","Commande","408-3329525-7937968","VSGB-7-EU-M","VIVOSUN Lot 5 Sac de Plantation 25L Sacs de Culture Tissu Non Tissé Sac à Plantes 500g/m² Épaisseur, Pots Tissu avec Poignées et Anneaux Polyvale","1","amazon.fr","Vendeur","Strasbourg","","67100","MarketplaceFacilitator","18,07","3,62","0","0","0","0","0","0","-3,62","-3,25","0","-0,10","0","14,72","Sorti","12 mai 2026 23:12:36 UTC"
"30 avr. 2026 02:19:00 UTC","26991156042","Commande","402-3606355-3829924","VSH-IS03-EU","VIVOSUN Kits D'irrigation Goutte à Goutte Automatique Solaire avec Minuterie, Sortie 3W, Système D'irrigation Goutte Energie Solaire, Système D'arr","1","amazon.fr","Amazon","Bricquebec-en-Cotentin","","50260","MarketplaceFacilitator","21,65","4,33","0","0","0","0","0","0","-4,33","-3,90","-6,06","-0,30","0","11,39","Sorti","9 mai 2026 20:20:02 UTC"
"30 avr. 2026 02:36:52 UTC","26991156042","Commande","406-8012351-2507564","VSH-IS03-EU","VIVOSUN Kits D'irrigation Goutte à Goutte Automatique Solaire avec Minuterie, Sortie 3W, Système D'irrigation Goutte Energie Solaire, Système D'arr","1","amazon.fr","Amazon","Maurepas","","78310","MarketplaceFacilitator","21,65","4,33","0","0","0","0","0","0","-4,33","-3,90","-6,06","-0,30","0","11,39","Sorti","7 mai 2026 16:45:51 UTC"
"30 avr. 2026 07:03:53 UTC","26902793752","Amazon Fees","784300aa-7828-426d-886d-b41fce5deca3","","Frais de participation au coupon","","Amazon.fr","","","","","","0","0","0","0","0","0","0","0","0","-2,00","0","0","0","-2,00","Sorti","30 avr. 2026 07:03:53 UTC"
"30 avr. 2026 07:19:54 UTC","26902793752","Amazon Fees","bf2471e7-85fc-4c74-b266-71a34e21ce12","","Frais de participation au coupon","","Amazon.fr","","","","","","0","0","0","0","0","0","0","0","0","-2,00","0","0","0","-2,00","Sorti","30 avr. 2026 07:19:54 UTC"
"30 avr. 2026 10:17:13 UTC","26902793752","Ajustement","","306143-0820-EU","Remboursement Stock Expédié par Amazon - Perdu:entrepôt","1","","","","","","","0","0","0","0","0","0","0","0","0","0","0","0","23,94","23,94","Sorti","30 avr. 2026 10:17:13 UTC"
"30 avr. 2026 10:17:13 UTC","26902793752","Ajustement","","306143-0820-EU","Remboursement Stock Expédié par Amazon - Perdu:entrepôt","1","","","","","","","0","0","0","0","0","0","0","0","0","0","0","0","23,94","23,94","Sorti","30 avr. 2026 10:17:13 UTC"
"30 avr. 2026 10:17:13 UTC","26902793752","Ajustement","","306143-0820-EU","Remboursement Stock Expédié par Amazon - Perdu:entrepôt","1","","","","","","","0","0","0","0","0","0","0","0","0","0","0","0","23,94","23,94","Sorti","30 avr. 2026 10:17:13 UTC"
"30 avr. 2026 10:17:13 UTC","26902793752","Ajustement","","306143-0820-EU","Remboursement Stock Expédié par Amazon - Perdu:entrepôt","1","","","","","","","0","0","0","0","0","0","0","0","0","0","0","0","23,94","23,94","Sorti","30 avr. 2026 10:17:13 UTC"
"30 avr. 2026 10:17:13 UTC","26902793752","Ajustement","","306143-0820-EU","Remboursement Stock Expédié par Amazon - Perdu:entrepôt","1","","","","","","","0","0","0","0","0","0","0","0","0","0","0","0","23,94","23,94","Sorti","30 avr. 2026 10:17:13 UTC"
"30 avr. 2026 10:17:13 UTC","26902793752","Ajustement","","306143-0820-EU","Remboursement Stock Expédié par Amazon - Perdu:entrepôt","1","","","","","","","0","0","0","0","0","0","0","0","0","0","0","0","23,94","23,94","Sorti","30 avr. 2026 10:17:13 UTC"
"30 avr. 2026 10:17:13 UTC","26902793752","Ajustement","","306143-0820-EU","Remboursement Stock Expédié par Amazon - Perdu:entrepôt","1","","","","","","","0","0","0","0","0","0","0","0","0","0","0","0","23,94","23,94","Sorti","30 avr. 2026 10:17:13 UTC"
"30 avr. 2026 10:17:13 UTC","26902793752","Ajustement","","306143-0820-EU","Remboursement Stock Expédié par Amazon - Perdu:entrepôt","1","","","","","","","0","0","0","0","0","0","0","0","0","0","0","0","23,94","23,94","Sorti","30 avr. 2026 10:17:13 UTC"
"30 avr. 2026 10:17:13 UTC","26902793752","Ajustement","","306143-0820-EU","Remboursement Stock Expédié par Amazon - Perdu:entrepôt","1","","","","","","","0","0","0","0","0","0","0","0","0","0","0","0","23,94","23,94","Sorti","30 avr. 2026 10:17:13 UTC"
"30 avr. 2026 10:17:13 UTC","26902793752","Ajustement","","306143-0820-EU","Remboursement Stock Expédié par Amazon - Perdu:entrepôt","1","","","","","","","0","0","0","0","0","0","0","0","0","0","0","0","23,94","23,94","Sorti","30 avr. 2026 10:17:13 UTC"
"30 avr. 2026 10:17:13 UTC","26902793752","Ajustement","","306143-0820-EU","Remboursement Stock Expédié par Amazon - Perdu:entrepôt","1","","","","","","","0","0","0","0","0","0","0","0","0","0","0","0","23,94","23,94","Sorti","30 avr. 2026 10:17:13 UTC"
"30 avr. 2026 10:17:13 UTC","26902793752","Ajustement","","306143-0820-EU","Remboursement Stock Expédié par Amazon - Perdu:entrepôt","1","","","","","","","0","0","0","0","0","0","0","0","0","0","0","0","23,94","23,94","Sorti","30 avr. 2026 10:17:13 UTC"
"30 avr. 2026 10:17:13 UTC","26902793752","Ajustement","","306143-0820-EU","Remboursement Stock Expédié par Amazon - Perdu:entrepôt","1","","","","","","","0","0","0","0","0","0","0","0","0","0","0","0","23,94","23,94","Sorti","30 avr. 2026 10:17:13 UTC"
"30 avr. 2026 10:17:13 UTC","26902793752","Ajustement","","306143-0820-EU","Remboursement Stock Expédié par Amazon - Perdu:entrepôt","1","","","","","","","0","0","0","0","0","0","0","0","0","0","0","0","23,94","23,94","Sorti","30 avr. 2026 10:17:13 UTC"
"30 avr. 2026 11:11:53 UTC","26991156042","Commande","406-8474810-2269940","304113-55-EU","VIVOSUN Tente de Culture 150x150x200cm, Tente Hydroponique Intérieure Lumière-Proof avec Mylar Réfléchissant, Fenêtre D'observation, Bac de Fond,","1","amazon.fr","Amazon","Rabastens","","81800","MarketplaceFacilitator","191,66","38,33","0","0","0","0","0","0","-38,33","-34,50","-38,58","-2,20","0","116,38","Sorti","13 mai 2026 14:25:30 UTC"
"30 avr. 2026 18:51:03 UTC","26991156042","Commande","408-2691879-3171544","VSV-AZT4-EU","VIVOSUN AeroZesh T4 Ventilateur Conduit 100 mm 357 m³/h Ventilateur en Ligne Extraction E12 Régulateur Vitesse PWM Programmables Tentes Culture Vent","1","amazon.fr","Amazon","guillemont","","80360","MarketplaceFacilitator","69,16","13,83","0","0","0","0","0","0","-13,83","-12,45","-11,99","-0,73","0","43,99","Sorti","9 mai 2026 21:37:38 UTC"
"30 avr. 2026 21:32:09 UTC","26991156042","Commande","171-4304217-7846700","HDR004-EU","VIVOSUN Séchoir à linge en maille à 4 couches avec fermetures éclair vertes pour déshydratation, sécateur d'intérieur et d'extérieur inclus","1","amazon.fr","Amazon","Aubervilliers","France","93300","MarketplaceFacilitator","16,52","3,31","0","0","0","0","0","0","-3,31","-1,59","-5,98","-0,23","0","8,72","Sorti","11 mai 2026 00:11:47 UTC"
"30 avr. 2026 22:19:23 UTC","26991156042","Commande","406-2055526-0928365","PH001-EU","VIVOSUN pH-Mètre Numérique 3-en-1 Avec ATC, ±0,1 pH Précision, Mesureur Qualité Eau 0-14 pH Pour Hydroponie, Eau Maison & Piscines","1","amazon.fr","Amazon","Chelles","","77500","MarketplaceFacilitator","23,56","4,71","0","0","0","0","0","0","-4,71","-4,24","-4,79","-0,27","0","14,26","Sorti","11 mai 2026 22:08:53 UTC"
"1 mai 2026 00:52:31 UTC","26902793752","Commande","408-7120952-7994749","VSF-AWD4-EU-M","VIVOSUN AeroWave D4 Ventilateur de Culture Oscillant 100mm, Ventilateur à Pince avec Crochet, 3 Vitesses, Flux d'Air Puissant & Silencieux, pour Grow","1","amazon.fr","Vendeur","Olemps","","12510","MarketplaceFacilitator","18,66","3,73","0","0","0","0","0","0","-3,73","-3,36","0","-0,10","0","15,20","Différé",
"1 mai 2026 00:52:43 UTC","26991156042","Commande","408-8083621-0684349","VSGB-5-EU-M","VIVOSUN Lot 5 Sac de Plantation 20L Sacs de Culture Tissu Non Tissé Sac à Plantes 500g/m² Épaisseur, Pots Tissu avec Poignées et Anneaux Polyvale","1","amazon.fr","Vendeur","Theza","","66200","MarketplaceFacilitator","16,32","3,27","0","0","0","0","0","0","-3,27","-2,94","0","-0,09","0","13,29","Sorti","14 mai 2026 17:21:46 UTC"
"1 mai 2026 00:52:56 UTC","26902793752","Commande","171-3279434-2087501","304113-NEW-44-EU","VIVOSUN Tente de Culture 120x120x200cm, Tente de Croissance Intérieure en Mylar Hautement Réfléchissant avec Fenêtre D'observation et Bac de Fond","1","amazon.fr","Vendeur","Barbazan","","31510","MarketplaceFacilitator","99,27","19,85","0","0","0","0","0","0","-19,85","-17,87","0","-0,54","0","80,86","Différé",
"1 mai 2026 00:53:02 UTC","26991156042","Commande","408-7983731-3257946","VSGB-5-EU-M","VIVOSUN Lot 5 Sac de Plantation 20L Sacs de Culture Tissu Non Tissé Sac à Plantes 500g/m² Épaisseur, Pots Tissu avec Poignées et Anneaux Polyvale","1","amazon.fr","Vendeur","Strasbourg","","67100","MarketplaceFacilitator","16,32","3,27","0","0","0","0","0","0","-3,27","-2,94","0","-0,09","0","13,29","Sorti","16 mai 2026 10:24:11 UTC"
"1 mai 2026 07:43:47 UTC","26991156042","Commande","406-4389152-8201141","311001-7x5-EU-M","VIVOSUN Lot 5 Sac de Plantation 25L Sacs de Culture Tissu Non Tissé Sac à Plantes, Pots Tissu Épais Haute Résistance avec Poignées pour Légumes,","2","amazon.fr","Vendeur","Saint-Pierre-en-Faucigny","","74800","MarketplaceFacilitator","31,48","6,30","0","0","0","0","0","0","-6,30","-5,66","0","-0,17","0","25,65","Sorti","14 mai 2026 20:40:16 UTC"
"1 mai 2026 07:44:01 UTC","26991156042","Commande","404-1448344-1954769","311001-5x5-EU-FBM","VIVOSUN Lot 5 Sac de Plantation 20L Sacs de Culture Tissu Non Tissé Sac à Plantes, Pots Tissu Épais Haute Résistance avec Poignées pour Légumes,","1","amazon.fr","Vendeur","Le bar sur loup","","06620","MarketplaceFacilitator","14,57","2,92","0","0","0","0","0","0","-2,92","-2,62","0","-0,08","0","11,87","Sorti","13 mai 2026 23:44:57 UTC"
"1 mai 2026 07:44:06 UTC","26991156042","Commande","405-9916457-4333167","311001-20x5-EU-M","VIVOSUN Lot 5 Sac de Plantation 80L Sacs de Culture Tissu Non Tissé Sac à Plantes, Pots Tissu Épais Haute Résistance avec Poignées pour Légumes,","1","amazon.fr","Vendeur","Bonnetan","","33370","MarketplaceFacilitator","19,24","3,85","0","0","0","0","0","0","-3,85","-3,46","0","-0,10","0","15,68","Sorti","14 mai 2026 12:42:16 UTC"
"1 mai 2026 09:25:58 UTC","26902793752","Commande","402-3016233-7061917","311001-5x5-EU-FBM","VIVOSUN Lot 5 Sac de Plantation 20L Sacs de Culture Tissu Non Tissé Sac à Plantes, Pots Tissu Épais Haute Résistance avec Poignées pour Légumes,","1","amazon.fr","Vendeur","TOURVILLE LA RIVIERE","","76410","MarketplaceFacilitator","14,57","2,92","0","0","0","0","0","0","-2,92","-2,62","0","-0,08","0","11,87","Différé",
"1 mai 2026 09:28:52 UTC","26991156042","Commande","404-8200551-6082742","304113-NEW-33-EU","VIVOSUN Tente de Culture 90x90x180cm, Tente de Croissance Intérieure en Mylar Hautement Réfléchissant avec Fenêtre D'observation et Bac de Fond po","1","amazon.fr","Vendeur","Toul","Meurthe et Moselle","54200","MarketplaceFacilitator","116,66","23,33","0","0","0","0","0","0","-23,33","-21,00","0","-0,63","0","95,03","Sorti","13 mai 2026 17:52:07 UTC"
"2 mai 2026 00:10:24 UTC","26991156042","Commande","405-4994059-2502735","VSI-FFD2-EU","VIVOSUN Flexfeed Kit D'Irrigation Goutte Système D'Irrigation Automatique 4 W avec Pompe et 4 Émetteurs, Kit D'Arrosage Professionnel Contrôlable p","1","amazon.fr","Amazon","St Hilaire De Loulay","","85600","MarketplaceFacilitator","21,66","4,33","0","0","0","0","0","0","-4,33","-3,90","-4,79","-0,26","0","12,71","Sorti","12 mai 2026 15:11:31 UTC"
"2 mai 2026 00:55:44 UTC","26991156042","Commande","405-5571489-9257916","311001-30x5-EU-M","VIVOSUN Lot 5 Sac de Plantation 120L Sacs de Culture Tissu Non Tissé Sac à Plantes, Pots Tissu Épais Haute Résistance avec Poignées pour Légumes","1","amazon.fr","Vendeur","76690 - LE BOCASSE","","76690","MarketplaceFacilitator","32,49","6,50","0","0","0","0","0","0","-6,50","-5,85","0","-0,18","0","26,46","Sorti","14 mai 2026 16:35:53 UTC"
"2 mai 2026 00:56:10 UTC","26991156042","Commande","407-4608182-9774746","VSGB-3-EU-M","VIVOSUN Lot 5 Sac de Plantation 12L Sacs de Culture Tissu Non Tissé Sac à Plantes 500g/m² Épaisseur, Pots Tissu avec Poignées et Anneaux Polyvale","1","amazon.fr","Vendeur","Le Lardin St Lazare","","24570","MarketplaceFacilitator","15,16","3,03","0","0","0","0","0","0","-3,03","-2,73","0","-0,08","0","12,35","Sorti","14 mai 2026 09:48:29 UTC"
"2 mai 2026 01:06:51 UTC","26991156042","Commande","407-5468674-2685950","VSF-AWD4x2-EU-FBM","VIVOSUN AeroWave D4 Ventilateur de Culture Oscillant 100mm, Ventilateur à Pince avec Crochet, 3 Vitesses, Flux d'air Puissant & Silencieux, pour Grow","1","amazon.fr","Vendeur","Terville","Moselle (57)","57180","MarketplaceFacilitator","33,32","6,67","0","0","0","0","0","0","-6,67","-6,00","0","-0,18","0","27,14","Sorti","16 mai 2026 16:59:29 UTC"
"2 mai 2026 01:07:09 UTC","26991156042","Commande","408-1839271-0465933","VSF-AWD4x2-EU-FBM","VIVOSUN AeroWave D4 Ventilateur de Culture Oscillant 100mm, Ventilateur à Pince avec Crochet, 3 Vitesses, Flux d'air Puissant & Silencieux, pour Grow","1","amazon.fr","Vendeur","Dijon","","21000","MarketplaceFacilitator","33,32","6,67","0","0","0","0","0","0","-6,67","-6,00","0","-0,18","0","27,14","Sorti","13 mai 2026 18:48:21 UTC"
"2 mai 2026 01:12:54 UTC","26991156042","Commande","402-5664214-5269136","311001-25x5-EU-M","VIVOSUN Lot 5 Sac de Plantation 95L Sacs de Culture Tissu Non Tissé Sac à Plantes, Pots Tissu Épais Haute Résistance avec Poignées pour Légumes,","1","amazon.fr","Vendeur","ST GERMAIN LAVAL","","42260","MarketplaceFacilitator","20,99","4,20","0","0","0","0","0","0","-4,20","-3,78","0","-0,11","0","17,10","Sorti","19 mai 2026 07:10:41 UTC"
"2 mai 2026 02:10:44 UTC","26991156042","Commande","403-3047732-1305146","VSE-UH075-EU-M","VIVOSUN AeroStream U075 Humidificateur USB, Humidificateur Mini à Brume Fraîche de 750 ml avec 2 Modes de Brume, Arrêt Automatique, Télécommande","1","amazon.fr","Vendeur","Aulnay-sous-Bois","","93600","MarketplaceFacilitator","30,82","6,17","0","0","0","0","0","0","-6,17","-5,55","0","-0,17","0","25,10","Sorti","18 mai 2026 22:26:12 UTC"
"2 mai 2026 02:29:09 UTC","26991156042","Commande","406-7006565-9551549","VSF-AWD4W-EU","VIVOSUN AeroWave D4 Ventilateur de Culture Oscillant 100mm, Ventilateur à Pince avec Crochet, 3 Vitesses, Flux d'Air Puissant & Silencieux, pour Grow","1","amazon.fr","Vendeur","Paris","","75019","MarketplaceFacilitator","20,82","4,17","0","0","0","0","0","0","-4,17","-3,75","0","-0,11","0","16,96","Sorti","13 mai 2026 11:57:56 UTC"
"2 mai 2026 03:15:48 UTC","26902793752","Ajustement","407-6554060-5689921","304113-55-EU","Remboursement Stock Expédié par Amazon - Retour Client","1","","","","","","","0","0","0","0","0","0","0","0","0","0","0","0","55,71","55,71","Sorti","2 mai 2026 03:15:48 UTC"
"2 mai 2026 04:09:33 UTC","26991156042","Commande","404-5048715-3581152","306143-0412-EU","VIVOSUN Filtre à Charbon Actif 100mm Filtre à Charbon avec Préfiltre et Bride Réversible Filtre Charbon Purificateur d'Air pour Ventilateur en Lig","1","amazon.fr","Amazon","la chapelle du bois des faulx","","27930","MarketplaceFacilitator","48,27","9,65","0","0","0","0","0","0","-9,65","-8,69","-7,01","-0,47","0","32,10","Sorti","12 mai 2026 21:46:58 UTC"
"2 mai 2026 05:23:07 UTC","26991156042","Commande","407-7834374-3849121","VSF-AWD4x2-EU-FBM","VIVOSUN AeroWave D4 Ventilateur de Culture Oscillant 100mm, Ventilateur à Pince avec Crochet, 3 Vitesses, Flux d'air Puissant & Silencieux, pour Grow","1","amazon.fr","Vendeur","Poissy","","78300","MarketplaceFacilitator","33,32","6,67","0","0","0","0","0","0","-6,67","-6,00","0","-0,18","0","27,14","Sorti","13 mai 2026 19:11:40 UTC"
"2 mai 2026 08:49:54 UTC","26991156042","Commande","404-5048715-3581152","306143-0616-EU","VIVOSUN Filtre à Charbon Actif 150mm Filtre à Charbon avec Préfiltre et Bride Réversible Filtre Charbon Purificateur d'Air pour Ventilateur en Lig","1","amazon.fr","Amazon","la chapelle du bois des faulx","","27930","MarketplaceFacilitator","52,49","10,50","0","0","0","0","0","0","-10,50","-9,45","-8,11","-0,52","0","34,41","Sorti","12 mai 2026 19:15:36 UTC"
"2 mai 2026 10:36:39 UTC","26991156042","Commande","406-1789936-9242768","311003-4-EU","VIVOSUN Sécateur de Jardin 17 cm, Poignée Ergonomique, Lame Droite Acier Inoxydable, Lame Antiadhésive Revêtue Titane, Poignée Verrouillable, Con","1","amazon.fr","Amazon","Decines Charpieu","","69150","MarketplaceFacilitator","6,66","1,33","0","0","0","0","0","0","-1,33","-1,20","-2,83","-0,12","0","2,51","Sorti","10 mai 2026 13:16:17 UTC"
"2 mai 2026 11:05:28 UTC","26902793752","Remboursement","407-0661782-8066732","306146-0412-EU","VIVOSUN Filtre à Charbon Actif 100mm pour Contrôle Odeurs Charbon Vierge d'Australie pour Ventilateur en Ligne, Epurateur Odeurs pour Tente de Cultu","1","amazon.fr","Amazon","Rives Du Loir En Anjou","","49140","MarketplaceFacilitator","-46,61","-9,32","0","0","0","0","0","0","9,32","6,71","0","0,25","0","-39,65","Sorti","2 mai 2026 11:05:28 UTC"
"2 mai 2026 12:20:47 UTC","26991156042","Commande","407-8350742-1053942","VSV-AZT6-EU","VIVOSUN AeroZesh T6 Ventilateur Conduit 150mm 693 m³/h Ventilateur en Ligne Extraction E12 Régulateur Vitesse PWM Programmables Tentes Culture Venti","1","amazon.fr","Amazon","MARSEILLE","","13002","MarketplaceFacilitator","83,32","16,66","0","0","0","0","0","0","-16,66","-15,00","-8,11","-0,69","0","59,52","Sorti","10 mai 2026 15:43:37 UTC"
"2 mai 2026 13:24:01 UTC","26991156042","Commande","403-1565098-2285150","311003-4X3NJ-EU","VIVOSUN Lot de 3 Sécateur de Jardin 17 cm, Poignée Ergonomique, Lame Droite en Acier Inoxydable avec Revêtement en Titane, Poignée Verrouillable,","1","amazon.fr","Amazon","Marsal","","57630","MarketplaceFacilitator","11,07","2,22","0","0","0","0","0","0","-2,22","-1,73","-4,37","-0,18","0","4,79","Sorti","16 mai 2026 12:04:26 UTC"
"2 mai 2026 17:50:43 UTC","26991156042","Commande","403-4840669-7007559","311003-4-EU","VIVOSUN Sécateur de Jardin 17 cm, Poignée Ergonomique, Lame Droite Acier Inoxydable, Lame Antiadhésive Revêtue Titane, Poignée Verrouillable, Con","1","amazon.fr","Amazon","Fourquevaux","","31450","MarketplaceFacilitator","6,66","1,33","0","0","0","0","0","0","-1,33","-1,20","-2,83","-0,12","0","2,51","Sorti","11 mai 2026 22:14:00 UTC"
"2 mai 2026 20:08:57 UTC","26991156042","Commande","404-3000731-0121954","306146-0412-EU","VIVOSUN Filtre à Charbon Actif 100mm pour Contrôle Odeurs Charbon Vierge d'Australie pour Ventilateur en Ligne, Epurateur Odeurs pour Tente de Cultu","1","amazon.fr","Amazon","Paris","","75015","MarketplaceFacilitator","46,61","9,32","0","0","0","0","-4,66","-0,93","-8,39","-7,55","-7,01","-0,44","0","26,95","Sorti","10 mai 2026 08:06:57 UTC"
"2 mai 2026 23:18:44 UTC","26991156042","Commande","407-6644501-0452367","306146-0412-EU","VIVOSUN Filtre à Charbon Actif 100mm pour Contrôle Odeurs Charbon Vierge d'Australie pour Ventilateur en Ligne, Epurateur Odeurs pour Tente de Cultu","1","amazon.fr","Amazon","Maromme","","76150","MarketplaceFacilitator","46,61","9,32","0","0","0","0","0","0","-9,32","-8,39","-7,01","-0,46","0","30,75","Sorti","10 mai 2026 22:57:24 UTC"
"3 mai 2026 01:28:47 UTC","26991156042","Commande","402-0369016-0926712","VSF-AWD4x2-EU-FBM","VIVOSUN AeroWave D4 Ventilateur de Culture Oscillant 100mm, Ventilateur à Pince avec Crochet, 3 Vitesses, Flux d'air Puissant & Silencieux, pour Grow","1","amazon.fr","Vendeur","SASSENAGE","","38360","MarketplaceFacilitator","33,32","6,67","0","0","0","0","0","0","-6,67","-6,00","0","-0,18","0","27,14","Sorti","14 mai 2026 23:43:39 UTC"
"3 mai 2026 01:28:59 UTC","26991156042","Commande","402-8064575-1059514","311001-10x5-EU-M","VIVOSUN Lot 5 Sac de Plantation 40L Sacs de Culture Tissu Non Tissé Sac à Plantes, Pots Tissu Épais Haute Résistance avec Poignées pour Légumes,","1","amazon.fr","Vendeur","lanvallay","","22100","MarketplaceFacilitator","16,91","3,38","0","0","0","0","0","0","-3,38","-3,04","0","-0,09","0","13,78","Sorti","16 mai 2026 18:42:34 UTC"
"3 mai 2026 01:29:02 UTC","26991156042","Commande","406-0717515-1609158","332021-EU-M","VIVOSUN Loupe de bijoutier pliable avec lumière LED pour bijoux, pierres précieuses, montres, pièces de monnaie, timbres, antiquités Blanc","1","amazon.fr","Vendeur","Marseille","","13012","MarketplaceFacilitator","11,66","2,33","0","0","0","0","0","0","-2,33","-1,12","0","-0,03","0","10,51","Sorti","19 mai 2026 07:08:39 UTC"
"3 mai 2026 01:29:04 UTC","26991156042","Commande","171-5182426-4584331","VSE-ASH09-EU-M","VIVOSUN Humidificateur D'Air pour Plantes 9L, Humidificateur Intelligent pour Plantes avec Télécommande, Aerostream H09 Brume Fraîche à 360° Pend","1","amazon.fr","Vendeur","Malviès","","11300","MarketplaceFacilitator","84,99","17,00","0","0","0","0","0","0","-17,00","-15,30","0","-0,46","0","69,23","Sorti","14 mai 2026 22:08:40 UTC"
"3 mai 2026 01:29:04 UTC","26991156042","Commande","171-9908514-0127507","311001-20x5-EU-M","VIVOSUN Lot 5 Sac de Plantation 80L Sacs de Culture Tissu Non Tissé Sac à Plantes, Pots Tissu Épais Haute Résistance avec Poignées pour Légumes,","1","amazon.fr","Vendeur","retonfey","","57645","MarketplaceFacilitator","19,24","3,85","0","0","0","0","0","0","-3,85","-3,46","0","-0,10","0","15,68","Sorti","14 mai 2026 13:53:18 UTC"
"3 mai 2026 01:33:01 UTC","26991156042","Commande","406-9862551-4502704","VSF-AWD4-EU-M","VIVOSUN AeroWave D4 Ventilateur de Culture Oscillant 100mm, Ventilateur à Pince avec Crochet, 3 Vitesses, Flux d'Air Puissant & Silencieux, pour Grow","1","amazon.fr","Vendeur","Viefvillers","","60360","MarketplaceFacilitator","18,66","3,73","0","0","0","0","0","0","-3,73","-3,36","0","-0,10","0","15,20","Sorti","13 mai 2026 23:33:41 UTC"
"3 mai 2026 01:38:35 UTC","26902793752","Ajustement","407-0393419-5888305","304113-55-EU","Remboursement Stock Expédié par Amazon - Retour Client","1","","","","","","","0","0","0","0","0","0","0","0","0","0","0","0","71,43","71,43","Sorti","3 mai 2026 01:38:35 UTC"
"3 mai 2026 08:07:16 UTC","26991156042","Commande","403-1641145-5077966","311001-10x5-EU-M","VIVOSUN Lot 5 Sac de Plantation 40L Sacs de Culture Tissu Non Tissé Sac à Plantes, Pots Tissu Épais Haute Résistance avec Poignées pour Légumes,","1","amazon.fr","Vendeur","Lecousse","","35133","MarketplaceFacilitator","16,91","3,38","0","0","0","0","0","0","-3,38","-3,04","0","-0,09","0","13,78","Sorti","14 mai 2026 21:19:33 UTC"
"3 mai 2026 08:16:38 UTC","26991156042","Commande","404-0160051-4017141","306143-0616-EU","VIVOSUN Filtre à Charbon Actif 150mm Filtre à Charbon avec Préfiltre et Bride Réversible Filtre Charbon Purificateur d'Air pour Ventilateur en Lig","1","amazon.fr","Amazon","Roquebrune sur argens","","83520","MarketplaceFacilitator","52,49","10,50","0","0","0","0","0","0","-10,50","-9,45","-8,11","-0,52","0","34,41","Sorti","15 mai 2026 00:10:33 UTC"
"3 mai 2026 09:11:51 UTC","26991156042","Commande","408-1281640-5577118","304113-NEW-3018-EU","VIVOSUN Tente de Culture 75x45x90cm, Tente de Croissance Intérieure en Mylar Hautement Réfléchissant avec Fenêtre D'observation et Bac de Fond pou","1","amazon.fr","Vendeur","La verdiere","","83560","MarketplaceFacilitator","74,99","15,00","0","0","0","0","0","0","-15,00","-13,50","0","-0,41","0","61,08","Sorti","16 mai 2026 18:10:38 UTC"
"3 mai 2026 09:25:03 UTC","26991156042","Commande","403-6093914-8635533","306146-0412-EU","VIVOSUN Filtre à Charbon Actif 100mm pour Contrôle Odeurs Charbon Vierge d'Australie pour Ventilateur en Ligne, Epurateur Odeurs pour Tente de Cultu","1","amazon.fr","Amazon","SERVANCE","","70440","MarketplaceFacilitator","46,61","9,32","0","0","0","0","0","0","-9,32","-8,39","-7,01","-0,46","0","30,75","Sorti","11 mai 2026 15:58:11 UTC"
"3 mai 2026 09:25:21 UTC","26991156042","Commande","403-2192639-8408351","VSC-GCC4-EU","VIVOSUN GrowCam C4, caméra intelligente Wi-Fi 2K QHD pour tente de culture et VGrow Smart Grow Box, prend en charge le Wi-Fi 2,4 GHz (pas 5 GHz/6 GHz","1","amazon.fr","Amazon","SERVANCE","","70440","MarketplaceFacilitator","54,16","10,83","0","0","0","0","0","0","-10,83","-8,45","-5,15","-0,40","0","40,16","Sorti","11 mai 2026 16:08:33 UTC"
"3 mai 2026 15:20:45 UTC","26991156042","Commande","407-5753784-8606713","LH-001-EU","VIVOSUN 1 paire de cintres réglables de 0,3 cm pour lampe de culture, corde de suspension robuste avec engrenages métalliques renforcés, 2,4 m de l","1","amazon.fr","Amazon","Ornex","","01210","MarketplaceFacilitator","8,80","1,76","0","0","0","0","0","0","-1,76","-1,58","-4,37","-0,18","0","2,67","Sorti","11 mai 2026 16:27:30 UTC"
"3 mai 2026 18:05:35 UTC","26991156042","Commande","171-8894969-0045121","VSF-AWE6W-G2-EU","VIVOSUN Ventilateur de Culture Oscillant, Ventilateur à Pince 150mm, Contrôle Par APP Wi-Fi Intelligent, 10 Vitesses & 2 Modes, Circulateur d'Air po","1","amazon.fr","Amazon","Malataverne","","26780","MarketplaceFacilitator","50,82","10,17","0","0","0","0","0","0","-10,17","-9,15","-7,19","-0,49","0","33,99","Sorti","14 mai 2026 16:09:52 UTC"
"3 mai 2026 22:13:53 UTC","26991156042","Commande","408-7034298-4499556","VSV-AZT4-EU","VIVOSUN AeroZesh T4 Ventilateur Conduit 100 mm 357 m³/h Ventilateur en Ligne Extraction E12 Régulateur Vitesse PWM Programmables Tentes Culture Vent","1","amazon.fr","Amazon","ATTICHES","","59551","MarketplaceFacilitator","69,16","13,83","0","0","0","0","0","0","-13,83","-12,45","-11,99","-0,73","0","43,99","Sorti","11 mai 2026 23:36:56 UTC"
"4 mai 2026 00:40:08 UTC","26991156042","Commande","405-2620363-6724314","306146-0412-EU","VIVOSUN Filtre à Charbon Actif 100mm pour Contrôle Odeurs Charbon Vierge d'Australie pour Ventilateur en Ligne, Epurateur Odeurs pour Tente de Cultu","1","amazon.fr","Amazon","metz","","57000","MarketplaceFacilitator","46,61","9,32","0","0","0","0","-4,66","-0,93","-16,78","-15,10","-7,01","-0,66","0","10,79","Sorti","11 mai 2026 22:53:27 UTC"
"4 mai 2026 00:40:08 UTC","26991156042","Commande","405-2620363-6724314","306146-0412-EU","VIVOSUN Filtre à Charbon Actif 100mm pour Contrôle Odeurs Charbon Vierge d'Australie pour Ventilateur en Ligne, Epurateur Odeurs pour Tente de Cultu","1","amazon.fr","Amazon","metz","","57000","","46,61","9,32","0","0","0","0","-4,67","-0,93","0","0","-7,01","-0,21","0","43,11","Sorti","11 mai 2026 22:53:27 UTC"
"4 mai 2026 00:50:08 UTC","26991156042","Commande","403-0659454-3819556","306146-0412-EU","VIVOSUN Filtre à Charbon Actif 100mm pour Contrôle Odeurs Charbon Vierge d'Australie pour Ventilateur en Ligne, Epurateur Odeurs pour Tente de Cultu","1","amazon.fr","Amazon","Oradour Fanais","","16500","MarketplaceFacilitator","46,61","9,32","0","0","0","0","0","0","-9,32","-8,39","-7,01","-0,46","0","30,75","Sorti","12 mai 2026 20:58:29 UTC"
"4 mai 2026 00:53:25 UTC","26991156042","Commande","171-2631787-8477109","VSF-AWD4-EU","VIVOSUN AeroWave D4 Ventilateur de Culture Oscillant 100mm, Ventilateur à Pince avec Crochet, 3 Vitesses, Flux d'Air Puissant & Silencieux, pour Grow","1","amazon.fr","Amazon","Niederlauterbach","","67630","","31,66","0","0","0","0","0","0","0","0","-4,75","-5,15","0","0","21,76","Sorti","11 mai 2026 22:00:42 UTC"
"4 mai 2026 01:21:52 UTC","26991156042","Commande","403-8088181-6131541","330101NJ-EU-M","VIVOSUN Tapis Chauffant pour Semis 25x52cm, Tapis Chauffant étanche Certifié UL et MET pour Intérieur Serre Germination Hydroponique, Jardin Intér","2","amazon.fr","Vendeur","Soultzmatt","","68570","MarketplaceFacilitator","25,32","5,06","0","0","0","0","0","0","-5,06","-4,56","0","-0,14","0","20,62","Sorti","19 mai 2026 00:01:14 UTC"
"4 mai 2026 01:22:50 UTC","26991156042","Commande","406-8936504-9368327","311001-20x5-EU-M","VIVOSUN Lot 5 Sac de Plantation 80L Sacs de Culture Tissu Non Tissé Sac à Plantes, Pots Tissu Épais Haute Résistance avec Poignées pour Légumes,","2","amazon.fr","Vendeur","St Christol Lez Ales","","30380","MarketplaceFacilitator","38,48","7,70","0","0","0","0","0","0","-7,70","-6,92","0","-0,21","0","31,35","Sorti","14 mai 2026 20:35:26 UTC"
"4 mai 2026 01:25:36 UTC","26991156042","Commande","404-6316237-1631558","311001-5x5-EU-FBM","VIVOSUN Lot 5 Sac de Plantation 20L Sacs de Culture Tissu Non Tissé Sac à Plantes, Pots Tissu Épais Haute Résistance avec Poignées pour Légumes,","1","amazon.fr","Vendeur","Gilette","","06830","MarketplaceFacilitator","14,57","2,92","0","0","0","0","0","0","-2,92","-2,62","0","-0,08","0","11,87","Sorti","13 mai 2026 13:12:44 UTC"
"4 mai 2026 01:25:39 UTC","26991156042","Commande","404-6011805-2837913","311001-5x5-EU-FBM","VIVOSUN Lot 5 Sac de Plantation 20L Sacs de Culture Tissu Non Tissé Sac à Plantes, Pots Tissu Épais Haute Résistance avec Poignées pour Légumes,","1","amazon.fr","Vendeur","Parcieux","","01600","MarketplaceFacilitator","14,57","2,92","0","0","0","0","0","0","-2,92","-2,62","0","-0,08","0","11,87","Sorti","14 mai 2026 13:32:55 UTC"
"4 mai 2026 01:25:47 UTC","26991156042","Commande","408-5155127-4251516","304113-NEW-44-EU","VIVOSUN Tente de Culture 120x120x200cm, Tente de Croissance Intérieure en Mylar Hautement Réfléchissant avec Fenêtre D'observation et Bac de Fond","1","amazon.fr","Vendeur","St Pierre De Varengeville","","76480","MarketplaceFacilitator","99,27","19,85","0","0","0","0","0","0","-19,85","-17,87","0","-0,54","0","80,86","Sorti","18 mai 2026 08:02:59 UTC"
"4 mai 2026 01:26:07 UTC","26902793752","Commande","407-9764614-3031508","311001-10x5-EU-M","VIVOSUN Lot 5 Sac de Plantation 40L Sacs de Culture Tissu Non Tissé Sac à Plantes, Pots Tissu Épais Haute Résistance avec Poignées pour Légumes,","1","amazon.fr","Vendeur","Bugarach","","11190","MarketplaceFacilitator","16,91","3,38","0","0","0","0","0","0","-3,38","-3,04","0","-0,09","0","13,78","Différé",
"4 mai 2026 01:26:13 UTC","26991156042","Commande","406-4173675-2802758","332022-2-EU-M","VIVOSUN Lot de 2 loupes de bijoutier Pliables avec lumière LED pour Bijoux, Pierres précieuses, Montres, pièces de Monnaie, Timbres, antiquités, N","1","amazon.fr","Vendeur","Blotzheim","","68730","MarketplaceFacilitator","16,66","3,33","0","0","0","0","0","0","-3,33","-3,00","0","-0,09","0","13,57","Sorti","14 mai 2026 22:36:36 UTC"
"4 mai 2026 01:26:23 UTC","26902793752","Commande","404-3326544-1170746","311001-10x5-EU-M","VIVOSUN Lot 5 Sac de Plantation 40L Sacs de Culture Tissu Non Tissé Sac à Plantes, Pots Tissu Épais Haute Résistance avec Poignées pour Légumes,","1","amazon.fr","Vendeur","Joue Les Tours","","37300","MarketplaceFacilitator","16,91","3,38","0","0","0","0","0","0","-3,38","-3,04","0","-0,09","0","13,78","Différé",
"4 mai 2026 01:26:23 UTC","26902793752","Commande","404-3326544-1170746","311001-5x5-EU-FBM","VIVOSUN Lot 5 Sac de Plantation 20L Sacs de Culture Tissu Non Tissé Sac à Plantes, Pots Tissu Épais Haute Résistance avec Poignées pour Légumes,","2","amazon.fr","Vendeur","Joue Les Tours","","37300","MarketplaceFacilitator","29,14","5,84","0","0","0","0","0","0","-5,84","-5,24","0","-0,16","0","23,74","Différé",
"4 mai 2026 02:10:57 UTC","26991156042","Commande","408-1636302-9411557","306143-0616-EU","VIVOSUN Filtre à Charbon Actif 150mm Filtre à Charbon avec Préfiltre et Bride Réversible Filtre Charbon Purificateur d'Air pour Ventilateur en Lig","1","amazon.fr","Amazon","Dijon","","21000","MarketplaceFacilitator","52,49","10,50","1,11","0,22","0","0","-1,11","-0,22","-10,50","-9,45","-8,11","-0,52","0","34,41","Sorti","13 mai 2026 12:29:56 UTC"
"4 mai 2026 02:21:12 UTC","26902793752","Commande","406-7117279-9545156","306143-0412-EU","VIVOSUN Filtre à Charbon Actif 100mm Filtre à Charbon avec Préfiltre et Bride Réversible Filtre Charbon Purificateur d'Air pour Ventilateur en Lig","1","amazon.fr","Amazon","AVAILLES LIMOUZINE","","86460","MarketplaceFacilitator","50,81","10,16","0","0","0","0","0","0","-10,16","-9,15","-7,01","-0,48","0","34,17","Différé",
"4 mai 2026 04:30:14 UTC","26991156042","Commande","171-3018157-6036341","306143-0616-EU","VIVOSUN Filtre à Charbon Actif 150mm Filtre à Charbon avec Préfiltre et Bride Réversible Filtre Charbon Purificateur d'Air pour Ventilateur en Lig","1","amazon.fr","Amazon","SEVREMOINE","","49230","MarketplaceFacilitator","52,49","10,50","0","0","0","0","0","0","-10,50","-9,45","-8,11","-0,52","0","34,41","Sorti","16 mai 2026 23:40:08 UTC"
"4 mai 2026 07:58:49 UTC","26991156042","Commande","404-7261756-9797125","333101-G2J-EU-FBA","VIVOSUN Lot de 2 verres d'intérieur hydroponique LED pour salle de culture avec étui à lunettes","1","amazon.fr","Amazon","Plancherine","","73200","MarketplaceFacilitator","26,39","5,28","0","0","0","0","0","0","-5,28","-4,75","-5,88","-0,32","0","15,44","Sorti","13 mai 2026 21:53:35 UTC"
"4 mai 2026 09:59:09 UTC","26991156042","Commande","407-2466065-3477145","VSI-FFD2-EU","VIVOSUN Flexfeed Kit D'Irrigation Goutte Système D'Irrigation Automatique 4 W avec Pompe et 4 Émetteurs, Kit D'Arrosage Professionnel Contrôlable p","1","amazon.fr","Amazon","ille sur têt","","66130","MarketplaceFacilitator","21,66","4,33","1,67","0,33","0","0","-1,67","-0,33","-4,33","-3,90","-4,79","-0,26","0","12,71","Sorti","15 mai 2026 12:10:35 UTC"
"4 mai 2026 10:23:19 UTC","26991156042","Commande","407-2645480-1957111","311003-4X2NJ-EU","VIVOSUN Lot de 2 Sécateur de Jardin 17 cm, Poignée Ergonomique, Lame Droite en Acier Inoxydable avec Revêtement en Titane, Poignée Verrouillable,","1","amazon.fr","Amazon","Sauvagnon","","64230","MarketplaceFacilitator","7,57","1,52","0","0","0","0","0","0","-1,52","-1,36","-2,85","-0,13","0","3,23","Sorti","13 mai 2026 16:23:47 UTC"
"4 mai 2026 11:24:54 UTC","26991156042","Commande","171-1215166-6915501","VSH-IS03-EU","VIVOSUN Kits D'irrigation Goutte à Goutte Automatique Solaire avec Minuterie, Sortie 3W, Système D'irrigation Goutte Energie Solaire, Système D'arr","2","amazon.fr","Amazon","Pénestin","","56760","MarketplaceFacilitator","43,30","8,66","3,33","0,66","0","0","-3,33","-0,66","-8,66","-7,80","-12,12","-0,59","0","22,79","Sorti","12 mai 2026 17:05:39 UTC"
"4 mai 2026 11:35:51 UTC","26991156042","Commande","406-4661675-8297942","311003-4X3NJ-EU","VIVOSUN Lot de 3 Sécateur de Jardin 17 cm, Poignée Ergonomique, Lame Droite en Acier Inoxydable avec Revêtement en Titane, Poignée Verrouillable,","1","amazon.fr","Amazon","Toulouse","","31200","MarketplaceFacilitator","11,07","2,22","0","0","0","0","0","0","-2,22","-1,73","-4,37","-0,18","0","4,79","Sorti","12 mai 2026 17:54:10 UTC"
"4 mai 2026 17:55:46 UTC","26991156042","Remboursement","404-1448344-1954769","311001-5x5-EU-FBM","VIVOSUN Lot 5 Sac de Plantation 20L Sacs de Culture Tissu Non Tissé Sac à Plantes, Pots Tissu Épais Haute Résistance avec Poignées pour Légumes,","1","amazon.fr","Vendeur","Le bar sur loup","","06620","MarketplaceFacilitator","-14,57","-2,92","0","0","0","0","0","0","2,92","2,10","0","0,08","0","-12,39","Sorti","13 mai 2026 21:26:01 UTC"
"4 mai 2026 21:27:28 UTC","26991156042","Commande","171-8835820-9641119","VSV-AZT6-EU","VIVOSUN AeroZesh T6 Ventilateur Conduit 150mm 693 m³/h Ventilateur en Ligne Extraction E12 Régulateur Vitesse PWM Programmables Tentes Culture Venti","1","amazon.fr","Amazon","Bethune","France","62400","MarketplaceFacilitator","83,32","16,67","0","0","0","0","0","0","-16,67","-15,00","-8,11","-0,69","0","59,52","Sorti","14 mai 2026 16:51:26 UTC"
"5 mai 2026 00:53:07 UTC","26991156042","Commande","171-5913804-4725156","311003-4X2NJ-EU","VIVOSUN Lot de 2 Sécateur de Jardin 17 cm, Poignée Ergonomique, Lame Droite en Acier Inoxydable avec Revêtement en Titane, Poignée Verrouillable,","1","amazon.fr","Amazon","tethieu","","40990","MarketplaceFacilitator","7,57","1,52","0","0","0","0","0","0","-1,52","-1,36","-2,85","-0,13","0","3,23","Sorti","14 mai 2026 15:54:38 UTC"
"5 mai 2026 02:04:58 UTC","26991156042","Commande","405-4960791-3739549","VSE-ASH09-EU-M","VIVOSUN Humidificateur D'Air pour Plantes 9L, Humidificateur Intelligent pour Plantes avec Télécommande, Aerostream H09 Brume Fraîche à 360° Pend","1","amazon.fr","Vendeur","salomé","","59496","MarketplaceFacilitator","84,99","17,00","0","0","0","0","0","0","-17,00","-15,30","0","-0,46","0","69,23","Sorti","16 mai 2026 20:32:52 UTC"
"5 mai 2026 02:05:05 UTC","26991156042","Commande","171-2939290-0283552","VSF-AWD4x2-EU-FBM","VIVOSUN AeroWave D4 Ventilateur de Culture Oscillant 100mm, Ventilateur à Pince avec Crochet, 3 Vitesses, Flux d'air Puissant & Silencieux, pour Grow","1","amazon.fr","Vendeur","La Vernelle","","36600","MarketplaceFacilitator","33,32","6,67","0","0","0","0","0","0","-6,67","-6,00","0","-0,18","0","27,14","Sorti","16 mai 2026 17:25:09 UTC"
"5 mai 2026 02:05:15 UTC","26902793752","Commande","403-8768119-1096321","311001-5x5-EU-FBM","VIVOSUN Lot 5 Sac de Plantation 20L Sacs de Culture Tissu Non Tissé Sac à Plantes, Pots Tissu Épais Haute Résistance avec Poignées pour Légumes,","1","amazon.fr","Vendeur","Mardié","","45430","MarketplaceFacilitator","18,32","3,67","0","0","0","0","0","0","-3,67","-3,30","0","-0,10","0","14,92","Différé",
"5 mai 2026 02:05:21 UTC","26991156042","Commande","402-4633832-6313151","VSE-ATW70-EU-FBM","VIVOSUN AeroFlux Chauffage Intelligent pour Serre de Culture avec Thermostat, Chauffage PTC de 700 W, Compact et Portable avec VPD, Contrôle via Appl","1","amazon.fr","Vendeur","Cosne-Cours-sur-Loire","","58200","MarketplaceFacilitator","108,32","21,67","0","0","0","0","0","0","-21,67","-19,50","0","-0,59","0","88,23","Sorti","16 mai 2026 21:01:34 UTC"
"5 mai 2026 02:05:26 UTC","26991156042","Commande","407-7032601-3457928","311001-20x5-EU-M","VIVOSUN Lot 5 Sac de Plantation 80L Sacs de Culture Tissu Non Tissé Sac à Plantes, Pots Tissu Épais Haute Résistance avec Poignées pour Légumes,","1","amazon.fr","Vendeur","Labastide-Saint-Pierre","Occitanie","82370","MarketplaceFacilitator","27,49","5,50","0","0","0","0","0","0","-5,50","-4,95","0","-0,15","0","22,39","Sorti","16 mai 2026 08:04:31 UTC"
"5 mai 2026 02:05:28 UTC","26991156042","Commande","405-3854969-0835536","VSE-ASH05-EU-M","VIVOSUN Humidificateur D'Air pour Plantes 5L Humidificateur Intelligent Plantes, Aerostream H05 24DB Silencieux Brume Fraîche 360° 50H Remplissage F","1","amazon.fr","Vendeur","Les Andelys","","27700","MarketplaceFacilitator","70,82","14,17","0","0","0","0","0","0","-14,17","-12,75","0","-0,38","0","57,69","Sorti","16 mai 2026 23:37:36 UTC"
"5 mai 2026 02:05:38 UTC","26902793752","Commande","405-0648489-0649107","VS-THB1S-EU-FBM","VIVOSUN AeroLab THB1 Thermomètre Hygromètre Bluetooth sans Fil Moniteur de Température Intelligent VPD Humidimètre Numérique Télécommande&Alert","1","amazon.fr","Vendeur","MARSEILLE","","13013","MarketplaceFacilitator","21,66","4,33","0","0","0","0","0","0","-4,33","-3,38","0","-0,10","0","18,18","Différé",
"5 mai 2026 02:06:09 UTC","26991156042","Commande","402-9756294-5397900","VS-THB1S-EU-FBM","VIVOSUN AeroLab THB1 Thermomètre Hygromètre Bluetooth sans Fil Moniteur de Température Intelligent VPD Humidimètre Numérique Télécommande&Alert","3","amazon.fr","Vendeur","Diors","","36130","","77,97","0","0","0","0","0","0","0","0","-10,14","0","-0,30","0","67,53","Sorti","19 mai 2026 07:15:03 UTC"
"5 mai 2026 02:41:33 UTC","26991156042","Commande","408-2964693-4877944","VSF-AWD4-EU-M","VIVOSUN AeroWave D4 Ventilateur de Culture Oscillant 100mm, Ventilateur à Pince avec Crochet, 3 Vitesses, Flux d'Air Puissant & Silencieux, pour Grow","1","amazon.fr","Vendeur","Sete","Herault","34200","MarketplaceFacilitator","18,66","3,73","0","0","0","0","0","0","-3,73","-3,36","0","-0,10","0","15,20","Sorti","16 mai 2026 20:07:14 UTC"
"5 mai 2026 02:50:22 UTC","26902793752","Commande","408-6415253-3884356","311001-10x5-EU-M","VIVOSUN Lot 5 Sac de Plantation 40L Sacs de Culture Tissu Non Tissé Sac à Plantes, Pots Tissu Épais Haute Résistance avec Poignées pour Légumes,","1","amazon.fr","Vendeur","Cambon D Albi","","81990","MarketplaceFacilitator","16,91","3,38","0","0","0","0","0","0","-3,38","-3,04","0","-0,09","0","13,78","Différé",
"5 mai 2026 09:27:24 UTC","26991156042","Commande","404-2667225-0043503","VSF-AWD4x2-EU-FBM","VIVOSUN AeroWave D4 Ventilateur de Culture Oscillant 100mm, Ventilateur à Pince avec Crochet, 3 Vitesses, Flux d'air Puissant & Silencieux, pour Grow","1","amazon.fr","Vendeur","MAGESCQ","","40140","MarketplaceFacilitator","33,32","6,67","0","0","0","0","0","0","-6,67","-6,00","0","-0,18","0","27,14","Sorti","18 mai 2026 21:39:13 UTC"
"5 mai 2026 10:45:15 UTC","26991156042","Commande","403-5129004-2930738","311003-4X3NJ-EU","VIVOSUN Lot de 3 Sécateur de Jardin 17 cm, Poignée Ergonomique, Lame Droite en Acier Inoxydable avec Revêtement en Titane, Poignée Verrouillable,","2","amazon.fr","Amazon","La Ciotat","","13600","MarketplaceFacilitator","22,14","4,44","0,74","0,15","0","0","-0,74","-0,15","-4,44","-3,46","-8,75","-0,36","0","9,57","Sorti","13 mai 2026 22:26:19 UTC"
"5 mai 2026 13:26:38 UTC","26991156042","Commande","408-4137653-9060340","330118NJ-EU","VIVOSUN Thermostat numérique pour Tapis Chauffant 68-108 ºF pour semis, Germination, enracinement, Fermentation et Reptiles","1","amazon.fr","Amazon","La Montagne","","44620","MarketplaceFacilitator","28,07","5,61","0","0","0","0","0","0","-5,61","-5,05","-5,88","-0,33","0","16,81","Sorti","14 mai 2026 20:03:16 UTC"
"5 mai 2026 15:20:43 UTC","26991156042","Commande","405-5592133-2013122","306146-0412-EU","VIVOSUN Filtre à Charbon Actif 100mm pour Contrôle Odeurs Charbon Vierge d'Australie pour Ventilateur en Ligne, Epurateur Odeurs pour Tente de Cultu","1","amazon.fr","Amazon","Gaillard","","74240","MarketplaceFacilitator","46,61","9,32","0","0","0","0","0","0","-9,32","-8,39","-7,01","-0,46","0","30,75","Sorti","13 mai 2026 13:47:38 UTC"
"5 mai 2026 16:55:20 UTC","26991156042","Commande","402-1186013-3645129","LH-001-EU","VIVOSUN 1 paire de cintres réglables de 0,3 cm pour lampe de culture, corde de suspension robuste avec engrenages métalliques renforcés, 2,4 m de l","2","amazon.fr","Amazon","Nanterre","France","92000","MarketplaceFacilitator","17,60","3,52","0","0","0","0","0","0","-3,52","-3,16","-8,75","-0,35","0","5,34","Sorti","14 mai 2026 22:56:11 UTC"
"5 mai 2026 19:14:50 UTC","26991156042","Commande","171-9443662-6183544","306146-0412-EU","VIVOSUN Filtre à Charbon Actif 100mm pour Contrôle Odeurs Charbon Vierge d'Australie pour Ventilateur en Ligne, Epurateur Odeurs pour Tente de Cultu","1","amazon.fr","Amazon","Oullins","","69600","MarketplaceFacilitator","46,61","9,32","0","0","0","0","0","0","-9,32","-8,39","-7,01","-0,46","0","30,75","Sorti","13 mai 2026 20:47:02 UTC"
"6 mai 2026 02:00:15 UTC","26991156042","Commande","406-7860337-1863541","306143-0412-EU","VIVOSUN Filtre à Charbon Actif 100mm Filtre à Charbon avec Préfiltre et Bride Réversible Filtre Charbon Purificateur d'Air pour Ventilateur en Lig","1","amazon.fr","Amazon","HERICOURT","","70400","MarketplaceFacilitator","50,81","10,16","0","0","0","0","0","0","-10,16","-9,15","-7,01","-0,48","0","34,17","Sorti","13 mai 2026 17:32:20 UTC"
"6 mai 2026 02:12:32 UTC","26991156042","Commande","407-9841107-3577946","VSI-FFSW6-4-EU-M","VIVOSUN FlexFeed Lot de 4 Pots en Tissu Auto-arrosage avec Compteur d'eau et Fenêtre d'entretien, Système d'irrigation Automatique pour Tente de Cul","1","amazon.fr","Vendeur","Sarpourenx","","64300","MarketplaceFacilitator","66,66","13,33","0","0","0","0","0","0","-13,33","-12,00","0","-0,36","0","54,30","Sorti","18 mai 2026 19:41:38 UTC"
"6 mai 2026 02:13:34 UTC","26991156042","Commande","405-4610257-7093103","311001-20x5-EU-M","VIVOSUN Lot 5 Sac de Plantation 80L Sacs de Culture Tissu Non Tissé Sac à Plantes, Pots Tissu Épais Haute Résistance avec Poignées pour Légumes,","1","amazon.fr","Vendeur","Saint-Sorlin-en-Valloire","","26210","MarketplaceFacilitator","27,49","5,50","0","0","0","0","0","0","-5,50","-4,95","0","-0,15","0","22,39","Sorti","18 mai 2026 16:56:08 UTC"
"6 mai 2026 02:13:38 UTC","26991156042","Commande","171-5475071-1553904","304113-NEW-44-EU","VIVOSUN Tente de Culture 120x120x200cm, Tente de Croissance Intérieure en Mylar Hautement Réfléchissant avec Fenêtre D'observation et Bac de Fond","1","amazon.fr","Vendeur","St Crepin","","05600","MarketplaceFacilitator","99,27","19,85","0","0","0","0","0","0","-19,85","-17,87","0","-0,54","0","80,86","Sorti","18 mai 2026 16:49:52 UTC"
"6 mai 2026 02:13:42 UTC","26991156042","Commande","406-9582628-1297939","GH-E25-EU-FBM","VIVOSUN Growhub E25 Noir Driver WiFi pour Éclairage et Ventilation de Tente de Culture, Support pour Appareils SGS, Plug and Play, Extension à Growh","1","amazon.fr","Vendeur","Paris","","75019","MarketplaceFacilitator","22,49","4,50","0","0","0","0","0","0","-4,50","-4,05","0","-0,12","0","18,32","Différé",
"6 mai 2026 02:13:54 UTC","26991156042","Commande","406-6859637-7480341","VSE-ATW70-EU-FBM","VIVOSUN AeroFlux Chauffage Intelligent pour Serre de Culture avec Thermostat, Chauffage PTC de 700 W, Compact et Portable avec VPD, Contrôle via Appl","1","amazon.fr","Vendeur","Aix en Provence","","13100","MarketplaceFacilitator","108,32","21,67","0","0","0","0","0","0","-21,67","-19,50","0","-0,59","0","88,23","Sorti","16 mai 2026 23:55:43 UTC"
"6 mai 2026 02:14:00 UTC","26991156042","Commande","171-4279626-3277939","VSF-AWD4x2-EU-FBM","VIVOSUN AeroWave D4 Ventilateur de Culture Oscillant 100mm, Ventilateur à Pince avec Crochet, 3 Vitesses, Flux d'air Puissant & Silencieux, pour Grow","1","amazon.fr","Vendeur","Langon","","33210","MarketplaceFacilitator","33,32","6,67","0","0","0","0","0","0","-6,67","-6,00","0","-0,18","0","27,14","Différé",
"6 mai 2026 02:14:02 UTC","26991156042","Commande","404-9520066-8870765","VSF-AWD4-EU-M","VIVOSUN AeroWave D4 Ventilateur de Culture Oscillant 100mm, Ventilateur à Pince avec Crochet, 3 Vitesses, Flux d'Air Puissant & Silencieux, pour Grow","1","amazon.fr","Vendeur","Nice","","06300","MarketplaceFacilitator","18,66","3,73","0","0","0","0","0","0","-3,73","-3,36","0","-0,10","0","15,20","Sorti","16 mai 2026 06:40:19 UTC"
"6 mai 2026 02:43:43 UTC","26991156042","Commande","402-4285576-7657926","VSL-LL100-EU","VIVOSUN Lampe de culture LED 100W, Lumière Led à Spectre Complet, Lumière pour Plantes à Luminosité Variable Intelligente et à PPFD Élevé pour","1","amazon.fr","Amazon","Jusix","","47180","MarketplaceFacilitator","87,49","17,50","0","0","0","0","0","0","-17,50","-15,75","-9,29","-0,75","0","61,70","Sorti","16 mai 2026 18:35:39 UTC"
"6 mai 2026 07:28:43 UTC","26991156042","Commande","406-0684389-6771549","VSGB-15-EU-M","VIVOSUN Lot 5 Sac de Plantation 60L Sacs de Culture Tissu Non Tissé Sac à Plantes 500g/m² Épaisseur, Pots Tissu avec Poignées et Anneaux Polyvale","1","amazon.fr","Vendeur","Draguignan","","83300","MarketplaceFacilitator","29,99","6,00","0","0","0","0","0","0","-6,00","-5,40","0","-0,16","0","24,43","Différé",
"6 mai 2026 10:44:29 UTC","26991156042","Commande","408-2129040-4405110","311003-4X2NJ-EU","VIVOSUN Lot de 2 Sécateur de Jardin 17 cm, Poignée Ergonomique, Lame Droite en Acier Inoxydable avec Revêtement en Titane, Poignée Verrouillable,","1","amazon.fr","Amazon","Cormelles-le-Royal","","14123","MarketplaceFacilitator","10,82","2,17","0","0","0","0","0","0","-2,17","-1,95","-2,85","-0,15","0","5,87","Sorti","14 mai 2026 21:11:05 UTC"
"6 mai 2026 14:14:34 UTC","26991156042","Commande","407-4290499-6518767","VSV-AZT4-EU","VIVOSUN AeroZesh T4 Ventilateur Conduit 100 mm 357 m³/h Ventilateur en Ligne Extraction E12 Régulateur Vitesse PWM Programmables Tentes Culture Vent","1","amazon.fr","Amazon","Le château d'olonne","Vendée","85180","MarketplaceFacilitator","69,16","13,83","0","0","0","0","0","0","-13,83","-12,45","-11,99","-0,73","0","43,99","Sorti","14 mai 2026 20:05:47 UTC"
"6 mai 2026 15:31:08 UTC","26991156042","Commande","406-7114285-4385958","VSVC-AZT6-EU","VIVOSUN Kit Extraction Ventilateur Conduit 150mm 693m³/h Régulateur Vitesse E12 Filtre à Charbon & Conduit 240cm AeroZesh T6 Système Refroidisseme","1","amazon.fr","Amazon","osny","","95520","MarketplaceFacilitator","187,49","37,50","0","0","0","0","0","0","-37,50","-33,75","-10,17","-1,32","0","142,25","Sorti","17 mai 2026 22:07:09 UTC"
"6 mai 2026 18:31:56 UTC","26991156042","Commande","406-3485526-6453903","306146-0412-EU","VIVOSUN Filtre à Charbon Actif 100mm pour Contrôle Odeurs Charbon Vierge d'Australie pour Ventilateur en Ligne, Epurateur Odeurs pour Tente de Cultu","1","amazon.fr","Amazon","Villedieu-les-Poêles-Rouffigny","","50800","MarketplaceFacilitator","46,61","9,32","0","0","0","0","-4,66","-0,93","-8,39","-7,55","-7,01","-0,44","0","26,95","Sorti","14 mai 2026 23:11:34 UTC"
"6 mai 2026 19:42:31 UTC","26991156042","Transfert","","","Sur le compte se terminant par : 064","","","","","","","","0","0","0","0","0","0","0","0","0","0","0","0","-7 847,48","-7 847,48","Sorti","6 mai 2026 19:42:31 UTC"
"6 mai 2026 20:22:00 UTC","26991156042","Commande","407-1469986-2884356","VSK-GIYS224-EU","VIVOSUN Kit Complet de Tente de Culture 60x60x120cm, Système Automatique Plante avec WiFi, Lampe de Croissance LED Spectre Complet, Ventilation Haute","1","amazon.fr","Amazon","Chalon-sur-Saône","","71100","MarketplaceFacilitator","320,82","64,17","1,67","0,33","0","0","-1,67","-0,33","-64,17","-57,75","-14,83","-2,17","0","246,07","Différé",
"6 mai 2026 21:22:51 UTC","26991156042","Commande","402-2460979-3983517","TN-55-EU","VIVOSUN Lot de 5 filets de treillis élastiques avec 4 crochets pour plantes grimpantes, légumes, fruits et fleurs","2","amazon.fr","Amazon","NANTEUIL LES MEAUX","","77100","MarketplaceFacilitator","31,64","6,34","0","0","0","0","0","0","-6,34","-5,70","-9,56","-0,46","0","15,92","Sorti","17 mai 2026 18:30:20 UTC"
"6 mai 2026 21:36:12 UTC","26991156042","Commande","407-1151242-9149145","311003-4-EU","VIVOSUN Sécateur de Jardin 17 cm, Poignée Ergonomique, Lame Droite Acier Inoxydable, Lame Antiadhésive Revêtue Titane, Poignée Verrouillable, Con","1","amazon.fr","Amazon","WAMBRECHIES","","59118","MarketplaceFacilitator","9,16","1,83","0","0","0","0","0","0","-1,83","-1,65","-2,83","-0,13","0","4,55","Sorti","14 mai 2026 22:02:36 UTC"
"7 mai 2026 00:55:16 UTC","26991156042","Commande","404-6887503-4609946","VSF-AWD4x2-EU-FBM","VIVOSUN AeroWave D4 Ventilateur de Culture Oscillant 100mm, Ventilateur à Pince avec Crochet, 3 Vitesses, Flux d'air Puissant & Silencieux, pour Grow","1","amazon.fr","Vendeur","Oree danjou","","49530","MarketplaceFacilitator","33,32","6,67","0","0","0","0","0","0","-6,67","-6,00","0","-0,18","0","27,14","Différé",
"7 mai 2026 00:55:28 UTC","26991156042","Commande","404-4357761-5465154","VSF-AWD4-EU-M","VIVOSUN AeroWave D4 Ventilateur de Culture Oscillant 100mm, Ventilateur à Pince avec Crochet, 3 Vitesses, Flux d'Air Puissant & Silencieux, pour Grow","1","amazon.fr","Vendeur","Alfortville","","94140","MarketplaceFacilitator","18,66","3,73","0","0","0","0","0","0","-3,73","-3,36","0","-0,10","0","15,20","Différé",
"7 mai 2026 02:51:39 UTC","26991156042","Commande","402-7251613-6257117","311003-4-EU","VIVOSUN Sécateur de Jardin 17 cm, Poignée Ergonomique, Lame Droite Acier Inoxydable, Lame Antiadhésive Revêtue Titane, Poignée Verrouillable, Con","1","amazon.fr","Amazon","OISSERY","","77178","MarketplaceFacilitator","9,16","1,83","0","0","0","0","0","0","-1,83","-1,65","-2,83","-0,13","0","4,55","Sorti","14 mai 2026 15:25:32 UTC"
"7 mai 2026 04:04:24 UTC","26991156042","Frais de transaction Expédié par Amazon","","","Frais de stockage FBA","","Amazon.fr","","","","","","0","0","0","0","0","0","0","0","0","0","-433,48","0","0","-433,48","Sorti","7 mai 2026 04:04:24 UTC"
"7 mai 2026 07:42:54 UTC","26991156042","Amazon Fees","e9cc034f-43d8-4d6a-aec0-f3f4f8d533e6","","Frais de participation au coupon","","Amazon.fr","","","","","","0","0","0","0","0","0","0","0","0","-2,00","0","0","0","-2,00","Sorti","7 mai 2026 07:42:54 UTC"
"7 mai 2026 07:51:30 UTC","26991156042","Amazon Fees","bcc95453-2fb1-4f1f-a301-997aaebc9f47","","Frais de participation au coupon","","Amazon.fr","","","","","","0","0","0","0","0","0","0","0","0","-2,00","0","0","0","-2,00","Sorti","7 mai 2026 07:51:30 UTC"
"7 mai 2026 08:16:26 UTC","26991156042","Commande","407-6833429-3303563","305131-EU-M","VIVOSUN Testeur de Sol, 3 en 1 testeur d'humidité des Plantes et testeur de pH pour la Maison, Le Jardin, la pelouse, la Ferme, Utilisation en intér","1","amazon.fr","Vendeur","TREVRON","","22100","MarketplaceFacilitator","9,16","1,83","0","0","0","0","0","0","-1,83","-1,43","0","-0,04","0","7,69","Différé",
"7 mai 2026 09:17:46 UTC","26991156042","Commande","407-0418012-4613936","VSF-AWD4-EU-M","VIVOSUN AeroWave D4 Ventilateur de Culture Oscillant 100mm, Ventilateur à Pince avec Crochet, 3 Vitesses, Flux d'Air Puissant & Silencieux, pour Grow","1","amazon.fr","Vendeur","TREVRON","","22100","MarketplaceFacilitator","18,66","3,73","0","0","0","0","0","0","-3,73","-3,36","0","-0,10","0","15,20","Différé",
"7 mai 2026 09:19:44 UTC","26991156042","Commande","171-5823106-8384349","330101NJ-EU-M","VIVOSUN Tapis Chauffant pour Semis 25x52cm, Tapis Chauffant étanche Certifié UL et MET pour Intérieur Serre Germination Hydroponique, Jardin Intér","1","amazon.fr","Vendeur","Chilly","","74270","MarketplaceFacilitator","15,82","3,17","0","0","0","0","0","0","-3,17","-2,85","0","-0,09","0","12,88","Sorti","18 mai 2026 13:06:29 UTC"
"7 mai 2026 10:53:31 UTC","26991156042","Remboursement","407-2645480-1957111","311003-4X2NJ-EU","VIVOSUN Lot de 2 Sécateur de Jardin 17 cm, Poignée Ergonomique, Lame Droite en Acier Inoxydable avec Revêtement en Titane, Poignée Verrouillable,","1","amazon.fr","Amazon","Sauvagnon","","64230","MarketplaceFacilitator","-7,57","-1,52","0","0","0","0","0","0","1,52","1,09","0","0,04","0","-6,44","Sorti","13 mai 2026 23:27:56 UTC"
"7 mai 2026 11:39:12 UTC","26991156042","Remboursement","405-2620363-6724314","306146-0412-EU","VIVOSUN Filtre à Charbon Actif 100mm pour Contrôle Odeurs Charbon Vierge d'Australie pour Ventilateur en Ligne, Epurateur Odeurs pour Tente de Cultu","1","amazon.fr","Amazon","metz","","57000","MarketplaceFacilitator","-46,61","-9,32","0","0","0","0","4,67","0,93","16,78","12,08","0","0,45","0","-21,02","Sorti","11 mai 2026 22:01:09 UTC"
"7 mai 2026 11:39:12 UTC","26991156042","Remboursement","405-2620363-6724314","306146-0412-EU","VIVOSUN Filtre à Charbon Actif 100mm pour Contrôle Odeurs Charbon Vierge d'Australie pour Ventilateur en Ligne, Epurateur Odeurs pour Tente de Cultu","1","amazon.fr","Amazon","metz","","57000","","-46,61","-9,32","0","0","0","0","4,66","0,93","0","0","0","0","0","-50,34","Sorti","11 mai 2026 22:01:09 UTC"
"7 mai 2026 11:44:58 UTC","26991156042","Remboursement","404-2414375-3805122","311001-15x5-EU-M","VIVOSUN Lot 5 Sac de Plantation 60L Sacs de Culture Tissu Non Tissé Sac à Plantes, Pots Tissu Épais Haute Résistance avec Poignées pour Légumes,","1","amazon.fr","Vendeur","le bignon Mirabeau","","45210","MarketplaceFacilitator","-5,00","-1,00","0","0","0","0","0","0","1,00","0,72","0","0,03","0","-4,25","Sorti","11 mai 2026 11:51:59 UTC"
"7 mai 2026 18:54:52 UTC","26991156042","Commande","404-4862075-6613155","311003-5-EU","VIVOSUN Sécateur de Jardin 17 cm, Poignée Ergonomique, Lame Droite Acier Inoxydable, Lame Antiadhésive Revêtue Titane, Poignée Verrouillable, Con","1","amazon.fr","Amazon","SEBAZAC-CONCOURES","","12740","MarketplaceFacilitator","9,16","1,83","0","0","0","0","0","0","-1,83","-1,65","-2,83","-0,13","0","4,55","Sorti","18 mai 2026 23:35:39 UTC"
"7 mai 2026 22:08:57 UTC","26991156042","Commande","403-1498127-0718745","VSF-AWE6-G2x2-EU","VIVOSUN Ventilateur de Culture Oscillant, Ventilateur à Pince 150mm, Contrôle Par APP Wi-Fi Intelligent, 10 Vitesses & 2 Modes, Circulateur d'Air po","1","amazon.fr","Amazon","Cortevaix","","71460","MarketplaceFacilitator","90,82","18,17","0","0","0","0","0","0","-18,17","-16,35","-7,72","-0,72","0","66,03","Sorti","18 mai 2026 17:08:55 UTC"
"8 mai 2026 00:53:11 UTC","26991156042","Commande","403-4266896-0220369","311001-20x5-EU-M","VIVOSUN Lot 5 Sac de Plantation 80L Sacs de Culture Tissu Non Tissé Sac à Plantes, Pots Tissu Épais Haute Résistance avec Poignées pour Légumes,","1","amazon.fr","Vendeur","Augan","","56800","MarketplaceFacilitator","27,49","5,50","0","0","0","0","0","0","-5,50","-4,95","0","-0,15","0","22,39","Différé",
"8 mai 2026 00:53:35 UTC","26991156042","Commande","407-4244764-9299537","VSF-AWD4x2-EU-FBM","VIVOSUN AeroWave D4 Ventilateur de Culture Oscillant 100mm, Ventilateur à Pince avec Crochet, 3 Vitesses, Flux d'air Puissant & Silencieux, pour Grow","1","amazon.fr","Vendeur","Mérignac","","33700","MarketplaceFacilitator","33,32","6,67","0","0","0","0","0","0","-6,67","-6,00","0","-0,18","0","27,14","Différé",
"8 mai 2026 00:56:31 UTC","26991156042","Commande","404-8475306-6478710","VSF-AWD4x2-EU-FBM","VIVOSUN AeroWave D4 Ventilateur de Culture Oscillant 100mm, Ventilateur à Pince avec Crochet, 3 Vitesses, Flux d'air Puissant & Silencieux, pour Grow","1","amazon.fr","Vendeur","SEBAZAC-CONCOURES","","12740","MarketplaceFacilitator","33,32","6,67","0","0","0","0","0","0","-6,67","-6,00","0","-0,18","0","27,14","Différé",
"8 mai 2026 00:56:31 UTC","26991156042","Commande","404-8475306-6478710","VS-THB1S-EU-FBM","VIVOSUN AeroLab THB1 Thermomètre Hygromètre Bluetooth sans Fil Moniteur de Température Intelligent VPD Humidimètre Numérique Télécommande&Alert","1","amazon.fr","Vendeur","SEBAZAC-CONCOURES","","12740","MarketplaceFacilitator","21,66","4,33","0","0","0","0","0","0","-4,33","-3,38","0","-0,10","0","18,18","Différé",
"8 mai 2026 05:34:45 UTC","26991156042","Commande","402-9176146-9925942","VSL-T5B1WC4-EU-FBM","VIVOSUN Lampe LED T5 30 cm pour plantes, 5000K spectre complet, 28W (4x7W) avec minuterie et variateur, éclairage pour semis, hydroponie et plantes d","1","amazon.fr","Vendeur","Melun","","77000","MarketplaceFacilitator","34,99","7,00","0","0","0","0","0","0","-7,00","-6,30","0","-0,19","0","28,50","Différé",
"8 mai 2026 05:34:45 UTC","26991156042","Commande","402-9176146-9925942","VSF-AWD4-EU-M","VIVOSUN AeroWave D4 Ventilateur de Culture Oscillant 100mm, Ventilateur à Pince avec Crochet, 3 Vitesses, Flux d'Air Puissant & Silencieux, pour Grow","1","amazon.fr","Vendeur","Melun","","77000","MarketplaceFacilitator","18,66","3,73","0","0","0","0","0","0","-3,73","-3,36","0","-0,10","0","15,20","Différé",
"8 mai 2026 05:34:45 UTC","26991156042","Commande","402-9176146-9925942","304113-2014-EU-M","VIVOSUN Tente de Culture Petite 50x36x54cm, Tente de Culture Mini avec Mylar Hautement Réfléchissant, Design de Fond Scellé, Fenêtre de Ventilatio","1","amazon.fr","Vendeur","Melun","","77000","MarketplaceFacilitator","41,66","8,33","0","0","0","0","0","0","-8,33","-7,50","0","-0,23","0","33,93","Différé",
"8 mai 2026 05:50:15 UTC","26991156042","Commande","407-6160226-3125166","VSVC-AZT4E42AP-EU","VIVOSUN Kit d'Extraction d'Air Intelligent Pro 100mm AeroZesh T4 GrowHub E42A+ Contrôle VPD Température Humidité, Connexion APP Filtre à Charbon A","1","amazon.fr","Amazon","Hornu","Boussu","7301","MarketplaceFacilitator","191,66","40,25","0","0","0","0","0","0","-40,25","-34,50","-9,42","-1,32","0","146,42","Sorti","17 mai 2026 20:40:57 UTC"
"8 mai 2026 12:27:55 UTC","26991156042","Commande","171-8195028-7189969","VSVC-AZG4E42AP-EU","VIVOSUN Kit d'Extraction d'Air Intelligent Pro 100mm AeroZesh G4 avec GrowHub E42A+, Contrôleur WiFi Température Humidité, Filtre à Charbon Actif","1","amazon.fr","Amazon","Niederlauterbach","","67630","","174,99","0","0","0","0","0","0","0","0","-26,25","-9,42","0","0","139,32","Sorti","16 mai 2026 21:26:06 UTC"
"8 mai 2026 20:32:47 UTC","26991156042","Commande","403-2338939-9884328","306143-0616-EU","VIVOSUN Filtre à Charbon Actif 150mm Filtre à Charbon avec Préfiltre et Bride Réversible Filtre Charbon Purificateur d'Air pour Ventilateur en Lig","1","amazon.fr","Amazon","Wattrelos","","59150","MarketplaceFacilitator","52,49","10,50","0","0","0","0","0","0","-10,50","-9,45","-8,11","-0,52","0","34,41","Différé",
"8 mai 2026 21:26:33 UTC","26991156042","Commande","171-5093080-1511568","306146-0412-EU","VIVOSUN Filtre à Charbon Actif 100mm pour Contrôle Odeurs Charbon Vierge d'Australie pour Ventilateur en Ligne, Epurateur Odeurs pour Tente de Cultu","1","amazon.fr","Amazon","Colombiers","","17460","MarketplaceFacilitator","46,61","9,32","0","0","0","0","0","0","-9,32","-8,39","-7,01","-0,46","0","30,75","Sorti","16 mai 2026 21:46:18 UTC"
"8 mai 2026 21:59:55 UTC","26991156042","Ajustement","171-3514760-1227556","306146-0412-EU","Remboursement Stock Expédié par Amazon - Retour Client","1","","","","","","","0","0","0","0","0","0","0","0","0","0","0","0","27,39","27,39","Sorti","8 mai 2026 21:59:55 UTC"
"8 mai 2026 23:31:54 UTC","26991156042","Commande","405-0381173-5953931","VSF-AWD4W-EU-FBA","VIVOSUN AeroWave D4 Ventilateur de Culture Oscillant 100mm, Ventilateur à Pince avec Crochet, 3 Vitesses, Flux d'Air Puissant & Silencieux, pour Grow","1","amazon.fr","Amazon","Orleans","France","45000","MarketplaceFacilitator","24,99","5,00","0","0","0","0","0","0","-5,00","-4,50","-5,15","-0,29","0","15,05","Différé",
"9 mai 2026 01:11:01 UTC","26991156042","Commande","403-0743492-7789916","VSF-AWD4-EU-M","VIVOSUN AeroWave D4 Ventilateur de Culture Oscillant 100mm, Ventilateur à Pince avec Crochet, 3 Vitesses, Flux d'Air Puissant & Silencieux, pour Grow","1","amazon.fr","Vendeur","Pessac","","33600","MarketplaceFacilitator","18,66","3,73","0","0","0","0","0","0","-3,73","-3,36","0","-0,10","0","15,20","Différé",
"9 mai 2026 01:17:41 UTC","26991156042","Commande","404-0172200-9246757","VSGB-7-EU-M","VIVOSUN Lot 5 Sac de Plantation 25L Sacs de Culture Tissu Non Tissé Sac à Plantes 500g/m² Épaisseur, Pots Tissu avec Poignées et Anneaux Polyvale","1","amazon.fr","Vendeur","Couterne","","61410","MarketplaceFacilitator","25,82","5,17","0","0","0","0","0","0","-5,17","-4,65","0","-0,14","0","21,03","Différé",
"9 mai 2026 01:49:22 UTC","26991156042","Commande","406-7374822-2316346","VSV-AZT6-EU","VIVOSUN AeroZesh T6 Ventilateur Conduit 150mm 693 m³/h Ventilateur en Ligne Extraction E12 Régulateur Vitesse PWM Programmables Tentes Culture Venti","1","amazon.fr","Amazon","Blotzheim","","68730","MarketplaceFacilitator","83,32","16,67","3,32","0,67","0","0","-3,32","-0,67","-16,67","-15,00","-8,11","-0,69","0","59,52","Sorti","16 mai 2026 23:57:38 UTC"
"9 mai 2026 03:14:56 UTC","26991156042","Commande","402-7675168-2548313","306143-0616-EU","VIVOSUN Filtre à Charbon Actif 150mm Filtre à Charbon avec Préfiltre et Bride Réversible Filtre Charbon Purificateur d'Air pour Ventilateur en Lig","1","amazon.fr","Amazon","auberives sur vareze","Isère","38550","MarketplaceFacilitator","52,49","10,50","0","0","0","0","0","0","-10,50","-9,45","-8,11","-0,52","0","34,41","Différé",
"9 mai 2026 04:58:12 UTC","26991156042","Remboursement","405-7555938-5455554","311001-5x5-EU-FBM","VIVOSUN Lot 5 Sac de Plantation 20L Sacs de Culture Tissu Non Tissé Sac à Plantes, Pots Tissu Épais Haute Résistance avec Poignées pour Légumes,","2","amazon.fr","Vendeur","Faverolles Les Lucey","","21290","MarketplaceFacilitator","-17,50","-3,51","0","0","0","0","0","0","3,51","2,52","0","0,10","0","-14,88","Sorti","9 mai 2026 04:58:12 UTC"
"9 mai 2026 08:36:43 UTC","26991156042","Commande","404-1427983-0956309","306143-0616-EU","VIVOSUN Filtre à Charbon Actif 150mm Filtre à Charbon avec Préfiltre et Bride Réversible Filtre Charbon Purificateur d'Air pour Ventilateur en Lig","1","amazon.fr","Amazon","Nielles Les Blequin","","62380","MarketplaceFacilitator","52,49","10,50","0","0","0","0","0","0","-10,50","-9,45","-8,11","-0,52","0","34,41","Différé",
"10 mai 2026 02:03:44 UTC","26991156042","Commande","404-6809225-9992360","VSGB-15-EU-M","VIVOSUN Lot 5 Sac de Plantation 60L Sacs de Culture Tissu Non Tissé Sac à Plantes 500g/m² Épaisseur, Pots Tissu avec Poignées et Anneaux Polyvale","1","amazon.fr","Vendeur","Monbrun","","32600","MarketplaceFacilitator","29,99","6,00","0","0","0","0","0","0","-6,00","-5,40","0","-0,16","0","24,43","Différé",
"10 mai 2026 02:03:50 UTC","26991156042","Commande","171-8298492-4352329","VSI-FFD2-EU","VIVOSUN Flexfeed Kit D'Irrigation Goutte Système D'Irrigation Automatique 4 W avec Pompe et 4 Émetteurs, Kit D'Arrosage Professionnel Contrôlable p","1","amazon.fr","Vendeur","Douvaine","","74140","MarketplaceFacilitator","21,66","4,33","0","0","0","0","0","0","-4,33","-3,90","0","-0,12","0","17,64","Différé",
"10 mai 2026 02:04:01 UTC","26991156042","Commande","171-7347330-4399561","330303-EU-FBM","VIVOSUN Tapis Chauffant 52x122cm, avec Régulateur de Température Intégré, Tapis Chauffant étanche Certifié UL et MET pour Hydroponique","1","amazon.fr","Vendeur","pressignac-vicq","","24150","MarketplaceFacilitator","58,32","11,67","0","0","0","0","0","0","-11,67","-10,50","0","-0,32","0","47,50","Différé",
"11 mai 2026 00:02:58 UTC","26991156042","Commande","171-6941884-7519538","311003-4X2NJ-EU","VIVOSUN Lot de 2 Sécateur de Jardin 17 cm, Poignée Ergonomique, Lame Droite en Acier Inoxydable avec Revêtement en Titane, Poignée Verrouillable,","1","amazon.fr","Amazon","Montreuil Bonnin","","86470","MarketplaceFacilitator","10,82","2,17","0","0","0","0","0","0","-2,17","-1,95","-2,85","-0,15","0","5,87","Différé",
"11 mai 2026 00:55:43 UTC","26991156042","Commande","408-8118527-9353149","305140-PEN-EU-FBM","VIVOSUN Kits de pH-mètre numérique et TDS, 0,01pH haute précision type stylo pH mètre ± 2% précision de lecture 3 en 1 TDS EC pour hydroponie, p","1","amazon.fr","Vendeur","Cambronne les clermont","","60290","MarketplaceFacilitator","24,15","4,83","0","0","0","0","0","0","-4,83","-4,35","0","-0,13","0","19,67","Différé",
"11 mai 2026 00:56:58 UTC","26991156042","Commande","408-3361721-6274755","305131-PEN-EU-M","VIVOSUN pH Mètre Numérique, Testeur pH Mètre de Type Stylo Haute Précision 0,01 pH pour Culture Hydroponique, PH Mètre Numérique Boisson Domesti","1","amazon.fr","Vendeur","Azur","","40140","MarketplaceFacilitator","10,82","2,17","0","0","0","0","0","0","-2,17","-1,95","0","-0,06","0","8,81","Différé",
"11 mai 2026 00:58:27 UTC","26991156042","Commande","406-7047565-3033923","311001-30x5-EU-M","VIVOSUN Lot 5 Sac de Plantation 120L Sacs de Culture Tissu Non Tissé Sac à Plantes, Pots Tissu Épais Haute Résistance avec Poignées pour Légumes","1","amazon.fr","Vendeur","St Remy Les Chevreuse","","78470","MarketplaceFacilitator","32,49","6,50","0","0","0","0","0","0","-6,50","-5,85","0","-0,18","0","26,46","Différé",
"11 mai 2026 00:58:49 UTC","26991156042","Commande","171-4746293-5366731","VSE-UH075-EU-M","VIVOSUN AeroStream U075 Humidificateur USB, Humidificateur Mini à Brume Fraîche de 750 ml avec 2 Modes de Brume, Arrêt Automatique, Télécommande","1","amazon.fr","Vendeur","biganos","","33380","MarketplaceFacilitator","30,82","6,17","0","0","0","0","0","0","-6,17","-5,55","0","-0,17","0","25,10","Différé",
"11 mai 2026 00:59:19 UTC","26991156042","Commande","403-2376150-7954765","VSF-AWD4x2-EU-FBM","VIVOSUN AeroWave D4 Ventilateur de Culture Oscillant 100mm, Ventilateur à Pince avec Crochet, 3 Vitesses, Flux d'air Puissant & Silencieux, pour Grow","1","amazon.fr","Vendeur","Carvin","Hauts de France","62220","MarketplaceFacilitator","33,32","6,67","0","0","0","0","0","0","-6,67","-6,00","0","-0,18","0","27,14","Différé",
"11 mai 2026 00:59:19 UTC","26991156042","Commande","403-2376150-7954765","VSE-ATW70-EU-FBM","VIVOSUN AeroFlux Chauffage Intelligent pour Serre de Culture avec Thermostat, Chauffage PTC de 700 W, Compact et Portable avec VPD, Contrôle via Appl","1","amazon.fr","Vendeur","Carvin","Hauts de France","62220","MarketplaceFacilitator","108,32","21,67","0","0","0","0","0","0","-21,67","-19,50","0","-0,59","0","88,23","Différé",
"11 mai 2026 00:59:24 UTC","26991156042","Commande","405-1905736-1791544","311005-3-EU-M","VIVOSUN Pulvérisateur à Pression 5L avec Sangle d'Épaule Réglable, Flacon d'Eau Pressurisé pour Pelouse et Jardin, pour l'Arrosage des Plantes, l","1","amazon.fr","Vendeur","bozel","","73350","MarketplaceFacilitator","29,99","6,00","0","0","0","0","0","0","-6,00","-5,40","0","-0,16","0","24,43","Différé",
"11 mai 2026 08:10:05 UTC","26991156042","Commande","406-5210430-1884326","VSVC-AZT4E42AP-EU","VIVOSUN Kit d'Extraction d'Air Intelligent Pro 100mm AeroZesh T4 GrowHub E42A+ Contrôle VPD Température Humidité, Connexion APP Filtre à Charbon A","1","amazon.fr","Amazon","Argenteuil","","95100","MarketplaceFacilitator","191,66","38,33","0","0","0","0","0","0","-38,33","-34,50","-9,42","-1,32","0","146,42","Différé",
"11 mai 2026 08:10:53 UTC","26991156042","Commande","171-4571577-5134731","VSF-AWE6-G2x2-EU","VIVOSUN Ventilateur de Culture Oscillant, Ventilateur à Pince 150mm, Contrôle Par APP Wi-Fi Intelligent, 10 Vitesses & 2 Modes, Circulateur d'Air po","1","amazon.fr","Amazon","Fontenay aux Roses","","92260","MarketplaceFacilitator","90,82","18,17","0","0","0","0","0","0","-18,17","-16,35","-7,72","-0,72","0","66,03","Différé",
"11 mai 2026 08:32:32 UTC","26991156042","Commande","171-4667146-9757900","311001-20x5-EU-M","VIVOSUN Lot 5 Sac de Plantation 80L Sacs de Culture Tissu Non Tissé Sac à Plantes, Pots Tissu Épais Haute Résistance avec Poignées pour Légumes,","1","amazon.fr","Vendeur","Le Plan De La Tour","","83120","MarketplaceFacilitator","27,49","5,50","0","0","0","0","0","0","-5,50","-4,95","0","-0,15","0","22,39","Différé",
"11 mai 2026 08:33:06 UTC","26991156042","Commande","408-4346385-5099561","304113-NEW-3018-EU","VIVOSUN Tente de Culture 75x45x90cm, Tente de Croissance Intérieure en Mylar Hautement Réfléchissant avec Fenêtre D'observation et Bac de Fond pou","1","amazon.fr","Vendeur","St Christophe","","17220","MarketplaceFacilitator","74,99","15,00","0","0","0","0","0","0","-15,00","-13,50","0","-0,41","0","61,08","Différé",
"12 mai 2026 00:53:22 UTC","26991156042","Commande","405-2420076-4275519","304113-2014-EU-M","VIVOSUN Tente de Culture Petite 50x36x54cm, Tente de Culture Mini avec Mylar Hautement Réfléchissant, Design de Fond Scellé, Fenêtre de Ventilatio","1","amazon.fr","Vendeur","Grenoble","","38000","MarketplaceFacilitator","41,66","8,33","0","0","0","0","0","0","-8,33","-7,50","0","-0,23","0","33,93","Différé",
"12 mai 2026 00:54:44 UTC","26991156042","Commande","404-5095147-6364360","VSF-AWD4-EU-M","VIVOSUN AeroWave D4 Ventilateur de Culture Oscillant 100mm, Ventilateur à Pince avec Crochet, 3 Vitesses, Flux d'Air Puissant & Silencieux, pour Grow","1","amazon.fr","Vendeur","Vatilieu","","38470","MarketplaceFacilitator","23,32","4,67","0","0","0","0","0","0","-4,67","-4,20","0","-0,13","0","18,99","Différé",
"12 mai 2026 00:55:36 UTC","26991156042","Commande","404-2219394-1866704","304113-NEW-3018-EU","VIVOSUN Tente de Culture 75x45x90cm, Tente de Croissance Intérieure en Mylar Hautement Réfléchissant avec Fenêtre D'observation et Bac de Fond pou","1","amazon.fr","Vendeur","Bayonne","Pyrénées Atlantiques","64100","MarketplaceFacilitator","74,99","15,00","0","0","0","0","0","0","-15,00","-13,50","0","-0,41","0","61,08","Différé",
"12 mai 2026 01:37:06 UTC","26991156042","Commande","403-8334842-3195506","VSE-UH075-EU-M","VIVOSUN AeroStream U075 Humidificateur USB, Humidificateur Mini à Brume Fraîche de 750 ml avec 2 Modes de Brume, Arrêt Automatique, Télécommande","1","amazon.fr","Vendeur","Juvignac","Herault","34990","MarketplaceFacilitator","30,82","6,17","0","0","0","0","0","0","-6,17","-5,55","0","-0,17","0","25,10","Différé",
"12 mai 2026 15:37:11 UTC","26991156042","Commande","406-3009141-9393146","VSVC-AZT6-EU","VIVOSUN Kit Extraction Ventilateur Conduit 150mm 693m³/h Régulateur Vitesse E12 Filtre à Charbon & Conduit 240cm AeroZesh T6 Système Refroidisseme","1","amazon.fr","Amazon","Argenteuil","","95100","MarketplaceFacilitator","187,49","37,50","0","0","0","0","0","0","-37,50","-33,75","-13,40","-1,41","0","138,93","Différé",
"12 mai 2026 20:51:37 UTC","26991156042","Commande","402-2331708-2076345","311003-4X2NJ-EU","VIVOSUN Lot de 2 Sécateur de Jardin 17 cm, Poignée Ergonomique, Lame Droite en Acier Inoxydable avec Revêtement en Titane, Poignée Verrouillable,","1","amazon.fr","Amazon","gouesnach","","29950","MarketplaceFacilitator","10,82","2,17","0","0","0","0","0","0","-2,17","-1,95","-2,85","-0,15","0","5,87","Différé",
"12 mai 2026 21:47:08 UTC","26991156042","Commande","408-9104591-4961936","306146-0412-EU","VIVOSUN Filtre à Charbon Actif 100mm pour Contrôle Odeurs Charbon Vierge d'Australie pour Ventilateur en Ligne, Epurateur Odeurs pour Tente de Cultu","1","amazon.fr","Amazon","Beaurieux","Aisne","02160","MarketplaceFacilitator","46,61","9,32","0","0","0","0","0","0","-9,32","-8,39","-7,01","-0,46","0","30,75","Différé",
"12 mai 2026 22:11:23 UTC","26991156042","Commande","407-8670688-3100302","311003-5-EU","VIVOSUN Sécateur de Jardin 17 cm, Poignée Ergonomique, Lame Droite Acier Inoxydable, Lame Antiadhésive Revêtue Titane, Poignée Verrouillable, Con","1","amazon.fr","Amazon","Aulnay-sous-Bois","","93600","MarketplaceFacilitator","9,16","1,83","0","0","0","0","0","0","-1,83","-1,65","-2,83","-0,13","0","4,55","Différé",
"13 mai 2026 00:29:25 UTC","26991156042","Commande","171-5198044-9829901","VS-THB1-EU","VIVOSUN AeroLab THB1 Thermomètre Hygromètre Bluetooth sans Fil, Moniteur de Température Intelligent VPD Humidimètre Numérique Télécommande&Aler","1","amazon.fr","Amazon","Malviès","","11300","MarketplaceFacilitator","18,96","3,79","0","0","0","0","0","0","-3,79","-2,96","-4,46","-0,22","0","11,32","Différé",
"13 mai 2026 00:29:25 UTC","26991156042","Commande","171-5198044-9829901","LH-001-2-EU","VIVOSUN Lot de 2 Cintres Réglables pour Lampe de Culture à Cliquet 1/8 Pouces Cintre en Corde avec Engrenages en Métal Renforcés 8 Pieds. Corde Lo","1","amazon.fr","Amazon","Malviès","","11300","MarketplaceFacilitator","12,28","2,46","0","0","0","0","0","0","-2,46","-2,21","-4,37","-0,20","0","5,50","Différé",
"13 mai 2026 01:07:36 UTC","26991156042","Commande","407-1408056-2872302","304113-2014-EU-M","VIVOSUN Tente de Culture Petite 50x36x54cm, Tente de Culture Mini avec Mylar Hautement Réfléchissant, Design de Fond Scellé, Fenêtre de Ventilatio","1","amazon.fr","Vendeur","Nantes","","44300","MarketplaceFacilitator","41,66","8,33","0","0","0","0","0","0","-8,33","-7,50","0","-0,23","0","33,93","Différé",
"13 mai 2026 01:07:36 UTC","26991156042","Commande","407-1408056-2872302","VSE-UH075-EU-M","VIVOSUN AeroStream U075 Humidificateur USB, Humidificateur Mini à Brume Fraîche de 750 ml avec 2 Modes de Brume, Arrêt Automatique, Télécommande","1","amazon.fr","Vendeur","Nantes","","44300","MarketplaceFacilitator","30,82","6,17","0","0","0","0","0","0","-6,17","-5,55","0","-0,17","0","25,10","Différé",
"13 mai 2026 01:08:09 UTC","26991156042","Commande","405-9814405-8193102","VSGB-15-EU-M","VIVOSUN Lot 5 Sac de Plantation 60L Sacs de Culture Tissu Non Tissé Sac à Plantes 500g/m² Épaisseur, Pots Tissu avec Poignées et Anneaux Polyvale","1","amazon.fr","Vendeur","KERBACH","","57460","MarketplaceFacilitator","29,99","6,00","0","0","0","0","0","0","-6,00","-5,40","0","-0,16","0","24,43","Différé",
"13 mai 2026 01:10:31 UTC","26991156042","Commande","408-0863123-9507527","VSF-AWD4-EU-M","VIVOSUN AeroWave D4 Ventilateur de Culture à Pince 10 cm avec Crochet, 3 Vitesses, Flux d'air Puissant et Silencieux, Angle réglable pour hydroponie","1","amazon.fr","Vendeur","Oytier-Saint-Oblas","","38780","MarketplaceFacilitator","23,32","4,67","0","0","0","0","0","0","-4,67","-4,20","0","-0,13","0","18,99","Différé",
"13 mai 2026 04:03:58 UTC","26991156042","Commande","408-1083758-2835531","306143-0412-EU","VIVOSUN Filtre à Charbon Actif 100mm Filtre à Charbon avec Préfiltre et Bride Réversible Filtre Charbon Purificateur d'Air pour Ventilateur en Lig","1","amazon.fr","Amazon","MUZILLAC","","56190","","38,32","0","0","0","0","0","0","0","0","-6,90","-7,01","-0,42","0","23,99","Différé",
"13 mai 2026 07:31:08 UTC","26991156042","Commande","171-9381740-7945155","VSL-LL100-EU","VIVOSUN Lampe de culture LED 100W, Lumière Led à Spectre Complet, Lumière pour Plantes à Luminosité Variable Intelligente et à PPFD Élevé pour","1","amazon.fr","Amazon","Niederlauterbach","","67630","","87,49","0","0","0","0","0","0","0","0","-13,12","-8,04","0","0","66,33","Différé",
"13 mai 2026 09:52:53 UTC","26991156042","Commande","402-9779221-8253957","311001-30x5-EU-M","VIVOSUN Lot 5 Sac de Plantation 120L Sacs de Culture Tissu Non Tissé Sac à Plantes, Pots Tissu Épais Haute Résistance avec Poignées pour Légumes","1","amazon.fr","Vendeur","Torxe","","17380","MarketplaceFacilitator","32,49","6,50","0","0","0","0","0","0","-6,50","-5,85","0","-0,18","0","26,46","Différé",
"13 mai 2026 11:43:40 UTC","26991156042","Remboursement","402-2460979-3983517","TN-55-EU","VIVOSUN Lot de 5 filets de treillis élastiques avec 4 crochets pour plantes grimpantes, légumes, fruits et fleurs","2","amazon.fr","Amazon","NANTEUIL LES MEAUX","","77100","MarketplaceFacilitator","-31,64","-6,34","0","0","0","0","0","0","6,34","4,56","0","0,17","0","-26,91","Sorti","17 mai 2026 15:14:26 UTC"
"13 mai 2026 15:27:57 UTC","26991156042","Commande","403-2626690-5309132","TN-55-EU","VIVOSUN Lot de 5 filets de treillis élastiques avec 4 crochets pour plantes grimpantes, légumes, fruits et fleurs","1","amazon.fr","Amazon","ADAINVILLE","","78113","MarketplaceFacilitator","15,82","3,17","0","0","0","0","0","0","-3,17","-2,85","-4,78","-0,23","0","7,96","Différé",
"13 mai 2026 21:42:52 UTC","26991156042","Commande","404-3306572-8819511","VSI-FFSW6-4-EU","VIVOSUN FlexFeed Lot de 4 Pots en Tissu Auto-arrosage avec Compteur d'eau et Fenêtre d'entretien, Système d'irrigation Automatique pour Tente de Cul","1","amazon.fr","Amazon","Clarmont","VD","11","MarketplaceFacilitator","72,49","5,87","0,92","0,07","0","0","-0,92","-0,07","-5,87","-13,05","-9,94","-0,69","0","48,81","Différé",
"14 mai 2026 00:55:54 UTC","26991156042","Commande","171-3971009-8489105","330301-EU-M","VIVOSUN Tapis Chauffant pour Semis 25x52cm, avec Régulateur de Température Intégré, Tapis Chauffant étanche Certifié UL et MET pour Intérieur S","1","amazon.fr","Vendeur","CHATEAUNEUF LE ROUGE","","13790","MarketplaceFacilitator","29,99","6,00","0","0","0","0","0","0","-6,00","-5,40","0","-0,16","0","24,43","Différé",
"14 mai 2026 20:00:12 UTC","26991156042","Commande","402-6883008-8501908","VSF-AWD4W-EU-FBA","VIVOSUN AeroWave D4 Ventilateur de Culture à Pince 10 cm avec Crochet, 3 Vitesses, Flux d'air Puissant et Silencieux, Angle réglable pour hydroponie","1","amazon.fr","Amazon","Chouzy sur Cisse","","41150","MarketplaceFacilitator","20,82","4,17","0","0","0","0","0","0","-4,17","-3,75","-5,15","-0,26","0","11,66","Différé",
"15 mai 2026 00:18:47 UTC","26991156042","Commande","406-2086349-7869155","TN-55-EU","VIVOSUN Lot de 5 filets de treillis élastiques avec 4 crochets pour plantes grimpantes, légumes, fruits et fleurs","1","amazon.fr","Amazon","MARCILLY SUR SEINE","","51260","MarketplaceFacilitator","15,82","3,17","0","0","0","0","0","0","-3,17","-2,85","-4,78","-0,23","0","7,96","Différé",
"15 mai 2026 00:28:41 UTC","26991156042","Commande","405-4285151-0999517","306143-0412-EU","VIVOSUN Filtre à Charbon Actif 100mm Filtre à Charbon avec Préfiltre et Bride Réversible Filtre Charbon Purificateur d'Air pour Ventilateur en Lig","1","amazon.fr","Amazon","Combs-la-Ville","FR","77380","MarketplaceFacilitator","38,32","7,67","0","0","0","0","0","0","-7,67","-6,90","-7,01","-0,42","0","23,99","Différé",
"15 mai 2026 01:21:22 UTC","26991156042","Commande","407-1932863-7317963","VSF-AWE6-G2-EU","VIVOSUN Ventilateur de Culture Oscillant, Ventilateur à Pince 150mm, Contrôle Par APP Wi-Fi Intelligent, 10 Vitesses & 2 Modes, Circulateur d'Air po","1","amazon.fr","Amazon","Hornu","Boussu","7301","MarketplaceFacilitator","41,66","8,75","0","0","0","0","0","0","-8,75","-7,50","-6,39","-0,42","0","27,35","Différé",
"15 mai 2026 08:13:35 UTC","26991156042","Remboursement","405-6756062-1382731","332021-EU-M","VIVOSUN Loupe de bijoutier pliable avec lumière LED pour bijoux, pierres précieuses, montres, pièces de monnaie, timbres, antiquités Blanc","1","amazon.fr","Vendeur","Saint-Quentin","","02100","MarketplaceFacilitator","-11,66","-2,33","0","0","0","0","0","0","2,33","0,90","0","0,03","0","-10,73","Différé",
"15 mai 2026 08:23:42 UTC","26991156042","Commande","403-4014005-7358728","VSV-AZT6-EU","VIVOSUN AeroZesh T6 Ventilateur Conduit 150mm 693 m³/h Ventilateur en Ligne Extraction E12 Régulateur Vitesse PWM Programmables Tentes Culture Venti","1","amazon.fr","Amazon","Tarbes","","65000","MarketplaceFacilitator","79,16","15,83","0","0","0","0","0","0","-15,83","-14,25","-8,11","-0,67","0","56,13","Différé",
"15 mai 2026 10:53:22 UTC","26991156042","Commande","171-1016134-6177152","306146-0412-EU","VIVOSUN Filtre à Charbon Actif 100mm pour Contrôle Odeurs Charbon Vierge d'Australie pour Ventilateur en Ligne, Epurateur Odeurs pour Tente de Cultu","1","amazon.fr","Amazon","Carnac","","56340","MarketplaceFacilitator","39,99","8,00","0","0","0","0","0","0","-8,00","-7,20","-7,01","-0,43","0","25,35","Différé",
"15 mai 2026 12:06:35 UTC","26991156042","Commande","407-0986011-6811527","VSE-ASH05-EU","VIVOSUN Humidificateur D'Air pour Plantes 5L Humidificateur Intelligent Plantes, Aerostream H05 24DB Silencieux Brume Fraîche 360° 50H Remplissage F","1","amazon.fr","Amazon","Tremblay En France","","93290","MarketplaceFacilitator","70,82","14,17","0","0","0","0","0","0","-14,17","-12,75","-7,93","-0,62","0","49,52","Différé",
"15 mai 2026 15:25:37 UTC","26991156042","Commande","403-0814383-4277911","GH-E42AP-EU","VIVOSUN Growhub Contrôleur E42A+ pour Tente de Culture, Contrôleur Wi-Fi Environnemental Intelligent avec Température, Humidité, Vpd, Minuterie, C","1","amazon.fr","Amazon","GIBERVILLE","","14730","MarketplaceFacilitator","72,91","14,58","0","0","0","0","0","0","-14,58","-13,12","-4,79","-0,53","0","54,47","Différé",
"15 mai 2026 16:27:48 UTC","26991156042","Commande","403-5430941-5061905","306146-0412-EU","VIVOSUN Filtre à Charbon Actif 100mm pour Contrôle Odeurs Charbon Vierge d'Australie pour Ventilateur en Ligne, Epurateur Odeurs pour Tente de Cultu","1","amazon.fr","Amazon","Paris","","75001","MarketplaceFacilitator","39,99","8,00","0","0","0","0","-4,00","-0,80","-7,20","-6,48","-7,01","-0,40","0","22,10","Différé",
"15 mai 2026 19:39:19 UTC","26991156042","Commande","171-2644206-0898741","VSF-AWD4W-EU-FBA","VIVOSUN AeroWave D4 Ventilateur de Culture à Pince 10 cm avec Crochet, 3 Vitesses, Flux d'air Puissant et Silencieux, Angle réglable pour hydroponie","1","amazon.fr","Amazon","ST MIHIEL","","55300","MarketplaceFacilitator","20,82","4,17","0","0","0","0","0","0","-4,17","-3,75","-5,15","-0,26","0","11,66","Différé",
"15 mai 2026 21:36:48 UTC","26991156042","Commande","407-1932863-7317963","VSC-GCC4-EU","VIVOSUN GrowCam C4, caméra intelligente Wi-Fi 2K QHD pour tente de culture et VGrow Smart Grow Box, prend en charge le Wi-Fi 2,4 GHz (pas 5 GHz/6 GHz","1","amazon.fr","Amazon","Hornu","Boussu","7301","MarketplaceFacilitator","46,03","9,67","0","0","0","0","0","0","-9,67","-7,18","-5,15","-0,37","0","33,33","Différé",
