"Includes Amazon Marketplace, Fulfilment by Amazon (FBA), and Amazon Webstore transactions"
"All amounts in GBP, unless specified"
"Definitions:"
"Date/Time: Posted date/time of the transaction"
"Sales tax collected: Includes sales tax collected from buyers for product sales, delivery, and gift wrap."
"Selling fees: Includes variable closing fees and referral fees."
"Other transaction fees: Includes delivery chargebacks, delivery holdbacks."
"Other: Includes non-order transaction amounts. For more details, see the ""Type"" and ""Description"" columns for each order ID."
"Note: Reports with a start date of 1 Jan 2025 or later are indexed by the posted date, include both released and deferred transactions and have two new columns. You may need to update integrations or third-party mappings."
"date/time","settlement id","type","order id","sku","description","quantity","marketplace","fulfilment","order city","order state","order postal","tax collection model","product sales","product sales tax","postage credits","shipping credits tax","gift wrap credits","giftwrap credits tax","promotional rebates","promotional rebates tax","marketplace withheld tax","selling fees","fba fees","other transaction fees","other","total","Transaction status","Transaction Release Date"
"31 Mar 2026 23:22:44 UTC","26777203122","Order","206-9629068-1949959","TN-33-UK","VIVOSUN Garden Netting 90 x 90 cm Elastic Trellis Net with 4 Hooks Trellis Net for Climbing Plants Vegetables Fruits and Flowers","1","amazon.co.uk","Amazon","GLASGOW","Lanarkshire","G53 7","MarketplaceFacilitator","12.03","2.41","0","0","0","0","0","0","-2.41","-2.17","-2.42","-0.09","0","7.35","Released","8 Apr 2026 21:01:01 UTC"
"31 Mar 2026 23:29:55 UTC","26777203122","Order","205-5566907-7161918","311001-3x5-UK-N","VIVOSUN Grow Bags 5 Pack 12L, Heavy Duty Thickened Nonwoven Fabric Pots with Strong Handles for Vegetables, Flowers, Fruits, Greenhouse and Garden","1","amazon.co.uk","Amazon","LONDON","","SE27 0","MarketplaceFacilitator","13.32","2.67","0","0","0","0","0","0","-2.67","-2.40","-3.15","-0.11","0","7.66","Released","8 Apr 2026 16:55:38 UTC"
"1 Apr 2026 00:20:34 UTC","26777203122","Order","202-0325347-3753931","306143-0412-UK-N","VIVOSUN 4 Inch Air Carbon Filter Odor Control with Australia Virgin Charcoal for Inline Fan, Grow Tent Odor Scrubber Indoor Hydroponics, Pre-filter In","1","amazon.co.uk","Amazon","SHEFFIELD","S Yorkshire","S8 9","MarketplaceFacilitator","30.66","6.13","0","0","0","0","0","0","-6.13","-5.52","-3.34","-0.18","0","21.62","Released","8 Apr 2026 20:55:44 UTC"
"1 Apr 2026 01:17:29 UTC","26777203122","Order","203-3582871-6165108","GH-E25-UK-FBM","VIVOSUN GrowHub Controller E25 for Grow Tent Cooling Ventilation Lighting, Supports Smart Grow System Devices, Expansion Port for E42/E42A WiFi & App","4","amazon.co.uk","Seller","SHEFFIELD","","S8 7","MarketplaceFacilitator","86.64","17.32","0","0","0","0","0","0","-17.32","-15.60","0","-0.31","0","70.73","Released","10 Apr 2026 23:44:50 UTC"
"1 Apr 2026 01:50:33 UTC","26777203122","Order","204-9138737-9317905","VSF-AWD4-UK-FBM","VIVOSUN AeroWave D4, 4"" Grow Tent Clip Fan with Detachable Hook, 3-Speed Strong & Quiet Airflow, Adjustable Airflow Angle for Hydroponics, Circulation","1","amazon.co.uk","Seller","LEICESTER","uk","LE3 1","MarketplaceFacilitator","16.66","3.33","0","0","0","0","0","0","-3.33","-3.00","0","-0.06","0","13.60","Released","11 Apr 2026 14:49:08 UTC"
"1 Apr 2026 02:41:48 UTC","26777203122","Order","205-3923846-5720323","311003-5-UK","VIVOSUN Gardening Scissors 6.5 Inch Hand Pruner Shear with Titanium Coated Blades, Pruning Shear for Plants, Flowers, Hedges 1-Pack Blue","1","amazon.co.uk","Amazon","LAYCOCK","","BD22 0","MarketplaceFacilitator","6.66","1.33","0","0","0","0","0","0","-1.33","-1.20","-1.67","-0.05","0","3.74","Released","8 Apr 2026 16:08:57 UTC"
"1 Apr 2026 03:14:04 UTC","26777203122","Refund","204-6660313-9708320","304113-44-UK-FBM","VIVOSUN Grow Tent 120x120x200 cm (48""x48""x80""), Made of Highly Reflective Mylar, with Viewing Window and Base Tray for Hydroponics and Indoor Growing,","1","amazon.co.uk","Seller","BATH","","BA1 9","","-179.99","0","0","0","0","0","0","0","0","22.00","0","0.54","0","-157.45","Released","6 Apr 2026 23:10:11 UTC"
"1 Apr 2026 04:03:39 UTC","26777203122","Order","202-8774465-8199531","306143-0412-UK-N","VIVOSUN 4 Inch Air Carbon Filter Odor Control with Australia Virgin Charcoal for Inline Fan, Grow Tent Odor Scrubber Indoor Hydroponics, Pre-filter In","1","amazon.co.uk","Amazon","Rugby","","CV21 4","MarketplaceFacilitator","30.66","6.13","0","0","0","0","0","0","-6.13","-5.52","-3.34","-0.18","0","21.62","Released","8 Apr 2026 23:02:06 UTC"
"1 Apr 2026 05:00:03 UTC","26777203122","Order","203-9799667-2111558","304113-P276-UK","VIVOSUN Pro Grow Tent 80x80x160 CM (32""x32""x63""), with Thick 22 mm Poles, 2000DOxford Fabric with Highly Reflective Mylar Extra Hanging Poles, Growbox","1","amazon.co.uk","Amazon","MIDDLESBROUGH","","TS5 4","MarketplaceFacilitator","75.82","15.17","1.87","0.37","0","0","-1.87","-0.37","-15.17","-13.65","-6.00","-0.39","0","55.78","Released","8 Apr 2026 16:20:40 UTC"
"1 Apr 2026 07:22:26 UTC","26777203122","Order","026-2239202-0653969","304113-P276-UK","VIVOSUN Pro Grow Tent 80x80x160 CM (32""x32""x63""), with Thick 22 mm Poles, 2000DOxford Fabric with Highly Reflective Mylar Extra Hanging Poles, Growbox","1","amazon.co.uk","Amazon","WALTON ON THE NAZE","","CO14 8","MarketplaceFacilitator","75.82","15.17","0","0","0","0","0","0","-15.17","-13.65","-6.00","-0.39","0","55.78","Released","9 Apr 2026 22:37:24 UTC"
"1 Apr 2026 08:29:49 UTC","26777203122","Liquidations","149945267527552","X001VV4KGZ","VIVOSUN Grow Tent 120x60x150 CM (48""x24""x60""), Made of Highly Reflective Mylar, with Viewing Window and Base Tray for Hydroponics and Indoor Growing, S425, Suitable for VS2000","1","","","","","","","9.72","1.94","0","0","0","0","0","0","0","0","0","-8.72","0","2.94","Deferred",
"1 Apr 2026 08:38:27 UTC","26777203122","Order","205-4233332-4897102","VSF-AWD4x2-UK-M","VIVOSUN AeroWave D4, 4"" Grow Tent Clip Fan with Detachable Hook, 3-Speed Strong & Quiet Airflow, Adjustable Airflow Angle for Hydroponics, Circulation","1","amazon.co.uk","Seller","MILTON KEYNES","","MK8 8","MarketplaceFacilitator","29.99","6.00","0","0","0","0","0","0","-6.00","-5.40","0","-0.11","0","24.48","Released","10 Apr 2026 21:22:33 UTC"
"1 Apr 2026 09:08:07 UTC","26777203122","Order","202-2739346-7732339","305131-PEN-UK-M","VIVOSUN Digital pH Meter, 0.01pH High Accuracy Pen Type pH Tester for Hydroponics, Household Drinking, Pool and Aquarium, UL Certified","1","amazon.co.uk","Seller","BIRMINGHAM","","B38 9","MarketplaceFacilitator","8.29","1.66","0","0","0","0","0","0","-1.66","-1.49","0","-0.03","0","6.77","Released","10 Apr 2026 21:27:36 UTC"
"1 Apr 2026 09:50:33 UTC","26777203122","Order","204-0795749-8442717","LED-300-UK","VIVOSUN VS3000 LED Grow Light with Samsung LM301 Diodes & Driver, Sun-Like Full Spectrum for Seedling, Vegetative & Flower, 300 W Plant Lamp for 90 x","1","amazon.co.uk","Amazon","BIRMINGHAM","","B47 5","MarketplaceFacilitator","145.82","29.17","0","0","0","0","0","0","-29.17","-26.25","-5.70","-0.64","0","113.23","Released","9 Apr 2026 23:03:10 UTC"
"1 Apr 2026 10:14:07 UTC","26777203122","Order","203-2135883-2609137","VSGB-10-UK-FBM","VIVOSUN Grow Bags 5-Pack 40L, 500G Thick Nonwoven Fabric Pots with Strap Handles, Multi-Purpose Rings, for Low Stress Plant Training Fruits, Vegetable","1","amazon.co.uk","Seller","CHICHESTER","","PO18 9","MarketplaceFacilitator","19.16","3.83","0","0","0","0","0","0","-3.83","-3.45","0","-0.07","0","15.64","Released","10 Apr 2026 23:16:21 UTC"
"1 Apr 2026 10:56:05 UTC","26777203122","Order","205-6669826-8983504","305130-PEN-UK-FBM","VIVOSUN Digital pH and TDS Meter Kits, 0.01pH High Accuracy Pen Type pH Meter ± 2% Readout Accuracy 3-in-1 TDS EC Temperature Meter for Hydroponics,","1","amazon.co.uk","Seller","Gloucester","","GL25","MarketplaceFacilitator","13.32","2.67","0","0","0","0","0","0","-2.67","-2.40","0","-0.05","0","10.87","Released","10 Apr 2026 20:56:39 UTC"
"1 Apr 2026 12:05:06 UTC","26777203122","Order","202-5834391-7462757","VSF-AWD4x2-UK-M","VIVOSUN AeroWave D4, 4"" Grow Tent Clip Fan with Detachable Hook, 3-Speed Strong & Quiet Airflow, Adjustable Airflow Angle for Hydroponics, Circulation","1","amazon.co.uk","Seller","BURNLEY","","BB11 4","MarketplaceFacilitator","29.99","6.00","0","0","0","0","0","0","-6.00","-5.40","0","-0.11","0","24.48","Released","10 Apr 2026 21:51:56 UTC"
"1 Apr 2026 13:04:20 UTC","26777203122","Liquidations","149959906078552","X0022PUP95","VIVOSUN Soil Tester, 3-in-1 Plant Moisture Meter Light and PH Tester for Home, Garden, Lawn, Farm, Indoor and Outdoor Use, Promote Plants Healthy Growth","1","","","","","","","0.06","0.01","0","0","0","0","0","0","0","0","0","-0.38","0","-0.31","Deferred",
"1 Apr 2026 13:27:42 UTC","26777203122","Refund","026-6038022-5672315","304113-22-UK-N-FBM","VIVOSUN S224 2x2 Grow Tent, 60 x 60 x 120 cm High Reflective Mylar with Observation Window and Floor Tray for Hydroponics Indoor Plant for VS1000","1","amazon.co.uk","Seller","BOURNEMOUTH","","BH9 3","MarketplaceFacilitator","-56.32","-11.27","0","0","0","0","0","0","11.27","8.11","0","0.20","0","-48.01","Released","1 Apr 2026 13:27:42 UTC"
"1 Apr 2026 13:30:00 UTC","26777203122","Delivery Services","026-6038022-5672315","","ReturnPostageBilling","","","","","","","","0","0","0","0","0","0","0","0","0","0","0","0","-2.73","-2.73","Released","1 Apr 2026 13:30:00 UTC"
"1 Apr 2026 14:07:22 UTC","26777203122","Order","203-3574743-8070734","311003-4-UK-FBM","VIVOSUN Gardening Scissors 17cm Hand Pruner Pruning Shear with Straight Blades and Titanium Non-Stick Coating Rose Scissors Orange","1","amazon.co.uk","Seller","BROADSTAIRS","","CT10 2","MarketplaceFacilitator","8.32","1.67","0","0","0","0","0","0","-1.67","-1.50","0","-0.03","0","6.79","Released","11 Apr 2026 23:32:40 UTC"
"1 Apr 2026 15:07:34 UTC","26777203122","Order","204-6622796-0737156","Spray-SX-CS5-UK-M","VIVOSUN Pump Sprayer 5L, Portable Water Spray Bottle in Lawn and Garden Yard, Weed Sprayer for Plants with 3 Nozzles, Adjustable Shoulder Strap, Press","1","amazon.co.uk","Seller","ILFORD","","IG2 6","MarketplaceFacilitator","29.99","6.00","0","0","0","0","0","0","-6.00","-5.40","0","-0.11","0","24.48","Released","11 Apr 2026 23:11:27 UTC"
"1 Apr 2026 16:49:45 UTC","26777203122","Order","202-3989670-8077922","305130-PEN-UK-FBM","VIVOSUN Digital pH and TDS Meter Kits, 0.01pH High Accuracy Pen Type pH Meter ± 2% Readout Accuracy 3-in-1 TDS EC Temperature Meter for Hydroponics,","1","amazon.co.uk","Seller","WARWICK","Warks","CV34 4","MarketplaceFacilitator","13.32","2.67","0","0","0","0","0","0","-2.67","-2.40","0","-0.05","0","10.87","Released","11 Apr 2026 19:54:22 UTC"
"1 Apr 2026 17:01:31 UTC","26777203122","Order","202-3249702-7985907","VSF-AWD4x2-UK-M","VIVOSUN AeroWave D4, 4"" Grow Tent Clip Fan with Detachable Hook, 3-Speed Strong & Quiet Airflow, Adjustable Airflow Angle for Hydroponics, Circulation","1","amazon.co.uk","Seller","LONDON","","SW19 1","MarketplaceFacilitator","25.49","5.10","0","0","0","0","0","0","-5.10","-4.59","0","-0.09","0","20.81","Released","11 Apr 2026 20:42:50 UTC"
"1 Apr 2026 18:37:43 UTC","26777203122","Order","204-8083214-4345908","VSF-AWD4x2-UK-M","VIVOSUN AeroWave D4, 4"" Grow Tent Clip Fan with Detachable Hook, 3-Speed Strong & Quiet Airflow, Adjustable Airflow Angle for Hydroponics, Circulation","2","amazon.co.uk","Seller","LONDON","","E17 7","","61.18","0","0","0","0","0","0","0","0","-9.18","0","-0.18","0","51.82","Released","11 Apr 2026 22:54:44 UTC"
"1 Apr 2026 18:37:43 UTC","26777203122","Order","204-8083214-4345908","VSI-FFD2-UK-FBM","VIVOSUN FlexFeed Drip Irrigation Kit, 4W Automatic Irrigation System with Pump & 4 Drip Emitters, App-Controllable Professional Plant Watering Drip Ki","2","amazon.co.uk","Seller","LONDON","","E17 7","","47.98","0","0","0","0","0","0","0","0","-7.20","0","-0.14","0","40.64","Released","11 Apr 2026 22:54:44 UTC"
"1 Apr 2026 18:37:43 UTC","26777203122","Order","204-8083214-4345908","VSE-ASH05-UK-FBM","VIVOSUN AeroStream H05 Intelligent Wi-Fi Humidifier 5 L, Plant Humidifier with Temp & Humidity Probe, Smart Remote VPD Control, Designed for Growers G","2","amazon.co.uk","Seller","LONDON","","E17 7","","139.98","0","0","0","0","0","0","0","0","-21.00","0","-0.42","0","118.56","Released","11 Apr 2026 22:54:44 UTC"
"1 Apr 2026 18:37:44 UTC","26777203122","Order","026-8953239-3094702","VSGB-10-UK-FBM","VIVOSUN Grow Bags 5-Pack 40L, 500G Thick Nonwoven Fabric Pots with Strap Handles, Multi-Purpose Rings, for Low Stress Plant Training Fruits, Vegetable","1","amazon.co.uk","Seller","ALTON","","GU34 5","MarketplaceFacilitator","15.32","3.07","0","0","0","0","0","0","-3.07","-2.76","0","-0.06","0","12.50","Released","12 Apr 2026 00:07:24 UTC"
"1 Apr 2026 19:10:47 UTC","26777203122","Transfer","","","To account ending with: 946","","","","","","","","0","0","0","0","0","0","0","0","0","0","0","0","-10,682.28","-10,682.28","Released","1 Apr 2026 19:10:47 UTC"
"1 Apr 2026 19:10:49 UTC","26777203122","Order","026-2642859-8879567","VSE-ASH19-UK-FBM","VIVOSUN AeroStream H19 Plant Humidifier Intelligent Environmental 19L Humidifier with Temp & Humidity Probe, Top Control Panel, Smart Remote Control,","1","amazon.co.uk","Seller","BRISTOL","","BS167","","209.99","0","0","0","0","0","0","0","0","-31.50","0","-0.63","0","177.86","Released","11 Apr 2026 23:14:20 UTC"
"1 Apr 2026 19:13:44 UTC","26777203122","Order","206-9088742-1957169","305130-PEN-UK-FBM","VIVOSUN Digital pH and TDS Meter Kits, 0.01pH High Accuracy Pen Type pH Meter ± 2% Readout Accuracy 3-in-1 TDS EC Temperature Meter for Hydroponics,","1","amazon.co.uk","Seller","Mansfield","","NG21 9","MarketplaceFacilitator","13.32","2.67","0","0","0","0","0","0","-2.67","-2.40","0","-0.05","0","10.87","Released","11 Apr 2026 22:53:35 UTC"
"1 Apr 2026 20:07:59 UTC","26777203122","Order","205-3058409-2052302","GH-E25-UK-FBM","VIVOSUN GrowHub Controller E25 for Grow Tent Cooling Ventilation Lighting, Supports Smart Grow System Devices, Expansion Port for E42/E42A WiFi & App","2","amazon.co.uk","Seller","BRIGHOUSE","","HD6 2","MarketplaceFacilitator","43.32","8.66","0","0","0","0","0","0","-8.66","-7.80","0","-0.16","0","35.36","Released","11 Apr 2026 20:39:32 UTC"
"1 Apr 2026 20:07:59 UTC","26777203122","Order","205-3058409-2052302","VS-THB1S-UK-FBM","VIVOSUN AeroLab THB1S Wireless Bluetooth Hygrometer Thermometer Indoor, VPD, Digital Temp Humidity Meter, LCD Smart App Control & Alert, Data Storage,","1","amazon.co.uk","Seller","BRIGHOUSE","","HD6 2","MarketplaceFacilitator","20.82","4.17","0","0","0","0","0","0","-4.17","-3.25","0","-0.07","0","17.50","Released","11 Apr 2026 20:39:32 UTC"
"1 Apr 2026 20:28:01 UTC","26777203122","Order","026-8516902-0677157","VSF-AWD4-UK-FBM","VIVOSUN AeroWave D4, 4"" Grow Tent Clip Fan with Detachable Hook, 3-Speed Strong & Quiet Airflow, Adjustable Airflow Angle for Hydroponics, Circulation","1","amazon.co.uk","Seller","HAVERHILL","","CB9 9","MarketplaceFacilitator","14.16","2.83","0","0","0","0","0","0","-2.83","-2.55","0","-0.05","0","11.56","Released","11 Apr 2026 22:17:58 UTC"
"1 Apr 2026 20:42:13 UTC","26777203122","Order","206-3054626-1101116","SPray-08L-R-UK","VIVOSUN 0.8 L Hand Sprayer with Adjustable Brass Nozzle for Garden and Lawn Care, Pump Sprayer Garden Sprayer for Plant Spraying, Car Care and Other C","1","amazon.co.uk","Amazon","UXBRIDGE","","UB9 6","MarketplaceFacilitator","13.45","2.69","0","0","0","0","0","0","-2.69","-2.42","-3.35","-0.12","0","7.56","Released","9 Apr 2026 22:17:48 UTC"
"1 Apr 2026 20:49:48 UTC","26777203122","Order","204-3169161-2071553","305131-PEN-UK-M","VIVOSUN Digital pH Meter, 0.01pH High Accuracy Pen Type pH Tester for Hydroponics, Household Drinking, Pool and Aquarium, UL Certified","1","amazon.co.uk","Seller","rochester","","ME2 4","MarketplaceFacilitator","8.29","1.66","0","0","0","0","0","0","-1.66","-1.49","0","-0.03","0","6.77","Released","14 Apr 2026 22:55:29 UTC"
"1 Apr 2026 20:50:19 UTC","26777203122","Order","205-6006634-3826716","VS1000E-UK-FBM","VIVOSUN Grow Lamp LED 100 W Full Spectrum Plant Lamp with Samsung Diodes Grow Light IP65 for Indoor Plants Seedling Vegetative and Flower in 60 x 60 c","1","amazon.co.uk","Seller","MORECAMBE","","LA3 2","MarketplaceFacilitator","74.99","15.00","0","0","0","0","0","0","-15.00","-13.50","0","-0.27","0","61.22","Released","14 Apr 2026 08:02:06 UTC"
"1 Apr 2026 22:03:13 UTC","26777203122","Refund","026-1337432-3134769","304113-P224-UK","VIVOSUN Pro Grow Tent 60x60x120 CM (24""x24""x48""), with Thick 22 mm Poles, 2000D Oxford Fabric with Highly Reflective Mylar Extra Hanging Poles for Hyd","1","amazon.co.uk","Amazon","PERTH","","PH2 7","MarketplaceFacilitator","-58.32","-11.67","-3.74","-0.75","0","0","3.74","0.75","11.67","8.40","0","0.21","0","-49.71","Released","7 Apr 2026 22:51:52 UTC"
"1 Apr 2026 22:04:10 UTC","26777203122","Order","206-3371825-9688361","332022-2-UK","VIVOSUN 2-Pack 30X 60X Illuminated Jewelers Loupe Foldable Magnifier with LED Light for Jewelry Gems Watches Coins Stamps Antiques Black","1","amazon.co.uk","Amazon","SOUTHAMPTON","","SO16 5","MarketplaceFacilitator","13.32","2.67","0","0","0","0","0","0","-2.67","-2.40","-3.00","-0.11","0","7.81","Released","9 Apr 2026 22:42:13 UTC"
"1 Apr 2026 22:29:33 UTC","26777203122","Order","205-1205723-9119545","VS1000E-UK-FBM","VIVOSUN Grow Lamp LED 100 W Full Spectrum Plant Lamp with Samsung Diodes Grow Light IP65 for Indoor Plants Seedling Vegetative and Flower in 60 x 60 c","1","amazon.co.uk","Seller","LONDON","","N16 9","MarketplaceFacilitator","52.49","10.50","0","0","0","0","0","0","-10.50","-9.45","0","-0.19","0","42.85","Released","14 Apr 2026 16:13:39 UTC"
"1 Apr 2026 23:02:40 UTC","26777203122","Order","204-9635542-3201919","VS-THB1S-UK-FBM","VIVOSUN AeroLab THB1S Wireless Bluetooth Hygrometer Thermometer Indoor, VPD, Digital Temp Humidity Meter, LCD Smart App Control & Alert, Data Storage,","1","amazon.co.uk","Seller","Ffynnongroyw","Flintshire","CH8 9","MarketplaceFacilitator","20.82","4.17","0","0","0","0","0","0","-4.17","-3.25","0","-0.07","0","17.50","Released","11 Apr 2026 22:40:06 UTC"
"1 Apr 2026 23:26:07 UTC","26777203122","Order","204-4190505-6045158","VSF-AWD4-UK-FBM","VIVOSUN AeroWave D4, 4"" Grow Tent Clip Fan with Detachable Hook, 3-Speed Strong & Quiet Airflow, Adjustable Airflow Angle for Hydroponics, Circulation","1","amazon.co.uk","Seller","Manchester","Lancashire","M192","MarketplaceFacilitator","14.16","2.83","0","0","0","0","0","0","-2.83","-2.55","0","-0.05","0","11.56","Released","11 Apr 2026 22:29:42 UTC"
"1 Apr 2026 23:28:19 UTC","26777203122","Order","026-8205032-1275564","330701-01-UK","VIVOSUN Garden Netting 5 x 15ft. Plant Trellis Netting, Heavy-Duty Polyester Grow Net, Garden Trellis Netting with Square Mesh for Climbing Plants, Ve","1","amazon.co.uk","Amazon","BIRMINGHAM","","B45 0","MarketplaceFacilitator","6.37","1.27","0","0","0","0","0","0","-1.27","-1.15","-1.67","-0.05","0","3.50","Released","10 Apr 2026 18:18:51 UTC"
"1 Apr 2026 23:57:11 UTC","26777203122","Order","206-5786787-5664353","VSF-AWE6Wx2-UK","VIVOSUN AeroWave E6 Grow Tent Fan 6"", EC Motor, Smart Wifi Control, US Patented Auto Oscillating Clip fan, IP54, Strong Airflow but Quiet for Hydropon","1","amazon.co.uk","Amazon","WALSALL","W Midlands","WS2 0","MarketplaceFacilitator","58.39","11.68","0","0","0","0","0","0","-11.68","-10.51","-3.34","-0.28","0","44.26","Released","9 Apr 2026 18:24:19 UTC"
"2 Apr 2026 00:15:38 UTC","26777203122","Order","203-5485073-2867537","VSV-AZT4E42A-UK","VIVOSUN Inline Duct Fan 4 inch/100 mm with E42A WiFi-App Controller, Quiet Extractor Fan 357 m³/h with EC Motor Exhaust Fan for Heating, Cooling, Gre","1","amazon.co.uk","Amazon","Luton","Bedfordshire","LU1 5","MarketplaceFacilitator","108.32","21.67","1.25","0.25","0","0","-1.25","-0.25","-21.67","-19.50","-3.54","-0.46","0","84.82","Released","9 Apr 2026 20:39:06 UTC"
"2 Apr 2026 00:44:17 UTC","26777203122","Order","204-5687386-5035564","VSI-FFD2-UK-FBM","VIVOSUN FlexFeed Drip Irrigation Kit, 4W Automatic Irrigation System with Pump & 4 Drip Emitters, App-Controllable Professional Plant Watering Drip Ki","1","amazon.co.uk","Seller","WIGAN","","WN5 8","MarketplaceFacilitator","19.99","4.00","0","0","0","0","0","0","-4.00","-3.60","0","-0.07","0","16.32","Released","11 Apr 2026 21:20:52 UTC"
"2 Apr 2026 00:45:17 UTC","26777203122","Order","202-2451014-3030708","TN-24-UK","VIVOSUN Garden Netting 60 x 120 cm, Trellis Net with 4 Hooks Trellis Net for Climbing Plants Vegetables Fruits and Flowers","1","amazon.co.uk","Amazon","ABERDEEN","","AB24 2","MarketplaceFacilitator","13.32","2.67","0","0","0","0","0","0","-2.67","-2.40","-2.42","-0.10","0","8.40","Released","10 Apr 2026 23:50:07 UTC"
"2 Apr 2026 00:53:57 UTC","26777203122","Order","206-5133425-3318742","VS1000E-UK-FBM","VIVOSUN Grow Lamp LED 100 W Full Spectrum Plant Lamp with Samsung Diodes Grow Light IP65 for Indoor Plants Seedling Vegetative and Flower in 60 x 60 c","1","amazon.co.uk","Seller","STRATFORD-UPON-AVON","","CV375","MarketplaceFacilitator","52.49","10.50","0","0","0","0","0","0","-10.50","-9.45","0","-0.19","0","42.85","Released","14 Apr 2026 11:50:49 UTC"
"2 Apr 2026 01:25:59 UTC","26777203122","Order","204-4090264-3776343","306201PVC-8-UK","VIVOSUN Inline Duct Fan 8 Inch 720 CFM with Speed Controller, 200mm Carbon Filter and 25 Feet of Ducting, Temperature Humidity Monitor for Grow Tent V","1","amazon.co.uk","Seller","LIVINGSTON","","EH54 8","MarketplaceFacilitator","99.99","20.00","0","0","0","0","0","0","-20.00","-18.00","0","-0.36","0","81.63","Released","10 Apr 2026 15:35:39 UTC"
"2 Apr 2026 01:32:32 UTC","26777203122","Order","203-6048422-3307556","TN-33-UK","VIVOSUN Garden Netting 90 x 90 cm Elastic Trellis Net with 4 Hooks Trellis Net for Climbing Plants Vegetables Fruits and Flowers","1","amazon.co.uk","Amazon","MEXBOROUGH","S Yorkshire","S64 8","MarketplaceFacilitator","12.03","2.41","1.25","0.25","0","0","-1.25","-0.25","-2.41","-2.17","-2.42","-0.09","0","7.35","Released","9 Apr 2026 22:55:25 UTC"
"2 Apr 2026 01:41:10 UTC","26777203122","Order","203-3010856-4388349","VSV-AZT4-UK","VIVOSUN AeroZesh T4 Inline Duct Fan 4inch/100 mm Extractor Fan 357 m³/h with E12 Speed Controller and Fully Programmable PWM-Controlled EC Quiet Vent","1","amazon.co.uk","Amazon","BASILDON","Essex","SS14 2","MarketplaceFacilitator","83.32","16.67","0","0","0","0","0","0","-16.67","-15.00","-3.37","-0.37","0","64.58","Released","9 Apr 2026 16:22:33 UTC"
"2 Apr 2026 02:26:38 UTC","26777203122","Order","206-6051704-4141908","332022-2-UK","VIVOSUN 2-Pack 30X 60X Illuminated Jewelers Loupe Foldable Magnifier with LED Light for Jewelry Gems Watches Coins Stamps Antiques Black","1","amazon.co.uk","Amazon","LONDON","","N19 3","MarketplaceFacilitator","13.32","2.67","4.16","0.83","0","0","0","0","-3.50","-2.40","-7.16","-0.19","0","7.73","Released","9 Apr 2026 16:33:33 UTC"
"2 Apr 2026 02:55:03 UTC","26777203122","Order","026-0847421-8555567","VS1000E-UK-FBM","VIVOSUN Grow Lamp LED 100 W Full Spectrum Plant Lamp with Samsung Diodes Grow Light IP65 for Indoor Plants Seedling Vegetative and Flower in 60 x 60 c","1","amazon.co.uk","Seller","Ashton under lyne","Manchester","OL6 9","MarketplaceFacilitator","52.49","10.50","0","0","0","0","0","0","-10.50","-9.45","0","-0.19","0","42.85","Released","14 Apr 2026 11:24:55 UTC"
"2 Apr 2026 03:35:00 UTC","26777203122","Order","206-1200037-5452335","311003-5-UK","VIVOSUN Gardening Scissors 6.5 Inch Hand Pruner Shear with Titanium Coated Blades, Pruning Shear for Plants, Flowers, Hedges 1-Pack Blue","1","amazon.co.uk","Amazon","HARROW","","HA1 2","MarketplaceFacilitator","6.66","1.33","0","0","0","0","0","0","-1.33","-1.20","-1.67","-0.05","0","3.74","Released","9 Apr 2026 20:51:13 UTC"
"2 Apr 2026 04:34:22 UTC","26777203122","Order","026-0793770-2529934","GT-Pole-UK-M","VIVOSUN Grow Tent High CFM Kit, Green Pole Range of 24""-48"", Suitable for 2'x2', 3'x3', 4'x2' and 4'x4'Grow Tent, 4-Pack","1","amazon.co.uk","Seller","NOTTINGHAM","","NG4 1","MarketplaceFacilitator","33.32","6.67","0","0","0","0","0","0","-6.67","-6.00","0","-0.12","0","27.20","Released","11 Apr 2026 23:00:36 UTC"
"2 Apr 2026 05:00:02 UTC","26777203122","Order","205-8589150-8993153","332022-2-UK","VIVOSUN 2-Pack 30X 60X Illuminated Jewelers Loupe Foldable Magnifier with LED Light for Jewelry Gems Watches Coins Stamps Antiques Black","1","amazon.co.uk","Amazon","London","","IG11 0","MarketplaceFacilitator","13.32","2.67","4.16","0.83","0","0","0","0","-3.50","-2.40","-7.16","-0.19","0","7.73","Released","9 Apr 2026 20:56:06 UTC"
"2 Apr 2026 07:16:22 UTC","26777203122","Order","202-2612224-4281900","VSGB-7-UK-M","VIVOSUN Grow Bags 5-Pack 30L, 500G Thick Nonwoven Fabric Pots with Strap Handles, Multi-Purpose Rings, for Low Stress Plant Training Fruits, Vegetable","1","amazon.co.uk","Seller","EXETER","","EX2 7","MarketplaceFacilitator","14.87","2.97","0","0","0","0","0","0","-2.97","-2.68","0","-0.05","0","12.14","Released","11 Apr 2026 15:26:39 UTC"
"2 Apr 2026 07:16:22 UTC","26777203122","Order","202-2612224-4281900","VSGB-3-UK-FBM","VIVOSUN 5-Pack 12L Grow Bags Heavy Duty 500G Thickened Nonwoven Plant Fabric Pots with Handles for Vegetables, Flowers, Fruits, Greenhouse and Garden","2","amazon.co.uk","Seller","EXETER","","EX2 7","MarketplaceFacilitator","24.06","4.82","0","0","0","0","0","0","-4.82","-4.34","0","-0.09","0","19.63","Released","11 Apr 2026 15:26:39 UTC"
"2 Apr 2026 07:51:57 UTC","26777203122","Order","205-7872096-1664352","VSGB-3-UK-FBM","VIVOSUN 5-Pack 12L Grow Bags Heavy Duty 500G Thickened Nonwoven Plant Fabric Pots with Handles for Vegetables, Flowers, Fruits, Greenhouse and Garden","1","amazon.co.uk","Seller","EDENBRIDGE","","TN8 5","MarketplaceFacilitator","12.03","2.41","0","0","0","0","0","0","-2.41","-2.17","0","-0.04","0","9.82","Released","11 Apr 2026 21:33:54 UTC"
"2 Apr 2026 08:53:07 UTC","26777203122","Order","206-1237265-4683512","VSE-UH075-UK-FBM","VIVOSUN AeroStream U075 USB Humidifier, 750ml Cool Mist Mini Humidifier with 2 Mist Modes, Auto Shut-Off, Smart Remote Control, Designed for Grow Tent","1","amazon.co.uk","Seller","EXETER","","EX2 6","MarketplaceFacilitator","30.82","6.17","0","0","0","0","0","0","-6.17","-5.55","0","-0.11","0","25.16","Released","11 Apr 2026 21:03:47 UTC"
"2 Apr 2026 09:25:12 UTC","26777203122","Order","203-4814820-9088333","VSGB-3-UK-FBM","VIVOSUN 5-Pack 12L Grow Bags Heavy Duty 500G Thickened Nonwoven Plant Fabric Pots with Handles for Vegetables, Flowers, Fruits, Greenhouse and Garden","1","amazon.co.uk","Seller","ASCOT","","SL5 0","MarketplaceFacilitator","12.03","2.41","0","0","0","0","0","0","-2.41","-2.17","0","-0.04","0","9.82","Released","11 Apr 2026 12:45:44 UTC"
"2 Apr 2026 11:16:35 UTC","26777203122","Order","205-8782066-9545147","VS1000E-UK-FBM","VIVOSUN Grow Lamp LED 100 W Full Spectrum Plant Lamp with Samsung Diodes Grow Light IP65 for Indoor Plants Seedling Vegetative and Flower in 60 x 60 c","1","amazon.co.uk","Seller","Reading","","RG2 6","MarketplaceFacilitator","52.49","10.50","0","0","0","0","0","0","-10.50","-9.45","0","-0.19","0","42.85","Released","11 Apr 2026 23:20:48 UTC"
"2 Apr 2026 12:49:05 UTC","26777203122","Order","203-8219842-0168365","VSF-AWE6Wx2-UK","VIVOSUN AeroWave E6 Grow Tent Fan 6"", EC Motor, Smart Wifi Control, US Patented Auto Oscillating Clip fan, IP54, Strong Airflow but Quiet for Hydropon","1","amazon.co.uk","Amazon","Cheltenham","","GL52 8","MarketplaceFacilitator","58.39","11.68","0","0","0","0","0","0","-11.68","-10.51","-3.34","-0.28","0","44.26","Released","10 Apr 2026 23:48:59 UTC"
"2 Apr 2026 13:57:14 UTC","26777203122","Refund","206-8994903-0880330","305131-UK","VIVOSUN Soil Tester, 3-in-1 Plant Moisture Meter Light and PH Tester for Home, Garden, Lawn, Farm, Indoor and Outdoor Use, Promote Plants Healthy Grow","1","amazon.co.uk","Amazon","UTTOXETER","","ST14 8","MarketplaceFacilitator","-6.00","-1.20","0","0","0","0","0","0","1.20","0.75","0","0.02","0","-5.23","Released","2 Apr 2026 13:57:14 UTC"
"2 Apr 2026 14:39:45 UTC","26863601142","Order","202-8662139-4138734","VSF-AWE6-UK-FBM","VIVOSUN AeroWave E6 6-Inch Clip-on Fan, Patented Portable Indoor Fan with Clip, Strong Airflow but Low Noise, 10 Speeds & 2 Modes IP-54, and Fully-Adj","1","amazon.co.uk","Seller","LEEDS","","LS13 2","MarketplaceFacilitator","29.16","5.83","0","0","0","0","0","0","-5.83","-5.25","0","-0.11","0","23.80","Released","15 Apr 2026 11:49:33 UTC"
"2 Apr 2026 14:39:46 UTC","26863601142","Order","202-0755433-8425121","VSGB-10-UK-FBM","VIVOSUN Grow Bags 5-Pack 40L, 500G Thick Nonwoven Fabric Pots with Strap Handles, Multi-Purpose Rings, for Low Stress Plant Training Fruits, Vegetable","1","amazon.co.uk","Seller","ROMFORD","","RM3 0","MarketplaceFacilitator","15.32","3.07","0","0","0","0","0","0","-3.07","-2.76","0","-0.06","0","12.50","Released","15 Apr 2026 20:28:05 UTC"
"2 Apr 2026 14:46:44 UTC","26863601142","Order","203-0118184-3354716","330101CNJ-UK-FBM","VIVOSUN Seedling Heating Mat with Digital Thermostat 10""X20.75"", UL & MET Certified, Heat Mat, Fast Heating, for Germination, Houseplants, Hydroponics","1","amazon.co.uk","Seller","DONCASTER","","DN1 2","MarketplaceFacilitator","24.99","5.00","0","0","0","0","0","0","-5.00","-4.50","0","-0.09","0","20.40","Released","15 Apr 2026 11:42:25 UTC"
"2 Apr 2026 16:42:03 UTC","26777203122","Order","026-4567220-5472329","330701-01-UK","VIVOSUN Garden Netting 5 x 15ft. Plant Trellis Netting, Heavy-Duty Polyester Grow Net, Garden Trellis Netting with Square Mesh for Climbing Plants, Ve","2","amazon.co.uk","Amazon","MANCHESTER","","M16 8","MarketplaceFacilitator","12.74","2.54","0","0","0","0","0","0","-2.54","-2.30","-3.34","-0.12","0","6.98","Released","10 Apr 2026 13:00:41 UTC"
"2 Apr 2026 17:52:58 UTC","26863601142","Order","204-5220361-2152341","305131-PEN-UK-M","VIVOSUN Digital pH Meter, 0.01pH High Accuracy Pen Type pH Tester for Hydroponics, Household Drinking, Pool and Aquarium, UL Certified","1","amazon.co.uk","Seller","NEWMARKET","","CB8 0","MarketplaceFacilitator","8.29","1.66","0","0","0","0","0","0","-1.66","-1.49","0","-0.03","0","6.77","Released","15 Apr 2026 19:13:58 UTC"
"2 Apr 2026 18:05:09 UTC","26863601142","Order","206-8395000-8749162","311001-10x5-UK-FBM","VIVOSUN Plant Grow Bags 5 Pack 40L, Heavy Duty Thickened Nonwoven Fabric Pots with Strong Handles, Reusable Breathable Garden Growing Containers for V","1","amazon.co.uk","Seller","MARLBOROUGH","","SN8 3","MarketplaceFacilitator","15.57","3.12","0","0","0","0","0","0","-3.12","-2.80","0","-0.06","0","12.71","Released","15 Apr 2026 15:50:07 UTC"
"2 Apr 2026 19:22:51 UTC","26777203122","Order","205-3988436-4146748","GB0100-2J-UK","VIVOSUN Strawberry Planter Stackable Vertical Garden Pot 5 Tier, Indoor/Outdoor, Space-Saving Plant Pot for Strawberries, Flowers, Herbs, Vegetables,","1","amazon.co.uk","Seller","Dumfries","","DG1 4","MarketplaceFacilitator","74.99","15.00","0","0","0","0","-22.50","-4.50","-10.50","-9.45","0","-0.19","0","42.85","Released","14 Apr 2026 14:09:08 UTC"
"2 Apr 2026 19:23:00 UTC","26777203122","Order","206-9373997-5463511","VSF-AWD4W-UK","VIVOSUN AeroWave D4, 4"" Grow Tent Clip Fan with Detachable Hook, 3-Speed Strong & Quiet Airflow, Adjustable Airflow Angle for Hydroponics, Circulation","1","amazon.co.uk","Seller","OKEHAMPTON","Devon","EX20 1","MarketplaceFacilitator","15.82","3.17","0","0","0","0","0","0","-3.17","-2.85","0","-0.06","0","12.91","Released","14 Apr 2026 19:55:23 UTC"
"2 Apr 2026 19:53:03 UTC","26863601142","Order","202-9798857-3705151","VSE-UH075-UK-FBM","VIVOSUN AeroStream U075 USB Humidifier, 750ml Cool Mist Mini Humidifier with 2 Mist Modes, Auto Shut-Off, Smart Remote Control, Designed for Grow Tent","1","amazon.co.uk","Seller","torpoint","cornwall","PL11 2","MarketplaceFacilitator","30.82","6.17","0","0","0","0","0","0","-6.17","-5.55","0","-0.11","0","25.16","Released","15 Apr 2026 20:09:08 UTC"
"2 Apr 2026 19:53:23 UTC","26863601142","Order","204-9606953-2318737","VSA100SE-E25-UK","VIVOSUN LED Grow Lamp 100 W Full Spectrum Plant Lamp with Integrated Circulation Fan Grow Light Compatible with App, AeroLight A100SE with GrowHub Con","1","amazon.co.uk","Amazon","DARTFORD","DARTFORD","DA1 5","","104.16","20.83","0","0","0","0","0","0","0","-18.75","-5.65","0","0","100.59","Released","15 Apr 2026 23:33:21 UTC"
"2 Apr 2026 20:26:29 UTC","26777203122","Order","203-2892080-9459527","311003-5-UK","VIVOSUN Gardening Scissors 6.5 Inch Hand Pruner Shear with Titanium Coated Blades, Pruning Shear for Plants, Flowers, Hedges 1-Pack Blue","2","amazon.co.uk","Amazon","HIGH PEAK","Derbyshire","SK22 4","MarketplaceFacilitator","13.32","2.66","0","0","0","0","0","0","-2.66","-2.40","-3.34","-0.12","0","7.46","Released","10 Apr 2026 19:34:38 UTC"
"2 Apr 2026 21:02:44 UTC","26777203122","Order","205-9051033-3364313","304113-P224-UK","VIVOSUN Pro Grow Tent 60x60x120 CM (24""x24""x48""), with Thick 22 mm Poles, 2000D Oxford Fabric with Highly Reflective Mylar Extra Hanging Poles for Hyd","1","amazon.co.uk","Amazon","SOUTHPORT","Merseyside","PR8 4","MarketplaceFacilitator","58.32","11.67","0","0","0","0","0","0","-11.67","-10.50","-5.55","-0.32","0","41.95","Released","10 Apr 2026 20:43:37 UTC"
"2 Apr 2026 21:21:10 UTC","26777203122","Amazon Fees","","","Premium services fee","","Amazon.co.uk","","","","","","0","0","0","0","0","0","0","0","0","-1,919.34","0","0","0","-1,919.34","Released","2 Apr 2026 21:21:10 UTC"
"2 Apr 2026 22:20:34 UTC","26777203122","Order","202-2798494-2702705","311003-5-UK","VIVOSUN Gardening Scissors 6.5 Inch Hand Pruner Shear with Titanium Coated Blades, Pruning Shear for Plants, Flowers, Hedges 1-Pack Blue","1","amazon.co.uk","Amazon","WARE","","SG12 8","MarketplaceFacilitator","6.66","1.33","0","0","0","0","0","0","-1.33","-1.20","-1.67","-0.05","0","3.74","Released","10 Apr 2026 23:28:23 UTC"
"2 Apr 2026 23:43:32 UTC","26777203122","Order","206-4148644-5268333","VSE-ASH05-UK-FBM","VIVOSUN AeroStream H05 Intelligent Wi-Fi Humidifier 5 L, Plant Humidifier with Temp & Humidity Probe, Smart Remote VPD Control, Designed for Growers G","1","amazon.co.uk","Seller","CORBY","Northants","NN17 3","MarketplaceFacilitator","58.32","11.67","0","0","0","0","0","0","-11.67","-10.50","0","-0.21","0","47.61","Released","14 Apr 2026 18:57:28 UTC"
"3 Apr 2026 00:33:33 UTC","26777203122","Order","205-7343979-6770706","VC-0002-UK","VIVOSUN 2-Pcs. Grow Tent Vent Cover, 4""/6""/8"" Duct Filter Vent Cover with Elastic Band and Fixed Buckle for Plant Grow Tent Vent","1","amazon.co.uk","Amazon","BRANSTON","","DE14 3","MarketplaceFacilitator","13.45","2.69","0","0","0","0","0","0","-2.69","-2.42","-2.42","-0.10","0","8.51","Released","11 Apr 2026 21:30:47 UTC"
"3 Apr 2026 00:41:27 UTC","26777203122","Order","205-7790542-2423541","304113-2014-UK-FBM","VIVOSUN Grow Tent Small 50x36x54 CM (19.7""x14.2""x21.3"") Grow Tent Mini with Highly Reflective Mylar Sealed Floor Design, Ventilation Window, Cable Ent","1","amazon.co.uk","Seller","EPSOM","","KT19 9","MarketplaceFacilitator","33.32","6.67","0","0","0","0","0","0","-6.67","-6.00","0","-0.12","0","27.20","Released","14 Apr 2026 13:42:37 UTC"
"3 Apr 2026 01:48:57 UTC","26777203122","Order","205-8460623-6169937","VSA100SE-E25-UK","VIVOSUN LED Grow Lamp 100 W Full Spectrum Plant Lamp with Integrated Circulation Fan Grow Light Compatible with App, AeroLight A100SE with GrowHub Con","1","amazon.co.uk","Amazon","SOUTHEND-ON-SEA","","SS2 4","MarketplaceFacilitator","104.16","20.83","0","0","0","0","0","0","-20.83","-18.75","-5.65","-0.49","0","79.27","Released","10 Apr 2026 19:18:31 UTC"
"3 Apr 2026 04:43:18 UTC","26777203122","Order","026-0467926-8420325","VSA100SE-E25-UK","VIVOSUN LED Grow Lamp 100 W Full Spectrum Plant Lamp with Integrated Circulation Fan Grow Light Compatible with App, AeroLight A100SE with GrowHub Con","1","amazon.co.uk","Amazon","CAMBRIDGE","Cambs","CB1 2","MarketplaceFacilitator","104.16","20.83","0","0","0","0","0","0","-20.83","-18.75","-5.65","-0.49","0","79.27","Released","10 Apr 2026 22:17:17 UTC"
"3 Apr 2026 09:18:37 UTC","26863601142","Order","203-5623445-9388333","VSA200SE-E25-UK-FBM","VIVOSUN LED Grow Lamp 200 W Full Spectrum Plant Lamp with Integrated Circulation Fan Grow Light Compatible with App, AeroLight Wing AW200SE with GrowH","1","amazon.co.uk","Seller","NEWTON ABBOT","","TQ12 1","MarketplaceFacilitator","119.57","23.92","0","0","0","0","0","0","-23.92","-21.52","0","-0.43","0","97.62","Released","16 Apr 2026 23:46:25 UTC"
"3 Apr 2026 12:43:36 UTC","26777203122","Liquidations","149960114894552","X0022P84ZR","VIVOSUN LED Grow Lamp 150 W Full Spectrum Plant Lamp with Integrated Circulation Fan Grow Light Compatible with App, AeroLight A150SE with GrowHub Controller E25 for 120 x 60 cm Grow Tent","1","","","","","","","10.85","2.17","0","0","0","0","0","0","0","0","0","-5.95","0","7.07","Deferred",
"3 Apr 2026 12:47:11 UTC","26863601142","Order","202-0057463-1305903","305131-PEN-UK-M","VIVOSUN Digital pH Meter, 0.01pH High Accuracy Pen Type pH Tester for Hydroponics, Household Drinking, Pool and Aquarium, UL Certified","1","amazon.co.uk","Seller","Withernsea","East Riding of Yorkshire","HU19 2","MarketplaceFacilitator","8.29","1.66","0","0","0","0","0","0","-1.66","-1.49","0","-0.03","0","6.77","Released","15 Apr 2026 23:44:56 UTC"
"3 Apr 2026 13:07:36 UTC","26863601142","Order","204-7288811-4625109","GB0100J-UK","VIVOSUN Strawberry Planter Stackable Vertical Garden Pot 5 Tier, Indoor/Outdoor, Space-Saving Plant Pot for Strawberries, Flowers, Herbs, Vegetables,","1","amazon.co.uk","Seller","BURY ST. EDMUNDS","","IP28 7","MarketplaceFacilitator","32.66","6.53","0","0","0","0","0","0","-6.53","-5.88","0","-0.12","0","26.66","Released","15 Apr 2026 07:40:12 UTC"
"3 Apr 2026 14:07:46 UTC","26863601142","Order","203-5937835-6922708","GT-Pole-UK-M","VIVOSUN Grow Tent High CFM Kit, Green Pole Range of 24""-48"", Suitable for 2'x2', 3'x3', 4'x2' and 4'x4'Grow Tent, 4-Pack","1","amazon.co.uk","Seller","COLERAINE","County Londonderry","BT51 4","MarketplaceFacilitator","33.32","6.67","0","0","0","0","0","0","-6.67","-6.00","0","-0.12","0","27.20","Released","15 Apr 2026 21:13:05 UTC"
"3 Apr 2026 14:16:05 UTC","26863601142","Order","202-1327264-4470704","PS-002-UK-FBM","VIVOSUN 1-Pack Garden Pruner 17cm Plant Shears with Ergonomic Handles, Tree Pruner with Straight Blades and Titanium Non-Stick Coating, Rose Shears, B","1","amazon.co.uk","Seller","NORTH BERWICK","","EH39 4","MarketplaceFacilitator","7.49","1.50","0","0","0","0","0","0","-1.50","-1.17","0","-0.02","0","6.30","Released","15 Apr 2026 21:45:59 UTC"
"3 Apr 2026 14:38:02 UTC","26777203122","Order","206-4638617-3480338","306201PVC-6-UK","VIVOSUN Inline Duct Fan 6 Inch 390 CFM with Speed Controller, 6 Inch Carbon Filter and 8 Feet of Ducting, Temperature Humidity Monitor for Grow Tent,","1","amazon.co.uk","Seller","Portsmouth","Hampshire","PO6 4","MarketplaceFacilitator","94.99","19.00","0","0","0","0","0","0","-19.00","-17.10","0","-0.34","0","77.55","Released","14 Apr 2026 14:13:47 UTC"
"3 Apr 2026 14:52:19 UTC","26777203122","Refund","202-7486673-2257929","306101S-6-UK","VIVOSUN Inline Duct Fan 150 mm (6 Inch) 748 m³h with Variable Speed Control for Grow Tent, Ventilation, Plant Tent, Indoor, Garden, Ventilation Fan,","1","amazon.co.uk","Amazon","CASTLE BROMWICH","West Midlands","B36 9","","-74.99","-15.00","0","0","0","0","12.50","2.50","0","9.00","0","0","0","-65.99","Released","3 Apr 2026 14:52:19 UTC"
"3 Apr 2026 15:19:59 UTC","26863601142","Order","026-9715405-6544304","VSGB-10-UK-FBM","VIVOSUN Grow Bags 5-Pack 40L, 500G Thick Nonwoven Fabric Pots with Strap Handles, Multi-Purpose Rings, for Low Stress Plant Training Fruits, Vegetable","1","amazon.co.uk","Seller","BRADFORD","","BD6 1","MarketplaceFacilitator","15.32","3.07","0","0","0","0","0","0","-3.07","-2.76","0","-0.06","0","12.50","Released","15 Apr 2026 22:11:28 UTC"
"3 Apr 2026 16:07:01 UTC","26863601142","Order","202-0289683-0397132","VSF-AWE6-UK-FBM","VIVOSUN AeroWave E6 6-Inch Clip-on Fan, Patented Portable Indoor Fan with Clip, Strong Airflow but Low Noise, 10 Speeds & 2 Modes IP-54, and Fully-Adj","1","amazon.co.uk","Seller","Birmingham","West Midlands","B15 2","MarketplaceFacilitator","29.16","5.83","0","0","0","0","0","0","-5.83","-5.25","0","-0.11","0","23.80","Released","15 Apr 2026 21:07:35 UTC"
"3 Apr 2026 16:11:50 UTC","26777203122","Order","204-4690318-7263539","VSH-IS03-UK","VIVOSUN Solar Automatic Drip Irrigation Kits with Timer, 3W Output, Solar Powered Auto Drip Irrigation System, 15 Pots Garden Plant Watering System, P","1","amazon.co.uk","Amazon","Halstead","","CO9 4","MarketplaceFacilitator","21.56","4.31","0","0","0","0","0","0","-4.31","-3.88","-3.15","-0.14","0","14.39","Released","11 Apr 2026 19:23:07 UTC"
"3 Apr 2026 16:26:26 UTC","26863601142","Order","204-8422320-3801119","VS1000E-UK-FBM","VIVOSUN Grow Lamp LED 100 W Full Spectrum Plant Lamp with Samsung Diodes Grow Light IP65 for Indoor Plants Seedling Vegetative and Flower in 60 x 60 c","1","amazon.co.uk","Seller","BRISTOL","","BS10 6","MarketplaceFacilitator","52.49","10.50","0","0","0","0","0","0","-10.50","-9.45","0","-0.19","0","42.85","Released","15 Apr 2026 13:07:41 UTC"
"3 Apr 2026 18:13:51 UTC","26777203122","Order","202-4886831-5473118","304113-P224-UK","VIVOSUN Pro Grow Tent 60x60x120 CM (24""x24""x48""), with Thick 22 mm Poles, 2000D Oxford Fabric with Highly Reflective Mylar Extra Hanging Poles for Hyd","1","amazon.co.uk","Amazon","WISHAW","","ML2 7","MarketplaceFacilitator","58.32","11.67","0","0","0","0","0","0","-11.67","-10.50","-5.55","-0.32","0","41.95","Released","11 Apr 2026 19:08:14 UTC"
"3 Apr 2026 19:22:40 UTC","26863601142","Order","203-5340757-3676304","VSF-AWD4x2-UK-M","VIVOSUN AeroWave D4, 4"" Grow Tent Clip Fan with Detachable Hook, 3-Speed Strong & Quiet Airflow, Adjustable Airflow Angle for Hydroponics, Circulation","1","amazon.co.uk","Seller","Crowthorne","","RG457","MarketplaceFacilitator","29.99","6.00","0","0","0","0","0","0","-6.00","-5.40","0","-0.11","0","24.48","Released","15 Apr 2026 21:05:49 UTC"
"3 Apr 2026 20:40:57 UTC","26863601142","Order","204-6242648-8416362","VS1000E-UK-FBM","VIVOSUN Grow Lamp LED 100 W Full Spectrum Plant Lamp with Samsung Diodes Grow Light IP65 for Indoor Plants Seedling Vegetative and Flower in 60 x 60 c","1","amazon.co.uk","Seller","SWINDON","","SN2 1","MarketplaceFacilitator","52.49","10.50","0","0","0","0","0","0","-10.50","-9.45","0","-0.19","0","42.85","Released","15 Apr 2026 23:22:29 UTC"
"3 Apr 2026 20:42:14 UTC","26777203122","Order","202-7511960-2405153","332022-2-UK","VIVOSUN 2-Pack 30X 60X Illuminated Jewelers Loupe Foldable Magnifier with LED Light for Jewelry Gems Watches Coins Stamps Antiques Black","1","amazon.co.uk","Amazon","BELFAST","Antrim","BT8 7","MarketplaceFacilitator","13.32","2.67","0","0","0","0","0","0","-2.67","-2.40","-3.00","-0.11","0","7.81","Released","12 Apr 2026 17:11:01 UTC"
"3 Apr 2026 21:43:02 UTC","26777203122","Order","204-8892360-8289921","311001-3x5-UK-N","VIVOSUN Grow Bags 5 Pack 12L, Heavy Duty Thickened Nonwoven Fabric Pots with Strong Handles for Vegetables, Flowers, Fruits, Greenhouse and Garden","1","amazon.co.uk","Amazon","Belgooly","Cork","","MarketplaceFacilitator","13.32","3.06","0.70","0.16","0","0","-0.70","-0.16","-3.06","-2.40","-3.15","-0.11","0","7.66","Released","14 Apr 2026 22:25:57 UTC"
"3 Apr 2026 22:52:51 UTC","26777203122","Order","026-6923621-7204365","304113-32-UK-FBM","VIVOSUN Small Grow Tent 90x50x160 CM (36""x20""x63"") Grow Tent Mini with Highly Reflective Mylar Sealed Floor Design, Ventilation Window and Cable Entry","1","amazon.co.uk","Seller","London","","N11 2","MarketplaceFacilitator","91.66","18.33","0","0","0","0","-13.75","-2.75","-15.58","-14.02","0","-0.28","0","63.61","Released","14 Apr 2026 13:22:05 UTC"
"3 Apr 2026 23:02:38 UTC","26777203122","Order","205-4736725-9408319","VSV-AZG6-UK","VIVOSUN AeroZesh G6 Inline Duct Fan 6inch/150 mm Extractor Fan 660 m³/h with E12 Speed Controller and Entirely Programmable PWM-Controlled EC Fan for","1","amazon.co.uk","Amazon","WARRINGTON","Cheshire","WA3 2","MarketplaceFacilitator","58.32","11.67","0","0","0","0","0","0","-11.67","-10.50","-3.38","-0.28","0","44.16","Released","11 Apr 2026 17:41:49 UTC"
"3 Apr 2026 23:03:28 UTC","26777203122","Order","204-3183773-8908333","VSV-AZT6-UK","VIVOSUN AeroZesh T6 Inline Duct Fan 6 inch/150 mm Extractor Fan 693 m³/h with E12 Speed Controller and Entirely Programmable PWM-Controlled EC Fan fo","1","amazon.co.uk","Amazon","DUNGANNON","Co Tyrone","BT71 4","MarketplaceFacilitator","69.99","14.00","0","0","0","0","0","0","-14.00","-12.60","-3.38","-0.32","0","53.69","Released","12 Apr 2026 23:14:11 UTC"
"3 Apr 2026 23:25:40 UTC","26777203122","Order","205-7082089-4317138","VSF-AWD4x2-UK-M","VIVOSUN AeroWave D4, 4"" Grow Tent Clip Fan with Detachable Hook, 3-Speed Strong & Quiet Airflow, Adjustable Airflow Angle for Hydroponics, Circulation","5","amazon.co.uk","Seller","HUNTINGDON","","PE28 2","","179.95","0","0","0","0","0","0","0","0","-27.00","0","-0.54","0","152.41","Released","14 Apr 2026 13:17:42 UTC"
"3 Apr 2026 23:59:47 UTC","26777203122","Order","026-3084439-3513157","304113-P276-UK","VIVOSUN Pro Grow Tent 80x80x160 CM (32""x32""x63""), with Thick 22 mm Poles, 2000DOxford Fabric with Highly Reflective Mylar Extra Hanging Poles, Growbox","1","amazon.co.uk","Amazon","PORTSMOUTH","Hampshire","PO2 0","MarketplaceFacilitator","75.82","15.17","0","0","0","0","0","0","-15.17","-13.65","-6.00","-0.39","0","55.78","Released","11 Apr 2026 22:17:55 UTC"
"4 Apr 2026 00:49:57 UTC","26777203122","Order","203-7393220-3645942","VSV-AZG6-UK","VIVOSUN AeroZesh G6 Inline Duct Fan 6inch/150 mm Extractor Fan 660 m³/h with E12 Speed Controller and Entirely Programmable PWM-Controlled EC Fan for","1","amazon.co.uk","Amazon","BIRMINGHAM","","B47 5","MarketplaceFacilitator","58.32","11.67","0","0","0","0","0","0","-11.67","-10.50","-3.38","-0.28","0","44.16","Released","11 Apr 2026 22:05:51 UTC"
"4 Apr 2026 01:16:20 UTC","26777203122","Order","202-1275604-9981152","VSF-AWE6G-UK-FBM","VIVOSUN Grow Fan with Clip, 15 cm/6 Inch Grow Tent Fan, 10 Speeds Smart App Control, IP54 with Automatic Oscillation AeroWave E6 for Grow Tent, Green","1","amazon.co.uk","Seller","KEIGHLEY","","BD21 5","MarketplaceFacilitator","28.32","5.67","0","0","0","0","0","0","-5.67","-5.10","0","-0.10","0","23.12","Released","14 Apr 2026 21:52:30 UTC"
"4 Apr 2026 01:16:40 UTC","26863601142","Order","206-1503208-6689148","VG-Y18B-UK-M","VIVOSUN VGrow All-in-One Smart Grow Box, Professional System with Samsung LM301H EVO Grow Light, Advanced Circulation & Ventilation System, Irrigation","2","amazon.co.uk","Seller","LONDON","England","SE26 4","","1,399.98","0","0","0","0","0","0","0","0","-210.00","0","-4.20","0","1,185.78","Released","16 Apr 2026 12:27:34 UTC"
"4 Apr 2026 03:11:26 UTC","26777203122","Order","206-1108841-1209146","304113-P224-UK","VIVOSUN Pro Grow Tent 60x60x120 CM (24""x24""x48""), with Thick 22 mm Poles, 2000D Oxford Fabric with Highly Reflective Mylar Extra Hanging Poles for Hyd","1","amazon.co.uk","Amazon","STALYBRIDGE","","SK15 3","MarketplaceFacilitator","58.32","11.67","0","0","0","0","0","0","-11.67","-10.50","-5.55","-0.32","0","41.95","Released","11 Apr 2026 22:58:20 UTC"
"4 Apr 2026 03:37:58 UTC","26777203122","Order","202-3590145-9514713","332022-2-UK","VIVOSUN 2-Pack 30X 60X Illuminated Jewelers Loupe Foldable Magnifier with LED Light for Jewelry Gems Watches Coins Stamps Antiques Black","1","amazon.co.uk","Amazon","CAMBRIDGE","","CB3 1","MarketplaceFacilitator","13.32","2.67","0","0","0","0","0","0","-2.67","-2.40","-3.00","-0.11","0","7.81","Released","11 Apr 2026 23:03:35 UTC"
"4 Apr 2026 03:59:44 UTC","26777203122","Order","206-9808384-8601918","VSV-AZG6-UK","VIVOSUN AeroZesh G6 Inline Duct Fan 6inch/150 mm Extractor Fan 660 m³/h with E12 Speed Controller and Entirely Programmable PWM-Controlled EC Fan for","1","amazon.co.uk","Amazon","MANCHESTER","","M15 6","MarketplaceFacilitator","58.32","11.67","0","0","0","0","0","0","-11.67","-10.50","-3.38","-0.28","0","44.16","Released","11 Apr 2026 23:56:53 UTC"
"4 Apr 2026 05:10:35 UTC","26777203122","Refund","202-7486673-2257929","306101S-6-UK","VIVOSUN Inline Duct Fan 150 mm (6 Inch) 748 m³h with Variable Speed Control for Grow Tent, Ventilation, Plant Tent, Indoor, Garden, Ventilation Fan,","1","amazon.co.uk","Amazon","CASTLE BROMWICH","West Midlands","B36 9","","-74.99","-15.00","0","0","0","0","12.50","2.50","0","9.00","0","0","0","-65.99","Released","4 Apr 2026 05:10:35 UTC"
"4 Apr 2026 05:57:06 UTC","26777203122","Refund","202-7486673-2257929","306101S-6-UK","VIVOSUN Inline Duct Fan 150 mm (6 Inch) 748 m³h with Variable Speed Control for Grow Tent, Ventilation, Plant Tent, Indoor, Garden, Ventilation Fan,","1","amazon.co.uk","Amazon","CASTLE BROMWICH","West Midlands","B36 9","","-74.99","-15.00","0","0","0","0","12.50","2.50","0","9.00","0","0","0","-65.99","Released","4 Apr 2026 05:57:06 UTC"
"4 Apr 2026 06:04:11 UTC","26777203122","Refund","202-7486673-2257929","306101S-6-UK","VIVOSUN Inline Duct Fan 150 mm (6 Inch) 748 m³h with Variable Speed Control for Grow Tent, Ventilation, Plant Tent, Indoor, Garden, Ventilation Fan,","1","amazon.co.uk","Amazon","CASTLE BROMWICH","West Midlands","B36 9","","-74.99","-15.00","0","0","0","0","12.49","2.50","0","9.00","0","0","0","-66.00","Released","4 Apr 2026 06:04:11 UTC"
"4 Apr 2026 06:11:21 UTC","26777203122","Refund","202-7486673-2257929","306101S-6-UK","VIVOSUN Inline Duct Fan 150 mm (6 Inch) 748 m³h with Variable Speed Control for Grow Tent, Ventilation, Plant Tent, Indoor, Garden, Ventilation Fan,","1","amazon.co.uk","Amazon","CASTLE BROMWICH","West Midlands","B36 9","","-74.99","-15.00","0","0","0","0","12.50","2.50","0","9.00","0","0","0","-65.99","Released","4 Apr 2026 06:11:21 UTC"
"4 Apr 2026 07:31:39 UTC","26863601142","Order","204-1946363-4637964","306201PVC-6-UK","VIVOSUN Inline Duct Fan 6 Inch 390 CFM with Speed Controller, 6 Inch Carbon Filter and 8 Feet of Ducting, Temperature Humidity Monitor for Grow Tent,","1","amazon.co.uk","Seller","TIVERTON","","EX16 6","MarketplaceFacilitator","94.99","19.00","0","0","0","0","0","0","-19.00","-17.10","0","-0.34","0","77.55","Released","15 Apr 2026 08:00:59 UTC"
"4 Apr 2026 08:13:05 UTC","26777203122","Order","202-6453820-3793904","GT-Pole-UK-M","VIVOSUN Grow Tent High CFM Kit, Green Pole Range of 24""-48"", Suitable for 2'x2', 3'x3', 4'x2' and 4'x4'Grow Tent, 4-Pack","1","amazon.co.uk","Seller","SOUTHAMPTON","","SO19 1","MarketplaceFacilitator","33.32","6.67","0","0","0","0","0","0","-6.67","-6.00","0","-0.12","0","27.20","Released","14 Apr 2026 18:28:33 UTC"
"4 Apr 2026 08:39:57 UTC","26863601142","Order","202-5438940-7921102","GB0100J-UK","VIVOSUN Strawberry Planter Stackable Vertical Garden Pot 5 Tier, Indoor/Outdoor, Space-Saving Plant Pot for Strawberries, Flowers, Herbs, Vegetables,","1","amazon.co.uk","Seller","TADLEY","","RG26 4","MarketplaceFacilitator","32.66","6.53","0","0","0","0","0","0","-6.53","-5.88","0","-0.12","0","26.66","Released","15 Apr 2026 10:31:35 UTC"
"4 Apr 2026 08:46:18 UTC","26777203122","Order","204-7023160-0351523","VSVC-AZT4E42A-UK-FBM","VIVOSUN PRO T4 Smart Air Filtration Kit, 10 cm AeroZesh T4 Duct Fan with GrowHub E42A, Carbon Filter & Air Duct, Cooling & Ventilation System for Grow","1","amazon.co.uk","Seller","LONDON","","E9 5","MarketplaceFacilitator","110.82","22.17","0","0","0","0","0","0","-22.17","-19.95","0","-0.40","0","90.47","Released","14 Apr 2026 15:50:47 UTC"
"4 Apr 2026 08:47:48 UTC","26777203122","Refund","202-7486673-2257929","306101S-6-UK","VIVOSUN Inline Duct Fan 150 mm (6 Inch) 748 m³h with Variable Speed Control for Grow Tent, Ventilation, Plant Tent, Indoor, Garden, Ventilation Fan,","1","amazon.co.uk","Amazon","CASTLE BROMWICH","West Midlands","B36 9","","-74.99","-15.00","0","0","0","0","12.50","2.50","0","9.00","0","0","0","-65.99","Released","4 Apr 2026 08:47:48 UTC"
"4 Apr 2026 08:58:45 UTC","26863601142","Order","206-4818751-0672311","VSF-AWD4-UK","VIVOSUN AeroWave D4, 4"" Grow Tent Clip Fan with Detachable Hook, 3-Speed Strong & Quiet Airflow, Adjustable Airflow Angle for Hydroponics, Circulation","1","amazon.co.uk","Seller","PLYMOUTH","","PL4 8","MarketplaceFacilitator","16.66","3.33","0","0","0","0","0","0","-3.33","-3.00","0","-0.06","0","13.60","Released","15 Apr 2026 17:32:00 UTC"
"4 Apr 2026 09:18:23 UTC","26777203122","Refund","202-7486673-2257929","306101S-6-UK","VIVOSUN Inline Duct Fan 150 mm (6 Inch) 748 m³h with Variable Speed Control for Grow Tent, Ventilation, Plant Tent, Indoor, Garden, Ventilation Fan,","1","amazon.co.uk","Amazon","CASTLE BROMWICH","West Midlands","B36 9","","-74.99","-15.00","0","0","0","0","12.50","2.50","0","9.00","0","0","0","-65.99","Released","4 Apr 2026 09:18:23 UTC"
"4 Apr 2026 10:47:36 UTC","26777203122","Order","203-3715668-2472323","VSF-AWE6Wx2-UK","VIVOSUN AeroWave E6 Grow Tent Fan 6"", EC Motor, Smart Wifi Control, US Patented Auto Oscillating Clip fan, IP54, Strong Airflow but Quiet for Hydropon","1","amazon.co.uk","Amazon","ILFORD","","IG6 2","MarketplaceFacilitator","58.39","11.68","0","0","0","0","0","0","-11.68","-10.51","-3.34","-0.28","0","44.26","Released","12 Apr 2026 20:30:46 UTC"
"4 Apr 2026 11:22:12 UTC","26863601142","Order","205-5235525-0481926","311001-20x5-UK-FBM","VIVOSUN Plant Grow Bags 5 Pack 80L, Heavy Duty Thickened Nonwoven Fabric Pots with Strong Handles, Reusable Breathable Garden Growing Containers for V","1","amazon.co.uk","Seller","REDHILL","","RH1 5","MarketplaceFacilitator","17.99","3.60","0","0","0","0","0","0","-3.60","-3.24","0","-0.06","0","14.69","Released","15 Apr 2026 21:32:40 UTC"
"4 Apr 2026 12:46:23 UTC","26777203122","Refund","202-7486673-2257929","306101S-6-UK","VIVOSUN Inline Duct Fan 150 mm (6 Inch) 748 m³h with Variable Speed Control for Grow Tent, Ventilation, Plant Tent, Indoor, Garden, Ventilation Fan,","1","amazon.co.uk","Amazon","CASTLE BROMWICH","West Midlands","B36 9","","-74.99","-15.00","0","0","0","0","12.50","2.50","0","9.00","0","0","0","-65.99","Released","4 Apr 2026 12:46:23 UTC"
"4 Apr 2026 13:22:20 UTC","26863601142","Order","202-8175515-9141141","GB0100J-UK","VIVOSUN Strawberry Planter Stackable Vertical Garden Pot 5 Tier, Indoor/Outdoor, Space-Saving Plant Pot for Strawberries, Flowers, Herbs, Vegetables,","1","amazon.co.uk","Seller","BUDLEIGH SALTERTON","","EX9 6","MarketplaceFacilitator","32.66","6.53","0","0","0","0","0","0","-6.53","-5.88","0","-0.12","0","26.66","Released","15 Apr 2026 13:14:40 UTC"
"4 Apr 2026 14:21:34 UTC","26777203122","Refund","202-7486673-2257929","306101S-6-UK","VIVOSUN Inline Duct Fan 150 mm (6 Inch) 748 m³h with Variable Speed Control for Grow Tent, Ventilation, Plant Tent, Indoor, Garden, Ventilation Fan,","1","amazon.co.uk","Amazon","CASTLE BROMWICH","West Midlands","B36 9","","-74.99","-15.00","0","0","0","0","12.50","2.50","0","9.00","0","0","0","-65.99","Released","4 Apr 2026 14:21:34 UTC"
"4 Apr 2026 17:34:37 UTC","26777203122","Order","205-6622124-1259513","304113-P224-UK","VIVOSUN Pro Grow Tent 60x60x120 CM (24""x24""x48""), with Thick 22 mm Poles, 2000D Oxford Fabric with Highly Reflective Mylar Extra Hanging Poles for Hyd","1","amazon.co.uk","Amazon","KINROSS","","KY13 0","MarketplaceFacilitator","58.32","11.67","0","0","0","0","0","0","-11.67","-10.50","-5.55","-0.32","0","41.95","Released","12 Apr 2026 23:38:34 UTC"
"4 Apr 2026 18:05:14 UTC","26863601142","Order","204-0115097-6968334","GB0100J-UK","VIVOSUN Strawberry Planter Stackable Vertical Garden Pot 5 Tier, Indoor/Outdoor, Space-Saving Plant Pot for Strawberries, Flowers, Herbs, Vegetables,","1","amazon.co.uk","Seller","Upminster","Essex","RM143","MarketplaceFacilitator","32.66","6.53","0","0","0","0","0","0","-6.53","-5.88","0","-0.12","0","26.66","Released","15 Apr 2026 23:01:05 UTC"
"4 Apr 2026 20:14:00 UTC","26863601142","Order","203-5939004-7436321","VSI-FFD2-UK-FBM","VIVOSUN FlexFeed Drip Irrigation Kit, 4W Automatic Irrigation System with Pump & 4 Drip Emitters, App-Controllable Professional Plant Watering Drip Ki","1","amazon.co.uk","Seller","KING'S LYNN","","PE32 1","MarketplaceFacilitator","19.99","4.00","0","0","0","0","0","0","-4.00","-3.60","0","-0.07","0","16.32","Released","15 Apr 2026 21:53:06 UTC"
"4 Apr 2026 20:21:14 UTC","26777203122","Order","205-3261277-0544356","330701-01-UK","VIVOSUN Garden Netting 5 x 15ft. Plant Trellis Netting, Heavy-Duty Polyester Grow Net, Garden Trellis Netting with Square Mesh for Climbing Plants, Ve","1","amazon.co.uk","Amazon","WOODBRIDGE","","IP13 7","MarketplaceFacilitator","6.37","1.27","0","0","0","0","0","0","-1.27","-1.15","-1.67","-0.05","0","3.50","Released","12 Apr 2026 22:12:41 UTC"
"4 Apr 2026 20:38:13 UTC","26777203122","Order","206-1368393-0737914","VSVC-AZT4-UK-FBM","VIVOSUN Duct Fan 100 mm Extractor Fan 357 m³/h with E12 Speed Control Carbon Filter & 240 cm Air Duct AeroZesh T4 Exhaust Set Cooling and Ventilation","1","amazon.co.uk","Seller","LONDON","","SE2 9","MarketplaceFacilitator","99.16","19.83","0","0","0","0","0","0","-19.83","-17.85","0","-0.36","0","80.95","Released","14 Apr 2026 16:17:12 UTC"
"4 Apr 2026 21:06:31 UTC","26777203122","Order","026-2874724-0126700","TN-24-UK","VIVOSUN Garden Netting 60 x 120 cm, Trellis Net with 4 Hooks Trellis Net for Climbing Plants Vegetables Fruits and Flowers","1","amazon.co.uk","Amazon","WESTBURY","Wilts","BA13 4","MarketplaceFacilitator","13.32","2.67","0","0","0","0","0","0","-2.67","-2.40","-2.42","-0.10","0","8.40","Released","12 Apr 2026 22:18:43 UTC"
"4 Apr 2026 21:13:48 UTC","26863601142","Order","203-8907078-6937924","311001-20x5-UK-FBM","VIVOSUN Plant Grow Bags 5 Pack 80L, Heavy Duty Thickened Nonwoven Fabric Pots with Strong Handles, Reusable Breathable Garden Growing Containers for V","2","amazon.co.uk","Seller","FORT WILLIAM","","PH33 6","MarketplaceFacilitator","35.98","7.20","0","0","0","0","0","0","-7.20","-6.48","0","-0.13","0","29.37","Released","15 Apr 2026 12:17:47 UTC"
"4 Apr 2026 22:31:15 UTC","26863601142","Order","026-8577651-7113122","GB0100J-UK","VIVOSUN Strawberry Planter Stackable Vertical Garden Pot 5 Tier, Indoor/Outdoor, Space-Saving Plant Pot for Strawberries, Flowers, Herbs, Vegetables,","1","amazon.co.uk","Seller","MILTON KEYNES","","MK6 4","MarketplaceFacilitator","32.66","6.53","0","0","0","0","0","0","-6.53","-5.88","0","-0.12","0","26.66","Released","17 Apr 2026 23:13:53 UTC"
"4 Apr 2026 23:10:41 UTC","26863601142","Order","204-1603324-1893966","332021-UK-FBM","VIVOSUN 30X 60X Illuminated Jewelers Loupe Foldable Magnifier with LED Light for Jewelry Gems Watches Coins Stamps Antiques, White","1","amazon.co.uk","Seller","LLANFAIRPWLLGWYNGYLL","","LL61 5","MarketplaceFacilitator","9.16","1.83","0","0","0","0","0","0","-1.83","-0.88","0","-0.02","0","8.26","Released","15 Apr 2026 22:42:52 UTC"
"4 Apr 2026 23:25:27 UTC","26777203122","Order","204-1025728-7822760","330701-01-UK","VIVOSUN Garden Netting 5 x 15ft. Plant Trellis Netting, Heavy-Duty Polyester Grow Net, Garden Trellis Netting with Square Mesh for Climbing Plants, Ve","1","amazon.co.uk","Amazon","GILLINGHAM","","ME7 4","MarketplaceFacilitator","6.37","1.27","4.16","0.83","0","0","0","0","-2.10","-1.15","-5.83","-0.13","0","3.42","Released","12 Apr 2026 22:23:00 UTC"
"4 Apr 2026 23:48:52 UTC","26777203122","Order","205-5694139-6829969","VSV-AZG6-UK","VIVOSUN AeroZesh G6 Inline Duct Fan 6inch/150 mm Extractor Fan 660 m³/h with E12 Speed Controller and Entirely Programmable PWM-Controlled EC Fan for","1","amazon.co.uk","Amazon","COULSDON","Surrey","CR5 2","MarketplaceFacilitator","58.32","11.67","1.66","0.33","0","0","-1.66","-0.33","-11.67","-10.50","-3.38","-0.28","0","44.16","Released","12 Apr 2026 22:27:25 UTC"
"4 Apr 2026 23:51:55 UTC","26777203122","Order","205-3814212-4394747","304113-P224-UK","VIVOSUN Pro Grow Tent 60x60x120 CM (24""x24""x48""), with Thick 22 mm Poles, 2000D Oxford Fabric with Highly Reflective Mylar Extra Hanging Poles for Hyd","1","amazon.co.uk","Amazon","NEWPORT","","NP20 2","MarketplaceFacilitator","58.32","11.67","0","0","0","0","0","0","-11.67","-10.50","-5.55","-0.32","0","41.95","Released","12 Apr 2026 21:44:15 UTC"
"4 Apr 2026 23:59:09 UTC","26863601142","Order","026-9988256-0537167","VSF-AWD4W-UK","VIVOSUN AeroWave D4, 4"" Grow Tent Clip Fan with Detachable Hook, 3-Speed Strong & Quiet Airflow, Adjustable Airflow Angle for Hydroponics, Circulation","1","amazon.co.uk","Seller","BOLTON","","BL4 0","MarketplaceFacilitator","15.82","3.17","0","0","0","0","0","0","-3.17","-2.85","0","-0.06","0","12.91","Released","15 Apr 2026 20:31:32 UTC"
"5 Apr 2026 00:35:16 UTC","26777203122","Order","203-5777797-9260302","VSA150SE-E25-UK","VIVOSUN LED Grow Lamp 150 W Full Spectrum Plant Lamp with Integrated Circulation Fan Grow Light Compatible with App, AeroLight A150SE with GrowHub Con","1","amazon.co.uk","Amazon","KING'S LYNN","","PE32 1","MarketplaceFacilitator","129.16","25.83","0","0","0","0","0","0","-25.83","-23.25","-4.80","-0.57","0","100.54","Released","12 Apr 2026 23:55:01 UTC"
"5 Apr 2026 01:00:53 UTC","26777203122","Order","206-0282457-6032330","311001-3x5-UK-N","VIVOSUN Grow Bags 5 Pack 12L, Heavy Duty Thickened Nonwoven Fabric Pots with Strong Handles for Vegetables, Flowers, Fruits, Greenhouse and Garden","1","amazon.co.uk","Amazon","NOTTINGHAM","","NG5 8","MarketplaceFacilitator","13.32","2.67","0","0","0","0","0","0","-2.67","-2.40","-3.15","-0.11","0","7.66","Released","12 Apr 2026 12:28:31 UTC"
"5 Apr 2026 02:57:08 UTC","26777203122","Order","203-5777797-9260302","306146-0616-UK","VIVOSUN 6 Inch Air Carbon Filter Smelliness Control with Australia Virgin Charcoal for Inline Fan, Grow Tent Smelliniss Scrubber, Pre-Filter Included,","1","amazon.co.uk","Amazon","KING'S LYNN","","PE32 1","MarketplaceFacilitator","59.16","11.83","0","0","0","0","0","0","-11.83","-10.65","-3.38","-0.28","0","44.85","Released","12 Apr 2026 22:52:35 UTC"
"5 Apr 2026 03:14:23 UTC","26777203122","Order","203-2885946-2463509","304113-P224-UK","VIVOSUN Pro Grow Tent 60x60x120 CM (24""x24""x48""), with Thick 22 mm Poles, 2000D Oxford Fabric with Highly Reflective Mylar Extra Hanging Poles for Hyd","1","amazon.co.uk","Amazon","STOCKPORT","","SK6 2","MarketplaceFacilitator","58.32","11.67","0","0","0","0","0","0","-11.67","-10.50","-5.55","-0.32","0","41.95","Released","12 Apr 2026 16:23:57 UTC"
"5 Apr 2026 05:19:48 UTC","26863601142","Order","204-3494538-3649918","VS1000E-UK-FBM","VIVOSUN Grow Lamp LED 100 W Full Spectrum Plant Lamp with Samsung Diodes Grow Light IP65 for Indoor Plants Seedling Vegetative and Flower in 60 x 60 c","1","amazon.co.uk","Seller","CREWE","","CW1 5","MarketplaceFacilitator","52.49","10.50","0","0","0","0","0","0","-10.50","-9.45","0","-0.19","0","42.85","Released","15 Apr 2026 13:02:39 UTC"
"5 Apr 2026 07:52:23 UTC","26777203122","Order","203-6229426-4945927","VSGB-5-UK-FBM","VIVOSUN Grow Bags 5-Pack 20L, 500G Thick Nonwoven Fabric Pots with Strap Handles, Multi-Purpose Rings, for Low Stress Plant Training Fruits, Vegetable","1","amazon.co.uk","Seller","walton on thames","surrey","KT12 2","MarketplaceFacilitator","15.82","3.17","0","0","0","0","-2.37","-0.48","-2.69","-2.42","0","-0.05","0","10.98","Released","14 Apr 2026 13:16:53 UTC"
"5 Apr 2026 08:44:54 UTC","26777203122","Amazon Fees","deccaa39-61f8-4be0-99b0-81d5cd31a293","","Voucher performance-based fee","","Amazon.co.uk","","","","","","0","0","0","0","0","0","0","0","0","-0.57","0","0","0","-0.57","Released","5 Apr 2026 08:44:54 UTC"
"5 Apr 2026 08:48:41 UTC","26777203122","Amazon Fees","c6468f12-6048-4231-a2df-9e7ec377115d","","Voucher performance-based fee","","Amazon.co.uk","","","","","","0","0","0","0","0","0","0","0","0","-4.07","0","0","0","-4.07","Released","5 Apr 2026 08:48:41 UTC"
"5 Apr 2026 08:54:55 UTC","26777203122","Amazon Fees","deccaa39-61f8-4be0-99b0-81d5cd31a293","","Voucher participation fee","","Amazon.co.uk","","","","","","0","0","0","0","0","0","0","0","0","-2.00","0","0","0","-2.00","Released","5 Apr 2026 08:54:55 UTC"
"5 Apr 2026 08:59:14 UTC","26777203122","Amazon Fees","3f3f7ef1-d9a4-484c-8495-1095bb8f01a9","","Voucher participation fee","","Amazon.co.uk","","","","","","0","0","0","0","0","0","0","0","0","-2.00","0","0","0","-2.00","Released","5 Apr 2026 08:59:14 UTC"
"5 Apr 2026 09:05:11 UTC","26777203122","Amazon Fees","7233a558-3d63-4d78-b752-31ce1a08bc13","","Voucher participation fee","","Amazon.co.uk","","","","","","0","0","0","0","0","0","0","0","0","-2.00","0","0","0","-2.00","Released","5 Apr 2026 09:05:11 UTC"
"5 Apr 2026 09:11:08 UTC","26777203122","Amazon Fees","5c865c7f-bfc8-4d68-b317-7b7b5a8af6d8","","Voucher participation fee","","Amazon.co.uk","","","","","","0","0","0","0","0","0","0","0","0","-2.00","0","0","0","-2.00","Released","5 Apr 2026 09:11:08 UTC"
"5 Apr 2026 09:16:22 UTC","26777203122","Amazon Fees","c6468f12-6048-4231-a2df-9e7ec377115d","","Voucher participation fee","","Amazon.co.uk","","","","","","0","0","0","0","0","0","0","0","0","-2.00","0","0","0","-2.00","Released","5 Apr 2026 09:16:22 UTC"
"5 Apr 2026 09:18:02 UTC","26777203122","Amazon Fees","de31ba4b-67c3-4e14-8ad3-2fda68731fbf","","Voucher participation fee","","Amazon.co.uk","","","","","","0","0","0","0","0","0","0","0","0","-2.00","0","0","0","-2.00","Released","5 Apr 2026 09:18:02 UTC"
"5 Apr 2026 09:22:32 UTC","26863601142","Order","026-3668344-0965164","305130-PEN-UK-FBM","VIVOSUN Digital pH and TDS Meter Kits, 0.01pH High Accuracy Pen Type pH Meter ± 2% Readout Accuracy 3-in-1 TDS EC Temperature Meter for Hydroponics,","1","amazon.co.uk","Seller","CRAWLEY","","RH10 1","MarketplaceFacilitator","13.32","2.67","0","0","0","0","0","0","-2.67","-2.40","0","-0.05","0","10.87","Released","15 Apr 2026 22:19:20 UTC"
"5 Apr 2026 09:22:32 UTC","26777203122","Order","204-1256229-1491541","VSF-AWE6W-UK-FBM","VIVOSUN AeroWave E6 Grow Tent Fan 6"", EC Motor, Smart Wifi Control, US Patented Auto Oscillating Clip fan, Weatherproof IP-54, Strong Airflow but Quie","1","amazon.co.uk","Seller","SHEFFIELD","South yorkshire","S1 4","MarketplaceFacilitator","33.59","6.72","0","0","0","0","0","0","-6.72","-6.05","0","-0.12","0","27.42","Released","14 Apr 2026 23:17:11 UTC"
"5 Apr 2026 10:25:43 UTC","26863601142","Order","205-4973118-8238737","VS1000E-UK-FBM","VIVOSUN Grow Lamp LED 100 W Full Spectrum Plant Lamp with Samsung Diodes Grow Light IP65 for Indoor Plants Seedling Vegetative and Flower in 60 x 60 c","1","amazon.co.uk","Seller","PONTYPOOL","","NP4 0","MarketplaceFacilitator","52.49","10.50","0","0","0","0","0","0","-10.50","-9.45","0","-0.19","0","42.85","Released","16 Apr 2026 20:14:52 UTC"
"5 Apr 2026 10:37:16 UTC","26863601142","Order","205-9342695-5945912","304113-2014-UK-FBM","VIVOSUN Grow Tent Small 50x36x54 CM (19.7""x14.2""x21.3"") Grow Tent Mini with Highly Reflective Mylar Sealed Floor Design, Ventilation Window, Cable Ent","1","amazon.co.uk","Seller","POULTON-LE-FYLDE","Lancs","FY6 8","MarketplaceFacilitator","33.32","6.67","0","0","0","0","0","0","-6.67","-6.00","0","-0.12","0","27.20","Released","15 Apr 2026 08:59:46 UTC"
"5 Apr 2026 10:38:00 UTC","26863601142","Order","205-4097948-1399545","GT-Pole-UK-M","VIVOSUN Grow Tent High CFM Kit, Green Pole Range of 24""-48"", Suitable for 2'x2', 3'x3', 4'x2' and 4'x4'Grow Tent, 4-Pack","1","amazon.co.uk","Seller","WESTCLIFF-ON-SEA","Essex","SS0 0","MarketplaceFacilitator","33.32","6.67","0","0","0","0","0","0","-6.67","-6.00","0","-0.12","0","27.20","Released","15 Apr 2026 12:12:39 UTC"
"5 Apr 2026 11:31:05 UTC","26863601142","Order","205-5103763-7619502","VS-THB1S-UK-FBM","VIVOSUN AeroLab THB1S Wireless Bluetooth Hygrometer Thermometer Indoor, VPD, Digital Temp Humidity Meter, LCD Smart App Control & Alert, Data Storage,","1","amazon.co.uk","Seller","MANCHESTER","Greater Manchester","M41 9","MarketplaceFacilitator","20.82","4.17","0","0","0","0","0","0","-4.17","-3.25","0","-0.07","0","17.50","Released","15 Apr 2026 21:28:56 UTC"
"5 Apr 2026 12:04:04 UTC","26863601142","Order","203-9116630-7586731","VSF-AWD4W-UK","VIVOSUN AeroWave D4, 4"" Grow Tent Clip Fan with Detachable Hook, 3-Speed Strong & Quiet Airflow, Adjustable Airflow Angle for Hydroponics, Circulation","1","amazon.co.uk","Seller","LITTLEBOROUGH","","OL15 9","MarketplaceFacilitator","15.82","3.17","0","0","0","0","0","0","-3.17","-2.85","0","-0.06","0","12.91","Released","15 Apr 2026 23:27:25 UTC"
"5 Apr 2026 12:04:09 UTC","26863601142","Order","026-0299276-7842731","306201PVC-4-UK","VIVOSUN Inline Duct Fan 4 Inch 190 CFM with Speed Controller, 4 Inch Carbon Filter and 8 Feet of Ducting, Temperature Humidity Monitor for Grow Tent,","1","amazon.co.uk","Seller","Milton Keynes","","MK10 7","MarketplaceFacilitator","75.82","15.17","0","0","0","0","0","0","-15.17","-13.65","0","-0.27","0","61.90","Released","15 Apr 2026 23:22:59 UTC"
"5 Apr 2026 13:01:54 UTC","26863601142","Order","202-9962369-7445127","332021-UK-FBM","VIVOSUN 30X 60X Illuminated Jewelers Loupe Foldable Magnifier with LED Light for Jewelry Gems Watches Coins Stamps Antiques, White","1","amazon.co.uk","Seller","ROGERSTONE","Newport","NP10 9","MarketplaceFacilitator","9.16","1.83","0","0","0","0","0","0","-1.83","-0.88","0","-0.02","0","8.26","Released","15 Apr 2026 14:30:59 UTC"
"5 Apr 2026 13:10:54 UTC","26863601142","Order","205-1136961-5357915","305140-PEN-UK","VIVOSUN Digital pH and TDS Meter Kits, 0.01pH High Accuracy Pen Type pH Meter ± 2% Readout Accuracy 3-in-1 TDS EC Temperature Meter for Hydroponics,","1","amazon.co.uk","Seller","LIVERPOOL","Merseyside","L10 9","MarketplaceFacilitator","19.99","4.00","0","0","0","0","0","0","-4.00","-3.60","0","-0.07","0","16.32","Released","15 Apr 2026 16:11:28 UTC"
"5 Apr 2026 14:40:33 UTC","26777203122","Order","202-5405954-1563524","VSGB-25-UK-FBM","VIVOSUN Grow Bags 5-Pack 95L, 500G Thick Nonwoven Fabric Pots with Strap Handles, Multi-Purpose Rings, for Low Stress Plant Training Fruits, Vegetable","1","amazon.co.uk","Seller","BEESTON","","NG9 3","MarketplaceFacilitator","25.49","5.10","0","0","0","0","0","0","-5.10","-4.59","0","-0.09","0","20.81","Released","14 Apr 2026 23:06:07 UTC"
"5 Apr 2026 16:43:24 UTC","26777203122","Order","205-9683840-7576310","330701-01-UK","VIVOSUN Garden Netting 5 x 15ft. Plant Trellis Netting, Heavy-Duty Polyester Grow Net, Garden Trellis Netting with Square Mesh for Climbing Plants, Ve","1","amazon.co.uk","Amazon","MANCHESTER","Greater Manchester","M41 9","MarketplaceFacilitator","6.37","1.27","0","0","0","0","0","0","-1.27","-1.15","-1.67","-0.05","0","3.50","Released","13 Apr 2026 23:58:18 UTC"
"5 Apr 2026 16:52:16 UTC","26863601142","Order","203-1537189-1161110","GB0100J-UK","VIVOSUN Strawberry Planter Stackable Vertical Garden Pot 5 Tier, Indoor/Outdoor, Space-Saving Plant Pot for Strawberries, Flowers, Herbs, Vegetables,","1","amazon.co.uk","Seller","St Peter Port","","GY1 1","","39.19","0","0","0","0","0","0","0","0","-5.88","0","-0.12","0","33.19","Released","20 Apr 2026 10:21:18 UTC"
"5 Apr 2026 16:52:39 UTC","26863601142","Order","206-7443583-0032304","330101CNJ-UK-FBM","VIVOSUN Seedling Heating Mat with Digital Thermostat 10""X20.75"", UL & MET Certified, Heat Mat, Fast Heating, for Germination, Houseplants, Hydroponics","1","amazon.co.uk","Seller","ISLE OF LEWIS","","HS2 0","MarketplaceFacilitator","24.99","5.00","0","0","0","0","0","0","-5.00","-4.50","0","-0.09","0","20.40","Released","17 Apr 2026 23:48:22 UTC"
"5 Apr 2026 17:01:50 UTC","26863601142","Order","203-6319352-7656363","VS1000E-UK-FBM","VIVOSUN Grow Lamp LED 100 W Full Spectrum Plant Lamp with Samsung Diodes Grow Light IP65 for Indoor Plants Seedling Vegetative and Flower in 60 x 60 c","1","amazon.co.uk","Seller","NARBOROUGH","","LE19 3","MarketplaceFacilitator","52.49","10.50","0","0","0","0","0","0","-10.50","-9.45","0","-0.19","0","42.85","Released","23 Apr 2026 23:12:35 UTC"
"5 Apr 2026 18:05:03 UTC","26777203122","Adjustment","","332022-2-UK","FBA Inventory Reimbursement - Damaged:Warehouse","1","","","","","","","0","0","0","0","0","0","0","0","0","0","0","0","3.73","3.73","Released","5 Apr 2026 18:05:03 UTC"
"5 Apr 2026 18:41:02 UTC","26777203122","Order","202-4943406-4878735","VSGB-3-UK-FBM","VIVOSUN 5-Pack 12L Grow Bags Heavy Duty 500G Thickened Nonwoven Plant Fabric Pots with Handles for Vegetables, Flowers, Fruits, Greenhouse and Garden","1","amazon.co.uk","Seller","THORNTON HEATH","Surrey","CR7 7","MarketplaceFacilitator","12.03","2.41","0","0","0","0","0","0","-2.41","-2.17","0","-0.04","0","9.82","Released","14 Apr 2026 16:54:16 UTC"
"5 Apr 2026 19:37:48 UTC","26777203122","Order","205-2241767-5405134","VSF-AWD4x2-UK-M","VIVOSUN AeroWave D4, 4"" Grow Tent Clip Fan with Detachable Hook, 3-Speed Strong & Quiet Airflow, Adjustable Airflow Angle for Hydroponics, Circulation","1","amazon.co.uk","Seller","BRIGHOUSE","","HD6 2","MarketplaceFacilitator","29.99","6.00","0","0","0","0","0","0","-6.00","-5.40","0","-0.11","0","24.48","Released","14 Apr 2026 23:47:59 UTC"
"5 Apr 2026 20:15:59 UTC","26777203122","Order","206-3519389-7907544","TN-24-UK","VIVOSUN Garden Netting 60 x 120 cm, Trellis Net with 4 Hooks Trellis Net for Climbing Plants Vegetables Fruits and Flowers","1","amazon.co.uk","Amazon","LONDON","","W5 3","MarketplaceFacilitator","13.32","2.67","0","0","0","0","0","0","-2.67","-2.40","-2.42","-0.10","0","8.40","Released","14 Apr 2026 00:16:17 UTC"
"5 Apr 2026 20:30:40 UTC","26777203122","Order","202-7637242-8461139","LH-001-2-UK","VIVOSUN 2-Pair 1/8 Inch Adjustable Grow Light Hangers, Heavy Duty Rope Hanger with Reinforced Metal Gears, 8Ft. Long and 150 lbs Weight Capacity Rope","1","amazon.co.uk","Amazon","Cleator Moor","","CA25 5","MarketplaceFacilitator","10.82","2.17","0","0","0","0","0","0","-2.17","-1.95","-2.65","-0.09","0","6.13","Released","13 Apr 2026 22:39:51 UTC"
"5 Apr 2026 20:52:24 UTC","26863601142","Order","205-9983988-1531566","305140-PEN-UK","VIVOSUN Digital pH and TDS Meter Kits, 0.01pH High Accuracy Pen Type pH Meter ± 2% Readout Accuracy 3-in-1 TDS EC Temperature Meter for Hydroponics,","1","amazon.co.uk","Seller","ANSTRUTHER","","KY10 3","MarketplaceFacilitator","19.99","4.00","0","0","0","0","0","0","-4.00","-3.60","0","-0.07","0","16.32","Released","15 Apr 2026 14:48:54 UTC"
"5 Apr 2026 21:03:25 UTC","26777203122","Order","206-2635123-5937964","330701-01-UK","VIVOSUN Garden Netting 5 x 15ft. Plant Trellis Netting, Heavy-Duty Polyester Grow Net, Garden Trellis Netting with Square Mesh for Climbing Plants, Ve","1","amazon.co.uk","Amazon","STOKE-ON-TRENT","","ST7 1","MarketplaceFacilitator","6.37","1.27","0","0","0","0","0","0","-1.27","-1.15","-1.67","-0.05","0","3.50","Released","13 Apr 2026 21:47:16 UTC"
"5 Apr 2026 21:25:04 UTC","26863601142","Order","026-1204932-2089948","305130-PEN-UK-FBM","VIVOSUN Digital pH and TDS Meter Kits, 0.01pH High Accuracy Pen Type pH Meter ± 2% Readout Accuracy 3-in-1 TDS EC Temperature Meter for Hydroponics,","1","amazon.co.uk","Seller","READING","","RG31 5","MarketplaceFacilitator","13.32","2.67","0","0","0","0","0","0","-2.67","-2.40","0","-0.05","0","10.87","Released","15 Apr 2026 21:14:19 UTC"
"5 Apr 2026 22:18:12 UTC","26777203122","Order","202-7782888-3169147","304113-P224-UK","VIVOSUN Pro Grow Tent 60x60x120 CM (24""x24""x48""), with Thick 22 mm Poles, 2000D Oxford Fabric with Highly Reflective Mylar Extra Hanging Poles for Hyd","1","amazon.co.uk","Amazon","CROSBY","Merseyside","L23 7","MarketplaceFacilitator","58.32","11.67","0","0","0","0","0","0","-11.67","-10.50","-5.55","-0.32","0","41.95","Released","13 Apr 2026 23:37:58 UTC"
"5 Apr 2026 22:55:42 UTC","26777203122","Order","205-9020754-4948351","VSGB-25-UK-FBM","VIVOSUN Grow Bags 5-Pack 95L, 500G Thick Nonwoven Fabric Pots with Strap Handles, Multi-Purpose Rings, for Low Stress Plant Training Fruits, Vegetable","1","amazon.co.uk","Seller","WINDSOR","","SL4 5","MarketplaceFacilitator","25.49","5.10","0","0","0","0","0","0","-5.10","-4.59","0","-0.09","0","20.81","Released","14 Apr 2026 22:21:34 UTC"
"6 Apr 2026 00:29:28 UTC","26777203122","Order","206-0751650-9557128","305132-PEN-UK","VIVOSUN TDS Tester 3-in-1 TDS EC & Temperature Meter Ultrahigh Accuracy Digital Water Quality TDS Tester, for Drinking Water, Gardening, Aquariums, Bl","1","amazon.co.uk","Amazon","YORK","","YO43 3","MarketplaceFacilitator","8.32","1.67","0","0","0","0","0","0","-1.67","-1.50","-2.52","-0.08","0","4.22","Released","14 Apr 2026 20:39:12 UTC"
"6 Apr 2026 00:45:25 UTC","26777203122","Order","203-2636707-2781137","TN-33-UK","VIVOSUN Garden Netting 90 x 90 cm Elastic Trellis Net with 4 Hooks Trellis Net for Climbing Plants Vegetables Fruits and Flowers","1","amazon.co.uk","Amazon","KEYNSHAM","Bristol","BS31 2","MarketplaceFacilitator","12.03","2.41","0.94","0.19","0","0","-0.94","-0.19","-2.41","-2.17","-2.42","-0.09","0","7.35","Released","13 Apr 2026 17:10:51 UTC"
"6 Apr 2026 01:01:29 UTC","26777203122","Order","026-2471820-3486717","VSV-AZG6-UK","VIVOSUN AeroZesh G6 Inline Duct Fan 6inch/150 mm Extractor Fan 660 m³/h with E12 Speed Controller and Entirely Programmable PWM-Controlled EC Fan for","1","amazon.co.uk","Amazon","STAINES-UPON-THAMES","","TW19 6","MarketplaceFacilitator","58.32","11.67","0","0","0","0","0","0","-11.67","-10.50","-3.38","-0.28","0","44.16","Released","13 Apr 2026 22:17:17 UTC"
"6 Apr 2026 01:02:37 UTC","26777203122","Order","202-6680856-2181940","306143-0412-UK-N","VIVOSUN 4 Inch Air Carbon Filter Odor Control with Australia Virgin Charcoal for Inline Fan, Grow Tent Odor Scrubber Indoor Hydroponics, Pre-filter In","1","amazon.co.uk","Amazon","LONDON","","N14 5","MarketplaceFacilitator","26.82","5.37","0.33","0.07","0","0","-0.33","-0.07","-5.37","-4.83","-3.34","-0.17","0","18.48","Released","13 Apr 2026 07:23:40 UTC"
"6 Apr 2026 02:31:33 UTC","26777203122","Order","205-9429026-4731515","LH-001-UK","VIVOSUN 1-Pair 1/8 Inch Adjustable Grow Light Hanger, Heavy Duty Rope Hanger with Reinforced Metal Gears, 8Ft. Long and 150 lbs Weight Capacity Rope f","1","amazon.co.uk","Amazon","Wokingham","Berkshire","RG413","MarketplaceFacilitator","7.49","1.50","0","0","0","0","0","0","-1.50","-1.35","-2.42","-0.08","0","3.64","Released","13 Apr 2026 19:05:15 UTC"
"6 Apr 2026 02:56:14 UTC","26777203122","Order","202-6084848-1099562","311003-5-UK","VIVOSUN Gardening Scissors 6.5 Inch Hand Pruner Shear with Titanium Coated Blades, Pruning Shear for Plants, Flowers, Hedges 1-Pack Blue","1","amazon.co.uk","Amazon","WELLINGBOROUGH","","NN29 7","MarketplaceFacilitator","6.66","1.33","0","0","0","0","0","0","-1.33","-1.20","-1.67","-0.05","0","3.74","Released","13 Apr 2026 22:07:11 UTC"
"6 Apr 2026 03:04:58 UTC","26777203122","Order","204-0150553-3657125","304113-P224-UK","VIVOSUN Pro Grow Tent 60x60x120 CM (24""x24""x48""), with Thick 22 mm Poles, 2000D Oxford Fabric with Highly Reflective Mylar Extra Hanging Poles for Hyd","1","amazon.co.uk","Amazon","MANCHESTER","","M21 9","MarketplaceFacilitator","58.32","11.67","0","0","0","0","0","0","-11.67","-10.50","-5.55","-0.32","0","41.95","Released","13 Apr 2026 23:05:26 UTC"
"6 Apr 2026 03:56:28 UTC","26863601142","Order","206-3691195-6517940","VSF-AWD4x2-UK-M","VIVOSUN AeroWave D4, 4"" Grow Tent Clip Fan with Detachable Hook, 3-Speed Strong & Quiet Airflow, Adjustable Airflow Angle for Hydroponics, Circulation","1","amazon.co.uk","Seller","WADEBRIDGE","Cornwall","PL27 7","MarketplaceFacilitator","29.99","6.00","0","0","0","0","0","0","-6.00","-5.40","0","-0.11","0","24.48","Released","15 Apr 2026 22:53:15 UTC"
"6 Apr 2026 04:28:04 UTC","26777203122","Order","205-3059048-2718731","306143-0412-UK-N","VIVOSUN 4 Inch Air Carbon Filter Odor Control with Australia Virgin Charcoal for Inline Fan, Grow Tent Odor Scrubber Indoor Hydroponics, Pre-filter In","1","amazon.co.uk","Amazon","DAGENHAM","Essex","RM10 7","MarketplaceFacilitator","26.82","5.37","0","0","0","0","0","0","-5.37","-4.83","-3.34","-0.17","0","18.48","Released","13 Apr 2026 19:09:00 UTC"
"6 Apr 2026 05:37:48 UTC","26863601142","Order","205-7681061-2858762","306201PVC-8-UK","VIVOSUN Inline Duct Fan 8 Inch 720 CFM with Speed Controller, 8 Inch Carbon Filter and 25 Feet of Ducting, Temperature Humidity Monitor for Grow Tent,","1","amazon.co.uk","Seller","ROCHDALE","","OL16 3","MarketplaceFacilitator","99.99","20.00","0","0","0","0","0","0","-20.00","-18.00","0","-0.36","0","81.63","Released","15 Apr 2026 09:41:20 UTC"
"6 Apr 2026 09:23:30 UTC","26863601142","Order","202-5853433-1593966","VSF-AWE6G-UK-FBM","VIVOSUN Grow Fan with Clip, 15 cm/6 Inch Grow Tent Fan, 10 Speeds Smart App Control, IP54 with Automatic Oscillation AeroWave E6 for Grow Tent, Green","1","amazon.co.uk","Seller","INVERKEITHING","","KY11 1","MarketplaceFacilitator","28.32","5.67","0","0","0","0","0","0","-5.67","-5.10","0","-0.10","0","23.12","Released","15 Apr 2026 10:14:11 UTC"
"6 Apr 2026 10:55:02 UTC","26863601142","Order","203-6701172-0774704","GB0100J-UK","VIVOSUN Strawberry Planter Stackable Vertical Garden Pot 5 Tier, Indoor/Outdoor, Space-Saving Plant Pot for Strawberries, Flowers, Herbs, Vegetables,","1","amazon.co.uk","Seller","Chelmsford","","CM1 6","MarketplaceFacilitator","32.66","6.53","0","0","0","0","0","0","-6.53","-5.88","0","-0.12","0","26.66","Released","16 Apr 2026 14:03:11 UTC"
"6 Apr 2026 12:22:27 UTC","26863601142","Order","205-8696609-3329945","VG-Y18B-UK-M","VIVOSUN VGrow All-in-One Smart Grow Box, Professional System with Samsung LM301H EVO Grow Light, Advanced Circulation & Ventilation System, Irrigation","1","amazon.co.uk","Seller","CWMRHYDYCEIRW","","SA6 6","","699.99","0","0","0","0","0","0","0","0","-105.00","0","-2.10","0","592.89","Released","16 Apr 2026 23:16:29 UTC"
"6 Apr 2026 12:25:53 UTC","26863601142","Order","205-1240307-9517906","VSGB-25-UK-FBM","VIVOSUN Grow Bags 5-Pack 95L, 500G Thick Nonwoven Fabric Pots with Strap Handles, Multi-Purpose Rings, for Low Stress Plant Training Fruits, Vegetable","1","amazon.co.uk","Seller","St Tudy","CORNWALL","PL30 3","MarketplaceFacilitator","25.49","5.10","0","0","0","0","0","0","-5.10","-4.59","0","-0.09","0","20.81","Released","16 Apr 2026 14:33:31 UTC"
"6 Apr 2026 12:59:51 UTC","26863601142","Order","206-8117762-3675550","VS1000E-UK-FBM","VIVOSUN Grow Lamp LED 100 W Full Spectrum Plant Lamp with Samsung Diodes Grow Light IP65 for Indoor Plants Seedling Vegetative and Flower in 60 x 60 c","1","amazon.co.uk","Seller","BIRMINGHAM","","B33 9","MarketplaceFacilitator","52.49","10.50","0","0","0","0","0","0","-10.50","-9.45","0","-0.19","0","42.85","Released","16 Apr 2026 11:36:39 UTC"
"6 Apr 2026 14:38:23 UTC","26863601142","Order","206-3897608-0444305","GB0100J-UK","VIVOSUN Strawberry Planter Stackable Vertical Garden Pot 5 Tier, Indoor/Outdoor, Space-Saving Plant Pot for Strawberries, Flowers, Herbs, Vegetables,","1","amazon.co.uk","Seller","Rainham","","ME8 7","MarketplaceFacilitator","32.66","6.53","0","0","0","0","0","0","-6.53","-5.88","0","-0.12","0","26.66","Released","17 Apr 2026 13:12:13 UTC"
"6 Apr 2026 14:52:48 UTC","26863601142","Order","205-0339254-3410755","GB0100J-UK","VIVOSUN Strawberry Planter Stackable Vertical Garden Pot 5 Tier, Indoor/Outdoor, Space-Saving Plant Pot for Strawberries, Flowers, Herbs, Vegetables,","1","amazon.co.uk","Seller","MANCHESTER","","M24 2","MarketplaceFacilitator","32.66","6.53","0","0","0","0","0","0","-6.53","-5.88","0","-0.12","0","26.66","Released","17 Apr 2026 13:39:32 UTC"
"6 Apr 2026 15:05:29 UTC","26863601142","Order","026-8065775-2268354","VSF-AWD4-UK","VIVOSUN AeroWave D4, 4"" Grow Tent Clip Fan with Detachable Hook, 3-Speed Strong & Quiet Airflow, Adjustable Airflow Angle for Hydroponics, Circulation","1","amazon.co.uk","Seller","ILFORD","","IG1 3","MarketplaceFacilitator","16.66","3.33","0","0","0","0","0","0","-3.33","-3.00","0","-0.06","0","13.60","Released","16 Apr 2026 16:03:47 UTC"
"6 Apr 2026 16:48:30 UTC","26777203122","Order","203-9431468-9638731","311003-4X2NJ-UK","VIVOSUN Pack of 2 Secateurs 17 cm Plant Shears with Ergonomic Handles Pruning Shears with Straight Blades and Titanium Non-Stick Coating Rose Scissors","1","amazon.co.uk","Amazon","CRANLEIGH","","GU6 8","MarketplaceFacilitator","10.82","2.17","0","0","0","0","0","0","-2.17","-1.95","-1.73","-0.07","0","7.07","Released","14 Apr 2026 20:52:18 UTC"
"6 Apr 2026 17:07:32 UTC","26863601142","Order","203-1284799-3812334","GB0100J-UK","VIVOSUN Strawberry Planter Stackable Vertical Garden Pot 5 Tier, Indoor/Outdoor, Space-Saving Plant Pot for Strawberries, Flowers, Herbs, Vegetables,","1","amazon.co.uk","Seller","YORK","","YO31 1","MarketplaceFacilitator","32.66","6.53","0","0","0","0","0","0","-6.53","-5.88","0","-0.12","0","26.66","Released","17 Apr 2026 13:07:09 UTC"
"6 Apr 2026 17:17:00 UTC","26863601142","Order","204-3092626-2165139","GB0100J-UK","VIVOSUN Strawberry Planter Stackable Vertical Garden Pot 5 Tier, Indoor/Outdoor, Space-Saving Plant Pot for Strawberries, Flowers, Herbs, Vegetables,","1","amazon.co.uk","Seller","SLEAFORD","","NG34 9","MarketplaceFacilitator","32.66","6.53","0","0","0","0","0","0","-6.53","-5.88","0","-0.12","0","26.66","Released","17 Apr 2026 23:49:06 UTC"
"6 Apr 2026 17:52:05 UTC","26863601142","Order","206-1559291-5038713","306109-6C-UK-FBM","VIVOSUN Flex Air Aluminum Duct for Ventilation, 6 Inch 25 Feet, 2 Clamps Included, Long Heavy-Duty Multi-Layer Dryer Hose Vent Kit, Duct Fan Systems","1","amazon.co.uk","Seller","PLYMOUTH","","PL1 3","MarketplaceFacilitator","12.03","2.41","0","0","0","0","0","0","-2.41","-1.88","0","-0.04","0","10.11","Released","16 Apr 2026 16:01:37 UTC"
"6 Apr 2026 18:49:50 UTC","26863601142","Order","202-8891711-5243529","VSF-AWE6-UK-FBM","VIVOSUN AeroWave E6 6-Inch Clip-on Fan, Patented Portable Indoor Fan with Clip, Strong Airflow but Low Noise, 10 Speeds & 2 Modes IP-54, and Fully-Adj","1","amazon.co.uk","Seller","DAGENHAM","","RM9 6","MarketplaceFacilitator","29.16","5.83","0","0","0","0","0","0","-5.83","-5.25","0","-0.11","0","23.80","Released","16 Apr 2026 18:09:05 UTC"
"6 Apr 2026 19:21:58 UTC","26863601142","Order","026-8682478-0394755","VSGB-10-UK-FBM","VIVOSUN Grow Bags 5-Pack 40L, 500G Thick Nonwoven Fabric Pots with Strap Handles, Multi-Purpose Rings, for Low Stress Plant Training Fruits, Vegetable","1","amazon.co.uk","Seller","Waltham Cross","Hertfordshire","EN7 5","MarketplaceFacilitator","15.32","3.07","0","0","0","0","0","0","-3.07","-2.76","0","-0.06","0","12.50","Released","16 Apr 2026 12:14:01 UTC"
"6 Apr 2026 19:22:45 UTC","26863601142","Order","026-7640009-9205928","330101CNJ-UK-FBM","VIVOSUN Seedling Heating Mat with Digital Thermostat 10""X20.75"", UL & MET Certified, Heat Mat, Fast Heating, for Germination, Houseplants, Hydroponics","1","amazon.co.uk","Seller","ILFRACOMBE","Devon","EX34 8","MarketplaceFacilitator","24.99","5.00","0","0","0","0","0","0","-5.00","-4.50","0","-0.09","0","20.40","Released","18 Apr 2026 10:57:13 UTC"
"6 Apr 2026 19:30:51 UTC","26777203122","Refund","026-7973623-0735550","311003-5-UK","VIVOSUN Gardening Scissors 6.5 Inch Hand Pruner Shear with Titanium Coated Blades, Pruning Shear for Plants, Flowers, Hedges 1-Pack Blue","1","amazon.co.uk","Amazon","ABERDEEN","Aberdeenshire","AB16 6","MarketplaceFacilitator","-4.24","-0.85","0","0","0","0","0","0","0.85","0.61","0","0.02","0","-3.61","Released","6 Apr 2026 19:30:51 UTC"
"6 Apr 2026 19:40:50 UTC","26777203122","FBA Inventory Fee","7WUf2wLQXN","","FBA Disposal Fee","","Amazon.co.uk","","","","","","0","0","0","0","0","0","0","0","0","0","0","0","-19.58","-19.58","Released","6 Apr 2026 19:40:50 UTC"
"6 Apr 2026 19:56:04 UTC","26863601142","Order","205-0813845-6091546","TN-44-UK-FBM","VIVOSUN Garden Netting 120 x 120 cm, Elastic Trellis Net with 4 Hooks for Climbing Plants Vegetables Fruits and Flowers","2","amazon.co.uk","Seller","maidstone","kent","ME18 5","MarketplaceFacilitator","25.48","5.10","0","0","0","0","0","0","-5.10","-4.58","0","-0.09","0","20.81","Released","16 Apr 2026 13:03:08 UTC"
"6 Apr 2026 20:57:03 UTC","26777203122","Order","203-9930775-0026704","330701-01-UK","VIVOSUN Garden Netting 5 x 15ft. Plant Trellis Netting, Heavy-Duty Polyester Grow Net, Garden Trellis Netting with Square Mesh for Climbing Plants, Ve","2","amazon.co.uk","Amazon","BRISTOL","","BS35 3","MarketplaceFacilitator","12.74","2.54","0","0","0","0","0","0","-2.54","-2.30","-3.34","-0.12","0","6.98","Released","15 Apr 2026 00:15:20 UTC"
"6 Apr 2026 20:57:21 UTC","26777203122","Order","206-4719685-4416336","VSV-AZT4E42A-UK","VIVOSUN Inline Duct Fan 4 inch/100 mm with E42A WiFi-App Controller, Quiet Extractor Fan 357 m³/h with EC Motor Exhaust Fan for Heating, Cooling, Gre","1","amazon.co.uk","Amazon","SWINDON","","SN2 1","MarketplaceFacilitator","75.82","15.17","0","0","0","0","0","0","-15.17","-13.65","-3.54","-0.34","0","58.29","Released","14 Apr 2026 16:21:28 UTC"
"6 Apr 2026 21:41:08 UTC","26777203122","Order","026-7768230-2801114","304113-33-UK","VIVOSUN Grow Tent 90x90x180 CM (36''x36''x72''), Made of Highly Reflective Mylar with Viewing Window and Base Tray for Hydroponics Seedling Indoor Pla","1","amazon.co.uk","Amazon","LOSTWITHIEL","","PL22 0","MarketplaceFacilitator","81.66","16.33","0","0","0","0","0","0","-16.33","-14.70","-5.70","-0.40","0","60.86","Released","14 Apr 2026 18:11:35 UTC"
"6 Apr 2026 21:44:00 UTC","26863601142","Order","026-6133738-9085133","VSGB-5-UK-FBM","VIVOSUN Grow Bags 5-Pack 20L, 500G Thick Nonwoven Fabric Pots with Strap Handles, Multi-Purpose Rings, for Low Stress Plant Training Fruits, Vegetable","1","amazon.co.uk","Seller","CHIPPING NORTON","","OX7 7","MarketplaceFacilitator","15.82","3.17","0","0","0","0","-2.37","-0.48","-2.69","-2.42","0","-0.05","0","10.98","Released","16 Apr 2026 23:41:55 UTC"
"6 Apr 2026 22:08:14 UTC","26863601142","Order","206-0235131-3789962","VSGB-5-UK-FBM","VIVOSUN Grow Bags 5-Pack 20L, 500G Thick Nonwoven Fabric Pots with Strap Handles, Multi-Purpose Rings, for Low Stress Plant Training Fruits, Vegetable","1","amazon.co.uk","Seller","THATCHAM","","RG19 4","MarketplaceFacilitator","15.82","3.17","0","0","0","0","-2.37","-0.48","-2.69","-2.42","0","-0.05","0","10.98","Released","16 Apr 2026 23:30:33 UTC"
"6 Apr 2026 22:49:25 UTC","26777203122","Liquidations","149960599011552","X0022UCHDH","VIVOSUN Inline Duct Fan 6 Inch 440 CFM with Variable Speed Control for Grow Tent, Ventilation, Plant Tent, Indoor, Garden, Ventilation Fan, Z6 Pipe Fan, Black","1","","","","","","","7.00","1.40","0","0","0","0","0","0","0","0","0","-4.23","0","4.17","Deferred",
"6 Apr 2026 23:35:08 UTC","26863601142","Order","204-9579906-6381914","311001-3x5-UK-N","VIVOSUN Grow Bags 5 Pack 12L, Heavy Duty Thickened Nonwoven Fabric Pots with Strong Handles for Vegetables, Flowers, Fruits, Greenhouse and Garden","1","amazon.co.uk","Amazon","Derby","England","DE74 2","","13.32","2.67","0","0","0","0","0","0","0","-2.40","-3.15","0","0","10.44","Released","15 Apr 2026 19:29:13 UTC"
"6 Apr 2026 23:50:56 UTC","26777203122","Order","202-5984846-3509100","330701-01-UK","VIVOSUN Garden Netting 5 x 15ft. Plant Trellis Netting, Heavy-Duty Polyester Grow Net, Garden Trellis Netting with Square Mesh for Climbing Plants, Ve","1","amazon.co.uk","Amazon","CHINNOR","","OX39 4","MarketplaceFacilitator","6.37","1.27","0.56","0.11","0","0","-0.56","-0.11","-1.27","-1.15","-1.67","-0.05","0","3.50","Released","14 Apr 2026 07:56:06 UTC"
"7 Apr 2026 00:19:57 UTC","26863601142","Order","203-5442142-0715567","311001-20x5-UK-FBM","VIVOSUN Plant Grow Bags 5 Pack 80L, Heavy Duty Thickened Nonwoven Fabric Pots with Strong Handles, Reusable Breathable Garden Growing Containers for V","1","amazon.co.uk","Seller","SWINDON","","SN3 2","MarketplaceFacilitator","17.99","3.60","0","0","0","0","0","0","-3.60","-3.24","0","-0.06","0","14.69","Released","16 Apr 2026 22:17:27 UTC"
"7 Apr 2026 00:49:12 UTC","26777203122","Order","204-0725207-4247509","VSV-AZT4E42A-UK","VIVOSUN Inline Duct Fan 4 inch/100 mm with E42A WiFi-App Controller, Quiet Extractor Fan 357 m³/h with EC Motor Exhaust Fan for Heating, Cooling, Gre","1","amazon.co.uk","Amazon","BIRMINGHAM","","B47 5","MarketplaceFacilitator","75.82","15.17","0","0","0","0","0","0","-15.17","-13.65","-3.54","-0.34","0","58.29","Released","14 Apr 2026 22:43:24 UTC"
"7 Apr 2026 01:13:21 UTC","26777203122","Refund","206-9808384-8601918","VSV-AZG6-UK","VIVOSUN AeroZesh G6 Inline Duct Fan 6inch/150 mm Extractor Fan 660 m³/h with E12 Speed Controller and Entirely Programmable PWM-Controlled EC Fan for","1","amazon.co.uk","Amazon","MANCHESTER","","M15 6","MarketplaceFacilitator","-58.32","-11.67","0","0","0","0","0","0","11.67","8.40","0","0.21","0","-49.71","Released","11 Apr 2026 10:55:01 UTC"
"7 Apr 2026 01:36:42 UTC","26777203122","Order","026-3785445-9401122","330701-01-UK","VIVOSUN Garden Netting 5 x 15ft. Plant Trellis Netting, Heavy-Duty Polyester Grow Net, Garden Trellis Netting with Square Mesh for Climbing Plants, Ve","1","amazon.co.uk","Amazon","SHEFFIELD","","S26 4","MarketplaceFacilitator","6.37","1.27","0","0","0","0","0","0","-1.27","-1.15","-1.67","-0.05","0","3.50","Released","14 Apr 2026 22:38:47 UTC"
"7 Apr 2026 01:40:14 UTC","26777203122","Order","206-3897159-5148329","311003-5-UK","VIVOSUN Gardening Scissors 6.5 Inch Hand Pruner Shear with Titanium Coated Blades, Pruning Shear for Plants, Flowers, Hedges 1-Pack Blue","1","amazon.co.uk","Amazon","CRANBROOK","","EX5 7","MarketplaceFacilitator","6.66","1.33","0","0","0","0","0","0","-1.33","-1.20","-1.67","-0.05","0","3.74","Released","14 Apr 2026 22:36:22 UTC"
"7 Apr 2026 02:01:17 UTC","26777203122","FBA Inventory Fee","","","FBA storage fee","","Amazon.co.uk","","","","","","0","0","0","0","0","0","0","0","0","0","0","0","-1,134.04","-1,134.04","Released","7 Apr 2026 02:01:17 UTC"
"7 Apr 2026 03:14:07 UTC","26777203122","Order","205-6364215-9606757","TN-33-UK","VIVOSUN Garden Netting 90 x 90 cm Elastic Trellis Net with 4 Hooks Trellis Net for Climbing Plants Vegetables Fruits and Flowers","1","amazon.co.uk","Amazon","MILTON KEYNES","","MK10 7","MarketplaceFacilitator","12.03","2.41","0","0","0","0","0","0","-2.41","-2.17","-2.42","-0.09","0","7.35","Released","14 Apr 2026 23:15:52 UTC"
"7 Apr 2026 03:56:19 UTC","26777203122","Order","202-5364073-1113940","304113-P224-UK","VIVOSUN Pro Grow Tent 60x60x120 CM (24""x24""x48""), with Thick 22 mm Poles, 2000D Oxford Fabric with Highly Reflective Mylar Extra Hanging Poles for Hyd","1","amazon.co.uk","Amazon","Corby","","NN17 2","MarketplaceFacilitator","58.32","11.67","0","0","0","0","0","0","-11.67","-10.50","-5.55","-0.32","0","41.95","Released","14 Apr 2026 23:27:25 UTC"
"7 Apr 2026 04:37:27 UTC","26777203122","Order","206-4719685-4416336","304113-P224-UK","VIVOSUN Pro Grow Tent 60x60x120 CM (24""x24""x48""), with Thick 22 mm Poles, 2000D Oxford Fabric with Highly Reflective Mylar Extra Hanging Poles for Hyd","1","amazon.co.uk","Amazon","SWINDON","","SN2 1","MarketplaceFacilitator","58.32","11.67","0","0","0","0","0","0","-11.67","-10.50","-5.55","-0.32","0","41.95","Released","14 Apr 2026 16:28:13 UTC"
"7 Apr 2026 06:23:26 UTC","26863601142","Order","026-8957514-1552306","GB0100J-UK","VIVOSUN Strawberry Planter Stackable Vertical Garden Pot 5 Tier, Indoor/Outdoor, Space-Saving Plant Pot for Strawberries, Flowers, Herbs, Vegetables,","1","amazon.co.uk","Seller","Wembworthy","Devon","EX18 7","MarketplaceFacilitator","32.66","6.53","0","0","0","0","0","0","-6.53","-5.88","0","-0.12","0","26.66","Released","16 Apr 2026 09:53:11 UTC"
"7 Apr 2026 08:34:22 UTC","26863601142","Order","205-7935595-5333104","305140-PEN-UK","VIVOSUN Digital pH and TDS Meter Kits, 0.01pH High Accuracy Pen Type pH Meter ± 2% Readout Accuracy 3-in-1 TDS EC Temperature Meter for Hydroponics,","1","amazon.co.uk","Seller","SUTTON COLDFIELD","","B73 5","MarketplaceFacilitator","19.99","4.00","0","0","0","0","0","0","-4.00","-3.60","0","-0.07","0","16.32","Released","16 Apr 2026 23:17:17 UTC"
"7 Apr 2026 09:29:11 UTC","26863601142","Order","203-8867760-0029100","VS1000E-UK-FBM","VIVOSUN Grow Lamp LED 100 W Full Spectrum Plant Lamp with Samsung Diodes Grow Light IP65 for Indoor Plants Seedling Vegetative and Flower in 60 x 60 c","1","amazon.co.uk","Seller","WETHERBY","","LS23 6","MarketplaceFacilitator","52.49","10.50","0","0","0","0","0","0","-10.50","-9.45","0","-0.19","0","42.85","Released","17 Apr 2026 21:29:40 UTC"
"7 Apr 2026 10:14:53 UTC","26863601142","Order","026-4760895-7544333","GB0100J-UK","VIVOSUN Strawberry Planter Stackable Vertical Garden Pot 5 Tier, Indoor/Outdoor, Space-Saving Plant Pot for Strawberries, Flowers, Herbs, Vegetables,","1","amazon.co.uk","Seller","SOUTHAMPTON","","SO31 9","MarketplaceFacilitator","32.66","6.53","0","0","0","0","0","0","-6.53","-5.88","0","-0.12","0","26.66","Released","17 Apr 2026 21:40:59 UTC"
"7 Apr 2026 11:46:44 UTC","26863601142","Order","204-0431505-3121160","GB0100J-UK","VIVOSUN Strawberry Planter Stackable Vertical Garden Pot 5 Tier, Indoor/Outdoor, Space-Saving Plant Pot for Strawberries, Flowers, Herbs, Vegetables,","1","amazon.co.uk","Seller","PAISLEY","","PA3 1","MarketplaceFacilitator","32.66","6.53","0","0","0","0","0","0","-6.53","-5.88","0","-0.12","0","26.66","Released","17 Apr 2026 13:38:03 UTC"
"7 Apr 2026 11:47:09 UTC","26863601142","Order","206-4762949-0084357","GB0100J-UK","VIVOSUN Strawberry Planter Stackable Vertical Garden Pot 5 Tier, Indoor/Outdoor, Space-Saving Plant Pot for Strawberries, Flowers, Herbs, Vegetables,","1","amazon.co.uk","Seller","St Saviours","","GY7 9","","39.19","0","0","0","0","0","0","0","0","-5.88","0","-0.12","0","33.19","Released","17 Apr 2026 20:28:19 UTC"
"7 Apr 2026 11:47:24 UTC","26863601142","Order","202-6737494-7453910","VSF-AWD4x2-UK-M","VIVOSUN AeroWave D4, 4"" Grow Tent Clip Fan with Detachable Hook, 3-Speed Strong & Quiet Airflow, Adjustable Airflow Angle for Hydroponics, Circulation","1","amazon.co.uk","Seller","SOUTHAMPTON","","SO40 3","MarketplaceFacilitator","29.99","6.00","0","0","0","0","0","0","-6.00","-5.40","0","-0.11","0","24.48","Released","16 Apr 2026 12:01:43 UTC"
"7 Apr 2026 12:00:18 UTC","26863601142","Order","204-6832659-3941154","GB0100J-UK","VIVOSUN Strawberry Planter Stackable Vertical Garden Pot 5 Tier, Indoor/Outdoor, Space-Saving Plant Pot for Strawberries, Flowers, Herbs, Vegetables,","1","amazon.co.uk","Seller","HUDDERSFIELD","","HD3 3","MarketplaceFacilitator","32.66","6.53","0","0","0","0","0","0","-6.53","-5.88","0","-0.12","0","26.66","Released","17 Apr 2026 21:41:11 UTC"
"7 Apr 2026 12:46:52 UTC","26777203122","FBA Inventory Fee","GjQv8FwWT2","","FBA Disposal Fee","","Amazon.co.uk","","","","","","0","0","0","0","0","0","0","0","0","0","0","0","-6.25","-6.25","Released","7 Apr 2026 12:46:52 UTC"
"7 Apr 2026 13:09:18 UTC","26863601142","Order","202-3354405-9025906","GB0100J-UK","VIVOSUN Strawberry Planter Stackable Vertical Garden Pot 5 Tier, Indoor/Outdoor, Space-Saving Plant Pot for Strawberries, Flowers, Herbs, Vegetables,","1","amazon.co.uk","Seller","SOUTH OCKENDON","","RM15 6","MarketplaceFacilitator","32.66","6.53","0","0","0","0","0","0","-6.53","-5.88","0","-0.12","0","26.66","Released","17 Apr 2026 16:04:15 UTC"
"7 Apr 2026 13:14:29 UTC","26777203122","Refund","206-7737580-3198703","LED-150-UK","VIVOSUN VS1500 LED Grow Light with Samsung LM301 Diodes & Sosen Driver for Indoor Growing, Plant Lamp with Dimmable Lights & Sun-Like Full Spectrum fo","1","amazon.co.uk","Amazon","ANDOVER","","SP10 3","MarketplaceFacilitator","-99.99","-20.00","-1.25","-0.25","0","0","1.25","0.25","20.00","14.40","0","0.36","0","-85.23","Released","7 Apr 2026 13:14:29 UTC"
"7 Apr 2026 14:13:22 UTC","26863601142","Order","203-0724801-4785955","GT-Pole-UK-M","VIVOSUN Grow Tent High CFM Kit, Green Pole Range of 24""-48"", Suitable for 2'x2', 3'x3', 4'x2' and 4'x4'Grow Tent, 4-Pack","1","amazon.co.uk","Seller","Poynton Stockport","Cheshire","SK121","MarketplaceFacilitator","33.32","6.67","0","0","0","0","0","0","-6.67","-6.00","0","-0.12","0","27.20","Released","17 Apr 2026 23:52:40 UTC"
"7 Apr 2026 14:35:10 UTC","26863601142","Order","205-5859559-1390743","332021-UK-FBM","VIVOSUN 30X 60X Illuminated Jewelers Loupe Foldable Magnifier with LED Light for Jewelry Gems Watches Coins Stamps Antiques, White","1","amazon.co.uk","Seller","TUNBRIDGE WELLS","Kent","TN4 8","MarketplaceFacilitator","9.16","1.83","0","0","0","0","0","0","-1.83","-0.88","0","-0.02","0","8.26","Released","23 Apr 2026 23:20:11 UTC"
"7 Apr 2026 14:35:19 UTC","26863601142","Order","206-0936048-7458758","VSF-AWD4x2-UK-M","VIVOSUN AeroWave D4, 4"" Grow Tent Clip Fan with Detachable Hook, 3-Speed Strong & Quiet Airflow, Adjustable Airflow Angle for Hydroponics, Circulation","1","amazon.co.uk","Seller","STEVENAGE","","SG1 3","MarketplaceFacilitator","29.99","6.00","0","0","0","0","0","0","-6.00","-5.40","0","-0.11","0","24.48","Released","20 Apr 2026 21:06:23 UTC"
"7 Apr 2026 14:46:33 UTC","26863601142","Order","206-6213788-8589119","VSF-AWE6Wx2-UK","VIVOSUN AeroWave E6 Grow Tent Fan 6"", EC Motor, Smart Wifi Control, US Patented Auto Oscillating Clip fan, IP54, Strong Airflow but Quiet for Hydropon","1","amazon.co.uk","Amazon","ROWLEY REGIS","","B65 0","MarketplaceFacilitator","58.39","11.68","0","0","0","0","0","0","-11.68","-10.51","-3.34","-0.28","0","44.26","Released","15 Apr 2026 17:28:38 UTC"
"7 Apr 2026 15:44:54 UTC","26777203122","Refund","204-4690318-7263539","VSH-IS03-UK","VIVOSUN Solar Automatic Drip Irrigation Kits with Timer, 3W Output, Solar Powered Auto Drip Irrigation System, 15 Pots Garden Plant Watering System, P","1","amazon.co.uk","Amazon","Halstead","","CO9 4","MarketplaceFacilitator","-21.56","-4.31","0","0","0","0","0","0","4.31","3.10","0","0.08","0","-18.38","Released","11 Apr 2026 21:22:48 UTC"
"7 Apr 2026 16:07:16 UTC","26863601142","Order","204-3845018-3639504","TN-44-UK-FBM","VIVOSUN Garden Netting 120 x 120 cm, Elastic Trellis Net with 4 Hooks for Climbing Plants Vegetables Fruits and Flowers","1","amazon.co.uk","Seller","NEATH","W Glam","SA11 3","MarketplaceFacilitator","12.74","2.55","0","0","0","0","0","0","-2.55","-2.29","0","-0.05","0","10.40","Released","17 Apr 2026 21:49:23 UTC"
"7 Apr 2026 16:39:29 UTC","26863601142","Order","203-2384029-6539544","330701-01-UK","VIVOSUN Garden Netting 5 x 15ft. Plant Trellis Netting, Heavy-Duty Polyester Grow Net, Garden Trellis Netting with Square Mesh for Climbing Plants, Ve","2","amazon.co.uk","Amazon","Leyland","","PR26 7","MarketplaceFacilitator","12.74","2.54","0","0","0","0","0","0","-2.54","-2.30","-3.34","-0.12","0","6.98","Released","15 Apr 2026 22:46:52 UTC"
"7 Apr 2026 17:17:59 UTC","26863601142","Order","205-7795964-7770700","330701-01-UK","VIVOSUN Garden Netting 5 x 15ft. Plant Trellis Netting, Heavy-Duty Polyester Grow Net, Garden Trellis Netting with Square Mesh for Climbing Plants, Ve","1","amazon.co.uk","Amazon","COWES","","PO31 8","MarketplaceFacilitator","6.37","1.27","0","0","0","0","0","0","-1.27","-1.15","-1.67","-0.05","0","3.50","Released","15 Apr 2026 22:13:13 UTC"
"7 Apr 2026 18:43:20 UTC","26863601142","Order","204-0427630-5247521","306201P-4-UK","VIVOSUN Inline Duct Fan 4 Inch 190 CFM EC Motor with Speed Controller, Quiet Pipe Fan, R4 Pipe Fan for Grow Tent, Greenhouse Ventilation","1","amazon.co.uk","Amazon","DARTFORD","DARTFORD","DA1 5","","42.49","8.50","0","0","0","0","0","0","0","-7.65","-3.37","0","0","39.97","Released","17 Apr 2026 23:11:56 UTC"
"7 Apr 2026 19:04:36 UTC","26863601142","Order","202-1027546-5406719","TN-44-UK-FBM","VIVOSUN Garden Netting 120 x 120 cm, Elastic Trellis Net with 4 Hooks for Climbing Plants Vegetables Fruits and Flowers","1","amazon.co.uk","Seller","CAMBERLEY","","GU15 1","MarketplaceFacilitator","12.74","2.55","0","0","0","0","0","0","-2.55","-2.29","0","-0.05","0","10.40","Released","17 Apr 2026 22:24:57 UTC"
"7 Apr 2026 19:59:16 UTC","26863601142","Order","026-3202968-5692367","TN-44-UK-FBM","VIVOSUN Garden Netting 120 x 120 cm, Elastic Trellis Net with 4 Hooks for Climbing Plants Vegetables Fruits and Flowers","1","amazon.co.uk","Seller","HAVANT","HANTS","PO9 4","MarketplaceFacilitator","12.74","2.55","0","0","0","0","0","0","-2.55","-2.29","0","-0.05","0","10.40","Released","17 Apr 2026 21:27:26 UTC"
"7 Apr 2026 20:18:24 UTC","26863601142","Order","026-1282934-0991551","304113-33-UK","VIVOSUN Grow Tent 90x90x180 CM (36''x36''x72''), Made of Highly Reflective Mylar with Viewing Window and Base Tray for Hydroponics Seedling Indoor Pla","1","amazon.co.uk","Amazon","LONDON","","SW8 3","MarketplaceFacilitator","81.66","16.33","0","0","0","0","0","0","-16.33","-14.70","-5.70","-0.40","0","60.86","Released","15 Apr 2026 21:58:29 UTC"
"7 Apr 2026 20:52:29 UTC","26863601142","Order","202-0946625-4745124","311001-15x5-UK-FBM","VIVOSUN Plant Grow Bags 5 Pack 60L, Heavy Duty Thickened Nonwoven Fabric Pots with Strong Handles, Reusable Breathable Garden Growing Containers for V","1","amazon.co.uk","Seller","Near Goole","East Yorkshire","DN14 7","MarketplaceFacilitator","19.99","4.00","0","0","0","0","0","0","-4.00","-3.60","0","-0.07","0","16.32","Released","17 Apr 2026 19:01:06 UTC"
"7 Apr 2026 21:07:36 UTC","26863601142","Order","206-5571573-5124358","GB0100-2J-UK","VIVOSUN Strawberry Planter Stackable Vertical Garden Pot 5 Tier, Indoor/Outdoor, Space-Saving Plant Pot for Strawberries, Flowers, Herbs, Vegetables,","1","amazon.co.uk","Seller","PITLOCHRY","","PH16 5","MarketplaceFacilitator","74.99","15.00","0","0","0","0","-22.50","-4.50","-10.50","-9.45","0","-0.19","0","42.85","Released","16 Apr 2026 22:08:20 UTC"
"7 Apr 2026 21:13:35 UTC","26863601142","Order","206-9937620-7699567","330701-01-UK","VIVOSUN Garden Netting 5 x 15ft. Plant Trellis Netting, Heavy-Duty Polyester Grow Net, Garden Trellis Netting with Square Mesh for Climbing Plants, Ve","2","amazon.co.uk","Amazon","WOLVERHAMPTON","","WV6 9","MarketplaceFacilitator","12.74","2.54","0","0","0","0","0","0","-2.54","-2.30","-3.34","-0.12","0","6.98","Released","15 Apr 2026 21:46:56 UTC"
"7 Apr 2026 21:16:46 UTC","26863601142","Order","026-9809100-9119553","VSA200SE-E25-UK-FBM","VIVOSUN LED Grow Lamp 200 W Full Spectrum Plant Lamp with Integrated Circulation Fan Grow Light Compatible with App, AeroLight Wing AW200SE with GrowH","1","amazon.co.uk","Seller","LONDON","","SW8 3","MarketplaceFacilitator","119.57","23.92","0","0","0","0","0","0","-23.92","-21.52","0","-0.43","0","97.62","Released","17 Apr 2026 22:34:14 UTC"
"7 Apr 2026 21:21:42 UTC","26863601142","Order","204-2059883-9553908","VSV-AZT4-UK","VIVOSUN AeroZesh T4 Inline Duct Fan 4inch/100 mm Extractor Fan 357 m³/h with E12 Speed Controller and Fully Programmable PWM-Controlled EC Quiet Vent","1","amazon.co.uk","Amazon","LONDON","","SE15 4","","58.32","11.67","0","0","0","0","0","0","0","-10.50","-3.37","-0.28","0","55.84","Released","17 Apr 2026 21:36:07 UTC"
"7 Apr 2026 22:13:27 UTC","26863601142","Order","202-8308615-6731529","311001-3x5-UK-N","VIVOSUN Grow Bags 5 Pack 12L, Heavy Duty Thickened Nonwoven Fabric Pots with Strong Handles for Vegetables, Flowers, Fruits, Greenhouse and Garden","1","amazon.co.uk","Amazon","BISHOP'S STORTFORD","","CM22 7","MarketplaceFacilitator","13.32","2.67","0","0","0","0","0","0","-2.67","-2.40","-3.15","-0.11","0","7.66","Released","15 Apr 2026 14:11:12 UTC"
"7 Apr 2026 22:13:42 UTC","26863601142","Order","206-7432875-3923566","306143-0412-UK-N","VIVOSUN 4 Inch Air Carbon Filter Odor Control with Australia Virgin Charcoal for Inline Fan, Grow Tent Odor Scrubber Indoor Hydroponics, Pre-filter In","1","amazon.co.uk","Amazon","WOKING","","GU22 8","MarketplaceFacilitator","26.82","5.37","0","0","0","0","0","0","-5.37","-4.83","-3.34","-0.17","0","18.48","Released","15 Apr 2026 20:06:22 UTC"
"7 Apr 2026 22:34:05 UTC","26863601142","Order","205-6163583-0815506","VSGB-25-UK-FBM","VIVOSUN Grow Bags 5-Pack 95L, 500G Thick Nonwoven Fabric Pots with Strap Handles, Multi-Purpose Rings, for Low Stress Plant Training Fruits, Vegetable","1","amazon.co.uk","Seller","Southport","Merseyside","PR8 4","MarketplaceFacilitator","25.49","5.10","0","0","0","0","0","0","-5.10","-4.59","0","-0.09","0","20.81","Released","18 Apr 2026 00:14:31 UTC"
"7 Apr 2026 22:34:19 UTC","26863601142","Order","204-2165801-3337923","VSF-AWE6-UK-FBM","VIVOSUN AeroWave E6 6-Inch Clip-on Fan, Patented Portable Indoor Fan with Clip, Strong Airflow but Low Noise, 10 Speeds & 2 Modes IP-54, and Fully-Adj","1","amazon.co.uk","Seller","SHETLAND","Shetland Islands","ZE2 9","MarketplaceFacilitator","29.16","5.83","0","0","0","0","0","0","-5.83","-5.25","0","-0.11","0","23.80","Released","17 Apr 2026 13:32:44 UTC"
"7 Apr 2026 22:45:49 UTC","26863601142","Order","206-8802638-0931542","304113-P426-UK-FBM","VIVOSUN PRO Grow Tent 120x60x180CM (48""x24""x72""), with Thick 1 inch Poles, Strengthened High Reflective Mylar Oxford Fabric, Extra Hanging Bars & CFM","1","amazon.co.uk","Seller","PETERBOROUGH","Cambridgeshire","PE3 9","MarketplaceFacilitator","124.99","25.00","0","0","0","0","0","0","-25.00","-22.50","0","-0.45","0","102.04","Released","23 Apr 2026 23:14:56 UTC"
"7 Apr 2026 23:04:28 UTC","26863601142","Order","203-1887858-0613917","VS1000E-UK-FBM","VIVOSUN Grow Lamp LED 100 W Full Spectrum Plant Lamp with Samsung Diodes Grow Light IP65 for Indoor Plants Seedling Vegetative and Flower in 60 x 60 c","1","amazon.co.uk","Seller","NORWICH","","NR16 2","MarketplaceFacilitator","52.49","10.50","0","0","0","0","0","0","-10.50","-9.45","0","-0.19","0","42.85","Released","17 Apr 2026 21:56:59 UTC"
"8 Apr 2026 00:59:20 UTC","26863601142","Order","206-8104082-4875500","VC-0003-UK","VIVOSUN 2-Pcs. Grow Tent Vent Cover, 4""/6""/8"" Duct Filter Vent Cover with Elastic Band and Fixed Buckle for Plant Grow Tent Vent","1","amazon.co.uk","Amazon","NEWCASTLE UPON TYNE","Tyne And Wear","NE4 9","MarketplaceFacilitator","17.49","3.50","0","0","0","0","0","0","-3.50","-3.15","-2.94","-0.12","0","11.28","Released","15 Apr 2026 16:33:15 UTC"
"8 Apr 2026 01:02:35 UTC","26863601142","Order","205-9811207-2063505","VSVC-AZG6-UK-FBM","VIVOSUN G6 Smart Air Filtration Set, Duct Fan 150 mm Extractor Fan with E12 Speed Control, Carbon Filter & 240 cm Air Duct, Exhaust Set Cooling and Ve","1","amazon.co.uk","Seller","Kings Norton","Birmingham","B38 8","MarketplaceFacilitator","124.99","25.00","0","0","0","0","0","0","-25.00","-22.50","0","-0.45","0","102.04","Released","17 Apr 2026 20:48:00 UTC"
"8 Apr 2026 01:12:46 UTC","26863601142","Order","026-5920264-6568309","VSFD4500-UK","VIVOSUN VSFD4500 LED Grow Light Patented Design, 450W Removable Dimmable Plant Grow Light with 6 Dimming Option - Full Spectrum and UR/IR Light for In","1","amazon.co.uk","Seller","BATHGATE","West Lothian","EH48 3","","359.99","0","0","0","0","0","-108.00","0","0","-37.80","0","-0.76","0","213.43","Released","19 Apr 2026 20:06:43 UTC"
"8 Apr 2026 01:56:45 UTC","26863601142","Order","202-2941117-5245148","306201PVC-8-UK","VIVOSUN Inline Duct Fan 8 Inch 720 CFM with Speed Controller, 8 Inch Carbon Filter and 25 Feet of Ducting, Temperature Humidity Monitor for Grow Tent,","1","amazon.co.uk","Seller","HEDNESFORD","","WS12 1","MarketplaceFacilitator","99.99","20.00","0","0","0","0","0","0","-20.00","-18.00","0","-0.36","0","81.63","Released","20 Apr 2026 10:35:46 UTC"
"8 Apr 2026 02:11:00 UTC","26863601142","Order","205-5006167-3321139","VSH-IS03-UK","VIVOSUN Solar Automatic Drip Irrigation Kits with Timer, 3W Output, Solar Powered Auto Drip Irrigation System, 15 Pots Garden Plant Watering System, P","1","amazon.co.uk","Amazon","REDHILLS","","CA11 0","MarketplaceFacilitator","21.56","4.31","4.16","0.83","0","0","0","0","-5.14","-3.88","-7.31","-0.22","0","14.31","Released","15 Apr 2026 22:06:22 UTC"
"8 Apr 2026 03:43:40 UTC","26863601142","Order","026-1061761-5513934","311003-5-UK","VIVOSUN Gardening Scissors 6.5 Inch Hand Pruner Shear with Titanium Coated Blades, Pruning Shear for Plants, Flowers, Hedges 1-Pack Blue","1","amazon.co.uk","Amazon","SEDBERGH","","LA10 5","MarketplaceFacilitator","6.66","1.33","0","0","0","0","0","0","-1.33","-1.20","-1.67","-0.05","0","3.74","Released","16 Apr 2026 00:12:16 UTC"
"8 Apr 2026 04:07:17 UTC","26863601142","Order","206-3928467-6385116","VSF-AWD4x2-UK-M","VIVOSUN AeroWave D4, 4"" Grow Tent Clip Fan with Detachable Hook, 3-Speed Strong & Quiet Airflow, Adjustable Airflow Angle for Hydroponics, Circulation","1","amazon.co.uk","Seller","DUNOON","","PA23 8","MarketplaceFacilitator","29.99","6.00","0","0","0","0","0","0","-6.00","-5.40","0","-0.11","0","24.48","Released","17 Apr 2026 10:37:51 UTC"
"8 Apr 2026 06:14:54 UTC","26863601142","Refund","205-5859559-1390743","332021-UK-FBM","VIVOSUN 30X 60X Illuminated Jewelers Loupe Foldable Magnifier with LED Light for Jewelry Gems Watches Coins Stamps Antiques, White","1","amazon.co.uk","Seller","TUNBRIDGE WELLS","Kent","TN4 8","MarketplaceFacilitator","-9.16","-1.83","0","0","0","0","0","0","1.83","0.70","0","0.02","0","-8.44","Released","23 Apr 2026 23:13:34 UTC"
"8 Apr 2026 07:44:41 UTC","26863601142","Order","204-1533795-8945131","306146-0412-UK-FBM","VIVOSUN 4 Inch Air Carbon Filter Odor Control with Australia Virgin Charcoal for Inline Fan, Grow Tent Odor Scrubber, Pre-Filter Included, Reversible","1","amazon.co.uk","Seller","CROYDON","","CR0 0","MarketplaceFacilitator","38.32","7.67","0","0","0","0","0","0","-7.67","-6.90","0","-0.14","0","31.28","Released","17 Apr 2026 20:55:06 UTC"
"8 Apr 2026 08:01:41 UTC","26863601142","Order","026-3288639-3789937","VS-THB1S-UK-FBM","VIVOSUN AeroLab THB1S Wireless Bluetooth Hygrometer Thermometer Indoor, VPD, Digital Temp Humidity Meter, LCD Smart App Control & Alert, Data Storage,","1","amazon.co.uk","Seller","STRANRAER","","DG9 8","MarketplaceFacilitator","20.82","4.17","0","0","0","0","0","0","-4.17","-3.25","0","-0.07","0","17.50","Released","17 Apr 2026 20:32:16 UTC"
"8 Apr 2026 09:11:16 UTC","26863601142","Order","206-4399820-6761119","304113-3018-UK-FBM","VIVOSUN Grow Tent 75x45x90 CM (30""x18""x36""), High Reflective Mylar with Observation Window and Floor Tray for Hydroponics Indoor Plant for VS1000","1","amazon.co.uk","Seller","DARLINGTON","","DL1 4","MarketplaceFacilitator","45.74","9.15","0","0","0","0","0","0","-9.15","-8.23","0","-0.16","0","37.35","Released","17 Apr 2026 15:39:05 UTC"
"8 Apr 2026 09:27:25 UTC","26863601142","Order","206-9476878-7473102","332022-2-UK","VIVOSUN 2-Pack 30X 60X Illuminated Jewelers Loupe Foldable Magnifier with LED Light for Jewelry Gems Watches Coins Stamps Antiques Black","1","amazon.co.uk","Amazon","Navan","Meath","","MarketplaceFacilitator","13.32","3.06","0","0","0","0","0","0","-3.06","-2.40","-3.00","-0.11","0","7.81","Released","16 Apr 2026 23:04:56 UTC"
"8 Apr 2026 09:52:19 UTC","26863601142","Order","202-1005625-7077926","VS1000E-UK-FBM","VIVOSUN Grow Lamp LED 100 W Full Spectrum Plant Lamp with Samsung Diodes Grow Light IP65 for Indoor Plants Seedling Vegetative and Flower in 60 x 60 c","1","amazon.co.uk","Seller","SWAFFHAM","","PE37 7","MarketplaceFacilitator","52.49","10.50","0","0","0","0","0","0","-10.50","-9.45","0","-0.19","0","42.85","Released","17 Apr 2026 16:42:27 UTC"
"8 Apr 2026 10:07:28 UTC","26863601142","Order","203-3602367-4386716","VSV-AZG6-UK","VIVOSUN AeroZesh G6 Inline Duct Fan 6inch/150 mm Extractor Fan 660 m³/h with E12 Speed Controller and Entirely Programmable PWM-Controlled EC Fan for","1","amazon.co.uk","Amazon","NUTHALL","","NG16 1","MarketplaceFacilitator","58.32","11.67","4.99","1.00","0","0","0","0","-12.67","-10.50","-8.37","-0.38","0","44.06","Released","15 Apr 2026 18:03:17 UTC"
"8 Apr 2026 10:10:00 UTC","26777203122","Refund","204-8459247-4521112","330101CNJ-UK-FBM","VIVOSUN Seedling Heating Mat with Digital Thermostat 10""X20.75"", UL & MET Certified, Heat Mat, Fast Heating, for Germination, Houseplants, Hydroponics","1","amazon.co.uk","Seller","Dersingham","Norfolk","PE31 6","MarketplaceFacilitator","-24.99","-5.00","0","0","0","0","0","0","5.00","3.60","0","0.09","0","-21.30","Released","8 Apr 2026 23:06:12 UTC"
"8 Apr 2026 10:39:05 UTC","26863601142","Order","206-6036956-3626754","332021-UK-FBM","VIVOSUN 30X 60X Illuminated Jewelers Loupe Foldable Magnifier with LED Light for Jewelry Gems Watches Coins Stamps Antiques, White","1","amazon.co.uk","Seller","BISHOPS STORTFORD","","CM23 0","MarketplaceFacilitator","9.16","1.83","0","0","0","0","0","0","-1.83","-0.88","0","-0.02","0","8.26","Released","17 Apr 2026 23:17:55 UTC"
"8 Apr 2026 10:43:14 UTC","26777203122","Liquidations","149984067388552","X0022PY31L","VIVOSUN Pro Grow Tent 80x80x160 CM (32""x32""x63""), with Thick 22 mm Poles, 2000DOxford Fabric with Highly Reflective Mylar Extra Hanging Poles, Growbox for Hydroponics Indoor Growing (No High CFM Set)","1","","","","","","","12.13","2.43","0","0","0","0","0","0","0","0","0","-10.64","0","3.92","Deferred",
"8 Apr 2026 11:33:25 UTC","26863601142","Order","206-0148509-1066703","VC-0001-UK","VIVOSUN 2 Pack Grow Tent Vent Cover 4""/6""/8"" Channel Filter Cover with Elastic Band and Fixed Buckle for Plant Growth Tents","1","amazon.co.uk","Amazon","EDINBURGH","","EH4 2","MarketplaceFacilitator","11.32","2.27","0","0","0","0","0","0","-2.27","-2.04","-2.42","-0.09","0","6.77","Released","16 Apr 2026 17:50:30 UTC"
"8 Apr 2026 11:41:20 UTC","26863601142","Order","026-3853428-1682717","306104-8C-UK-FBM","VIVOSUN 8 Inch Flexible Aluminum Ducting for HVAC Ventilation, 25 FT Long Air Duct Hose with 2 Clamps, Multi-Layer Dryer Vent Duct for Heating Cooling","1","amazon.co.uk","Seller","CASTLE DOUGLAS","","DG7 2","MarketplaceFacilitator","29.16","5.83","0","0","0","0","0","0","-5.83","-4.55","0","-0.09","0","24.52","Released","17 Apr 2026 15:01:46 UTC"
"8 Apr 2026 12:07:25 UTC","26777203122","Refund","204-8674634-6255505","VSF-AWD4-UK-FBM","VIVOSUN AeroWave D4, 4"" Grow Tent Clip Fan with Detachable Hook, 3-Speed Strong & Quiet Airflow, Adjustable Airflow Angle for Hydroponics, Circulation","1","amazon.co.uk","Seller","NEATH","","SA11 3","MarketplaceFacilitator","-14.16","-2.83","0","0","0","0","0","0","2.83","2.04","0","0.05","0","-12.07","Released","8 Apr 2026 12:07:25 UTC"
"8 Apr 2026 12:17:07 UTC","26863601142","Order","206-5384322-6776340","330701-01-UK","VIVOSUN Garden Netting 5 x 15ft. Plant Trellis Netting, Heavy-Duty Polyester Grow Net, Garden Trellis Netting with Square Mesh for Climbing Plants, Ve","1","amazon.co.uk","Amazon","East Calder","","EH53 0","MarketplaceFacilitator","6.37","1.27","0","0","0","0","0","0","-1.27","-1.15","-1.67","-0.05","0","3.50","Released","16 Apr 2026 20:53:59 UTC"
"8 Apr 2026 12:34:51 UTC","26863601142","Order","202-9919912-2190734","305131-PEN-UK-M","VIVOSUN Digital pH Meter, 0.01pH High Accuracy Pen Type pH Tester for Hydroponics, Household Drinking, Pool and Aquarium, UL Certified","1","amazon.co.uk","Seller","Birmingham","","B18 6","MarketplaceFacilitator","8.29","1.66","0","0","0","0","0","0","-1.66","-1.49","0","-0.03","0","6.77","Released","17 Apr 2026 14:40:47 UTC"
"8 Apr 2026 12:50:22 UTC","26777203122","Delivery Services","206-9072109-5389912","","ReturnPostageBilling","","","","","","","","0","0","0","0","0","0","0","0","0","0","0","0","-2.73","-2.73","Released","8 Apr 2026 12:50:22 UTC"
"8 Apr 2026 12:58:09 UTC","26863601142","Order","205-1672473-7526732","VSGB-15-UK-FBM","VIVOSUN Grow Bags 5-Pack 60L, 500G Thick Nonwoven Fabric Pots with Strap Handles, Multi-Purpose Rings, for Low Stress Plant Training Fruits, Vegetable","1","amazon.co.uk","Seller","CARMARTHEN","","SA32 8","MarketplaceFacilitator","14.57","2.92","0","0","0","0","0","0","-2.92","-2.62","0","-0.05","0","11.90","Released","17 Apr 2026 14:54:44 UTC"
"8 Apr 2026 13:08:15 UTC","26863601142","Order","203-7431454-2162749","306201PVC-4-UK","VIVOSUN Inline Duct Fan 4 Inch 190 CFM with Speed Controller, 4 Inch Carbon Filter and 8 Feet of Ducting, Temperature Humidity Monitor for Grow Tent,","1","amazon.co.uk","Seller","MARSKE-BY-THE-SEA","","TS11 7","MarketplaceFacilitator","66.07","13.22","0","0","0","0","0","0","-13.22","-11.89","0","-0.24","0","53.94","Released","17 Apr 2026 21:36:03 UTC"
"8 Apr 2026 14:29:06 UTC","26863601142","Order","026-6871146-3232343","VSF-AWD4W-UK","VIVOSUN AeroWave D4, 4"" Grow Tent Clip Fan with Detachable Hook, 3-Speed Strong & Quiet Airflow, Adjustable Airflow Angle for Hydroponics, Circulation","1","amazon.co.uk","Seller","Littlehampton","West Sussex","BN17 6","MarketplaceFacilitator","15.82","3.17","0","0","0","0","0","0","-3.17","-2.85","0","-0.06","0","12.91","Released","18 Apr 2026 23:00:37 UTC"
"8 Apr 2026 14:37:58 UTC","26863601142","Order","026-0245197-3900319","VSGB-3-UK-FBM","VIVOSUN 5-Pack 12L Grow Bags Heavy Duty 500G Thickened Nonwoven Plant Fabric Pots with Handles for Vegetables, Flowers, Fruits, Greenhouse and Garden","1","amazon.co.uk","Seller","NORTHAMPTON","","NN6 6","MarketplaceFacilitator","9.91","1.98","0","0","0","0","0","0","-1.98","-1.78","0","-0.04","0","8.09","Released","18 Apr 2026 23:26:03 UTC"
"8 Apr 2026 14:50:20 UTC","26863601142","Order","205-6557941-2924308","306201PVC-4-UK","VIVOSUN Inline Duct Fan 4 Inch 190 CFM with Speed Controller, 4 Inch Carbon Filter and 8 Feet of Ducting, Temperature Humidity Monitor for Grow Tent,","1","amazon.co.uk","Seller","ST. AUSTELL","","PL25 3","MarketplaceFacilitator","66.07","13.22","0","0","0","0","0","0","-13.22","-11.89","0","-0.24","0","53.94","Released","19 Apr 2026 00:10:06 UTC"
"8 Apr 2026 15:19:58 UTC","26777203122","Refund","206-9072109-5389912","GB0100J-UK","VIVOSUN Stackable Planter Vertical Garden Pots 5 Tier, Indoor/Outdoor Plant Pots for Strawberries, Flowers, Herbs, Vegetables, Ivory, Space-Saving Des","1","amazon.co.uk","Seller","London","","E17 7","MarketplaceFacilitator","-30.38","-6.08","0","0","0","0","0","0","6.08","4.38","0","0.11","0","-25.89","Released","9 Apr 2026 20:33:49 UTC"
"8 Apr 2026 16:02:24 UTC","26863601142","Order","205-1134931-8182706","VSVC-AZT4-UK-FBM","VIVOSUN Duct Fan 100 mm Extractor Fan 357 m³/h with E12 Speed Control Carbon Filter & 240 cm Air Duct AeroZesh T4 Exhaust Set Cooling and Ventilation","1","amazon.co.uk","Seller","BRIGHOUSE","","HD6 2","MarketplaceFacilitator","71.16","14.23","0","0","0","0","0","0","-14.23","-12.81","0","-0.26","0","58.09","Released","18 Apr 2026 23:07:28 UTC"
"8 Apr 2026 16:25:22 UTC","26863601142","Order","202-3169768-3529169","305131-PEN-UK-M","VIVOSUN Digital pH Meter, 0.01pH High Accuracy Pen Type pH Tester for Hydroponics, Household Drinking, Pool and Aquarium, UL Certified","1","amazon.co.uk","Seller","CUPAR","","KY15 5","MarketplaceFacilitator","8.29","1.66","0","0","0","0","0","0","-1.66","-1.49","0","-0.03","0","6.77","Released","19 Apr 2026 21:03:12 UTC"
"8 Apr 2026 16:49:17 UTC","26948042122","Order","204-8242076-2702755","332022-2-UK","VIVOSUN 2-Pack 30X 60X Illuminated Jewelers Loupe Foldable Magnifier with LED Light for Jewelry Gems Watches Coins Stamps Antiques Black","1","amazon.co.uk","Amazon","Dunstable","England","LU5 4","","13.32","2.67","0","0","0","0","0","0","0","-2.40","-3.00","0","0","10.59","Released","30 Apr 2026 21:27:07 UTC"
"8 Apr 2026 17:20:08 UTC","26863601142","Order","026-3416728-4676325","VSF-AWD4-UK","VIVOSUN AeroWave D4, 4"" Grow Tent Clip Fan with Detachable Hook, 3-Speed Strong & Quiet Airflow, Adjustable Airflow Angle for Hydroponics, Circulation","1","amazon.co.uk","Seller","HUDDERSFIELD","","HD7 4","MarketplaceFacilitator","16.66","3.33","0","0","0","0","0","0","-3.33","-3.00","0","-0.06","0","13.60","Released","18 Apr 2026 21:41:17 UTC"
"8 Apr 2026 17:33:45 UTC","26863601142","Order","026-5097003-9171505","304113-3018-UK-FBM","VIVOSUN Grow Tent 75x45x90 CM (30""x18""x36""), High Reflective Mylar with Observation Window and Floor Tray for Hydroponics Indoor Plant for VS1000","1","amazon.co.uk","Seller","Newport","","NP20 1","MarketplaceFacilitator","45.74","9.15","0","0","0","0","0","0","-9.15","-8.23","0","-0.16","0","37.35","Released","18 Apr 2026 20:42:55 UTC"
"8 Apr 2026 17:39:07 UTC","26863601142","Order","026-9756341-3218708","304113-P336-UK","VIVOSUN PRO Grow Tent 90x90x180 CM (36""x36""x72""),with Thick 22 mm Poles, 2000D Oxford Fabric with Highly Reflective Mylar Extra Hanging Poles & High C","1","amazon.co.uk","Amazon","BIGGIN HILL","","TN16 3","MarketplaceFacilitator","133.32","26.67","0","0","0","0","0","0","-26.67","-24.00","-6.60","-0.61","0","102.11","Released","16 Apr 2026 09:57:37 UTC"
"8 Apr 2026 17:44:02 UTC","26863601142","Order","202-2302222-8605933","VSVC-AZG6-UK-FBM","VIVOSUN G6 Smart Air Filtration Set, Duct Fan 150 mm Extractor Fan with E12 Speed Control, Carbon Filter & 240 cm Air Duct, Exhaust Set Cooling and Ve","1","amazon.co.uk","Seller","STONE","","ST15 0","MarketplaceFacilitator","124.99","25.00","0","0","0","0","0","0","-25.00","-22.50","0","-0.45","0","102.04","Released","18 Apr 2026 20:59:11 UTC"
"8 Apr 2026 18:11:07 UTC","26863601142","Order","026-5885852-6393944","304113-44-UK-FBM","VIVOSUN Grow Tent 120x120x200 cm (48""x48""x80""), Made of Highly Reflective Mylar, with Viewing Window and Base Tray for Hydroponics and Indoor Growing,","1","amazon.co.uk","Seller","ILKESTON","Derbyshire","DE7 4","MarketplaceFacilitator","91.49","18.30","0","0","0","0","0","0","-18.30","-16.47","0","-0.33","0","74.69","Released","22 Apr 2026 22:07:35 UTC"
"8 Apr 2026 18:13:03 UTC","26863601142","Order","204-8954768-9544346","305140-PEN-UK","VIVOSUN Digital pH and TDS Meter Kits, 0.01pH High Accuracy Pen Type pH Meter ± 2% Readout Accuracy 3-in-1 TDS EC Temperature Meter for Hydroponics,","1","amazon.co.uk","Seller","ST. IVES","","PE27 6","MarketplaceFacilitator","19.99","4.00","0","0","0","0","0","0","-4.00","-3.60","0","-0.07","0","16.32","Released","18 Apr 2026 22:53:50 UTC"
"8 Apr 2026 19:19:14 UTC","26863601142","Order","206-0504474-0385147","311003-5-UK","VIVOSUN Gardening Scissors 6.5 Inch Hand Pruner Shear with Titanium Coated Blades, Pruning Shear for Plants, Flowers, Hedges 1-Pack Blue","1","amazon.co.uk","Amazon","YORK","","YO32 2","MarketplaceFacilitator","6.32","1.27","0","0","0","0","0","0","-1.27","-1.14","-1.67","-0.05","0","3.46","Released","16 Apr 2026 16:00:31 UTC"
"8 Apr 2026 19:42:56 UTC","26777203122","FBA Inventory Fee","202-7486673-2257929","","FBA Disposal Fee","","Amazon.co.uk","","","","","","0","0","0","0","0","0","0","0","0","0","0","0","-6.25","-6.25","Released","8 Apr 2026 19:42:56 UTC"
"8 Apr 2026 19:52:31 UTC","26863601142","Order","203-4508091-9173118","VSF-AWD4x2-UK-M","VIVOSUN AeroWave D4, 4"" Grow Tent Clip Fan with Detachable Hook, 3-Speed Strong & Quiet Airflow, Adjustable Airflow Angle for Hydroponics, Circulation","1","amazon.co.uk","Seller","Dalton rotherham","","S65 3","MarketplaceFacilitator","29.99","6.00","0","0","0","0","0","0","-6.00","-5.40","0","-0.11","0","24.48","Released","18 Apr 2026 20:25:18 UTC"
"8 Apr 2026 21:22:55 UTC","26863601142","Order","204-0506809-6501116","330701-01-UK","VIVOSUN Garden Netting 5 x 15ft. Plant Trellis Netting, Heavy-Duty Polyester Grow Net, Garden Trellis Netting with Square Mesh for Climbing Plants, Ve","1","amazon.co.uk","Amazon","DARTFORD","","DA2 7","MarketplaceFacilitator","6.37","1.27","0","0","0","0","0","0","-1.27","-1.15","-1.67","-0.05","0","3.50","Released","16 Apr 2026 16:54:17 UTC"
"8 Apr 2026 21:35:37 UTC","26863601142","Order","026-1354278-9195563","305130-PEN-UK-FBM","VIVOSUN Digital pH and TDS Meter Kits, 0.01pH High Accuracy Pen Type pH Meter ± 2% Readout Accuracy 3-in-1 TDS EC Temperature Meter for Hydroponics,","1","amazon.co.uk","Seller","COVENTRY","","CV2 1","MarketplaceFacilitator","13.32","2.67","0","0","0","0","0","0","-2.67","-2.40","0","-0.05","0","10.87","Released","18 Apr 2026 14:06:04 UTC"
"8 Apr 2026 21:46:56 UTC","26863601142","Order","206-4738256-6391564","VSGB-10-UK-FBM","VIVOSUN Grow Bags 5-Pack 40L, 500G Thick Nonwoven Fabric Pots with Strap Handles, Multi-Purpose Rings, for Low Stress Plant Training Fruits, Vegetable","1","amazon.co.uk","Seller","WINDERMERE","","LA23 2","MarketplaceFacilitator","13.41","2.68","0","0","0","0","0","0","-2.68","-2.41","0","-0.05","0","10.95","Released","18 Apr 2026 17:03:09 UTC"
"8 Apr 2026 23:01:41 UTC","26863601142","Order","026-4985191-2353143","VSGB-25-UK-FBM","VIVOSUN Grow Bags 5-Pack 95L, 500G Thick Nonwoven Fabric Pots with Strap Handles, Multi-Purpose Rings, for Low Stress Plant Training Fruits, Vegetable","1","amazon.co.uk","Seller","YATELEY","","GU46 6","MarketplaceFacilitator","20.99","4.20","0","0","0","0","0","0","-4.20","-3.78","0","-0.08","0","17.13","Released","18 Apr 2026 16:47:20 UTC"
"8 Apr 2026 23:01:53 UTC","26863601142","Order","206-3954844-6953932","304113-2014-UK-FBM","VIVOSUN Grow Tent Small 50x36x54 CM (19.7""x14.2""x21.3"") Grow Tent Mini with Highly Reflective Mylar Sealed Floor Design, Ventilation Window, Cable Ent","1","amazon.co.uk","Seller","CANNOCK","","WS11 6","MarketplaceFacilitator","33.32","6.67","0","0","0","0","0","0","-6.67","-6.00","0","-0.12","0","27.20","Released","18 Apr 2026 19:24:20 UTC"
"8 Apr 2026 23:01:53 UTC","26863601142","Order","206-3954844-6953932","330101CNJ-UK-FBM","VIVOSUN Seedling Heating Mat with Digital Thermostat 10""X20.75"", UL & MET Certified, Heat Mat, Fast Heating, for Germination, Houseplants, Hydroponics","1","amazon.co.uk","Seller","CANNOCK","","WS11 6","MarketplaceFacilitator","24.99","5.00","0","0","0","0","0","0","-5.00","-4.50","0","-0.09","0","20.40","Released","18 Apr 2026 19:24:20 UTC"
"8 Apr 2026 23:22:42 UTC","26863601142","Order","206-6718302-7313906","306201PVC-4-UK","VIVOSUN Inline Duct Fan 4 Inch 190 CFM with Speed Controller, 4 Inch Carbon Filter and 8 Feet of Ducting, Temperature Humidity Monitor for Grow Tent,","1","amazon.co.uk","Seller","LEEDS","West yorkshire","LS9 0","MarketplaceFacilitator","66.07","13.22","0","0","0","0","0","0","-13.22","-11.89","0","-0.24","0","53.94","Released","19 Apr 2026 00:02:20 UTC"
"8 Apr 2026 23:51:41 UTC","26863601142","Order","204-8339549-4578746","305132-PEN-UK","VIVOSUN TDS Tester 3-in-1 TDS EC & Temperature Meter Ultrahigh Accuracy Digital Water Quality TDS Tester, for Drinking Water, Gardening, Aquariums, Bl","1","amazon.co.uk","Amazon","WICKFORD","","SS11 8","MarketplaceFacilitator","8.32","1.67","0","0","0","0","0","0","-1.67","-1.50","-2.52","-0.08","0","4.22","Released","16 Apr 2026 17:42:57 UTC"
"9 Apr 2026 01:15:11 UTC","26863601142","Order","206-1972159-7025908","VSI-FFD2-UK-FBM","VIVOSUN FlexFeed Drip Irrigation Kit, 4W Automatic Irrigation System with Pump & 4 Drip Emitters, App-Controllable Professional Plant Watering Drip Ki","1","amazon.co.uk","Seller","LEYLAND","","PR25 4","MarketplaceFacilitator","19.99","4.00","0","0","0","0","0","0","-4.00","-3.60","0","-0.07","0","16.32","Released","18 Apr 2026 21:33:11 UTC"
"9 Apr 2026 01:31:04 UTC","26863601142","Order","202-0409844-6626754","306201P-4-UK","VIVOSUN Inline Duct Fan 4 Inch 190 CFM EC Motor with Speed Controller, Quiet Pipe Fan, R4 Pipe Fan for Grow Tent, Greenhouse Ventilation","1","amazon.co.uk","Amazon","SOUTHSEA","","PO5 1","MarketplaceFacilitator","30.49","6.10","0","0","0","0","0","0","-6.10","-5.49","-3.37","-0.18","0","21.45","Released","16 Apr 2026 23:10:02 UTC"
"9 Apr 2026 01:58:59 UTC","26863601142","Order","026-4782643-9724340","TN-55-UK","VIVOSUN Garden Netting 150 x 150 cm, Trellis Net with 4 Hooks Trellis Net for Climbing Plants Vegetables Fruits and Flowers","2","amazon.co.uk","Amazon","DUDLEY","","DY3 1","MarketplaceFacilitator","29.74","5.94","2.49","0.50","0","0","-2.49","-0.50","-5.94","-5.36","-5.40","-0.22","0","18.76","Released","16 Apr 2026 21:07:14 UTC"
"9 Apr 2026 03:46:13 UTC","26863601142","Order","026-3654461-0050701","306143-0412-UK-N","VIVOSUN 4 Inch Air Carbon Filter Odor Control with Australia Virgin Charcoal for Inline Fan, Grow Tent Odor Scrubber Indoor Hydroponics, Pre-filter In","1","amazon.co.uk","Amazon","Newport","","NP20 1","MarketplaceFacilitator","38.32","7.67","0","0","0","0","0","0","-7.67","-6.90","-3.34","-0.21","0","27.87","Released","17 Apr 2026 16:09:06 UTC"
"9 Apr 2026 04:14:03 UTC","26863601142","Order","202-0058639-6865935","332022-2-UK","VIVOSUN 2-Pack 30X 60X Illuminated Jewelers Loupe Foldable Magnifier with LED Light for Jewelry Gems Watches Coins Stamps Antiques Black","1","amazon.co.uk","Amazon","HEALD GREEN","","SK8 3","MarketplaceFacilitator","13.32","2.67","0","0","0","0","0","0","-2.67","-2.40","-3.00","-0.11","0","7.81","Released","16 Apr 2026 18:07:45 UTC"
"9 Apr 2026 05:14:22 UTC","26863601142","Refund","206-8802638-0931542","304113-P426-UK-FBM","VIVOSUN PRO Grow Tent 120x60x180CM (48""x24""x72""), with Thick 1 inch Poles, Strengthened High Reflective Mylar Oxford Fabric, Extra Hanging Bars & CFM","1","amazon.co.uk","Seller","PETERBOROUGH","Cambridgeshire","PE3 9","MarketplaceFacilitator","-121.49","-24.30","0","0","0","0","0","0","24.30","17.50","0","0.44","0","-103.55","Released","23 Apr 2026 23:19:58 UTC"
"9 Apr 2026 10:03:23 UTC","26863601142","Order","202-0525292-8370763","304113-44-UK-FBM","VIVOSUN Grow Tent 120x120x200 cm (48""x48""x80""), Made of Highly Reflective Mylar, with Viewing Window and Base Tray for Hydroponics and Indoor Growing,","1","amazon.co.uk","Seller","LETCHWORTH GARDEN CITY","","SG6 4","MarketplaceFacilitator","91.49","18.30","0","0","0","0","0","0","-18.30","-16.47","0","-0.33","0","74.69","Released","18 Apr 2026 23:05:06 UTC"
"9 Apr 2026 10:14:03 UTC","26863601142","Order","203-7031717-8821914","VSGB-3-UK-FBM","VIVOSUN 5-Pack 12L Grow Bags Heavy Duty 500G Thickened Nonwoven Plant Fabric Pots with Handles for Vegetables, Flowers, Fruits, Greenhouse and Garden","1","amazon.co.uk","Seller","ASCOT","","SL5 0","MarketplaceFacilitator","9.91","1.98","0","0","0","0","0","0","-1.98","-1.78","0","-0.04","0","8.09","Released","18 Apr 2026 20:29:38 UTC"
"9 Apr 2026 11:28:25 UTC","26863601142","Order","202-5482902-3307518","VSGB-15-UK-FBM","VIVOSUN Grow Bags 5-Pack 60L, 500G Thick Nonwoven Fabric Pots with Strap Handles, Multi-Purpose Rings, for Low Stress Plant Training Fruits, Vegetable","1","amazon.co.uk","Seller","SWINDON","Wilts","SN5 5","MarketplaceFacilitator","14.57","2.92","0","0","0","0","0","0","-2.92","-2.62","0","-0.05","0","11.90","Released","18 Apr 2026 21:59:40 UTC"
"9 Apr 2026 11:32:12 UTC","26777203122","FBA Inventory Fee","Dis-0403-2","","FBA Disposal Fee","","Amazon.co.uk","","","","","","0","0","0","0","0","0","0","0","0","0","0","0","-1.48","-1.48","Released","9 Apr 2026 11:32:12 UTC"
"9 Apr 2026 11:41:22 UTC","26863601142","Order","204-3713921-4554769","VSGB-3-UK-FBM","VIVOSUN 5-Pack 12L Grow Bags Heavy Duty 500G Thickened Nonwoven Plant Fabric Pots with Handles for Vegetables, Flowers, Fruits, Greenhouse and Garden","1","amazon.co.uk","Seller","BALLYMONEY","","BT537","MarketplaceFacilitator","9.91","1.98","0","0","0","0","0","0","-1.98","-1.78","0","-0.04","0","8.09","Released","20 Apr 2026 08:57:10 UTC"
"9 Apr 2026 11:47:56 UTC","26777203122","Delivery Services","026-6571021-7139558","","ReturnPostageBilling","","","","","","","","0","0","0","0","0","0","0","0","0","0","0","0","-2.79","-2.79","Released","9 Apr 2026 11:47:56 UTC"
"9 Apr 2026 12:02:03 UTC","26863601142","Order","026-3665159-4905135","305131-PEN-UK-M","VIVOSUN Digital pH Meter, 0.01pH High Accuracy Pen Type pH Tester for Hydroponics, Household Drinking, Pool and Aquarium, UL Certified","1","amazon.co.uk","Seller","BRIGHTON","","BN41 2","MarketplaceFacilitator","8.29","1.66","0","0","0","0","0","0","-1.66","-1.49","0","-0.03","0","6.77","Released","18 Apr 2026 20:27:34 UTC"
"9 Apr 2026 14:04:39 UTC","26863601142","Order","206-3923430-9563516","VS1000E-UK-FBM","VIVOSUN Grow Lamp LED 100 W Full Spectrum Plant Lamp with Samsung Diodes Grow Light IP65 for Indoor Plants Seedling Vegetative and Flower in 60 x 60 c","1","amazon.co.uk","Seller","BORDON","","GU35 0","MarketplaceFacilitator","52.49","10.50","0","0","0","0","0","0","-10.50","-9.45","0","-0.19","0","42.85","Released","20 Apr 2026 21:17:14 UTC"
"9 Apr 2026 14:26:45 UTC","26777203122","Refund","026-6571021-7139558","VSE-ASH05-UK-FBM","VIVOSUN AeroStream H05 Intelligent Wi-Fi Humidifier 5 L, Plant Humidifier with Temp & Humidity Probe, Smart Remote VPD Control, Designed for Growers G","1","amazon.co.uk","Seller","BRIDGEND","","CF32 9","MarketplaceFacilitator","-52.49","-10.50","0","0","0","0","0","0","10.50","7.56","0","0.19","0","-44.74","Released","9 Apr 2026 14:26:45 UTC"
"9 Apr 2026 14:53:15 UTC","26863601142","Order","203-6084411-3215500","VSF-AWE6Wx2-UK","VIVOSUN AeroWave E6 Grow Tent Fan 6"", EC Motor, Smart Wifi Control, US Patented Auto Oscillating Clip fan, IP54, Strong Airflow but Quiet for Hydropon","1","amazon.co.uk","Amazon","KING'S LYNN","","PE32 1","MarketplaceFacilitator","58.39","11.68","0","0","0","0","0","0","-11.68","-10.51","-3.34","-0.28","0","44.26","Released","17 Apr 2026 21:14:03 UTC"
"9 Apr 2026 15:10:36 UTC","26863601142","Order","206-5270657-3365119","305140-PEN-UK","VIVOSUN Digital pH and TDS Meter Kits, 0.01pH High Accuracy Pen Type pH Meter ± 2% Readout Accuracy 3-in-1 TDS EC Temperature Meter for Hydroponics,","1","amazon.co.uk","Seller","OLDHAM","","OL9 0","MarketplaceFacilitator","19.99","4.00","0","0","0","0","0","0","-4.00","-3.60","0","-0.07","0","16.32","Released","19 Apr 2026 12:54:03 UTC"
"9 Apr 2026 15:52:51 UTC","26863601142","Order","202-6951232-4264338","332021-UK-FBM","VIVOSUN 30X 60X Illuminated Jewelers Loupe Foldable Magnifier with LED Light for Jewelry Gems Watches Coins Stamps Antiques, White","1","amazon.co.uk","Seller","BRISTOL","","BS6 5","MarketplaceFacilitator","9.16","1.83","0","0","0","0","0","0","-1.83","-0.88","0","-0.02","0","8.26","Released","20 Apr 2026 22:05:50 UTC"
"9 Apr 2026 16:37:45 UTC","26863601142","Order","202-0006012-6489140","330701-01-UK","VIVOSUN Garden Netting 5 x 15ft. Plant Trellis Netting, Heavy-Duty Polyester Grow Net, Garden Trellis Netting with Square Mesh for Climbing Plants, Ve","2","amazon.co.uk","Amazon","FULWOOD","","PR2 8","MarketplaceFacilitator","12.74","2.54","0","0","0","0","0","0","-2.54","-2.30","-3.34","-0.12","0","6.98","Released","17 Apr 2026 21:54:03 UTC"
"9 Apr 2026 17:11:18 UTC","26863601142","Order","204-5875421-4085942","305130-PEN-UK-FBM","VIVOSUN Digital pH and TDS Meter Kits, 0.01pH High Accuracy Pen Type pH Meter ± 2% Readout Accuracy 3-in-1 TDS EC Temperature Meter for Hydroponics,","1","amazon.co.uk","Seller","PRESTON","","PR2 8","MarketplaceFacilitator","13.32","2.67","0","0","0","0","0","0","-2.67","-2.40","0","-0.05","0","10.87","Released","19 Apr 2026 23:41:25 UTC"
"9 Apr 2026 17:13:11 UTC","26777203122","Delivery Services","205-3726327-4526730","","ReturnPostageBilling","","","","","","","","0","0","0","0","0","0","0","0","0","0","0","0","-2.73","-2.73","Released","9 Apr 2026 17:13:11 UTC"
"9 Apr 2026 17:31:45 UTC","26863601142","Order","026-9571347-7253149","VSGB-3-UK-FBM","VIVOSUN 5-Pack 12L Grow Bags Heavy Duty 500G Thickened Nonwoven Plant Fabric Pots with Handles for Vegetables, Flowers, Fruits, Greenhouse and Garden","1","amazon.co.uk","Seller","CARNFORTH","Lancs","LA5 8","MarketplaceFacilitator","9.91","1.98","0","0","0","0","0","0","-1.98","-1.78","0","-0.04","0","8.09","Released","19 Apr 2026 23:05:30 UTC"
"9 Apr 2026 17:43:33 UTC","26863601142","Order","203-5126876-9574743","304113-3018-UK-FBM","VIVOSUN Grow Tent 75x45x90 CM (30""x18""x36""), High Reflective Mylar with Observation Window and Floor Tray for Hydroponics Indoor Plant for VS1000","1","amazon.co.uk","Seller","PORTADOWN","","BT62 3","MarketplaceFacilitator","45.74","9.15","0","0","0","0","0","0","-9.15","-8.23","0","-0.16","0","37.35","Released","20 Apr 2026 23:20:49 UTC"
"9 Apr 2026 17:43:58 UTC","26863601142","Order","205-2379333-9995536","PS-002-UK-FBM","VIVOSUN 1-Pack Garden Pruner 17cm Plant Shears with Ergonomic Handles, Tree Pruner with Straight Blades and Titanium Non-Stick Coating, Rose Shears, B","1","amazon.co.uk","Seller","BACTON","","NR12 0","MarketplaceFacilitator","7.49","1.50","0","0","0","0","0","0","-1.50","-1.17","0","-0.02","0","6.30","Released","20 Apr 2026 23:40:56 UTC"
"9 Apr 2026 17:55:46 UTC","26863601142","Order","203-5351270-6765106","VSGB-25-UK-FBM","VIVOSUN Grow Bags 5-Pack 95L, 500G Thick Nonwoven Fabric Pots with Strap Handles, Multi-Purpose Rings, for Low Stress Plant Training Fruits, Vegetable","1","amazon.co.uk","Seller","HOLSWORTHY","","EX22 7","MarketplaceFacilitator","20.99","4.20","0","0","0","0","0","0","-4.20","-3.78","0","-0.08","0","17.13","Released","20 Apr 2026 22:19:56 UTC"
"9 Apr 2026 18:07:45 UTC","26863601142","Order","202-1072141-9689164","305131-PEN-UK-M","VIVOSUN Digital pH Meter, 0.01pH High Accuracy Pen Type pH Tester for Hydroponics, Household Drinking, Pool and Aquarium, UL Certified","1","amazon.co.uk","Seller","Market Harborough","","LE16 9","MarketplaceFacilitator","8.29","1.66","0","0","0","0","0","0","-1.66","-1.49","0","-0.03","0","6.77","Released","20 Apr 2026 17:49:50 UTC"
"9 Apr 2026 18:32:04 UTC","26863601142","Order","206-2781567-9171509","VSF-AWD4x2-UK-M","VIVOSUN AeroWave D4, 4"" Grow Tent Clip Fan with Detachable Hook, 3-Speed Strong & Quiet Airflow, Adjustable Airflow Angle for Hydroponics, Circulation","1","amazon.co.uk","Seller","BOTHWELL","Glasgow","G71 8","MarketplaceFacilitator","29.99","6.00","0","0","0","0","0","0","-6.00","-5.40","0","-0.11","0","24.48","Released","19 Apr 2026 19:45:16 UTC"
"9 Apr 2026 18:35:30 UTC","26863601142","Order","204-0388403-5023540","311001-3x5-UK-N","VIVOSUN Grow Bags 5 Pack 12L, Heavy Duty Thickened Nonwoven Fabric Pots with Strong Handles for Vegetables, Flowers, Fruits, Greenhouse and Garden","2","amazon.co.uk","Amazon","LONDON","","E8 4","MarketplaceFacilitator","26.64","5.34","0","0","0","0","0","0","-5.34","-4.80","-6.30","-0.23","0","15.31","Released","17 Apr 2026 21:44:58 UTC"
"9 Apr 2026 18:53:09 UTC","26863601142","Order","205-8133066-7527538","VSGB-7-UK-M","VIVOSUN Grow Bags 5-Pack 30L, 500G Thick Nonwoven Fabric Pots with Strap Handles, Multi-Purpose Rings, for Low Stress Plant Training Fruits, Vegetable","1","amazon.co.uk","Seller","CARLISLE","","CA3 9","MarketplaceFacilitator","12.24","2.45","0","0","0","0","0","0","-2.45","-2.20","0","-0.04","0","10.00","Released","20 Apr 2026 21:26:10 UTC"
"9 Apr 2026 19:30:01 UTC","26863601142","Order","202-2769062-0938758","VSF-AWE6-UK-FBM","VIVOSUN AeroWave E6 6-Inch Clip-on Fan, Patented Portable Indoor Fan with Clip, Strong Airflow but Low Noise, 10 Speeds & 2 Modes IP-54, and Fully-Adj","1","amazon.co.uk","Seller","GLASGOW","","G15 7","MarketplaceFacilitator","29.16","5.83","0","0","0","0","0","0","-5.83","-5.25","0","-0.11","0","23.80","Released","19 Apr 2026 23:34:55 UTC"
"9 Apr 2026 19:40:10 UTC","26863601142","Order","203-5834980-1494715","305130-PEN-UK-FBM","VIVOSUN Digital pH and TDS Meter Kits, 0.01pH High Accuracy Pen Type pH Meter ± 2% Readout Accuracy 3-in-1 TDS EC Temperature Meter for Hydroponics,","1","amazon.co.uk","Seller","CROYDON","","CR0 1","MarketplaceFacilitator","13.32","2.67","0","0","0","0","0","0","-2.67","-2.40","0","-0.05","0","10.87","Released","19 Apr 2026 23:18:56 UTC"
"9 Apr 2026 20:34:40 UTC","26863601142","Order","204-4453049-7055561","VSE-ASH05-UK-FBM","VIVOSUN AeroStream H05 Intelligent Wi-Fi Humidifier 5 L, Plant Humidifier with Temp & Humidity Probe, Smart Remote VPD Control, Designed for Growers G","1","amazon.co.uk","Seller","BATH","","BA1 1","MarketplaceFacilitator","58.32","11.67","0","0","0","0","0","0","-11.67","-10.50","0","-0.21","0","47.61","Released","20 Apr 2026 12:11:51 UTC"
"9 Apr 2026 20:39:47 UTC","26863601142","Order","206-0267855-7253935","TN-22-UK","VIVOSUN Garden Netting 60 x 60 cm, Elastic Trellis Net with 4 Hooks Trellis Net for Climbing Plants Vegetables Fruits and Flowers","1","amazon.co.uk","Amazon","SWINDON","","SN2 1","MarketplaceFacilitator","9.20","1.84","0","0","0","0","0","0","-1.84","-1.66","-2.42","-0.08","0","5.04","Released","17 Apr 2026 21:45:43 UTC"
"9 Apr 2026 21:08:20 UTC","26863601142","Order","205-2447322-9322764","305131-UK-FBM","VIVOSUN Soil Tester, 3-in-1 Plant Moisture Meter Light and PH Tester for Home, Garden, Lawn, Farm, Indoor and Outdoor Use, Promote Plants Healthy Grow","1","amazon.co.uk","Seller","BECKENHAM","","BR3 4","MarketplaceFacilitator","9.16","1.83","0","0","0","0","0","0","-1.83","-1.43","0","-0.03","0","7.70","Released","20 Apr 2026 11:41:48 UTC"
"9 Apr 2026 21:30:54 UTC","26863601142","Order","202-4946880-1591569","PH002-UK-FBM","VIVOSUN 4-in-1 Digital pH Meter with pH/TDS/EC/Temp Function, 0-14.0 pH Measurement Range, ±0.1 pH Accuracy Water Quality Tester for Hydroponics, Hou","1","amazon.co.uk","Seller","MUSSELBURGH","","EH21 6","MarketplaceFacilitator","20.52","4.10","0","0","0","0","0","0","-4.10","-3.69","0","-0.07","0","16.76","Released","19 Apr 2026 20:41:38 UTC"
"9 Apr 2026 21:38:50 UTC","26863601142","Order","205-5327435-7966705","311001-3x5-UK-N","VIVOSUN Grow Bags 5 Pack 12L, Heavy Duty Thickened Nonwoven Fabric Pots with Strong Handles for Vegetables, Flowers, Fruits, Greenhouse and Garden","1","amazon.co.uk","Amazon","St. Agnes","Cornwall","TR5 0","MarketplaceFacilitator","13.32","2.67","0","0","0","0","0","0","-2.67","-2.40","-3.15","-0.11","0","7.66","Released","17 Apr 2026 22:29:48 UTC"
"9 Apr 2026 21:49:12 UTC","26863601142","Order","202-2371795-7629959","304113-P224-UK","VIVOSUN Pro Grow Tent 60x60x120 CM (24""x24""x48""), with Thick 22 mm Poles, 2000D Oxford Fabric with Highly Reflective Mylar Extra Hanging Poles for Hyd","1","amazon.co.uk","Amazon","London","","E8 2","MarketplaceFacilitator","58.32","11.67","0","0","0","0","0","0","-11.67","-10.50","-5.55","-0.32","0","41.95","Released","17 Apr 2026 20:41:35 UTC"
"9 Apr 2026 22:41:21 UTC","26863601142","Order","203-7655963-3584313","311003-5-UK","VIVOSUN Gardening Scissors 6.5 Inch Hand Pruner Shear with Titanium Coated Blades, Pruning Shear for Plants, Flowers, Hedges 1-Pack Blue","1","amazon.co.uk","Amazon","LONDON","","SE13 7","MarketplaceFacilitator","6.66","1.33","0","0","0","0","0","0","-1.33","-1.20","-1.67","-0.05","0","3.74","Released","17 Apr 2026 16:34:00 UTC"
"9 Apr 2026 22:51:06 UTC","26863601142","Order","204-3477847-9760356","306201P-4-UK","VIVOSUN Inline Duct Fan 4 Inch 190 CFM EC Motor with Speed Controller, Quiet Pipe Fan, R4 Pipe Fan for Grow Tent, Greenhouse Ventilation","1","amazon.co.uk","Amazon","BIRCHINGTON","","CT7 9","MarketplaceFacilitator","30.49","6.10","1.87","0.38","0","0","-1.87","-0.38","-6.10","-5.49","-3.37","-0.18","0","21.45","Released","20 Apr 2026 21:00:47 UTC"
"9 Apr 2026 23:08:32 UTC","26863601142","Order","202-2706357-5708306","VSGB-15-UK-FBM","VIVOSUN Grow Bags 5-Pack 60L, 500G Thick Nonwoven Fabric Pots with Strap Handles, Multi-Purpose Rings, for Low Stress Plant Training Fruits, Vegetable","1","amazon.co.uk","Seller","LONDON","","WC1X 0","MarketplaceFacilitator","14.57","2.92","0","0","0","0","0","0","-2.92","-2.62","0","-0.05","0","11.90","Released","21 Apr 2026 00:13:26 UTC"
"9 Apr 2026 23:09:17 UTC","26863601142","Order","205-7130886-7622711","VSVC-AZT4-UK-FBM","VIVOSUN Duct Fan 100 mm Extractor Fan 357 m³/h with E12 Speed Control Carbon Filter & 240 cm Air Duct AeroZesh T4 Exhaust Set Cooling and Ventilation","1","amazon.co.uk","Seller","MOTHERWELL","","ML1 2","MarketplaceFacilitator","71.16","14.23","0","0","0","0","0","0","-14.23","-12.81","0","-0.26","0","58.09","Released","19 Apr 2026 21:58:21 UTC"
"9 Apr 2026 23:37:54 UTC","26863601142","Order","202-1282898-8481138","VSGB-15-UK-FBM","VIVOSUN Grow Bags 5-Pack 60L, 500G Thick Nonwoven Fabric Pots with Strap Handles, Multi-Purpose Rings, for Low Stress Plant Training Fruits, Vegetable","1","amazon.co.uk","Seller","SANDY","","SG19 3","MarketplaceFacilitator","14.57","2.92","0","0","0","0","0","0","-2.92","-2.62","0","-0.05","0","11.90","Released","20 Apr 2026 20:08:58 UTC"
"10 Apr 2026 00:48:22 UTC","26863601142","Order","204-8869816-0472355","306143-0412-UK-N","VIVOSUN 4 Inch Air Carbon Filter Odor Control with Australia Virgin Charcoal for Inline Fan, Grow Tent Odor Scrubber Indoor Hydroponics, Pre-filter In","1","amazon.co.uk","Amazon","DUNMOW","","CM6 3","MarketplaceFacilitator","26.82","5.37","0","0","0","0","0","0","-5.37","-4.83","-3.34","-0.17","0","18.48","Released","17 Apr 2026 16:11:41 UTC"
"10 Apr 2026 00:55:56 UTC","26863601142","Order","206-4714398-8410703","304113-2014-UK-FBM","VIVOSUN Grow Tent Small 50x36x54 CM (19.7""x14.2""x21.3"") Grow Tent Mini with Highly Reflective Mylar Sealed Floor Design, Ventilation Window, Cable Ent","1","amazon.co.uk","Seller","SEVENOAKS","england","TN15 7","MarketplaceFacilitator","28.32","5.67","0","0","0","0","0","0","-5.67","-5.10","0","-0.10","0","23.12","Released","20 Apr 2026 17:04:35 UTC"
"10 Apr 2026 01:16:04 UTC","26863601142","Order","026-8797439-4418716","306201PVC-8-UK","VIVOSUN Inline Duct Fan 8 Inch 720 CFM with Speed Controller, 8 Inch Carbon Filter and 25 Feet of Ducting, Temperature Humidity Monitor for Grow Tent,","1","amazon.co.uk","Seller","LONDON","","E2 7","MarketplaceFacilitator","101.66","20.33","0","0","0","0","0","0","-20.33","-18.30","0","-0.37","0","82.99","Released","20 Apr 2026 10:50:38 UTC"
"10 Apr 2026 01:48:07 UTC","26863601142","Order","203-6881018-0708332","330701-01-UK","VIVOSUN Garden Netting 5 x 15ft. Plant Trellis Netting, Heavy-Duty Polyester Grow Net, Garden Trellis Netting with Square Mesh for Climbing Plants, Ve","1","amazon.co.uk","Amazon","ASHFORD","","TN25 6","","6.37","1.27","0.82","0.17","0","0","-0.68","-0.14","0","-1.15","-1.81","0","0","4.85","Released","17 Apr 2026 06:12:52 UTC"
"10 Apr 2026 01:48:38 UTC","26863601142","Order","205-9627972-5488314","VC-0001-UK","VIVOSUN 2 Pack Grow Tent Vent Cover 4""/6""/8"" Channel Filter Cover with Elastic Band and Fixed Buckle for Plant Growth Tents","1","amazon.co.uk","Amazon","COGGESHALL","","CO6 1","MarketplaceFacilitator","14.16","2.83","1.87","0.38","0","0","-1.87","-0.38","-2.83","-2.55","-2.42","-0.10","0","9.09","Released","17 Apr 2026 21:22:28 UTC"
"10 Apr 2026 02:48:00 UTC","26863601142","Order","204-3999384-1913951","VSV-AZT4-UK","VIVOSUN AeroZesh T4 Inline Duct Fan 4inch/100 mm Extractor Fan 357 m³/h with E12 Speed Controller and Fully Programmable PWM-Controlled EC Quiet Vent","1","amazon.co.uk","Amazon","LONDON","","SE15 4","","58.32","11.67","0","0","0","0","0","0","0","-10.50","-3.37","-0.28","0","55.84","Released","17 Apr 2026 23:36:13 UTC"
"10 Apr 2026 02:53:25 UTC","26863601142","Order","204-5808542-7927526","306201PVC-4-UK","VIVOSUN Inline Duct Fan 4 Inch 190 CFM with Speed Controller, 4 Inch Carbon Filter and 8 Feet of Ducting, Temperature Humidity Monitor for Grow Tent,","1","amazon.co.uk","Seller","LONDON","","E4 8","MarketplaceFacilitator","66.07","13.22","0","0","0","0","0","0","-13.22","-11.89","0","-0.24","0","53.94","Released","19 Apr 2026 21:32:31 UTC"
"10 Apr 2026 03:06:04 UTC","26863601142","Order","204-3398602-6410739","TN-55-UK","VIVOSUN Garden Netting 150 x 150 cm, Trellis Net with 4 Hooks Trellis Net for Climbing Plants Vegetables Fruits and Flowers","1","amazon.co.uk","Amazon","Bristol","","BS15 1","MarketplaceFacilitator","14.87","2.97","0","0","0","0","0","0","-2.97","-2.68","-2.70","-0.10","0","9.39","Released","17 Apr 2026 22:09:26 UTC"
"10 Apr 2026 05:55:49 UTC","26863601142","Order","206-4186102-3389145","VG-Y18B-UK-M","VIVOSUN VGrow All-in-One Smart Grow Box, Professional System with Samsung LM301H EVO Grow Light, Advanced Circulation & Ventilation System, Irrigation","1","amazon.co.uk","Seller","MILTON KEYNES","","MK13 7","","559.99","0","0","0","0","0","0","0","0","-84.00","0","-1.68","0","474.31","Released","20 Apr 2026 23:38:57 UTC"
"10 Apr 2026 06:25:27 UTC","26863601142","Order","204-1309303-4978700","GB0100-2J-UK","VIVOSUN Strawberry Planter Stackable Vertical Garden Pot 5 Tier, Indoor/Outdoor, Space-Saving Plant Pot for Strawberries, Flowers, Herbs, Vegetables,","1","amazon.co.uk","Seller","NORWICH","","NR9 4","MarketplaceFacilitator","74.99","15.00","0","0","0","0","-22.50","-4.50","-10.50","-9.45","0","-0.19","0","42.85","Released","20 Apr 2026 15:58:30 UTC"
"10 Apr 2026 06:39:20 UTC","26863601142","Order","026-7432710-7397168","305131-PEN-UK-M","VIVOSUN Digital pH Meter, 0.01pH High Accuracy Pen Type pH Tester for Hydroponics, Household Drinking, Pool and Aquarium, UL Certified","1","amazon.co.uk","Seller","NEWTON ABBOT","","TQ13 7","MarketplaceFacilitator","8.29","1.66","0","0","0","0","0","0","-1.66","-1.49","0","-0.03","0","6.77","Released","21 Apr 2026 19:42:00 UTC"
"10 Apr 2026 08:43:50 UTC","26777203122","A-to-z Guarantee Claim","205-2603832-1654708","306109-8C-UK","VIVOSUN Dryer Vent Hose, 8 inch Aluminum Foil Ducting, 25FT Long Heavy-Duty Dryer Hose Vent Kit for HVAC Ventilation, Exhaust, Duct Fan Systems, Black","3","amazon.co.uk","Seller","LONDON","","SE6 2","MarketplaceFacilitator","-49.98","-9.99","0","0","0","0","0","0","9.99","6.24","0","0.16","0","-43.58","Released","10 Apr 2026 08:43:50 UTC"
"10 Apr 2026 09:07:31 UTC","26863601142","Order","206-6772693-1034734","Spray-SX-CS5-UK-M","VIVOSUN Pump Sprayer 5L, Portable Water Spray Bottle in Lawn and Garden Yard, Weed Sprayer for Plants with 3 Nozzles, Adjustable Shoulder Strap, Press","2","amazon.co.uk","Seller","Bury St. Edmunds","Suffolk","IP30 0","MarketplaceFacilitator","48.44","9.68","0","0","0","0","0","0","-9.68","-8.72","0","-0.17","0","39.55","Released","20 Apr 2026 12:56:07 UTC"
"10 Apr 2026 09:07:45 UTC","26863601142","Order","206-7112042-9673912","VG-Y18B-UK-M","VIVOSUN VGrow All-in-One Smart Grow Box, Professional System with Samsung LM301H EVO Grow Light, Advanced Circulation & Ventilation System, Irrigation","1","amazon.co.uk","Seller","Great Harwood","","BB6 7","","559.99","0","0","0","0","0","0","0","0","-84.00","0","-1.68","0","474.31","Released","27 Apr 2026 23:09:41 UTC"
"10 Apr 2026 09:59:16 UTC","26863601142","Order","026-8546529-3277939","306109-8C-UK","VIVOSUN Dryer Vent Hose, 8 inch Aluminum Foil Ducting, 25FT Long Heavy-Duty Dryer Hose Vent Kit for HVAC Ventilation, Exhaust, Duct Fan Systems, Black","2","amazon.co.uk","Seller","Longridge","","PR3 3","MarketplaceFacilitator","26.90","5.38","0","0","0","0","0","0","-5.38","-4.20","0","-0.08","0","22.62","Released","19 Apr 2026 22:09:04 UTC"
"10 Apr 2026 10:51:54 UTC","26863601142","Order","202-5365154-5653167","VSGB-7-UK-M","VIVOSUN Grow Bags 5-Pack 30L, 500G Thick Nonwoven Fabric Pots with Strap Handles, Multi-Purpose Rings, for Low Stress Plant Training Fruits, Vegetable","1","amazon.co.uk","Seller","Horsmonden","Kent","TN12 8","MarketplaceFacilitator","12.24","2.45","0","0","0","0","0","0","-2.45","-2.20","0","-0.04","0","10.00","Released","19 Apr 2026 16:09:48 UTC"
"10 Apr 2026 11:04:48 UTC","26863601142","Order","202-7677531-9855533","311001-20x5-UK-FBM","VIVOSUN Plant Grow Bags 5 Pack 80L, Heavy Duty Thickened Nonwoven Fabric Pots with Strong Handles, Reusable Breathable Garden Growing Containers for V","1","amazon.co.uk","Seller","GLOSSOP","Derbyshire","SK13 7","MarketplaceFacilitator","16.87","3.37","0","0","0","0","0","0","-3.37","-3.04","0","-0.06","0","13.77","Released","19 Apr 2026 18:15:13 UTC"
"10 Apr 2026 11:05:26 UTC","26863601142","Order","202-1281898-5120340","VSGB-5-UK-FBM","VIVOSUN Grow Bags 5-Pack 20L, 500G Thick Nonwoven Fabric Pots with Strap Handles, Multi-Purpose Rings, for Low Stress Plant Training Fruits, Vegetable","1","amazon.co.uk","Seller","Saltdean","East Sussex","BN2 8","MarketplaceFacilitator","11.87","2.37","0","0","0","0","0","0","-2.37","-2.14","0","-0.04","0","9.69","Released","20 Apr 2026 21:06:41 UTC"
"10 Apr 2026 11:11:55 UTC","26777203122","FBA Inventory Fee","shDjAvuFhA","","FBA Disposal Fee","","Amazon.co.uk","","","","","","0","0","0","0","0","0","0","0","0","0","0","0","-6.25","-6.25","Released","10 Apr 2026 11:11:55 UTC"
"10 Apr 2026 11:49:17 UTC","26863601142","Order","205-2994047-5577138","VSF-AWE6Wx2-UK","VIVOSUN AeroWave E6 Grow Tent Fan 6"", EC Motor, Smart Wifi Control, US Patented Auto Oscillating Clip fan, IP54, Strong Airflow but Quiet for Hydropon","1","amazon.co.uk","Amazon","Scunthorpe","","DN16 2","MarketplaceFacilitator","55.99","11.20","0","0","0","0","0","0","-11.20","-10.08","-3.34","-0.27","0","42.30","Released","18 Apr 2026 14:07:00 UTC"
"10 Apr 2026 13:16:03 UTC","26863601142","Order","204-6650423-5133157","311001-20x5-UK-FBM","VIVOSUN Plant Grow Bags 5 Pack 80L, Heavy Duty Thickened Nonwoven Fabric Pots with Strong Handles, Reusable Breathable Garden Growing Containers for V","2","amazon.co.uk","Seller","CHESTERFIELD","","S43 3","MarketplaceFacilitator","33.74","6.74","0","0","0","0","0","0","-6.74","-6.08","0","-0.12","0","27.54","Released","20 Apr 2026 23:57:20 UTC"
"10 Apr 2026 15:28:02 UTC","26863601142","Order","204-8298618-5290735","PH002-UK-FBM","VIVOSUN 4-in-1 Digital pH Meter with pH/TDS/EC/Temp Function, 0-14.0 pH Measurement Range, ±0.1 pH Accuracy Water Quality Tester for Hydroponics, Hou","1","amazon.co.uk","Seller","STOKE-ON-TRENT","Staffordshier","ST7 4","MarketplaceFacilitator","19.49","3.90","0","0","0","0","0","0","-3.90","-3.51","0","-0.07","0","15.91","Released","21 Apr 2026 08:03:53 UTC"
"10 Apr 2026 15:28:36 UTC","26863601142","Order","206-0472802-4652303","VS1000E-UK-FBM","VIVOSUN Grow Lamp LED 100 W Full Spectrum Plant Lamp with Samsung Diodes Grow Light IP65 for Indoor Plants Seedling Vegetative and Flower in 60 x 60 c","1","amazon.co.uk","Seller","LITTLESTONE","","TN28 8","MarketplaceFacilitator","52.49","10.50","0","0","0","0","0","0","-10.50","-9.45","0","-0.19","0","42.85","Released","21 Apr 2026 10:30:58 UTC"
"10 Apr 2026 15:40:28 UTC","26863601142","Order","203-3802954-4949963","VSGB-7-UK-M","VIVOSUN Grow Bags 5-Pack 30L, 500G Thick Nonwoven Fabric Pots with Strap Handles, Multi-Purpose Rings, for Low Stress Plant Training Fruits, Vegetable","1","amazon.co.uk","Seller","CHIPPING NORTON","","OX7 4","MarketplaceFacilitator","12.24","2.45","0","0","0","0","0","0","-2.45","-2.20","0","-0.04","0","10.00","Released","21 Apr 2026 20:13:56 UTC"
"10 Apr 2026 16:40:28 UTC","26863601142","Order","204-9603822-1014705","VSVC-AZT4E42A-UK","VIVOSUN PRO T4 Smart Air Filtration Kit, 10 cm AeroZesh T4 Duct Fan with GrowHub E42A, Carbon Filter & Air Duct, Cooling & Ventilation System for Grow","1","amazon.co.uk","Amazon","CHESTERFIELD","Derbyshire","S43 4","","124.99","25.00","0","0","0","0","0","0","0","-22.50","-5.80","0","0","121.69","Released","24 Apr 2026 19:56:06 UTC"
"10 Apr 2026 17:30:54 UTC","26863601142","Order","204-1542327-1364352","311001-3x5-UK-N","VIVOSUN Grow Bags 5 Pack 12L, Heavy Duty Thickened Nonwoven Fabric Pots with Strong Handles for Vegetables, Flowers, Fruits, Greenhouse and Garden","1","amazon.co.uk","Amazon","Derby","England","DE74 2","","11.32","2.27","0","0","0","0","0","0","0","-2.04","-3.15","0","0","8.40","Released","27 Apr 2026 21:07:54 UTC"
"10 Apr 2026 17:39:46 UTC","26777203122","FBA Inventory Fee","tHvMSsL8mf","","FBA Disposal Fee","","Amazon.co.uk","","","","","","0","0","0","0","0","0","0","0","0","0","0","0","-6.25","-6.25","Released","10 Apr 2026 17:39:46 UTC"
"10 Apr 2026 17:43:30 UTC","26863601142","Order","204-0756870-1956353","304113-P224-UK","VIVOSUN Pro Grow Tent 60x60x120 CM (24""x24""x48""), with Thick 22 mm Poles, 2000D Oxford Fabric with Highly Reflective Mylar Extra Hanging Poles for Hyd","1","amazon.co.uk","Amazon","HAVERFORDWEST","","SA62 5","MarketplaceFacilitator","58.32","11.67","0","0","0","0","0","0","-11.67","-10.50","-5.55","-0.32","0","41.95","Released","18 Apr 2026 23:13:26 UTC"
"10 Apr 2026 17:44:12 UTC","26863601142","Order","205-4086340-1087527","304113-P224-UK","VIVOSUN Pro Grow Tent 60x60x120 CM (24""x24""x48""), with Thick 22 mm Poles, 2000D Oxford Fabric with Highly Reflective Mylar Extra Hanging Poles for Hyd","1","amazon.co.uk","Amazon","BLACKBURN","","BB2 5","MarketplaceFacilitator","55.41","11.08","0","0","0","0","0","0","-11.08","-9.97","-5.55","-0.31","0","39.58","Released","18 Apr 2026 20:44:24 UTC"
"10 Apr 2026 18:03:45 UTC","26863601142","Order","026-2983687-1057116","VSGB-5-UK-FBM","VIVOSUN Grow Bags 5-Pack 20L, 500G Thick Nonwoven Fabric Pots with Strap Handles, Multi-Purpose Rings, for Low Stress Plant Training Fruits, Vegetable","1","amazon.co.uk","Seller","Surbiton","Surrey","KT5 8","MarketplaceFacilitator","11.87","2.37","0","0","0","0","0","0","-2.37","-2.14","0","-0.04","0","9.69","Released","21 Apr 2026 23:58:15 UTC"
"10 Apr 2026 19:19:27 UTC","26863601142","Order","026-4179469-3861150","305131-PEN-UK-M","VIVOSUN Digital pH Meter, 0.01pH High Accuracy Pen Type pH Tester for Hydroponics, Household Drinking, Pool and Aquarium, UL Certified","1","amazon.co.uk","Seller","lambeth","england","SE5 9","MarketplaceFacilitator","8.29","1.66","0","0","0","0","0","0","-1.66","-1.49","0","-0.03","0","6.77","Released","22 Apr 2026 20:43:23 UTC"
"10 Apr 2026 19:19:54 UTC","26863601142","Order","206-1636846-6533928","VSI-FFD2-UK-FBM","VIVOSUN FlexFeed Drip Irrigation Kit, 4W Automatic Irrigation System with Pump & 4 Drip Emitters, App-Controllable Professional Plant Watering Drip Ki","2","amazon.co.uk","Seller","LONDON","England","SE26 4","MarketplaceFacilitator","39.98","8.00","0","0","0","0","0","0","-8.00","-7.20","0","-0.14","0","32.64","Released","21 Apr 2026 21:36:12 UTC"
"10 Apr 2026 19:19:54 UTC","26863601142","Order","206-1636846-6533928","VSF-AWD4x2-UK-M","VIVOSUN AeroWave D4, 4"" Grow Tent Clip Fan with Detachable Hook, 3-Speed Strong & Quiet Airflow, Adjustable Airflow Angle for Hydroponics, Circulation","1","amazon.co.uk","Seller","LONDON","England","SE26 4","MarketplaceFacilitator","29.99","6.00","0","0","0","0","0","0","-6.00","-5.40","0","-0.11","0","24.48","Released","21 Apr 2026 21:36:12 UTC"
"10 Apr 2026 19:34:29 UTC","26863601142","Order","026-1683763-7637164","TN-44-UK-FBM","VIVOSUN Garden Netting 120 x 120 cm, Elastic Trellis Net with 4 Hooks for Climbing Plants Vegetables Fruits and Flowers","1","amazon.co.uk","Seller","HAVANT","HANTS","PO9 4","MarketplaceFacilitator","12.74","2.55","0","0","0","0","0","0","-2.55","-2.29","0","-0.05","0","10.40","Released","21 Apr 2026 15:00:20 UTC"
"10 Apr 2026 19:52:58 UTC","26863601142","Order","202-8451467-4293169","GT-Pole-UK-M","VIVOSUN Grow Tent High CFM Kit, Green Pole Range of 24""-48"", Suitable for 2'x2', 3'x3', 4'x2' and 4'x4'Grow Tent, 4-Pack","1","amazon.co.uk","Seller","NEWTON AYCLIFFE","Durham","DL5 7","MarketplaceFacilitator","33.32","6.67","0","0","0","0","0","0","-6.67","-6.00","0","-0.12","0","27.20","Released","21 Apr 2026 23:26:44 UTC"
"10 Apr 2026 20:17:04 UTC","26863601142","Order","026-7222468-8848304","305131-UK-FBM","VIVOSUN Soil Tester, 3-in-1 Plant Moisture Meter Light and PH Tester for Home, Garden, Lawn, Farm, Indoor and Outdoor Use, Promote Plants Healthy Grow","1","amazon.co.uk","Seller","LEEDS","","LS7 2","MarketplaceFacilitator","9.16","1.83","0","0","0","0","-1.38","-0.27","-1.56","-1.21","0","-0.02","0","6.55","Released","21 Apr 2026 12:22:42 UTC"
"10 Apr 2026 20:46:14 UTC","26863601142","Order","203-7549246-3885131","VSGB-3-UK-FBM","VIVOSUN 5-Pack 12L Grow Bags Heavy Duty 500G Thickened Nonwoven Plant Fabric Pots with Handles for Vegetables, Flowers, Fruits, Greenhouse and Garden","1","amazon.co.uk","Seller","OTTERY ST. MARY","","EX11 1","MarketplaceFacilitator","9.91","1.98","0","0","0","0","0","0","-1.98","-1.78","0","-0.04","0","8.09","Released","21 Apr 2026 23:23:08 UTC"
"10 Apr 2026 21:43:59 UTC","26863601142","Order","202-9447325-2789161","VSF-AWD4x2-UK-M","VIVOSUN AeroWave D4, 4"" Grow Tent Clip Fan with Detachable Hook, 3-Speed Strong & Quiet Airflow, Adjustable Airflow Angle for Hydroponics, Circulation","1","amazon.co.uk","Seller","BRADFORD","","BD13 2","MarketplaceFacilitator","29.99","6.00","0","0","0","0","0","0","-6.00","-5.40","0","-0.11","0","24.48","Released","21 Apr 2026 11:28:29 UTC"
"10 Apr 2026 21:52:26 UTC","26863601142","Order","204-8611105-8713942","305130-PEN-UK-FBM","VIVOSUN Digital pH and TDS Meter Kits, 0.01pH High Accuracy Pen Type pH Meter ± 2% Readout Accuracy 3-in-1 TDS EC Temperature Meter for Hydroponics,","1","amazon.co.uk","Seller","Romsey","Hampshire","SO51 8","MarketplaceFacilitator","13.32","2.67","0","0","0","0","0","0","-2.67","-2.40","0","-0.05","0","10.87","Released","21 Apr 2026 22:26:02 UTC"
"10 Apr 2026 22:25:55 UTC","26863601142","Order","205-5805339-7896336","VS1000E-UK-FBM","VIVOSUN Grow Lamp LED 100 W Full Spectrum Plant Lamp with Samsung Diodes Grow Light IP65 for Indoor Plants Seedling Vegetative and Flower in 60 x 60 c","1","amazon.co.uk","Seller","London","Greater London","SM44","MarketplaceFacilitator","52.49","10.50","0","0","0","0","0","0","-10.50","-9.45","0","-0.19","0","42.85","Released","21 Apr 2026 14:18:21 UTC"
"10 Apr 2026 22:25:55 UTC","26863601142","Order","205-5805339-7896336","306201PVC-4-UK","VIVOSUN Inline Duct Fan 4 Inch 190 CFM with Speed Controller, 4 Inch Carbon Filter and 8 Feet of Ducting, Temperature Humidity Monitor for Grow Tent,","1","amazon.co.uk","Seller","London","Greater London","SM44","MarketplaceFacilitator","66.07","13.22","0","0","0","0","0","0","-13.22","-11.89","0","-0.24","0","53.94","Released","21 Apr 2026 14:18:21 UTC"
"10 Apr 2026 23:34:55 UTC","26863601142","Order","206-1247057-7333123","306201PVC-4-UK","VIVOSUN Inline Duct Fan 4 Inch 190 CFM with Speed Controller, 4 Inch Carbon Filter and 8 Feet of Ducting, Temperature Humidity Monitor for Grow Tent,","1","amazon.co.uk","Seller","WREXHAM","Flintshire","LL12 9","MarketplaceFacilitator","66.07","13.22","0","0","0","0","0","0","-13.22","-11.89","0","-0.24","0","53.94","Released","21 Apr 2026 12:23:36 UTC"
"10 Apr 2026 23:35:27 UTC","26863601142","Order","202-5881488-5454751","306143-0412-UK-N","VIVOSUN 4 Inch Air Carbon Filter Odor Control with Australia Virgin Charcoal for Inline Fan, Grow Tent Odor Scrubber Indoor Hydroponics, Pre-filter In","1","amazon.co.uk","Amazon","SITTINGBOURNE","Kent","ME9 9","MarketplaceFacilitator","26.82","5.37","1.66","0.33","0","0","-1.66","-0.33","-5.37","-4.83","-3.34","-0.17","0","18.48","Released","18 Apr 2026 15:55:31 UTC"
"11 Apr 2026 00:10:22 UTC","26863601142","Order","204-1436865-9542748","311001-10x5-UK-FBM","VIVOSUN Plant Grow Bags 5 Pack 40L, Heavy Duty Thickened Nonwoven Fabric Pots with Strong Handles, Reusable Breathable Garden Growing Containers for V","1","amazon.co.uk","Seller","Corby","Northamptonshire","NN18 8","MarketplaceFacilitator","14.80","2.96","0","0","0","0","0","0","-2.96","-2.66","0","-0.05","0","12.09","Released","21 Apr 2026 19:10:23 UTC"
"11 Apr 2026 00:29:19 UTC","26863601142","Order","202-9848204-6437110","VSGB-15-UK-FBM","VIVOSUN Grow Bags 5-Pack 60L, 500G Thick Nonwoven Fabric Pots with Strap Handles, Multi-Purpose Rings, for Low Stress Plant Training Fruits, Vegetable","1","amazon.co.uk","Seller","FAREHAM","","PO14 2","MarketplaceFacilitator","14.57","2.92","0","0","0","0","0","0","-2.92","-2.62","0","-0.05","0","11.90","Released","21 Apr 2026 12:30:27 UTC"
"11 Apr 2026 00:55:58 UTC","26863601142","Order","205-3248927-3502761","306201PVC-8-UK","VIVOSUN Inline Duct Fan 8 Inch 720 CFM with Speed Controller, 8 Inch Carbon Filter and 25 Feet of Ducting, Temperature Humidity Monitor for Grow Tent,","1","amazon.co.uk","Seller","HULL","","HU6 8","MarketplaceFacilitator","94.99","19.00","0","0","0","0","0","0","-19.00","-17.10","0","-0.34","0","77.55","Released","21 Apr 2026 14:05:32 UTC"
"11 Apr 2026 01:02:03 UTC","26863601142","Order","205-2577826-1320318","LH-001-2-UK","VIVOSUN 2-Pair 1/8 Inch Adjustable Grow Light Hangers, Heavy Duty Rope Hanger with Reinforced Metal Gears, 8Ft. Long and 150 lbs Weight Capacity Rope","1","amazon.co.uk","Amazon","Caterham","South WestSouth East","CR3 5","MarketplaceFacilitator","7.47","1.49","0","0","0","0","0","0","-1.49","-1.34","-2.65","-0.08","0","3.40","Released","19 Apr 2026 05:35:08 UTC"
"11 Apr 2026 01:05:22 UTC","26863601142","Order","205-5329368-8867518","304113-P224-UK","VIVOSUN Pro Grow Tent 60x60x120 CM (24""x24""x48""), with Thick 22 mm Poles, 2000D Oxford Fabric with Highly Reflective Mylar Extra Hanging Poles for Hyd","1","amazon.co.uk","Amazon","Essex","Essex","IG101","MarketplaceFacilitator","55.41","11.08","0","0","0","0","0","0","-11.08","-9.97","-5.55","-0.31","0","39.58","Released","18 Apr 2026 23:05:04 UTC"
"11 Apr 2026 01:40:54 UTC","26863601142","Order","206-5470065-9893155","304113-P224-UK","VIVOSUN Pro Grow Tent 60x60x120 CM (24""x24""x48""), with Thick 22 mm Poles, 2000D Oxford Fabric with Highly Reflective Mylar Extra Hanging Poles for Hyd","1","amazon.co.uk","Amazon","manchester","lancashire","M8 4","MarketplaceFacilitator","55.41","11.08","0","0","0","0","0","0","-11.08","-9.97","-5.55","-0.31","0","39.58","Released","18 Apr 2026 18:45:32 UTC"
"11 Apr 2026 01:41:14 UTC","26863601142","Order","202-7510498-7413910","330701-01-UK","VIVOSUN Garden Netting 5 x 15ft. Plant Trellis Netting, Heavy-Duty Polyester Grow Net, Garden Trellis Netting with Square Mesh for Climbing Plants, Ve","1","amazon.co.uk","Amazon","CREDITON","","EX17 3","MarketplaceFacilitator","6.05","1.21","0","0","0","0","0","0","-1.21","-1.09","-1.67","-0.05","0","3.24","Released","18 Apr 2026 21:40:55 UTC"
"11 Apr 2026 01:41:22 UTC","26863601142","Order","202-2449264-7977955","330701-01-UK","VIVOSUN Garden Netting 5 x 15ft. Plant Trellis Netting, Heavy-Duty Polyester Grow Net, Garden Trellis Netting with Square Mesh for Climbing Plants, Ve","1","amazon.co.uk","Amazon","NEWTON ST. CYRES","","EX5 5","MarketplaceFacilitator","6.05","1.21","0","0","0","0","0","0","-1.21","-1.09","-1.67","-0.05","0","3.24","Released","18 Apr 2026 21:41:17 UTC"
"11 Apr 2026 01:55:45 UTC","26863601142","Order","206-3888772-5692304","VSGB-10-UK-FBM","VIVOSUN Grow Bags 5-Pack 40L, 500G Thick Nonwoven Fabric Pots with Strap Handles, Multi-Purpose Rings, for Low Stress Plant Training Fruits, Vegetable","1","amazon.co.uk","Seller","Portsmouth","Hampshire","PO6 4","MarketplaceFacilitator","13.41","2.68","0","0","0","0","0","0","-2.68","-2.41","0","-0.05","0","10.95","Released","22 Apr 2026 16:24:51 UTC"
"11 Apr 2026 01:59:40 UTC","26863601142","Order","026-6943779-4140313","LH-001-2-UK","VIVOSUN 2-Pair 1/8 Inch Adjustable Grow Light Hangers, Heavy Duty Rope Hanger with Reinforced Metal Gears, 8Ft. Long and 150 lbs Weight Capacity Rope","1","amazon.co.uk","Amazon","Nottingham","Notts","NG7 7","MarketplaceFacilitator","7.47","1.49","0","0","0","0","0","0","-1.49","-1.34","-2.65","-0.08","0","3.40","Released","18 Apr 2026 17:32:47 UTC"
"11 Apr 2026 02:51:34 UTC","26863601142","Order","204-1993642-2555512","VSV-AZG6-UK","VIVOSUN AeroZesh G6 Inline Duct Fan 6inch/150 mm Extractor Fan 660 m³/h with E12 Speed Controller and Entirely Programmable PWM-Controlled EC Fan for","1","amazon.co.uk","Amazon","MARSTON MORETAINE","","MK43 0","MarketplaceFacilitator","55.41","11.08","0","0","0","0","0","0","-11.08","-9.97","-3.38","-0.27","0","41.79","Released","18 Apr 2026 22:52:38 UTC"
"11 Apr 2026 03:22:56 UTC","26863601142","Order","202-0219849-9581947","304113-P224-UK","VIVOSUN Pro Grow Tent 60x60x120 CM (24""x24""x48""), with Thick 22 mm Poles, 2000D Oxford Fabric with Highly Reflective Mylar Extra Hanging Poles for Hyd","1","amazon.co.uk","Amazon","Atherstone","Warwickshire","CV92","MarketplaceFacilitator","55.41","11.08","0","0","0","0","0","0","-11.08","-9.97","-5.55","-0.31","0","39.58","Released","18 Apr 2026 21:38:58 UTC"
"11 Apr 2026 04:55:13 UTC","26863601142","Order","026-9177303-2670727","311001-3x5-UK-N","VIVOSUN Grow Bags 5 Pack 12L, Heavy Duty Thickened Nonwoven Fabric Pots with Strong Handles for Vegetables, Flowers, Fruits, Greenhouse and Garden","1","amazon.co.uk","Amazon","Oxfordshire","","OX25 2","MarketplaceFacilitator","11.32","2.27","0","0","0","0","0","0","-2.27","-2.04","-3.15","-0.10","0","6.03","Released","18 Apr 2026 20:50:26 UTC"
"11 Apr 2026 07:47:05 UTC","26863601142","Order","203-7796155-5661150","304113-3018-UK-FBM","VIVOSUN Grow Tent 75x45x90 CM (30""x18""x36""), High Reflective Mylar with Observation Window and Floor Tray for Hydroponics Indoor Plant for VS1000","1","amazon.co.uk","Seller","WORCESTER","","WR1 3","MarketplaceFacilitator","45.74","9.15","0","0","0","0","0","0","-9.15","-8.23","0","-0.16","0","37.35","Released","21 Apr 2026 11:27:30 UTC"
"11 Apr 2026 08:22:42 UTC","26863601142","Order","203-8329757-2288311","VSGB-10-UK-FBM","VIVOSUN Grow Bags 5-Pack 40L, 500G Thick Nonwoven Fabric Pots with Strap Handles, Multi-Purpose Rings, for Low Stress Plant Training Fruits, Vegetable","1","amazon.co.uk","Seller","Crayford","Kent","DA1 3","MarketplaceFacilitator","13.41","2.68","0","0","0","0","0","0","-2.68","-2.41","0","-0.05","0","10.95","Released","24 Apr 2026 23:09:10 UTC"
"11 Apr 2026 10:10:35 UTC","26863601142","Order","206-5800378-1965165","VSF-AWD4Wx2-UK-FBM","VIVOSUN AeroWave D4, 4"" Grow Tent Clip Fan with Detachable Hook, 3-Speed Strong & Quiet Airflow, Adjustable Airflow Angle for Hydroponics, Circulation","1","amazon.co.uk","Seller","Harrogate","North Yorkshire","HG1 3","MarketplaceFacilitator","29.16","5.83","0","0","0","0","0","0","-5.83","-5.25","0","-0.11","0","23.80","Released","21 Apr 2026 10:34:13 UTC"
"11 Apr 2026 11:17:09 UTC","26863601142","Order","203-5365893-0657119","VSGB-3-UK-FBM","VIVOSUN 5-Pack 12L Grow Bags Heavy Duty 500G Thickened Nonwoven Plant Fabric Pots with Handles for Vegetables, Flowers, Fruits, Greenhouse and Garden","1","amazon.co.uk","Seller","LIGHTWATER","","GU185","MarketplaceFacilitator","9.91","1.98","0","0","0","0","0","0","-1.98","-1.78","0","-0.04","0","8.09","Released","21 Apr 2026 23:40:36 UTC"
"11 Apr 2026 12:13:35 UTC","26863601142","Order","202-1500930-6954734","VSGB-15-UK-FBM","VIVOSUN Grow Bags 5-Pack 60L, 500G Thick Nonwoven Fabric Pots with Strap Handles, Multi-Purpose Rings, for Low Stress Plant Training Fruits, Vegetable","1","amazon.co.uk","Seller","BO'NESS","","EH51 0","MarketplaceFacilitator","14.57","2.92","0","0","0","0","0","0","-2.92","-2.62","0","-0.05","0","11.90","Released","21 Apr 2026 12:12:32 UTC"
"11 Apr 2026 13:41:07 UTC","26863601142","Order","026-2141255-5407507","304113-3018-UK-FBM","VIVOSUN Grow Tent 75x45x90 CM (30""x18""x36""), High Reflective Mylar with Observation Window and Floor Tray for Hydroponics Indoor Plant for VS1000","1","amazon.co.uk","Seller","WATERLOOVILLE","Hampshire","PO7 6","MarketplaceFacilitator","45.74","9.15","0","0","0","0","0","0","-9.15","-8.23","0","-0.16","0","37.35","Released","21 Apr 2026 22:15:32 UTC"
"11 Apr 2026 14:07:10 UTC","26863601142","Order","026-2276105-4001917","LH-001-2-UK","VIVOSUN 2-Pair 1/8 Inch Adjustable Grow Light Hangers, Heavy Duty Rope Hanger with Reinforced Metal Gears, 8Ft. Long and 150 lbs Weight Capacity Rope","1","amazon.co.uk","Amazon","UXBRIDGE","","UB8 3","MarketplaceFacilitator","7.47","1.49","0.55","0.11","0","0","-0.55","-0.11","-1.49","-1.34","-2.65","-0.08","0","3.40","Released","18 Apr 2026 17:52:16 UTC"
"11 Apr 2026 14:08:58 UTC","26863601142","Order","202-0391979-7585165","VSF-AWD4-UK","VIVOSUN AeroWave D4, 4"" Grow Tent Clip Fan with Detachable Hook, 3-Speed Strong & Quiet Airflow, Adjustable Airflow Angle for Hydroponics, Circulation","1","amazon.co.uk","Seller","WESTON-SUPER-MARE","","BS22 7","MarketplaceFacilitator","16.66","3.33","0","0","0","0","0","0","-3.33","-3.00","0","-0.06","0","13.60","Released","21 Apr 2026 23:08:46 UTC"
"11 Apr 2026 14:22:53 UTC","26863601142","Order","203-8591503-8855514","CFPW-6-UK-FBM","Prefilter for Carbon Filter (6 Inch, White)","1","amazon.co.uk","Seller","BRADFORD","","BD7 4","MarketplaceFacilitator","6.87","1.37","0","0","0","0","0","0","-1.37","-0.66","0","-0.01","0","6.20","Released","22 Apr 2026 00:09:42 UTC"
"11 Apr 2026 14:46:46 UTC","26863601142","Order","202-8717421-8433914","VS1000EX2-UK-FBM","VIVOSUN Grow Lamp 100 W Full Spectrum Plant Lamp with Samsung Diodes Grow Light for Indoor Plants Seedling Vegetative and Flower in 60 x 60 cm, 90 x 9","1","amazon.co.uk","Seller","CHERTSEY","","KT16 0","MarketplaceFacilitator","116.66","23.33","0","0","0","0","0","0","-23.33","-21.00","0","-0.42","0","95.24","Released","22 Apr 2026 21:14:52 UTC"
"11 Apr 2026 14:55:45 UTC","26863601142","Order","203-5975267-6048350","VSF-AWE6-UK-FBM","VIVOSUN AeroWave E6 6-Inch Clip-on Fan, Patented Portable Indoor Fan with Clip, Strong Airflow but Low Noise, 10 Speeds & 2 Modes IP-54, and Fully-Adj","1","amazon.co.uk","Seller","onchan","isle of man","IM3 3","MarketplaceFacilitator","31.24","6.25","0","0","0","0","0","0","-6.25","-5.62","0","-0.11","0","25.51","Released","22 Apr 2026 10:44:17 UTC"
"11 Apr 2026 14:55:47 UTC","26863601142","Order","026-4070070-5717143","VSGB-7-UK-M","VIVOSUN Grow Bags 5-Pack 30L, 500G Thick Nonwoven Fabric Pots with Strap Handles, Multi-Purpose Rings, for Low Stress Plant Training Fruits, Vegetable","1","amazon.co.uk","Seller","AMBLESIDE","","LA22 0","MarketplaceFacilitator","12.24","2.45","0","0","0","0","0","0","-2.45","-2.20","0","-0.04","0","10.00","Released","25 Apr 2026 20:44:58 UTC"
"11 Apr 2026 15:35:57 UTC","26863601142","Order","204-5049273-0606716","VSV-AZG6E42A-UK","VIVOSUN AeroZesh G6 Inline Duct Fan 6inch/150 mm Quiet Extractor Fan 660 m³/h with EC Motor and GrowHub E42A WiFi Controller for Growbox, Cooling, Bo","1","amazon.co.uk","Amazon","HIGH WYCOMBE","","HP13 7","MarketplaceFacilitator","77.49","15.50","0","0","0","0","0","0","-15.50","-13.95","-3.38","-0.35","0","59.81","Released","19 Apr 2026 22:47:31 UTC"
"11 Apr 2026 16:08:53 UTC","26863601142","Order","202-4586183-4453941","VSV-AZG6-UK","VIVOSUN AeroZesh G6 Inline Duct Fan 6inch/150 mm Extractor Fan 660 m³/h with E12 Speed Controller and Entirely Programmable PWM-Controlled EC Fan for","1","amazon.co.uk","Amazon","DARTFORD","Kent","DA2 6","MarketplaceFacilitator","55.41","11.08","1.66","0.33","0","0","-1.66","-0.33","-11.08","-9.97","-3.38","-0.27","0","41.79","Released","18 Apr 2026 19:00:03 UTC"
"11 Apr 2026 16:25:42 UTC","26863601142","Order","203-8142404-4371527","VSGB-25-UK-FBM","VIVOSUN Grow Bags 5-Pack 95L, 500G Thick Nonwoven Fabric Pots with Strap Handles, Multi-Purpose Rings, for Low Stress Plant Training Fruits, Vegetable","1","amazon.co.uk","Seller","FAREHAM","","PO17 6","MarketplaceFacilitator","20.99","4.20","0","0","0","0","0","0","-4.20","-3.78","0","-0.08","0","17.13","Released","21 Apr 2026 21:16:04 UTC"
"11 Apr 2026 16:38:21 UTC","26863601142","Order","026-2657094-4244327","304113-32-UK-FBM","VIVOSUN Small Grow Tent 90x50x160 CM (36""x20""x63"") Grow Tent Mini with Highly Reflective Mylar Sealed Floor Design, Ventilation Window and Cable Entry","1","amazon.co.uk","Seller","SCUNTHORPE","","DN15 8","MarketplaceFacilitator","77.91","15.58","0","0","0","0","0","0","-15.58","-14.02","0","-0.28","0","63.61","Released","21 Apr 2026 13:23:02 UTC"
"11 Apr 2026 17:40:09 UTC","26863601142","Order","203-7132668-9400330","VSF-AWD4W-UK","VIVOSUN AeroWave D4, 4"" Grow Tent Clip Fan with Detachable Hook, 3-Speed Strong & Quiet Airflow, Adjustable Airflow Angle for Hydroponics, Circulation","1","amazon.co.uk","Seller","LUTON","","LU2 0","MarketplaceFacilitator","15.82","3.17","0","0","0","0","0","0","-3.17","-2.85","0","-0.06","0","12.91","Released","21 Apr 2026 16:18:56 UTC"
"11 Apr 2026 17:40:37 UTC","26863601142","Order","206-0357258-1906716","305131-UK-FBM","VIVOSUN Soil Tester, 3-in-1 Plant Moisture Meter Light and PH Tester for Home, Garden, Lawn, Farm, Indoor and Outdoor Use, Promote Plants Healthy Grow","1","amazon.co.uk","Seller","Brighton","East Sussex","BN41 1","MarketplaceFacilitator","9.16","1.83","0","0","0","0","0","0","-1.83","-1.43","0","-0.03","0","7.70","Released","21 Apr 2026 22:50:26 UTC"
"11 Apr 2026 18:37:33 UTC","26863601142","Order","202-9051417-6233123","VSGB-15-UK-FBM","VIVOSUN Grow Bags 5-Pack 60L, 500G Thick Nonwoven Fabric Pots with Strap Handles, Multi-Purpose Rings, for Low Stress Plant Training Fruits, Vegetable","1","amazon.co.uk","Seller","Eastbourne","East Sussex","BN20 8","MarketplaceFacilitator","14.57","2.92","0","0","0","0","0","0","-2.92","-2.62","0","-0.05","0","11.90","Released","21 Apr 2026 10:31:51 UTC"
"11 Apr 2026 18:46:22 UTC","26863601142","Order","026-7390583-5961922","VSGB-15-UK-FBM","VIVOSUN Grow Bags 5-Pack 60L, 500G Thick Nonwoven Fabric Pots with Strap Handles, Multi-Purpose Rings, for Low Stress Plant Training Fruits, Vegetable","1","amazon.co.uk","Seller","OAKHAM","","LE15 9","MarketplaceFacilitator","14.57","2.92","0","0","0","0","0","0","-2.92","-2.62","0","-0.05","0","11.90","Released","21 Apr 2026 14:39:59 UTC"
"11 Apr 2026 18:50:22 UTC","26863601142","Order","026-4978132-4621156","330701-01-UK","VIVOSUN Garden Netting 5 x 15ft. Plant Trellis Netting, Heavy-Duty Polyester Grow Net, Garden Trellis Netting with Square Mesh for Climbing Plants, Ve","1","amazon.co.uk","Amazon","EASTRY","","CT13 0","MarketplaceFacilitator","6.05","1.21","0","0","0","0","0","0","-1.21","-1.09","-1.67","-0.05","0","3.24","Released","19 Apr 2026 20:59:03 UTC"
"11 Apr 2026 19:06:48 UTC","26863601142","Order","026-7608737-9565126","VSV-AZT6-UK","VIVOSUN AeroZesh T6 Inline Duct Fan 6 inch/150 mm Extractor Fan 693 m³/h with E12 Speed Controller and Entirely Programmable PWM-Controlled EC Fan fo","1","amazon.co.uk","Amazon","Willersey","","WR127","MarketplaceFacilitator","66.49","13.30","0","0","0","0","0","0","-13.30","-11.97","-3.38","-0.31","0","50.83","Released","19 Apr 2026 20:49:51 UTC"
"11 Apr 2026 19:58:49 UTC","26863601142","Order","204-7990525-0809163","VSE-ASH05-UK-FBM","VIVOSUN AeroStream H05 Intelligent Wi-Fi Humidifier 5 L, Plant Humidifier with Temp & Humidity Probe, Smart Remote VPD Control, Designed for Growers G","1","amazon.co.uk","Seller","SOUTHAMPTON","","SO19 0","MarketplaceFacilitator","58.32","11.67","0","0","0","0","0","0","-11.67","-10.50","0","-0.21","0","47.61","Released","21 Apr 2026 13:01:53 UTC"
"11 Apr 2026 20:22:55 UTC","26863601142","Order","206-1933432-6619525","VSGB-15-UK-FBM","VIVOSUN Grow Bags 5-Pack 60L, 500G Thick Nonwoven Fabric Pots with Strap Handles, Multi-Purpose Rings, for Low Stress Plant Training Fruits, Vegetable","1","amazon.co.uk","Seller","Newton Abbot","Devon","TQ12 4","MarketplaceFacilitator","14.57","2.92","0","0","0","0","0","0","-2.92","-2.62","0","-0.05","0","11.90","Released","21 Apr 2026 12:05:16 UTC"
"11 Apr 2026 20:27:01 UTC","26863601142","Order","205-2971081-5264339","VSV-AZT6-UK","VIVOSUN AeroZesh T6 Inline Duct Fan 6 inch/150 mm Extractor Fan 693 m³/h with E12 Speed Controller and Entirely Programmable PWM-Controlled EC Fan fo","2","amazon.co.uk","Amazon","Newtown,Annacotty","Limerick","","","132.98","0","1.50","0","0","0","-1.50","0","0","-23.94","-6.76","-0.62","0","101.66","Released","21 Apr 2026 21:58:28 UTC"
"11 Apr 2026 20:28:02 UTC","26863601142","Order","206-6330120-6849963","VSVC-AZT4E42A-UK","VIVOSUN PRO T4 Smart Air Filtration Kit, 10 cm AeroZesh T4 Duct Fan with GrowHub E42A, Carbon Filter & Air Duct, Cooling & Ventilation System for Grow","1","amazon.co.uk","Amazon","CHATTERIS","","PE16 6","MarketplaceFacilitator","124.99","25.00","0","0","0","0","0","0","-25.00","-22.50","-5.80","-0.57","0","96.12","Released","19 Apr 2026 19:13:16 UTC"
"11 Apr 2026 20:55:49 UTC","26863601142","Order","204-5160933-5352369","TN-44-UK-FBM","VIVOSUN Garden Netting 120 x 120 cm, Elastic Trellis Net with 4 Hooks for Climbing Plants Vegetables Fruits and Flowers","1","amazon.co.uk","Seller","LONDON","","N22 6","MarketplaceFacilitator","12.74","2.55","0","0","0","0","0","0","-2.55","-2.29","0","-0.05","0","10.40","Released","21 Apr 2026 17:30:21 UTC"
"11 Apr 2026 21:01:05 UTC","26863601142","Order","205-6614687-5001923","330701-01-UK","VIVOSUN Garden Netting 5 x 15ft. Plant Trellis Netting, Heavy-Duty Polyester Grow Net, Garden Trellis Netting with Square Mesh for Climbing Plants, Ve","1","amazon.co.uk","Amazon","OAKHAM","Rutland","LE15 8","MarketplaceFacilitator","6.37","1.27","2.07","0.42","0","0","0","0","-1.69","-1.15","-3.74","-0.09","0","3.46","Released","19 Apr 2026 20:38:10 UTC"
"11 Apr 2026 21:02:22 UTC","26863601142","Order","202-3739586-3238705","330701-01-UK","VIVOSUN Garden Netting 5 x 15ft. Plant Trellis Netting, Heavy-Duty Polyester Grow Net, Garden Trellis Netting with Square Mesh for Climbing Plants, Ve","1","amazon.co.uk","Amazon","CHELTENHAM","","GL51 8","MarketplaceFacilitator","6.05","1.21","0","0","0","0","0","0","-1.21","-1.09","-1.67","-0.05","0","3.24","Released","19 Apr 2026 23:56:43 UTC"
"11 Apr 2026 21:41:55 UTC","26863601142","Order","205-8712724-2229130","VSF-AWD4-UK","VIVOSUN AeroWave D4, 4"" Grow Tent Clip Fan with Detachable Hook, 3-Speed Strong & Quiet Airflow, Adjustable Airflow Angle for Hydroponics, Circulation","1","amazon.co.uk","Seller","BOLTON","","BL1 2","MarketplaceFacilitator","16.66","3.33","0","0","0","0","0","0","-3.33","-3.00","0","-0.06","0","13.60","Released","21 Apr 2026 11:30:43 UTC"
"11 Apr 2026 21:49:55 UTC","26863601142","Order","205-5747518-1578748","VSI-FFD2-UK-FBM","VIVOSUN FlexFeed Drip Irrigation Kit, 4W Automatic Irrigation System with Pump & 4 Drip Emitters, App-Controllable Professional Plant Watering Drip Ki","1","amazon.co.uk","Seller","CWMRHYDYCEIRW","","SA6 6","MarketplaceFacilitator","19.99","4.00","0","0","0","0","0","0","-4.00","-3.60","0","-0.07","0","16.32","Released","21 Apr 2026 10:55:20 UTC"
"11 Apr 2026 22:49:16 UTC","26863601142","Order","204-5784901-8905107","VSF-AWD4-UK","VIVOSUN AeroWave D4, 4"" Grow Tent Clip Fan with Detachable Hook, 3-Speed Strong & Quiet Airflow, Adjustable Airflow Angle for Hydroponics, Circulation","1","amazon.co.uk","Seller","HAMILTON","","ML3 6","MarketplaceFacilitator","16.66","3.33","0","0","0","0","0","0","-3.33","-3.00","0","-0.06","0","13.60","Released","21 Apr 2026 21:52:36 UTC"
"12 Apr 2026 01:05:50 UTC","26863601142","Order","203-7617991-9566701","306143-0412-UK-N","VIVOSUN 4 Inch Air Carbon Filter Odor Control with Australia Virgin Charcoal for Inline Fan, Grow Tent Odor Scrubber Indoor Hydroponics, Pre-filter In","1","amazon.co.uk","Amazon","worcester","worc","WR51","MarketplaceFacilitator","26.82","5.37","1.66","0.33","0","0","-1.66","-0.33","-5.37","-4.83","-3.34","-0.17","0","18.48","Released","19 Apr 2026 22:11:41 UTC"
"12 Apr 2026 01:38:51 UTC","26863601142","Order","206-6330120-6849963","304113-42-UK","VIVOSUN Grow Tent 120x60x150 CM (48""x24""x60""), Made of Highly Reflective Mylar, with Viewing Window and Base Tray for Hydroponics and Indoor Growing,","1","amazon.co.uk","Amazon","CHATTERIS","","PE16 6","MarketplaceFacilitator","72.19","14.44","0","0","0","0","0","0","-14.44","-12.99","-12.36","-0.51","0","46.33","Released","19 Apr 2026 22:30:34 UTC"
"12 Apr 2026 01:41:10 UTC","26863601142","Order","204-2796655-3241903","VSGB-3-UK-FBM","VIVOSUN 5-Pack 12L Grow Bags Heavy Duty 500G Thickened Nonwoven Plant Fabric Pots with Handles for Vegetables, Flowers, Fruits, Greenhouse and Garden","1","amazon.co.uk","Seller","BALLYMONEY","","BT537","MarketplaceFacilitator","9.91","1.98","0","0","0","0","0","0","-1.98","-1.78","0","-0.04","0","8.09","Released","22 Apr 2026 13:48:20 UTC"
"12 Apr 2026 03:08:37 UTC","26863601142","Order","204-0860304-2934719","306143-0412-UK-N","VIVOSUN 4 Inch Air Carbon Filter Odor Control with Australia Virgin Charcoal for Inline Fan, Grow Tent Odor Scrubber Indoor Hydroponics, Pre-filter In","1","amazon.co.uk","Amazon","BUCKLEY","","CH7 2","MarketplaceFacilitator","26.82","5.37","0","0","0","0","0","0","-5.37","-4.83","-3.34","-0.17","0","18.48","Released","19 Apr 2026 23:39:56 UTC"
"12 Apr 2026 04:14:13 UTC","26863601142","Order","026-7090072-4076362","311003-5-UK","VIVOSUN Gardening Scissors 6.5 Inch Hand Pruner Shear with Titanium Coated Blades, Pruning Shear for Plants, Flowers, Hedges 1-Pack Blue","1","amazon.co.uk","Amazon","Ascot","POST-BER","SL5 7","MarketplaceFacilitator","4.46","0.89","0","0","0","0","0","0","-0.89","-0.80","-1.67","-0.05","0","1.94","Released","20 Apr 2026 21:23:43 UTC"
"12 Apr 2026 04:27:16 UTC","26863601142","Order","204-5130029-7298750","VSV-AZT6E42A-UK","VIVOSUN Inline Duct Fan 6inch/150 mm & Temperature Humidity Controller E42A WiFi-App Control, Quiet Extractor Fan 693 m³/h with EC Motor, Grow Tent F","1","amazon.co.uk","Amazon","Bicester","","OX26 6","MarketplaceFacilitator","99.16","19.83","0.69","0.14","0","0","0","0","-19.97","-17.85","-4.25","-0.44","0","77.31","Released","19 Apr 2026 21:12:34 UTC"
"12 Apr 2026 08:19:59 UTC","26863601142","Order","204-5957880-7497102","304113-3018-UK-FBM","VIVOSUN Grow Tent 75x45x90 CM (30""x18""x36""), High Reflective Mylar with Observation Window and Floor Tray for Hydroponics Indoor Plant for VS1000","1","amazon.co.uk","Seller","LEICESTER","Leicestershire","LE7 9","MarketplaceFacilitator","45.74","9.15","0","0","0","0","0","0","-9.15","-8.23","0","-0.16","0","37.35","Released","21 Apr 2026 12:37:18 UTC"
"12 Apr 2026 09:13:54 UTC","26863601142","Order","202-2836367-2442744","305131-UK-FBM","VIVOSUN Soil Tester, 3-in-1 Plant Moisture Meter Light and PH Tester for Home, Garden, Lawn, Farm, Indoor and Outdoor Use, Promote Plants Healthy Grow","1","amazon.co.uk","Seller","WIRRAL","Merseyside","CH63 2","MarketplaceFacilitator","9.16","1.83","0","0","0","0","0","0","-1.83","-1.43","0","-0.03","0","7.70","Released","22 Apr 2026 21:10:13 UTC"
"12 Apr 2026 10:23:12 UTC","26863601142","Order","203-5177654-4649102","VSF-AWD4x2-UK-M","VIVOSUN AeroWave D4, 4"" Grow Tent Clip Fan with Detachable Hook, 3-Speed Strong & Quiet Airflow, Adjustable Airflow Angle for Hydroponics, Circulation","1","amazon.co.uk","Seller","MARGATE","","CT9 3","MarketplaceFacilitator","29.99","6.00","0","0","0","0","0","0","-6.00","-5.40","0","-0.11","0","24.48","Released","23 Apr 2026 15:24:12 UTC"
"12 Apr 2026 10:34:41 UTC","26863601142","Order","206-9487629-3261948","Spray-SX-CS5-UK-M","VIVOSUN Pump Sprayer 5L, Portable Water Spray Bottle in Lawn and Garden Yard, Weed Sprayer for Plants with 3 Nozzles, Adjustable Shoulder Strap, Press","1","amazon.co.uk","Seller","ANDOVER","","SP10 2","MarketplaceFacilitator","24.22","4.84","0","0","0","0","0","0","-4.84","-4.36","0","-0.09","0","19.77","Released","23 Apr 2026 12:35:01 UTC"
"12 Apr 2026 10:35:03 UTC","26863601142","Order","206-8571616-8257936","304113-32-UK-FBM","VIVOSUN Small Grow Tent 90x50x160 CM (36""x20""x63"") Grow Tent Mini with Highly Reflective Mylar Sealed Floor Design, Ventilation Window and Cable Entry","1","amazon.co.uk","Seller","Cam","Gloucestershire","GL11 5","MarketplaceFacilitator","77.91","15.58","0","0","0","0","0","0","-15.58","-14.02","0","-0.28","0","63.61","Released","22 Apr 2026 22:16:41 UTC"
"12 Apr 2026 10:55:36 UTC","26863601142","Order","203-3824812-5622745","VSVC-AZT4-UK-FBM","VIVOSUN Duct Fan 100 mm Extractor Fan 357 m³/h with E12 Speed Control Carbon Filter & 240 cm Air Duct AeroZesh T4 Exhaust Set Cooling and Ventilation","1","amazon.co.uk","Seller","AYLESFORD","","ME20 7","MarketplaceFacilitator","71.16","14.23","0","0","0","0","0","0","-14.23","-12.81","0","-0.26","0","58.09","Released","21 Apr 2026 23:58:50 UTC"
"12 Apr 2026 11:45:10 UTC","26863601142","Order","026-9245656-8722765","306104-4C-UK","VIVOSUN Flex Air Aluminum Duct for Ventilation 4 Inch 25 Feet, 2 Clamps Included, Long Heavy-Duty Multi-Layer Dryer Hose Vent Kit, Duct Fan Systems","2","amazon.co.uk","Seller","SEND","","GU23 7","MarketplaceFacilitator","30.64","6.12","0","0","0","0","0","0","-6.12","-4.78","0","-0.10","0","25.76","Released","22 Apr 2026 22:05:19 UTC"
"12 Apr 2026 12:10:23 UTC","26863601142","Order","202-5917466-8338716","VSVC-AZT6-UK-FBM","VIVOSUN Duct Fan 150 mm Extractor Fan 693 m³/h with E12 Speed Control Carbon Filter & 240 cm Air Duct AeroZesh T6 Exhaust Set Cooling and Ventilation","1","amazon.co.uk","Seller","YORK","","YO42 4","MarketplaceFacilitator","86.41","17.28","0","0","0","0","0","0","-17.28","-15.55","0","-0.31","0","70.55","Released","21 Apr 2026 13:14:51 UTC"
"12 Apr 2026 12:25:46 UTC","26863601142","Order","206-5274949-9438701","PS-002-UK-FBM","VIVOSUN 1-Pack Garden Pruner 17cm Plant Shears with Ergonomic Handles, Tree Pruner with Straight Blades and Titanium Non-Stick Coating, Rose Shears, B","1","amazon.co.uk","Seller","CHESTERFIELD","Derbyshire","S45 9","MarketplaceFacilitator","7.49","1.50","0","0","0","0","0","0","-1.50","-1.17","0","-0.02","0","6.30","Released","22 Apr 2026 12:24:43 UTC"
"12 Apr 2026 13:05:00 UTC","26863601142","Order","206-2679668-4983539","VSGB-15-UK-FBM","VIVOSUN Grow Bags 5-Pack 60L, 500G Thick Nonwoven Fabric Pots with Strap Handles, Multi-Purpose Rings, for Low Stress Plant Training Fruits, Vegetable","1","amazon.co.uk","Seller","CHATHAM","","ME5 9","MarketplaceFacilitator","14.57","2.92","0","0","0","0","0","0","-2.92","-2.62","0","-0.05","0","11.90","Released","22 Apr 2026 11:25:52 UTC"
"12 Apr 2026 13:05:04 UTC","26863601142","Order","206-9286907-8175563","304113-2014-UK-FBM","VIVOSUN Grow Tent Small 50x36x54 CM (19.7""x14.2""x21.3"") Grow Tent Mini with Highly Reflective Mylar Sealed Floor Design, Ventilation Window, Cable Ent","1","amazon.co.uk","Seller","BOURNEMOUTH","","BH8 8","MarketplaceFacilitator","33.32","6.67","0","0","0","0","0","0","-6.67","-6.00","0","-0.12","0","27.20","Released","22 Apr 2026 17:37:46 UTC"
"12 Apr 2026 13:05:20 UTC","26863601142","Order","205-0084295-4975541","311003-4-UK-FBM","VIVOSUN Gardening Scissors 17cm Hand Pruner Pruning Shear with Straight Blades and Titanium Non-Stick Coating Rose Scissors Orange","1","amazon.co.uk","Seller","WALLASEY","","CH44 3","MarketplaceFacilitator","8.32","1.67","0","0","0","0","0","0","-1.67","-1.50","0","-0.03","0","6.79","Released","23 Apr 2026 23:45:33 UTC"
"12 Apr 2026 13:05:47 UTC","26863601142","Order","206-6585892-0221143","VSF-AWE6G-UK-FBM","VIVOSUN Grow Fan with Clip, 15 cm/6 Inch Grow Tent Fan, 10 Speeds Smart App Control, IP54 with Automatic Oscillation AeroWave E6 for Grow Tent, Green","1","amazon.co.uk","Seller","SWINDON","","SN2 1","MarketplaceFacilitator","26.66","5.33","0","0","0","0","0","0","-5.33","-4.80","0","-0.10","0","21.76","Released","22 Apr 2026 23:40:47 UTC"
"12 Apr 2026 13:11:17 UTC","26863601142","Order","203-5158039-7433961","GB0100-2J-UK","VIVOSUN Strawberry Planter Stackable Vertical Garden Pot 5 Tier, Indoor/Outdoor, Space-Saving Plant Pot for Strawberries, Flowers, Herbs, Vegetables,","1","amazon.co.uk","Seller","Cardiff","","CF14 1","MarketplaceFacilitator","74.99","15.00","0","0","0","0","0","0","-15.00","-13.50","0","-0.27","0","61.22","Released","21 Apr 2026 22:15:34 UTC"
"12 Apr 2026 13:36:03 UTC","26863601142","Order","203-7744605-7024327","311001-7x5-UK-M","VIVOSUN Plant Grow Bags 5 Pack 7 Gallon, Heavy Duty Thickened Nonwoven Fabric Pots with Strong Handles, Reusable Breathable Garden Growing Containers","1","amazon.co.uk","Seller","MALDON","","CM9 5","MarketplaceFacilitator","11.66","2.33","0","0","0","0","0","0","-2.33","-2.10","0","-0.04","0","9.52","Released","22 Apr 2026 23:05:25 UTC"
"12 Apr 2026 13:36:41 UTC","26863601142","Order","204-9045580-5197911","305130-PEN-UK-FBM","VIVOSUN Digital pH and TDS Meter Kits, 0.01pH High Accuracy Pen Type pH Meter ± 2% Readout Accuracy 3-in-1 TDS EC Temperature Meter for Hydroponics,","1","amazon.co.uk","Seller","WEST BROMWICH","","B70 6","MarketplaceFacilitator","13.32","2.67","0","0","0","0","0","0","-2.67","-2.40","0","-0.05","0","10.87","Released","22 Apr 2026 12:46:48 UTC"
"12 Apr 2026 13:36:44 UTC","26863601142","Order","206-6373029-6371500","VSGB-25-UK-FBM","VIVOSUN Grow Bags 5-Pack 95L, 500G Thick Nonwoven Fabric Pots with Strap Handles, Multi-Purpose Rings, for Low Stress Plant Training Fruits, Vegetable","1","amazon.co.uk","Seller","NEWTOWNABBEY","","BT36 6","MarketplaceFacilitator","20.99","4.20","0","0","0","0","0","0","-4.20","-3.78","0","-0.08","0","17.13","Released","24 Apr 2026 23:07:05 UTC"
"12 Apr 2026 15:15:09 UTC","26863601142","Order","205-9327315-4571564","VSF-AWE6G-UK-FBM","VIVOSUN Grow Fan with Clip, 15 cm/6 Inch Grow Tent Fan, 10 Speeds Smart App Control, IP54 with Automatic Oscillation AeroWave E6 for Grow Tent, Green","1","amazon.co.uk","Seller","OLDHAM","","OL4 5","MarketplaceFacilitator","26.66","5.33","0","0","0","0","0","0","-5.33","-4.80","0","-0.10","0","21.76","Released","22 Apr 2026 21:50:53 UTC"
"12 Apr 2026 16:14:43 UTC","26863601142","Order","204-8186086-9513145","311003-5-UK","VIVOSUN Gardening Scissors 6.5 Inch Hand Pruner Shear with Titanium Coated Blades, Pruning Shear for Plants, Flowers, Hedges 1-Pack Blue","1","amazon.co.uk","Amazon","Ballinasloe","Galway","","MarketplaceFacilitator","4.46","1.03","0","0","0","0","0","0","-1.03","-0.80","-1.67","-0.05","0","1.94","Released","22 Apr 2026 22:36:28 UTC"
"12 Apr 2026 16:53:06 UTC","26863601142","Order","205-1130357-5793911","304113-3018-UK-FBM","VIVOSUN Grow Tent 75x45x90 CM (30""x18""x36""), High Reflective Mylar with Observation Window and Floor Tray for Hydroponics Indoor Plant for VS1000","1","amazon.co.uk","Seller","GLASGOW","","G74 2","MarketplaceFacilitator","45.74","9.15","0","0","0","0","0","0","-9.15","-8.23","0","-0.16","0","37.35","Released","22 Apr 2026 14:35:28 UTC"
"12 Apr 2026 17:06:36 UTC","26863601142","Order","026-9223186-3203519","306109-6C-UK-FBM","VIVOSUN Flex Air Aluminum Duct for Ventilation, 6 Inch 25 Feet, 2 Clamps Included, Long Heavy-Duty Multi-Layer Dryer Hose Vent Kit, Duct Fan Systems","1","amazon.co.uk","Seller","NORWICH","","NR10 5","MarketplaceFacilitator","11.43","2.29","0","0","0","0","0","0","-2.29","-1.78","0","-0.04","0","9.61","Released","23 Apr 2026 22:10:00 UTC"
"12 Apr 2026 18:06:18 UTC","26863601142","Order","205-5448740-2165922","PH002-UK-FBM","VIVOSUN 4-in-1 Digital pH Meter with pH/TDS/EC/Temp Function, 0-14.0 pH Measurement Range, ±0.1 pH Accuracy Water Quality Tester for Hydroponics, Hou","1","amazon.co.uk","Seller","EDGMOND","","TF10 8","MarketplaceFacilitator","19.49","3.90","0","0","0","0","0","0","-3.90","-3.51","0","-0.07","0","15.91","Released","22 Apr 2026 22:49:35 UTC"
"12 Apr 2026 18:41:53 UTC","26863601142","Order","205-6987391-5010745","VSV-AZT4-UK","VIVOSUN AeroZesh T4 Inline Duct Fan 4inch/100 mm Extractor Fan 357 m³/h with E12 Speed Controller and Fully Programmable PWM-Controlled EC Quiet Vent","1","amazon.co.uk","Amazon","SOUTHEND-ON-SEA","","SS3 9","MarketplaceFacilitator","55.41","11.08","0","0","0","0","0","0","-11.08","-9.97","-3.37","-0.27","0","41.80","Released","20 Apr 2026 17:44:05 UTC"
"12 Apr 2026 18:50:08 UTC","26863601142","Order","026-4817295-8656313","304113-44-UK-FBM","VIVOSUN Grow Tent 120x120x200 cm (48""x48""x80""), Made of Highly Reflective Mylar, with Viewing Window and Base Tray for Hydroponics and Indoor Growing,","1","amazon.co.uk","Seller","MIDDLESBROUGH","","TS5 7","MarketplaceFacilitator","91.49","18.30","0","0","0","0","0","0","-18.30","-16.47","0","-0.33","0","74.69","Released","23 Apr 2026 20:15:39 UTC"
"12 Apr 2026 20:07:31 UTC","26863601142","Order","202-6635031-7261948","VSGB-10-UK-FBM","VIVOSUN Grow Bags 5-Pack 40L, 500G Thick Nonwoven Fabric Pots with Strap Handles, Multi-Purpose Rings, for Low Stress Plant Training Fruits, Vegetable","1","amazon.co.uk","Seller","DOVER","Kent","CT17 9","MarketplaceFacilitator","13.41","2.68","0","0","0","0","0","0","-2.68","-2.41","0","-0.05","0","10.95","Released","22 Apr 2026 19:30:37 UTC"
"12 Apr 2026 20:10:19 UTC","26863601142","Order","203-1753778-8076326","311001-3x5-UK-N","VIVOSUN Grow Bags 5 Pack 12L, Heavy Duty Thickened Nonwoven Fabric Pots with Strong Handles for Vegetables, Flowers, Fruits, Greenhouse and Garden","1","amazon.co.uk","Amazon","KING'S LYNN","","PE32 1","MarketplaceFacilitator","11.32","2.27","0","0","0","0","0","0","-2.27","-2.04","-3.15","-0.10","0","6.03","Released","20 Apr 2026 21:15:13 UTC"
"12 Apr 2026 20:21:57 UTC","26863601142","Order","205-7423901-8999545","304113-P224-UK","VIVOSUN Pro Grow Tent 60x60x120 CM (24""x24""x48""), with Thick 22 mm Poles, 2000D Oxford Fabric with Highly Reflective Mylar Extra Hanging Poles for Hyd","1","amazon.co.uk","Amazon","BARNET","Hertfordshire","EN4 8","MarketplaceFacilitator","55.41","11.08","0","0","0","0","0","0","-11.08","-9.97","-5.55","-0.31","0","39.58","Released","20 Apr 2026 17:53:53 UTC"
"12 Apr 2026 20:25:59 UTC","26863601142","Order","203-6851926-2431562","306143-0412-UK-N","VIVOSUN 4 Inch Air Carbon Filter Odor Control with Australia Virgin Charcoal for Inline Fan, Grow Tent Odor Scrubber Indoor Hydroponics, Pre-filter In","1","amazon.co.uk","Amazon","Fareham","Hampshire","PO15 5","MarketplaceFacilitator","26.82","5.37","0","0","0","0","0","0","-5.37","-4.83","-3.34","-0.17","0","18.48","Released","20 Apr 2026 20:50:33 UTC"
"12 Apr 2026 20:28:29 UTC","26863601142","Order","202-4071127-3041949","VSF-AWE6-UK-FBM","VIVOSUN AeroWave E6 6-Inch Clip-on Fan, Patented Portable Indoor Fan with Clip, Strong Airflow but Low Noise, 10 Speeds & 2 Modes IP-54, and Fully-Adj","1","amazon.co.uk","Seller","CROSBY","Merseyside","L23 7","MarketplaceFacilitator","31.24","6.25","0","0","0","0","0","0","-6.25","-5.62","0","-0.11","0","25.51","Released","22 Apr 2026 23:01:17 UTC"
"12 Apr 2026 20:51:37 UTC","26863601142","Order","026-2326102-0390754","TN-33-UK","VIVOSUN Garden Netting 90 x 90 cm Elastic Trellis Net with 4 Hooks Trellis Net for Climbing Plants Vegetables Fruits and Flowers","1","amazon.co.uk","Amazon","ABINGDON","","OX13 6","MarketplaceFacilitator","11.43","2.29","0","0","0","0","0","0","-2.29","-2.06","-2.42","-0.09","0","6.86","Released","20 Apr 2026 15:49:32 UTC"
"12 Apr 2026 21:11:19 UTC","26863601142","Order","204-3045124-6318763","VSV-AZT6-UK","VIVOSUN AeroZesh T6 Inline Duct Fan 6 inch/150 mm Extractor Fan 693 m³/h with E12 Speed Controller and Entirely Programmable PWM-Controlled EC Fan fo","1","amazon.co.uk","Amazon","AXMINSTER","","EX13 7","MarketplaceFacilitator","66.49","13.30","0","0","0","0","0","0","-13.30","-11.97","-3.38","-0.31","0","50.83","Released","20 Apr 2026 23:15:41 UTC"
"12 Apr 2026 21:25:46 UTC","26863601142","Order","203-7473103-8657138","COMBO-01-UK-FBM","VIVOSUN Digital PH Meter, 3-in-1TDS EC and Temperature Meter, Plant Soil MoistureTester Combo for Home, Garden, Hydroponics, Aquariums, Labs","1","amazon.co.uk","Seller","DERBY","","DE23 3","MarketplaceFacilitator","13.74","2.75","0","0","0","0","0","0","-2.75","-2.14","0","-0.04","0","11.56","Released","22 Apr 2026 22:46:04 UTC"
"12 Apr 2026 21:46:46 UTC","26863601142","Order","204-5788091-4345943","304113-3018-UK-FBM","VIVOSUN Grow Tent 75x45x90 CM (30""x18""x36""), High Reflective Mylar with Observation Window and Floor Tray for Hydroponics Indoor Plant for VS1000","1","amazon.co.uk","Seller","EASTBOURNE","","BN22 8","MarketplaceFacilitator","45.74","9.15","0","0","0","0","0","0","-9.15","-8.23","0","-0.16","0","37.35","Released","22 Apr 2026 20:07:18 UTC"
"12 Apr 2026 22:21:10 UTC","26863601142","Order","204-9386002-2000320","304113-33-UK","VIVOSUN Grow Tent 90x90x180 CM (36''x36''x72''), Made of Highly Reflective Mylar with Viewing Window and Base Tray for Hydroponics Seedling Indoor Pla","1","amazon.co.uk","Amazon","LONDON","","N21 3","MarketplaceFacilitator","81.66","16.33","0","0","0","0","0","0","-16.33","-14.70","-5.70","-0.40","0","60.86","Released","20 Apr 2026 17:29:37 UTC"
"12 Apr 2026 22:21:35 UTC","26863601142","Order","203-3831862-7946763","311001-3x5-UK-N","VIVOSUN Grow Bags 5 Pack 12L, Heavy Duty Thickened Nonwoven Fabric Pots with Strong Handles for Vegetables, Flowers, Fruits, Greenhouse and Garden","1","amazon.co.uk","Amazon","MALDON","","CM9 5","MarketplaceFacilitator","11.32","2.27","0","0","0","0","0","0","-2.27","-2.04","-3.15","-0.10","0","6.03","Released","20 Apr 2026 23:21:00 UTC"
"12 Apr 2026 22:43:39 UTC","26863601142","Order","205-6363989-1295512","VSGB-25-UK-FBM","VIVOSUN Grow Bags 5-Pack 95L, 500G Thick Nonwoven Fabric Pots with Strap Handles, Multi-Purpose Rings, for Low Stress Plant Training Fruits, Vegetable","1","amazon.co.uk","Seller","LEAMINGTON SPA","Warks","CV32 4","MarketplaceFacilitator","20.99","4.20","0","0","0","0","0","0","-4.20","-3.78","0","-0.08","0","17.13","Released","23 Apr 2026 23:20:49 UTC"
"12 Apr 2026 23:13:58 UTC","26863601142","Order","206-6759942-6633933","305140-PEN-UK","VIVOSUN Digital pH and TDS Meter Kits, 0.01pH High Accuracy Pen Type pH Meter ± 2% Readout Accuracy 3-in-1 TDS EC Temperature Meter for Hydroponics,","1","amazon.co.uk","Seller","POOLE","","BH17 8","MarketplaceFacilitator","19.99","4.00","0","0","0","0","0","0","-4.00","-3.60","0","-0.07","0","16.32","Released","23 Apr 2026 15:56:44 UTC"
"12 Apr 2026 23:24:36 UTC","26777203122","Adjustment","203-7218030-5317967","VS-THB1-UK","FBA Inventory Reimbursement - Customer Return","1","","","","","","","0","0","0","0","0","0","0","0","0","0","0","0","5.72","5.72","Released","12 Apr 2026 23:24:36 UTC"
"13 Apr 2026 00:10:38 UTC","26863601142","Order","204-8696112-6588310","306201PVC-4-UK","VIVOSUN Inline Duct Fan 4 Inch 190 CFM with Speed Controller, 4 Inch Carbon Filter and 8 Feet of Ducting, Temperature Humidity Monitor for Grow Tent,","1","amazon.co.uk","Seller","WISHAW","North Lanarkshire","ML2 7","MarketplaceFacilitator","66.07","13.22","0","0","0","0","0","0","-13.22","-11.89","0","-0.24","0","53.94","Released","21 Apr 2026 11:31:30 UTC"
"13 Apr 2026 00:35:38 UTC","26863601142","Order","203-9216129-5976303","VSV-AZG6-UK","VIVOSUN AeroZesh G6 Inline Duct Fan 6inch/150 mm Extractor Fan 660 m³/h with E12 Speed Controller and Entirely Programmable PWM-Controlled EC Fan for","1","amazon.co.uk","Amazon","CHELMSFORD","","CM1 2","MarketplaceFacilitator","55.41","11.08","0.83","0.17","0","0","-0.83","-0.17","-11.08","-9.97","-3.38","-0.27","0","41.79","Released","20 Apr 2026 23:59:55 UTC"
"13 Apr 2026 02:52:27 UTC","26863601142","Order","202-1946494-0579541","SPray-08L-R-UK","VIVOSUN 0.8 L Hand Sprayer with Adjustable Brass Nozzle for Garden and Lawn Care, Pump Sprayer Garden Sprayer for Plant Spraying, Car Care and Other C","1","amazon.co.uk","Amazon","BROMSGROVE","Worcestershire","B60 1","MarketplaceFacilitator","12.66","2.53","0","0","0","0","0","0","-2.53","-2.28","-3.35","-0.12","0","6.91","Released","20 Apr 2026 20:25:13 UTC"
"13 Apr 2026 03:02:21 UTC","26863601142","Order","203-3625090-6729910","311003-5-UK","VIVOSUN Gardening Scissors 6.5 Inch Hand Pruner Shear with Titanium Coated Blades, Pruning Shear for Plants, Flowers, Hedges 1-Pack Blue","1","amazon.co.uk","Amazon","Bristol","","BS13 7","MarketplaceFacilitator","4.46","0.89","0","0","0","0","0","0","-0.89","-0.80","-1.67","-0.05","0","1.94","Released","20 Apr 2026 23:40:23 UTC"
"13 Apr 2026 03:13:11 UTC","26863601142","Order","205-7232429-7223526","311003-5-UK","VIVOSUN Gardening Scissors 6.5 Inch Hand Pruner Shear with Titanium Coated Blades, Pruning Shear for Plants, Flowers, Hedges 1-Pack Blue","1","amazon.co.uk","Amazon","Oxford","Oxfordshire","OX1 5","MarketplaceFacilitator","4.46","0.89","0.62","0.13","0","0","-0.62","-0.13","-0.89","-0.80","-1.67","-0.05","0","1.94","Released","20 Apr 2026 23:18:40 UTC"
"13 Apr 2026 04:02:15 UTC","26863601142","Order","026-9889524-7997935","VSV-AZG6-UK","VIVOSUN AeroZesh G6 Inline Duct Fan 6inch/150 mm Extractor Fan 660 m³/h with E12 Speed Controller and Entirely Programmable PWM-Controlled EC Fan for","1","amazon.co.uk","Amazon","DEWSBURY","","WF13 2","MarketplaceFacilitator","55.41","11.08","0","0","0","0","0","0","-11.08","-9.97","-3.38","-0.27","0","41.79","Released","20 Apr 2026 21:01:57 UTC"
"13 Apr 2026 07:49:57 UTC","26863601142","Order","205-7462742-5445150","333101-G2J-UK-FBM","VIVOSUN Grow Room Glasses, LED Safety Goggles for Indoor Grow Tents and Hydroponics with UVA&UVB Protect, Incl. Glasses Case, 2-Pack","3","amazon.co.uk","Seller","DUNDEE","","DD2 5","MarketplaceFacilitator","86.97","0","0","0","0","0","0","0","0","-13.05","0","-0.26","0","73.66","Released","23 Apr 2026 12:38:21 UTC"
"13 Apr 2026 08:49:04 UTC","26777203122","Liquidations","149996050761552","X0022UCHDH","VIVOSUN Inline Duct Fan 6 Inch 440 CFM with Variable Speed Control for Grow Tent, Ventilation, Plant Tent, Indoor, Garden, Ventilation Fan, Z6 Pipe Fan, Black","1","","","","","","","7.00","1.40","0","0","0","0","0","0","0","0","0","-4.23","0","4.17","Deferred",
"13 Apr 2026 09:33:34 UTC","26777203122","FBA Inventory Fee","Dis-0410-2","","FBA Disposal Fee","","Amazon.co.uk","","","","","","0","0","0","0","0","0","0","0","0","0","0","0","-2.28","-2.28","Released","13 Apr 2026 09:33:34 UTC"
"13 Apr 2026 09:34:00 UTC","26777203122","FBA Inventory Fee","Dis-0410-2","","FBA Disposal Fee","","Amazon.co.uk","","","","","","0","0","0","0","0","0","0","0","0","0","0","0","-0.74","-0.74","Released","13 Apr 2026 09:34:00 UTC"
"13 Apr 2026 09:34:43 UTC","26863601142","Order","206-4070155-0757955","304113-3018-UK-FBM","VIVOSUN Grow Tent 75x45x90 CM (30""x18""x36""), High Reflective Mylar with Observation Window and Floor Tray for Hydroponics Indoor Plant for VS1000","1","amazon.co.uk","Seller","BEAUMARIS","Anglesey","LL58 8","MarketplaceFacilitator","45.74","9.15","0","0","0","0","0","0","-9.15","-8.23","0","-0.16","0","37.35","Released","23 Apr 2026 00:01:38 UTC"
"13 Apr 2026 10:55:39 UTC","26863601142","Order","202-0446227-4075523","TN-44-UK-FBM","VIVOSUN Garden Netting 120 x 120 cm, Elastic Trellis Net with 4 Hooks for Climbing Plants Vegetables Fruits and Flowers","1","amazon.co.uk","Seller","DENHAM","","UB9 5","MarketplaceFacilitator","12.74","2.55","0","0","0","0","0","0","-2.55","-2.29","0","-0.05","0","10.40","Released","23 Apr 2026 22:43:42 UTC"
"13 Apr 2026 11:11:04 UTC","26863601142","Order","206-5594979-4097921","305131-PEN-UK-M","VIVOSUN Digital pH Meter, 0.01pH High Accuracy Pen Type pH Tester for Hydroponics, Household Drinking, Pool and Aquarium, UL Certified","1","amazon.co.uk","Seller","WANTAGE","","OX12 8","MarketplaceFacilitator","8.29","1.66","0","0","0","0","0","0","-1.66","-1.49","0","-0.03","0","6.77","Released","24 Apr 2026 17:39:27 UTC"
"13 Apr 2026 12:15:49 UTC","26863601142","Order","026-4321260-9929141","VSGB-5-UK-FBM","VIVOSUN Grow Bags 5-Pack 20L, 500G Thick Nonwoven Fabric Pots with Strap Handles, Multi-Purpose Rings, for Low Stress Plant Training Fruits, Vegetable","1","amazon.co.uk","Seller","Stockport","Cheshire","SK4 3","MarketplaceFacilitator","11.87","2.37","0","0","0","0","0","0","-2.37","-2.14","0","-0.04","0","9.69","Released","24 Apr 2026 00:00:40 UTC"
"13 Apr 2026 14:58:11 UTC","26863601142","Order","206-3317233-1561915","305140-PEN-UK","VIVOSUN Digital pH and TDS Meter Kits, 0.01pH High Accuracy Pen Type pH Meter ± 2% Readout Accuracy 3-in-1 TDS EC Temperature Meter for Hydroponics,","1","amazon.co.uk","Seller","SHEFFORD","Beds","SG17 5","MarketplaceFacilitator","19.99","4.00","0","0","0","0","0","0","-4.00","-3.60","0","-0.07","0","16.32","Released","23 Apr 2026 22:35:50 UTC"
"13 Apr 2026 15:40:46 UTC","26863601142","Order","202-2269170-7754757","SGS-SE1T4E42A-UK","VIVOSUN SGS Air Filtration Kit 100mm Inline Duct Fan with GrowHub E42A Temperature & Humidity WiFi-Controller，and Grow Light 100W LED for Grow Tents","1","amazon.co.uk","Seller","BRISTOL","","BS4 2","","259.99","0","0","0","0","0","-78.00","0","0","-27.30","0","-0.55","0","154.14","Released","23 Apr 2026 17:14:18 UTC"
"13 Apr 2026 15:48:06 UTC","26863601142","Order","026-6378843-2158708","330701-01-UK","VIVOSUN Garden Netting 5 x 15ft. Plant Trellis Netting, Heavy-Duty Polyester Grow Net, Garden Trellis Netting with Square Mesh for Climbing Plants, Ve","1","amazon.co.uk","Amazon","Forest","Guernsey","GY80","","6.05","0","0","0","0","0","0","0","0","-1.09","-1.67","-0.05","0","3.24","Released","22 Apr 2026 20:58:39 UTC"
"13 Apr 2026 15:59:25 UTC","26863601142","Order","204-8234568-0704366","305130-PEN-UK-FBM","VIVOSUN Digital pH and TDS Meter Kits, 0.01pH High Accuracy Pen Type pH Meter ± 2% Readout Accuracy 3-in-1 TDS EC Temperature Meter for Hydroponics,","1","amazon.co.uk","Seller","AYLESBURY","","HP19 9","MarketplaceFacilitator","13.32","2.67","0","0","0","0","0","0","-2.67","-2.40","0","-0.05","0","10.87","Released","23 Apr 2026 20:39:17 UTC"
"13 Apr 2026 16:32:56 UTC","26863601142","Order","202-2399047-8452359","304113-P276-UK","VIVOSUN Pro Grow Tent 80x80x160 CM (32""x32""x63""), with Thick 22 mm Poles, 2000DOxford Fabric with Highly Reflective Mylar Extra Hanging Poles, Growbox","1","amazon.co.uk","Amazon","NORTHOLT","Middx","UB5 6","MarketplaceFacilitator","72.03","14.41","0","0","0","0","0","0","-14.41","-12.97","-6.00","-0.38","0","52.68","Released","21 Apr 2026 17:55:11 UTC"
"13 Apr 2026 16:43:19 UTC","26863601142","Order","204-6675705-6905908","330701-01-UK","VIVOSUN Garden Netting 5 x 15ft. Plant Trellis Netting, Heavy-Duty Polyester Grow Net, Garden Trellis Netting with Square Mesh for Climbing Plants, Ve","1","amazon.co.uk","Amazon","DARWEN","","BB3 2","MarketplaceFacilitator","6.05","1.21","0","0","0","0","0","0","-1.21","-1.09","-1.67","-0.05","0","3.24","Released","21 Apr 2026 23:50:47 UTC"
"13 Apr 2026 17:10:16 UTC","26863601142","Order","202-3108490-8251531","VSGB-10-UK-FBM","VIVOSUN Grow Bags 5-Pack 40L, 500G Thick Nonwoven Fabric Pots with Strap Handles, Multi-Purpose Rings, for Low Stress Plant Training Fruits, Vegetable","2","amazon.co.uk","Seller","Sissinghurst , Cranbrook","Kent","TN17 2","MarketplaceFacilitator","26.82","5.36","0","0","0","0","0","0","-5.36","-4.82","0","-0.10","0","21.90","Released","23 Apr 2026 09:10:34 UTC"
"13 Apr 2026 17:18:19 UTC","26863601142","Order","202-2915629-7330762","330701-01-UK","VIVOSUN Garden Netting 5 x 15ft. Plant Trellis Netting, Heavy-Duty Polyester Grow Net, Garden Trellis Netting with Square Mesh for Climbing Plants, Ve","1","amazon.co.uk","Amazon","WAKEFIELD","West yorkshire","WF4 3","MarketplaceFacilitator","6.05","1.21","0","0","0","0","0","0","-1.21","-1.09","-1.67","-0.05","0","3.24","Released","21 Apr 2026 20:56:37 UTC"
"13 Apr 2026 17:54:42 UTC","26863601142","Order","204-0811489-8624357","304113-P276-UK","VIVOSUN Pro Grow Tent 80x80x160 CM (32""x32""x63""), with Thick 22 mm Poles, 2000DOxford Fabric with Highly Reflective Mylar Extra Hanging Poles, Growbox","1","amazon.co.uk","Amazon","WORTHING","","BN13 1","MarketplaceFacilitator","72.03","14.41","0","0","0","0","0","0","-14.41","-12.97","-6.00","-0.38","0","52.68","Released","21 Apr 2026 22:59:34 UTC"
"13 Apr 2026 19:10:41 UTC","26948042122","Order","205-4427246-9514730","306143-0412-UK-N","VIVOSUN 4 Inch Air Carbon Filter Odor Control with Australia Virgin Charcoal for Inline Fan, Grow Tent Odor Scrubber Indoor Hydroponics, Pre-filter In","1","amazon.co.uk","Amazon","Grimsby","Grimsby","DN31 1","","26.82","5.36","0","0","0","0","0","0","0","-4.83","-3.34","0","0","24.01","Released","9 May 2026 09:57:42 UTC"
"13 Apr 2026 19:15:41 UTC","26863601142","Order","026-8815279-0530719","311001-25x5-UK-FBM","VIVOSUN Plant Grow Bags 5 Pack 100L, Heavy Duty Thickened Nonwoven Fabric Pots with Strong Handles, Reusable Breathable Garden Growing Containers for","2","amazon.co.uk","Seller","BARNSLEY","","S72 8","MarketplaceFacilitator","49.98","10.00","0","0","0","0","0","0","-10.00","-9.00","0","-0.18","0","40.80","Released","23 Apr 2026 22:18:54 UTC"
"13 Apr 2026 19:29:21 UTC","26863601142","Order","203-4704895-3840368","TN-22-UK","VIVOSUN Garden Netting 60 x 60 cm, Elastic Trellis Net with 4 Hooks Trellis Net for Climbing Plants Vegetables Fruits and Flowers","1","amazon.co.uk","Amazon","ABERDEEN","","AB16 7","MarketplaceFacilitator","8.74","1.75","0","0","0","0","0","0","-1.75","-1.57","-2.42","-0.08","0","4.67","Released","22 Apr 2026 17:25:13 UTC"
"13 Apr 2026 19:34:33 UTC","26863601142","Order","203-2912816-3360308","306104-42C-UK","VIVOSUN Non-Insulated Flex Air Aluminum Ducting, 2-Pack 4 Inch 25 Feet Dryer Vent Hose for HVAC Ventilation with Four Stainless Steel Clamps","1","amazon.co.uk","Seller","GRANTHAM","","NG33 5","MarketplaceFacilitator","30.82","6.17","0","0","0","0","-4.62","-0.93","-5.24","-4.09","0","-0.08","0","22.03","Released","23 Apr 2026 12:51:35 UTC"
"13 Apr 2026 20:10:18 UTC","26863601142","Order","204-4964366-6119516","311001-3x5-UK-N","VIVOSUN Grow Bags 5 Pack 12L, Heavy Duty Thickened Nonwoven Fabric Pots with Strong Handles for Vegetables, Flowers, Fruits, Greenhouse and Garden","1","amazon.co.uk","Amazon","Swansea","W.Glam.","SA9 1","MarketplaceFacilitator","11.32","2.27","0","0","0","0","0","0","-2.27","-2.04","-3.15","-0.10","0","6.03","Released","22 Apr 2026 00:15:18 UTC"
"13 Apr 2026 20:28:07 UTC","26863601142","Order","204-5684634-1853946","VSGB-15-UK-FBM","VIVOSUN Grow Bags 5-Pack 60L, 500G Thick Nonwoven Fabric Pots with Strap Handles, Multi-Purpose Rings, for Low Stress Plant Training Fruits, Vegetable","1","amazon.co.uk","Seller","SIDCUP","","DA14 5","MarketplaceFacilitator","14.57","2.92","0","0","0","0","0","0","-2.92","-2.62","0","-0.05","0","11.90","Released","23 Apr 2026 21:41:16 UTC"
"13 Apr 2026 20:45:05 UTC","26863601142","Order","204-5015119-8661909","311001-3x5-UK-N","VIVOSUN Grow Bags 5 Pack 12L, Heavy Duty Thickened Nonwoven Fabric Pots with Strong Handles for Vegetables, Flowers, Fruits, Greenhouse and Garden","1","amazon.co.uk","Amazon","FLEETWOOD","lancashire","FY7 7","MarketplaceFacilitator","11.32","2.27","0","0","0","0","0","0","-2.27","-2.04","-3.15","-0.10","0","6.03","Released","21 Apr 2026 22:03:20 UTC"
"13 Apr 2026 21:10:48 UTC","26863601142","Order","026-1976384-9085119","VSGB-15-UK-FBM","VIVOSUN Grow Bags 5-Pack 60L, 500G Thick Nonwoven Fabric Pots with Strap Handles, Multi-Purpose Rings, for Low Stress Plant Training Fruits, Vegetable","1","amazon.co.uk","Seller","NORTH SHIELDS","","NE30 3","MarketplaceFacilitator","14.57","2.92","0","0","0","0","0","0","-2.92","-2.62","0","-0.05","0","11.90","Released","23 Apr 2026 21:54:08 UTC"
"13 Apr 2026 21:19:19 UTC","26863601142","Order","202-1753875-9797968","304113-P224-UK","VIVOSUN Pro Grow Tent 60x60x120 CM (24""x24""x48""), with Thick 22 mm Poles, 2000D Oxford Fabric with Highly Reflective Mylar Extra Hanging Poles for Hyd","1","amazon.co.uk","Amazon","CHELTENHAM","Gloucestershire","GL52 8","MarketplaceFacilitator","55.41","11.08","0","0","0","0","0","0","-11.08","-9.97","-5.55","-0.31","0","39.58","Released","21 Apr 2026 15:53:25 UTC"
"13 Apr 2026 22:16:22 UTC","26863601142","Order","204-4781700-0307536","306201P-6-UK","VIVOSUN Inline Duct Fan 6 Inch 390 CFM EC Motor with Speed Controller, Quiet Pipe Fan, R6 Pipe Fan for Grow Tent, Greenhouse Ventilation","1","amazon.co.uk","Amazon","DARTFORD","DARTFORD","DA1 5","","43.71","8.74","0","0","0","0","0","0","0","-7.87","-3.38","0","0","41.20","Released","23 Apr 2026 19:15:02 UTC"
"13 Apr 2026 22:47:36 UTC","26863601142","Order","026-7835817-7116323","LH-001-2-UK","VIVOSUN 2-Pair 1/8 Inch Adjustable Grow Light Hangers, Heavy Duty Rope Hanger with Reinforced Metal Gears, 8Ft. Long and 150 lbs Weight Capacity Rope","1","amazon.co.uk","Amazon","GRAVESEND","Kent","DA11 9","MarketplaceFacilitator","7.47","1.49","0","0","0","0","0","0","-1.49","-1.34","-2.65","-0.08","0","3.40","Released","21 Apr 2026 17:28:11 UTC"
"13 Apr 2026 23:02:17 UTC","26863601142","Order","202-2652369-3844302","305130-PEN-UK-FBM","VIVOSUN Digital pH and TDS Meter Kits, 0.01pH High Accuracy Pen Type pH Meter ± 2% Readout Accuracy 3-in-1 TDS EC Temperature Meter for Hydroponics,","1","amazon.co.uk","Seller","SHEFFIELD","","S8 8","MarketplaceFacilitator","13.32","2.67","0","0","0","0","0","0","-2.67","-2.40","0","-0.05","0","10.87","Released","23 Apr 2026 21:54:53 UTC"
"13 Apr 2026 23:17:44 UTC","26863601142","Order","026-7687052-3386747","311003-5-UK","VIVOSUN Gardening Scissors 6.5 Inch Hand Pruner Shear with Titanium Coated Blades, Pruning Shear for Plants, Flowers, Hedges 1-Pack Blue","1","amazon.co.uk","Amazon","BRIGHTON","","BN1 6","MarketplaceFacilitator","4.46","0.89","0","0","0","0","0","0","-0.89","-0.80","-1.67","-0.05","0","1.94","Released","21 Apr 2026 15:28:30 UTC"
"13 Apr 2026 23:53:24 UTC","26863601142","Order","206-2317793-1415524","VSE-ASH05-UK-FBM","VIVOSUN AeroStream H05 Intelligent Wi-Fi Humidifier 5 L, Plant Humidifier with Temp & Humidity Probe, Smart Remote VPD Control, Designed for Growers G","1","amazon.co.uk","Seller","PETERBOROUGH","","PE7 7","","69.99","0","0","0","0","0","0","0","0","-10.50","0","-0.21","0","59.28","Released","23 Apr 2026 21:56:29 UTC"
"13 Apr 2026 23:53:24 UTC","26863601142","Order","206-2317793-1415524","VSA100SE-UK-FBM","VIVOSUN AeroLight A100SE, LED Grow Light 100W for Indoor Plants with Integrated Circulation Fan, Compatible with App and Growhub Controller E42A/E25 t","1","amazon.co.uk","Seller","PETERBOROUGH","","PE7 7","","109.99","0","0","0","0","0","0","0","0","-16.50","0","-0.33","0","93.16","Released","23 Apr 2026 21:56:29 UTC"
"13 Apr 2026 23:53:24 UTC","26863601142","Order","206-2317793-1415524","VSF-AWE6-UK-FBM","VIVOSUN AeroWave E6 6-Inch Clip-on Fan, Patented Portable Indoor Fan with Clip, Strong Airflow but Low Noise, 10 Speeds & 2 Modes IP-54, and Fully-Adj","1","amazon.co.uk","Seller","PETERBOROUGH","","PE7 7","","37.49","0","0","0","0","0","0","0","0","-5.62","0","-0.11","0","31.76","Released","23 Apr 2026 21:56:29 UTC"
"14 Apr 2026 01:29:24 UTC","26863601142","Order","203-4718326-1589931","304113-42-UK","VIVOSUN Grow Tent 120x60x150 CM (48""x24""x60""), Made of Highly Reflective Mylar, with Viewing Window and Base Tray for Hydroponics and Indoor Growing,","1","amazon.co.uk","Amazon","MANCHESTER","","M34 5","MarketplaceFacilitator","72.19","14.44","1.87","0.37","0","0","-1.87","-0.37","-14.44","-12.99","-12.36","-0.51","0","46.33","Released","21 Apr 2026 20:04:42 UTC"
"14 Apr 2026 01:46:25 UTC","26863601142","Order","202-3588292-1830727","311003-5-UK","VIVOSUN Gardening Scissors 6.5 Inch Hand Pruner Shear with Titanium Coated Blades, Pruning Shear for Plants, Flowers, Hedges 1-Pack Blue","1","amazon.co.uk","Amazon","CAIRNDOW","Argyll","PA268","MarketplaceFacilitator","4.46","0.89","0","0","0","0","0","0","-0.89","-0.80","-1.67","-0.05","0","1.94","Released","21 Apr 2026 18:35:16 UTC"
"14 Apr 2026 03:11:03 UTC","26863601142","Order","202-4648485-9090739","VSV-AZG6-UK","VIVOSUN AeroZesh G6 Inline Duct Fan 6inch/150 mm Extractor Fan 660 m³/h with E12 Speed Controller and Entirely Programmable PWM-Controlled EC Fan for","1","amazon.co.uk","Amazon","MENAI BRIDGE","","LL59 5","MarketplaceFacilitator","55.41","11.08","0","0","0","0","0","0","-11.08","-9.97","-3.38","-0.27","0","41.79","Released","22 Apr 2026 21:03:32 UTC"
"14 Apr 2026 04:11:33 UTC","26863601142","Order","205-1503889-5198703","VSV-AZT4-UK","VIVOSUN AeroZesh T4 Inline Duct Fan 4inch/100 mm Extractor Fan 357 m³/h with E12 Speed Controller and Fully Programmable PWM-Controlled EC Quiet Vent","1","amazon.co.uk","Amazon","BURTON-ON-TRENT","","DE15 0","MarketplaceFacilitator","55.41","11.08","0","0","0","0","0","0","-11.08","-9.97","-3.37","-0.27","0","41.80","Released","21 Apr 2026 18:02:33 UTC"
"14 Apr 2026 04:20:53 UTC","26863601142","Order","206-0244673-7775553","VSH-IS03-UK","VIVOSUN Solar Automatic Drip Irrigation Kits with Timer, 3W Output, Solar Powered Auto Drip Irrigation System, 15 Pots Garden Plant Watering System, P","1","amazon.co.uk","Amazon","CRAWLEY","W Sussex","RH10 4","MarketplaceFacilitator","21.56","4.31","0","0","0","0","-6.47","-1.29","-3.02","-2.72","-3.15","-0.11","0","9.11","Released","21 Apr 2026 22:09:48 UTC"
"14 Apr 2026 05:30:09 UTC","26777203122","Refund","205-3726327-4526730","VSE-ATW70-UK-FBM","VIVOSUN AeroFlux Smart Grow Tent Heater, 700W PTC Heater with Thermostat, VPD Monitoring, App control, Overheating Protection, and Extension Hose, for","1","amazon.co.uk","Seller","NOTTINGHAM","","NG13 0","","-109.99","0","0","0","0","0","0","0","0","13.20","0","0.33","0","-96.46","Released","14 Apr 2026 05:30:09 UTC"
"14 Apr 2026 06:34:58 UTC","26863601142","Order","203-5113592-4152347","311005-3-UK-FBM","VIVOSUN 5L Pump Pressure Sprayer, Pressurized Lawn & Garden Water Spray Bottle with Adjustable Shoulder Strap, for Spraying Plants, Garden Watering an","1","amazon.co.uk","Seller","WINSFORD","Cheshire","CW7 3","MarketplaceFacilitator","29.99","6.00","0","0","0","0","0","0","-6.00","-5.40","0","-0.11","0","24.48","Released","23 Apr 2026 20:35:34 UTC"
"14 Apr 2026 09:42:40 UTC","26863601142","Order","205-1257082-6326709","VSVC-AZT4-UK-FBM","VIVOSUN Duct Fan 100 mm Extractor Fan 357 m³/h with E12 Speed Control Carbon Filter & 240 cm Air Duct AeroZesh T4 Exhaust Set Cooling and Ventilation","1","amazon.co.uk","Seller","Aylesford","Kent","ME20 7","MarketplaceFacilitator","71.16","14.23","0","0","0","0","0","0","-14.23","-12.81","0","-0.26","0","58.09","Released","22 Apr 2026 22:29:03 UTC"
"14 Apr 2026 09:42:40 UTC","26863601142","Order","205-1257082-6326709","304113-21-UK-FBM","VIVOSUN Grow Tent 60x60x90 CM (24""x24""x36"") High Reflective Mylar with Observation Window and Floor Tray for Hydroponics Indoor Plant for VS1000","1","amazon.co.uk","Seller","Aylesford","Kent","ME20 7","MarketplaceFacilitator","54.46","10.89","0","0","0","0","0","0","-10.89","-9.80","0","-0.20","0","44.46","Released","22 Apr 2026 22:29:03 UTC"
"14 Apr 2026 10:01:46 UTC","26863601142","Order","026-3764063-5213134","VSGB-5-UK-FBM","VIVOSUN Grow Bags 5-Pack 20L, 500G Thick Nonwoven Fabric Pots with Strap Handles, Multi-Purpose Rings, for Low Stress Plant Training Fruits, Vegetable","2","amazon.co.uk","Seller","BRISTOL","Avon","BS16 4","MarketplaceFacilitator","23.74","4.74","0","0","0","0","0","0","-4.74","-4.28","0","-0.09","0","19.37","Released","23 Apr 2026 21:40:23 UTC"
"14 Apr 2026 10:02:08 UTC","26863601142","Order","026-3766450-9249921","GT-Pole-UK-M","VIVOSUN Grow Tent High CFM Kit, Green Pole Range of 24""-48"", Suitable for 2'x2', 3'x3', 4'x2' and 4'x4'Grow Tent, 4-Pack","1","amazon.co.uk","Seller","CHELTENHAM","","GL50 4","MarketplaceFacilitator","33.32","6.67","0","0","0","0","0","0","-6.67","-6.00","0","-0.12","0","27.20","Released","23 Apr 2026 22:42:22 UTC"
"14 Apr 2026 13:04:15 UTC","26863601142","Order","204-8846852-4916313","VSGB-25-UK-FBM","VIVOSUN Grow Bags 5-Pack 95L, 500G Thick Nonwoven Fabric Pots with Strap Handles, Multi-Purpose Rings, for Low Stress Plant Training Fruits, Vegetable","1","amazon.co.uk","Seller","NORTH WALSHAM","Norfolk","NR28 9","MarketplaceFacilitator","20.99","4.20","0","0","0","0","0","0","-4.20","-3.78","0","-0.08","0","17.13","Released","23 Apr 2026 23:21:57 UTC"
"14 Apr 2026 13:52:50 UTC","26863601142","Order","202-5188960-2319515","306201PVC-4-UK","VIVOSUN Inline Duct Fan 4 Inch 190 CFM with Speed Controller, 4 Inch Carbon Filter and 8 Feet of Ducting, Temperature Humidity Monitor for Grow Tent,","1","amazon.co.uk","Seller","PORTLAND","","DT5 2","MarketplaceFacilitator","66.07","13.22","0","0","0","0","0","0","-13.22","-11.89","0","-0.24","0","53.94","Released","24 Apr 2026 20:58:43 UTC"
"14 Apr 2026 14:04:45 UTC","26863601142","Order","206-3576540-2534747","VSGB-7-UK-M","VIVOSUN Grow Bags 5-Pack 30L, 500G Thick Nonwoven Fabric Pots with Strap Handles, Multi-Purpose Rings, for Low Stress Plant Training Fruits, Vegetable","2","amazon.co.uk","Seller","HARROGATE","","HG3 3","MarketplaceFacilitator","24.48","4.90","0","0","0","0","0","0","-4.90","-4.40","0","-0.09","0","19.99","Released","24 Apr 2026 15:24:33 UTC"
"14 Apr 2026 14:35:12 UTC","26863601142","Order","206-0757695-2346736","VSV-AZT4E42A-UK","VIVOSUN Inline Duct Fan 4 inch/100 mm with E42A WiFi-App Controller, Quiet Extractor Fan 357 m³/h with EC Motor Exhaust Fan for Heating, Cooling, Gre","1","amazon.co.uk","Amazon","PETERBOROUGH","","PE7 7","MarketplaceFacilitator","75.82","15.17","0","0","0","0","0","0","-15.17","-13.65","-3.54","-0.34","0","58.29","Released","22 Apr 2026 21:45:49 UTC"
"14 Apr 2026 14:57:33 UTC","26863601142","Order","206-0757695-2346736","304113-42-UK","VIVOSUN Grow Tent 120x60x150 CM (48""x24""x60""), Made of Highly Reflective Mylar, with Viewing Window and Base Tray for Hydroponics and Indoor Growing,","1","amazon.co.uk","Amazon","PETERBOROUGH","","PE7 7","MarketplaceFacilitator","72.19","14.44","0","0","0","0","0","0","-14.44","-12.99","-12.36","-0.51","0","46.33","Released","23 Apr 2026 00:07:50 UTC"
"14 Apr 2026 15:04:03 UTC","26863601142","Order","202-0645506-0478709","VSF-AWE6Wx2-UK","VIVOSUN AeroWave E6 Grow Tent Fan 6"", EC Motor, Smart Wifi Control, US Patented Auto Oscillating Clip fan, IP54, Strong Airflow but Quiet for Hydropon","1","amazon.co.uk","Amazon","ABERDEEN","","AB25 3","MarketplaceFacilitator","56.79","11.36","0","0","0","0","0","0","-11.36","-10.22","-3.34","-0.27","0","42.96","Released","22 Apr 2026 22:58:35 UTC"
"14 Apr 2026 16:07:40 UTC","26863601142","Order","202-1543030-9493154","304113-3018-UK-FBM","VIVOSUN Grow Tent 75x45x90 CM (30""x18""x36""), High Reflective Mylar with Observation Window and Floor Tray for Hydroponics Indoor Plant for VS1000","1","amazon.co.uk","Seller","Derby","Derbyshire","DE21 2","MarketplaceFacilitator","45.74","9.15","0","0","0","0","0","0","-9.15","-8.23","0","-0.16","0","37.35","Released","24 Apr 2026 11:15:17 UTC"
"14 Apr 2026 16:09:52 UTC","26863601142","Order","026-2055740-8333931","304113-42-UK","VIVOSUN Grow Tent 120x60x150 CM (48""x24""x60""), Made of Highly Reflective Mylar, with Viewing Window and Base Tray for Hydroponics and Indoor Growing,","1","amazon.co.uk","Amazon","SWANLEY","kent","BR88","MarketplaceFacilitator","72.19","14.44","0","0","0","0","0","0","-14.44","-12.99","-12.36","-0.51","0","46.33","Released","22 Apr 2026 19:27:50 UTC"
"14 Apr 2026 16:31:58 UTC","26863601142","Order","203-2768036-3691500","304113-P224-UK","VIVOSUN Pro Grow Tent 60x60x120 CM (24""x24""x48""), with Thick 22 mm Poles, 2000D Oxford Fabric with Highly Reflective Mylar Extra Hanging Poles for Hyd","1","amazon.co.uk","Amazon","PETWORTH","","GU28 0","MarketplaceFacilitator","55.41","11.08","0","0","0","0","0","0","-11.08","-9.97","-5.55","-0.31","0","39.58","Released","22 Apr 2026 23:11:38 UTC"
"14 Apr 2026 17:16:15 UTC","26863601142","Order","206-6713981-6697146","VS1000EX2-UK-FBM","VIVOSUN Grow Lamp 100 W Full Spectrum Plant Lamp with Samsung Diodes Grow Light for Indoor Plants Seedling Vegetative and Flower in 60 x 60 cm, 90 x 9","1","amazon.co.uk","Seller","GUILDFORD","Surrey","GU2 9","MarketplaceFacilitator","116.66","23.33","0","0","0","0","0","0","-23.33","-21.00","0","-0.42","0","95.24","Released","24 Apr 2026 12:50:14 UTC"
"14 Apr 2026 17:30:08 UTC","26948042122","Order","204-6946723-3733156","311001-3x5-UK-N","VIVOSUN Grow Bags 5 Pack 12L, Heavy Duty Thickened Nonwoven Fabric Pots with Strong Handles for Vegetables, Flowers, Fruits, Greenhouse and Garden","1","amazon.co.uk","Amazon","Derby","England","DE74 2","","11.32","2.27","0","0","0","0","0","0","0","-2.04","-3.15","0","0","8.40","Released","1 May 2026 23:25:21 UTC"
"14 Apr 2026 18:06:57 UTC","26863601142","Order","204-9627461-0456332","VSE-UH075-UK-FBM","VIVOSUN AeroStream U075 USB Humidifier, 750ml Cool Mist Mini Humidifier with 2 Mist Modes, Auto Shut-Off, Smart Remote Control, Designed for Grow Tent","1","amazon.co.uk","Seller","LONDON","","EC2Y 9","MarketplaceFacilitator","30.82","6.17","0","0","0","0","0","0","-6.17","-5.55","0","-0.11","0","25.16","Released","24 Apr 2026 22:50:14 UTC"
"14 Apr 2026 18:14:13 UTC","26863601142","Order","203-4204472-2584328","VSGB-10-UK-FBM","VIVOSUN Grow Bags 5-Pack 40L, 500G Thick Nonwoven Fabric Pots with Strap Handles, Multi-Purpose Rings, for Low Stress Plant Training Fruits, Vegetable","1","amazon.co.uk","Seller","WARE","","SG12 7","MarketplaceFacilitator","13.41","2.68","0","0","0","0","0","0","-2.68","-2.41","0","-0.05","0","10.95","Released","24 Apr 2026 22:11:22 UTC"
"14 Apr 2026 18:25:20 UTC","26777203122","Refund","203-8292275-0599557","VSA100SE-E25-UK","VIVOSUN LED Grow Lamp 100 W Full Spectrum Plant Lamp with Integrated Circulation Fan Grow Light Compatible with App, AeroLight A100SE with GrowHub Con","1","amazon.co.uk","Amazon","DONCASTER","","DN12 4","MarketplaceFacilitator","-58.28","-11.66","-1.66","-0.33","0","0","1.66","0.33","11.66","8.39","0","0.21","0","-49.68","Released","14 Apr 2026 18:25:20 UTC"
"14 Apr 2026 18:26:10 UTC","26863601142","Order","206-5230681-5338701","VSGB-25-UK-FBM","VIVOSUN Grow Bags 5-Pack 95L, 500G Thick Nonwoven Fabric Pots with Strap Handles, Multi-Purpose Rings, for Low Stress Plant Training Fruits, Vegetable","1","amazon.co.uk","Seller","HEREFORD","","HR1 4","MarketplaceFacilitator","20.99","4.20","0","0","0","0","0","0","-4.20","-3.78","0","-0.08","0","17.13","Released","24 Apr 2026 15:23:20 UTC"
"14 Apr 2026 19:08:27 UTC","26863601142","Order","026-3178536-5489947","VSF-AWE6-UK-FBM","VIVOSUN AeroWave E6 6-Inch Clip-on Fan, Patented Portable Indoor Fan with Clip, Strong Airflow but Low Noise, 10 Speeds & 2 Modes IP-54, and Fully-Adj","1","amazon.co.uk","Seller","WOLVERHAMPTON","","WV9 5","MarketplaceFacilitator","31.24","6.25","0","0","0","0","0","0","-6.25","-5.62","0","-0.11","0","25.51","Released","24 Apr 2026 20:34:21 UTC"
"14 Apr 2026 19:26:02 UTC","26863601142","Order","203-2138026-1687503","VSGB-7-UK-M","VIVOSUN Grow Bags 5-Pack 30L, 500G Thick Nonwoven Fabric Pots with Strap Handles, Multi-Purpose Rings, for Low Stress Plant Training Fruits, Vegetable","1","amazon.co.uk","Seller","COALVILLE","","LE67 5","MarketplaceFacilitator","12.24","2.45","0","0","0","0","0","0","-2.45","-2.20","0","-0.04","0","10.00","Released","24 Apr 2026 22:33:50 UTC"
"14 Apr 2026 19:26:02 UTC","26863601142","Order","203-2138026-1687503","VSF-AWE6G-UK-FBM","VIVOSUN Grow Fan with Clip, 15 cm/6 Inch Grow Tent Fan, 10 Speeds Smart App Control, IP54 with Automatic Oscillation AeroWave E6 for Grow Tent, Green","1","amazon.co.uk","Seller","COALVILLE","","LE67 5","MarketplaceFacilitator","26.66","5.33","0","0","0","0","0","0","-5.33","-4.80","0","-0.10","0","21.76","Released","24 Apr 2026 22:33:50 UTC"
"14 Apr 2026 19:34:23 UTC","26863601142","Order","202-3097533-7427557","VSGB-15-UK-FBM","VIVOSUN Grow Bags 5-Pack 60L, 500G Thick Nonwoven Fabric Pots with Strap Handles, Multi-Purpose Rings, for Low Stress Plant Training Fruits, Vegetable","1","amazon.co.uk","Seller","LUTTERWORTH","","LE17 5","MarketplaceFacilitator","14.57","2.92","0","0","0","0","0","0","-2.92","-2.62","0","-0.05","0","11.90","Released","24 Apr 2026 22:36:48 UTC"
"14 Apr 2026 19:34:55 UTC","26863601142","Order","203-8789931-7305153","VSGB-10-UK-FBM","VIVOSUN Grow Bags 5-Pack 40L, 500G Thick Nonwoven Fabric Pots with Strap Handles, Multi-Purpose Rings, for Low Stress Plant Training Fruits, Vegetable","2","amazon.co.uk","Seller","RUGELEY","","WS15 2","MarketplaceFacilitator","26.82","5.36","0","0","0","0","0","0","-5.36","-4.82","0","-0.10","0","21.90","Released","24 Apr 2026 08:21:05 UTC"
"14 Apr 2026 20:03:18 UTC","26863601142","Order","206-3861287-4272320","VS1000E-UK-FBM","VIVOSUN Grow Lamp LED 100 W Full Spectrum Plant Lamp with Samsung Diodes Grow Light IP65 for Indoor Plants Seedling Vegetative and Flower in 60 x 60 c","1","amazon.co.uk","Seller","BALLYGOWAN","","BT23 6","MarketplaceFacilitator","52.49","10.50","0","0","0","0","0","0","-10.50","-9.45","0","-0.19","0","42.85","Released","25 Apr 2026 20:59:07 UTC"
"14 Apr 2026 20:03:18 UTC","26863601142","Order","206-3861287-4272320","306201PVC-4-UK","VIVOSUN Inline Duct Fan 4 Inch 190 CFM with Speed Controller, 4 Inch Carbon Filter and 8 Feet of Ducting, Temperature Humidity Monitor for Grow Tent,","1","amazon.co.uk","Seller","BALLYGOWAN","","BT23 6","MarketplaceFacilitator","66.07","13.22","0","0","0","0","0","0","-13.22","-11.89","0","-0.24","0","53.94","Released","25 Apr 2026 20:59:07 UTC"
"14 Apr 2026 20:46:23 UTC","26863601142","Order","205-0172879-1105178","306143-0412-UK-N","VIVOSUN 4 Inch Air Carbon Filter Odor Control with Australia Virgin Charcoal for Inline Fan, Grow Tent Odor Scrubber Indoor Hydroponics, Pre-filter In","1","amazon.co.uk","Amazon","DOVER","KENT","CT16 1","MarketplaceFacilitator","26.82","5.37","0","0","0","0","0","0","-5.37","-4.83","-3.34","-0.17","0","18.48","Released","22 Apr 2026 18:25:43 UTC"
"14 Apr 2026 21:04:53 UTC","26863601142","Order","026-9266848-7221904","330701-01-UK","VIVOSUN Garden Netting 5 x 15ft. Plant Trellis Netting, Heavy-Duty Polyester Grow Net, Garden Trellis Netting with Square Mesh for Climbing Plants, Ve","1","amazon.co.uk","Amazon","REDCAR","","TS10 4","MarketplaceFacilitator","6.05","1.21","0","0","0","0","0","0","-1.21","-1.09","-1.67","-0.05","0","3.24","Released","22 Apr 2026 14:57:26 UTC"
"14 Apr 2026 21:18:12 UTC","26863601142","Order","026-4156458-3852317","VSGB-7-UK-M","VIVOSUN Grow Bags 5-Pack 30L, 500G Thick Nonwoven Fabric Pots with Strap Handles, Multi-Purpose Rings, for Low Stress Plant Training Fruits, Vegetable","1","amazon.co.uk","Seller","WATERLOOVILLE","","PO7 8","MarketplaceFacilitator","12.24","2.45","0","0","0","0","0","0","-2.45","-2.20","0","-0.04","0","10.00","Released","24 Apr 2026 21:30:45 UTC"
"14 Apr 2026 21:38:26 UTC","26863601142","Order","204-8217558-6148309","TN-44-UK-FBM","VIVOSUN Garden Netting 120 x 120 cm, Elastic Trellis Net with 4 Hooks for Climbing Plants Vegetables Fruits and Flowers","3","amazon.co.uk","Seller","REDDITCH","","B97 5","MarketplaceFacilitator","38.22","7.65","0","0","0","0","0","0","-7.65","-6.87","0","-0.14","0","31.21","Released","24 Apr 2026 23:15:39 UTC"
"14 Apr 2026 21:49:00 UTC","26863601142","Order","202-8220471-7127550","VSV-AZT4-UK","VIVOSUN AeroZesh T4 Inline Duct Fan 4inch/100 mm Extractor Fan 357 m³/h with E12 Speed Controller and Fully Programmable PWM-Controlled EC Quiet Vent","1","amazon.co.uk","Amazon","BLACKPOOL","","FY2 0","MarketplaceFacilitator","55.41","11.08","0","0","0","0","0","0","-11.08","-9.97","-3.37","-0.27","0","41.80","Released","22 Apr 2026 21:45:05 UTC"
"14 Apr 2026 22:19:23 UTC","26863601142","Order","026-1840398-2735564","VSVC-AZT4-UK-FBM","VIVOSUN Duct Fan 100 mm Extractor Fan 357 m³/h with E12 Speed Control Carbon Filter & 240 cm Air Duct AeroZesh T4 Exhaust Set Cooling and Ventilation","1","amazon.co.uk","Seller","CARDIFF","","CF10 5","MarketplaceFacilitator","71.16","14.23","0","0","0","0","0","0","-14.23","-12.81","0","-0.26","0","58.09","Released","24 Apr 2026 23:24:10 UTC"
"14 Apr 2026 23:18:46 UTC","26863601142","Order","026-0037917-0277920","VS-THB1-UK","VIVOSUN AeroLab THB1 Wireless Bluetooth Hygrometer Thermometer Indoor, Smart Temperature Monitor, VPD, Digital Humidity Meter, LCD Remote Control & Al","1","amazon.co.uk","Amazon","WOLVERHAMPTON","","WV9 5","MarketplaceFacilitator","13.32","2.67","0","0","0","0","0","0","-2.67","-2.08","-2.42","-0.09","0","8.73","Released","22 Apr 2026 15:08:29 UTC"
"14 Apr 2026 23:20:09 UTC","26863601142","Order","026-1713447-9008353","VSF-AWD4W-UK","VIVOSUN AeroWave D4, 4"" Grow Tent Clip Fan with Detachable Hook, 3-Speed Strong & Quiet Airflow, Adjustable Airflow Angle for Hydroponics, Circulation","1","amazon.co.uk","Seller","CARDIFF","","CF10 5","MarketplaceFacilitator","15.82","3.17","0","0","0","0","0","0","-3.17","-2.85","0","-0.06","0","12.91","Released","24 Apr 2026 23:54:41 UTC"
"15 Apr 2026 00:11:49 UTC","26863601142","Order","202-0882608-1266701","VSF-AWE6G-UK-FBM","VIVOSUN Grow Fan with Clip, 15 cm/6 Inch Grow Tent Fan, 10 Speeds Smart App Control, IP54 with Automatic Oscillation AeroWave E6 for Grow Tent, Green","1","amazon.co.uk","Seller","EXETER","Devon","EX2 7","MarketplaceFacilitator","26.66","5.33","0","0","0","0","0","0","-5.33","-4.80","0","-0.10","0","21.76","Released","25 Apr 2026 00:11:36 UTC"
"15 Apr 2026 00:25:26 UTC","26863601142","Order","203-7147082-8491513","VSF-AWE6W-UK-FBM","VIVOSUN AeroWave E6 Grow Tent Fan 6"", EC Motor, Smart Wifi Control, US Patented Auto Oscillating Clip fan, Weatherproof IP-54, Strong Airflow but Quie","1","amazon.co.uk","Seller","Glasgow","Lanarkshire","G5 9","MarketplaceFacilitator","32.66","6.53","0","0","0","0","0","0","-6.53","-5.88","0","-0.12","0","26.66","Released","25 Apr 2026 23:47:46 UTC"
"15 Apr 2026 00:48:40 UTC","26863601142","Order","204-4528260-2077957","306143-0412-UK-N","VIVOSUN 4 Inch Air Carbon Filter Odor Control with Australia Virgin Charcoal for Inline Fan, Grow Tent Odor Scrubber Indoor Hydroponics, Pre-filter In","1","amazon.co.uk","Amazon","Barnsley","South Yorkshire","S73 8","MarketplaceFacilitator","26.82","5.37","0","0","0","0","0","0","-5.37","-4.83","-3.34","-0.17","0","18.48","Released","22 Apr 2026 19:03:17 UTC"
"15 Apr 2026 00:52:35 UTC","26863601142","Order","026-2095838-9850746","VSF-AWD4x2-UK-M","VIVOSUN AeroWave D4, 4"" Grow Tent Clip Fan with Detachable Hook, 3-Speed Strong & Quiet Airflow, Adjustable Airflow Angle for Hydroponics, Circulation","1","amazon.co.uk","Seller","PRESTWICK","Ayrshire","KA9 2","MarketplaceFacilitator","29.99","6.00","0","0","0","0","0","0","-6.00","-5.40","0","-0.11","0","24.48","Released","25 Apr 2026 21:43:42 UTC"
"15 Apr 2026 01:17:38 UTC","26863601142","Order","026-2556596-5185117","VSE-ASH05-UK-FBM","VIVOSUN AeroStream H05 Intelligent Wi-Fi Humidifier 5 L, Plant Humidifier with Temp & Humidity Probe, Smart Remote VPD Control, Designed for Growers G","1","amazon.co.uk","Seller","Stockport","","SK38","MarketplaceFacilitator","58.32","11.67","0","0","0","0","0","0","-11.67","-10.50","0","-0.21","0","47.61","Released","24 Apr 2026 22:02:05 UTC"
"15 Apr 2026 01:28:21 UTC","26863601142","Order","204-3861162-1383519","330701-01-UK","VIVOSUN Garden Netting 5 x 15ft. Plant Trellis Netting, Heavy-Duty Polyester Grow Net, Garden Trellis Netting with Square Mesh for Climbing Plants, Ve","1","amazon.co.uk","Amazon","GODALMING","","GU7 2","MarketplaceFacilitator","6.05","1.21","0","0","0","0","0","0","-1.21","-1.09","-1.67","-0.05","0","3.24","Released","22 Apr 2026 16:00:52 UTC"
"15 Apr 2026 02:20:22 UTC","26863601142","Order","205-8079564-2101103","330701-01-UK","VIVOSUN Garden Netting 5 x 15ft. Plant Trellis Netting, Heavy-Duty Polyester Grow Net, Garden Trellis Netting with Square Mesh for Climbing Plants, Ve","1","amazon.co.uk","Amazon","NOTTINGHAM","Notts","NG14 6","MarketplaceFacilitator","6.05","1.21","0","0","0","0","0","0","-1.21","-1.09","-1.67","-0.05","0","3.24","Released","22 Apr 2026 22:44:30 UTC"
"15 Apr 2026 04:16:53 UTC","26863601142","Order","026-9812421-6143564","VSV-AZG6-UK","VIVOSUN AeroZesh G6 Inline Duct Fan 6inch/150 mm Extractor Fan 660 m³/h with E12 Speed Controller and Entirely Programmable PWM-Controlled EC Fan for","1","amazon.co.uk","Amazon","Todmorden","","OL14 5","MarketplaceFacilitator","55.41","11.08","3.74","0.75","0","0","-3.74","-0.75","-11.08","-9.97","-3.38","-0.27","0","41.79","Released","22 Apr 2026 22:47:43 UTC"
"15 Apr 2026 04:58:53 UTC","26863601142","Liquidations","149904811145552","X001XJCH1Z","VIVOSUN AeroZesh G6 Inline Duct Fan 6inch/150 mm Extractor Fan 660 m³/h with E12 Speed Controller and Entirely Programmable PWM-Controlled EC Fan for Growbox Grow Tent Ventilation","1","","","","","","","9.13","1.83","0","0","0","0","0","0","0","0","0","-4.02","0","6.94","Deferred",
"15 Apr 2026 08:08:55 UTC","26863601142","Order","202-3918886-3843509","304113-2014-UK-FBM","VIVOSUN Grow Tent Small 50x36x54 CM (19.7""x14.2""x21.3"") Grow Tent Mini with Highly Reflective Mylar Sealed Floor Design, Ventilation Window, Cable Ent","1","amazon.co.uk","Seller","WAKEFIELD","","WF4 4","MarketplaceFacilitator","33.32","6.67","0","0","0","0","0","0","-6.67","-6.00","0","-0.12","0","27.20","Released","24 Apr 2026 22:43:38 UTC"
"15 Apr 2026 11:52:59 UTC","26863601142","Order","202-6814093-4425146","VSVC-AZT4-UK-FBM","VIVOSUN Duct Fan 100 mm Extractor Fan 357 m³/h with E12 Speed Control Carbon Filter & 240 cm Air Duct AeroZesh T4 Exhaust Set Cooling and Ventilation","1","amazon.co.uk","Seller","CROSBY","Merseyside","L23 7","MarketplaceFacilitator","71.16","14.23","0","0","0","0","0","0","-14.23","-12.81","0","-0.26","0","58.09","Released","24 Apr 2026 21:23:52 UTC"
"15 Apr 2026 12:11:30 UTC","26863601142","Order","206-1945891-6731518","305131-PEN-UK-M","VIVOSUN Digital pH Meter, 0.01pH High Accuracy Pen Type pH Tester for Hydroponics, Household Drinking, Pool and Aquarium, UL Certified","1","amazon.co.uk","Seller","GARSTANG","","PR3 1","MarketplaceFacilitator","8.29","1.66","0","0","0","0","0","0","-1.66","-1.49","0","-0.03","0","6.77","Released","24 Apr 2026 22:21:37 UTC"
"15 Apr 2026 12:58:26 UTC","26863601142","Order","026-0248181-1217952","305131-UK-FBM","VIVOSUN Soil Tester, 3-in-1 Plant Moisture Meter Light and PH Tester for Home, Garden, Lawn, Farm, Indoor and Outdoor Use, Promote Plants Healthy Grow","1","amazon.co.uk","Seller","Aberdeen","","AB15 5","MarketplaceFacilitator","9.16","1.83","0","0","0","0","-1.38","-0.27","-1.56","-1.21","0","-0.02","0","6.55","Released","24 Apr 2026 20:54:06 UTC"
"15 Apr 2026 13:38:13 UTC","26863601142","Order","206-4403170-7665104","305131-PEN-UK-M","VIVOSUN Digital pH Meter, 0.01pH High Accuracy Pen Type pH Tester for Hydroponics, Household Drinking, Pool and Aquarium, UL Certified","2","amazon.co.uk","Seller","SHEPTON MALLET","","BA4 4","MarketplaceFacilitator","16.58","3.32","0","0","0","0","0","0","-3.32","-2.98","0","-0.06","0","13.54","Released","25 Apr 2026 21:55:53 UTC"
"15 Apr 2026 15:13:50 UTC","26863601142","Order","026-3885383-3525110","VSVC-AZG6-UK-FBM","VIVOSUN G6 Smart Air Filtration Set, Duct Fan 150 mm Extractor Fan with E12 Speed Control, Carbon Filter & 240 cm Air Duct, Exhaust Set Cooling and Ve","1","amazon.co.uk","Seller","DONCASTER","","DN5 7","MarketplaceFacilitator","94.99","19.00","0","0","0","0","0","0","-19.00","-17.10","0","-0.34","0","77.55","Released","25 Apr 2026 21:34:55 UTC"
"15 Apr 2026 15:34:05 UTC","26863601142","Order","026-3326322-0013965","VSGB-10-UK-FBM","VIVOSUN Grow Bags 5-Pack 40L, 500G Thick Nonwoven Fabric Pots with Strap Handles, Multi-Purpose Rings, for Low Stress Plant Training Fruits, Vegetable","1","amazon.co.uk","Seller","Saltney","","CH4 8","MarketplaceFacilitator","13.41","2.68","0","0","0","0","0","0","-2.68","-2.41","0","-0.05","0","10.95","Released","25 Apr 2026 23:55:24 UTC"
"15 Apr 2026 16:58:32 UTC","26863601142","Liquidations","149926503477552","X0022PUP95","VIVOSUN Soil Tester, 3-in-1 Plant Moisture Meter Light and PH Tester for Home, Garden, Lawn, Farm, Indoor and Outdoor Use, Promote Plants Healthy Growth","1","","","","","","","0.06","0.01","0","0","0","0","0","0","0","0","0","-0.38","0","-0.31","Deferred",
"15 Apr 2026 17:10:55 UTC","26863601142","Order","203-6921026-8918745","VSGB-10-UK-FBM","VIVOSUN Grow Bags 5-Pack 40L, 500G Thick Nonwoven Fabric Pots with Strap Handles, Multi-Purpose Rings, for Low Stress Plant Training Fruits, Vegetable","1","amazon.co.uk","Seller","MILTON KEYNES","","MK14 7","MarketplaceFacilitator","13.41","2.68","0","0","0","0","0","0","-2.68","-2.41","0","-0.05","0","10.95","Released","26 Apr 2026 00:14:23 UTC"
"15 Apr 2026 17:25:01 UTC","26863601142","Order","204-9449876-3744312","306201PVC-4-UK","VIVOSUN Inline Duct Fan 4 Inch 190 CFM with Speed Controller, 4 Inch Carbon Filter and 8 Feet of Ducting, Temperature Humidity Monitor for Grow Tent,","1","amazon.co.uk","Seller","HALSTEAD","","CO9 1","MarketplaceFacilitator","66.07","13.22","0","0","0","0","0","0","-13.22","-11.89","0","-0.24","0","53.94","Released","25 Apr 2026 17:14:09 UTC"
"15 Apr 2026 18:13:44 UTC","26863601142","Order","026-9894104-3321934","VSGB-25-UK-FBM","VIVOSUN Grow Bags 5-Pack 95L, 500G Thick Nonwoven Fabric Pots with Strap Handles, Multi-Purpose Rings, for Low Stress Plant Training Fruits, Vegetable","1","amazon.co.uk","Seller","NORTHAMPTON","Northamptonshire","NN4 8","MarketplaceFacilitator","20.99","4.20","0","0","0","0","0","0","-4.20","-3.78","0","-0.08","0","17.13","Released","25 Apr 2026 21:22:42 UTC"
"15 Apr 2026 18:28:13 UTC","26863601142","Order","202-8377102-7913941","305131-UK-FBM","VIVOSUN Soil Tester, 3-in-1 Plant Moisture Meter Light and PH Tester for Home, Garden, Lawn, Farm, Indoor and Outdoor Use, Promote Plants Healthy Grow","1","amazon.co.uk","Seller","LONDON","","NW5 4","MarketplaceFacilitator","9.16","1.83","0","0","0","0","-1.38","-0.27","-1.56","-1.21","0","-0.02","0","6.55","Released","25 Apr 2026 22:03:02 UTC"
"15 Apr 2026 18:37:56 UTC","26863601142","Order","205-8372130-0901116","VSGB-7-UK-M","VIVOSUN Grow Bags 5-Pack 30L, 500G Thick Nonwoven Fabric Pots with Strap Handles, Multi-Purpose Rings, for Low Stress Plant Training Fruits, Vegetable","1","amazon.co.uk","Seller","DERRY","Londonderry","BT48 9","MarketplaceFacilitator","12.24","2.45","0","0","0","0","0","0","-2.45","-2.20","0","-0.04","0","10.00","Released","27 Apr 2026 23:57:10 UTC"
"15 Apr 2026 18:50:26 UTC","26863601142","Order","206-1940685-0525109","306201PVC-4-UK","VIVOSUN Inline Duct Fan 4 Inch 190 CFM with Speed Controller, 4 Inch Carbon Filter and 8 Feet of Ducting, Temperature Humidity Monitor for Grow Tent,","1","amazon.co.uk","Seller","PORTADOWN","","BT62 1","MarketplaceFacilitator","66.07","13.22","0","0","0","0","0","0","-13.22","-11.89","0","-0.24","0","53.94","Released","27 Apr 2026 23:45:24 UTC"
"15 Apr 2026 19:12:07 UTC","26863601142","Transfer","","","To account ending with: 946","","","","","","","","0","0","0","0","0","0","0","0","0","0","0","0","-9,930.83","-9,930.83","Released","15 Apr 2026 19:12:07 UTC"
"15 Apr 2026 19:16:50 UTC","26863601142","Order","202-4182536-3362710","VSF-AWD4-UK","VIVOSUN AeroWave D4, 4"" Grow Tent Clip Fan with Detachable Hook, 3-Speed Strong & Quiet Airflow, Adjustable Airflow Angle for Hydroponics, Circulation","1","amazon.co.uk","Seller","YORK","","YO30 6","MarketplaceFacilitator","16.66","3.33","0","0","0","0","0","0","-3.33","-3.00","0","-0.06","0","13.60","Released","25 Apr 2026 22:27:54 UTC"
"15 Apr 2026 19:46:39 UTC","26863601142","Order","204-1851217-1206709","VSGB-7-UK-M","VIVOSUN Grow Bags 5-Pack 30L, 500G Thick Nonwoven Fabric Pots with Strap Handles, Multi-Purpose Rings, for Low Stress Plant Training Fruits, Vegetable","1","amazon.co.uk","Seller","NEWPORT","","NP11 6","MarketplaceFacilitator","12.24","2.45","0","0","0","0","0","0","-2.45","-2.20","0","-0.04","0","10.00","Released","25 Apr 2026 16:32:47 UTC"
"15 Apr 2026 19:47:04 UTC","26863601142","Order","206-6184035-7944352","VSGB-25-UK-FBM","VIVOSUN Grow Bags 5-Pack 95L, 500G Thick Nonwoven Fabric Pots with Strap Handles, Multi-Purpose Rings, for Low Stress Plant Training Fruits, Vegetable","1","amazon.co.uk","Seller","ST. ANDREWS","","KY16 8","MarketplaceFacilitator","20.99","4.20","0","0","0","0","0","0","-4.20","-3.78","0","-0.08","0","17.13","Released","25 Apr 2026 15:20:42 UTC"
"15 Apr 2026 19:56:01 UTC","26863601142","Order","026-8105739-4142719","VSF-AWE6G-UK-FBM","VIVOSUN Grow Fan with Clip, 15 cm/6 Inch Grow Tent Fan, 10 Speeds Smart App Control, IP54 with Automatic Oscillation AeroWave E6 for Grow Tent, Green","2","amazon.co.uk","Seller","CHIPPENHAM","Wilts","SN15 2","MarketplaceFacilitator","53.32","10.66","0","0","0","0","0","0","-10.66","-9.60","0","-0.19","0","43.53","Released","25 Apr 2026 22:56:40 UTC"
"15 Apr 2026 20:19:28 UTC","26863601142","Order","203-8951282-0677163","306201PVC-4-UK","VIVOSUN Inline Duct Fan 4 Inch 190 CFM with Speed Controller, 4 Inch Carbon Filter and 8 Feet of Ducting, Temperature Humidity Monitor for Grow Tent,","1","amazon.co.uk","Seller","Bradford","","BD15 7","MarketplaceFacilitator","66.07","13.22","0","0","0","0","0","0","-13.22","-11.89","0","-0.24","0","53.94","Released","25 Apr 2026 16:45:50 UTC"
"15 Apr 2026 20:29:41 UTC","26863601142","Order","026-4144530-2100354","VSV-AZG6-UK","VIVOSUN AeroZesh G6 Inline Duct Fan 6inch/150 mm Extractor Fan 660 m³/h with E12 Speed Controller and Entirely Programmable PWM-Controlled EC Fan for","1","amazon.co.uk","Amazon","HARROGATE","","HG1 4","MarketplaceFacilitator","55.41","11.08","0","0","0","0","0","0","-11.08","-9.97","-3.38","-0.27","0","41.79","Released","23 Apr 2026 22:15:52 UTC"
"15 Apr 2026 20:53:05 UTC","26863601142","Order","204-6978423-9070747","VSGB-10-UK-FBM","VIVOSUN Grow Bags 5-Pack 40L, 500G Thick Nonwoven Fabric Pots with Strap Handles, Multi-Purpose Rings, for Low Stress Plant Training Fruits, Vegetable","1","amazon.co.uk","Seller","SANDHURST","Berkshire","GU47 8","MarketplaceFacilitator","13.41","2.68","0","0","0","0","0","0","-2.68","-2.41","0","-0.05","0","10.95","Released","25 Apr 2026 20:26:12 UTC"
"15 Apr 2026 21:04:57 UTC","26863601142","Order","203-2637774-6516360","306201PVC-6-UK","VIVOSUN Inline Duct Fan 6 Inch 390 CFM with Speed Controller, 6 Inch Carbon Filter and 8 Feet of Ducting, Temperature Humidity Monitor for Grow Tent,","1","amazon.co.uk","Seller","MANCHESTER","","M32 8","MarketplaceFacilitator","90.24","18.05","0","0","0","0","0","0","-18.05","-16.24","0","-0.32","0","73.68","Released","25 Apr 2026 23:05:55 UTC"
"15 Apr 2026 21:16:42 UTC","26863601142","Order","206-0361999-9996360","VSV-AZG6-UK","VIVOSUN AeroZesh G6 Inline Duct Fan 6inch/150 mm Extractor Fan 660 m³/h with E12 Speed Controller and Entirely Programmable PWM-Controlled EC Fan for","1","amazon.co.uk","Amazon","Helmdon","","NN13 5","MarketplaceFacilitator","55.41","11.08","4.16","0.83","0","0","0","0","-11.91","-9.97","-7.54","-0.35","0","41.71","Released","23 Apr 2026 15:54:44 UTC"
"15 Apr 2026 22:13:33 UTC","26863601142","Order","206-4162821-1355542","304113-33-UK","VIVOSUN Grow Tent 90x90x180 CM (36''x36''x72''), Made of Highly Reflective Mylar with Viewing Window and Base Tray for Hydroponics Seedling Indoor Pla","1","amazon.co.uk","Amazon","PUDSEY","","LS28 8","MarketplaceFacilitator","81.66","16.33","0","0","0","0","0","0","-16.33","-14.70","-5.70","-0.40","0","60.86","Released","23 Apr 2026 23:38:20 UTC"
"15 Apr 2026 22:50:10 UTC","26863601142","Order","206-5061565-3233940","VSV-AZT4-UK","VIVOSUN AeroZesh T4 Inline Duct Fan 4inch/100 mm Extractor Fan 357 m³/h with E12 Speed Controller and Fully Programmable PWM-Controlled EC Quiet Vent","1","amazon.co.uk","Amazon","TADWORTH","Surrey","KT20 7","MarketplaceFacilitator","55.41","11.08","3.74","0.75","0","0","-3.74","-0.75","-11.08","-9.97","-3.37","-0.27","0","41.80","Released","23 Apr 2026 23:46:26 UTC"
"15 Apr 2026 23:25:32 UTC","26863601142","Order","202-2454127-7440307","VSF-AWE6G-UK-FBM","VIVOSUN Grow Fan with Clip, 15 cm/6 Inch Grow Tent Fan, 10 Speeds Smart App Control, IP54 with Automatic Oscillation AeroWave E6 for Grow Tent, Green","2","amazon.co.uk","Seller","BOURNEMOUTH","","BH10 5","MarketplaceFacilitator","53.32","10.66","0","0","0","0","0","0","-10.66","-9.60","0","-0.19","0","43.53","Released","25 Apr 2026 23:44:44 UTC"
"15 Apr 2026 23:25:33 UTC","26863601142","Order","203-3701756-4716337","305131-PEN-UK-M","VIVOSUN Digital pH Meter, 0.01pH High Accuracy Pen Type pH Tester for Hydroponics, Household Drinking, Pool and Aquarium, UL Certified","1","amazon.co.uk","Seller","HOVE","East sussex","BN3 5","MarketplaceFacilitator","8.29","1.66","0","0","0","0","0","0","-1.66","-1.49","0","-0.03","0","6.77","Released","26 Apr 2026 00:00:18 UTC"
"16 Apr 2026 00:33:46 UTC","26863601142","Order","205-0408000-2797162","305140-PEN-UK","VIVOSUN Digital pH and TDS Meter Kits, 0.01pH High Accuracy Pen Type pH Meter ± 2% Readout Accuracy 3-in-1 TDS EC Temperature Meter for Hydroponics,","1","amazon.co.uk","Seller","Liverpool","","L25 5","MarketplaceFacilitator","19.99","4.00","0","0","0","0","0","0","-4.00","-3.60","0","-0.07","0","16.32","Released","25 Apr 2026 21:45:42 UTC"
"16 Apr 2026 00:40:05 UTC","26863601142","Order","026-5464589-4097130","304113-P224-UK","VIVOSUN Pro Grow Tent 60x60x120 CM (24""x24""x48""), with Thick 22 mm Poles, 2000D Oxford Fabric with Highly Reflective Mylar Extra Hanging Poles for Hyd","1","amazon.co.uk","Amazon","RHYL","","LL18 1","MarketplaceFacilitator","55.41","11.08","0","0","0","0","0","0","-11.08","-9.97","-5.55","-0.31","0","39.58","Released","23 Apr 2026 17:13:04 UTC"
"16 Apr 2026 01:02:42 UTC","26863601142","Order","202-8988941-7261908","VSVC-AZG6-UK-FBM","VIVOSUN G6 Smart Air Filtration Set, Duct Fan 150 mm Extractor Fan with E12 Speed Control, Carbon Filter & 240 cm Air Duct, Exhaust Set Cooling and Ve","1","amazon.co.uk","Seller","HUDDERSFIELD","West Yorkshire","HD7 5","MarketplaceFacilitator","94.99","19.00","0","0","0","0","0","0","-19.00","-17.10","0","-0.34","0","77.55","Released","24 Apr 2026 14:42:39 UTC"
"16 Apr 2026 01:02:42 UTC","26863601142","Order","202-8988941-7261908","VSF-AWE6-UK-FBM","VIVOSUN AeroWave E6 6-Inch Clip-on Fan, Patented Portable Indoor Fan with Clip, Strong Airflow but Low Noise, 10 Speeds & 2 Modes IP-54, and Fully-Adj","1","amazon.co.uk","Seller","HUDDERSFIELD","West Yorkshire","HD7 5","MarketplaceFacilitator","31.24","6.25","0","0","0","0","0","0","-6.25","-5.62","0","-0.11","0","25.51","Released","24 Apr 2026 14:42:39 UTC"
"16 Apr 2026 01:37:34 UTC","26863601142","Order","026-9834890-0017153","VS-THB1S-UK-FBM","VIVOSUN AeroLab THB1S Wireless Bluetooth Hygrometer Thermometer Indoor, VPD, Digital Temp Humidity Meter, LCD Smart App Control & Alert, Data Storage,","1","amazon.co.uk","Seller","LONDON","","E17 6","MarketplaceFacilitator","20.82","4.17","0","0","0","0","0","0","-4.17","-3.25","0","-0.07","0","17.50","Released","25 Apr 2026 19:32:13 UTC"
"16 Apr 2026 02:37:54 UTC","26863601142","Order","205-8415262-3076327","VSV-AZG6E42A-UK","VIVOSUN AeroZesh G6 Inline Duct Fan 6inch/150 mm Quiet Extractor Fan 660 m³/h with EC Motor and GrowHub E42A WiFi Controller for Growbox, Cooling, Bo","1","amazon.co.uk","Amazon","Smethwick","","B67 5","MarketplaceFacilitator","77.49","15.50","0","0","0","0","0","0","-15.50","-13.95","-3.38","-0.35","0","59.81","Released","23 Apr 2026 20:18:18 UTC"
"16 Apr 2026 03:06:13 UTC","26863601142","Order","026-4785522-5422754","VSV-AZG6-UK","VIVOSUN AeroZesh G6 Inline Duct Fan 6inch/150 mm Extractor Fan 660 m³/h with E12 Speed Controller and Entirely Programmable PWM-Controlled EC Fan for","1","amazon.co.uk","Amazon","BECCLES","-","NR34 7","MarketplaceFacilitator","55.41","11.08","0","0","0","0","0","0","-11.08","-9.97","-3.38","-0.27","0","41.79","Released","23 Apr 2026 17:07:19 UTC"
"16 Apr 2026 04:11:16 UTC","26863601142","Order","026-8198279-7485120","306201PVC-4-UK","VIVOSUN Inline Duct Fan 4 Inch 190 CFM with Speed Controller, 4 Inch Carbon Filter and 8 Feet of Ducting, Temperature Humidity Monitor for Grow Tent,","1","amazon.co.uk","Seller","GLASGOW","","G51 1","MarketplaceFacilitator","66.07","13.22","0","0","0","0","0","0","-13.22","-11.89","0","-0.24","0","53.94","Released","25 Apr 2026 13:33:07 UTC"
"16 Apr 2026 04:13:59 UTC","26863601142","Order","204-6796948-5622756","VSV-AZT4-UK","VIVOSUN AeroZesh T4 Inline Duct Fan 4inch/100 mm Extractor Fan 357 m³/h with E12 Speed Controller and Fully Programmable PWM-Controlled EC Quiet Vent","1","amazon.co.uk","Amazon","LONDON","","SE15 4","","55.41","11.08","0","0","0","0","0","0","0","-9.97","-3.37","-0.27","0","52.88","Released","24 Apr 2026 00:16:52 UTC"
"16 Apr 2026 06:53:33 UTC","26863601142","FBA Inventory Fee","Dis-0415-2","","FBA Disposal Fee","","Amazon.co.uk","","","","","","0","0","0","0","0","0","0","0","0","0","0","0","-2.28","-2.28","Released","16 Apr 2026 06:53:33 UTC"
"16 Apr 2026 07:19:58 UTC","26863601142","Order","026-3925412-6511537","VSA200SE-E25-UK-FBM","VIVOSUN LED Grow Lamp 200 W Full Spectrum Plant Lamp with Integrated Circulation Fan Grow Light Compatible with App, AeroLight Wing AW200SE with GrowH","1","amazon.co.uk","Seller","GRAVESEND","Kent","DA11 9","MarketplaceFacilitator","113.60","22.72","0","0","0","0","0","0","-22.72","-20.45","0","-0.41","0","92.74","Released","27 Apr 2026 23:06:22 UTC"
"16 Apr 2026 09:36:27 UTC","26863601142","Order","204-3611186-1669166","304113-P276-UK","VIVOSUN Pro Grow Tent 80x80x160 CM (32""x32""x63""), with Thick 22 mm Poles, 2000DOxford Fabric with Highly Reflective Mylar Extra Hanging Poles, Growbox","1","amazon.co.uk","Amazon","LITTLE MONGEHAM","Kent","CT14 0","MarketplaceFacilitator","72.03","14.41","0","0","0","0","0","0","-14.41","-12.97","-6.00","-0.38","0","52.68","Released","24 Apr 2026 21:21:29 UTC"
"16 Apr 2026 10:35:08 UTC","26863601142","Order","203-5915541-3281921","VSF-AWD4Wx2-UK-FBM","VIVOSUN AeroWave D4, 4"" Grow Tent Clip Fan with Detachable Hook, 3-Speed Strong & Quiet Airflow, Adjustable Airflow Angle for Hydroponics, Circulation","1","amazon.co.uk","Seller","Portslade","","BN411","MarketplaceFacilitator","29.16","5.83","0","0","0","0","0","0","-5.83","-5.25","0","-0.11","0","23.80","Released","25 Apr 2026 23:31:23 UTC"
"16 Apr 2026 11:10:32 UTC","26863601142","Order","202-4914352-6409939","305131-PEN-UK-M","VIVOSUN Digital pH Meter, 0.01pH High Accuracy Pen Type pH Tester for Hydroponics, Household Drinking, Pool and Aquarium, UL Certified","1","amazon.co.uk","Seller","SWANSEA","W Glam","SA3 5","MarketplaceFacilitator","8.29","1.66","0","0","0","0","0","0","-1.66","-1.49","0","-0.03","0","6.77","Released","25 Apr 2026 16:17:52 UTC"
"16 Apr 2026 11:22:40 UTC","26863601142","Order","206-7012616-2949132","306143-0412-UK-N","VIVOSUN 4 Inch Air Carbon Filter Odor Control with Australia Virgin Charcoal for Inline Fan, Grow Tent Odor Scrubber Indoor Hydroponics, Pre-filter In","1","amazon.co.uk","Amazon","GLASGOW","","G77 5","MarketplaceFacilitator","26.82","5.37","0","0","0","0","-2.68","-0.54","-4.83","-4.35","-3.34","-0.16","0","16.29","Released","24 Apr 2026 22:11:58 UTC"
"16 Apr 2026 11:43:57 UTC","26863601142","Order","026-2599400-5928331","GT-Pole-UK-M","VIVOSUN Grow Tent High CFM Kit, Green Pole Range of 24""-48"", Suitable for 2'x2', 3'x3', 4'x2' and 4'x4'Grow Tent, 4-Pack","1","amazon.co.uk","Seller","GRAVESEND","Kent","DA11 9","MarketplaceFacilitator","33.32","6.67","0","0","0","0","0","0","-6.67","-6.00","0","-0.12","0","27.20","Released","25 Apr 2026 19:10:50 UTC"
"16 Apr 2026 11:52:55 UTC","26863601142","Liquidations Adjustments","95821627551552","X00221AO0T","VIVOSUN AeroZesh G4 Inline Duct Fan 100 mm Quiet Extractor Fan 331 m³/h with EC Motor and GrowHub E42A WiFi Controller AeroZesh G4 Fan for Heating, Cooling, Booster, Grow Tents, Hydroponics","1","","","","","","","-6.79","-1.36","0","0","0","0","0","0","0","0","0","2.62","0","-5.53","Released","16 Apr 2026 19:01:37 UTC"
"16 Apr 2026 12:01:05 UTC","26863601142","Delivery Services","206-3888772-5692304","","ReturnPostageBilling","","","","","","","","0","0","0","0","0","0","0","0","0","0","0","0","-2.79","-2.79","Released","16 Apr 2026 12:01:05 UTC"
"16 Apr 2026 13:55:10 UTC","26863601142","Refund","206-3888772-5692304","VSGB-10-UK-FBM","VIVOSUN Grow Bags 5-Pack 40L, 500G Thick Nonwoven Fabric Pots with Strap Handles, Multi-Purpose Rings, for Low Stress Plant Training Fruits, Vegetable","1","amazon.co.uk","Seller","Portsmouth","Hampshire","PO6 4","MarketplaceFacilitator","-11.08","-2.22","0","0","0","0","0","0","2.22","1.59","0","0.04","0","-9.45","Released","22 Apr 2026 22:10:03 UTC"
"16 Apr 2026 14:10:57 UTC","26863601142","Order","206-8505301-2728359","311001-3x5-UK-N","VIVOSUN Grow Bags 5 Pack 12L, Heavy Duty Thickened Nonwoven Fabric Pots with Strong Handles for Vegetables, Flowers, Fruits, Greenhouse and Garden","1","amazon.co.uk","Amazon","DARTFORD","","DA1 3","MarketplaceFacilitator","11.32","2.27","0.56","0.11","0","0","-0.56","-0.11","-2.27","-2.04","-3.15","-0.10","0","6.03","Released","23 Apr 2026 18:19:24 UTC"
"16 Apr 2026 15:57:45 UTC","26863601142","Order","026-1158288-8728361","VSF-AWE6Wx2-UK","VIVOSUN AeroWave E6 Grow Tent Fan 6"", EC Motor, Smart Wifi Control, US Patented Auto Oscillating Clip fan, IP54, Strong Airflow but Quiet for Hydropon","1","amazon.co.uk","Amazon","DONCASTER","","DN5 7","MarketplaceFacilitator","56.79","11.36","0","0","0","0","0","0","-11.36","-10.22","-3.34","-0.27","0","42.96","Released","24 Apr 2026 23:06:14 UTC"
"16 Apr 2026 16:00:42 UTC","26863601142","Order","026-1158288-8728361","VSF-AWE6Wx2-UK","VIVOSUN AeroWave E6 Grow Tent Fan 6"", EC Motor, Smart Wifi Control, US Patented Auto Oscillating Clip fan, IP54, Strong Airflow but Quiet for Hydropon","1","amazon.co.uk","Amazon","DONCASTER","","DN5 7","MarketplaceFacilitator","56.79","11.36","0","0","0","0","0","0","-11.36","-10.22","-3.34","-0.27","0","42.96","Released","25 Apr 2026 00:09:21 UTC"
"16 Apr 2026 18:01:10 UTC","26863601142","Order","206-6897900-8125900","VSGB-3-UK-FBM","VIVOSUN 5-Pack 12L Grow Bags Heavy Duty 500G Thickened Nonwoven Plant Fabric Pots with Handles for Vegetables, Flowers, Fruits, Greenhouse and Garden","1","amazon.co.uk","Seller","Romsey","Hampshire","SO51 0","MarketplaceFacilitator","9.91","1.98","0","0","0","0","0","0","-1.98","-1.78","0","-0.04","0","8.09","Released","27 Apr 2026 21:00:08 UTC"
"16 Apr 2026 18:44:10 UTC","26948042122","Order","204-5702463-2353149","VSGB-10-UK-FBM","VIVOSUN Grow Bags 5-Pack 40L, 500G Thick Nonwoven Fabric Pots with Strap Handles, Multi-Purpose Rings, for Low Stress Plant Training Fruits, Vegetable","1","amazon.co.uk","Seller","JERSEY","Channel Islands","JE3 8","MarketplaceFacilitator","13.41","0.67","0","0","0","0","0","0","-0.67","-2.41","0","-0.05","0","10.95","Released","29 Apr 2026 21:54:14 UTC"
"16 Apr 2026 18:49:56 UTC","26863601142","Order","206-4781359-1354704","330701-01-UK","VIVOSUN Garden Netting 5 x 15ft. Plant Trellis Netting, Heavy-Duty Polyester Grow Net, Garden Trellis Netting with Square Mesh for Climbing Plants, Ve","1","amazon.co.uk","Amazon","DEAL","","CT14 9","MarketplaceFacilitator","6.05","1.21","0","0","0","0","0","0","-1.21","-1.09","-1.67","-0.05","0","3.24","Released","24 Apr 2026 21:38:39 UTC"
"16 Apr 2026 19:01:29 UTC","26863601142","Order","206-2946080-9805905","330701-01-UK","VIVOSUN Garden Netting 5 x 15ft. Plant Trellis Netting, Heavy-Duty Polyester Grow Net, Garden Trellis Netting with Square Mesh for Climbing Plants, Ve","1","amazon.co.uk","Amazon","SURBITON","","KT5 9","MarketplaceFacilitator","6.05","1.21","0","0","0","0","0","0","-1.21","-1.09","-1.67","-0.05","0","3.24","Released","24 Apr 2026 20:21:31 UTC"
"16 Apr 2026 19:05:23 UTC","26863601142","Order","202-6353042-8006707","VSF-AWD4Wx2-UK-FBM","VIVOSUN AeroWave D4, 4"" Grow Tent Clip Fan with Detachable Hook, 3-Speed Strong & Quiet Airflow, Adjustable Airflow Angle for Hydroponics, Circulation","1","amazon.co.uk","Seller","LEEDS","W Yorkshire","LS25 7","MarketplaceFacilitator","29.16","5.83","0","0","0","0","0","0","-5.83","-5.25","0","-0.11","0","23.80","Released","27 Apr 2026 11:49:09 UTC"
"16 Apr 2026 19:11:41 UTC","26863601142","Order","026-2720392-2790701","306143-0412-UK-N","VIVOSUN 4 Inch Air Carbon Filter Odor Control with Australia Virgin Charcoal for Inline Fan, Grow Tent Odor Scrubber Indoor Hydroponics, Pre-filter In","1","amazon.co.uk","Amazon","NEWARK","","NG23 5","MarketplaceFacilitator","26.82","5.37","0","0","0","0","0","0","-5.37","-4.83","-3.34","-0.17","0","18.48","Released","24 Apr 2026 23:36:52 UTC"
"16 Apr 2026 19:11:52 UTC","26863601142","Order","205-8951778-4279528","VSV-AZT4-UK","VIVOSUN AeroZesh T4 Inline Duct Fan 4inch/100 mm Extractor Fan 357 m³/h with E12 Speed Controller and Fully Programmable PWM-Controlled EC Quiet Vent","1","amazon.co.uk","Amazon","LUTTERWORTH","","LE17 4","MarketplaceFacilitator","55.41","11.08","0","0","0","0","0","0","-11.08","-9.97","-3.37","-0.27","0","41.80","Released","24 Apr 2026 18:32:41 UTC"
"16 Apr 2026 19:16:53 UTC","26863601142","Order","026-5219173-8020365","306146-0412-UK-FBM","VIVOSUN 4 Inch Air Carbon Filter Odor Control with Australia Virgin Charcoal for Inline Fan, Grow Tent Odor Scrubber, Pre-Filter Included, Reversible","1","amazon.co.uk","Seller","LICHFIELD","","WS13 8","MarketplaceFacilitator","30.66","6.13","0","0","0","0","0","0","-6.13","-5.52","0","-0.11","0","25.03","Released","27 Apr 2026 11:53:16 UTC"
"16 Apr 2026 19:19:24 UTC","26863601142","Order","203-4726466-8315565","311001-3x5-UK-N","VIVOSUN Grow Bags 5 Pack 12L, Heavy Duty Thickened Nonwoven Fabric Pots with Strong Handles for Vegetables, Flowers, Fruits, Greenhouse and Garden","1","amazon.co.uk","Amazon","TODMORDEN","","OL14 5","MarketplaceFacilitator","11.32","2.27","0","0","0","0","0","0","-2.27","-2.04","-3.15","-0.10","0","6.03","Released","24 Apr 2026 23:56:50 UTC"
"16 Apr 2026 20:10:18 UTC","26863601142","Order","026-6555445-2869952","VSGB-5-UK-FBM","VIVOSUN Grow Bags 5-Pack 20L, 500G Thick Nonwoven Fabric Pots with Strap Handles, Multi-Purpose Rings, for Low Stress Plant Training Fruits, Vegetable","2","amazon.co.uk","Seller","PINNER","Middx","HA5 1","MarketplaceFacilitator","23.74","4.74","0","0","0","0","0","0","-4.74","-4.28","0","-0.09","0","19.37","Released","27 Apr 2026 11:52:43 UTC"
"16 Apr 2026 20:10:18 UTC","26863601142","Order","026-6555445-2869952","VSGB-10-UK-FBM","VIVOSUN Grow Bags 5-Pack 40L, 500G Thick Nonwoven Fabric Pots with Strap Handles, Multi-Purpose Rings, for Low Stress Plant Training Fruits, Vegetable","1","amazon.co.uk","Seller","PINNER","Middx","HA5 1","MarketplaceFacilitator","13.41","2.68","0","0","0","0","0","0","-2.68","-2.41","0","-0.05","0","10.95","Released","27 Apr 2026 11:52:43 UTC"
"16 Apr 2026 21:46:52 UTC","26863601142","Order","202-1704704-4803547","VSF-AWE6G-UK-FBM","VIVOSUN Grow Fan with Clip, 15 cm/6 Inch Grow Tent Fan, 10 Speeds Smart App Control, IP54 with Automatic Oscillation AeroWave E6 for Grow Tent, Green","1","amazon.co.uk","Seller","Ledbury","","HR8 2","MarketplaceFacilitator","26.66","5.33","0","0","0","0","0","0","-5.33","-4.80","0","-0.10","0","21.76","Released","27 Apr 2026 23:01:45 UTC"
"16 Apr 2026 22:18:00 UTC","26863601142","Order","S02-8511187-3753554","VSV-AZT6E42A-UK","VIVOSUN Inline Duct Fan 6inch/150 mm & Temperature Humidity Controller E42A WiFi-App Control, Quiet Extractor Fan 693 m³/h with EC Motor, Grow Tent Fan& Smart Thermostat for Growbox Hydroponics","1","siprodukmarketplace.stores.amazon.co.uk","Amazon","oswestry","SHR","SY11 1","","0","0","0","0","0","0","0","0","0","0","-9.59","0","0","-9.59","Released","16 Apr 2026 22:18:00 UTC"
"16 Apr 2026 22:29:51 UTC","26863601142","Order","026-4489961-0660318","306201PVC-4-UK","VIVOSUN Inline Duct Fan 4 Inch 190 CFM with Speed Controller, 4 Inch Carbon Filter and 8 Feet of Ducting, Temperature Humidity Monitor for Grow Tent,","1","amazon.co.uk","Seller","SWANSEA","W GLAM","SA2 0","MarketplaceFacilitator","66.07","13.22","0","0","0","0","0","0","-13.22","-11.89","0","-0.24","0","53.94","Released","27 Apr 2026 11:14:46 UTC"
"16 Apr 2026 22:53:27 UTC","26863601142","Order","203-2930367-3737939","VSGB-3-UK-FBM","VIVOSUN 5-Pack 12L Grow Bags Heavy Duty 500G Thickened Nonwoven Plant Fabric Pots with Handles for Vegetables, Flowers, Fruits, Greenhouse and Garden","1","amazon.co.uk","Seller","Warlingham","Surrey","CR6 9","MarketplaceFacilitator","9.91","1.98","0","0","0","0","0","0","-1.98","-1.78","0","-0.04","0","8.09","Released","27 Apr 2026 21:39:41 UTC"
"16 Apr 2026 23:43:08 UTC","26863601142","Order","026-6113254-2100342","LH-001-2-UK","VIVOSUN 2-Pair 1/8 Inch Adjustable Grow Light Hangers, Heavy Duty Rope Hanger with Reinforced Metal Gears, 8Ft. Long and 150 lbs Weight Capacity Rope","1","amazon.co.uk","Amazon","Old Windsor","Berkshire","SL4 2","MarketplaceFacilitator","7.47","1.49","0","0","0","0","0","0","-1.49","-1.34","-2.69","-0.08","0","3.36","Released","24 Apr 2026 23:58:30 UTC"
"17 Apr 2026 00:12:35 UTC","26863601142","Order","026-0565812-0502754","TN-33-UK","VIVOSUN Garden Netting 90 x 90 cm Elastic Trellis Net with 4 Hooks Trellis Net for Climbing Plants Vegetables Fruits and Flowers","1","amazon.co.uk","Amazon","SHEFFIELD","","S6 1","MarketplaceFacilitator","11.43","2.29","0","0","0","0","0","0","-2.29","-2.06","-2.46","-0.09","0","6.82","Released","24 Apr 2026 22:04:58 UTC"
"17 Apr 2026 00:17:12 UTC","26863601142","Order","203-7144917-4621130","VSVC-AZT4-UK-FBM","VIVOSUN Duct Fan 100 mm Extractor Fan 357 m³/h with E12 Speed Control Carbon Filter & 240 cm Air Duct AeroZesh T4 Exhaust Set Cooling and Ventilation","1","amazon.co.uk","Seller","SOUTHAMPTON","","SO45 2","MarketplaceFacilitator","71.16","14.23","0","0","0","0","0","0","-14.23","-12.81","0","-0.26","0","58.09","Released","27 Apr 2026 17:39:44 UTC"
"17 Apr 2026 00:46:06 UTC","26863601142","Order","206-7960329-0723508","311003-5-UK","VIVOSUN Gardening Scissors 6.5 Inch Hand Pruner Shear with Titanium Coated Blades, Pruning Shear for Plants, Flowers, Hedges 1-Pack Blue","1","amazon.co.uk","Amazon","BATTLE","","TN33 9","MarketplaceFacilitator","4.46","0.89","0","0","0","0","0","0","-0.89","-0.80","-1.70","-0.05","0","1.91","Released","24 Apr 2026 16:02:27 UTC"
"17 Apr 2026 00:48:08 UTC","26863601142","Order","026-7120162-1146737","VSV-AZG6-UK","VIVOSUN AeroZesh G6 Inline Duct Fan 6inch/150 mm Extractor Fan 660 m³/h with E12 Speed Controller and Entirely Programmable PWM-Controlled EC Fan for","1","amazon.co.uk","Amazon","Stowmarket","","IP14 1","MarketplaceFacilitator","55.41","11.08","0","0","0","0","0","0","-11.08","-9.97","-3.43","-0.27","0","41.74","Released","24 Apr 2026 21:59:07 UTC"
"17 Apr 2026 00:55:29 UTC","26863601142","Order","026-7109409-0952334","SPray-15L-G-UK-M","VIVOSUN Handheld Garden Pump Sprayer 1.5L, Lawn & Garden Pressure Water Spray Bottle with Adjustable Brass Nozzle, for Plants and Other Cleaning Solut","1","amazon.co.uk","Seller","Looe","Cornwall","PL13 2","MarketplaceFacilitator","14.12","2.83","0","0","0","0","0","0","-2.83","-2.54","0","-0.05","0","11.53","Released","28 Apr 2026 20:40:20 UTC"
"17 Apr 2026 00:56:02 UTC","26863601142","Order","206-2256641-5680348","VSGB-3-UK-FBM","VIVOSUN 5-Pack 12L Grow Bags Heavy Duty 500G Thickened Nonwoven Plant Fabric Pots with Handles for Vegetables, Flowers, Fruits, Greenhouse and Garden","1","amazon.co.uk","Seller","Portsmouth","Hampshire","PO6 4","MarketplaceFacilitator","9.91","1.98","0","0","0","0","0","0","-1.98","-1.78","0","-0.04","0","8.09","Released","27 Apr 2026 22:45:23 UTC"
"17 Apr 2026 00:56:23 UTC","26863601142","Order","204-7303059-6507529","VSE-UH075-UK-FBM","VIVOSUN AeroStream U075 USB Humidifier, 750ml Cool Mist Mini Humidifier with 2 Mist Modes, Auto Shut-Off, Smart Remote Control, Designed for Grow Tent","2","amazon.co.uk","Seller","LONDON","","E17 7","MarketplaceFacilitator","61.64","12.34","0","0","0","0","0","0","-12.34","-11.10","0","-0.22","0","50.32","Released","27 Apr 2026 20:23:00 UTC"
"17 Apr 2026 00:59:22 UTC","26863601142","Order","206-7960325-1712300","305131-PEN-UK-M","VIVOSUN Digital pH Meter, 0.01pH High Accuracy Pen Type pH Tester for Hydroponics, Household Drinking, Pool and Aquarium, UL Certified","1","amazon.co.uk","Seller","London","","SE11 5","MarketplaceFacilitator","8.29","1.66","0","0","0","0","0","0","-1.66","-1.49","0","-0.03","0","6.77","Released","27 Apr 2026 11:46:50 UTC"
"17 Apr 2026 01:11:22 UTC","26863601142","Order","206-4904515-4202729","VSI-FFD2-UK-FBM","VIVOSUN FlexFeed Drip Irrigation Kit, 4W Automatic Irrigation System with Pump & 4 Drip Emitters, App-Controllable Professional Plant Watering Drip Ki","1","amazon.co.uk","Seller","EDINBURGH","","EH12 6","MarketplaceFacilitator","19.99","4.00","0","0","0","0","0","0","-4.00","-3.60","0","-0.07","0","16.32","Released","26 Apr 2026 22:06:55 UTC"
"17 Apr 2026 01:19:27 UTC","26863601142","Order","204-3336538-7854732","VSVC-AZT4-UK-FBM","VIVOSUN Duct Fan 100 mm Extractor Fan 357 m³/h with E12 Speed Control Carbon Filter & 240 cm Air Duct AeroZesh T4 Exhaust Set Cooling and Ventilation","1","amazon.co.uk","Seller","LANCING","","BN15 9","MarketplaceFacilitator","71.16","14.23","0","0","0","0","0","0","-14.23","-12.81","0","-0.26","0","58.09","Released","27 Apr 2026 18:16:34 UTC"
"17 Apr 2026 01:47:06 UTC","26863601142","Order","205-7294298-8182726","304113-P224-UK","VIVOSUN Pro Grow Tent 60x60x120 CM (24""x24""x48""), with Thick 22 mm Poles, 2000D Oxford Fabric with Highly Reflective Mylar Extra Hanging Poles for Hyd","1","amazon.co.uk","Amazon","LEICESTER","Leicestershire","LE7 2","MarketplaceFacilitator","55.41","11.08","0.94","0.19","0","0","-0.94","-0.19","-11.08","-9.97","-5.63","-0.31","0","39.50","Released","24 Apr 2026 21:25:02 UTC"
"17 Apr 2026 01:59:19 UTC","26863601142","Order","204-7692227-0496326","VSH-IS02-UK","VIVOSUN Professional Automatic Drip Irrigation Kits, 15W Output, All in One Professional Grow Kit- Includes Pump, Timer and Regulator, 8 Drip Emitters","1","amazon.co.uk","Amazon","Bolton","North West","BL5 1","","36.12","7.22","0","0","0","0","0","0","0","-6.50","-3.20","0","0","33.64","Released","28 Apr 2026 19:33:45 UTC"
"17 Apr 2026 02:23:15 UTC","26863601142","Order","205-7112951-2613157","311003-5-UK","VIVOSUN Gardening Scissors 6.5 Inch Hand Pruner Shear with Titanium Coated Blades, Pruning Shear for Plants, Flowers, Hedges 1-Pack Blue","1","amazon.co.uk","Amazon","TAUNTON","","TA2 8","MarketplaceFacilitator","4.46","0.89","0","0","0","0","0","0","-0.89","-0.80","-1.70","-0.05","0","1.91","Released","24 Apr 2026 14:54:13 UTC"
"17 Apr 2026 03:44:53 UTC","26863601142","Adjustment","206-3503631-9921950","304113-P336-UK","FBA Inventory Reimbursement - Customer Return","1","","","","","","","0","0","0","0","0","0","0","0","0","0","0","0","60.55","60.55","Released","17 Apr 2026 03:44:53 UTC"
"17 Apr 2026 04:04:32 UTC","26863601142","Order","026-6231754-2993900","305132-PEN-UK","VIVOSUN TDS Tester 3-in-1 TDS EC & Temperature Meter Ultrahigh Accuracy Digital Water Quality TDS Tester, for Drinking Water, Gardening, Aquariums, Bl","1","amazon.co.uk","Amazon","LONDON","","SW11 7","MarketplaceFacilitator","8.32","1.67","0","0","0","0","0","0","-1.67","-1.50","-2.56","-0.08","0","4.18","Released","24 Apr 2026 14:42:11 UTC"
"17 Apr 2026 04:09:55 UTC","26863601142","Order","203-2031971-1575544","311003-4X2NJ-UK","VIVOSUN Pack of 2 Secateurs 17 cm Plant Shears with Ergonomic Handles Pruning Shears with Straight Blades and Titanium Non-Stick Coating Rose Scissors","1","amazon.co.uk","Amazon","ATHERSTONE","","CV9 1","MarketplaceFacilitator","10.82","2.17","0","0","0","0","0","0","-2.17","-1.95","-1.76","-0.08","0","7.03","Released","24 Apr 2026 23:32:48 UTC"
"17 Apr 2026 04:30:05 UTC","26863601142","Order","202-9565227-6938747","VSV-AZG6-UK","VIVOSUN AeroZesh G6 Inline Duct Fan 6inch/150 mm Extractor Fan 660 m³/h with E12 Speed Controller and Entirely Programmable PWM-Controlled EC Fan for","1","amazon.co.uk","Amazon","WEST LYNN","","PE34 3","MarketplaceFacilitator","55.41","11.08","0","0","0","0","0","0","-11.08","-9.97","-3.43","-0.27","0","41.74","Released","24 Apr 2026 22:08:25 UTC"
"17 Apr 2026 04:30:05 UTC","26863601142","Order","202-9565227-6938747","306143-0412-UK-N","VIVOSUN 4 Inch Air Carbon Filter Odor Control with Australia Virgin Charcoal for Inline Fan, Grow Tent Odor Scrubber Indoor Hydroponics, Pre-filter In","1","amazon.co.uk","Amazon","WEST LYNN","","PE34 3","MarketplaceFacilitator","26.82","5.37","0","0","0","0","0","0","-5.37","-4.83","-3.39","-0.17","0","18.43","Released","24 Apr 2026 22:08:25 UTC"
"17 Apr 2026 04:34:42 UTC","26863601142","Order","204-2802625-9923517","304113-P224-UK","VIVOSUN Pro Grow Tent 60x60x120 CM (24""x24""x48""), with Thick 22 mm Poles, 2000D Oxford Fabric with Highly Reflective Mylar Extra Hanging Poles for Hyd","1","amazon.co.uk","Amazon","LEEK","","ST13 8","MarketplaceFacilitator","55.41","11.08","0","0","0","0","0","0","-11.08","-9.97","-5.63","-0.31","0","39.50","Released","24 Apr 2026 23:13:57 UTC"
"17 Apr 2026 05:16:19 UTC","26863601142","Refund","204-8696112-6588310","306201PVC-4-UK","VIVOSUN Inline Duct Fan 4 Inch 190 CFM with Speed Controller, 4 Inch Carbon Filter and 8 Feet of Ducting, Temperature Humidity Monitor for Grow Tent,","1","amazon.co.uk","Seller","WISHAW","North Lanarkshire","ML2 7","MarketplaceFacilitator","-66.07","-13.22","0","0","0","0","0","0","13.22","9.51","0","0.24","0","-56.32","Released","21 Apr 2026 11:42:02 UTC"
"17 Apr 2026 06:25:07 UTC","26863601142","Order","205-4472240-9542709","VSF-AWD4W-UK","VIVOSUN AeroWave D4, 4"" Grow Tent Clip Fan with Detachable Hook, 3-Speed Strong & Quiet Airflow, Adjustable Airflow Angle for Hydroponics, Circulation","1","amazon.co.uk","Seller","MARKET DRAYTON","","TF9 3","MarketplaceFacilitator","15.82","3.17","0","0","0","0","0","0","-3.17","-2.85","0","-0.06","0","12.91","Released","27 Apr 2026 23:56:21 UTC"
"17 Apr 2026 06:38:12 UTC","26863601142","Order","026-5959057-5085929","VSF-AWE6-UK-FBM","VIVOSUN AeroWave E6 6-Inch Clip-on Fan, Patented Portable Indoor Fan with Clip, Strong Airflow but Low Noise, 10 Speeds & 2 Modes IP-54, and Fully-Adj","1","amazon.co.uk","Seller","SANDON","","CM2 7","MarketplaceFacilitator","31.24","6.25","0","0","0","0","0","0","-6.25","-5.62","0","-0.11","0","25.51","Released","27 Apr 2026 14:25:37 UTC"
"17 Apr 2026 07:27:57 UTC","26863601142","Amazon Fees","be9f5285-ad8e-4d39-a56e-930eb087d263","","Voucher participation fee","","Amazon.co.uk","","","","","","0","0","0","0","0","0","0","0","0","-2.00","0","0","0","-2.00","Released","17 Apr 2026 07:27:57 UTC"
"17 Apr 2026 07:45:00 UTC","26863601142","Refund","202-2915629-7330762","330701-01-UK","VIVOSUN Garden Netting 5 x 15ft. Plant Trellis Netting, Heavy-Duty Polyester Grow Net, Garden Trellis Netting with Square Mesh for Climbing Plants, Ve","1","amazon.co.uk","Amazon","WAKEFIELD","West yorkshire","WF4 3","MarketplaceFacilitator","-6.05","-1.21","0","0","0","0","0","0","1.21","0.87","0","0.02","0","-5.16","Released","21 Apr 2026 21:51:48 UTC"
"17 Apr 2026 07:55:36 UTC","26863601142","Order","202-4442591-7273952","VSGB-3-UK-FBM","VIVOSUN 5-Pack 12L Grow Bags Heavy Duty 500G Thickened Nonwoven Plant Fabric Pots with Handles for Vegetables, Flowers, Fruits, Greenhouse and Garden","1","amazon.co.uk","Seller","BIRMINGHAM","","B14 6","MarketplaceFacilitator","9.91","1.98","0","0","0","0","0","0","-1.98","-1.78","0","-0.04","0","8.09","Released","26 Apr 2026 21:59:05 UTC"
"17 Apr 2026 08:28:53 UTC","26863601142","Order","206-2148264-7557940","VSGB-3-UK-FBM","VIVOSUN 5-Pack 12L Grow Bags Heavy Duty 500G Thickened Nonwoven Plant Fabric Pots with Handles for Vegetables, Flowers, Fruits, Greenhouse and Garden","2","amazon.co.uk","Seller","Luton","England","LU3 3","MarketplaceFacilitator","19.82","3.96","0","0","0","0","0","0","-3.96","-3.56","0","-0.07","0","16.19","Released","26 Apr 2026 22:54:46 UTC"
"17 Apr 2026 11:13:41 UTC","26863601142","Order","204-5355378-1357910","VS1000E-UK-FBM","VIVOSUN Grow Lamp LED 100 W Full Spectrum Plant Lamp with Samsung Diodes Grow Light IP65 for Indoor Plants Seedling Vegetative and Flower in 60 x 60 c","1","amazon.co.uk","Seller","SEVENOAKS","","TN15 7","MarketplaceFacilitator","52.49","10.50","0","0","0","0","0","0","-10.50","-9.45","0","-0.19","0","42.85","Released","28 Apr 2026 22:42:10 UTC"
"17 Apr 2026 11:23:15 UTC","26863601142","Order","204-0451860-6633116","VSF-AWE6-UK-FBM","VIVOSUN AeroWave E6 6-Inch Clip-on Fan, Patented Portable Indoor Fan with Clip, Strong Airflow but Low Noise, 10 Speeds & 2 Modes IP-54, and Fully-Adj","1","amazon.co.uk","Seller","LANCING","","BN15 9","MarketplaceFacilitator","31.24","6.25","0","0","0","0","0","0","-6.25","-5.62","0","-0.11","0","25.51","Released","27 Apr 2026 18:19:20 UTC"
"17 Apr 2026 12:00:41 UTC","26863601142","Order","202-2346307-4237955","VSV-AZG6E42A-UK","VIVOSUN AeroZesh G6 Inline Duct Fan 6inch/150 mm Quiet Extractor Fan 660 m³/h with EC Motor and GrowHub E42A WiFi Controller for Growbox, Cooling, Bo","1","amazon.co.uk","Amazon","OSWESTRY","","SY11 1","MarketplaceFacilitator","77.49","15.50","3.74","0.75","0","0","-3.74","-0.75","-15.50","-13.95","-3.43","-0.35","0","59.76","Released","27 Apr 2026 23:01:07 UTC"
"17 Apr 2026 12:43:29 UTC","26863601142","Order","205-0850329-8263546","311001-7x5-UK-M","VIVOSUN Plant Grow Bags 5 Pack 7 Gallon, Heavy Duty Thickened Nonwoven Fabric Pots with Strong Handles, Reusable Breathable Garden Growing Containers","1","amazon.co.uk","Seller","COVENTRY","","CV6 6","MarketplaceFacilitator","11.66","2.33","0","0","0","0","0","0","-2.33","-2.10","0","-0.04","0","9.52","Released","27 Apr 2026 14:30:39 UTC"
"17 Apr 2026 13:48:12 UTC","26863601142","Delivery Services","026-1683763-7637164","","ReturnPostageBilling","","","","","","","","0","0","0","0","0","0","0","0","0","0","0","0","-2.79","-2.79","Released","17 Apr 2026 13:48:12 UTC"
"17 Apr 2026 13:59:18 UTC","26863601142","Order","206-3603375-4697914","304113-3018-UK-FBM","VIVOSUN Grow Tent 75x45x90 CM (30""x18""x36""), High Reflective Mylar with Observation Window and Floor Tray for Hydroponics Indoor Plant for VS1000","1","amazon.co.uk","Seller","NEWPORT","","NP19 0","MarketplaceFacilitator","45.74","9.15","0","0","0","0","0","0","-9.15","-8.23","0","-0.16","0","37.35","Released","28 Apr 2026 20:44:20 UTC"
"17 Apr 2026 14:40:40 UTC","26948042122","Order","206-4870207-8234746","305131-UK-FBM","VIVOSUN Soil Tester, 3-in-1 Plant Moisture Meter Light and PH Tester for Home, Garden, Lawn, Farm, Indoor and Outdoor Use, Promote Plants Healthy Grow","1","amazon.co.uk","Seller","WEST MALLING","","ME19 4","MarketplaceFacilitator","9.16","1.83","0","0","0","0","-1.38","-0.27","-1.56","-1.21","0","-0.02","0","6.55","Released","29 Apr 2026 23:38:55 UTC"
"17 Apr 2026 15:37:52 UTC","26863601142","Order","205-4665565-0182731","VSVC-AZT4-UK-FBM","VIVOSUN Duct Fan 100 mm Extractor Fan 357 m³/h with E12 Speed Control Carbon Filter & 240 cm Air Duct AeroZesh T4 Exhaust Set Cooling and Ventilation","1","amazon.co.uk","Seller","PRESTON","","PR2 1","MarketplaceFacilitator","71.16","14.23","0","0","0","0","0","0","-14.23","-12.81","0","-0.26","0","58.09","Released","28 Apr 2026 22:46:46 UTC"
"17 Apr 2026 16:37:30 UTC","26863601142","Refund","026-1683763-7637164","TN-44-UK-FBM","VIVOSUN Garden Netting 120 x 120 cm, Elastic Trellis Net with 4 Hooks for Climbing Plants Vegetables Fruits and Flowers","1","amazon.co.uk","Seller","HAVANT","HANTS","PO9 4","MarketplaceFacilitator","-10.42","-2.08","0","0","0","0","0","0","2.08","1.50","0","0.04","0","-8.88","Released","21 Apr 2026 16:24:32 UTC"
"17 Apr 2026 16:44:44 UTC","26948042122","Order","205-4401371-9481958","VSF-AWD4W-UK","VIVOSUN AeroWave D4, 4"" Grow Tent Clip Fan with Detachable Hook, 3-Speed Strong & Quiet Airflow, Adjustable Airflow Angle for Hydroponics, Circulation","1","amazon.co.uk","Seller","INKBERROW","Worcestershire","WR7 4","MarketplaceFacilitator","15.82","3.17","0","0","0","0","0","0","-3.17","-2.85","0","-0.06","0","12.91","Released","29 Apr 2026 17:33:33 UTC"
"17 Apr 2026 16:54:45 UTC","26863601142","Order","204-1473318-8366728","304113-P336-UK","VIVOSUN PRO Grow Tent 90x90x180 CM (36""x36""x72""),with Thick 22 mm Poles, 2000D Oxford Fabric with Highly Reflective Mylar Extra Hanging Poles & High C","1","amazon.co.uk","Amazon","LANCING","","BN15 9","MarketplaceFacilitator","133.32","26.67","0","0","0","0","0","0","-26.67","-24.00","-6.70","-0.61","0","102.01","Released","25 Apr 2026 22:10:34 UTC"
"17 Apr 2026 17:09:10 UTC","26863601142","Order","204-3901848-7287522","330701-01-UK","VIVOSUN Garden Netting 5 x 15ft. Plant Trellis Netting, Heavy-Duty Polyester Grow Net, Garden Trellis Netting with Square Mesh for Climbing Plants, Ve","1","amazon.co.uk","Amazon","Tadcaster","Yorkshire and the Humber","LS24 9","MarketplaceFacilitator","6.05","1.21","0","0","0","0","0","0","-1.21","-1.09","-1.70","-0.05","0","3.21","Released","25 Apr 2026 23:21:08 UTC"
"17 Apr 2026 17:20:08 UTC","26863601142","Order","204-9447360-2885153","VSV-AZG6-UK","VIVOSUN AeroZesh G6 Inline Duct Fan 6inch/150 mm Extractor Fan 660 m³/h with E12 Speed Controller and Entirely Programmable PWM-Controlled EC Fan for","1","amazon.co.uk","Amazon","WHITLEY BAY","","NE25 0","MarketplaceFacilitator","55.41","11.08","0","0","0","0","0","0","-11.08","-9.97","-3.43","-0.27","0","41.74","Released","25 Apr 2026 23:52:08 UTC"
"17 Apr 2026 17:23:52 UTC","26863601142","Order","S02-6338310-6259924","311003-5-UK","VIVOSUN Gardening Scissors 6.5 Inch Hand Pruner Shear with Titanium Coated Blades, Pruning Shear for Plants, Flowers, Hedges 1-Pack Blue","1","siprodukmarketplace.stores.amazon.co.uk","Amazon","Clacton-on-Sea","","CO16 7","","0","0","0","0","0","0","0","0","0","0","-3.29","0","0","-3.29","Released","17 Apr 2026 17:23:52 UTC"
"17 Apr 2026 18:03:52 UTC","26863601142","Order","204-9734564-4620305","VG-Y18B-UK-M","VIVOSUN VGrow All-in-One Smart Grow Box, Professional System with Samsung LM301H EVO Grow Light, Advanced Circulation & Ventilation System, Irrigation","1","amazon.co.uk","Seller","DEWSBURY","","WF13 3","","559.99","0","0","0","0","0","0","0","0","-84.00","0","-1.68","0","474.31","Released","28 Apr 2026 13:49:19 UTC"
"17 Apr 2026 18:04:16 UTC","26863601142","Order","026-1377249-7713114","306143-0412-UK-N","VIVOSUN 4 Inch Air Carbon Filter Odor Control with Australia Virgin Charcoal for Inline Fan, Grow Tent Odor Scrubber Indoor Hydroponics, Pre-filter In","1","amazon.co.uk","Amazon","MANCHESTER","","M23 1","MarketplaceFacilitator","26.82","5.37","0","0","0","0","0","0","-5.37","-4.83","-3.39","-0.17","0","18.43","Released","25 Apr 2026 23:16:40 UTC"
"17 Apr 2026 18:12:12 UTC","26948042122","Order","204-3645079-4285955","VSF-AWD4x2-UK-M","VIVOSUN AeroWave D4, 4"" Grow Tent Clip Fan with Detachable Hook, 3-Speed Strong & Quiet Airflow, Adjustable Airflow Angle for Hydroponics, Circulation","1","amazon.co.uk","Seller","PRINCES RISBOROUGH","","HP27 0","MarketplaceFacilitator","29.99","6.00","0","0","0","0","0","0","-6.00","-5.40","0","-0.11","0","24.48","Released","29 Apr 2026 23:53:56 UTC"
"17 Apr 2026 18:12:22 UTC","26948042122","Order","203-3454685-7218752","305140-PEN-UK","VIVOSUN Digital pH and TDS Meter Kits, 0.01pH High Accuracy Pen Type pH Meter ± 2% Readout Accuracy 3-in-1 TDS EC Temperature Meter for Hydroponics,","1","amazon.co.uk","Seller","RAMSGATE","","CT12 4","MarketplaceFacilitator","19.99","4.00","0","0","0","0","0","0","-4.00","-3.60","0","-0.07","0","16.32","Released","29 Apr 2026 21:47:33 UTC"
"17 Apr 2026 18:17:10 UTC","26863601142","Order","203-7132499-3905134","VSV-AZT4-UK","VIVOSUN AeroZesh T4 Inline Duct Fan 4inch/100 mm Extractor Fan 357 m³/h with E12 Speed Controller and Fully Programmable PWM-Controlled EC Quiet Vent","1","amazon.co.uk","Amazon","LONDON","","SE8 5","MarketplaceFacilitator","55.41","11.08","4.16","0.83","0","0","0","0","-11.91","-9.97","-7.58","-0.35","0","41.67","Released","25 Apr 2026 16:02:15 UTC"
"17 Apr 2026 18:23:04 UTC","26863601142","Order","202-9442605-1067548","VSA100SE-UK-FBM","VIVOSUN AeroLight A100SE, LED Grow Light 100W for Indoor Plants with Integrated Circulation Fan, Compatible with App and Growhub Controller E42A/E25 t","1","amazon.co.uk","Seller","CROSBY","Merseyside","L23 7","MarketplaceFacilitator","91.66","18.33","0","0","0","0","0","0","-18.33","-16.50","0","-0.33","0","74.83","Released","28 Apr 2026 11:58:29 UTC"
"17 Apr 2026 18:50:39 UTC","26863601142","Order","205-5722428-4237102","304113-P224-UK","VIVOSUN Pro Grow Tent 60x60x120 CM (24""x24""x48""), with Thick 22 mm Poles, 2000D Oxford Fabric with Highly Reflective Mylar Extra Hanging Poles for Hyd","1","amazon.co.uk","Amazon","BIRMINGHAM","","B26 3","MarketplaceFacilitator","55.41","11.08","0","0","0","0","0","0","-11.08","-9.97","-5.63","-0.31","0","39.50","Released","25 Apr 2026 23:20:18 UTC"
"17 Apr 2026 23:28:43 UTC","26863601142","Order","026-3750332-8435549","LH-001-2-UK","VIVOSUN 2-Pair 1/8 Inch Adjustable Grow Light Hangers, Heavy Duty Rope Hanger with Reinforced Metal Gears, 8Ft. Long and 150 lbs Weight Capacity Rope","1","amazon.co.uk","Amazon","Willersey","","WR127","MarketplaceFacilitator","7.47","1.49","0","0","0","0","0","0","-1.49","-1.34","-2.69","-0.08","0","3.36","Released","25 Apr 2026 20:10:11 UTC"
"17 Apr 2026 23:39:23 UTC","26863601142","Refund","206-0757695-2346736","304113-42-UK","VIVOSUN Grow Tent 120x60x150 CM (48""x24""x60""), Made of Highly Reflective Mylar, with Viewing Window and Base Tray for Hydroponics and Indoor Growing,","1","amazon.co.uk","Amazon","PETERBOROUGH","","PE7 7","MarketplaceFacilitator","-72.19","-14.44","0","0","0","0","0","0","14.44","10.39","0","0.26","0","-61.54","Released","22 Apr 2026 21:48:48 UTC"
"17 Apr 2026 23:47:39 UTC","26863601142","Refund","206-3054626-1101116","SPray-08L-R-UK","VIVOSUN 0.8 L Hand Sprayer with Adjustable Brass Nozzle for Garden and Lawn Care, Pump Sprayer Garden Sprayer for Plant Spraying, Car Care and Other C","1","amazon.co.uk","Amazon","UXBRIDGE","","UB9 6","MarketplaceFacilitator","-13.45","-2.69","0","0","0","0","0","0","2.69","1.94","0","0.05","0","-11.46","Released","17 Apr 2026 23:47:39 UTC"
"18 Apr 2026 00:13:36 UTC","26863601142","Order","026-2098470-9428362","311003-5-UK","VIVOSUN Gardening Scissors 6.5 Inch Hand Pruner Shear with Titanium Coated Blades, Pruning Shear for Plants, Flowers, Hedges 1-Pack Blue","1","amazon.co.uk","Amazon","BURGESS HILL","","RH15 8","MarketplaceFacilitator","4.46","0.89","0","0","0","0","0","0","-0.89","-0.80","-1.70","-0.05","0","1.91","Released","25 Apr 2026 23:32:42 UTC"
"18 Apr 2026 00:19:14 UTC","26863601142","Order","204-3361541-0948326","VSF-AWE6W-UK-FBM","VIVOSUN AeroWave E6 Grow Tent Fan 6"", EC Motor, Smart Wifi Control, US Patented Auto Oscillating Clip fan, Weatherproof IP-54, Strong Airflow but Quie","1","amazon.co.uk","Seller","COWES","","PO31 7","MarketplaceFacilitator","32.66","6.53","0","0","0","0","0","0","-6.53","-5.88","0","-0.12","0","26.66","Released","28 Apr 2026 22:40:42 UTC"
"18 Apr 2026 00:28:46 UTC","26863601142","Order","026-9728681-6655518","VSV-AZT4-UK","VIVOSUN AeroZesh T4 Inline Duct Fan 4inch/100 mm Extractor Fan 357 m³/h with E12 Speed Controller and Fully Programmable PWM-Controlled EC Quiet Vent","1","amazon.co.uk","Amazon","DORKING","","RH4 1","MarketplaceFacilitator","55.41","11.08","0","0","0","0","0","0","-11.08","-9.97","-3.42","-0.27","0","41.75","Released","25 Apr 2026 21:42:13 UTC"
"18 Apr 2026 00:43:45 UTC","26948042122","Order","205-4619153-5847537","VSGB-7-UK-M","VIVOSUN Grow Bags 5-Pack 30L, 500G Thick Nonwoven Fabric Pots with Strap Handles, Multi-Purpose Rings, for Low Stress Plant Training Fruits, Vegetable","1","amazon.co.uk","Seller","BILLERICAY","","CM12 0","MarketplaceFacilitator","12.24","2.45","0","0","0","0","0","0","-2.45","-2.20","0","-0.04","0","10.00","Released","29 Apr 2026 23:01:51 UTC"
"18 Apr 2026 00:43:46 UTC","26863601142","Order","204-6829296-3069938","306201PVC-4-UK","VIVOSUN Inline Duct Fan 4 Inch 190 CFM with Speed Controller, 4 Inch Carbon Filter and 8 Feet of Ducting, Temperature Humidity Monitor for Grow Tent,","1","amazon.co.uk","Seller","SITTINGBOURNE","","ME9 9","MarketplaceFacilitator","66.07","13.22","0","0","0","0","0","0","-13.22","-11.89","0","-0.24","0","53.94","Released","28 Apr 2026 17:44:42 UTC"
"18 Apr 2026 00:59:44 UTC","26863601142","Order","203-0039569-0149938","VSV-AZG6E42A-UK","VIVOSUN AeroZesh G6 Inline Duct Fan 6inch/150 mm Quiet Extractor Fan 660 m³/h with EC Motor and GrowHub E42A WiFi Controller for Growbox, Cooling, Bo","1","amazon.co.uk","Amazon","Blaydon-on-tyne","Tyne and wear","NE216","MarketplaceFacilitator","77.49","15.50","2.08","0.42","0","0","0","0","-15.92","-13.95","-5.51","-0.39","0","59.72","Released","25 Apr 2026 20:48:54 UTC"
"18 Apr 2026 01:11:32 UTC","26863601142","Order","203-4077261-4853169","311003-5-UK","VIVOSUN Gardening Scissors 6.5 Inch Hand Pruner Shear with Titanium Coated Blades, Pruning Shear for Plants, Flowers, Hedges 1-Pack Blue","1","amazon.co.uk","Amazon","LEEDS","W Yorkshire","LS26 0","MarketplaceFacilitator","4.46","0.89","0.15","0.03","0","0","-0.15","-0.03","-0.89","-0.80","-1.70","-0.05","0","1.91","Released","25 Apr 2026 07:31:55 UTC"
"18 Apr 2026 01:34:14 UTC","26863601142","Refund","206-0757695-2346736","VSV-AZT4E42A-UK","VIVOSUN Inline Duct Fan 4 inch/100 mm with E42A WiFi-App Controller, Quiet Extractor Fan 357 m³/h with EC Motor Exhaust Fan for Heating, Cooling, Gre","1","amazon.co.uk","Amazon","PETERBOROUGH","","PE7 7","MarketplaceFacilitator","-75.82","-15.17","0","0","0","0","0","0","15.17","10.92","0","0.27","0","-64.63","Released","22 Apr 2026 09:49:06 UTC"
"18 Apr 2026 01:44:59 UTC","26863601142","Order","202-9930971-6725946","304113-P276-UK","VIVOSUN Pro Grow Tent 80x80x160 CM (32""x32""x63""), with Thick 22 mm Poles, 2000DOxford Fabric with Highly Reflective Mylar Extra Hanging Poles, Growbox","1","amazon.co.uk","Amazon","LEEDS","W Yorkshire","LS25 7","MarketplaceFacilitator","72.03","14.41","0","0","0","0","0","0","-14.41","-12.97","-6.09","-0.38","0","52.59","Released","25 Apr 2026 23:18:40 UTC"
"18 Apr 2026 02:16:33 UTC","26863601142","Order","204-7267928-2219545","304113-P276-UK","VIVOSUN Pro Grow Tent 80x80x160 CM (32""x32""x63""), with Thick 22 mm Poles, 2000DOxford Fabric with Highly Reflective Mylar Extra Hanging Poles, Growbox","1","amazon.co.uk","Amazon","ERSKINE","","PA8 6","MarketplaceFacilitator","72.03","14.41","0","0","0","0","0","0","-14.41","-12.97","-6.09","-0.38","0","52.59","Released","25 Apr 2026 22:04:51 UTC"
"18 Apr 2026 02:39:01 UTC","26863601142","Order","205-7734109-4984322","VSH-IS03-UK","VIVOSUN Solar Automatic Drip Irrigation Kits with Timer, 3W Output, Solar Powered Auto Drip Irrigation System, 15 Pots Garden Plant Watering System, P","1","amazon.co.uk","Amazon","Wellingborough","Northamptonshire","NN8 4","MarketplaceFacilitator","21.56","4.31","0","0","0","0","-6.47","-1.29","-3.02","-2.72","-3.20","-0.11","0","9.06","Released","25 Apr 2026 20:19:28 UTC"
"18 Apr 2026 02:54:53 UTC","26863601142","Order","026-1225625-0055557","311003-5-UK","VIVOSUN Gardening Scissors 6.5 Inch Hand Pruner Shear with Titanium Coated Blades, Pruning Shear for Plants, Flowers, Hedges 1-Pack Blue","1","amazon.co.uk","Amazon","London","England","SW1W 8","MarketplaceFacilitator","4.46","0.89","0.47","0.09","0","0","-0.47","-0.09","-0.89","-0.80","-1.70","-0.05","0","1.91","Released","25 Apr 2026 22:30:57 UTC"
"18 Apr 2026 03:09:07 UTC","26863601142","Order","204-6243841-8697911","311003-5-UK","VIVOSUN Gardening Scissors 6.5 Inch Hand Pruner Shear with Titanium Coated Blades, Pruning Shear for Plants, Flowers, Hedges 1-Pack Blue","1","amazon.co.uk","Amazon","Kenilworth","","CV8 1","MarketplaceFacilitator","4.46","0.89","0","0","0","0","0","0","-0.89","-0.80","-1.70","-0.05","0","1.91","Released","25 Apr 2026 22:02:38 UTC"
"18 Apr 2026 03:17:43 UTC","26863601142","Order","206-6543607-0021110","311003-5-UK","VIVOSUN Gardening Scissors 6.5 Inch Hand Pruner Shear with Titanium Coated Blades, Pruning Shear for Plants, Flowers, Hedges 1-Pack Blue","1","amazon.co.uk","Amazon","Castle Cary","","BA7 7","MarketplaceFacilitator","4.46","0.89","0","0","0","0","0","0","-0.89","-0.80","-1.70","-0.05","0","1.91","Released","25 Apr 2026 21:18:24 UTC"
"18 Apr 2026 03:31:00 UTC","26863601142","Order","202-7949558-8463532","TN-55-UK","VIVOSUN Garden Netting 150 x 150 cm, Trellis Net with 4 Hooks Trellis Net for Climbing Plants Vegetables Fruits and Flowers","2","amazon.co.uk","Amazon","SAFFRON WALDEN","","CB10 1","MarketplaceFacilitator","28.24","5.66","1.06","0.22","0","0","-1.06","-0.22","-5.66","-5.08","-5.48","-0.21","0","17.47","Released","25 Apr 2026 23:57:21 UTC"
"18 Apr 2026 04:10:32 UTC","26863601142","Order","026-4787498-7893930","VSV-AZT4E42A-UK","VIVOSUN Inline Duct Fan 4 inch/100 mm with E42A WiFi-App Controller, Quiet Extractor Fan 357 m³/h with EC Motor Exhaust Fan for Heating, Cooling, Gre","1","amazon.co.uk","Amazon","Tur Langton","Leicestershire","LE80","MarketplaceFacilitator","75.82","15.17","0","0","0","0","0","0","-15.17","-13.65","-3.59","-0.34","0","58.24","Released","25 Apr 2026 20:42:14 UTC"
"18 Apr 2026 04:11:31 UTC","26863601142","Order","202-8919901-8185129","311003-5-UK","VIVOSUN Gardening Scissors 6.5 Inch Hand Pruner Shear with Titanium Coated Blades, Pruning Shear for Plants, Flowers, Hedges 1-Pack Blue","1","amazon.co.uk","Amazon","THORNTON HEATH","","CR7 8","MarketplaceFacilitator","4.46","0.89","0","0","0","0","0","0","-0.89","-0.80","-1.70","-0.05","0","1.91","Released","25 Apr 2026 20:00:43 UTC"
"18 Apr 2026 04:14:02 UTC","26863601142","Order","202-0721346-0745124","VSGB-7-UK-M","VIVOSUN Grow Bags 5-Pack 30L, 500G Thick Nonwoven Fabric Pots with Strap Handles, Multi-Purpose Rings, for Low Stress Plant Training Fruits, Vegetable","1","amazon.co.uk","Seller","NORTH TAWTON","","EX20 2","MarketplaceFacilitator","12.24","2.45","0","0","0","0","0","0","-2.45","-2.20","0","-0.04","0","10.00","Released","28 Apr 2026 12:56:09 UTC"
"18 Apr 2026 04:14:02 UTC","26863601142","Order","202-0721346-0745124","VSGB-15-UK-FBM","VIVOSUN Grow Bags 5-Pack 60L, 500G Thick Nonwoven Fabric Pots with Strap Handles, Multi-Purpose Rings, for Low Stress Plant Training Fruits, Vegetable","1","amazon.co.uk","Seller","NORTH TAWTON","","EX20 2","MarketplaceFacilitator","14.57","2.92","0","0","0","0","0","0","-2.92","-2.62","0","-0.05","0","11.90","Released","28 Apr 2026 12:56:09 UTC"
"18 Apr 2026 06:16:21 UTC","26863601142","Amazon Fees","76ed14f6-0d09-42ad-8453-aab9d041a0b2","","Voucher performance-based fee","","Amazon.co.uk","","","","","","0","0","0","0","0","0","0","0","0","-2.83","0","0","0","-2.83","Released","18 Apr 2026 06:16:21 UTC"
"18 Apr 2026 06:17:36 UTC","26863601142","Amazon Fees","d7fca2bd-8cff-476e-99e8-79598e1fbaa1","","Voucher performance-based fee","","Amazon.co.uk","","","","","","0","0","0","0","0","0","0","0","0","-1.06","0","0","0","-1.06","Released","18 Apr 2026 06:17:36 UTC"
"18 Apr 2026 06:20:09 UTC","26863601142","Order","204-8246874-2060344","311003-5-UK","VIVOSUN Gardening Scissors 6.5 Inch Hand Pruner Shear with Titanium Coated Blades, Pruning Shear for Plants, Flowers, Hedges 1-Pack Blue","1","amazon.co.uk","Amazon","GLASGOW","","G42 9","MarketplaceFacilitator","4.46","0.89","0","0","0","0","0","0","-0.89","-0.80","-1.70","-0.05","0","1.91","Released","25 Apr 2026 12:43:54 UTC"
"18 Apr 2026 06:38:44 UTC","26863601142","Amazon Fees","d7fca2bd-8cff-476e-99e8-79598e1fbaa1","","Voucher participation fee","","Amazon.co.uk","","","","","","0","0","0","0","0","0","0","0","0","-2.00","0","0","0","-2.00","Released","18 Apr 2026 06:38:44 UTC"
"18 Apr 2026 06:41:13 UTC","26863601142","Amazon Fees","76ed14f6-0d09-42ad-8453-aab9d041a0b2","","Voucher participation fee","","Amazon.co.uk","","","","","","0","0","0","0","0","0","0","0","0","-2.00","0","0","0","-2.00","Released","18 Apr 2026 06:41:13 UTC"
"18 Apr 2026 06:55:41 UTC","26948042122","Order","203-5688733-7826759","305131-PEN-UK-M","VIVOSUN Digital pH Meter, 0.01pH High Accuracy Pen Type pH Tester for Hydroponics, Household Drinking, Pool and Aquarium, UL Certified","1","amazon.co.uk","Seller","CHEADLE","UK","SK8 5","MarketplaceFacilitator","8.29","1.66","0","0","0","0","0","0","-1.66","-1.49","0","-0.03","0","6.77","Released","1 May 2026 23:29:14 UTC"
"18 Apr 2026 07:19:51 UTC","26863601142","Order","202-4092793-6038757","311001-20x5-UK-FBM","VIVOSUN Plant Grow Bags 5 Pack 80L, Heavy Duty Thickened Nonwoven Fabric Pots with Strong Handles, Reusable Breathable Garden Growing Containers for V","1","amazon.co.uk","Seller","WEDNESBURY","W Midlands","WS10 7","MarketplaceFacilitator","16.87","3.37","0","0","0","0","0","0","-3.37","-3.04","0","-0.06","0","13.77","Released","28 Apr 2026 18:34:09 UTC"
"18 Apr 2026 07:19:51 UTC","26863601142","Order","202-4092793-6038757","311001-10x5-UK-FBM","VIVOSUN Plant Grow Bags 5 Pack 40L, Heavy Duty Thickened Nonwoven Fabric Pots with Strong Handles, Reusable Breathable Garden Growing Containers for V","1","amazon.co.uk","Seller","WEDNESBURY","W Midlands","WS10 7","MarketplaceFacilitator","14.80","2.96","0","0","0","0","0","0","-2.96","-2.66","0","-0.05","0","12.09","Released","28 Apr 2026 18:34:09 UTC"
"18 Apr 2026 07:45:51 UTC","26863601142","Refund","206-6718302-7313906","306201PVC-4-UK","VIVOSUN Inline Duct Fan 4 Inch 190 CFM with Speed Controller, 4 Inch Carbon Filter and 8 Feet of Ducting, Temperature Humidity Monitor for Grow Tent,","1","amazon.co.uk","Seller","LEEDS","West yorkshire","LS9 0","MarketplaceFacilitator","-66.07","-13.22","0","0","0","0","0","0","13.22","9.51","0","0.24","0","-56.32","Released","18 Apr 2026 11:07:42 UTC"
"18 Apr 2026 08:58:29 UTC","26948042122","Order","205-6862756-8137949","VSGB-7-UK-M","VIVOSUN Grow Bags 5-Pack 30L, 500G Thick Nonwoven Fabric Pots with Strap Handles, Multi-Purpose Rings, for Low Stress Plant Training Fruits, Vegetable","1","amazon.co.uk","Seller","DUNDEE","","DD1 1","MarketplaceFacilitator","12.24","2.45","0","0","0","0","0","0","-2.45","-2.20","0","-0.04","0","10.00","Released","29 Apr 2026 17:53:23 UTC"
"18 Apr 2026 12:09:02 UTC","26863601142","Order","205-9664186-6519520","304113-42-UK","VIVOSUN Grow Tent 120x60x150 CM (48""x24""x60""), Made of Highly Reflective Mylar, with Viewing Window and Base Tray for Hydroponics and Indoor Growing,","1","amazon.co.uk","Amazon","BRADFORD","","BD13 3","MarketplaceFacilitator","72.19","14.44","0","0","0","0","0","0","-14.44","-12.99","-12.55","-0.51","0","46.14","Released","25 Apr 2026 20:14:17 UTC"
"18 Apr 2026 12:10:09 UTC","26948042122","Order","202-0854017-8504311","VSGB-3-UK-FBM","VIVOSUN 5-Pack 12L Grow Bags Heavy Duty 500G Thickened Nonwoven Plant Fabric Pots with Handles for Vegetables, Flowers, Fruits, Greenhouse and Garden","1","amazon.co.uk","Seller","GUILDFORD","","GU2 8","MarketplaceFacilitator","9.91","1.98","0","0","0","0","0","0","-1.98","-1.78","0","-0.04","0","8.09","Released","29 Apr 2026 11:20:22 UTC"
"18 Apr 2026 12:20:04 UTC","26863601142","Order","205-1117703-4057126","311001-7x5-UK-M","VIVOSUN Plant Grow Bags 5 Pack 7 Gallon, Heavy Duty Thickened Nonwoven Fabric Pots with Strong Handles, Reusable Breathable Garden Growing Containers","1","amazon.co.uk","Seller","JARROW","Tyne And Wear","NE32 4","MarketplaceFacilitator","11.66","2.33","0","0","0","0","0","0","-2.33","-2.10","0","-0.04","0","9.52","Released","28 Apr 2026 14:02:10 UTC"
"18 Apr 2026 13:46:15 UTC","26948042122","Order","203-0016016-6329137","VSGB-10-UK-FBM","VIVOSUN Grow Bags 5-Pack 40L, 500G Thick Nonwoven Fabric Pots with Strap Handles, Multi-Purpose Rings, for Low Stress Plant Training Fruits, Vegetable","1","amazon.co.uk","Seller","OXFORD","","OX4 2","MarketplaceFacilitator","13.41","2.68","0","0","0","0","0","0","-2.68","-2.41","0","-0.05","0","10.95","Released","29 Apr 2026 23:37:51 UTC"
"18 Apr 2026 14:35:35 UTC","26948042122","Order","205-0867323-7325113","VSGB-25-UK-FBM","VIVOSUN Grow Bags 5-Pack 95L, 500G Thick Nonwoven Fabric Pots with Strap Handles, Multi-Purpose Rings, for Low Stress Plant Training Fruits, Vegetable","1","amazon.co.uk","Seller","STAFFORD","","ST16 1","MarketplaceFacilitator","20.99","4.20","0","0","0","0","0","0","-4.20","-3.78","0","-0.08","0","17.13","Released","29 Apr 2026 17:05:54 UTC"
"18 Apr 2026 15:40:55 UTC","26948042122","Order","205-1193444-1901949","VSF-AWE6-Gx2-UK-FBM","VIVOSUN Pack of 2 AeroWave E6 Grow Tent Fan 15 cm, EC Motor, Smart WiFi Control, US-Patented Clip Fan with Automatic Oscillation, Weatherproof accordi","1","amazon.co.uk","Seller","ASHTON-UNDER-LYNE","","OL7 0","MarketplaceFacilitator","55.19","11.04","0","0","0","0","0","0","-11.04","-9.93","0","-0.20","0","45.06","Released","5 May 2026 07:32:35 UTC"
"18 Apr 2026 16:13:35 UTC","26863601142","Order","026-6060373-5982717","TN-55-UK","VIVOSUN Garden Netting 150 x 150 cm, Trellis Net with 4 Hooks Trellis Net for Climbing Plants Vegetables Fruits and Flowers","1","amazon.co.uk","Amazon","ROGART","Sutherland","IV28 3","MarketplaceFacilitator","14.12","2.83","0","0","0","0","0","0","-2.83","-2.54","-2.74","-0.10","0","8.74","Released","26 Apr 2026 22:26:20 UTC"
"18 Apr 2026 16:23:22 UTC","26948042122","Order","203-9777769-9342755","VSGB-5-UK-FBM","VIVOSUN Grow Bags 5-Pack 20L, 500G Thick Nonwoven Fabric Pots with Strap Handles, Multi-Purpose Rings, for Low Stress Plant Training Fruits, Vegetable","1","amazon.co.uk","Seller","PETERBOROUGH","","PE7 8","MarketplaceFacilitator","11.87","2.37","0","0","0","0","0","0","-2.37","-2.14","0","-0.04","0","9.69","Released","29 Apr 2026 12:45:01 UTC"
"18 Apr 2026 16:23:58 UTC","26863601142","Order","203-9400818-6375510","311003-5-UK","VIVOSUN Gardening Scissors 6.5 Inch Hand Pruner Shear with Titanium Coated Blades, Pruning Shear for Plants, Flowers, Hedges 1-Pack Blue","1","amazon.co.uk","Amazon","LONDON","","E9 5","MarketplaceFacilitator","4.46","0.89","0","0","0","0","0","0","-0.89","-0.80","-1.70","-0.05","0","1.91","Released","26 Apr 2026 22:06:49 UTC"
"18 Apr 2026 16:38:06 UTC","26863601142","Order","206-1018462-3780343","VSV-AZT6-UK","VIVOSUN AeroZesh T6 Inline Duct Fan 6 inch/150 mm Extractor Fan 693 m³/h with E12 Speed Controller and Entirely Programmable PWM-Controlled EC Fan fo","1","amazon.co.uk","Amazon","MOTHERWELL","","ML1 2","MarketplaceFacilitator","66.49","13.30","0","0","0","0","0","0","-13.30","-11.97","-3.43","-0.31","0","50.78","Released","27 Apr 2026 00:14:34 UTC"
"18 Apr 2026 16:55:37 UTC","26948042122","Order","206-8949688-9174737","VSGB-15-UK-FBM","VIVOSUN Grow Bags 5-Pack 60L, 500G Thick Nonwoven Fabric Pots with Strap Handles, Multi-Purpose Rings, for Low Stress Plant Training Fruits, Vegetable","1","amazon.co.uk","Seller","SWANSEA","","SA3 1","MarketplaceFacilitator","14.57","2.92","0","0","0","0","0","0","-2.92","-2.62","0","-0.05","0","11.90","Released","29 Apr 2026 22:02:56 UTC"
"18 Apr 2026 17:04:02 UTC","26863601142","Order","202-3008236-6513944","VSVC-AZT4-UK-FBM","VIVOSUN Duct Fan 100 mm Extractor Fan 357 m³/h with E12 Speed Control Carbon Filter & 240 cm Air Duct AeroZesh T4 Exhaust Set Cooling and Ventilation","1","amazon.co.uk","Seller","CHELMSFORD","","CM3 8","MarketplaceFacilitator","71.16","14.23","0","0","0","0","0","0","-14.23","-12.81","0","-0.26","0","58.09","Released","28 Apr 2026 17:19:43 UTC"
"18 Apr 2026 17:04:23 UTC","26863601142","Order","026-4869416-6265136","VSGB-10-UK-FBM","VIVOSUN Grow Bags 5-Pack 40L, 500G Thick Nonwoven Fabric Pots with Strap Handles, Multi-Purpose Rings, for Low Stress Plant Training Fruits, Vegetable","2","amazon.co.uk","Seller","PRESTWICK","","KA9 1","MarketplaceFacilitator","26.82","5.36","0","0","0","0","0","0","-5.36","-4.82","0","-0.10","0","21.90","Released","28 Apr 2026 15:14:19 UTC"
"18 Apr 2026 17:07:24 UTC","26863601142","Refund","026-2055740-8333931","304113-42-UK","VIVOSUN Grow Tent 120x60x150 CM (48""x24""x60""), Made of Highly Reflective Mylar, with Viewing Window and Base Tray for Hydroponics and Indoor Growing,","1","amazon.co.uk","Amazon","SWANLEY","kent","BR88","MarketplaceFacilitator","-72.19","-14.44","0","0","0","0","0","0","14.44","10.39","0","0.26","0","-61.54","Released","23 Apr 2026 00:22:46 UTC"
"18 Apr 2026 17:16:19 UTC","26863601142","Order","204-7435081-1706755","311003-5-UK","VIVOSUN Gardening Scissors 6.5 Inch Hand Pruner Shear with Titanium Coated Blades, Pruning Shear for Plants, Flowers, Hedges 1-Pack Blue","1","amazon.co.uk","Amazon","HOLMFIRTH","","HD9 1","MarketplaceFacilitator","4.46","0.89","0","0","0","0","0","0","-0.89","-0.80","-1.70","-0.05","0","1.91","Released","26 Apr 2026 20:17:44 UTC"
"18 Apr 2026 17:17:56 UTC","26863601142","Order","204-1266898-9692332","VSGB-25-UK-FBM","VIVOSUN Grow Bags 5-Pack 95L, 500G Thick Nonwoven Fabric Pots with Strap Handles, Multi-Purpose Rings, for Low Stress Plant Training Fruits, Vegetable","4","amazon.co.uk","Seller","LONDON","","NW4 3","MarketplaceFacilitator","83.96","16.80","0","0","0","0","0","0","-16.80","-15.12","0","-0.30","0","68.54","Released","28 Apr 2026 09:57:52 UTC"
"18 Apr 2026 17:32:16 UTC","26948042122","Order","204-2153238-3424309","306201PVC-4-UK","VIVOSUN Inline Duct Fan 4 Inch 190 CFM with Speed Controller, 4 Inch Carbon Filter and 8 Feet of Ducting, Temperature Humidity Monitor for Grow Tent,","1","amazon.co.uk","Seller","CLASE","","SA6 7","MarketplaceFacilitator","66.07","13.22","0","0","0","0","0","0","-13.22","-11.89","0","-0.24","0","53.94","Released","2 May 2026 21:37:58 UTC"
"18 Apr 2026 19:07:44 UTC","26948042122","Order","026-4382135-4773119","311001-5x5-UK-FBM","VIVOSUN 5-Pack 20L Grow Bags Heavy Duty 300G Thickened Nonwoven Plant Fabric Pots with Handles for Vegetables, Flowers, Fruits, Greenhouse and Garden","1","amazon.co.uk","Seller","LONDON","","SW19 8","MarketplaceFacilitator","14.99","3.00","0","0","0","0","0","0","-3.00","-2.70","0","-0.05","0","12.24","Released","29 Apr 2026 16:21:19 UTC"
"18 Apr 2026 19:09:00 UTC","26863601142","Order","204-7546047-1105168","311003-5-UK","VIVOSUN Gardening Scissors 6.5 Inch Hand Pruner Shear with Titanium Coated Blades, Pruning Shear for Plants, Flowers, Hedges 1-Pack Blue","1","amazon.co.uk","Amazon","KINGSWINFORD","","DY6 7","MarketplaceFacilitator","4.46","0.89","0","0","0","0","0","0","-0.89","-0.80","-1.70","-0.05","0","1.91","Released","26 Apr 2026 22:08:13 UTC"
"18 Apr 2026 19:23:08 UTC","26863601142","Order","203-8739782-2491504","VSH-IS02-UK","VIVOSUN Professional Automatic Drip Irrigation Kits, 15W Output, All in One Professional Grow Kit- Includes Pump, Timer and Regulator, 8 Drip Emitters","1","amazon.co.uk","Amazon","CHEADLE","UK","SK8 5","MarketplaceFacilitator","36.12","7.22","0","0","0","0","0","0","-7.22","-6.50","-3.20","-0.19","0","26.23","Released","26 Apr 2026 13:55:55 UTC"
"18 Apr 2026 19:24:09 UTC","26863601142","Order","204-8199528-3605936","304113-P224-UK","VIVOSUN Pro Grow Tent 60x60x120 CM (24""x24""x48""), with Thick 22 mm Poles, 2000D Oxford Fabric with Highly Reflective Mylar Extra Hanging Poles for Hyd","1","amazon.co.uk","Amazon","Cork","Cork","","MarketplaceFacilitator","45.05","10.36","0","0","0","0","0","0","-10.36","-9.97","-5.63","-0.31","0","29.14","Released","27 Apr 2026 22:52:52 UTC"
"18 Apr 2026 20:22:52 UTC","26863601142","Order","026-0249035-8461909","LH-001-2-UK","VIVOSUN 2-Pair 1/8 Inch Adjustable Grow Light Hangers, Heavy Duty Rope Hanger with Reinforced Metal Gears, 8Ft. Long and 150 lbs Weight Capacity Rope","1","amazon.co.uk","Amazon","NORWICH","","NR10 5","MarketplaceFacilitator","7.47","1.49","0","0","0","0","0","0","-1.49","-1.34","-2.69","-0.08","0","3.36","Released","26 Apr 2026 17:09:34 UTC"
"18 Apr 2026 20:41:00 UTC","26863601142","Order","202-9710370-1397947","TN-33-UK","VIVOSUN Garden Netting 90 x 90 cm Elastic Trellis Net with 4 Hooks Trellis Net for Climbing Plants Vegetables Fruits and Flowers","1","amazon.co.uk","Amazon","SEAFORD","E Sussex","BN25 3","MarketplaceFacilitator","11.43","2.29","0","0","0","0","0","0","-2.29","-2.06","-2.46","-0.09","0","6.82","Released","26 Apr 2026 15:58:34 UTC"
"18 Apr 2026 21:13:23 UTC","26948042122","Order","206-4547138-3984303","PH004J-UK-FBM","VIVOSUN PH Meter Digital PH Tester Pen 0.01 High Accuracy Water Quality Tester with 0-14 PH Measurement Range for Hydroponics, Household Drinking, Poo","1","amazon.co.uk","Seller","MENAI BRIDGE","","LL59 5","MarketplaceFacilitator","11.32","2.27","0","0","0","0","0","0","-2.27","-2.04","0","-0.04","0","9.24","Released","29 Apr 2026 21:54:20 UTC"
"18 Apr 2026 21:44:48 UTC","26863601142","Order","204-3184275-4490749","VSH-IS02-UK","VIVOSUN Professional Automatic Drip Irrigation Kits, 15W Output, All in One Professional Grow Kit- Includes Pump, Timer and Regulator, 8 Drip Emitters","1","amazon.co.uk","Amazon","HONINGTON","","CV36 5","MarketplaceFacilitator","36.12","7.22","0","0","0","0","0","0","-7.22","-6.50","-3.20","-0.19","0","26.23","Released","26 Apr 2026 14:56:30 UTC"
"18 Apr 2026 22:19:34 UTC","26863601142","Order","204-4791001-1821909","TN-55-UK","VIVOSUN Garden Netting 150 x 150 cm, Trellis Net with 4 Hooks Trellis Net for Climbing Plants Vegetables Fruits and Flowers","2","amazon.co.uk","Amazon","London","","N22 5","MarketplaceFacilitator","28.24","5.66","0","0","0","0","0","0","-5.66","-5.08","-5.48","-0.21","0","17.47","Released","26 Apr 2026 22:06:39 UTC"
"18 Apr 2026 23:21:56 UTC","26863601142","Order","204-6868470-5558716","311003-5-UK","VIVOSUN Gardening Scissors 6.5 Inch Hand Pruner Shear with Titanium Coated Blades, Pruning Shear for Plants, Flowers, Hedges 1-Pack Blue","1","amazon.co.uk","Amazon","NORTHAMPTON","","NN3 6","MarketplaceFacilitator","4.46","0.89","0","0","0","0","0","0","-0.89","-0.80","-1.70","-0.05","0","1.91","Released","26 Apr 2026 17:42:49 UTC"
"18 Apr 2026 23:35:56 UTC","26863601142","Order","204-4799430-0485934","311003-5-UK","VIVOSUN Gardening Scissors 6.5 Inch Hand Pruner Shear with Titanium Coated Blades, Pruning Shear for Plants, Flowers, Hedges 1-Pack Blue","1","amazon.co.uk","Amazon","London","","N16 8","MarketplaceFacilitator","4.46","0.89","0","0","0","0","0","0","-0.89","-0.80","-1.70","-0.05","0","1.91","Released","26 Apr 2026 21:32:02 UTC"
"18 Apr 2026 23:42:03 UTC","26863601142","Order","205-2427564-0437940","311001-3x5-UK-N","VIVOSUN Grow Bags 5 Pack 12L, Heavy Duty Thickened Nonwoven Fabric Pots with Strong Handles for Vegetables, Flowers, Fruits, Greenhouse and Garden","2","amazon.co.uk","Amazon","ASHFORD","Kent","TN26 1","MarketplaceFacilitator","22.64","4.54","0","0","0","0","0","0","-4.54","-4.08","-6.40","-0.21","0","11.95","Released","26 Apr 2026 21:18:32 UTC"
"19 Apr 2026 01:16:17 UTC","26863601142","Order","204-4939816-3723522","330701-01-UK","VIVOSUN Garden Netting 5 x 15ft. Plant Trellis Netting, Heavy-Duty Polyester Grow Net, Garden Trellis Netting with Square Mesh for Climbing Plants, Ve","1","amazon.co.uk","Amazon","GODALMING","","GU7 2","MarketplaceFacilitator","6.05","1.21","0","0","0","0","0","0","-1.21","-1.09","-1.70","-0.05","0","3.21","Released","26 Apr 2026 23:35:57 UTC"
"19 Apr 2026 03:32:26 UTC","26863601142","Order","206-0839768-3409965","311003-5-UK","VIVOSUN Gardening Scissors 6.5 Inch Hand Pruner Shear with Titanium Coated Blades, Pruning Shear for Plants, Flowers, Hedges 1-Pack Blue","1","amazon.co.uk","Amazon","Chelmsford","Essex","CM1 2","MarketplaceFacilitator","4.46","0.89","0","0","0","0","0","0","-0.89","-0.80","-1.70","-0.05","0","1.91","Released","26 Apr 2026 22:49:12 UTC"
"19 Apr 2026 03:34:31 UTC","26863601142","Order","205-5179869-9609969","306201P-8-UK-FBM","VIVOSUN Inline Duct Fan 8 Inch 720 CFM EC Motor with Speed Controller, Quiet Pipe Fan, R8 Pipe Fan for Grow Tent, Greenhouse Ventilation","1","amazon.co.uk","Seller","SIDCUP","","DA15 9","MarketplaceFacilitator","54.99","11.00","0","0","0","0","0","0","-11.00","-9.90","0","-0.20","0","44.89","Released","28 Apr 2026 16:13:18 UTC"
"19 Apr 2026 03:41:36 UTC","26863601142","Order","205-5862269-8460342","VSV-AZT4E42A-UK","VIVOSUN Inline Duct Fan 4 inch/100 mm with E42A WiFi-App Controller, Quiet Extractor Fan 357 m³/h with EC Motor Exhaust Fan for Heating, Cooling, Gre","1","amazon.co.uk","Amazon","BIRMINGHAM","","B26 3","MarketplaceFacilitator","75.82","15.17","0","0","0","0","0","0","-15.17","-13.65","-3.59","-0.34","0","58.24","Released","26 Apr 2026 22:22:24 UTC"
"19 Apr 2026 04:19:05 UTC","26863601142","Order","205-6477630-0067537","311003-5-UK","VIVOSUN Gardening Scissors 6.5 Inch Hand Pruner Shear with Titanium Coated Blades, Pruning Shear for Plants, Flowers, Hedges 1-Pack Blue","1","amazon.co.uk","Amazon","BESSBROOK","","BT35 7","MarketplaceFacilitator","4.46","0.89","0","0","0","0","0","0","-0.89","-0.80","-1.70","-0.05","0","1.91","Released","27 Apr 2026 21:21:54 UTC"
"19 Apr 2026 08:29:53 UTC","26863601142","Order","203-8957580-6029950","VSGB-15-UK-FBM","VIVOSUN Grow Bags 5-Pack 60L, 500G Thick Nonwoven Fabric Pots with Strap Handles, Multi-Purpose Rings, for Low Stress Plant Training Fruits, Vegetable","2","amazon.co.uk","Seller","Walsall","West Mids","WS6 7","MarketplaceFacilitator","29.14","5.84","0","0","0","0","0","0","-5.84","-5.24","0","-0.10","0","23.80","Released","28 Apr 2026 12:53:28 UTC"
"19 Apr 2026 09:22:58 UTC","26863601142","Order","202-4807731-5744310","306201P-4-UK-FBM","VIVOSUN Inline Duct Fan 4 Inch 190 CFM EC Motor with Speed Controller, Quiet Pipe Fan, R4 Pipe Fan for Grow Tent, Greenhouse Ventilation","2","amazon.co.uk","Seller","Silchester","","RG7 2","MarketplaceFacilitator","99.98","20.00","0","0","0","0","0","0","-20.00","-18.00","0","-0.36","0","81.62","Released","28 Apr 2026 11:20:54 UTC"
"19 Apr 2026 09:58:32 UTC","26948042122","Order","026-3970575-5477961","VSE-ATW70-UK-FBM","VIVOSUN AeroFlux Smart Grow Tent Heater, 700W PTC Heater with Thermostat, VPD Monitoring, App control, Overheating Protection, and Extension Hose, for","1","amazon.co.uk","Seller","SHEFFIELD","","S35 1","MarketplaceFacilitator","91.66","18.33","0","0","0","0","0","0","-18.33","-16.50","0","-0.33","0","74.83","Released","29 Apr 2026 22:08:22 UTC"
"19 Apr 2026 09:58:35 UTC","26863601142","Order","206-2721052-4163538","VSVC-AZT4-UK-FBM","VIVOSUN Duct Fan 100 mm Extractor Fan 357 m³/h with E12 Speed Control Carbon Filter & 240 cm Air Duct AeroZesh T4 Exhaust Set Cooling and Ventilation","1","amazon.co.uk","Seller","WOMBWELL","","S73 0","MarketplaceFacilitator","71.16","14.23","0","0","0","0","0","0","-14.23","-12.81","0","-0.26","0","58.09","Released","28 Apr 2026 17:19:52 UTC"
"19 Apr 2026 10:29:13 UTC","26948042122","Order","205-3617920-5614722","VSGB-10-UK-FBM","VIVOSUN Grow Bags 5-Pack 40L, 500G Thick Nonwoven Fabric Pots with Strap Handles, Multi-Purpose Rings, for Low Stress Plant Training Fruits, Vegetable","1","amazon.co.uk","Seller","TWICKENHAM","","TW1 2","MarketplaceFacilitator","13.41","2.68","0","0","0","0","0","0","-2.68","-2.41","0","-0.05","0","10.95","Released","29 Apr 2026 23:15:17 UTC"
"19 Apr 2026 11:22:38 UTC","26948042122","Order","205-6242909-6239555","VSGB-10-UK-FBM","VIVOSUN Grow Bags 5-Pack 40L, 500G Thick Nonwoven Fabric Pots with Strap Handles, Multi-Purpose Rings, for Low Stress Plant Training Fruits, Vegetable","1","amazon.co.uk","Seller","BURNHAM","","SL1 8","MarketplaceFacilitator","13.41","2.68","0","0","0","0","0","0","-2.68","-2.41","0","-0.05","0","10.95","Released","29 Apr 2026 13:55:35 UTC"
"19 Apr 2026 12:38:47 UTC","26863601142","Adjustment","S02-9760937-1753354","VSV-AZG4E42A-UK","FBA Inventory Reimbursement - Lost:Outbound","1","","","","","","","0","0","0","0","0","0","0","0","0","0","0","0","6.79","6.79","Released","19 Apr 2026 12:38:47 UTC"
"19 Apr 2026 12:57:21 UTC","26863601142","Order","206-6389537-5182719","311003-5-UK","VIVOSUN Gardening Scissors 6.5 Inch Hand Pruner Shear with Titanium Coated Blades, Pruning Shear for Plants, Flowers, Hedges 1-Pack Blue","1","amazon.co.uk","Amazon","LONDON","","SE17 1","MarketplaceFacilitator","4.46","0.89","0.41","0.08","0","0","-0.41","-0.08","-0.89","-0.80","-1.70","-0.05","0","1.91","Released","26 Apr 2026 21:45:44 UTC"
"19 Apr 2026 13:13:55 UTC","26863601142","Order","205-8490392-1522765","VSGB-25-UK-FBM","VIVOSUN Grow Bags 5-Pack 95L, 500G Thick Nonwoven Fabric Pots with Strap Handles, Multi-Purpose Rings, for Low Stress Plant Training Fruits, Vegetable","2","amazon.co.uk","Seller","Plymouth","Devon","PL3 5","MarketplaceFacilitator","41.98","8.40","0","0","0","0","0","0","-8.40","-7.56","0","-0.15","0","34.27","Released","28 Apr 2026 22:51:51 UTC"
"19 Apr 2026 14:11:15 UTC","26948042122","Order","206-4885296-8165167","VSGB-15-UK-FBM","VIVOSUN Grow Bags 5-Pack 60L, 500G Thick Nonwoven Fabric Pots with Strap Handles, Multi-Purpose Rings, for Low Stress Plant Training Fruits, Vegetable","1","amazon.co.uk","Seller","SOUTHAMPTON","","SO19 9","MarketplaceFacilitator","14.57","2.92","0","0","0","0","0","0","-2.92","-2.62","0","-0.05","0","11.90","Released","29 Apr 2026 15:11:53 UTC"
"19 Apr 2026 14:21:06 UTC","26863601142","Order","026-8804052-0229112","LED-300-UK","VIVOSUN VS3000 LED Grow Light with Samsung LM301 Diodes & Driver, Sun-Like Full Spectrum for Seedling, Vegetative & Flower, 300 W Plant Lamp for 90 x","1","amazon.co.uk","Amazon","BIRMINGHAM","","B47 5","MarketplaceFacilitator","166.66","33.33","0","0","0","0","0","0","-33.33","-30.00","-5.79","-0.72","0","130.15","Released","27 Apr 2026 21:58:17 UTC"
"19 Apr 2026 14:34:14 UTC","26948042122","Order","202-2730335-4782753","VSGB-25-UK-FBM","VIVOSUN Grow Bags 5-Pack 95L, 500G Thick Nonwoven Fabric Pots with Strap Handles, Multi-Purpose Rings, for Low Stress Plant Training Fruits, Vegetable","1","amazon.co.uk","Seller","COLCHESTER","","CO3 3","MarketplaceFacilitator","20.99","4.20","0","0","0","0","0","0","-4.20","-3.78","0","-0.08","0","17.13","Released","29 Apr 2026 13:19:15 UTC"
"19 Apr 2026 14:34:23 UTC","26948042122","Order","026-4087103-1806759","VSF-AWE6G-UK-FBM","VIVOSUN Grow Fan with Clip, 15 cm/6 Inch Grow Tent Fan, 10 Speeds Smart App Control, IP54 with Automatic Oscillation AeroWave E6 for Grow Tent, Green","1","amazon.co.uk","Seller","WATERLOOVILLE","Hampshire","PO7 6","MarketplaceFacilitator","26.66","5.33","0","0","0","0","0","0","-5.33","-4.80","0","-0.10","0","21.76","Released","29 Apr 2026 23:12:17 UTC"
"19 Apr 2026 15:09:03 UTC","26948042122","Order","203-3745682-2042740","VSGB-7-UK-M","VIVOSUN Grow Bags 5-Pack 30L, 500G Thick Nonwoven Fabric Pots with Strap Handles, Multi-Purpose Rings, for Low Stress Plant Training Fruits, Vegetable","1","amazon.co.uk","Seller","NEATH","W Glam","SA10 7","MarketplaceFacilitator","12.24","2.45","0","0","0","0","0","0","-2.45","-2.20","0","-0.04","0","10.00","Released","29 Apr 2026 23:31:33 UTC"
"19 Apr 2026 15:25:56 UTC","26948042122","Order","205-8845799-8540334","VSGB-10-UK-FBM","VIVOSUN Grow Bags 5-Pack 40L, 500G Thick Nonwoven Fabric Pots with Strap Handles, Multi-Purpose Rings, for Low Stress Plant Training Fruits, Vegetable","1","amazon.co.uk","Seller","NORWICH","","NR2 3","MarketplaceFacilitator","13.41","2.68","0","0","0","0","0","0","-2.68","-2.41","0","-0.05","0","10.95","Released","29 Apr 2026 13:41:17 UTC"
"19 Apr 2026 15:33:50 UTC","26863601142","Order","203-5323681-4442727","LH-001-2-UK","VIVOSUN 2-Pair 1/8 Inch Adjustable Grow Light Hangers, Heavy Duty Rope Hanger with Reinforced Metal Gears, 8Ft. Long and 150 lbs Weight Capacity Rope","1","amazon.co.uk","Amazon","WESTBURY","","BA13 3","MarketplaceFacilitator","7.47","1.49","0","0","0","0","0","0","-1.49","-1.34","-2.69","-0.08","0","3.36","Released","27 Apr 2026 21:58:39 UTC"
"19 Apr 2026 15:58:25 UTC","26948042122","Order","204-3603002-8485138","VS1000E-UK-FBM","VIVOSUN Grow Lamp LED 100 W Full Spectrum Plant Lamp with Samsung Diodes Grow Light IP65 for Indoor Plants Seedling Vegetative and Flower in 60 x 60 c","1","amazon.co.uk","Seller","Mold","","CH7 6","MarketplaceFacilitator","52.49","10.50","0","0","0","0","0","0","-10.50","-9.45","0","-0.19","0","42.85","Released","30 Apr 2026 23:52:54 UTC"
"19 Apr 2026 16:10:53 UTC","26948042122","Order","203-2389014-1567518","305131-PEN-UK-M","VIVOSUN Digital pH Meter, 0.01pH High Accuracy Pen Type pH Tester for Hydroponics, Household Drinking, Pool and Aquarium, UL Certified","1","amazon.co.uk","Seller","OAKHAM","","LE15 9","MarketplaceFacilitator","8.29","1.66","0","0","0","0","0","0","-1.66","-1.49","0","-0.03","0","6.77","Released","29 Apr 2026 21:59:58 UTC"
"19 Apr 2026 16:11:24 UTC","26948042122","Order","205-5306598-0177129","VSGB-3-UK-FBM","VIVOSUN 5-Pack 12L Grow Bags Heavy Duty 500G Thickened Nonwoven Plant Fabric Pots with Handles for Vegetables, Flowers, Fruits, Greenhouse and Garden","1","amazon.co.uk","Seller","NORWICH","","NR14 7","MarketplaceFacilitator","9.91","1.98","0","0","0","0","0","0","-1.98","-1.78","0","-0.04","0","8.09","Released","30 Apr 2026 00:10:03 UTC"
"19 Apr 2026 16:19:47 UTC","26948042122","Order","204-6921731-9524353","VSF-AWD4x2-UK-M","VIVOSUN AeroWave D4, 4"" Grow Tent Clip Fan with Detachable Hook, 3-Speed Strong & Quiet Airflow, Adjustable Airflow Angle for Hydroponics, Circulation","1","amazon.co.uk","Seller","BLACKBURN","","BB2 3","MarketplaceFacilitator","29.99","6.00","0","0","0","0","0","0","-6.00","-5.40","0","-0.11","0","24.48","Released","29 Apr 2026 20:57:26 UTC"
"19 Apr 2026 16:33:39 UTC","26948042122","Order","203-3493975-3693931","VSF-AWE6-Gx2-UK-FBM","VIVOSUN Pack of 2 AeroWave E6 Grow Tent Fan 15 cm, EC Motor, Smart WiFi Control, US-Patented Clip Fan with Automatic Oscillation, Weatherproof accordi","1","amazon.co.uk","Seller","DURHAM","","DH1 1","MarketplaceFacilitator","55.19","11.04","0","0","0","0","0","0","-11.04","-9.93","0","-0.20","0","45.06","Released","29 Apr 2026 22:28:28 UTC"
"19 Apr 2026 16:43:47 UTC","26948042122","Order","204-1322647-7211555","311001-10x5-UK-FBM","VIVOSUN Plant Grow Bags 5 Pack 40L, Heavy Duty Thickened Nonwoven Fabric Pots with Strong Handles, Reusable Breathable Garden Growing Containers for V","1","amazon.co.uk","Seller","NOTTINGHAM","","NG10 5","MarketplaceFacilitator","14.80","2.96","0","0","0","0","0","0","-2.96","-2.66","0","-0.05","0","12.09","Released","29 Apr 2026 13:19:15 UTC"
"19 Apr 2026 16:50:39 UTC","26863601142","Order","205-3956307-7458714","311003-5-UK","VIVOSUN Gardening Scissors 6.5 Inch Hand Pruner Shear with Titanium Coated Blades, Pruning Shear for Plants, Flowers, Hedges 1-Pack Blue","2","amazon.co.uk","Amazon","LANCASTER","","LA2 8","MarketplaceFacilitator","8.92","1.78","0","0","0","0","0","0","-1.78","-1.60","-3.39","-0.10","0","3.83","Released","27 Apr 2026 22:35:15 UTC"
"19 Apr 2026 17:17:20 UTC","26948042122","Order","202-4147835-7095533","VSGB-3-UK-FBM","VIVOSUN 5-Pack 12L Grow Bags Heavy Duty 500G Thickened Nonwoven Plant Fabric Pots with Handles for Vegetables, Flowers, Fruits, Greenhouse and Garden","1","amazon.co.uk","Seller","MACCLESFIELD","Cheshire","SK10 3","MarketplaceFacilitator","9.91","1.98","0","0","0","0","0","0","-1.98","-1.78","0","-0.04","0","8.09","Released","29 Apr 2026 14:52:54 UTC"
"19 Apr 2026 17:17:32 UTC","26948042122","Order","206-4915761-4894743","330101CNJ-UK-FBM","VIVOSUN Seedling Heat Mat with Digital Thermostat 10""X20.75"", UL & MET Certified, Fast Heating, Waterproof Propagation Warming Mat for Germination, Ho","1","amazon.co.uk","Seller","SOUTH QUEENSFERRY","","EH30 9","MarketplaceFacilitator","24.99","5.00","0","0","0","0","0","0","-5.00","-4.50","0","-0.09","0","20.40","Released","29 Apr 2026 20:44:27 UTC"
"19 Apr 2026 17:25:57 UTC","26948042122","Order","206-1087275-9538724","311001-5x5-UK-FBM","VIVOSUN 5-Pack 20L Grow Bags Heavy Duty 300G Thickened Nonwoven Plant Fabric Pots with Handles for Vegetables, Flowers, Fruits, Greenhouse and Garden","1","amazon.co.uk","Seller","Leicester","","LE9 9","MarketplaceFacilitator","14.99","3.00","0","0","0","0","0","0","-3.00","-2.70","0","-0.05","0","12.24","Released","29 Apr 2026 20:57:08 UTC"
"19 Apr 2026 17:49:10 UTC","26948042122","Order","204-0355186-8376363","VSVC-AZT4-UK-FBM","VIVOSUN Duct Fan 100 mm Extractor Fan 357 m³/h with E12 Speed Control Carbon Filter & 240 cm Air Duct AeroZesh T4 Exhaust Set Cooling and Ventilation","1","amazon.co.uk","Seller","SWANSEA","West Glamorgan","SA2 0","MarketplaceFacilitator","71.16","14.23","0","0","0","0","0","0","-14.23","-12.81","0","-0.26","0","58.09","Released","29 Apr 2026 20:35:34 UTC"
"19 Apr 2026 17:50:17 UTC","26863601142","Order","205-4074212-2422723","306143-0412-UK-N","VIVOSUN 4 Inch Air Carbon Filter Odor Control with Australia Virgin Charcoal for Inline Fan, Grow Tent Odor Scrubber Indoor Hydroponics, Pre-filter In","1","amazon.co.uk","Amazon","MARGATE","KENT","CT93","MarketplaceFacilitator","26.82","5.37","0","0","0","0","0","0","-5.37","-4.83","-3.39","-0.17","0","18.43","Released","27 Apr 2026 23:39:33 UTC"
"19 Apr 2026 17:58:53 UTC","26948042122","Order","206-6227973-1783536","VSGB-15-UK-FBM","VIVOSUN Grow Bags 5-Pack 60L, 500G Thick Nonwoven Fabric Pots with Strap Handles, Multi-Purpose Rings, for Low Stress Plant Training Fruits, Vegetable","1","amazon.co.uk","Seller","NEWCASTLE UPON TYNE","Tyne And Wear","NE3 1","MarketplaceFacilitator","14.57","2.92","0","0","0","0","0","0","-2.92","-2.62","0","-0.05","0","11.90","Released","29 Apr 2026 22:25:54 UTC"
"19 Apr 2026 18:22:52 UTC","26948042122","Order","206-0321740-1314777","VSVC-AZT4-UK-FBM","VIVOSUN Duct Fan 100 mm Extractor Fan 357 m³/h with E12 Speed Control Carbon Filter & 240 cm Air Duct AeroZesh T4 Exhaust Set Cooling and Ventilation","1","amazon.co.uk","Seller","BEAUMARIS","Anglesey","LL58 8","MarketplaceFacilitator","71.16","14.23","0","0","0","0","0","0","-14.23","-12.81","0","-0.26","0","58.09","Released","29 Apr 2026 18:10:19 UTC"
"19 Apr 2026 18:34:51 UTC","26948042122","Order","206-4809196-3855521","VSF-AWD4x2-UK-M","VIVOSUN AeroWave D4, 4"" Grow Tent Clip Fan with Detachable Hook, 3-Speed Strong & Quiet Airflow, Adjustable Airflow Angle for Hydroponics, Circulation","1","amazon.co.uk","Seller","BOURNEMOUTH","","BH8 8","MarketplaceFacilitator","29.99","6.00","0","0","0","0","0","0","-6.00","-5.40","0","-0.11","0","24.48","Released","29 Apr 2026 21:11:54 UTC"
"19 Apr 2026 18:37:07 UTC","26863601142","FBA Inventory Fee","","","FBA Long-Term Storage Fee","","Amazon.co.uk","","","","","","0","0","0","0","0","0","0","0","0","0","0","0","-5,267.89","-5,267.89","Released","19 Apr 2026 18:37:07 UTC"
"19 Apr 2026 19:48:24 UTC","26863601142","Order","203-9164289-5150753","304113-42-UK","VIVOSUN Grow Tent 120x60x150 CM (48""x24""x60""), Made of Highly Reflective Mylar, with Viewing Window and Base Tray for Hydroponics and Indoor Growing,","1","amazon.co.uk","Amazon","Birmingham","England","B33 9","MarketplaceFacilitator","72.19","14.44","0","0","0","0","0","0","-14.44","-12.99","-12.55","-0.51","0","46.14","Released","28 Apr 2026 00:09:09 UTC"
"19 Apr 2026 19:48:53 UTC","26948042122","Order","203-9158463-0537934","VSGB-7-UK-M","VIVOSUN Grow Bags 5-Pack 30L, 500G Thick Nonwoven Fabric Pots with Strap Handles, Multi-Purpose Rings, for Low Stress Plant Training Fruits, Vegetable","1","amazon.co.uk","Seller","COLWYN BAY","","LL28 5","MarketplaceFacilitator","12.24","2.45","0","0","0","0","0","0","-2.45","-2.20","0","-0.04","0","10.00","Released","29 Apr 2026 15:48:47 UTC"
"19 Apr 2026 20:22:42 UTC","26948042122","Order","026-7693463-8608336","VSGB-15-UK-FBM","VIVOSUN Grow Bags 5-Pack 60L, 500G Thick Nonwoven Fabric Pots with Strap Handles, Multi-Purpose Rings, for Low Stress Plant Training Fruits, Vegetable","1","amazon.co.uk","Seller","BAMPTON","","OX18 2","MarketplaceFacilitator","14.57","2.92","0","0","0","0","0","0","-2.92","-2.62","0","-0.05","0","11.90","Released","29 Apr 2026 13:10:53 UTC"
"19 Apr 2026 20:32:33 UTC","26863601142","Order","204-9040950-8161138","311003-5-UK","VIVOSUN Gardening Scissors 6.5 Inch Hand Pruner Shear with Titanium Coated Blades, Pruning Shear for Plants, Flowers, Hedges 1-Pack Blue","1","amazon.co.uk","Amazon","HARLOW","","CM20 3","MarketplaceFacilitator","4.46","0.89","0","0","0","0","0","0","-0.89","-0.80","-1.70","-0.05","0","1.91","Released","27 Apr 2026 19:30:16 UTC"
"19 Apr 2026 20:39:03 UTC","26948042122","Order","206-7724849-4593158","VSGB-15-UK-FBM","VIVOSUN Grow Bags 5-Pack 60L, 500G Thick Nonwoven Fabric Pots with Strap Handles, Multi-Purpose Rings, for Low Stress Plant Training Fruits, Vegetable","1","amazon.co.uk","Seller","ASHFORD","","TN23 7","MarketplaceFacilitator","14.57","2.92","0","0","0","0","0","0","-2.92","-2.62","0","-0.05","0","11.90","Released","29 Apr 2026 20:40:58 UTC"
"19 Apr 2026 21:01:50 UTC","26863601142","Order","206-5962729-7333141","TN-55-UK","VIVOSUN Garden Netting 150 x 150 cm, Trellis Net with 4 Hooks Trellis Net for Climbing Plants Vegetables Fruits and Flowers","1","amazon.co.uk","Amazon","Blandford Forum","Dorset","DT11 7","MarketplaceFacilitator","14.12","2.83","0","0","0","0","0","0","-2.83","-2.54","-2.74","-0.10","0","8.74","Released","27 Apr 2026 20:47:40 UTC"
"19 Apr 2026 21:13:07 UTC","26863601142","Order","206-0189978-8198770","TN-22-UK","VIVOSUN Garden Netting 60 x 60 cm, Elastic Trellis Net with 4 Hooks Trellis Net for Climbing Plants Vegetables Fruits and Flowers","1","amazon.co.uk","Amazon","WOKING","","GU21 5","MarketplaceFacilitator","8.74","1.75","0","0","0","0","0","0","-1.75","-1.57","-2.46","-0.08","0","4.63","Released","27 Apr 2026 22:11:50 UTC"
"19 Apr 2026 21:29:57 UTC","26948042122","Order","205-3923965-9434732","311003-4-UK-FBM","VIVOSUN Gardening Scissors 17cm Hand Pruner Pruning Shear with Straight Blades and Titanium Non-Stick Coating Rose Scissors Orange","1","amazon.co.uk","Seller","CROWTHORNE","","RG45 6","MarketplaceFacilitator","8.32","1.67","0","0","0","0","0","0","-1.67","-1.50","0","-0.03","0","6.79","Released","30 Apr 2026 20:42:24 UTC"
"19 Apr 2026 21:30:19 UTC","26948042122","Order","206-8968204-5872361","304113-2014-UK-FBM","VIVOSUN Grow Tent Small 50x36x54 CM (19.7""x14.2""x21.3"") Grow Tent Mini with Highly Reflective Mylar Sealed Floor Design, Ventilation Window, Cable Ent","1","amazon.co.uk","Seller","BOURNEMOUTH","","BH8 8","MarketplaceFacilitator","33.32","6.67","0","0","0","0","0","0","-6.67","-6.00","0","-0.12","0","27.20","Released","29 Apr 2026 22:14:13 UTC"
"19 Apr 2026 21:30:27 UTC","26948042122","Order","202-4491066-1907511","VSF-AWD4Wx2-UK-FBM","VIVOSUN AeroWave D4, 4"" Grow Tent Clip Fan with Detachable Hook, 3-Speed Strong & Quiet Airflow, Adjustable Airflow Angle for Hydroponics, Circulation","1","amazon.co.uk","Seller","WICKFORD","Uk","SS11 7","MarketplaceFacilitator","29.16","5.83","0","0","0","0","0","0","-5.83","-5.25","0","-0.11","0","23.80","Released","29 Apr 2026 13:09:37 UTC"
"19 Apr 2026 22:06:11 UTC","26948042122","Order","205-4280421-7277124","VSVC-AZT6-UK-FBM","VIVOSUN Duct Fan 150 mm Extractor Fan 693 m³/h with E12 Speed Control Carbon Filter & 240 cm Air Duct AeroZesh T6 Exhaust Set Cooling and Ventilation","1","amazon.co.uk","Seller","BOLTON","","BL4 7","MarketplaceFacilitator","86.41","17.28","0","0","0","0","0","0","-17.28","-15.55","0","-0.31","0","70.55","Released","29 Apr 2026 21:55:08 UTC"
"19 Apr 2026 22:22:23 UTC","26948042122","Order","205-6092217-8851565","330701-01-UK","VIVOSUN Garden Netting 5 x 15ft. Plant Trellis Netting, Heavy-Duty Polyester Grow Net, Garden Trellis Netting with Square Mesh for Climbing Plants, Ve","1","amazon.co.uk","Amazon","Twickenham","","TW1 3","MarketplaceFacilitator","6.05","1.21","0","0","0","0","0","0","-1.21","-1.09","-1.70","-0.05","0","3.21","Released","2 May 2026 23:49:51 UTC"
"19 Apr 2026 22:35:01 UTC","26863601142","Order","206-0951267-5329908","306143-0412-UK-N","VIVOSUN 4 Inch Air Carbon Filter Odor Control with Australia Virgin Charcoal for Inline Fan, Grow Tent Odor Scrubber Indoor Hydroponics, Pre-filter In","1","amazon.co.uk","Amazon","Northampton","Northants","NN2 8","MarketplaceFacilitator","26.82","5.37","0","0","0","0","0","0","-5.37","-4.83","-3.39","-0.17","0","18.43","Released","27 Apr 2026 23:59:24 UTC"
"19 Apr 2026 22:45:16 UTC","26863601142","Order","205-1492392-1985137","311003-5-UK","VIVOSUN Gardening Scissors 6.5 Inch Hand Pruner Shear with Titanium Coated Blades, Pruning Shear for Plants, Flowers, Hedges 1-Pack Blue","1","amazon.co.uk","Amazon","CHOBHAM","","GU24 8","MarketplaceFacilitator","6.66","1.33","0","0","0","0","0","0","-1.33","-1.20","-1.70","-0.05","0","3.71","Released","27 Apr 2026 23:34:20 UTC"
"19 Apr 2026 22:58:15 UTC","26863601142","Order","202-9693526-2505923","TN-55-UK","VIVOSUN Garden Netting 150 x 150 cm, Trellis Net with 4 Hooks Trellis Net for Climbing Plants Vegetables Fruits and Flowers","1","amazon.co.uk","Amazon","LLANDRINDOD WELLS","","LD1 5","MarketplaceFacilitator","14.12","2.83","0","0","0","0","0","0","-2.83","-2.54","-2.74","-0.10","0","8.74","Released","28 Apr 2026 18:21:10 UTC"
"19 Apr 2026 23:40:19 UTC","26863601142","Order","202-8023549-1288329","VSH-IS02-UK","VIVOSUN Professional Automatic Drip Irrigation Kits, 15W Output, All in One Professional Grow Kit- Includes Pump, Timer and Regulator, 8 Drip Emitters","1","amazon.co.uk","Amazon","SCUNTHORPE","","DN17 3","MarketplaceFacilitator","36.12","7.22","0","0","0","0","0","0","-21.66","-19.50","-3.20","-0.45","0","-1.47","Released","27 Apr 2026 11:15:34 UTC"
"19 Apr 2026 23:40:19 UTC","26863601142","Order","202-8023549-1288329","VSH-IS02-UK","VIVOSUN Professional Automatic Drip Irrigation Kits, 15W Output, All in One Professional Grow Kit- Includes Pump, Timer and Regulator, 8 Drip Emitters","2","amazon.co.uk","Amazon","SCUNTHORPE","","DN17 3","","72.24","14.44","0","0","0","0","0","0","0","0","-6.40","-0.13","0","80.15","Released","27 Apr 2026 11:15:34 UTC"
"19 Apr 2026 23:59:02 UTC","26863601142","Order","204-0700923-4953936","LH-001-2-UK","VIVOSUN 2-Pair 1/8 Inch Adjustable Grow Light Hangers, Heavy Duty Rope Hanger with Reinforced Metal Gears, 8Ft. Long and 150 lbs Weight Capacity Rope","1","amazon.co.uk","Amazon","WEST BROMWICH","West Midlands","B71 2","MarketplaceFacilitator","7.47","1.49","0","0","0","0","0","0","-5.96","-5.36","-2.69","-0.16","0","-5.21","Released","27 Apr 2026 16:46:19 UTC"
"19 Apr 2026 23:59:02 UTC","26863601142","Order","204-0700923-4953936","LH-001-2-UK","VIVOSUN 2-Pair 1/8 Inch Adjustable Grow Light Hangers, Heavy Duty Rope Hanger with Reinforced Metal Gears, 8Ft. Long and 150 lbs Weight Capacity Rope","3","amazon.co.uk","Amazon","WEST BROMWICH","West Midlands","B71 2","","22.41","4.47","0","0","0","0","0","0","0","0","-8.07","-0.16","0","18.65","Released","27 Apr 2026 16:46:19 UTC"
"20 Apr 2026 00:05:49 UTC","26863601142","Order","026-3453758-5300330","311001-3x5-UK-N","VIVOSUN Grow Bags 5 Pack 12L, Heavy Duty Thickened Nonwoven Fabric Pots with Strong Handles for Vegetables, Flowers, Fruits, Greenhouse and Garden","1","amazon.co.uk","Amazon","LONDON","","N16 8","MarketplaceFacilitator","11.32","2.27","0","0","0","0","0","0","-2.27","-2.04","-3.20","-0.10","0","5.98","Released","27 Apr 2026 23:45:01 UTC"
"20 Apr 2026 00:33:35 UTC","26863601142","Order","204-3902996-3165940","311003-5-UK","VIVOSUN Gardening Scissors 6.5 Inch Hand Pruner Shear with Titanium Coated Blades, Pruning Shear for Plants, Flowers, Hedges 1-Pack Blue","1","amazon.co.uk","Amazon","SOUTHPORT","","PR8 2","MarketplaceFacilitator","6.66","1.33","0","0","0","0","0","0","-1.33","-1.20","-1.70","-0.05","0","3.71","Released","27 Apr 2026 23:43:34 UTC"
"20 Apr 2026 00:33:57 UTC","26863601142","Order","203-3476288-3882730","311003-5-UK","VIVOSUN Gardening Scissors 6.5 Inch Hand Pruner Shear with Titanium Coated Blades, Pruning Shear for Plants, Flowers, Hedges 1-Pack Blue","1","amazon.co.uk","Amazon","HINDHEAD","","GU26 6","MarketplaceFacilitator","4.46","0.89","0","0","0","0","0","0","-0.89","-0.80","-1.70","-0.05","0","1.91","Released","27 Apr 2026 15:05:14 UTC"
"20 Apr 2026 01:04:49 UTC","26948042122","Order","205-4116581-8116319","306201PVC-4-UK","VIVOSUN Inline Duct Fan 4 Inch 190 CFM with Speed Controller, 4 Inch Carbon Filter and 8 Feet of Ducting, Temperature Humidity Monitor for Grow Tent,","1","amazon.co.uk","Seller","NEWTON STEWART","","DG8 6","MarketplaceFacilitator","66.07","13.22","0","0","0","0","0","0","-13.22","-11.89","0","-0.24","0","53.94","Released","29 Apr 2026 12:12:07 UTC"
"20 Apr 2026 01:27:20 UTC","26863601142","Order","026-2737875-1294749","304113-P336-UK","VIVOSUN PRO Grow Tent 90x90x180 CM (36""x36""x72""),with Thick 22 mm Poles, 2000D Oxford Fabric with Highly Reflective Mylar Extra Hanging Poles & High C","1","amazon.co.uk","Amazon","LEEDS","","LS10 1","","133.32","26.66","0","0","0","0","0","0","0","-24.00","-6.70","0","0","129.28","Released","27 Apr 2026 19:15:51 UTC"
"20 Apr 2026 01:52:58 UTC","26863601142","Order","026-1438068-4901907","304113-P224-UK","VIVOSUN Pro Grow Tent 60x60x120 CM (24""x24""x48""), with Thick 22 mm Poles, 2000D Oxford Fabric with Highly Reflective Mylar Extra Hanging Poles for Hyd","1","amazon.co.uk","Amazon","DERBY","","DE23 6","MarketplaceFacilitator","55.41","11.08","0","0","0","0","0","0","-11.08","-9.97","-5.63","-0.31","0","39.50","Released","27 Apr 2026 23:06:17 UTC"
"20 Apr 2026 01:56:43 UTC","26863601142","Order","206-1743795-7547557","VSV-AZT6E42A-UK","VIVOSUN Inline Duct Fan 6inch/150 mm & Temperature Humidity Controller E42A WiFi-App Control, Quiet Extractor Fan 693 m³/h with EC Motor, Grow Tent F","1","amazon.co.uk","Amazon","COLCHESTER","","CO5 0","MarketplaceFacilitator","99.16","19.83","0","0","0","0","0","0","-19.83","-17.85","-3.61","-0.43","0","77.27","Released","27 Apr 2026 22:33:02 UTC"
"20 Apr 2026 04:12:45 UTC","26863601142","Order","205-1355663-8391511","TN-55-UK","VIVOSUN Garden Netting 150 x 150 cm, Trellis Net with 4 Hooks Trellis Net for Climbing Plants Vegetables Fruits and Flowers","1","amazon.co.uk","Amazon","MANCHESTER","","M8 5","MarketplaceFacilitator","14.12","2.83","1.25","0.25","0","0","-1.25","-0.25","-2.83","-2.54","-2.74","-0.10","0","8.74","Released","27 Apr 2026 21:18:39 UTC"
"20 Apr 2026 04:18:46 UTC","26863601142","Order","202-3311561-3840358","TN-33-UK","VIVOSUN Garden Netting 90 x 90 cm Elastic Trellis Net with 4 Hooks Trellis Net for Climbing Plants Vegetables Fruits and Flowers","2","amazon.co.uk","Amazon","LEICESTER","Leics","LE4 9","MarketplaceFacilitator","22.86","4.58","0","0","0","0","0","0","-4.58","-4.12","-4.91","-0.18","0","13.65","Released","27 Apr 2026 23:58:45 UTC"
"20 Apr 2026 04:53:04 UTC","26863601142","Adjustment","204-1203865-5668344","VSA150SE-E25-UK","FBA Inventory Reimbursement - Customer Return","1","","","","","","","0","0","0","0","0","0","0","0","0","0","0","0","69.27","69.27","Released","20 Apr 2026 04:53:04 UTC"
"20 Apr 2026 07:43:40 UTC","26948042122","Order","026-8271334-4046762","VSGB-15-UK-FBM","VIVOSUN Grow Bags 5-Pack 60L, 500G Thick Nonwoven Fabric Pots with Strap Handles, Multi-Purpose Rings, for Low Stress Plant Training Fruits, Vegetable","1","amazon.co.uk","Seller","ATHERTON","manchester","M46 9","MarketplaceFacilitator","14.57","2.92","0","0","0","0","0","0","-2.92","-2.62","0","-0.05","0","11.90","Released","29 Apr 2026 19:11:32 UTC"
"20 Apr 2026 08:40:44 UTC","26948042122","Order","203-7129804-9513145","GT-Pole-UK-M","VIVOSUN Grow Tent High CFM Kit, Green Pole Range of 24""-48"", Suitable for 2'x2', 3'x3', 4'x2' and 4'x4'Grow Tent, 4-Pack","1","amazon.co.uk","Seller","Glasgow","Scotland","G214","MarketplaceFacilitator","33.32","6.67","0","0","0","0","0","0","-6.67","-6.00","0","-0.12","0","27.20","Released","29 Apr 2026 22:19:51 UTC"
"20 Apr 2026 10:05:42 UTC","26863601142","Order","206-8466727-0502747","311003-5-UK","VIVOSUN Gardening Scissors 6.5 Inch Hand Pruner Shear with Titanium Coated Blades, Pruning Shear for Plants, Flowers, Hedges 1-Pack Blue","1","amazon.co.uk","Amazon","dublin","ireland","","MarketplaceFacilitator","6.66","1.53","0","0","0","0","0","0","-1.53","-1.20","-1.70","-0.05","0","3.71","Released","28 Apr 2026 22:58:50 UTC"
"20 Apr 2026 10:09:38 UTC","26948042122","Order","026-5167944-4692303","VSF-AWD4-UK","VIVOSUN AeroWave D4, 4"" Grow Tent Clip Fan with Detachable Hook, 3-Speed Strong & Quiet Airflow, Adjustable Airflow Angle for Hydroponics, Circulation","1","amazon.co.uk","Seller","manchester","lancashire","M9 7","MarketplaceFacilitator","16.66","3.33","0","0","0","0","0","0","-3.33","-3.00","0","-0.06","0","13.60","Released","29 Apr 2026 22:29:22 UTC"
"20 Apr 2026 10:09:38 UTC","26948042122","Order","026-5167944-4692303","VSI-FFD2-UK-FBM","VIVOSUN FlexFeed Drip Irrigation Kit, 4W Automatic Irrigation System with Pump & 4 Drip Emitters, App-Controllable Professional Plant Watering Drip Ki","1","amazon.co.uk","Seller","manchester","lancashire","M9 7","MarketplaceFacilitator","19.99","4.00","0","0","0","0","0","0","-4.00","-3.60","0","-0.07","0","16.32","Released","29 Apr 2026 22:29:22 UTC"
"20 Apr 2026 11:25:43 UTC","26948042122","Order","205-4078453-4698729","305140-PEN-UK","VIVOSUN Digital pH and TDS Meter Kits, 0.01pH High Accuracy Pen Type pH Meter ± 2% Readout Accuracy 3-in-1 TDS EC Temperature Meter for Hydroponics,","1","amazon.co.uk","Seller","HULL","","HU8 9","MarketplaceFacilitator","19.99","4.00","0","0","0","0","0","0","-4.00","-3.60","0","-0.07","0","16.32","Released","29 Apr 2026 14:33:59 UTC"
"20 Apr 2026 11:46:40 UTC","26948042122","Order","204-1314379-2078755","VSGB-10-UK-FBM","VIVOSUN Grow Bags 5-Pack 40L, 500G Thick Nonwoven Fabric Pots with Strap Handles, Multi-Purpose Rings, for Low Stress Plant Training Fruits, Vegetable","1","amazon.co.uk","Seller","BRISTOL","","BS32 8","MarketplaceFacilitator","13.41","2.68","0","0","0","0","0","0","-2.68","-2.41","0","-0.05","0","10.95","Released","30 Apr 2026 00:06:09 UTC"
"20 Apr 2026 12:55:35 UTC","26948042122","Order","204-5561399-8751555","332021-UK-FBM","VIVOSUN 30X 60X Illuminated Jewelers Loupe Foldable Magnifier with LED Light for Jewelry Gems Watches Coins Stamps Antiques, White","1","amazon.co.uk","Seller","LARBERT","Stirlingshire","FK5 4","MarketplaceFacilitator","9.16","1.83","0","0","0","0","0","0","-1.83","-0.88","0","-0.02","0","8.26","Released","30 Apr 2026 15:23:45 UTC"
"20 Apr 2026 13:19:42 UTC","26948042122","Order","205-6522294-3076336","304113-3018-UK-FBM","VIVOSUN Grow Tent 75x45x90 CM (30""x18""x36""), High Reflective Mylar with Observation Window and Floor Tray for Hydroponics Indoor Plant for VS1000","1","amazon.co.uk","Seller","RETFORD","","DN22 6","MarketplaceFacilitator","45.74","9.15","0","0","0","0","0","0","-9.15","-8.23","0","-0.16","0","37.35","Released","29 Apr 2026 13:08:44 UTC"
"20 Apr 2026 13:19:42 UTC","26948042122","Order","205-6522294-3076336","VS1000E-UK-FBM","VIVOSUN Grow Lamp LED 100 W Full Spectrum Plant Lamp with Samsung Diodes Grow Light IP65 for Indoor Plants Seedling Vegetative and Flower in 60 x 60 c","1","amazon.co.uk","Seller","RETFORD","","DN22 6","MarketplaceFacilitator","52.49","10.50","0","0","0","0","0","0","-10.50","-9.45","0","-0.19","0","42.85","Released","29 Apr 2026 13:08:44 UTC"
"20 Apr 2026 13:38:44 UTC","26863601142","Order","204-4204957-2074715","304113-42-UK","VIVOSUN Grow Tent 120x60x150 CM (48""x24""x60""), Made of Highly Reflective Mylar, with Viewing Window and Base Tray for Hydroponics and Indoor Growing,","1","amazon.co.uk","Amazon","WISHAW","North Lanarkshire","ML2 7","MarketplaceFacilitator","72.19","14.44","0","0","0","0","0","0","-14.44","-12.99","-12.55","-0.51","0","46.14","Released","28 Apr 2026 15:46:10 UTC"
"20 Apr 2026 13:39:00 UTC","26863601142","Order","026-5333178-1302757","304113-42-UK","VIVOSUN Grow Tent 120x60x150 CM (48""x24""x60""), Made of Highly Reflective Mylar, with Viewing Window and Base Tray for Hydroponics and Indoor Growing,","1","amazon.co.uk","Amazon","BUCKIE","","AB56 5","MarketplaceFacilitator","72.19","14.44","0","0","0","0","0","0","-14.44","-12.99","-12.55","-0.51","0","46.14","Released","28 Apr 2026 16:57:19 UTC"
"20 Apr 2026 13:52:47 UTC","26948042122","Order","203-2627390-1687547","305131-UK-FBM","VIVOSUN Soil Tester, 3-in-1 Plant Moisture Meter Light and PH Tester for Home, Garden, Lawn, Farm, Indoor and Outdoor Use, Promote Plants Healthy Grow","1","amazon.co.uk","Seller","Kingston upon Thames","Surrey","KT2 5","MarketplaceFacilitator","9.16","1.83","0","0","0","0","0","0","-1.83","-1.43","0","-0.03","0","7.70","Released","30 Apr 2026 18:25:08 UTC"
"20 Apr 2026 13:52:55 UTC","26948042122","Order","205-9426079-4655544","305131-PEN-UK-M","VIVOSUN Digital pH Meter, 0.01pH High Accuracy Pen Type pH Tester for Hydroponics, Household Drinking, Pool and Aquarium, UL Certified","1","amazon.co.uk","Seller","MAIDSTONE","KENT","ME15 6","MarketplaceFacilitator","8.29","1.66","0","0","0","0","0","0","-1.66","-1.49","0","-0.03","0","6.77","Released","1 May 2026 00:04:07 UTC"
"20 Apr 2026 14:13:15 UTC","26948042122","Order","206-0117524-6719561","VSGB-10-UK-FBM","VIVOSUN Grow Bags 5-Pack 40L, 500G Thick Nonwoven Fabric Pots with Strap Handles, Multi-Purpose Rings, for Low Stress Plant Training Fruits, Vegetable","1","amazon.co.uk","Seller","HANWELL","","W7 3","MarketplaceFacilitator","13.41","2.68","0","0","0","0","0","0","-2.68","-2.41","0","-0.05","0","10.95","Released","30 Apr 2026 22:38:54 UTC"
"20 Apr 2026 14:34:34 UTC","26948042122","Order","206-1935163-1836361","306201PVC-4-UK","VIVOSUN Inline Duct Fan 4 Inch 190 CFM with Speed Controller, 4 Inch Carbon Filter and 8 Feet of Ducting, Temperature Humidity Monitor for Grow Tent,","1","amazon.co.uk","Seller","PUDSEY","","LS28 8","MarketplaceFacilitator","66.07","13.22","0","0","0","0","0","0","-13.22","-11.89","0","-0.24","0","53.94","Released","30 Apr 2026 22:31:46 UTC"
"20 Apr 2026 15:31:13 UTC","26948042122","Order","204-7625763-9358759","VSGB-3-UK-FBM","VIVOSUN 5-Pack 12L Grow Bags Heavy Duty 500G Thickened Nonwoven Plant Fabric Pots with Handles for Vegetables, Flowers, Fruits, Greenhouse and Garden","1","amazon.co.uk","Seller","Dunfermline","Fife","KY12 7","MarketplaceFacilitator","9.91","1.98","0","0","0","0","0","0","-1.98","-1.78","0","-0.04","0","8.09","Released","30 Apr 2026 20:48:08 UTC"
"20 Apr 2026 15:40:21 UTC","26863601142","Order","203-8313208-1113117","LH-001-2-UK","VIVOSUN 2-Pair 1/8 Inch Adjustable Grow Light Hangers, Heavy Duty Rope Hanger with Reinforced Metal Gears, 8Ft. Long and 150 lbs Weight Capacity Rope","1","amazon.co.uk","Amazon","CLEVEDON","","BS21 7","MarketplaceFacilitator","7.47","1.49","0","0","0","0","0","0","-1.49","-1.34","-2.69","-0.08","0","3.36","Released","29 Apr 2026 00:07:41 UTC"
"20 Apr 2026 15:46:46 UTC","26863601142","Refund","205-5694139-6829969","VSV-AZG6-UK","VIVOSUN AeroZesh G6 Inline Duct Fan 6inch/150 mm Extractor Fan 660 m³/h with E12 Speed Controller and Entirely Programmable PWM-Controlled EC Fan for","1","amazon.co.uk","Amazon","COULSDON","Surrey","CR5 2","MarketplaceFacilitator","-58.32","-11.67","-1.66","-0.33","0","0","1.66","0.33","11.67","8.40","0","0.21","0","-49.71","Released","20 Apr 2026 15:46:46 UTC"
"20 Apr 2026 16:08:41 UTC","26948042122","Order","203-4905495-9582702","304113-P276-UK","VIVOSUN Pro Grow Tent 80x80x160 CM (32""x32""x63""), with Thick 22 mm Poles, 2000DOxford Fabric with Highly Reflective Mylar Extra Hanging Poles, Growbox","1","amazon.co.uk","Amazon","SHETLAND","","ZE1 0","MarketplaceFacilitator","72.03","14.41","0","0","0","0","0","0","-14.41","-12.97","-6.09","-0.38","0","52.59","Released","30 Apr 2026 20:11:14 UTC"
"20 Apr 2026 17:18:05 UTC","26948042122","Order","204-9697191-6933120","305132-PEN-UK","VIVOSUN TDS Tester 3-in-1 TDS EC & Temperature Meter Ultrahigh Accuracy Digital Water Quality TDS Tester, for Drinking Water, Gardening, Aquariums, Bl","1","amazon.co.uk","Amazon","WINCHESTER","","SO21 1","","7.49","1.50","0","0","0","0","0","0","0","-1.35","-2.56","0","0","5.08","Released","7 May 2026 04:22:30 UTC"
"20 Apr 2026 17:22:51 UTC","26948042122","Order","206-7752055-9028351","VSI-FFD2-UK-FBM","VIVOSUN FlexFeed Drip Irrigation Kit, 4W Automatic Irrigation System with Pump & 4 Drip Emitters, App-Controllable Professional Plant Watering Drip Ki","1","amazon.co.uk","Seller","manchester","lancashire","M9 7","MarketplaceFacilitator","19.99","4.00","0","0","0","0","0","0","-4.00","-3.60","0","-0.07","0","16.32","Released","30 Apr 2026 23:42:38 UTC"
"20 Apr 2026 18:10:17 UTC","26948042122","Order","203-5706044-3392315","VSGB-7-UK-M","VIVOSUN Grow Bags 5-Pack 30L, 500G Thick Nonwoven Fabric Pots with Strap Handles, Multi-Purpose Rings, for Low Stress Plant Training Fruits, Vegetable","1","amazon.co.uk","Seller","paignton","devon","TQ3 3","MarketplaceFacilitator","12.24","2.45","0","0","0","0","0","0","-2.45","-2.20","0","-0.04","0","10.00","Released","30 Apr 2026 12:57:03 UTC"
"20 Apr 2026 18:11:09 UTC","26948042122","Order","026-0912072-2443501","VSGB-25-UK-FBM","VIVOSUN Grow Bags 5-Pack 95L, 500G Thick Nonwoven Fabric Pots with Strap Handles, Multi-Purpose Rings, for Low Stress Plant Training Fruits, Vegetable","1","amazon.co.uk","Seller","THAMES DITTON","","KT7 0","MarketplaceFacilitator","20.99","4.20","0","0","0","0","0","0","-4.20","-3.78","0","-0.08","0","17.13","Released","30 Apr 2026 23:03:31 UTC"
"20 Apr 2026 18:23:25 UTC","26948042122","Order","206-3806578-3961967","305131-PEN-UK-M","VIVOSUN Digital pH Meter, 0.01pH High Accuracy Pen Type pH Tester for Hydroponics, Household Drinking, Pool and Aquarium, UL Certified","1","amazon.co.uk","Seller","BASINGSTOKE","Hampshire","RG23 8","MarketplaceFacilitator","8.29","1.66","0","0","0","0","0","0","-1.66","-1.49","0","-0.03","0","6.77","Released","30 Apr 2026 15:00:53 UTC"
"20 Apr 2026 18:35:09 UTC","26948042122","Order","205-0744867-1829954","VSVC-AZT6-UK-FBM","VIVOSUN Duct Fan 150 mm Extractor Fan 693 m³/h with E12 Speed Control Carbon Filter & 240 cm Air Duct AeroZesh T6 Exhaust Set Cooling and Ventilation","1","amazon.co.uk","Seller","ASHINGTON","","NE63 0","MarketplaceFacilitator","86.41","17.28","0","0","0","0","0","0","-17.28","-15.55","0","-0.31","0","70.55","Released","30 Apr 2026 20:35:00 UTC"
"20 Apr 2026 18:53:02 UTC","26948042122","Order","203-7196782-4097960","VSGB-15-UK-FBM","VIVOSUN Grow Bags 5-Pack 60L, 500G Thick Nonwoven Fabric Pots with Strap Handles, Multi-Purpose Rings, for Low Stress Plant Training Fruits, Vegetable","2","amazon.co.uk","Seller","Langport","Somerset","TA10 9","MarketplaceFacilitator","29.14","5.84","0","0","0","0","0","0","-5.84","-5.24","0","-0.10","0","23.80","Released","30 Apr 2026 21:46:11 UTC"
"20 Apr 2026 19:08:48 UTC","26863601142","Order","S02-1562080-1767102","VSV-AZT6E42A-UK","VIVOSUN Inline Duct Fan 6inch/150 mm & Temperature Humidity Controller E42A WiFi-App Control, Quiet Extractor Fan 693 m³/h with EC Motor, Grow Tent Fan& Smart Thermostat for Growbox Hydroponics","1","siprodukmarketplace.stores.amazon.co.uk","Amazon","Swansea","SWA","SA27","","0","0","0","0","0","0","0","0","0","0","-9.59","0","0","-9.59","Released","20 Apr 2026 19:08:48 UTC"
"20 Apr 2026 19:32:08 UTC","26948042122","Order","204-6895065-8004334","VSVC-AZT6-UK-FBM","VIVOSUN Duct Fan 150 mm Extractor Fan 693 m³/h with E12 Speed Control Carbon Filter & 240 cm Air Duct AeroZesh T6 Exhaust Set Cooling and Ventilation","1","amazon.co.uk","Seller","HARTLEPOOL","","TS24 8","MarketplaceFacilitator","86.41","17.28","0","0","0","0","0","0","-17.28","-15.55","0","-0.31","0","70.55","Released","30 Apr 2026 15:27:41 UTC"
"20 Apr 2026 19:42:33 UTC","26948042122","Order","205-5555890-8794707","VSGB-3-UK-FBM","VIVOSUN 5-Pack 12L Grow Bags Heavy Duty 500G Thickened Nonwoven Plant Fabric Pots with Handles for Vegetables, Flowers, Fruits, Greenhouse and Garden","1","amazon.co.uk","Seller","SANDHURST","","GU47 0","MarketplaceFacilitator","9.91","1.98","0","0","0","0","0","0","-1.98","-1.78","0","-0.04","0","8.09","Released","30 Apr 2026 23:42:18 UTC"
"20 Apr 2026 19:52:35 UTC","26948042122","Order","026-9307112-7453939","305131-PEN-UK-M","VIVOSUN Digital pH Meter, 0.01pH High Accuracy Pen Type pH Tester for Hydroponics, Household Drinking, Pool and Aquarium, UL Certified","1","amazon.co.uk","Seller","TREHARRIS","","CF46 5","MarketplaceFacilitator","8.29","1.66","0","0","0","0","0","0","-1.66","-1.49","0","-0.03","0","6.77","Released","30 Apr 2026 14:56:12 UTC"
"20 Apr 2026 20:16:48 UTC","26948042122","Order","206-5057076-0970751","311001-10x5-UK-FBM","VIVOSUN Plant Grow Bags 5 Pack 40L, Heavy Duty Thickened Nonwoven Fabric Pots with Strong Handles, Reusable Breathable Garden Growing Containers for V","1","amazon.co.uk","Seller","NEW ROMNEY","","TN28 8","MarketplaceFacilitator","14.80","2.96","0","0","0","0","0","0","-2.96","-2.66","0","-0.05","0","12.09","Released","30 Apr 2026 12:43:36 UTC"
"20 Apr 2026 20:26:53 UTC","26863601142","Order","202-9801363-7270728","311003-5-UK","VIVOSUN Gardening Scissors 6.5 Inch Hand Pruner Shear with Titanium Coated Blades, Pruning Shear for Plants, Flowers, Hedges 1-Pack Blue","1","amazon.co.uk","Amazon","LONDON","","E1 1","MarketplaceFacilitator","6.66","1.33","0","0","0","0","0","0","-1.33","-1.20","-1.70","-0.05","0","3.71","Released","28 Apr 2026 21:29:04 UTC"
"20 Apr 2026 20:33:36 UTC","26863601142","Order","026-9604827-6181921","TN-33-UK","VIVOSUN Garden Netting 90 x 90 cm Elastic Trellis Net with 4 Hooks Trellis Net for Climbing Plants Vegetables Fruits and Flowers","1","amazon.co.uk","Amazon","LIVERPOOL","Merseyside","L32 0","MarketplaceFacilitator","11.43","2.29","0","0","0","0","0","0","-2.29","-2.06","-2.46","-0.09","0","6.82","Released","28 Apr 2026 16:37:10 UTC"
"20 Apr 2026 20:33:36 UTC","26863601142","Order","026-9604827-6181921","311003-5-UK","VIVOSUN Gardening Scissors 6.5 Inch Hand Pruner Shear with Titanium Coated Blades, Pruning Shear for Plants, Flowers, Hedges 1-Pack Blue","1","amazon.co.uk","Amazon","LIVERPOOL","Merseyside","L32 0","MarketplaceFacilitator","6.66","1.33","0","0","0","0","0","0","-1.33","-1.20","-1.70","-0.05","0","3.71","Released","28 Apr 2026 16:37:10 UTC"
"20 Apr 2026 21:55:47 UTC","26948042122","Order","203-1945393-1355534","VSA200SE-E25-UK-FBM","VIVOSUN LED Grow Lamp 200 W Full Spectrum Plant Lamp with Integrated Circulation Fan Grow Light Compatible with App, AeroLight Wing AW200SE with GrowH","1","amazon.co.uk","Seller","BIRMINGHAM","","B44 0","MarketplaceFacilitator","113.60","22.72","0","0","0","0","0","0","-22.72","-20.45","0","-0.41","0","92.74","Released","30 Apr 2026 09:23:01 UTC"
"20 Apr 2026 22:17:53 UTC","26863601142","Order","026-4010393-9173102","311003-5-UK","VIVOSUN Gardening Scissors 6.5 Inch Hand Pruner Shear with Titanium Coated Blades, Pruning Shear for Plants, Flowers, Hedges 1-Pack Blue","1","amazon.co.uk","Amazon","BASILDON","","SS15 6","MarketplaceFacilitator","6.66","1.33","0","0","0","0","0","0","-1.33","-1.20","-1.70","-0.05","0","3.71","Released","28 Apr 2026 16:56:33 UTC"
"20 Apr 2026 22:38:09 UTC","26948042122","Order","202-3708834-5800308","305131-PEN-UK-M","VIVOSUN Digital pH Meter, 0.01pH High Accuracy Pen Type pH Tester for Hydroponics, Household Drinking, Pool and Aquarium, UL Certified","1","amazon.co.uk","Seller","WARRINGTON","","WA4 5","MarketplaceFacilitator","8.29","1.66","0","0","0","0","0","0","-1.66","-1.49","0","-0.03","0","6.77","Released","30 Apr 2026 23:58:49 UTC"
"20 Apr 2026 22:39:38 UTC","26863601142","Order","202-3105113-3890714","306143-0412-UK-N","VIVOSUN 4 Inch Air Carbon Filter Odor Control with Australia Virgin Charcoal for Inline Fan, Grow Tent Odor Scrubber Indoor Hydroponics, Pre-filter In","1","amazon.co.uk","Amazon","Kettering","Northamptonshire","NN16 0","MarketplaceFacilitator","26.82","5.37","0","0","0","0","0","0","-5.37","-4.83","-3.39","-0.17","0","18.43","Released","28 Apr 2026 23:39:52 UTC"
"20 Apr 2026 23:02:24 UTC","26863601142","Order","026-8091832-8332330","311001-3x5-UK-N","VIVOSUN Grow Bags 5 Pack 12L, Heavy Duty Thickened Nonwoven Fabric Pots with Strong Handles for Vegetables, Flowers, Fruits, Greenhouse and Garden","1","amazon.co.uk","Amazon","MANCHESTER","Lancs","M23 1","MarketplaceFacilitator","11.32","2.27","0","0","0","0","0","0","-2.27","-2.04","-3.20","-0.10","0","5.98","Released","28 Apr 2026 23:21:05 UTC"
"20 Apr 2026 23:20:07 UTC","26863601142","Order","205-8758502-1753958","TN-33-UK","VIVOSUN Garden Netting 90 x 90 cm Elastic Trellis Net with 4 Hooks Trellis Net for Climbing Plants Vegetables Fruits and Flowers","1","amazon.co.uk","Amazon","Margate","Kent","CT91","MarketplaceFacilitator","11.43","2.29","0","0","0","0","0","0","-2.29","-2.06","-2.46","-0.09","0","6.82","Released","28 Apr 2026 19:37:21 UTC"
"21 Apr 2026 00:26:56 UTC","26948042122","Order","202-2558823-5114715","VSF-AWE6W-UK-FBM","VIVOSUN AeroWave E6 Grow Tent Fan 6"", EC Motor, Smart Wifi Control, US Patented Auto Oscillating Clip fan, Weatherproof IP-54, Strong Airflow but Quie","2","amazon.co.uk","Seller","LEEDS","W Yorkshire","LS25 7","MarketplaceFacilitator","66.64","13.34","0","0","0","0","0","0","-13.34","-12.00","0","-0.24","0","54.40","Released","30 Apr 2026 22:07:17 UTC"
"21 Apr 2026 00:35:10 UTC","26863601142","Order","026-2417420-7450710","304113-P224-UK","VIVOSUN Pro Grow Tent 60x60x120 CM (24""x24""x48""), with Thick 22 mm Poles, 2000D Oxford Fabric with Highly Reflective Mylar Extra Hanging Poles for Hyd","1","amazon.co.uk","Amazon","YORK","","YO31 0","MarketplaceFacilitator","55.41","11.08","0","0","0","0","0","0","-11.08","-9.97","-5.63","-0.31","0","39.50","Released","28 Apr 2026 22:32:53 UTC"
"21 Apr 2026 01:45:04 UTC","26948042122","Order","026-9176426-9930718","VSA200SE-E25-UK-FBM","VIVOSUN LED Grow Lamp 200 W Full Spectrum Plant Lamp with Integrated Circulation Fan Grow Light Compatible with App, AeroLight Wing AW200SE with GrowH","1","amazon.co.uk","Seller","LONDON","","NW2 2","MarketplaceFacilitator","113.60","22.72","0","0","0","0","0","0","-22.72","-20.45","0","-0.41","0","92.74","Released","30 Apr 2026 18:12:26 UTC"
"21 Apr 2026 01:53:50 UTC","26948042122","Order","026-0379900-6014762","311003-5-UK","VIVOSUN Gardening Scissors 6.5 Inch Hand Pruner Shear with Titanium Coated Blades, Pruning Shear for Plants, Flowers, Hedges 1-Pack Blue","1","amazon.co.uk","Amazon","Bristol","","BS13 8","MarketplaceFacilitator","6.66","1.33","0","0","0","0","0","0","-1.33","-1.20","-1.70","-0.05","0","3.71","Released","2 May 2026 23:54:36 UTC"
"21 Apr 2026 07:13:21 UTC","26948042122","Order","206-7305790-1339536","SPray-15L-G-UK-M","VIVOSUN Handheld Garden Pump Sprayer 1.5L, Lawn & Garden Pressure Water Spray Bottle with Adjustable Brass Nozzle, for Plants and Other Cleaning Solut","1","amazon.co.uk","Seller","EASTLEIGH","","SO50 7","MarketplaceFacilitator","14.12","2.83","0","0","0","0","0","0","-2.83","-2.54","0","-0.05","0","11.53","Released","30 Apr 2026 20:45:53 UTC"
"21 Apr 2026 07:58:51 UTC","26948042122","Order","205-5920212-7147561","VSE-ASH05-UK-FBM","VIVOSUN AeroStream H05 Intelligent Wi-Fi Humidifier 5 L, Plant Humidifier with Temp & Humidity Probe, Smart Remote VPD Control, Designed for Growers G","1","amazon.co.uk","Seller","RUGBY","","CV21 3","MarketplaceFacilitator","58.32","11.67","0","0","0","0","0","0","-11.67","-10.50","0","-0.21","0","47.61","Released","30 Apr 2026 20:33:59 UTC"
"21 Apr 2026 08:32:45 UTC","26948042122","Order","206-5074544-0902728","304113-52-UK-FBM","VIVOSUN Grow Tent 150x80x200 CM (60""x32""x80"") High Reflective Mylar with Observation Window and Floor Tray for Hydroponics Indoor Plant for VS2000/VSF","1","amazon.co.uk","Seller","DERBY","","DE72 3","MarketplaceFacilitator","116.66","23.33","0","0","0","0","0","0","-23.33","-21.00","0","-0.42","0","95.24","Released","1 May 2026 19:16:58 UTC"
"21 Apr 2026 08:49:20 UTC","26948042122","Order","026-1206599-1155506","TN-33-UK","VIVOSUN Garden Netting 90 x 90 cm Elastic Trellis Net with 4 Hooks Trellis Net for Climbing Plants Vegetables Fruits and Flowers","1","amazon.co.uk","Amazon","KIRKNEWTON","","EH27 8","MarketplaceFacilitator","11.43","2.29","0","0","0","0","0","0","-2.29","-2.06","-2.46","-0.09","0","6.82","Released","29 Apr 2026 21:29:13 UTC"
"21 Apr 2026 09:37:32 UTC","26948042122","Order","202-2020289-6440352","VSGB-7-UK-M","VIVOSUN Grow Bags 5-Pack 30L, 500G Thick Nonwoven Fabric Pots with Strap Handles, Multi-Purpose Rings, for Low Stress Plant Training Fruits, Vegetable","1","amazon.co.uk","Seller","Leicester","","LE3 6","MarketplaceFacilitator","12.24","2.45","0","0","0","0","0","0","-2.45","-2.20","0","-0.04","0","10.00","Released","30 Apr 2026 13:50:46 UTC"
"21 Apr 2026 09:40:22 UTC","26948042122","Order","205-9791305-0071530","VSE-UH075-UK-FBM","VIVOSUN AeroStream U075 USB Humidifier, 750ml Cool Mist Mini Humidifier with 2 Mist Modes, Auto Shut-Off, Smart Remote Control, Designed for Grow Tent","1","amazon.co.uk","Seller","BIRMINGHAM","","B33 8","MarketplaceFacilitator","30.82","6.17","0","0","0","0","0","0","-6.17","-5.55","0","-0.11","0","25.16","Released","30 Apr 2026 13:08:17 UTC"
"21 Apr 2026 09:40:22 UTC","26948042122","Order","205-9791305-0071530","VSF-AWD4-UK","VIVOSUN AeroWave D4, 4"" Grow Tent Clip Fan with Detachable Hook, 3-Speed Strong & Quiet Airflow, Adjustable Airflow Angle for Hydroponics, Circulation","1","amazon.co.uk","Seller","BIRMINGHAM","","B33 8","MarketplaceFacilitator","16.66","3.33","0","0","0","0","0","0","-3.33","-3.00","0","-0.06","0","13.60","Released","30 Apr 2026 13:08:17 UTC"
"21 Apr 2026 10:12:25 UTC","26948042122","Order","202-6061796-5311557","305131-UK-FBM","VIVOSUN Soil Tester, 3-in-1 Plant Moisture Meter Light and PH Tester for Home, Garden, Lawn, Farm, Indoor and Outdoor Use, Promote Plants Healthy Grow","1","amazon.co.uk","Seller","WESTCLIFF-ON-SEA","","SS0 0","MarketplaceFacilitator","9.16","1.83","0","0","0","0","0","0","-1.83","-1.43","0","-0.03","0","7.70","Released","30 Apr 2026 23:22:58 UTC"
"21 Apr 2026 11:27:04 UTC","26948042122","Order","026-3813461-6207503","306201P-6-UK","VIVOSUN Inline Duct Fan 6 Inch 390 CFM EC Motor with Speed Controller, Quiet Pipe Fan, R6 Pipe Fan for Grow Tent, Greenhouse Ventilation","1","amazon.co.uk","Amazon","Glasgow","","G66 3","MarketplaceFacilitator","43.71","8.74","0","0","0","0","0","0","-8.74","-7.87","-3.43","-0.23","0","32.18","Released","30 Apr 2026 19:02:35 UTC"
"21 Apr 2026 11:37:16 UTC","26948042122","Order","204-1858036-5908337","VSI-FFD2-UK-FBM","VIVOSUN FlexFeed Drip Irrigation Kit, 4W Automatic Irrigation System with Pump & 4 Drip Emitters, App-Controllable Professional Plant Watering Drip Ki","1","amazon.co.uk","Seller","LONDONDERRY","","BT47 6","MarketplaceFacilitator","19.99","4.00","0","0","0","0","0","0","-4.00","-3.60","0","-0.07","0","16.32","Released","1 May 2026 12:58:42 UTC"
"21 Apr 2026 11:48:56 UTC","26948042122","Order","204-3954056-1295514","311001-15x5-UK-FBM","VIVOSUN Plant Grow Bags 5 Pack 60L, Heavy Duty Thickened Nonwoven Fabric Pots with Strong Handles, Reusable Breathable Garden Growing Containers for V","1","amazon.co.uk","Seller","EDINBURGH","Midlothian","EH10 5","MarketplaceFacilitator","19.99","4.00","0","0","0","0","0","0","-4.00","-3.60","0","-0.07","0","16.32","Released","30 Apr 2026 15:17:18 UTC"
"21 Apr 2026 12:08:01 UTC","26948042122","Order","204-6662952-8131504","306143-0412-UK-N","VIVOSUN 4 Inch Air Carbon Filter Odor Control with Australia Virgin Charcoal for Inline Fan, Grow Tent Odor Scrubber Indoor Hydroponics, Pre-filter In","1","amazon.co.uk","Amazon","WIRRAL","","CH46 2","MarketplaceFacilitator","26.82","5.37","0.62","0.13","0","0","-0.62","-0.13","-5.37","-4.83","-3.39","-0.17","0","18.43","Released","29 Apr 2026 22:46:25 UTC"
"21 Apr 2026 14:14:12 UTC","26948042122","Order","205-9128088-5733905","VSGB-15-UK-FBM","VIVOSUN Grow Bags 5-Pack 60L, 500G Thick Nonwoven Fabric Pots with Strap Handles, Multi-Purpose Rings, for Low Stress Plant Training Fruits, Vegetable","1","amazon.co.uk","Seller","HUDDERSFIELD","","HD1 5","MarketplaceFacilitator","14.57","2.92","0","0","0","0","0","0","-2.92","-2.62","0","-0.05","0","11.90","Released","1 May 2026 12:35:07 UTC"
"21 Apr 2026 14:33:56 UTC","26948042122","Order","026-2592925-9125928","305130-PEN-UK-FBM","VIVOSUN Digital pH and TDS Meter Kits, 0.01pH High Accuracy Pen Type pH Meter ± 2% Readout Accuracy 3-in-1 TDS EC Temperature Meter for Hydroponics,","1","amazon.co.uk","Seller","LONDON","London","SW8 1","MarketplaceFacilitator","13.32","2.67","0","0","0","0","0","0","-2.67","-2.40","0","-0.05","0","10.87","Released","1 May 2026 14:02:08 UTC"
"21 Apr 2026 14:34:33 UTC","26948042122","Order","026-4976384-3352337","VSF-AWD4x2-UK-M","VIVOSUN AeroWave D4, 4"" Grow Tent Clip Fan with Detachable Hook, 3-Speed Strong & Quiet Airflow, Adjustable Airflow Angle for Hydroponics, Circulation","1","amazon.co.uk","Seller","BLAENAU FFESTINIOG","Llan ffestiniog","LL41 4","MarketplaceFacilitator","27.49","5.50","0","0","0","0","0","0","-5.50","-4.95","0","-0.10","0","22.44","Released","1 May 2026 20:21:29 UTC"
"21 Apr 2026 15:32:25 UTC","26948042122","Order","204-5244505-9488305","VSGB-15-UK-FBM","VIVOSUN Grow Bags 5-Pack 60L, 500G Thick Nonwoven Fabric Pots with Strap Handles, Multi-Purpose Rings, for Low Stress Plant Training Fruits, Vegetable","1","amazon.co.uk","Seller","WORCESTER","","WR5 3","MarketplaceFacilitator","14.57","2.92","0","0","0","0","0","0","-2.92","-2.62","0","-0.05","0","11.90","Released","1 May 2026 07:57:35 UTC"
"21 Apr 2026 15:33:38 UTC","26863601142","Order","204-6139818-0725920","311003-5-UK","VIVOSUN Gardening Scissors 6.5 Inch Hand Pruner Shear with Titanium Coated Blades, Pruning Shear for Plants, Flowers, Hedges 1-Pack Blue","1","amazon.co.uk","Amazon","LONDON","","SW18 4","MarketplaceFacilitator","6.66","1.33","1.66","0.33","0","0","0","0","-1.66","-1.20","-3.36","-0.08","0","3.68","Released","28 Apr 2026 20:26:24 UTC"
"21 Apr 2026 15:39:00 UTC","26948042122","Order","203-5392539-9671553","LH-001-2-UK","VIVOSUN 2-Pair 1/8 Inch Adjustable Grow Light Hangers, Heavy Duty Rope Hanger with Reinforced Metal Gears, 8Ft. Long and 150 lbs Weight Capacity Rope","1","amazon.co.uk","Amazon","WESTBURY","","BA13 3","MarketplaceFacilitator","10.82","2.17","0","0","0","0","0","0","-2.17","-1.95","-2.69","-0.09","0","6.09","Released","29 Apr 2026 21:05:41 UTC"
"21 Apr 2026 16:25:37 UTC","26948042122","Order","204-2074935-2607559","TN-44-UK-FBM","VIVOSUN Garden Netting 120 x 120 cm, Elastic Trellis Net with 4 Hooks for Climbing Plants Vegetables Fruits and Flowers","2","amazon.co.uk","Seller","Storrington","West Sussex","RH20 4","MarketplaceFacilitator","25.48","5.10","0","0","0","0","0","0","-5.10","-4.58","0","-0.09","0","20.81","Released","1 May 2026 23:51:27 UTC"
"21 Apr 2026 16:46:34 UTC","26948042122","Order","205-6367192-2749117","306201PVC-4-UK","VIVOSUN Inline Duct Fan 4 Inch 190 CFM with Speed Controller, 4 Inch Carbon Filter and 8 Feet of Ducting, Temperature Humidity Monitor for Grow Tent,","1","amazon.co.uk","Seller","LEICESTER","","LE3 8","MarketplaceFacilitator","66.07","13.22","0","0","0","0","0","0","-13.22","-11.89","0","-0.24","0","53.94","Released","1 May 2026 14:51:00 UTC"
"21 Apr 2026 16:46:34 UTC","26948042122","Order","205-6367192-2749117","VSGB-3-UK-FBM","VIVOSUN 5-Pack 12L Grow Bags Heavy Duty 500G Thickened Nonwoven Plant Fabric Pots with Handles for Vegetables, Flowers, Fruits, Greenhouse and Garden","1","amazon.co.uk","Seller","LEICESTER","","LE3 8","MarketplaceFacilitator","9.91","1.98","0","0","0","0","0","0","-1.98","-1.78","0","-0.04","0","8.09","Released","1 May 2026 14:51:00 UTC"
"21 Apr 2026 18:54:20 UTC","26948042122","Order","026-4898716-1415569","330701-01-UK","VIVOSUN Garden Netting 5 x 15ft. Plant Trellis Netting, Heavy-Duty Polyester Grow Net, Garden Trellis Netting with Square Mesh for Climbing Plants, Ve","1","amazon.co.uk","Amazon","SOUTHEND-ON-SEA","","SS1 2","MarketplaceFacilitator","6.05","1.21","0","0","0","0","0","0","-1.21","-1.09","-1.70","-0.05","0","3.21","Released","30 Apr 2026 00:09:46 UTC"
"21 Apr 2026 18:59:54 UTC","26948042122","Order","026-0048663-3034726","330701-01-UK","VIVOSUN Garden Netting 5 x 15ft. Plant Trellis Netting, Heavy-Duty Polyester Grow Net, Garden Trellis Netting with Square Mesh for Climbing Plants, Ve","1","amazon.co.uk","Amazon","Wellington","Somerset","TA21 0","MarketplaceFacilitator","6.05","1.21","0","0","0","0","0","0","-1.21","-1.09","-1.70","-0.05","0","3.21","Released","29 Apr 2026 21:59:05 UTC"
"21 Apr 2026 19:19:42 UTC","26948042122","Order","026-5736846-9078720","VSF-AWD4x2-UK-M","VIVOSUN AeroWave D4, 4"" Grow Tent Clip Fan with Detachable Hook, 3-Speed Strong & Quiet Airflow, Adjustable Airflow Angle for Hydroponics, Circulation","1","amazon.co.uk","Seller","WEYMOUTH","","DT3 5","MarketplaceFacilitator","29.99","6.00","0","0","0","0","0","0","-6.00","-5.40","0","-0.11","0","24.48","Released","1 May 2026 20:12:26 UTC"
"21 Apr 2026 19:34:36 UTC","26948042122","Order","205-1294604-4672361","VS-THB1S-UK-FBM","VIVOSUN AeroLab THB1S Wireless Bluetooth Hygrometer Thermometer Indoor, VPD, Digital Temp Humidity Meter, LCD Smart App Control & Alert, Data Storage,","1","amazon.co.uk","Seller","WIRRAL","","CH49 9","MarketplaceFacilitator","20.82","4.17","0","0","0","0","0","0","-4.17","-3.25","0","-0.07","0","17.50","Released","1 May 2026 15:32:10 UTC"
"21 Apr 2026 19:46:03 UTC","26948042122","Order","206-9178673-8213168","311003-5-UK","VIVOSUN Gardening Scissors 6.5 Inch Hand Pruner Shear with Titanium Coated Blades, Pruning Shear for Plants, Flowers, Hedges 1-Pack Blue","1","amazon.co.uk","Amazon","CHERTSEY","","KT16 9","MarketplaceFacilitator","6.66","1.33","0.93","0.19","0","0","-0.93","-0.19","-1.33","-1.20","-1.70","-0.05","0","3.71","Released","29 Apr 2026 21:10:37 UTC"
"21 Apr 2026 20:01:16 UTC","26948042122","Order","203-0221840-2395511","311003-5-UK","VIVOSUN Gardening Scissors 6.5 Inch Hand Pruner Shear with Titanium Coated Blades, Pruning Shear for Plants, Flowers, Hedges 1-Pack Blue","2","amazon.co.uk","Amazon","SHEFFIELD","","S10 1","MarketplaceFacilitator","13.32","2.66","0","0","0","0","0","0","-2.66","-2.40","-3.39","-0.12","0","7.41","Released","29 Apr 2026 20:36:11 UTC"
"21 Apr 2026 20:11:15 UTC","26948042122","Order","202-6093043-7994738","306143-0412-UK-N","VIVOSUN 4 Inch Air Carbon Filter Odor Control with Australia Virgin Charcoal for Inline Fan, Grow Tent Odor Scrubber Indoor Hydroponics, Pre-filter In","1","amazon.co.uk","Amazon","WAREHAM","","BH20 7","MarketplaceFacilitator","26.82","5.37","0","0","0","0","0","0","-5.37","-4.83","-3.39","-0.17","0","18.43","Released","29 Apr 2026 19:31:15 UTC"
"21 Apr 2026 20:46:08 UTC","26948042122","Order","204-9068937-7871502","TN-33-UK","VIVOSUN Garden Netting 90 x 90 cm Elastic Trellis Net with 4 Hooks Trellis Net for Climbing Plants Vegetables Fruits and Flowers","1","amazon.co.uk","Amazon","LANCING","","BN15 9","MarketplaceFacilitator","11.43","2.29","0","0","0","0","0","0","-2.29","-2.06","-2.46","-0.09","0","6.82","Released","29 Apr 2026 16:35:27 UTC"
"21 Apr 2026 20:46:37 UTC","26948042122","Order","026-4883738-5158763","305131-PEN-UK-M","VIVOSUN Digital pH Meter, 0.01pH High Accuracy Pen Type pH Tester for Hydroponics, Household Drinking, Pool and Aquarium, UL Certified","1","amazon.co.uk","Seller","GOREBRIDGE","","EH23 4","MarketplaceFacilitator","8.29","1.66","0","0","0","0","0","0","-1.66","-1.49","0","-0.03","0","6.77","Released","5 May 2026 20:07:38 UTC"
"21 Apr 2026 20:56:53 UTC","26948042122","Order","206-6463484-9827521","311003-5-UK","VIVOSUN Gardening Scissors 6.5 Inch Hand Pruner Shear with Titanium Coated Blades, Pruning Shear for Plants, Flowers, Hedges 1-Pack Blue","1","amazon.co.uk","Amazon","BRISTOL","","BS16 5","MarketplaceFacilitator","6.66","1.33","0","0","0","0","0","0","-1.33","-1.20","-1.70","-0.05","0","3.71","Released","29 Apr 2026 18:09:14 UTC"
"21 Apr 2026 21:01:26 UTC","26948042122","Order","205-5027518-2150717","330701-01-UK","VIVOSUN Garden Netting 5 x 15ft. Plant Trellis Netting, Heavy-Duty Polyester Grow Net, Garden Trellis Netting with Square Mesh for Climbing Plants, Ve","1","amazon.co.uk","Amazon","BIRMINGHAM","","B37 7","MarketplaceFacilitator","6.05","1.21","0","0","0","0","0","0","-1.21","-1.09","-1.70","-0.05","0","3.21","Released","29 Apr 2026 22:25:08 UTC"
"21 Apr 2026 21:31:53 UTC","26948042122","Order","202-3665321-5005160","GT-Pole-UK-M","VIVOSUN Grow Tent High CFM Kit, Green Pole Range of 24""-48"", Suitable for 2'x2', 3'x3', 4'x2' and 4'x4'Grow Tent, 4-Pack","1","amazon.co.uk","Seller","MILTON KEYNES","","MK14 6","MarketplaceFacilitator","33.32","6.67","0","0","0","0","0","0","-6.67","-6.00","0","-0.12","0","27.20","Released","1 May 2026 15:42:37 UTC"
"21 Apr 2026 21:58:31 UTC","26948042122","Order","026-5634977-5349910","305132-PEN-UK","VIVOSUN TDS Tester 3-in-1 TDS EC & Temperature Meter Ultrahigh Accuracy Digital Water Quality TDS Tester, for Drinking Water, Gardening, Aquariums, Bl","1","amazon.co.uk","Amazon","SWADLINCOTE","","DE11 7","MarketplaceFacilitator","8.32","1.67","0","0","0","0","0","0","-1.67","-1.50","-2.56","-0.08","0","4.18","Released","29 Apr 2026 18:37:33 UTC"
"21 Apr 2026 22:20:57 UTC","26948042122","Order","204-7606404-1590718","305130-PEN-UK-FBM","VIVOSUN Digital pH and TDS Meter Kits, 0.01pH High Accuracy Pen Type pH Meter ± 2% Readout Accuracy 3-in-1 TDS EC Temperature Meter for Hydroponics,","1","amazon.co.uk","Seller","Sheffield","South Yorkshire","S1 2","MarketplaceFacilitator","13.32","2.67","0","0","0","0","0","0","-2.67","-2.40","0","-0.05","0","10.87","Released","1 May 2026 23:56:40 UTC"
"21 Apr 2026 22:43:13 UTC","26863601142","Liquidations","149985505254552","X0022PUP95","VIVOSUN Soil Tester, 3-in-1 Plant Moisture Meter Light and PH Tester for Home, Garden, Lawn, Farm, Indoor and Outdoor Use, Promote Plants Healthy Growth","1","","","","","","","0.06","0.01","0","0","0","0","0","0","0","0","0","-0.38","0","-0.31","Deferred",
"22 Apr 2026 00:50:33 UTC","26948042122","Order","202-0333730-7214723","304113-42-UK","VIVOSUN Grow Tent 120x60x150 CM (48""x24""x60""), Made of Highly Reflective Mylar, with Viewing Window and Base Tray for Hydroponics and Indoor Growing,","1","amazon.co.uk","Amazon","OSWESTRY","","SY10 9","MarketplaceFacilitator","106.16","21.23","0","0","0","0","0","0","-21.23","-19.11","-12.55","-0.63","0","73.87","Released","29 Apr 2026 23:00:53 UTC"
"22 Apr 2026 01:04:27 UTC","26948042122","Order","203-0462452-0442738","VC-0002-UK","VIVOSUN 2-Pcs. Grow Tent Vent Cover, 4""/6""/8"" Duct Filter Vent Cover with Elastic Band and Fixed Buckle for Plant Grow Tent Vent","1","amazon.co.uk","Amazon","HULL","","HU4 7","MarketplaceFacilitator","13.45","2.69","0.69","0.14","0","0","0","0","-2.83","-2.42","-3.15","-0.11","0","8.46","Released","30 Apr 2026 00:09:06 UTC"
"22 Apr 2026 01:21:21 UTC","26948042122","Order","026-7967024-1778724","311003-5-UK","VIVOSUN Gardening Scissors 6.5 Inch Hand Pruner Shear with Titanium Coated Blades, Pruning Shear for Plants, Flowers, Hedges 1-Pack Blue","1","amazon.co.uk","Amazon","BRISTOL","","BS5 8","MarketplaceFacilitator","6.66","1.33","0","0","0","0","0","0","-1.33","-1.20","-1.70","-0.05","0","3.71","Released","29 Apr 2026 20:13:07 UTC"
"22 Apr 2026 03:18:33 UTC","26948042122","Order","026-3924102-9935553","311003-5-UK","VIVOSUN Gardening Scissors 6.5 Inch Hand Pruner Shear with Titanium Coated Blades, Pruning Shear for Plants, Flowers, Hedges 1-Pack Blue","1","amazon.co.uk","Amazon","BRISTOL","","BS5 8","MarketplaceFacilitator","6.66","1.33","0","0","0","0","0","0","-1.33","-1.20","-1.70","-0.05","0","3.71","Released","30 Apr 2026 00:08:32 UTC"
"22 Apr 2026 03:33:19 UTC","26948042122","Order","205-8918790-5522762","330701-01-UK","VIVOSUN Garden Netting 5 x 15ft. Plant Trellis Netting, Heavy-Duty Polyester Grow Net, Garden Trellis Netting with Square Mesh for Climbing Plants, Ve","1","amazon.co.uk","Amazon","Worthing","West Sussex","BN12 5","MarketplaceFacilitator","6.05","1.21","4.16","0.83","0","0","0","0","-2.04","-1.09","-5.86","-0.13","0","3.13","Released","29 Apr 2026 19:02:26 UTC"
"22 Apr 2026 04:00:37 UTC","26948042122","Order","206-3000691-6453127","VSV-AZG6-UK","VIVOSUN AeroZesh G6 Inline Duct Fan 6inch/150 mm Extractor Fan 660 m³/h with E12 Speed Controller and Entirely Programmable PWM-Controlled EC Fan for","1","amazon.co.uk","Amazon","COALVILLE","","LE67 1","MarketplaceFacilitator","55.41","11.08","0","0","0","0","0","0","-11.08","-9.97","-3.43","-0.27","0","41.74","Released","29 Apr 2026 21:18:42 UTC"
"22 Apr 2026 04:03:14 UTC","26948042122","Order","204-3152765-7661100","VS-THB1-UK","VIVOSUN AeroLab THB1 Wireless Bluetooth Hygrometer Thermometer Indoor, Smart Temperature Monitor, VPD, Digital Humidity Meter, LCD Remote Control & Al","1","amazon.co.uk","Amazon","WATERLOOVILLE","Hants","PO7 5","MarketplaceFacilitator","13.32","2.67","0","0","0","0","0","0","-2.67","-2.08","-2.46","-0.09","0","8.69","Released","29 Apr 2026 20:49:14 UTC"
"22 Apr 2026 04:21:15 UTC","26948042122","Order","204-1061888-7027521","CFPB-6-UK","VIVOSUN 15 cm pre-filter for 15 cm carbon filter, 35 cm long, black","1","amazon.co.uk","Amazon","SUTTON IN ASHFIELD","Mansfield","NG17 4","","7.32","1.46","0","0","0","0","0","0","0","-0.70","-2.46","0","0","5.62","Released","30 Apr 2026 19:29:07 UTC"
"22 Apr 2026 04:25:53 UTC","26948042122","Order","204-8926361-4501151","306143-0412-UK-N","VIVOSUN 4 Inch Air Carbon Filter Odor Control with Australia Virgin Charcoal for Inline Fan, Grow Tent Odor Scrubber Indoor Hydroponics, Pre-filter In","1","amazon.co.uk","Amazon","SALISBURY","","SP4 7","MarketplaceFacilitator","26.82","5.37","0","0","0","0","0","0","-5.37","-4.83","-3.39","-0.17","0","18.43","Released","29 Apr 2026 21:25:53 UTC"
"22 Apr 2026 06:47:06 UTC","26948042122","Order","204-7904558-4659515","VSVC-AZG6-UK-FBM","VIVOSUN G6 Smart Air Filtration Set, Duct Fan 150 mm Extractor Fan with E12 Speed Control, Carbon Filter & 240 cm Air Duct, Exhaust Set Cooling and Ve","1","amazon.co.uk","Seller","BIGGLESWADE","","SG18 0","MarketplaceFacilitator","124.99","25.00","0","0","0","0","0","0","-25.00","-22.50","0","-0.45","0","102.04","Released","1 May 2026 20:43:16 UTC"
"22 Apr 2026 07:40:43 UTC","26948042122","Order","026-2814914-2451511","TN-44-UK-FBM","VIVOSUN Garden Netting 120 x 120 cm, Elastic Trellis Net with 4 Hooks for Climbing Plants Vegetables Fruits and Flowers","1","amazon.co.uk","Seller","LONDON","","SE1 7","MarketplaceFacilitator","12.74","2.55","0","0","0","0","0","0","-2.55","-2.29","0","-0.05","0","10.40","Released","1 May 2026 22:33:32 UTC"
"22 Apr 2026 10:13:58 UTC","26948042122","Order","202-3966141-6979546","330101CNJ-UK-FBM","VIVOSUN Seedling Heat Mat with Digital Thermostat 10""X20.75"", UL & MET Certified, Fast Heating, Waterproof Propagation Warming Mat for Germination, Ho","1","amazon.co.uk","Seller","ABERDEEN","","AB25 3","MarketplaceFacilitator","24.99","5.00","0","0","0","0","0","0","-5.00","-4.50","0","-0.09","0","20.40","Released","1 May 2026 15:25:49 UTC"
"22 Apr 2026 10:14:07 UTC","26948042122","Order","204-1752198-7535536","311001-20x5-UK-FBM","VIVOSUN Plant Grow Bags 5 Pack 80L, Heavy Duty Thickened Nonwoven Fabric Pots with Strong Handles, Reusable Breathable Garden Growing Containers for V","1","amazon.co.uk","Seller","BALFRON","","G63 0","MarketplaceFacilitator","22.49","4.50","0","0","0","0","0","0","-4.50","-4.05","0","-0.08","0","18.36","Released","1 May 2026 20:37:35 UTC"
"22 Apr 2026 10:46:39 UTC","26948042122","Order","026-6969180-0836348","330101CNJ-UK-FBM","VIVOSUN Seedling Heat Mat with Digital Thermostat 10""X20.75"", UL & MET Certified, Fast Heating, Waterproof Propagation Warming Mat for Germination, Ho","2","amazon.co.uk","Seller","GLOUCESTER","","GL2 0","MarketplaceFacilitator","49.98","10.00","0","0","0","0","0","0","-10.00","-9.00","0","-0.18","0","40.80","Released","1 May 2026 16:41:23 UTC"
"22 Apr 2026 12:05:40 UTC","26948042122","Order","202-9091663-7452346","VSVC-AZG4-UK-M","VIVOSUN PRO G4 Smart Air Filtration Set, 10 cm AeroZesh G4 Duct Fan with E12 Speed Control, Carbon Filter & Air Duct, Ventilation System for Grow Tent","1","amazon.co.uk","Seller","YORK","","YO30 6","MarketplaceFacilitator","108.32","21.67","0","0","0","0","0","0","-21.67","-19.50","0","-0.39","0","88.43","Released","1 May 2026 23:58:31 UTC"
"22 Apr 2026 12:19:53 UTC","26948042122","Order","203-7363728-5049930","330701-01-UK","VIVOSUN Garden Netting 5 x 15ft. Plant Trellis Netting, Heavy-Duty Polyester Grow Net, Garden Trellis Netting with Square Mesh for Climbing Plants, Ve","1","amazon.co.uk","Amazon","Glasgow","","G72 6","MarketplaceFacilitator","6.05","1.21","0","0","0","0","0","0","-1.21","-1.09","-1.70","-0.05","0","3.21","Released","30 Apr 2026 21:05:53 UTC"
"22 Apr 2026 12:50:36 UTC","26863601142","Order_Retrocharge","203-7218030-5317967","","Base Tax","","Amazon.co.uk","","","","","","0","1.95","0","0","0","0","0","0","0","0","0","0","0","1.95","Released","22 Apr 2026 12:50:36 UTC"
"22 Apr 2026 12:50:36 UTC","26863601142","Order_Retrocharge","203-7218030-5317967","","Shipping Tax","","Amazon.co.uk","","","","","","0","0","0","0","0","0","0","0","0","0","0","0","0","0","Released","22 Apr 2026 12:50:36 UTC"
"22 Apr 2026 12:50:36 UTC","26863601142","Order_Retrocharge","203-7218030-5317967","","MarketplaceFacilitator","","Amazon.co.uk","","","","","","0","0","0","0","0","0","0","0","-1.95","0","0","0","0","-1.95","Released","22 Apr 2026 12:50:36 UTC"
"22 Apr 2026 13:22:34 UTC","26948042122","Order","206-4998534-8057917","311001-20x5-UK-FBM","VIVOSUN Plant Grow Bags 5 Pack 80L, Heavy Duty Thickened Nonwoven Fabric Pots with Strong Handles, Reusable Breathable Garden Growing Containers for V","1","amazon.co.uk","Seller","BALFRON","","G63 0","MarketplaceFacilitator","22.49","4.50","0","0","0","0","0","0","-4.50","-4.05","0","-0.08","0","18.36","Released","2 May 2026 13:55:56 UTC"
"22 Apr 2026 14:16:22 UTC","26863601142","Refund","203-7796155-5661150","304113-3018-UK-FBM","VIVOSUN Grow Tent 75x45x90 CM (30""x18""x36""), High Reflective Mylar with Observation Window and Floor Tray for Hydroponics Indoor Plant for VS1000","1","amazon.co.uk","Seller","WORCESTER","","WR1 3","MarketplaceFacilitator","-43.47","-8.69","0","0","0","0","0","0","8.69","6.26","0","0.15","0","-37.06","Released","22 Apr 2026 14:16:22 UTC"
"22 Apr 2026 15:03:04 UTC","26863601142","Delivery Services","203-7796155-5661150","","ReturnPostageBilling","","","","","","","","0","0","0","0","0","0","0","0","0","0","0","0","-2.73","-2.73","Released","22 Apr 2026 15:03:04 UTC"
"22 Apr 2026 15:46:54 UTC","26948042122","Order","202-7262360-8371568","304113-2014-UK-FBM","VIVOSUN Grow Tent Small 50x36x54 CM (19.7""x14.2""x21.3"") Grow Tent Mini with Highly Reflective Mylar Sealed Floor Design, Ventilation Window, Cable Ent","1","amazon.co.uk","Seller","ACCRINGTON","","BB5 4","MarketplaceFacilitator","33.32","6.67","0","0","0","0","0","0","-6.67","-6.00","0","-0.12","0","27.20","Released","1 May 2026 21:57:34 UTC"
"22 Apr 2026 15:59:08 UTC","26948042122","Order","203-4914066-0141103","GH-E25-UK-FBM","VIVOSUN GrowHub Controller E25 for Grow Tent Cooling Ventilation Lighting, Supports Smart Grow System Devices, Expansion Port for E42/E42A WiFi & App","1","amazon.co.uk","Seller","Glasgow","Lanarkshire","G5 9","MarketplaceFacilitator","18.41","3.68","0","0","0","0","0","0","-3.68","-3.31","0","-0.07","0","15.03","Released","2 May 2026 20:50:36 UTC"
"22 Apr 2026 16:23:11 UTC","26948042122","Order","202-6688305-6442729","311003-5-UK","VIVOSUN Gardening Scissors 6.5 Inch Hand Pruner Shear with Titanium Coated Blades, Pruning Shear for Plants, Flowers, Hedges 1-Pack Blue","1","amazon.co.uk","Amazon","POOLE","","BH14 0","MarketplaceFacilitator","6.66","1.33","0","0","0","0","0","0","-1.33","-1.20","-1.70","-0.05","0","3.71","Released","30 Apr 2026 17:26:28 UTC"
"22 Apr 2026 16:36:35 UTC","26948042122","Order","205-7823790-4140333","311001-3x5-UK-N","VIVOSUN Grow Bags 5 Pack 12L, Heavy Duty Thickened Nonwoven Fabric Pots with Strong Handles for Vegetables, Flowers, Fruits, Greenhouse and Garden","1","amazon.co.uk","Amazon","Mullingar","Westmeath","","MarketplaceFacilitator","11.32","2.60","2.43","0.56","0","0","0","0","-6.32","-4.08","-8.19","-0.24","0","-1.92","Released","1 May 2026 19:09:37 UTC"
"22 Apr 2026 16:36:35 UTC","26948042122","Order","205-7823790-4140333","311001-3x5-UK-N","VIVOSUN Grow Bags 5 Pack 12L, Heavy Duty Thickened Nonwoven Fabric Pots with Strong Handles for Vegetables, Flowers, Fruits, Greenhouse and Garden","1","amazon.co.uk","Amazon","Mullingar","Westmeath","","","11.32","2.60","2.44","0.56","0","0","0","0","0","0","-3.20","-0.06","0","13.66","Released","1 May 2026 19:09:37 UTC"
"22 Apr 2026 17:47:04 UTC","26948042122","Order","205-6739484-8255510","VSGB-7-UK-M","VIVOSUN Grow Bags 5-Pack 30L, 500G Thick Nonwoven Fabric Pots with Strap Handles, Multi-Purpose Rings, for Low Stress Plant Training Fruits, Vegetable","1","amazon.co.uk","Seller","STOCKPORT","","SK2 5","MarketplaceFacilitator","14.87","2.97","0","0","0","0","0","0","-2.97","-2.68","0","-0.05","0","12.14","Released","1 May 2026 22:52:49 UTC"
"22 Apr 2026 18:57:40 UTC","26948042122","Order","026-5123251-8621940","332022-2-UK","VIVOSUN 2-Pack 30X 60X Illuminated Jewelers Loupe Foldable Magnifier with LED Light for Jewelry Gems Watches Coins Stamps Antiques Black","1","amazon.co.uk","Amazon","CHESTERFIELD","","S44 5","MarketplaceFacilitator","7.78","1.56","0","0","0","0","0","0","-1.56","-1.40","-2.74","-0.08","0","3.56","Released","30 Apr 2026 19:09:32 UTC"
"22 Apr 2026 19:16:46 UTC","26948042122","Order","204-7170306-1025952","LH-001-UK","VIVOSUN 1-Pair 1/8 Inch Adjustable Grow Light Hanger, Heavy Duty Rope Hanger with Reinforced Metal Gears, 8Ft. Long and 150 lbs Weight Capacity Rope f","1","amazon.co.uk","Amazon","NORTHWICH","","CW9 8","MarketplaceFacilitator","6.37","1.27","1.87","0.38","0","0","-1.87","-0.38","-1.27","-1.15","-2.46","-0.07","0","2.69","Released","1 May 2026 21:10:19 UTC"
"22 Apr 2026 19:58:36 UTC","26948042122","Order","203-2154404-6604340","VSE-ASH05-UK-FBM","VIVOSUN AeroStream H05 Intelligent Wi-Fi Humidifier 5 L, Plant Humidifier with Temp & Humidity Probe, Smart Remote VPD Control, Designed for Growers G","1","amazon.co.uk","Seller","STANMORE","","HA7 3","MarketplaceFacilitator","58.32","11.67","0","0","0","0","0","0","-11.67","-10.50","0","-0.21","0","47.61","Released","1 May 2026 12:18:49 UTC"
"22 Apr 2026 20:12:16 UTC","26863601142","Order","S02-9649099-9833530","VSV-AZT6E42A-UK","VIVOSUN Inline Duct Fan 6inch/150 mm & Temperature Humidity Controller E42A WiFi-App Control, Quiet Extractor Fan 693 m³/h with EC Motor, Grow Tent Fan& Smart Thermostat for Growbox Hydroponics","1","siprodukmarketplace.stores.amazon.co.uk","Amazon","oswestry","SHR","SY11 1","","0","0","0","0","0","0","0","0","0","0","-9.59","0","0","-9.59","Released","22 Apr 2026 20:12:16 UTC"
"22 Apr 2026 20:29:21 UTC","26948042122","Order","026-9847280-8325920","VSV-AZG6-UK","VIVOSUN AeroZesh G6 Inline Duct Fan 6inch/150 mm Extractor Fan 660 m³/h with E12 Speed Controller and Entirely Programmable PWM-Controlled EC Fan for","1","amazon.co.uk","Amazon","Limerick","Limerick","","","83.32","0","0.75","0","0","0","-0.75","0","0","-30.00","-3.43","-0.67","0","49.22","Released","1 May 2026 15:23:12 UTC"
"22 Apr 2026 20:29:21 UTC","26948042122","Order","026-9847280-8325920","VSV-AZG6-UK","VIVOSUN AeroZesh G6 Inline Duct Fan 6inch/150 mm Extractor Fan 660 m³/h with E12 Speed Controller and Entirely Programmable PWM-Controlled EC Fan for","1","amazon.co.uk","Amazon","Limerick","Limerick","","","83.32","0","0.75","0","0","0","-0.75","0","0","0","-3.43","-0.07","0","79.82","Released","1 May 2026 15:23:12 UTC"
"22 Apr 2026 20:32:10 UTC","26948042122","Order","205-7094717-5101929","305131-PEN-UK-M","VIVOSUN Digital pH Meter, 0.01pH High Accuracy Pen Type pH Tester for Hydroponics, Household Drinking, Pool and Aquarium, UL Certified","1","amazon.co.uk","Seller","CRYMYCH","","SA41 3","MarketplaceFacilitator","7.05","1.41","0","0","0","0","0","0","-1.41","-1.27","0","-0.03","0","5.75","Released","1 May 2026 21:57:07 UTC"
"22 Apr 2026 20:43:52 UTC","26948042122","Order","204-6236713-2401156","311003-5-UK","VIVOSUN Gardening Scissors 6.5 Inch Hand Pruner Shear with Titanium Coated Blades, Pruning Shear for Plants, Flowers, Hedges 1-Pack Blue","1","amazon.co.uk","Amazon","BARNARD CASTLE","","DL12 0","MarketplaceFacilitator","6.66","1.33","0","0","0","0","0","0","-1.33","-1.20","-1.70","-0.05","0","3.71","Released","30 Apr 2026 20:48:23 UTC"
"22 Apr 2026 21:04:08 UTC","26948042122","Order","202-7937963-3580366","305140-PEN-UK","VIVOSUN Digital pH and TDS Meter Kits, 0.01pH High Accuracy Pen Type pH Meter ± 2% Readout Accuracy 3-in-1 TDS EC Temperature Meter for Hydroponics,","1","amazon.co.uk","Seller","BALLYCLARE","Co Antrim","BT39 9","MarketplaceFacilitator","13.99","2.80","0","0","0","0","0","0","-2.80","-2.52","0","-0.05","0","11.42","Released","2 May 2026 20:40:48 UTC"
"22 Apr 2026 21:41:08 UTC","26948042122","Order","205-7973987-9653919","VSE-ASH05-UK-FBM","VIVOSUN AeroStream H05 Intelligent Wi-Fi Humidifier 5 L, Plant Humidifier with Temp & Humidity Probe, Smart Remote VPD Control, Designed for Growers G","1","amazon.co.uk","Seller","ISLE OF LEWIS","","HS2 0","MarketplaceFacilitator","58.32","11.67","0","0","0","0","0","0","-11.67","-10.50","0","-0.21","0","47.61","Released","2 May 2026 10:16:28 UTC"
"22 Apr 2026 21:49:31 UTC","26948042122","Order","202-1304056-3993953","VSF-AWD4Wx2-UK-FBM","VIVOSUN AeroWave D4, 4"" Grow Tent Clip Fan with Detachable Hook, 3-Speed Strong & Quiet Airflow, Adjustable Airflow Angle for Hydroponics, Circulation","1","amazon.co.uk","Seller","Par","Cornwall","PL24 2","MarketplaceFacilitator","24.78","4.96","0","0","0","0","0","0","-4.96","-4.46","0","-0.09","0","20.23","Released","2 May 2026 18:41:59 UTC"
"23 Apr 2026 00:13:02 UTC","26948042122","Order","202-8728759-8964349","VSF-AWD4Wx2-UK-FBM","VIVOSUN AeroWave D4, 4"" Grow Tent Clip Fan with Detachable Hook, 3-Speed Strong & Quiet Airflow, Adjustable Airflow Angle for Hydroponics, Circulation","1","amazon.co.uk","Seller","STOKE-ON-TRENT","","ST4 4","MarketplaceFacilitator","24.78","4.96","0","0","0","0","0","0","-4.96","-4.46","0","-0.09","0","20.23","Released","2 May 2026 00:08:01 UTC"
"23 Apr 2026 00:55:04 UTC","26948042122","Order","203-2152562-9172362","311003-5-UK","VIVOSUN Gardening Scissors 6.5 Inch Hand Pruner Shear with Titanium Coated Blades, Pruning Shear for Plants, Flowers, Hedges 1-Pack Blue","1","amazon.co.uk","Amazon","Carraroe","Galway","","MarketplaceFacilitator","6.66","1.53","4.87","1.12","0","0","0","0","-2.65","-1.20","-6.69","-0.15","0","3.49","Released","1 May 2026 23:54:13 UTC"
"23 Apr 2026 00:56:26 UTC","26948042122","Order","206-7097702-9790712","306143-0412-UK-N","VIVOSUN 4 Inch Air Carbon Filter Odor Control with Australia Virgin Charcoal for Inline Fan, Grow Tent Odor Scrubber Indoor Hydroponics, Pre-filter In","1","amazon.co.uk","Amazon","Retford","","DN22 6","MarketplaceFacilitator","25.29","5.06","1.66","0.33","0","0","-1.66","-0.33","-5.06","-4.55","-3.39","-0.16","0","17.19","Released","30 Apr 2026 06:50:16 UTC"
"23 Apr 2026 01:03:26 UTC","26948042122","Order","204-0346858-7299514","311003-5-UK","VIVOSUN Gardening Scissors 6.5 Inch Hand Pruner Shear with Titanium Coated Blades, Pruning Shear for Plants, Flowers, Hedges 1-Pack Blue","1","amazon.co.uk","Amazon","BLACKPOOL","","FY3 8","MarketplaceFacilitator","6.32","1.27","0","0","0","0","0","0","-1.27","-1.14","-1.70","-0.05","0","3.43","Released","30 Apr 2026 14:31:54 UTC"
"23 Apr 2026 01:07:35 UTC","26948042122","Order","026-9497619-5499540","PH002-UK-FBM","VIVOSUN 4-in-1 Digital pH Meter with pH/TDS/EC/Temp Function, 0-14.0 pH Measurement Range, ±0.1 pH Accuracy Water Quality Tester for Hydroponics, Hou","1","amazon.co.uk","Seller","LEICESTER","","LE8 6","MarketplaceFacilitator","20.52","4.10","0","0","0","0","0","0","-4.10","-3.69","0","-0.07","0","16.76","Released","4 May 2026 17:51:08 UTC"
"23 Apr 2026 01:44:49 UTC","26948042122","Order","206-1224203-1699544","311003-5-UK","VIVOSUN Gardening Scissors 6.5 Inch Hand Pruner Shear with Titanium Coated Blades, Pruning Shear for Plants, Flowers, Hedges 1-Pack Blue","1","amazon.co.uk","Amazon","SALISBURY","","SP5 1","MarketplaceFacilitator","6.66","1.33","0","0","0","0","0","0","-1.33","-1.20","-1.70","-0.05","0","3.71","Released","30 Apr 2026 18:24:20 UTC"
"23 Apr 2026 03:01:32 UTC","26948042122","Order","206-1898674-8561111","VSF-AWD4Wx2-UK-FBM","VIVOSUN AeroWave D4, 4"" Grow Tent Clip Fan with Detachable Hook, 3-Speed Strong & Quiet Airflow, Adjustable Airflow Angle for Hydroponics, Circulation","1","amazon.co.uk","Seller","SOUTH SHIELDS","","NE33 3","MarketplaceFacilitator","24.78","4.96","0","0","0","0","0","0","-4.96","-4.46","0","-0.09","0","20.23","Released","1 May 2026 21:58:14 UTC"
"23 Apr 2026 03:36:22 UTC","26948042122","Order","205-9172200-3118711","330701-01-UK","VIVOSUN Garden Netting 5 x 15ft. Plant Trellis Netting, Heavy-Duty Polyester Grow Net, Garden Trellis Netting with Square Mesh for Climbing Plants, Ve","1","amazon.co.uk","Amazon","HERTFORD","","SG14 2","MarketplaceFacilitator","7.49","1.50","0","0","0","0","0","0","-1.50","-1.35","-1.70","-0.06","0","4.38","Released","30 Apr 2026 20:38:02 UTC"
"23 Apr 2026 08:46:55 UTC","26948042122","Order","204-9496648-2199528","VSE-ASH05-UK-FBM","VIVOSUN AeroStream H05 Intelligent Wi-Fi Humidifier 5 L, Plant Humidifier with Temp & Humidity Probe, Smart Remote VPD Control, Designed for Growers G","1","amazon.co.uk","Seller","RAWTENSTALL","Lancashire","BB4 6","MarketplaceFacilitator","58.32","11.67","0","0","0","0","0","0","-11.67","-10.50","0","-0.21","0","47.61","Released","4 May 2026 13:51:53 UTC"
"23 Apr 2026 09:19:53 UTC","26948042122","Order","204-3576840-1437903","VSF-AWD4-UK","VIVOSUN AeroWave D4, 4"" Grow Tent Clip Fan with Detachable Hook, 3-Speed Strong & Quiet Airflow, Adjustable Airflow Angle for Hydroponics, Circulation","1","amazon.co.uk","Seller","WISHAW","North Lanarkshire","ML2 7","MarketplaceFacilitator","16.66","3.33","0","0","0","0","0","0","-3.33","-3.00","0","-0.06","0","13.60","Released","1 May 2026 23:42:20 UTC"
"23 Apr 2026 10:08:34 UTC","26948042122","Order","026-0897698-2865164","GH-E25-UK-FBM","VIVOSUN GrowHub Controller E25 for Grow Tent Cooling Ventilation Lighting, Supports Smart Grow System Devices, Expansion Port for E42/E42A WiFi & App","1","amazon.co.uk","Seller","DUNSTABLE","","LU6 1","MarketplaceFacilitator","18.41","3.68","0","0","0","0","0","0","-3.68","-3.31","0","-0.07","0","15.03","Released","2 May 2026 22:43:59 UTC"
"23 Apr 2026 10:20:24 UTC","26948042122","Order","206-9560468-5300353","VSF-AWE6W-UK-FBM","VIVOSUN AeroWave E6 Grow Tent Fan 6"", EC Motor, Smart Wifi Control, US Patented Auto Oscillating Clip fan, Weatherproof IP-54, Strong Airflow but Quie","1","amazon.co.uk","Seller","Birmingham","","B16 0","MarketplaceFacilitator","33.32","6.67","0","0","0","0","0","0","-6.67","-6.00","0","-0.12","0","27.20","Released","2 May 2026 20:47:31 UTC"
"23 Apr 2026 11:11:07 UTC","26863601142","Refund","205-7734109-4984322","VSH-IS03-UK","VIVOSUN Solar Automatic Drip Irrigation Kits with Timer, 3W Output, Solar Powered Auto Drip Irrigation System, 15 Pots Garden Plant Watering System, P","1","amazon.co.uk","Amazon","Wellingborough","Northamptonshire","NN8 4","MarketplaceFacilitator","-21.56","-4.31","0","0","0","0","6.47","1.29","3.02","2.18","0","0.05","0","-12.86","Released","25 Apr 2026 20:52:36 UTC"
"23 Apr 2026 11:44:07 UTC","26948042122","Order","204-8089042-5217951","GT-Pole-UK-M","VIVOSUN Grow Tent High CFM Kit, Green Pole Range of 24""-48"", Suitable for 2'x2', 3'x3', 4'x2' and 4'x4'Grow Tent, 4-Pack","1","amazon.co.uk","Seller","COWES","","PO31 7","MarketplaceFacilitator","28.32","5.67","0","0","0","0","0","0","-5.67","-5.10","0","-0.10","0","23.12","Released","1 May 2026 21:30:58 UTC"
"23 Apr 2026 13:13:40 UTC","26948042122","Order","204-1830830-4011513","VSF-AWD4-UK","VIVOSUN AeroWave D4, 4"" Grow Tent Clip Fan with Detachable Hook, 3-Speed Strong & Quiet Airflow, Adjustable Airflow Angle for Hydroponics, Circulation","1","amazon.co.uk","Seller","SWANSEA","West Glamorgan","SA2 0","MarketplaceFacilitator","16.66","3.33","0","0","0","0","0","0","-3.33","-3.00","0","-0.06","0","13.60","Released","2 May 2026 20:44:20 UTC"
"23 Apr 2026 13:53:51 UTC","26863601142","Refund","204-4799430-0485934","311003-5-UK","VIVOSUN Gardening Scissors 6.5 Inch Hand Pruner Shear with Titanium Coated Blades, Pruning Shear for Plants, Flowers, Hedges 1-Pack Blue","1","amazon.co.uk","Amazon","London","","N16 8","MarketplaceFacilitator","-4.46","-0.89","0","0","0","0","0","0","0.89","0.64","0","0.02","0","-3.80","Released","26 Apr 2026 22:52:25 UTC"
"23 Apr 2026 13:58:40 UTC","26948042122","Order","202-4179424-3637903","304113-3018-UK-FBM","VIVOSUN Grow Tent 75x45x90 CM (30""x18""x36""), High Reflective Mylar with Observation Window and Floor Tray for Hydroponics Indoor Plant for VS1000","1","amazon.co.uk","Seller","MANCHESTER","","M22 9","MarketplaceFacilitator","74.99","15.00","0","0","0","0","0","0","-15.00","-13.50","0","-0.27","0","61.22","Released","3 May 2026 22:07:48 UTC"
"23 Apr 2026 15:27:54 UTC","26948042122","Order","206-3632745-1029109","305130-PEN-UK-FBM","VIVOSUN Digital pH and TDS Meter Kits, 0.01pH High Accuracy Pen Type pH Meter ± 2% Readout Accuracy 3-in-1 TDS EC Temperature Meter for Hydroponics,","1","amazon.co.uk","Seller","BURGESS HILL","","RH15 0","MarketplaceFacilitator","13.32","2.67","0","0","0","0","0","0","-2.67","-2.40","0","-0.05","0","10.87","Released","4 May 2026 19:12:35 UTC"
"23 Apr 2026 15:41:08 UTC","26948042122","Order","205-8760189-9877901","305131-PEN-UK-M","VIVOSUN Digital pH Meter, 0.01pH High Accuracy Pen Type pH Tester for Hydroponics, Household Drinking, Pool and Aquarium, UL Certified","1","amazon.co.uk","Seller","CHICHESTER","","PO18 0","MarketplaceFacilitator","7.05","1.41","0","0","0","0","0","0","-1.41","-1.27","0","-0.03","0","5.75","Released","4 May 2026 16:34:32 UTC"
"23 Apr 2026 16:11:54 UTC","26948042122","Order","206-9203798-4761954","332022-2-UK","VIVOSUN 2-Pack 30X 60X Illuminated Jewelers Loupe Foldable Magnifier with LED Light for Jewelry Gems Watches Coins Stamps Antiques Black","1","amazon.co.uk","Amazon","Edinburgh","Midlothian","EH152","MarketplaceFacilitator","7.78","1.56","0","0","0","0","0","0","-1.56","-1.40","-2.74","-0.08","0","3.56","Released","1 May 2026 22:58:46 UTC"
"23 Apr 2026 16:16:01 UTC","26948042122","Order","204-5208660-3085965","332022-2-UK","VIVOSUN 2-Pack 30X 60X Illuminated Jewelers Loupe Foldable Magnifier with LED Light for Jewelry Gems Watches Coins Stamps Antiques Black","1","amazon.co.uk","Amazon","Sheerness","","ME12 1","MarketplaceFacilitator","7.78","1.56","0","0","0","0","0","0","-1.56","-1.40","-2.74","-0.08","0","3.56","Released","1 May 2026 23:42:30 UTC"
"23 Apr 2026 16:16:01 UTC","26948042122","Order","204-5208660-3085965","CFPB-4-UK","VIVOSUN 15 cm Prefilter for 15 cm Carbon Filter, Black, 25 cm long","1","amazon.co.uk","Amazon","Sheerness","","ME12 1","MarketplaceFacilitator","8.32","1.67","0","0","0","0","0","0","-1.67","-0.80","-2.46","-0.07","0","4.99","Released","1 May 2026 23:42:30 UTC"
"23 Apr 2026 17:01:07 UTC","26948042122","Order","026-9221320-2525110","VSV-AZG6-UK","VIVOSUN AeroZesh G6 Inline Duct Fan 6inch/150 mm Extractor Fan 660 m³/h with E12 Speed Controller and Entirely Programmable PWM-Controlled EC Fan for","1","amazon.co.uk","Amazon","DUNSTABLE","","LU6 1","MarketplaceFacilitator","58.32","11.67","0","0","0","0","0","0","-11.67","-10.50","-3.43","-0.28","0","44.11","Released","1 May 2026 23:35:13 UTC"
"23 Apr 2026 19:43:08 UTC","26948042122","Order","206-2467718-6139504","311001-3x5-UK-N","VIVOSUN Grow Bags 5 Pack 12L, Heavy Duty Thickened Nonwoven Fabric Pots with Strong Handles for Vegetables, Flowers, Fruits, Greenhouse and Garden","1","amazon.co.uk","Amazon","HOUNSLOW","","TW4 6","MarketplaceFacilitator","10.66","2.13","0","0","0","0","0","0","-2.13","-1.92","-3.20","-0.10","0","5.44","Released","1 May 2026 20:34:09 UTC"
"23 Apr 2026 19:58:48 UTC","26948042122","Order","204-9173893-5869128","VSE-ASH05-UK-FBM","VIVOSUN AeroStream H05 Intelligent Wi-Fi Humidifier 5 L, Plant Humidifier with Temp & Humidity Probe, Smart Remote VPD Control, Designed for Growers G","1","amazon.co.uk","Seller","BENFLEET","Essex","SS7 5","MarketplaceFacilitator","58.32","11.67","0","0","0","0","0","0","-11.67","-10.50","0","-0.21","0","47.61","Released","4 May 2026 20:17:15 UTC"
"23 Apr 2026 19:58:48 UTC","26948042122","Order","204-9173893-5869128","VS-THB1S-UK-FBM","VIVOSUN AeroLab THB1S Wireless Bluetooth Hygrometer Thermometer Indoor, VPD, Digital Temp Humidity Meter, LCD Smart App Control & Alert, Data Storage,","1","amazon.co.uk","Seller","BENFLEET","Essex","SS7 5","MarketplaceFacilitator","20.82","4.17","0","0","0","0","0","0","-4.17","-3.25","0","-0.07","0","17.50","Released","4 May 2026 20:17:15 UTC"
"23 Apr 2026 20:20:34 UTC","26948042122","Order","206-5747492-8339530","VSGB-10-UK-FBM","VIVOSUN Grow Bags 5-Pack 40L, 500G Thick Nonwoven Fabric Pots with Strap Handles, Multi-Purpose Rings, for Low Stress Plant Training Fruits, Vegetable","1","amazon.co.uk","Seller","Leicester","","LE9 9","MarketplaceFacilitator","19.16","3.83","0","0","0","0","0","0","-3.83","-3.45","0","-0.07","0","15.64","Released","3 May 2026 21:23:53 UTC"
"23 Apr 2026 20:39:36 UTC","26948042122","Order","202-2870649-9925951","311001-3x5-UK-N","VIVOSUN Grow Bags 5 Pack 12L, Heavy Duty Thickened Nonwoven Fabric Pots with Strong Handles for Vegetables, Flowers, Fruits, Greenhouse and Garden","4","amazon.co.uk","Amazon","BISHOP MONKTON","Harrogate","HG33","MarketplaceFacilitator","42.64","8.52","4.15","0.84","0","0","0","0","-9.36","-7.68","-16.96","-0.49","0","21.66","Released","1 May 2026 21:41:41 UTC"
"23 Apr 2026 21:05:14 UTC","26948042122","Order","205-6370322-8238728","332021-UK-FBM","VIVOSUN 30X 60X Illuminated Jewelers Loupe Foldable Magnifier with LED Light for Jewelry Gems Watches Coins Stamps Antiques, White","1","amazon.co.uk","Seller","Berkhamsted","","HP4 3","MarketplaceFacilitator","9.16","1.83","0","0","0","0","0","0","-1.83","-0.88","0","-0.02","0","8.26","Released","4 May 2026 23:25:49 UTC"
"23 Apr 2026 21:36:55 UTC","26948042122","Order","203-8182672-0281155","305140-PEN-UK","VIVOSUN Digital pH and TDS Meter Kits, 0.01pH High Accuracy Pen Type pH Meter ± 2% Readout Accuracy 3-in-1 TDS EC Temperature Meter for Hydroponics,","1","amazon.co.uk","Seller","HORNCHURCH","","RM12 5","MarketplaceFacilitator","13.99","2.80","0","0","0","0","0","0","-2.80","-2.52","0","-0.05","0","11.42","Released","4 May 2026 21:36:53 UTC"
"23 Apr 2026 21:47:58 UTC","26948042122","Order","204-6934242-2324369","VC-0001-UK","VIVOSUN 2 Pack Grow Tent Vent Cover 4""/6""/8"" Channel Filter Cover with Elastic Band and Fixed Buckle for Plant Growth Tents","1","amazon.co.uk","Amazon","TREVETHIN","","NP4 8","MarketplaceFacilitator","11.32","2.27","0","0","0","0","0","0","-2.27","-2.04","-2.46","-0.09","0","6.73","Released","1 May 2026 17:24:09 UTC"
"23 Apr 2026 22:45:44 UTC","26948042122","Order","205-9265945-5164330","306143-0412-UK-N","VIVOSUN 4 Inch Air Carbon Filter Odor Control with Australia Virgin Charcoal for Inline Fan, Grow Tent Odor Scrubber Indoor Hydroponics, Pre-filter In","1","amazon.co.uk","Amazon","COLLEGE TOWN","Berkshire","GU47 0","MarketplaceFacilitator","25.29","5.06","0","0","0","0","0","0","-5.06","-4.55","-3.39","-0.16","0","17.19","Released","1 May 2026 19:50:18 UTC"
"23 Apr 2026 22:52:53 UTC","26948042122","Order","202-5411314-3152331","311003-5-UK","VIVOSUN Gardening Scissors 6.5 Inch Hand Pruner Shear with Titanium Coated Blades, Pruning Shear for Plants, Flowers, Hedges 1-Pack Blue","1","amazon.co.uk","Amazon","Loughborough","","LE12 7","MarketplaceFacilitator","6.66","1.33","0.82","0.17","0","0","-0.82","-0.17","-1.33","-1.20","-1.70","-0.05","0","3.71","Released","1 May 2026 20:26:47 UTC"
"23 Apr 2026 22:53:54 UTC","26948042122","Order","203-7827835-2486736","311001-3x5-UK-N","VIVOSUN Grow Bags 5 Pack 12L, Heavy Duty Thickened Nonwoven Fabric Pots with Strong Handles for Vegetables, Flowers, Fruits, Greenhouse and Garden","1","amazon.co.uk","Amazon","Dunstable","Bedfordshire","LU5 5","MarketplaceFacilitator","10.66","2.13","0","0","0","0","0","0","-2.13","-1.92","-3.20","-0.10","0","5.44","Released","1 May 2026 23:42:11 UTC"
"23 Apr 2026 23:17:13 UTC","26948042122","Order","205-7265027-1747524","VSGB-25-UK-FBM","VIVOSUN Grow Bags 5-Pack 95L, 500G Thick Nonwoven Fabric Pots with Strap Handles, Multi-Purpose Rings, for Low Stress Plant Training Fruits, Vegetable","1","amazon.co.uk","Seller","BINGLEY","","BD16 1","MarketplaceFacilitator","29.99","6.00","0","0","0","0","0","0","-6.00","-5.40","0","-0.11","0","24.48","Released","4 May 2026 22:45:16 UTC"
"24 Apr 2026 01:15:19 UTC","26948042122","Order","026-0520514-5673957","306101S-8-UK","VIVOSUN Inline Duct Fan 8 Inch 740 CFM with Variable Speed Control for Grow Tent, Ventilation, Plant Tent, Indoor, Garden, Ventilation Fan, Z8 Pipe Fa","1","amazon.co.uk","Amazon","cannock","staffs","WS11 9","MarketplaceFacilitator","42.40","8.48","0","0","0","0","0","0","-8.48","-7.63","-5.48","-0.26","0","29.03","Released","1 May 2026 21:51:18 UTC"
"24 Apr 2026 01:35:33 UTC","26948042122","Order","206-2318956-7121965","VSV-AZT6E42A-UK","VIVOSUN Inline Duct Fan 6inch/150 mm & Temperature Humidity Controller E42A WiFi-App Control, Quiet Extractor Fan 693 m³/h with EC Motor, Grow Tent F","1","amazon.co.uk","Amazon","BURTON","Dorset","BH23 7","MarketplaceFacilitator","93.49","18.70","0","0","0","0","0","0","-18.70","-16.83","-3.61","-0.41","0","72.64","Released","1 May 2026 21:09:18 UTC"
"24 Apr 2026 02:06:16 UTC","26948042122","Order","204-5208660-3085965","306143-0412-UK-N","VIVOSUN 4 Inch Air Carbon Filter Odor Control with Australia Virgin Charcoal for Inline Fan, Grow Tent Odor Scrubber Indoor Hydroponics, Pre-filter In","1","amazon.co.uk","Amazon","Sheerness","","ME12 1","MarketplaceFacilitator","25.29","5.06","0","0","0","0","0","0","-5.06","-4.55","-3.39","-0.16","0","17.19","Released","1 May 2026 19:06:48 UTC"
"24 Apr 2026 03:01:21 UTC","26948042122","Order","203-6988399-0072312","TN-33-UK","VIVOSUN Garden Netting 90 x 90 cm Elastic Trellis Net with 4 Hooks Trellis Net for Climbing Plants Vegetables Fruits and Flowers","1","amazon.co.uk","Amazon","BRACKLEY","","NN13 6","MarketplaceFacilitator","14.16","2.83","0","0","0","0","0","0","-2.83","-2.55","-2.46","-0.10","0","9.05","Released","1 May 2026 20:16:22 UTC"
"24 Apr 2026 04:10:50 UTC","26948042122","Order","202-1594674-2871512","311003-5-UK","VIVOSUN Gardening Scissors 6.5 Inch Hand Pruner Shear with Titanium Coated Blades, Pruning Shear for Plants, Flowers, Hedges 1-Pack Blue","1","amazon.co.uk","Amazon","WORCESTER","","WR6 6","MarketplaceFacilitator","6.66","1.33","0","0","0","0","0","0","-1.33","-1.20","-1.70","-0.05","0","3.71","Released","1 May 2026 20:52:18 UTC"
"24 Apr 2026 04:14:14 UTC","26948042122","Order","203-7597098-0372324","VSV-AZT4-UK","VIVOSUN AeroZesh T4 Inline Duct Fan 4inch/100 mm Extractor Fan 357 m³/h with E12 Speed Controller and Fully Programmable PWM-Controlled EC Quiet Vent","1","amazon.co.uk","Amazon","LEICESTER","Leics","LE3 1","MarketplaceFacilitator","58.32","11.67","0","0","0","0","0","0","-11.67","-10.50","-3.42","-0.28","0","44.12","Released","1 May 2026 22:51:56 UTC"
"24 Apr 2026 04:19:55 UTC","26948042122","Order","202-2776235-8981117","VSV-AZG6-UK","VIVOSUN AeroZesh G6 Inline Duct Fan 6inch/150 mm Extractor Fan 660 m³/h with E12 Speed Controller and Entirely Programmable PWM-Controlled EC Fan for","1","amazon.co.uk","Amazon","KEIGHLEY","","BD20 0","MarketplaceFacilitator","58.32","11.67","0","0","0","0","0","0","-11.67","-10.50","-3.43","-0.28","0","44.11","Released","1 May 2026 23:02:36 UTC"
"24 Apr 2026 04:22:47 UTC","26948042122","Order","206-8314356-6403562","311003-5-UK","VIVOSUN Gardening Scissors 6.5 Inch Hand Pruner Shear with Titanium Coated Blades, Pruning Shear for Plants, Flowers, Hedges 1-Pack Blue","1","amazon.co.uk","Amazon","Pontefract","","WF8 1","MarketplaceFacilitator","6.66","1.33","0","0","0","0","0","0","-1.33","-1.20","-1.70","-0.05","0","3.71","Released","1 May 2026 21:52:28 UTC"
"24 Apr 2026 04:24:53 UTC","26948042122","Order","026-0547579-8789911","VSV-AZG6-UK","VIVOSUN AeroZesh G6 Inline Duct Fan 6inch/150 mm Extractor Fan 660 m³/h with E12 Speed Controller and Entirely Programmable PWM-Controlled EC Fan for","1","amazon.co.uk","Amazon","HALIFAX","","HX3 6","MarketplaceFacilitator","58.32","11.67","0","0","0","0","0","0","-11.67","-10.50","-3.43","-0.28","0","44.11","Released","1 May 2026 20:00:58 UTC"
"24 Apr 2026 04:45:24 UTC","26948042122","Order","026-7486637-6561955","VSV-AZG6-UK","VIVOSUN AeroZesh G6 Inline Duct Fan 6inch/150 mm Extractor Fan 660 m³/h with E12 Speed Controller and Entirely Programmable PWM-Controlled EC Fan for","1","amazon.co.uk","Amazon","CAMBRIDGE","Cambs","CB23 6","MarketplaceFacilitator","55.41","11.08","0","0","0","0","0","0","-22.16","-19.94","-3.43","-0.47","0","20.49","Released","1 May 2026 21:01:16 UTC"
"24 Apr 2026 04:45:24 UTC","26948042122","Order","026-7486637-6561955","VSV-AZG6-UK","VIVOSUN AeroZesh G6 Inline Duct Fan 6inch/150 mm Extractor Fan 660 m³/h with E12 Speed Controller and Entirely Programmable PWM-Controlled EC Fan for","1","amazon.co.uk","Amazon","CAMBRIDGE","Cambs","CB23 6","","55.41","11.08","0","0","0","0","0","0","0","0","-3.43","-0.07","0","62.99","Released","1 May 2026 21:01:16 UTC"
"24 Apr 2026 04:46:40 UTC","26948042122","Order","206-3680344-3056300","306143-0412-UK-N","VIVOSUN 4 Inch Air Carbon Filter Odor Control with Australia Virgin Charcoal for Inline Fan, Grow Tent Odor Scrubber Indoor Hydroponics, Pre-filter In","1","amazon.co.uk","Amazon","HUNTINGDON","","PE28 9","MarketplaceFacilitator","25.29","5.06","0","0","0","0","0","0","-5.06","-4.55","-3.39","-0.16","0","17.19","Released","1 May 2026 21:19:04 UTC"
"24 Apr 2026 07:19:51 UTC","26948042122","Order","205-8942111-6572309","VSF-AWD4-UK","VIVOSUN AeroWave D4, 4"" Grow Tent Clip Fan with Detachable Hook, 3-Speed Strong & Quiet Airflow, Adjustable Airflow Angle for Hydroponics, Circulation","1","amazon.co.uk","Seller","dudley","west midlands","DY2 0","MarketplaceFacilitator","16.66","3.33","0","0","0","0","0","0","-3.33","-3.00","0","-0.06","0","13.60","Released","4 May 2026 22:59:41 UTC"
"24 Apr 2026 08:13:45 UTC","26948042122","Order","205-1850069-7386751","VSE-ASH05-UK-FBM","VIVOSUN AeroStream H05 Intelligent Wi-Fi Humidifier 5 L, Plant Humidifier with Temp & Humidity Probe, Smart Remote VPD Control, Designed for Growers G","1","amazon.co.uk","Seller","WIRRAL","","CH46 2","MarketplaceFacilitator","58.32","11.67","0","0","0","0","0","0","-11.67","-10.50","0","-0.21","0","47.61","Released","4 May 2026 07:33:36 UTC"
"24 Apr 2026 08:13:45 UTC","26948042122","Order","205-1850069-7386751","VSF-AWD4W-UK","VIVOSUN AeroWave D4, 4"" Grow Tent Clip Fan with Detachable Hook, 3-Speed Strong & Quiet Airflow, Adjustable Airflow Angle for Hydroponics, Circulation","1","amazon.co.uk","Seller","WIRRAL","","CH46 2","MarketplaceFacilitator","15.82","3.17","0","0","0","0","0","0","-3.17","-2.85","0","-0.06","0","12.91","Released","4 May 2026 07:33:36 UTC"
"24 Apr 2026 08:47:18 UTC","26863601142","Refund","202-4092793-6038757","311001-20x5-UK-FBM","VIVOSUN Plant Grow Bags 5 Pack 80L, Heavy Duty Thickened Nonwoven Fabric Pots with Strong Handles, Reusable Breathable Garden Growing Containers for V","1","amazon.co.uk","Seller","WEDNESBURY","W Midlands","WS10 7","MarketplaceFacilitator","-3.00","-0.60","0","0","0","0","0","0","0.60","0.43","0","0.01","0","-2.56","Released","28 Apr 2026 23:08:33 UTC"
"24 Apr 2026 11:15:21 UTC","26948042122","Order","206-4524303-1362719","305140-PEN-UK","VIVOSUN Digital pH and TDS Meter Kits, 0.01pH High Accuracy Pen Type pH Meter ± 2% Readout Accuracy 3-in-1 TDS EC Temperature Meter for Hydroponics,","1","amazon.co.uk","Seller","Bristol","Somerset","BS4 1","MarketplaceFacilitator","13.19","2.64","0","0","0","0","0","0","-2.64","-2.37","0","-0.05","0","10.77","Released","4 May 2026 23:25:26 UTC"
"24 Apr 2026 11:19:35 UTC","26948042122","Order","202-8113321-1809117","GH-E25-UK-FBM","VIVOSUN GrowHub Controller E25 for Grow Tent Cooling Ventilation Lighting, Supports Smart Grow System Devices, Expansion Port for E42/E42A WiFi & App","1","amazon.co.uk","Seller","CROSBY","Merseyside","L23 7","MarketplaceFacilitator","17.32","3.47","0","0","0","0","0","0","-3.47","-3.12","0","-0.06","0","14.14","Released","3 May 2026 23:13:48 UTC"
"24 Apr 2026 11:44:07 UTC","26948042122","Order","026-7299410-0476359","305140-PEN-UK","VIVOSUN Digital pH and TDS Meter Kits, 0.01pH High Accuracy Pen Type pH Meter ± 2% Readout Accuracy 3-in-1 TDS EC Temperature Meter for Hydroponics,","1","amazon.co.uk","Seller","SHEFFIELD","","S9 1","MarketplaceFacilitator","19.99","4.00","0","0","0","0","0","0","-4.00","-3.60","0","-0.07","0","16.32","Released","3 May 2026 22:48:53 UTC"
"24 Apr 2026 12:31:36 UTC","26948042122","Order","202-2953240-6763509","304113-42-UK","VIVOSUN Grow Tent 120x60x150 CM (48""x24""x60""), Made of Highly Reflective Mylar, with Viewing Window and Base Tray for Hydroponics and Indoor Growing,","1","amazon.co.uk","Amazon","LONDON","","SE11 6","MarketplaceFacilitator","106.16","21.23","0","0","0","0","0","0","-21.23","-19.11","-12.55","-0.63","0","73.87","Released","2 May 2026 23:21:50 UTC"
"24 Apr 2026 15:46:38 UTC","26948042122","Order","206-1742711-7403506","VG-Y18B-UK-M","VIVOSUN VGrow All-in-One Smart Grow Box, Professional System with Samsung LM301H EVO Grow Light, Advanced Circulation & Ventilation System, Irrigation","1","amazon.co.uk","Seller","LLANDYSUL","Sir Ceredigion","SA44 4","","699.99","0","0","0","0","0","0","0","0","-105.00","0","-2.10","0","592.89","Released","12 May 2026 20:46:17 UTC"
"24 Apr 2026 16:08:03 UTC","26948042122","Order","204-6173387-1460348","VSF-AWD4-UK","VIVOSUN AeroWave D4, 4"" Grow Tent Clip Fan with Detachable Hook, 3-Speed Strong & Quiet Airflow, Adjustable Airflow Angle for Hydroponics, Circulation","1","amazon.co.uk","Seller","Woolwich","London","SE18 3","MarketplaceFacilitator","16.66","3.33","0","0","0","0","0","0","-3.33","-3.00","0","-0.06","0","13.60","Released","6 May 2026 22:58:34 UTC"
"24 Apr 2026 16:42:51 UTC","26948042122","Order","203-0209525-7410771","330701-01-UK","VIVOSUN Garden Netting 5 x 15ft. Plant Trellis Netting, Heavy-Duty Polyester Grow Net, Garden Trellis Netting with Square Mesh for Climbing Plants, Ve","1","amazon.co.uk","Amazon","CHESTER","","CH3 5","MarketplaceFacilitator","7.49","1.50","0","0","0","0","0","0","-1.50","-1.35","-1.70","-0.06","0","4.38","Released","2 May 2026 23:49:55 UTC"
"24 Apr 2026 16:47:20 UTC","26948042122","Order","202-4695196-9639528","VSV-AZG6-UK","VIVOSUN AeroZesh G6 Inline Duct Fan 6inch/150 mm Extractor Fan 660 m³/h with E12 Speed Controller and Entirely Programmable PWM-Controlled EC Fan for","1","amazon.co.uk","Amazon","BALLYMENA","","BT42 4","MarketplaceFacilitator","58.32","11.67","0","0","0","0","0","0","-11.67","-10.50","-3.43","-0.28","0","44.11","Released","3 May 2026 20:24:10 UTC"
"24 Apr 2026 16:48:10 UTC","26948042122","Order","206-0094624-3032302","VSV-AZG6-UK","VIVOSUN AeroZesh G6 Inline Duct Fan 6inch/150 mm Extractor Fan 660 m³/h with E12 Speed Controller and Entirely Programmable PWM-Controlled EC Fan for","1","amazon.co.uk","Amazon","DUNDEE","","DD3 9","MarketplaceFacilitator","58.32","11.67","0","0","0","0","0","0","-11.67","-10.50","-3.43","-0.28","0","44.11","Released","2 May 2026 22:36:01 UTC"
"24 Apr 2026 16:52:56 UTC","26948042122","Order","205-7957652-8101107","GT-Pole-UK-M","VIVOSUN Grow Tent High CFM Kit, Green Pole Range of 24""-48"", Suitable for 2'x2', 3'x3', 4'x2' and 4'x4'Grow Tent, 4-Pack","1","amazon.co.uk","Seller","NEWPORT","","NP11 7","MarketplaceFacilitator","26.66","5.33","0","0","0","0","0","0","-5.33","-4.80","0","-0.10","0","21.76","Released","6 May 2026 10:57:27 UTC"
"24 Apr 2026 16:59:56 UTC","26948042122","Order","204-4576114-7229129","VS-THB1-UK","VIVOSUN AeroLab THB1 Wireless Bluetooth Hygrometer Thermometer Indoor, Smart Temperature Monitor, VPD, Digital Humidity Meter, LCD Remote Control & Al","1","amazon.co.uk","Amazon","WATERLOOVILLE","Hants","PO7 5","MarketplaceFacilitator","13.32","2.67","0","0","0","0","0","0","-2.67","-2.08","-2.46","-0.09","0","8.69","Released","2 May 2026 22:39:55 UTC"
"24 Apr 2026 17:17:01 UTC","26948042122","Order","204-2311650-0873949","306146-0616-UK","VIVOSUN 6 Inch Air Carbon Filter Smelliness Control with Australia Virgin Charcoal for Inline Fan, Grow Tent Smelliniss Scrubber, Pre-Filter Included,","1","amazon.co.uk","Amazon","Derby","England","DE74 2","","59.16","11.83","0","0","0","0","0","0","0","-10.65","-3.43","0","0","56.91","Released","11 May 2026 22:37:40 UTC"
"24 Apr 2026 17:27:00 UTC","26948042122","Order","203-0955194-8843511","LED-300-UK","VIVOSUN VS3000 LED Grow Light with Samsung LM301 Diodes & Driver, Sun-Like Full Spectrum for Seedling, Vegetative & Flower, 300 W Plant Lamp for 90 x","1","amazon.co.uk","Amazon","LEICESTER","Leicestershire","LE3 1","MarketplaceFacilitator","145.82","29.17","0","0","0","0","0","0","-29.17","-26.25","-5.79","-0.65","0","113.13","Released","2 May 2026 22:13:17 UTC"
"24 Apr 2026 17:33:26 UTC","26948042122","Refund","026-0048663-3034726","330701-01-UK","VIVOSUN Garden Netting 5 x 15ft. Plant Trellis Netting, Heavy-Duty Polyester Grow Net, Garden Trellis Netting with Square Mesh for Climbing Plants, Ve","1","amazon.co.uk","Amazon","Wellington","Somerset","TA21 0","MarketplaceFacilitator","-6.05","-1.21","0","0","0","0","0","0","1.21","0.87","0","0.02","0","-5.16","Released","29 Apr 2026 23:58:10 UTC"
"24 Apr 2026 18:51:14 UTC","26948042122","Order","026-0013961-6237146","330701-01-UK","VIVOSUN Garden Netting 5 x 15ft. Plant Trellis Netting, Heavy-Duty Polyester Grow Net, Garden Trellis Netting with Square Mesh for Climbing Plants, Ve","1","amazon.co.uk","Amazon","CHERTSEY","","KT16 9","MarketplaceFacilitator","7.49","1.50","0","0","0","0","0","0","-1.50","-1.35","-1.70","-0.06","0","4.38","Released","2 May 2026 20:24:32 UTC"
"24 Apr 2026 19:58:55 UTC","26948042122","Order","206-6740397-4460343","305131-UK-FBM","VIVOSUN Soil Tester, 3-in-1 Plant Moisture Meter Light and PH Tester for Home, Garden, Lawn, Farm, Indoor and Outdoor Use, Promote Plants Healthy Grow","1","amazon.co.uk","Seller","Pumpherston","West Lothain","EH53 0","MarketplaceFacilitator","9.16","1.83","0","0","0","0","0","0","-1.83","-1.43","0","-0.03","0","7.70","Released","6 May 2026 14:54:46 UTC"
"24 Apr 2026 20:02:35 UTC","26948042122","Order","026-2134780-6336325","VSF-AWE6Wx2-UK","VIVOSUN AeroWave E6 Grow Tent Fan 6"", EC Motor, Smart Wifi Control, US Patented Auto Oscillating Clip fan, IP54, Strong Airflow but Quiet for Hydropon","1","amazon.co.uk","Amazon","BIRMINGHAM","","B47 5","MarketplaceFacilitator","79.99","16.00","0","0","0","0","0","0","-16.00","-14.40","-3.39","-0.36","0","61.84","Released","2 May 2026 20:22:14 UTC"
"24 Apr 2026 20:19:10 UTC","26948042122","Order","206-5716489-0099567","305140-PEN-UK","VIVOSUN Digital pH and TDS Meter Kits, 0.01pH High Accuracy Pen Type pH Meter ± 2% Readout Accuracy 3-in-1 TDS EC Temperature Meter for Hydroponics,","1","amazon.co.uk","Seller","LONDON","","SW19 2","MarketplaceFacilitator","13.19","2.64","0","0","0","0","0","0","-2.64","-2.37","0","-0.05","0","10.77","Released","6 May 2026 22:24:42 UTC"
"24 Apr 2026 20:19:10 UTC","26948042122","Order","206-5716489-0099567","305131-UK-FBM","VIVOSUN Soil Tester, 3-in-1 Plant Moisture Meter Light and PH Tester for Home, Garden, Lawn, Farm, Indoor and Outdoor Use, Promote Plants Healthy Grow","1","amazon.co.uk","Seller","LONDON","","SW19 2","MarketplaceFacilitator","9.16","1.83","0","0","0","0","0","0","-1.83","-1.43","0","-0.03","0","7.70","Released","6 May 2026 22:24:42 UTC"
"24 Apr 2026 20:52:10 UTC","26948042122","Order","204-5360026-5033118","305140-PEN-UK","VIVOSUN Digital pH and TDS Meter Kits, 0.01pH High Accuracy Pen Type pH Meter ± 2% Readout Accuracy 3-in-1 TDS EC Temperature Meter for Hydroponics,","1","amazon.co.uk","Seller","LIPHOOK","","GU30 7","MarketplaceFacilitator","13.19","2.64","0","0","0","0","0","0","-2.64","-2.37","0","-0.05","0","10.77","Released","6 May 2026 10:16:41 UTC"
"24 Apr 2026 22:09:22 UTC","26948042122","Order","204-6974174-4789138","311003-5-UK","VIVOSUN Gardening Scissors 6.5 Inch Hand Pruner Shear with Titanium Coated Blades, Pruning Shear for Plants, Flowers, Hedges 1-Pack Blue","1","amazon.co.uk","Amazon","NEWTON ABBOT","","TQ13 0","MarketplaceFacilitator","6.66","1.33","0","0","0","0","0","0","-1.33","-1.20","-1.70","-0.05","0","3.71","Released","2 May 2026 23:59:11 UTC"
"25 Apr 2026 00:39:21 UTC","26948042122","Order","205-1570803-1193921","332022-2-UK","VIVOSUN 2-Pack 30X 60X Illuminated Jewelers Loupe Foldable Magnifier with LED Light for Jewelry Gems Watches Coins Stamps Antiques Black","1","amazon.co.uk","Amazon","Liversedge","West Yorkshire","WF15 7","MarketplaceFacilitator","7.78","1.56","0","0","0","0","0","0","-1.56","-1.40","-2.74","-0.08","0","3.56","Released","2 May 2026 15:38:21 UTC"
"25 Apr 2026 00:55:46 UTC","26948042122","Order","204-3196309-0031517","VSGB-7-UK-M","VIVOSUN Grow Bags 5-Pack 30L, 500G Thick Nonwoven Fabric Pots with Strap Handles, Multi-Purpose Rings, for Low Stress Plant Training Fruits, Vegetable","1","amazon.co.uk","Seller","EDINBURGH","","EH6 8","MarketplaceFacilitator","13.99","2.80","0","0","0","0","0","0","-2.80","-2.52","0","-0.05","0","11.42","Released","6 May 2026 18:08:07 UTC"
"25 Apr 2026 00:55:59 UTC","26948042122","Order","202-5420956-4281962","GT-Pole-UK-M","VIVOSUN Grow Tent High CFM Kit, Green Pole Range of 24""-48"", Suitable for 2'x2', 3'x3', 4'x2' and 4'x4'Grow Tent, 4-Pack","1","amazon.co.uk","Seller","MANCHESTER","","M45 8","MarketplaceFacilitator","26.66","5.33","0","0","0","0","0","0","-5.33","-4.80","0","-0.10","0","21.76","Released","6 May 2026 13:49:47 UTC"
"25 Apr 2026 02:21:34 UTC","26948042122","Order","204-8209104-6666757","306146-0616-UK","VIVOSUN 6 Inch Air Carbon Filter Smelliness Control with Australia Virgin Charcoal for Inline Fan, Grow Tent Smelliniss Scrubber, Pre-Filter Included,","1","amazon.co.uk","Amazon","BEDFORD","Bedford","MK41 9","MarketplaceFacilitator","59.16","11.83","0","0","0","0","0","0","-11.83","-10.65","-3.43","-0.28","0","44.80","Released","2 May 2026 19:44:10 UTC"
"25 Apr 2026 04:11:07 UTC","26948042122","Order","205-6791251-7638729","TN-22-UK","VIVOSUN Garden Netting 60 x 60 cm, Elastic Trellis Net with 4 Hooks Trellis Net for Climbing Plants Vegetables Fruits and Flowers","1","amazon.co.uk","Amazon","WIRRAL","","CH46 2","MarketplaceFacilitator","6.24","1.25","0","0","0","0","0","0","-1.25","-1.12","-2.46","-0.07","0","2.59","Released","2 May 2026 22:41:08 UTC"
"25 Apr 2026 04:11:07 UTC","26948042122","Order","205-6791251-7638729","TN-33-UK","VIVOSUN Garden Netting 90 x 90 cm Elastic Trellis Net with 4 Hooks Trellis Net for Climbing Plants Vegetables Fruits and Flowers","1","amazon.co.uk","Amazon","WIRRAL","","CH46 2","MarketplaceFacilitator","14.16","2.83","0","0","0","0","0","0","-2.83","-2.55","-2.46","-0.10","0","9.05","Released","2 May 2026 22:41:08 UTC"
"25 Apr 2026 04:12:18 UTC","26948042122","Order","203-8378389-7131500","311003-5-UK","VIVOSUN Gardening Scissors 6.5 Inch Hand Pruner Shear with Titanium Coated Blades, Pruning Shear for Plants, Flowers, Hedges 1-Pack Blue","1","amazon.co.uk","Amazon","Lichfield","Staffordshire","WS13 6","MarketplaceFacilitator","6.66","1.33","0","0","0","0","0","0","-1.33","-1.20","-1.70","-0.05","0","3.71","Released","2 May 2026 23:07:19 UTC"
"25 Apr 2026 09:10:02 UTC","26948042122","Order","203-7118151-7791560","305131-PEN-UK-M","VIVOSUN Digital pH Meter, 0.01pH High Accuracy Pen Type pH Tester for Hydroponics, Household Drinking, Pool and Aquarium, UL Certified","1","amazon.co.uk","Seller","SWANSEA","","SA5 7","MarketplaceFacilitator","6.63","1.33","0","0","0","0","0","0","-1.33","-1.19","0","-0.02","0","5.42","Released","6 May 2026 17:50:22 UTC"
"25 Apr 2026 09:22:28 UTC","26948042122","Order","202-7087509-3319550","305140-PEN-UK","VIVOSUN Digital pH and TDS Meter Kits, 0.01pH High Accuracy Pen Type pH Meter ± 2% Readout Accuracy 3-in-1 TDS EC Temperature Meter for Hydroponics,","1","amazon.co.uk","Seller","FORMBY","","L37 3","MarketplaceFacilitator","13.19","2.64","0","0","0","0","0","0","-2.64","-2.37","0","-0.05","0","10.77","Released","6 May 2026 12:14:32 UTC"
"25 Apr 2026 09:46:59 UTC","26948042122","Order","203-4143431-5713907","305131-UK-FBM","VIVOSUN Soil Tester, 3-in-1 Plant Moisture Meter Light and PH Tester for Home, Garden, Lawn, Farm, Indoor and Outdoor Use, Promote Plants Healthy Grow","1","amazon.co.uk","Seller","Leeds","West Yorkshire","LS13 1","MarketplaceFacilitator","9.16","1.83","0","0","0","0","0","0","-1.83","-1.43","0","-0.03","0","7.70","Released","6 May 2026 21:22:38 UTC"
"25 Apr 2026 09:55:43 UTC","26948042122","Order","203-8760779-2456313","GT-Pole-UK-M","VIVOSUN Grow Tent High CFM Kit, Green Pole Range of 24""-48"", Suitable for 2'x2', 3'x3', 4'x2' and 4'x4'Grow Tent, 4-Pack","1","amazon.co.uk","Seller","NELSON","","BB9 9","MarketplaceFacilitator","26.66","5.33","0","0","0","0","0","0","-5.33","-4.80","0","-0.10","0","21.76","Released","6 May 2026 21:38:48 UTC"
"25 Apr 2026 10:25:59 UTC","26948042122","Order","204-8723450-3601107","VSV-AZG6-UK","VIVOSUN AeroZesh G6 Inline Duct Fan 6inch/150 mm Extractor Fan 660 m³/h with E12 Speed Controller and Entirely Programmable PWM-Controlled EC Fan for","1","amazon.co.uk","Amazon","Radcliffe","Manchester","M26 3","MarketplaceFacilitator","58.32","11.67","1.87","0.38","0","0","-1.87","-0.38","-11.67","-10.50","-3.43","-0.28","0","44.11","Released","3 May 2026 18:35:56 UTC"
"25 Apr 2026 10:56:55 UTC","26863601142","Refund","204-9040950-8161138","311003-5-UK","VIVOSUN Gardening Scissors 6.5 Inch Hand Pruner Shear with Titanium Coated Blades, Pruning Shear for Plants, Flowers, Hedges 1-Pack Blue","1","amazon.co.uk","Amazon","HARLOW","","CM20 3","MarketplaceFacilitator","-4.46","-0.89","0","0","0","0","0","0","0.89","0.64","0","0.02","0","-3.80","Released","27 Apr 2026 22:49:26 UTC"
"25 Apr 2026 11:55:27 UTC","26863601142","FBA Inventory Fee","j2r9Fmrbsb","","FBA Disposal Fee","","Amazon.co.uk","","","","","","0","0","0","0","0","0","0","0","0","0","0","0","-1.15","-1.15","Released","25 Apr 2026 11:55:27 UTC"
"25 Apr 2026 12:20:18 UTC","26948042122","Order","026-5556509-5429919","VSF-AWE6W-UK-FBM","VIVOSUN AeroWave E6 Grow Tent Fan 6"", EC Motor, Smart Wifi Control, US Patented Auto Oscillating Clip fan, Weatherproof IP-54, Strong Airflow but Quie","1","amazon.co.uk","Seller","Bradford","West Yorkshire","BD2 2","MarketplaceFacilitator","33.32","6.67","0","0","0","0","0","0","-6.67","-6.00","0","-0.12","0","27.20","Released","6 May 2026 00:06:37 UTC"
"25 Apr 2026 12:22:31 UTC","26948042122","Order","205-4716965-2126743","VSGB-5-UK-FBM","VIVOSUN Grow Bags 5-Pack 20L, 500G Thick Nonwoven Fabric Pots with Strap Handles, Multi-Purpose Rings, for Low Stress Plant Training Fruits, Vegetable","1","amazon.co.uk","Seller","IPSWICH","","IP7 6","MarketplaceFacilitator","15.82","3.17","0","0","0","0","0","0","-3.17","-2.85","0","-0.06","0","12.91","Released","6 May 2026 12:03:09 UTC"
"25 Apr 2026 13:42:28 UTC","26948042122","Order","204-1340504-6687550","305130-PEN-UK-FBM","VIVOSUN Digital pH and TDS Meter Kits, 0.01pH High Accuracy Pen Type pH Meter ± 2% Readout Accuracy 3-in-1 TDS EC Temperature Meter for Hydroponics,","1","amazon.co.uk","Seller","London","","HA90","MarketplaceFacilitator","13.32","2.67","0","0","0","0","0","0","-2.67","-2.40","0","-0.05","0","10.87","Released","6 May 2026 14:20:43 UTC"
"25 Apr 2026 13:42:45 UTC","26948042122","Order","203-4543015-5115505","333101-G2J-UK-FBM","VIVOSUN Grow Room Glasses, LED Safety Goggles for Indoor Grow Tents and Hydroponics with UVA&UVB Protect, Incl. Glasses Case, 2-Pack","1","amazon.co.uk","Seller","Strathmiglo","Cupar","KY14 7","MarketplaceFacilitator","24.16","4.83","0","0","0","0","0","0","-4.83","-4.35","0","-0.09","0","19.72","Released","6 May 2026 13:57:43 UTC"
"25 Apr 2026 14:05:08 UTC","26948042122","Order","205-3207637-7414764","VSGB-10-UK-FBM","VIVOSUN Grow Bags 5-Pack 40L, 500G Thick Nonwoven Fabric Pots with Strap Handles, Multi-Purpose Rings, for Low Stress Plant Training Fruits, Vegetable","1","amazon.co.uk","Seller","CREDITON","","EX17 4","MarketplaceFacilitator","19.16","3.83","0","0","0","0","0","0","-3.83","-3.45","0","-0.07","0","15.64","Released","7 May 2026 22:26:04 UTC"
"25 Apr 2026 15:26:32 UTC","26948042122","Order","202-9375236-0040312","VSF-AWE6Wx2-UK","VIVOSUN AeroWave E6 Grow Tent Fan 6"", EC Motor, Smart Wifi Control, US Patented Auto Oscillating Clip fan, IP54, Strong Airflow but Quiet for Hydropon","1","amazon.co.uk","Amazon","LAIRG","","IV27 4","MarketplaceFacilitator","55.19","11.04","0","0","0","0","0","0","-11.04","-9.93","-3.39","-0.27","0","41.60","Released","4 May 2026 23:17:00 UTC"
"25 Apr 2026 15:36:26 UTC","26948042122","Order","206-2311739-5067543","VSF-AWE6-UK-FBM","VIVOSUN AeroWave E6 6-Inch Clip-on Fan, Patented Portable Indoor Fan with Clip, Strong Airflow but Low Noise, 10 Speeds & 2 Modes IP-54, and Fully-Adj","1","amazon.co.uk","Seller","TWICKENHAM","","TW2 6","MarketplaceFacilitator","29.57","5.92","0","0","0","0","0","0","-5.92","-5.32","0","-0.11","0","24.14","Released","5 May 2026 15:22:35 UTC"
"25 Apr 2026 15:36:26 UTC","26948042122","Order","206-2311739-5067543","GH-E25-UK-FBM","VIVOSUN GrowHub Controller E25 for Grow Tent Cooling Ventilation Lighting, Supports Smart Grow System Devices, Expansion Port for E42/E42A WiFi & App","1","amazon.co.uk","Seller","TWICKENHAM","","TW2 6","MarketplaceFacilitator","17.32","3.47","0","0","0","0","0","0","-3.47","-3.12","0","-0.06","0","14.14","Released","5 May 2026 15:22:35 UTC"
"25 Apr 2026 16:26:30 UTC","26948042122","Order","202-5160097-8106754","305132-PEN-UK","VIVOSUN TDS Tester 3-in-1 TDS EC & Temperature Meter Ultrahigh Accuracy Digital Water Quality TDS Tester, for Drinking Water, Gardening, Aquariums, Bl","1","amazon.co.uk","Amazon","Chelmsford","Essex","CM2 9","MarketplaceFacilitator","8.32","1.67","0","0","0","0","0","0","-1.67","-1.50","-2.56","-0.08","0","4.18","Released","4 May 2026 20:57:10 UTC"
"25 Apr 2026 16:39:20 UTC","26948042122","Order","026-2140009-5500315","311003-5-UK","VIVOSUN Gardening Scissors 6.5 Inch Hand Pruner Shear with Titanium Coated Blades, Pruning Shear for Plants, Flowers, Hedges 1-Pack Blue","1","amazon.co.uk","Amazon","Sowerby Bridge","","HX6 4","MarketplaceFacilitator","6.66","1.33","0","0","0","0","0","0","-1.33","-1.20","-1.70","-0.05","0","3.71","Released","3 May 2026 21:47:01 UTC"
"25 Apr 2026 16:42:34 UTC","26948042122","Order","202-4290353-3552344","305132-PEN-UK","VIVOSUN TDS Tester 3-in-1 TDS EC & Temperature Meter Ultrahigh Accuracy Digital Water Quality TDS Tester, for Drinking Water, Gardening, Aquariums, Bl","1","amazon.co.uk","Amazon","HIGH WYCOMBE","","HP13 6","MarketplaceFacilitator","8.32","1.67","0","0","0","0","0","0","-1.67","-1.50","-2.56","-0.08","0","4.18","Released","3 May 2026 19:51:38 UTC"
"25 Apr 2026 16:44:29 UTC","26948042122","Order","205-8427114-4045119","311001-3x5-UK-N","VIVOSUN Grow Bags 5 Pack 12L, Heavy Duty Thickened Nonwoven Fabric Pots with Strong Handles for Vegetables, Flowers, Fruits, Greenhouse and Garden","1","amazon.co.uk","Amazon","Bathgate","West Lothian","EH48 3","MarketplaceFacilitator","11.32","2.27","0","0","0","0","0","0","-2.27","-2.04","-3.20","-0.10","0","5.98","Released","3 May 2026 21:52:31 UTC"
"25 Apr 2026 17:49:04 UTC","26948042122","Order","205-1805516-3300336","GH-E25-UK-FBM","VIVOSUN GrowHub Controller E25 for Grow Tent Cooling Ventilation Lighting, Supports Smart Grow System Devices, Expansion Port for E42/E42A WiFi & App","1","amazon.co.uk","Seller","BLACKPOOL","Lancashire","FY4 1","MarketplaceFacilitator","17.32","3.47","0","0","0","0","0","0","-3.47","-3.12","0","-0.06","0","14.14","Released","7 May 2026 22:23:19 UTC"
"25 Apr 2026 20:34:29 UTC","26948042122","Order","205-3431680-2850727","304113-P426-UK-FBM","VIVOSUN PRO Grow Tent 120x60x180CM (48""x24""x72""), with Thick 1 inch Poles, Strengthened High Reflective Mylar Oxford Fabric, Extra Hanging Bars & CFM","1","amazon.co.uk","Seller","EBBW VALE","","NP23 6","MarketplaceFacilitator","124.99","25.00","0","0","0","0","0","0","-25.00","-22.50","0","-0.45","0","102.04","Released","5 May 2026 17:26:36 UTC"
"25 Apr 2026 21:29:22 UTC","26948042122","Order","204-2534430-9857929","311003-5-UK","VIVOSUN Gardening Scissors 6.5 Inch Hand Pruner Shear with Titanium Coated Blades, Pruning Shear for Plants, Flowers, Hedges 1-Pack Blue","1","amazon.co.uk","Amazon","AMMANFORD","","SA18 1","MarketplaceFacilitator","6.66","1.33","0","0","0","0","0","0","-1.33","-1.20","-1.70","-0.05","0","3.71","Released","3 May 2026 23:24:21 UTC"
"25 Apr 2026 23:35:20 UTC","26948042122","Order","203-7273919-1953157","311001-3x5-UK-N","VIVOSUN Grow Bags 5 Pack 12L, Heavy Duty Thickened Nonwoven Fabric Pots with Strong Handles for Vegetables, Flowers, Fruits, Greenhouse and Garden","1","amazon.co.uk","Amazon","TELFORD","","TF7 4","MarketplaceFacilitator","11.32","2.27","0","0","0","0","0","0","-2.27","-2.04","-3.20","-0.10","0","5.98","Released","4 May 2026 00:08:26 UTC"
"25 Apr 2026 23:37:32 UTC","26948042122","Order","202-4646107-6777968","VSGB-15-UK-FBM","VIVOSUN Grow Bags 5-Pack 60L, 500G Thick Nonwoven Fabric Pots with Strap Handles, Multi-Purpose Rings, for Low Stress Plant Training Fruits, Vegetable","1","amazon.co.uk","Seller","LONDON","","NW10 7","MarketplaceFacilitator","20.82","4.17","0","0","0","0","0","0","-4.17","-3.75","0","-0.08","0","16.99","Released","5 May 2026 11:51:06 UTC"
"25 Apr 2026 23:51:33 UTC","26948042122","Order","205-0052711-8702710","330701-01-UK","VIVOSUN Garden Netting 5 x 15ft. Plant Trellis Netting, Heavy-Duty Polyester Grow Net, Garden Trellis Netting with Square Mesh for Climbing Plants, Ve","1","amazon.co.uk","Amazon","BRISTOL","","BS5 0","MarketplaceFacilitator","7.49","1.50","4.16","0.83","0","0","0","0","-2.33","-1.35","-5.86","-0.14","0","4.30","Released","4 May 2026 16:27:09 UTC"
"26 Apr 2026 01:32:10 UTC","26948042122","Order","203-6517901-4689962","304113-42-UK","VIVOSUN Grow Tent 120x60x150 CM (48""x24""x60""), Made of Highly Reflective Mylar, with Viewing Window and Base Tray for Hydroponics and Indoor Growing,","1","amazon.co.uk","Amazon","Poynton Stockport","Cheshire","SK121","MarketplaceFacilitator","106.16","21.23","0","0","0","0","0","0","-21.23","-19.11","-12.55","-0.63","0","73.87","Released","3 May 2026 19:11:10 UTC"
"26 Apr 2026 01:35:04 UTC","26948042122","Order","206-0907627-2104345","311003-5-UK","VIVOSUN Gardening Scissors 6.5 Inch Hand Pruner Shear with Titanium Coated Blades, Pruning Shear for Plants, Flowers, Hedges 1-Pack Blue","1","amazon.co.uk","Amazon","LONDON","","SE25 6","MarketplaceFacilitator","6.66","1.33","0.55","0.11","0","0","-0.55","-0.11","-1.33","-1.20","-1.70","-0.05","0","3.71","Released","4 May 2026 00:19:59 UTC"
"26 Apr 2026 01:58:32 UTC","26948042122","Order","026-4604739-5642744","VC-0001-UK","VIVOSUN 2 Pack Grow Tent Vent Cover 4""/6""/8"" Channel Filter Cover with Elastic Band and Fixed Buckle for Plant Growth Tents","1","amazon.co.uk","Amazon","London","","EC1Y 8","MarketplaceFacilitator","10.62","2.12","0","0","0","0","0","0","-2.12","-1.91","-2.46","-0.09","0","6.16","Released","3 May 2026 22:09:21 UTC"
"26 Apr 2026 02:33:35 UTC","26863601142","Service Fee","","","Subscription","","Amazon.co.uk","","","","","","0","0","0","0","0","0","0","0","0","0","0","0","-25.00","-25.00","Released","26 Apr 2026 02:33:35 UTC"
"26 Apr 2026 02:48:54 UTC","26948042122","Order","204-9825179-2456318","306143-0412-UK-N","VIVOSUN 4 Inch Air Carbon Filter Odor Control with Australia Virgin Charcoal for Inline Fan, Grow Tent Odor Scrubber Indoor Hydroponics, Pre-filter In","1","amazon.co.uk","Amazon","KETTERING","","NN15 5","MarketplaceFacilitator","26.82","5.37","0","0","0","0","0","0","-5.37","-4.83","-3.39","-0.17","0","18.43","Released","3 May 2026 21:04:27 UTC"
"26 Apr 2026 03:26:15 UTC","26948042122","Order","205-5997386-0021140","LH-001-2-UK","VIVOSUN 2-Pair 1/8 Inch Adjustable Grow Light Hangers, Heavy Duty Rope Hanger with Reinforced Metal Gears, 8Ft. Long and 150 lbs Weight Capacity Rope","1","amazon.co.uk","Amazon","EBBW VALE","","NP23 6","MarketplaceFacilitator","7.03","1.41","0","0","0","0","0","0","-1.41","-1.27","-2.69","-0.08","0","2.99","Released","3 May 2026 21:16:17 UTC"
"26 Apr 2026 03:39:59 UTC","26948042122","Order","205-2237961-3216340","VSV-AZG6-UK","VIVOSUN AeroZesh G6 Inline Duct Fan 6inch/150 mm Extractor Fan 660 m³/h with E12 Speed Controller and Entirely Programmable PWM-Controlled EC Fan for","1","amazon.co.uk","Amazon","KING'S LYNN","","PE30 3","MarketplaceFacilitator","54.99","11.00","0","0","0","0","0","0","-11.00","-9.90","-3.43","-0.27","0","41.39","Released","3 May 2026 22:03:32 UTC"
"26 Apr 2026 04:00:12 UTC","26948042122","Order","204-9141785-3089933","311001-3x5-UK-N","VIVOSUN Grow Bags 5 Pack 12L, Heavy Duty Thickened Nonwoven Fabric Pots with Strong Handles for Vegetables, Flowers, Fruits, Greenhouse and Garden","1","amazon.co.uk","Amazon","Stafford","","ST17 9","MarketplaceFacilitator","11.32","2.27","0","0","0","0","0","0","-2.27","-2.04","-3.20","-0.10","0","5.98","Released","3 May 2026 21:40:55 UTC"
"26 Apr 2026 04:43:56 UTC","26948042122","Order","204-2952530-8927518","311001-3x5-UK-N","VIVOSUN Grow Bags 5 Pack 12L, Heavy Duty Thickened Nonwoven Fabric Pots with Strong Handles for Vegetables, Flowers, Fruits, Greenhouse and Garden","1","amazon.co.uk","Amazon","ROCHESTER","","ME3 7","MarketplaceFacilitator","11.32","2.27","0","0","0","0","0","0","-2.27","-2.04","-3.20","-0.10","0","5.98","Released","3 May 2026 22:43:48 UTC"
"26 Apr 2026 05:29:39 UTC","26948042122","Order","205-2277944-5109964","311003-5-UK","VIVOSUN Gardening Scissors 6.5 Inch Hand Pruner Shear with Titanium Coated Blades, Pruning Shear for Plants, Flowers, Hedges 1-Pack Blue","1","amazon.co.uk","Amazon","LONDON","","E16 1","MarketplaceFacilitator","6.66","1.33","0","0","0","0","0","0","-1.33","-1.20","-1.70","-0.05","0","3.71","Released","3 May 2026 23:38:13 UTC"
"26 Apr 2026 08:01:54 UTC","26948042122","Order","026-1782081-8909911","305130-PEN-UK-FBM","VIVOSUN Digital pH and TDS Meter Kits, 0.01pH High Accuracy Pen Type pH Meter ± 2% Readout Accuracy 3-in-1 TDS EC Temperature Meter for Hydroponics,","1","amazon.co.uk","Seller","HULL","","HU5 4","MarketplaceFacilitator","13.32","2.67","0","0","0","0","0","0","-2.67","-2.40","0","-0.05","0","10.87","Released","6 May 2026 15:58:10 UTC"
"26 Apr 2026 09:07:55 UTC","26948042122","Order","026-6872311-2361964","305131-UK-FBM","VIVOSUN Soil Tester, 3-in-1 Plant Moisture Meter Light and PH Tester for Home, Garden, Lawn, Farm, Indoor and Outdoor Use, Promote Plants Healthy Grow","1","amazon.co.uk","Seller","NEWBRIDGE","","EH28 8","MarketplaceFacilitator","9.16","1.83","0","0","0","0","0","0","-1.83","-1.43","0","-0.03","0","7.70","Released","7 May 2026 21:45:21 UTC"
"26 Apr 2026 09:28:39 UTC","26948042122","Order","026-8318941-3367522","305140-PEN-UK","VIVOSUN Digital pH and TDS Meter Kits, 0.01pH High Accuracy Pen Type pH Meter ± 2% Readout Accuracy 3-in-1 TDS EC Temperature Meter for Hydroponics,","1","amazon.co.uk","Seller","Croydon","London","CR0 3","MarketplaceFacilitator","13.19","2.64","0","0","0","0","0","0","-2.64","-2.37","0","-0.05","0","10.77","Released","6 May 2026 16:28:19 UTC"
"26 Apr 2026 11:12:09 UTC","26948042122","Refund","202-0854017-8504311","VSGB-3-UK-FBM","VIVOSUN 5-Pack 12L Grow Bags Heavy Duty 500G Thickened Nonwoven Plant Fabric Pots with Handles for Vegetables, Flowers, Fruits, Greenhouse and Garden","1","amazon.co.uk","Seller","GUILDFORD","","GU2 8","MarketplaceFacilitator","-9.91","-1.98","0","0","0","0","0","0","1.98","1.42","0","0.04","0","-8.45","Released","29 Apr 2026 20:24:41 UTC"
"26 Apr 2026 11:36:30 UTC","26948042122","Refund","206-8968204-5872361","304113-2014-UK-FBM","VIVOSUN Grow Tent Small 50x36x54 CM (19.7""x14.2""x21.3"") Grow Tent Mini with Highly Reflective Mylar Sealed Floor Design, Ventilation Window, Cable Ent","1","amazon.co.uk","Seller","BOURNEMOUTH","","BH8 8","MarketplaceFacilitator","-33.32","-6.67","0","0","0","0","0","0","6.67","4.80","0","0.12","0","-28.40","Released","29 Apr 2026 22:22:11 UTC"
"26 Apr 2026 12:21:16 UTC","26948042122","Order","205-9417744-1327510","LED-150-UK","VIVOSUN VS1500 LED Grow Light with Samsung LM301 Diodes & Sosen Driver for Indoor Growing, Plant Lamp with Dimmable Lights & Sun-Like Full Spectrum fo","1","amazon.co.uk","Amazon","FARNHAM","United Kingdom","GU9 0","MarketplaceFacilitator","133.32","26.67","0","0","0","0","0","0","-26.67","-24.00","-5.02","-0.58","0","103.72","Released","4 May 2026 15:33:19 UTC"
"26 Apr 2026 12:44:01 UTC","26948042122","Order","206-6493079-5156327","VSF-AWE6Wx2-UK","VIVOSUN AeroWave E6 Grow Tent Fan 6"", EC Motor, Smart Wifi Control, US Patented Auto Oscillating Clip fan, IP54, Strong Airflow but Quiet for Hydropon","1","amazon.co.uk","Amazon","COALVILLE","Leics","LE67 5","MarketplaceFacilitator","55.19","11.04","0","0","0","0","0","0","-11.04","-9.93","-3.39","-0.27","0","41.60","Released","4 May 2026 22:06:08 UTC"
"26 Apr 2026 14:10:36 UTC","26948042122","Order","204-3246624-7791560","305131-PEN-UK-M","VIVOSUN Digital pH Meter, 0.01pH High Accuracy Pen Type pH Tester for Hydroponics, Household Drinking, Pool and Aquarium, UL Certified","1","amazon.co.uk","Seller","WINCHESTER","","SO22 5","MarketplaceFacilitator","6.63","1.33","0","0","0","0","0","0","-1.33","-1.19","0","-0.02","0","5.42","Released","12 May 2026 23:03:57 UTC"
"26 Apr 2026 15:51:06 UTC","26948042122","Order","204-6549908-3181933","332022-2-UK","VIVOSUN 2-Pack 30X 60X Illuminated Jewelers Loupe Foldable Magnifier with LED Light for Jewelry Gems Watches Coins Stamps Antiques Black","1","amazon.co.uk","Amazon","SUTTON IN ASHFIELD","Mansfield","NG17 4","","7.78","1.56","0","0","0","0","0","0","0","-1.40","-2.74","0","0","5.20","Released","8 May 2026 22:52:12 UTC"
"26 Apr 2026 16:14:17 UTC","26948042122","Order","202-8544841-8309151","332022-2-UK","VIVOSUN 2-Pack 30X 60X Illuminated Jewelers Loupe Foldable Magnifier with LED Light for Jewelry Gems Watches Coins Stamps Antiques Black","1","amazon.co.uk","Amazon","INVERNESS","","IV2 4","MarketplaceFacilitator","7.78","1.56","0","0","0","0","0","0","-1.56","-1.40","-2.74","-0.08","0","3.56","Released","4 May 2026 17:08:47 UTC"
"26 Apr 2026 16:31:56 UTC","26948042122","Order","203-0164445-2309146","311001-3x5-UK-N","VIVOSUN Grow Bags 5 Pack 12L, Heavy Duty Thickened Nonwoven Fabric Pots with Strong Handles for Vegetables, Flowers, Fruits, Greenhouse and Garden","1","amazon.co.uk","Amazon","LISBURN","","BT28 2","MarketplaceFacilitator","11.32","2.27","0","0","0","0","0","0","-2.27","-2.04","-3.20","-0.10","0","5.98","Released","5 May 2026 22:06:57 UTC"
"26 Apr 2026 17:20:03 UTC","26948042122","Order","202-0751703-3931533","311001-3x5-UK-N","VIVOSUN Grow Bags 5 Pack 12L, Heavy Duty Thickened Nonwoven Fabric Pots with Strong Handles for Vegetables, Flowers, Fruits, Greenhouse and Garden","1","amazon.co.uk","Amazon","sunderland","tyne and wear","SR33","MarketplaceFacilitator","11.32","2.27","0","0","0","0","0","0","-2.27","-2.04","-3.20","-0.10","0","5.98","Released","4 May 2026 22:01:04 UTC"
"26 Apr 2026 17:23:33 UTC","26948042122","Order","204-7094998-4489941","VS-THB1-UK","VIVOSUN AeroLab THB1 Wireless Bluetooth Hygrometer Thermometer Indoor, Smart Temperature Monitor, VPD, Digital Humidity Meter, LCD Remote Control & Al","1","amazon.co.uk","Amazon","Derby","England","DE74 2","","13.32","2.67","0","0","0","0","0","0","0","-2.08","-2.46","0","0","11.45","Released","8 May 2026 22:23:34 UTC"
"26 Apr 2026 17:27:54 UTC","26863601142","Adjustment","205-9457713-2771558","VSA100SE-E25-UK","FBA Inventory Reimbursement - Customer Return","1","","","","","","","0","0","0","0","0","0","0","0","0","0","0","0","43.07","43.07","Released","26 Apr 2026 17:27:54 UTC"
"26 Apr 2026 17:43:28 UTC","26948042122","Order","202-8257307-5802733","305131-PEN-UK-M","VIVOSUN Digital pH Meter, 0.01pH High Accuracy Pen Type pH Tester for Hydroponics, Household Drinking, Pool and Aquarium, UL Certified","1","amazon.co.uk","Seller","WARRINGTON","Cheshire","WA4 2","MarketplaceFacilitator","6.63","1.33","0","0","0","0","0","0","-1.33","-1.19","0","-0.02","0","5.42","Released","7 May 2026 15:52:11 UTC"
"26 Apr 2026 18:04:33 UTC","26948042122","Order","202-5206541-6248337","305131-PEN-UK-M","VIVOSUN Digital pH Meter, 0.01pH High Accuracy Pen Type pH Tester for Hydroponics, Household Drinking, Pool and Aquarium, UL Certified","1","amazon.co.uk","Seller","LONDON","","E10 6","MarketplaceFacilitator","6.63","1.33","0","0","0","0","0","0","-1.33","-1.19","0","-0.02","0","5.42","Released","6 May 2026 12:21:57 UTC"
"26 Apr 2026 19:04:41 UTC","26948042122","Order","203-2781685-5933948","LH-001-2-UK","VIVOSUN 2-Pair 1/8 Inch Adjustable Grow Light Hangers, Heavy Duty Rope Hanger with Reinforced Metal Gears, 8Ft. Long and 150 lbs Weight Capacity Rope","1","amazon.co.uk","Amazon","LOUTH","Lincolnshire","LN11 0","MarketplaceFacilitator","7.03","1.41","0","0","0","0","0","0","-1.41","-1.27","-2.69","-0.08","0","2.99","Released","4 May 2026 16:25:36 UTC"
"26 Apr 2026 19:42:05 UTC","26948042122","Order","202-3920752-4038769","330701-01-UK","VIVOSUN Garden Netting 5 x 15ft. Plant Trellis Netting, Heavy-Duty Polyester Grow Net, Garden Trellis Netting with Square Mesh for Climbing Plants, Ve","1","amazon.co.uk","Amazon","SOUTHAMPTON","Hants","SO31 7","MarketplaceFacilitator","7.49","1.50","0","0","0","0","0","0","-1.50","-1.35","-1.70","-0.06","0","4.38","Released","4 May 2026 18:12:29 UTC"
"26 Apr 2026 19:47:52 UTC","26863601142","Order","S02-6618672-1648739","311003-5-UK","VIVOSUN Gardening Scissors 6.5 Inch Hand Pruner Shear with Titanium Coated Blades, Pruning Shear for Plants, Flowers, Hedges 1-Pack Blue","1","siprodukmarketplace.stores.amazon.co.uk","Amazon","Chingford","London","E4 8","","0","0","0","0","0","0","0","0","0","0","-3.29","0","0","-3.29","Released","26 Apr 2026 19:47:52 UTC"
"26 Apr 2026 20:05:07 UTC","26948042122","Order","204-0591574-5249140","311001-20x5-UK-FBM","VIVOSUN Plant Grow Bags 5 Pack 80L, Heavy Duty Thickened Nonwoven Fabric Pots with Strong Handles, Reusable Breathable Garden Growing Containers for V","1","amazon.co.uk","Seller","Maidstone","Kent","ME17 1","MarketplaceFacilitator","22.49","4.50","0","0","0","0","0","0","-4.50","-4.05","0","-0.08","0","18.36","Released","6 May 2026 15:29:30 UTC"
"26 Apr 2026 20:12:33 UTC","26948042122","Order","203-2326251-5864359","311001-3x5-UK-N","VIVOSUN Grow Bags 5 Pack 12L, Heavy Duty Thickened Nonwoven Fabric Pots with Strong Handles for Vegetables, Flowers, Fruits, Greenhouse and Garden","1","amazon.co.uk","Amazon","Bowerchalke","Wiltshire","SP5 5","MarketplaceFacilitator","11.32","2.27","0","0","0","0","0","0","-2.27","-2.04","-3.20","-0.10","0","5.98","Released","4 May 2026 20:18:35 UTC"
"26 Apr 2026 20:16:55 UTC","26948042122","Order","204-6705147-5338746","VSE-UH075-UK-FBM","VIVOSUN AeroStream U075 USB Humidifier, 750ml Cool Mist Mini Humidifier with 2 Mist Modes, Auto Shut-Off, Smart Remote Control, Designed for Grow Tent","1","amazon.co.uk","Seller","WEYMOUTH","","DT3 5","MarketplaceFacilitator","26.20","5.24","0","0","0","0","0","0","-5.24","-4.72","0","-0.09","0","21.39","Released","7 May 2026 21:00:57 UTC"
"26 Apr 2026 20:38:29 UTC","26948042122","Order","203-9668238-4313136","VSE-ASH05-UK-FBM","VIVOSUN AeroStream H05 Intelligent Wi-Fi Humidifier 5 L, Plant Humidifier with Temp & Humidity Probe, Smart Remote VPD Control, Designed for Growers G","1","amazon.co.uk","Seller","LONDON","","NW11 6","MarketplaceFacilitator","58.32","11.67","0","0","0","0","0","0","-11.67","-10.50","0","-0.21","0","47.61","Released","6 May 2026 20:05:20 UTC"
"26 Apr 2026 21:08:42 UTC","26948042122","Order","205-8780668-2118741","311003-5-UK","VIVOSUN Gardening Scissors 6.5 Inch Hand Pruner Shear with Titanium Coated Blades, Pruning Shear for Plants, Flowers, Hedges 1-Pack Blue","1","amazon.co.uk","Amazon","ONCHAN","","IM3 4","MarketplaceFacilitator","6.66","1.33","0","0","0","0","0","0","-1.33","-1.20","-1.70","-0.05","0","3.71","Released","4 May 2026 22:57:50 UTC"
"26 Apr 2026 21:22:14 UTC","26948042122","Order","203-2767144-4215517","330101CNJ-UK-FBM","VIVOSUN Seedling Heat Mat with Digital Thermostat 10""X20.75"", UL & MET Certified, Fast Heating, Waterproof Propagation Warming Mat for Germination, Ho","2","amazon.co.uk","Seller","London","","E201","MarketplaceFacilitator","39.98","8.00","0","0","0","0","0","0","-8.00","-7.20","0","-0.14","0","32.64","Released","6 May 2026 23:07:34 UTC"
"26 Apr 2026 21:35:20 UTC","26948042122","Order","206-2340503-9273922","VSGB-5-UK-FBM","VIVOSUN Grow Bags 5-Pack 20L, 500G Thick Nonwoven Fabric Pots with Strap Handles, Multi-Purpose Rings, for Low Stress Plant Training Fruits, Vegetable","1","amazon.co.uk","Seller","LAUGHARNE","","SA33 4","MarketplaceFacilitator","15.82","3.17","0","0","0","0","0","0","-3.17","-2.85","0","-0.06","0","12.91","Released","6 May 2026 18:33:05 UTC"
"26 Apr 2026 21:42:55 UTC","26948042122","Order","205-4420316-2479556","305132-PEN-UK","VIVOSUN TDS Tester 3-in-1 TDS EC & Temperature Meter Ultrahigh Accuracy Digital Water Quality TDS Tester, for Drinking Water, Gardening, Aquariums, Bl","1","amazon.co.uk","Amazon","TELFORD","","TF7 5","MarketplaceFacilitator","8.32","1.67","0","0","0","0","0","0","-1.67","-1.50","-2.56","-0.08","0","4.18","Released","4 May 2026 23:31:08 UTC"
"26 Apr 2026 21:43:38 UTC","26948042122","Order","206-9102257-3685144","VSF-AWE6-UK-FBM","VIVOSUN AeroWave E6 6-Inch Clip-on Fan, Patented Portable Indoor Fan with Clip, Strong Airflow but Low Noise, 10 Speeds & 2 Modes IP-54, and Fully-Adj","1","amazon.co.uk","Seller","LONDON","","W5 3","MarketplaceFacilitator","29.57","5.92","0","0","0","0","0","0","-5.92","-5.32","0","-0.11","0","24.14","Released","6 May 2026 14:35:04 UTC"
"26 Apr 2026 22:23:55 UTC","26863601142","Order","S02-7533353-2979931","306143-0412-UK-N","VIVOSUN 4 Inch Air Carbon Filter Odor Control with Australia Virgin Charcoal for Inline Fan, Grow Tent Odor Scrubber Indoor Hydroponics, Pre-filter Included, Reversible Flange 4"" x 14""","1","siprodukmarketplace.stores.amazon.co.uk","Amazon","Gorleston","NFK","NR317","","0","0","0","0","0","0","0","0","0","0","-8.36","0","0","-8.36","Released","26 Apr 2026 22:23:55 UTC"
"26 Apr 2026 22:36:57 UTC","26948042122","Order","206-7783269-6001127","311001-3x5-UK-N","VIVOSUN Grow Bags 5 Pack 12L, Heavy Duty Thickened Nonwoven Fabric Pots with Strong Handles for Vegetables, Flowers, Fruits, Greenhouse and Garden","1","amazon.co.uk","Amazon","Norwich","","NR15 2","MarketplaceFacilitator","11.32","2.27","0","0","0","0","0","0","-2.27","-2.04","-3.20","-0.10","0","5.98","Released","4 May 2026 18:27:25 UTC"
"26 Apr 2026 22:42:54 UTC","26948042122","Order","203-2440114-1137932","306143-0412-UK-N","VIVOSUN 4 Inch Air Carbon Filter Odor Control with Australia Virgin Charcoal for Inline Fan, Grow Tent Odor Scrubber Indoor Hydroponics, Pre-filter In","1","amazon.co.uk","Amazon","VERWOOD","","BH31 6","MarketplaceFacilitator","26.82","5.37","0","0","0","0","0","0","-5.37","-4.83","-3.39","-0.17","0","18.43","Released","4 May 2026 21:56:32 UTC"
"26 Apr 2026 23:14:03 UTC","26948042122","Order","206-3935380-4752302","304113-3018-UK-FBM","VIVOSUN Grow Tent 75x45x90 CM (30""x18""x36""), High Reflective Mylar with Observation Window and Floor Tray for Hydroponics Indoor Plant for VS1000","1","amazon.co.uk","Seller","DONCASTER","","DN12 4","MarketplaceFacilitator","74.99","15.00","0","0","0","0","0","0","-15.00","-13.50","0","-0.27","0","61.22","Released","6 May 2026 22:31:06 UTC"
"26 Apr 2026 23:25:54 UTC","26863601142","Adjustment","205-9457713-2771558","LH-001-2-UK","FBA Inventory Reimbursement - Customer Return","1","","","","","","","0","0","0","0","0","0","0","0","0","0","0","0","3.11","3.11","Released","26 Apr 2026 23:25:54 UTC"
"27 Apr 2026 00:00:20 UTC","26948042122","Order","202-1077487-4738758","311001-3x5-UK-N","VIVOSUN Grow Bags 5 Pack 12L, Heavy Duty Thickened Nonwoven Fabric Pots with Strong Handles for Vegetables, Flowers, Fruits, Greenhouse and Garden","1","amazon.co.uk","Amazon","HUNTINGDON","","PE29 6","MarketplaceFacilitator","11.32","2.27","0.55","0.11","0","0","-0.55","-0.11","-2.27","-2.04","-3.20","-0.10","0","5.98","Released","4 May 2026 22:07:09 UTC"
"27 Apr 2026 00:27:35 UTC","26948042122","Order","202-6921144-0663542","311003-5-UK","VIVOSUN Gardening Scissors 6.5 Inch Hand Pruner Shear with Titanium Coated Blades, Pruning Shear for Plants, Flowers, Hedges 1-Pack Blue","1","amazon.co.uk","Amazon","LEEDS","","LS7 4","MarketplaceFacilitator","6.66","1.33","0","0","0","0","0","0","-1.33","-1.20","-1.70","-0.05","0","3.71","Released","4 May 2026 12:54:25 UTC"
"27 Apr 2026 00:55:15 UTC","26948042122","Order","202-6946419-7171558","311003-5-UK","VIVOSUN Gardening Scissors 6.5 Inch Hand Pruner Shear with Titanium Coated Blades, Pruning Shear for Plants, Flowers, Hedges 1-Pack Blue","1","amazon.co.uk","Amazon","HEMEL HEMPSTEAD","Hertfordshire","HP2 6","MarketplaceFacilitator","6.66","1.33","0","0","0","0","0","0","-1.33","-1.20","-1.70","-0.05","0","3.71","Released","4 May 2026 23:37:09 UTC"
"27 Apr 2026 02:19:53 UTC","26948042122","Order","026-9107732-2805152","332021-UK-FBM","VIVOSUN 30X 60X Illuminated Jewelers Loupe Foldable Magnifier with LED Light for Jewelry Gems Watches Coins Stamps Antiques, White","1","amazon.co.uk","Seller","Cardiff","Wales","CF11 8","MarketplaceFacilitator","9.16","1.83","0","0","0","0","0","0","-1.83","-0.88","0","-0.02","0","8.26","Released","6 May 2026 16:10:37 UTC"
"27 Apr 2026 03:33:33 UTC","26948042122","Order","204-8823824-2374709","311001-3x5-UK-N","VIVOSUN Grow Bags 5 Pack 12L, Heavy Duty Thickened Nonwoven Fabric Pots with Strong Handles for Vegetables, Flowers, Fruits, Greenhouse and Garden","1","amazon.co.uk","Amazon","WALSALL","","WS4 1","MarketplaceFacilitator","11.32","2.27","0","0","0","0","0","0","-2.27","-2.04","-3.20","-0.10","0","5.98","Released","4 May 2026 23:37:55 UTC"
"27 Apr 2026 03:37:34 UTC","26948042122","Order","206-8125629-4468331","VSF-AWE6G-UK-FBM","VIVOSUN Grow Fan with Clip, 15 cm/6 Inch Grow Tent Fan, 10 Speeds Smart App Control, IP54 with Automatic Oscillation AeroWave E6 for Grow Tent, Green","1","amazon.co.uk","Seller","LEICESTER","Leics","LE4 9","MarketplaceFacilitator","24.99","5.00","0","0","0","0","0","0","-5.00","-4.50","0","-0.09","0","20.40","Released","6 May 2026 11:42:57 UTC"
"27 Apr 2026 03:42:12 UTC","26948042122","Order","203-2391406-5974767","311003-5-UK","VIVOSUN Gardening Scissors 6.5 Inch Hand Pruner Shear with Titanium Coated Blades, Pruning Shear for Plants, Flowers, Hedges 1-Pack Blue","1","amazon.co.uk","Amazon","ENFIELD","","EN1 1","MarketplaceFacilitator","6.66","1.33","4.16","0.83","0","0","0","0","-2.16","-1.20","-5.86","-0.13","0","3.63","Released","4 May 2026 17:27:47 UTC"
"27 Apr 2026 04:02:40 UTC","26948042122","Order","202-4093598-1401950","311001-3x5-UK-N","VIVOSUN Grow Bags 5 Pack 12L, Heavy Duty Thickened Nonwoven Fabric Pots with Strong Handles for Vegetables, Flowers, Fruits, Greenhouse and Garden","1","amazon.co.uk","Amazon","Ennistimon","Clare","","MarketplaceFacilitator","11.32","2.60","0","0","0","0","0","0","-2.60","-2.04","-3.20","-0.10","0","5.98","Released","5 May 2026 21:28:32 UTC"
"27 Apr 2026 04:14:48 UTC","26948042122","Order","203-6777552-3120322","305132-PEN-UK","VIVOSUN TDS Tester 3-in-1 TDS EC & Temperature Meter Ultrahigh Accuracy Digital Water Quality TDS Tester, for Drinking Water, Gardening, Aquariums, Bl","1","amazon.co.uk","Amazon","TUNBRIDGE WELLS","","TN4 0","MarketplaceFacilitator","8.32","1.67","0","0","0","0","0","0","-1.67","-1.50","-2.56","-0.08","0","4.18","Released","4 May 2026 21:26:10 UTC"
"27 Apr 2026 04:32:38 UTC","26948042122","Order","204-3209219-6953930","311001-3x5-UK-N","VIVOSUN Grow Bags 5 Pack 12L, Heavy Duty Thickened Nonwoven Fabric Pots with Strong Handles for Vegetables, Flowers, Fruits, Greenhouse and Garden","2","amazon.co.uk","Amazon","Derby","England","DE74 2","","22.64","4.54","0","0","0","0","0","0","0","-4.08","-6.40","0","0","16.70","Released","5 May 2026 19:23:04 UTC"
"27 Apr 2026 04:33:44 UTC","26948042122","Order","204-1599438-0225934","VC-0002-UK","VIVOSUN 2-Pcs. Grow Tent Vent Cover, 4""/6""/8"" Duct Filter Vent Cover with Elastic Band and Fixed Buckle for Plant Grow Tent Vent","1","amazon.co.uk","Amazon","ROMSEY","hampshire","SO51 6","MarketplaceFacilitator","8.84","1.77","0","0","0","0","0","0","-1.77","-1.59","-2.46","-0.08","0","4.71","Released","4 May 2026 23:40:52 UTC"
"27 Apr 2026 05:29:42 UTC","26948042122","Order","203-0282331-4316330","311001-3x5-UK-N","VIVOSUN Grow Bags 5 Pack 12L, Heavy Duty Thickened Nonwoven Fabric Pots with Strong Handles for Vegetables, Flowers, Fruits, Greenhouse and Garden","1","amazon.co.uk","Amazon","Guernsey","Channel Islands","GY2 4","","11.32","0","0","0","0","0","0","0","0","-2.04","-3.20","-0.10","0","5.98","Released","8 May 2026 22:31:29 UTC"
"27 Apr 2026 09:41:23 UTC","26948042122","Order","204-8678352-7307533","VSGB-3-UK-FBM","VIVOSUN 5-Pack 12L Grow Bags Heavy Duty 500G Thickened Nonwoven Plant Fabric Pots with Handles for Vegetables, Flowers, Fruits, Greenhouse and Garden","1","amazon.co.uk","Seller","SALISBURY","","SP4 7","MarketplaceFacilitator","14.16","2.83","0","0","0","0","0","0","-2.83","-2.55","0","-0.05","0","11.56","Released","6 May 2026 16:04:07 UTC"
"27 Apr 2026 09:47:34 UTC","26948042122","Refund","204-3954056-1295514","311001-15x5-UK-FBM","VIVOSUN Plant Grow Bags 5 Pack 60L, Heavy Duty Thickened Nonwoven Fabric Pots with Strong Handles, Reusable Breathable Garden Growing Containers for V","1","amazon.co.uk","Seller","EDINBURGH","Midlothian","EH10 5","MarketplaceFacilitator","-19.99","-4.00","0","0","0","0","0","0","4.00","2.88","0","0.07","0","-17.04","Released","30 Apr 2026 16:23:38 UTC"
"27 Apr 2026 09:49:34 UTC","26948042122","Order","026-1589231-2405110","VSF-AWD4x2-UK-M","VIVOSUN AeroWave D4, 4"" Grow Tent Clip Fan with Detachable Hook, 3-Speed Strong & Quiet Airflow, Adjustable Airflow Angle for Hydroponics, Circulation","1","amazon.co.uk","Seller","ALDERSHOT","","GU11 3","MarketplaceFacilitator","29.99","6.00","0","0","0","0","0","0","-6.00","-5.40","0","-0.11","0","24.48","Released","6 May 2026 19:02:11 UTC"
"27 Apr 2026 10:31:45 UTC","26948042122","Order","204-1879683-4169112","311001-3x5-UK-N","VIVOSUN Grow Bags 5 Pack 12L, Heavy Duty Thickened Nonwoven Fabric Pots with Strong Handles for Vegetables, Flowers, Fruits, Greenhouse and Garden","1","amazon.co.uk","Amazon","TEWKESBURY","Glos","GL20 6","MarketplaceFacilitator","11.32","2.27","0.83","0.17","0","0","-0.83","-0.17","-2.27","-2.04","-3.20","-0.10","0","5.98","Released","4 May 2026 15:54:02 UTC"
"27 Apr 2026 11:45:41 UTC","26948042122","Order","205-9342343-3833928","332022-2-UK","VIVOSUN 2-Pack 30X 60X Illuminated Jewelers Loupe Foldable Magnifier with LED Light for Jewelry Gems Watches Coins Stamps Antiques Black","1","amazon.co.uk","Amazon","Watlington","Oxfordshire","OX49 5","MarketplaceFacilitator","7.78","1.56","0","0","0","0","0","0","-1.56","-1.40","-2.74","-0.08","0","3.56","Released","5 May 2026 22:42:02 UTC"
"27 Apr 2026 12:26:06 UTC","26948042122","Order","204-2707929-9580326","305131-PEN-UK-M","VIVOSUN Digital pH Meter, 0.01pH High Accuracy Pen Type pH Tester for Hydroponics, Household Drinking, Pool and Aquarium, UL Certified","1","amazon.co.uk","Seller","NEWPORT PAGNELL","","MK16 0","MarketplaceFacilitator","8.29","1.66","0","0","0","0","0","0","-1.66","-1.49","0","-0.03","0","6.77","Released","6 May 2026 12:42:59 UTC"
"27 Apr 2026 12:38:25 UTC","26948042122","Refund","202-6688305-6442729","311003-5-UK","VIVOSUN Gardening Scissors 6.5 Inch Hand Pruner Shear with Titanium Coated Blades, Pruning Shear for Plants, Flowers, Hedges 1-Pack Blue","1","amazon.co.uk","Amazon","POOLE","","BH14 0","MarketplaceFacilitator","-6.66","-1.33","0","0","0","0","0","0","1.33","0.96","0","0.02","0","-5.68","Released","30 Apr 2026 22:26:01 UTC"
"27 Apr 2026 12:47:03 UTC","26863601142","Adjustment","205-9457713-2771558","VSA100SE-E25-UK","FBA Inventory Reimbursement - Customer Return","1","","","","","","","0","0","0","0","0","0","0","0","0","0","0","0","43.07","43.07","Released","27 Apr 2026 12:47:03 UTC"
"27 Apr 2026 14:17:46 UTC","26948042122","Order","203-7290564-5501964","VSGB-5-UK-FBM","VIVOSUN Grow Bags 5-Pack 20L, 500G Thick Nonwoven Fabric Pots with Strap Handles, Multi-Purpose Rings, for Low Stress Plant Training Fruits, Vegetable","1","amazon.co.uk","Seller","BRIDGEND","","CF31 4","MarketplaceFacilitator","15.82","3.17","0","0","0","0","0","0","-3.17","-2.85","0","-0.06","0","12.91","Released","6 May 2026 21:33:24 UTC"
"27 Apr 2026 14:34:54 UTC","26948042122","Order","203-0249452-2559553","VSH-IS02-UK","VIVOSUN Professional Automatic Drip Irrigation Kits, 15W Output, All in One Professional Grow Kit- Includes Pump, Timer and Regulator, 8 Drip Emitters","1","amazon.co.uk","Amazon","ANTRIM","","BT41 1","MarketplaceFacilitator","42.49","8.50","0","0","0","0","0","0","-8.50","-7.65","-3.20","-0.21","0","31.43","Released","5 May 2026 20:36:33 UTC"
"27 Apr 2026 14:46:34 UTC","26948042122","Order","026-7195084-9825909","VSF-AWE6-UK-FBM","VIVOSUN AeroWave E6 6-Inch Clip-on Fan, Patented Portable Indoor Fan with Clip, Strong Airflow but Low Noise, 10 Speeds & 2 Modes IP-54, and Fully-Adj","1","amazon.co.uk","Seller","NETHERFIELD","","NG4 2","MarketplaceFacilitator","29.57","5.92","0","0","0","0","0","0","-5.92","-5.32","0","-0.11","0","24.14","Released","6 May 2026 13:12:14 UTC"
"27 Apr 2026 14:59:07 UTC","27033762562","Order","205-0758443-6626720","VSF-AWD4x2-UK-M","VIVOSUN AeroWave D4, 4"" Grow Tent Clip Fan with Detachable Hook, 3-Speed Strong & Quiet Airflow, Adjustable Airflow Angle for Hydroponics, Circulation","1","amazon.co.uk","Seller","JERSEY","","JE2 4","MarketplaceFacilitator","29.99","1.50","0","0","0","0","0","0","-1.50","-5.40","0","-0.11","0","24.48","Released","15 May 2026 17:04:11 UTC"
"27 Apr 2026 15:10:45 UTC","26948042122","Order","204-5607718-3414712","TN-44-UK-FBM","VIVOSUN Garden Netting 120 x 120 cm, Elastic Trellis Net with 4 Hooks for Climbing Plants Vegetables Fruits and Flowers","2","amazon.co.uk","Seller","MAYFIELD","","TN20 6","MarketplaceFacilitator","25.48","5.10","0","0","0","0","0","0","-5.10","-4.58","0","-0.09","0","20.81","Released","6 May 2026 16:51:22 UTC"
"27 Apr 2026 15:39:35 UTC","26948042122","Order","205-9269350-0120334","LH-001-2-UK","VIVOSUN 2-Pair 1/8 Inch Adjustable Grow Light Hangers, Heavy Duty Rope Hanger with Reinforced Metal Gears, 8Ft. Long and 150 lbs Weight Capacity Rope","2","amazon.co.uk","Amazon","Taunton","Somerset","TA1 3","MarketplaceFacilitator","14.06","2.82","0","0","0","0","0","0","-2.82","-2.54","-5.38","-0.16","0","5.98","Released","5 May 2026 15:51:37 UTC"
"27 Apr 2026 15:57:26 UTC","26948042122","Order","202-9045278-1105967","332022-2-UK","VIVOSUN 2-Pack 30X 60X Illuminated Jewelers Loupe Foldable Magnifier with LED Light for Jewelry Gems Watches Coins Stamps Antiques Black","1","amazon.co.uk","Amazon","JERSEY","","JE2 3","MarketplaceFacilitator","7.78","0.39","0","0","0","0","0","0","-0.39","-1.40","-2.74","-0.08","0","3.56","Released","6 May 2026 22:45:38 UTC"
"27 Apr 2026 16:17:33 UTC","26948042122","Order","206-8582213-2380338","COMBO-01-UK-FBM","VIVOSUN Digital PH Meter, 3-in-1TDS EC and Temperature Meter, Plant Soil MoistureTester Combo for Home, Garden, Hydroponics, Aquariums, Labs","1","amazon.co.uk","Seller","MOUNTAIN ASH","","CF45 4","MarketplaceFacilitator","12.64","2.53","0","0","0","0","0","0","-2.53","-1.97","0","-0.04","0","10.63","Released","6 May 2026 10:40:20 UTC"
"27 Apr 2026 16:37:32 UTC","26948042122","Order","026-9594069-3886701","305131-PEN-UK-M","VIVOSUN Digital pH Meter, 0.01pH High Accuracy Pen Type pH Tester for Hydroponics, Household Drinking, Pool and Aquarium, UL Certified","1","amazon.co.uk","Seller","PRESTON","","PR1 3","MarketplaceFacilitator","6.63","1.33","0","0","0","0","0","0","-1.33","-1.19","0","-0.02","0","5.42","Released","6 May 2026 13:23:35 UTC"
"27 Apr 2026 17:22:24 UTC","26948042122","Order","204-2277468-4744342","305140-PEN-UK","VIVOSUN Digital pH and TDS Meter Kits, 0.01pH High Accuracy Pen Type pH Meter ± 2% Readout Accuracy 3-in-1 TDS EC Temperature Meter for Hydroponics,","1","amazon.co.uk","Seller","BROMLEY","","BR2 8","MarketplaceFacilitator","13.19","2.64","0","0","0","0","0","0","-2.64","-2.37","0","-0.05","0","10.77","Released","6 May 2026 20:08:03 UTC"
"27 Apr 2026 17:31:58 UTC","26948042122","Order","205-4161780-8393961","VSGB-3-UK-FBM","VIVOSUN 5-Pack 12L Grow Bags Heavy Duty 500G Thickened Nonwoven Plant Fabric Pots with Handles for Vegetables, Flowers, Fruits, Greenhouse and Garden","1","amazon.co.uk","Seller","WATERLOOVILLE","","PO7 8","MarketplaceFacilitator","14.16","2.83","0","0","0","0","0","0","-2.83","-2.55","0","-0.05","0","11.56","Released","6 May 2026 22:08:37 UTC"
"27 Apr 2026 17:50:05 UTC","26948042122","Order","202-3659573-2530716","VSGB-15-UK-FBM","VIVOSUN Grow Bags 5-Pack 60L, 500G Thick Nonwoven Fabric Pots with Strap Handles, Multi-Purpose Rings, for Low Stress Plant Training Fruits, Vegetable","1","amazon.co.uk","Seller","London","","SE15 4","MarketplaceFacilitator","20.82","4.17","0","0","0","0","0","0","-4.17","-3.75","0","-0.08","0","16.99","Released","6 May 2026 13:23:46 UTC"
"27 Apr 2026 19:08:33 UTC","26863601142","Order","S02-2595393-1303910","306143-0412-UK-N","VIVOSUN 4 Inch Air Carbon Filter Odor Control with Australia Virgin Charcoal for Inline Fan, Grow Tent Odor Scrubber Indoor Hydroponics, Pre-filter Included, Reversible Flange 4"" x 14""","1","siprodukmarketplace.stores.amazon.co.uk","Amazon","York","NYK","YO310","","0","0","0","0","0","0","0","0","0","0","-8.36","0","0","-8.36","Released","27 Apr 2026 19:08:33 UTC"
"27 Apr 2026 19:35:36 UTC","26948042122","Order","204-2525296-9988367","333101-G2J-UK-FBM","VIVOSUN Grow Room Glasses, LED Safety Goggles for Indoor Grow Tents and Hydroponics with UVA&UVB Protect, Incl. Glasses Case, 2-Pack","1","amazon.co.uk","Seller","HERNE BAY","","CT6 6","MarketplaceFacilitator","16.42","3.29","0","0","0","0","0","0","-3.29","-2.96","0","-0.06","0","13.40","Released","6 May 2026 15:35:23 UTC"
"27 Apr 2026 19:45:45 UTC","26948042122","Order","204-6372707-4873930","311003-5-UK","VIVOSUN Gardening Scissors 6.5 Inch Hand Pruner Shear with Titanium Coated Blades, Pruning Shear for Plants, Flowers, Hedges 1-Pack Blue","1","amazon.co.uk","Amazon","YORK","N YORKSHIRE","YO62 4","MarketplaceFacilitator","4.01","0.80","0","0","0","0","0","0","-0.80","-0.72","-1.70","-0.04","0","1.55","Released","5 May 2026 23:30:50 UTC"
"27 Apr 2026 19:53:28 UTC","26948042122","Order","026-1555840-3707536","305132-PEN-UK","VIVOSUN TDS Tester 3-in-1 TDS EC & Temperature Meter Ultrahigh Accuracy Digital Water Quality TDS Tester, for Drinking Water, Gardening, Aquariums, Bl","1","amazon.co.uk","Amazon","PLYMOUTH","","PL2 1","MarketplaceFacilitator","5.30","1.06","0","0","0","0","0","0","-1.06","-0.95","-2.56","-0.07","0","1.72","Released","5 May 2026 23:16:25 UTC"
"27 Apr 2026 20:17:48 UTC","26948042122","Order","204-1835051-8672347","330701-01-UK","VIVOSUN Garden Netting 5 x 15ft. Plant Trellis Netting, Heavy-Duty Polyester Grow Net, Garden Trellis Netting with Square Mesh for Climbing Plants, Ve","1","amazon.co.uk","Amazon","WOKING","","GU21 5","MarketplaceFacilitator","7.49","1.50","0","0","0","0","0","0","-1.50","-1.35","-1.70","-0.06","0","4.38","Released","5 May 2026 16:32:40 UTC"
"27 Apr 2026 20:40:10 UTC","26948042122","Order","206-3699784-4159549","311003-5-UK","VIVOSUN Gardening Scissors 6.5 Inch Hand Pruner Shear with Titanium Coated Blades, Pruning Shear for Plants, Flowers, Hedges 1-Pack Blue","1","amazon.co.uk","Amazon","rhydyfelin","pontypridd","CF375","MarketplaceFacilitator","4.01","0.80","0","0","0","0","0","0","-0.80","-0.72","-1.70","-0.04","0","1.55","Released","5 May 2026 16:48:27 UTC"
"27 Apr 2026 20:52:43 UTC","26948042122","Order","206-4375305-5647553","311003-5-UK","VIVOSUN Gardening Scissors 6.5 Inch Hand Pruner Shear with Titanium Coated Blades, Pruning Shear for Plants, Flowers, Hedges 1-Pack Blue","1","amazon.co.uk","Amazon","Leatherhead","Surrey","KT22 7","MarketplaceFacilitator","4.01","0.80","0","0","0","0","0","0","-0.80","-0.72","-1.70","-0.04","0","1.55","Released","5 May 2026 19:15:50 UTC"
"27 Apr 2026 21:15:31 UTC","26948042122","Order","202-6816236-3075568","304113-42-UK","VIVOSUN Grow Tent 120x60x150 CM (48""x24""x60""), Made of Highly Reflective Mylar, with Viewing Window and Base Tray for Hydroponics and Indoor Growing,","1","amazon.co.uk","Amazon","NEWTOWNABBEY","","BT370","MarketplaceFacilitator","106.16","21.23","1.87","0.38","0","0","-1.87","-0.38","-21.23","-19.11","-12.55","-0.63","0","73.87","Released","6 May 2026 23:08:40 UTC"
"27 Apr 2026 21:19:32 UTC","26948042122","Order","202-4998582-9405946","VSH-IS02-UK","VIVOSUN Professional Automatic Drip Irrigation Kits, 15W Output, All in One Professional Grow Kit- Includes Pump, Timer and Regulator, 8 Drip Emitters","1","amazon.co.uk","Amazon","LONDON","","NW9 0","MarketplaceFacilitator","42.49","8.50","0","0","0","0","0","0","-8.50","-7.65","-3.20","-0.21","0","31.43","Released","5 May 2026 18:19:29 UTC"
"27 Apr 2026 22:05:09 UTC","26948042122","Order","203-3270956-7481164","311003-5-UK","VIVOSUN Gardening Scissors 6.5 Inch Hand Pruner Shear with Titanium Coated Blades, Pruning Shear for Plants, Flowers, Hedges 1-Pack Blue","1","amazon.co.uk","Amazon","Londonderry","","BT48 8","MarketplaceFacilitator","4.01","0.80","0","0","0","0","0","0","-0.80","-0.72","-1.70","-0.04","0","1.55","Released","5 May 2026 21:49:55 UTC"
"27 Apr 2026 22:26:17 UTC","26948042122","Order","204-8152108-0889134","VSV-AZG6E42A-UK","VIVOSUN AeroZesh G6 Inline Duct Fan 6inch/150 mm Quiet Extractor Fan 660 m³/h with EC Motor and GrowHub E42A WiFi Controller for Growbox, Cooling, Bo","1","amazon.co.uk","Amazon","cambridge","","CB5 8","MarketplaceFacilitator","77.49","15.50","0","0","0","0","0","0","-15.50","-13.95","-3.43","-0.35","0","59.76","Released","5 May 2026 21:11:22 UTC"
"27 Apr 2026 22:31:07 UTC","26948042122","Order","206-6228716-7105918","311003-5-UK","VIVOSUN Gardening Scissors 6.5 Inch Hand Pruner Shear with Titanium Coated Blades, Pruning Shear for Plants, Flowers, Hedges 1-Pack Blue","1","amazon.co.uk","Amazon","BEXHILL-ON-SEA","","TN39 4","MarketplaceFacilitator","4.01","0.80","0","0","0","0","0","0","-0.80","-0.72","-1.70","-0.04","0","1.55","Released","5 May 2026 23:51:04 UTC"
"27 Apr 2026 22:47:57 UTC","26948042122","Order","206-3591142-6787545","311003-5-UK","VIVOSUN Gardening Scissors 6.5 Inch Hand Pruner Shear with Titanium Coated Blades, Pruning Shear for Plants, Flowers, Hedges 1-Pack Blue","1","amazon.co.uk","Amazon","Birmingham","West midlands","B42 2","MarketplaceFacilitator","4.01","0.80","0","0","0","0","0","0","-0.80","-0.72","-1.70","-0.04","0","1.55","Released","5 May 2026 14:38:36 UTC"
"27 Apr 2026 23:58:34 UTC","26948042122","Order","205-2308326-1363563","311003-5-UK","VIVOSUN Gardening Scissors 6.5 Inch Hand Pruner Shear with Titanium Coated Blades, Pruning Shear for Plants, Flowers, Hedges 1-Pack Blue","1","amazon.co.uk","Amazon","Coventry","West Midlands","CV3 4","MarketplaceFacilitator","4.01","0.80","0","0","0","0","0","0","-0.80","-0.72","-1.70","-0.04","0","1.55","Released","5 May 2026 20:42:33 UTC"
"28 Apr 2026 00:06:23 UTC","26948042122","Order","204-1225787-7339522","311001-3x5-UK-N","VIVOSUN Grow Bags 5 Pack 12L, Heavy Duty Thickened Nonwoven Fabric Pots with Strong Handles for Vegetables, Flowers, Fruits, Greenhouse and Garden","1","amazon.co.uk","Amazon","cambridge","","CB5 8","MarketplaceFacilitator","11.32","2.27","0","0","0","0","0","0","-2.27","-2.04","-3.20","-0.10","0","5.98","Released","5 May 2026 21:15:45 UTC"
"28 Apr 2026 00:09:30 UTC","26948042122","Order","202-8978134-0819569","311003-5-UK","VIVOSUN Gardening Scissors 6.5 Inch Hand Pruner Shear with Titanium Coated Blades, Pruning Shear for Plants, Flowers, Hedges 1-Pack Blue","1","amazon.co.uk","Amazon","BUILTH WELLS","Powys","LD2 3","MarketplaceFacilitator","4.01","0.80","0","0","0","0","0","0","-0.80","-0.72","-1.70","-0.04","0","1.55","Released","5 May 2026 15:53:49 UTC"
"28 Apr 2026 00:10:30 UTC","26863601142","Order","203-1448079-9348336","305132-PEN-UK","VIVOSUN TDS Tester 3-in-1 TDS EC & Temperature Meter Ultrahigh Accuracy Digital Water Quality TDS Tester, for Drinking Water, Gardening, Aquariums, Bl","1","amazon.co.uk","Amazon","CROSS INN","","SA44 6","","5.30","1.06","0","0","0","0","0","0","0","-0.95","-2.56","0","0","2.85","Deferred",
"28 Apr 2026 00:18:37 UTC","26948042122","Order","202-1214579-6766721","311003-5-UK","VIVOSUN Gardening Scissors 6.5 Inch Hand Pruner Shear with Titanium Coated Blades, Pruning Shear for Plants, Flowers, Hedges 1-Pack Blue","1","amazon.co.uk","Amazon","LONDON","","E4 6","MarketplaceFacilitator","4.01","0.80","0","0","0","0","0","0","-0.80","-0.72","-1.70","-0.04","0","1.55","Released","5 May 2026 14:42:40 UTC"
"28 Apr 2026 00:38:45 UTC","26948042122","Order","204-9021408-5229101","311003-5-UK","VIVOSUN Gardening Scissors 6.5 Inch Hand Pruner Shear with Titanium Coated Blades, Pruning Shear for Plants, Flowers, Hedges 1-Pack Blue","2","amazon.co.uk","Amazon","Elland","West Yorkshire","HX5 0","MarketplaceFacilitator","8.02","1.60","0","0","0","0","0","0","-1.60","-1.44","-3.39","-0.10","0","3.09","Released","5 May 2026 23:27:08 UTC"
"28 Apr 2026 00:45:10 UTC","26948042122","Order","204-5580615-1368338","330701-01-UK","VIVOSUN Garden Netting 5 x 15ft. Plant Trellis Netting, Heavy-Duty Polyester Grow Net, Garden Trellis Netting with Square Mesh for Climbing Plants, Ve","1","amazon.co.uk","Amazon","MAYFIELD","","TN20 6","MarketplaceFacilitator","7.49","1.50","0","0","0","0","0","0","-1.50","-1.35","-1.70","-0.06","0","4.38","Released","5 May 2026 21:24:42 UTC"
"28 Apr 2026 01:06:01 UTC","26948042122","Order","203-3810123-4117123","VSV-AZG6-UK","VIVOSUN AeroZesh G6 Inline Duct Fan 6inch/150 mm Extractor Fan 660 m³/h with E12 Speed Controller and Entirely Programmable PWM-Controlled EC Fan for","1","amazon.co.uk","Amazon","LEICESTER","Leics","LE3 1","MarketplaceFacilitator","54.99","11.00","1.66","0.33","0","0","-1.66","-0.33","-11.00","-9.90","-3.43","-0.27","0","41.39","Released","5 May 2026 23:47:01 UTC"
"28 Apr 2026 01:24:55 UTC","26948042122","Order","026-7654372-6329168","VSGB-3-UK-FBM","VIVOSUN 5-Pack 12L Grow Bags Heavy Duty 500G Thickened Nonwoven Plant Fabric Pots with Handles for Vegetables, Flowers, Fruits, Greenhouse and Garden","1","amazon.co.uk","Seller","FARINGDON","","SN7 7","MarketplaceFacilitator","14.16","2.83","0","0","0","0","0","0","-2.83","-2.55","0","-0.05","0","11.56","Released","6 May 2026 20:46:22 UTC"
"28 Apr 2026 02:59:31 UTC","26948042122","Order","204-3926105-4271519","311003-5-UK","VIVOSUN Gardening Scissors 6.5 Inch Hand Pruner Shear with Titanium Coated Blades, Pruning Shear for Plants, Flowers, Hedges 1-Pack Blue","1","amazon.co.uk","Amazon","EGREMONT","","CA22 2","MarketplaceFacilitator","4.01","0.80","0","0","0","0","0","0","-0.80","-0.72","-1.70","-0.04","0","1.55","Released","5 May 2026 20:40:37 UTC"
"28 Apr 2026 04:19:07 UTC","26948042122","Order","026-0987754-0914711","306101S-4-UK","VIVOSUN Inline Duct Fan 4 Inch 203 CFM with Variable Speed Control for Grow Tent, Ventilation, Plant Tent, Indoor, Garden, Ventilation Fan, Z4 Pipe Fa","1","amazon.co.uk","Amazon","CANTERBURY","Kent","CT3 3","MarketplaceFacilitator","27.42","5.48","0","0","0","0","0","0","-5.48","-4.94","-3.36","-0.17","0","18.95","Released","5 May 2026 23:28:22 UTC"
"28 Apr 2026 05:02:18 UTC","26948042122","Order","202-2552140-5493922","306101S-4-UK","VIVOSUN Inline Duct Fan 4 Inch 203 CFM with Variable Speed Control for Grow Tent, Ventilation, Plant Tent, Indoor, Garden, Ventilation Fan, Z4 Pipe Fa","1","amazon.co.uk","Amazon","WING","","LU7 0","MarketplaceFacilitator","27.42","5.48","0","0","0","0","0","0","-5.48","-4.94","-3.36","-0.17","0","18.95","Released","5 May 2026 23:10:01 UTC"
"28 Apr 2026 08:04:21 UTC","26948042122","Order","205-6825281-8213942","305130-PEN-UK-FBM","VIVOSUN Digital pH and TDS Meter Kits, 0.01pH High Accuracy Pen Type pH Meter ± 2% Readout Accuracy 3-in-1 TDS EC Temperature Meter for Hydroponics,","1","amazon.co.uk","Seller","TEAN","STAFFORDSHIRE","ST10 4","MarketplaceFacilitator","13.32","2.67","0","0","0","0","0","0","-2.67","-2.40","0","-0.05","0","10.87","Released","7 May 2026 20:20:44 UTC"
"28 Apr 2026 09:11:30 UTC","26948042122","Order","204-8323340-3407502","VSF-AWD4x2-UK-M","VIVOSUN AeroWave D4, 4"" Grow Tent Clip Fan with Detachable Hook, 3-Speed Strong & Quiet Airflow, Adjustable Airflow Angle for Hydroponics, Circulation","1","amazon.co.uk","Seller","NORWICH","","NR4 7","MarketplaceFacilitator","32.99","0","0","0","0","0","0","0","0","-4.95","0","-0.10","0","27.94","Released","7 May 2026 23:25:20 UTC"
"28 Apr 2026 09:23:49 UTC","26863601142","Delivery Services","206-6184035-7944352","","ReturnPostageBilling","","","","","","","","0","0","0","0","0","0","0","0","0","0","0","0","-2.73","-2.73","Released","28 Apr 2026 09:23:49 UTC"
"28 Apr 2026 09:53:55 UTC","26948042122","Order","205-2024538-3775538","PS-002-UK-FBM","VIVOSUN 1-Pack Garden Pruner 17cm Plant Shears with Ergonomic Handles, Tree Pruner with Straight Blades and Titanium Non-Stick Coating, Rose Shears, B","1","amazon.co.uk","Seller","gillingham","dorset","SP8 4","MarketplaceFacilitator","7.49","1.50","0","0","0","0","0","0","-1.50","-1.17","0","-0.02","0","6.30","Released","6 May 2026 17:16:42 UTC"
"28 Apr 2026 10:11:54 UTC","26948042122","Order","205-5269549-7383533","311003-5-UK","VIVOSUN Gardening Scissors 6.5 Inch Hand Pruner Shear with Titanium Coated Blades, Pruning Shear for Plants, Flowers, Hedges 1-Pack Blue","1","amazon.co.uk","Amazon","LONDON","","SE22 8","MarketplaceFacilitator","4.01","0.80","0.41","0.08","0","0","-0.41","-0.08","-0.80","-0.72","-1.70","-0.04","0","1.55","Released","5 May 2026 20:43:16 UTC"
"28 Apr 2026 10:26:25 UTC","26948042122","Order","202-4138038-1132359","VSGB-15-UK-FBM","VIVOSUN Grow Bags 5-Pack 60L, 500G Thick Nonwoven Fabric Pots with Strap Handles, Multi-Purpose Rings, for Low Stress Plant Training Fruits, Vegetable","1","amazon.co.uk","Seller","MARAZION","","TR17 0","MarketplaceFacilitator","20.82","4.17","0","0","0","0","0","0","-4.17","-3.75","0","-0.08","0","16.99","Released","7 May 2026 22:11:34 UTC"
"28 Apr 2026 10:38:10 UTC","26948042122","Order","026-0426507-2149933","PS-002-UK-FBM","VIVOSUN 1-Pack Garden Pruner 17cm Plant Shears with Ergonomic Handles, Tree Pruner with Straight Blades and Titanium Non-Stick Coating, Rose Shears, B","1","amazon.co.uk","Seller","LONDON","","SW8 3","MarketplaceFacilitator","7.49","1.50","0","0","0","0","0","0","-1.50","-1.17","0","-0.02","0","6.30","Released","7 May 2026 20:13:48 UTC"
"28 Apr 2026 11:43:39 UTC","26948042122","Order","203-9394800-2193158","330101CNJ-UK-FBM","VIVOSUN Seedling Heat Mat with Digital Thermostat 10""X20.75"", UL & MET Certified, Fast Heating, Waterproof Propagation Warming Mat for Germination, Ho","1","amazon.co.uk","Seller","TONBRIDGE","","TN10 3","MarketplaceFacilitator","19.99","4.00","0","0","0","0","0","0","-4.00","-3.60","0","-0.07","0","16.32","Released","6 May 2026 20:14:02 UTC"
"28 Apr 2026 12:07:11 UTC","26948042122","Order","204-9175888-2033147","VSGB-25-UK-FBM","VIVOSUN Grow Bags 5-Pack 95L, 500G Thick Nonwoven Fabric Pots with Strap Handles, Multi-Purpose Rings, for Low Stress Plant Training Fruits, Vegetable","1","amazon.co.uk","Seller","WATERLOOVILLE","","PO7 5","MarketplaceFacilitator","29.99","6.00","0","0","0","0","0","0","-6.00","-5.40","0","-0.11","0","24.48","Released","6 May 2026 22:13:02 UTC"
"28 Apr 2026 12:17:27 UTC","26948042122","Refund","206-7783269-6001127","311001-3x5-UK-N","VIVOSUN Grow Bags 5 Pack 12L, Heavy Duty Thickened Nonwoven Fabric Pots with Strong Handles for Vegetables, Flowers, Fruits, Greenhouse and Garden","1","amazon.co.uk","Amazon","Norwich","","NR15 2","MarketplaceFacilitator","-11.32","-2.27","0","0","0","0","0","0","2.27","1.63","0","0.04","0","-9.65","Released","4 May 2026 21:52:29 UTC"
"28 Apr 2026 13:38:13 UTC","26948042122","Order","204-0631306-1737136","305140-PEN-UK","VIVOSUN Digital pH and TDS Meter Kits, 0.01pH High Accuracy Pen Type pH Meter ± 2% Readout Accuracy 3-in-1 TDS EC Temperature Meter for Hydroponics,","1","amazon.co.uk","Seller","SMETHWICK","England","B67 6","MarketplaceFacilitator","13.19","2.64","0","0","0","0","0","0","-2.64","-2.37","0","-0.05","0","10.77","Released","7 May 2026 21:17:43 UTC"
"28 Apr 2026 13:44:00 UTC","26863601142","Order","203-7578499-2185920","305130-PEN-UK-FBM","VIVOSUN Digital pH and TDS Meter Kits, 0.01pH High Accuracy Pen Type pH Meter ± 2% Readout Accuracy 3-in-1 TDS EC Temperature Meter for Hydroponics,","1","amazon.co.uk","Seller","Southend-On-Sea","","SS2 4","MarketplaceFacilitator","15.99","0","0","0","0","0","0","0","0","-2.40","0","-0.05","0","13.54","Deferred",
"28 Apr 2026 14:20:33 UTC","26948042122","Order","204-6807458-8913104","TN-44-UK-FBM","VIVOSUN Garden Netting 120 x 120 cm, Elastic Trellis Net with 4 Hooks for Climbing Plants Vegetables Fruits and Flowers","1","amazon.co.uk","Seller","TILEHURST","","RG31 6","MarketplaceFacilitator","12.74","2.55","0","0","0","0","0","0","-2.55","-2.29","0","-0.05","0","10.40","Released","7 May 2026 22:08:37 UTC"
"28 Apr 2026 15:42:36 UTC","26948042122","Order","206-3606896-2493143","311003-5-UK","VIVOSUN Gardening Scissors 6.5 Inch Hand Pruner Shear with Titanium Coated Blades, Pruning Shear for Plants, Flowers, Hedges 1-Pack Blue","1","amazon.co.uk","Amazon","POOLE","Dorset","BH13 6","MarketplaceFacilitator","4.01","0.80","0","0","0","0","0","0","-0.80","-0.72","-1.70","-0.04","0","1.55","Released","6 May 2026 11:27:51 UTC"
"28 Apr 2026 16:02:45 UTC","26948042122","Order","204-6017815-1855554","311001-3x5-UK-N","VIVOSUN Grow Bags 5 Pack 12L, Heavy Duty Thickened Nonwoven Fabric Pots with Strong Handles for Vegetables, Flowers, Fruits, Greenhouse and Garden","1","amazon.co.uk","Amazon","STIRLING","","FK7 9","MarketplaceFacilitator","11.32","2.27","0","0","0","0","0","0","-2.27","-2.04","-3.20","-0.10","0","5.98","Released","6 May 2026 16:52:20 UTC"
"28 Apr 2026 16:37:15 UTC","26948042122","Order","202-4271602-4530707","TN-44-UK-FBM","VIVOSUN Garden Netting 120 x 120 cm, Elastic Trellis Net with 4 Hooks for Climbing Plants Vegetables Fruits and Flowers","2","amazon.co.uk","Seller","LONDON","","N11 3","MarketplaceFacilitator","25.48","5.10","0","0","0","0","0","0","-5.10","-4.58","0","-0.09","0","20.81","Released","8 May 2026 10:52:05 UTC"
"28 Apr 2026 16:58:49 UTC","26948042122","Order","202-2056258-3548301","333101-G2J-UK-FBM","VIVOSUN Grow Room Glasses, LED Safety Goggles for Indoor Grow Tents and Hydroponics with UVA&UVB Protect, Incl. Glasses Case, 2-Pack","1","amazon.co.uk","Seller","CURRIE","","EH14 5","MarketplaceFacilitator","16.42","3.29","0","0","0","0","0","0","-3.29","-2.96","0","-0.06","0","13.40","Released","8 May 2026 20:27:54 UTC"
"28 Apr 2026 17:17:00 UTC","26948042122","Order","205-4819197-2196348","VSF-AWD4Wx2-UK-FBM","VIVOSUN AeroWave D4, 4"" Grow Tent Clip Fan with Detachable Hook, 3-Speed Strong & Quiet Airflow, Adjustable Airflow Angle for Hydroponics, Circulation","1","amazon.co.uk","Seller","GOSPORT","","PO12 4","MarketplaceFacilitator","29.16","5.83","0","0","0","0","0","0","-5.83","-5.25","0","-0.11","0","23.80","Released","7 May 2026 10:56:11 UTC"
"28 Apr 2026 17:23:08 UTC","26948042122","Order","202-7700997-0920308","GH-E25-UK-FBM","VIVOSUN GrowHub Controller E25 for Grow Tent Cooling Ventilation Lighting, Supports Smart Grow System Devices, Expansion Port for E42/E42A WiFi & App","1","amazon.co.uk","Seller","LONDON","","NW9 0","MarketplaceFacilitator","17.32","3.47","0","0","0","0","0","0","-3.47","-3.12","0","-0.06","0","14.14","Released","7 May 2026 23:52:29 UTC"
"28 Apr 2026 18:48:39 UTC","26948042122","Order","202-1283156-4762763","330101CNJ-UK-FBM","VIVOSUN Seedling Heat Mat with Digital Thermostat 10""X20.75"", UL & MET Certified, Fast Heating, Waterproof Propagation Warming Mat for Germination, Ho","1","amazon.co.uk","Seller","STANLEY","","DH9 6","MarketplaceFacilitator","19.99","4.00","0","0","0","0","0","0","-4.00","-3.60","0","-0.07","0","16.32","Released","7 May 2026 11:23:27 UTC"
"28 Apr 2026 19:02:20 UTC","26948042122","Order","203-9934068-4392362","VSF-AWD4x2-UK-M","VIVOSUN AeroWave D4, 4"" Grow Tent Clip Fan with Detachable Hook, 3-Speed Strong & Quiet Airflow, Adjustable Airflow Angle for Hydroponics, Circulation","1","amazon.co.uk","Seller","SLOUGH","","SL2 1","MarketplaceFacilitator","29.99","6.00","0","0","0","0","0","0","-6.00","-5.40","0","-0.11","0","24.48","Released","7 May 2026 23:11:27 UTC"
"28 Apr 2026 19:15:18 UTC","26948042122","Order","026-7853474-0076357","306143-0412-UK-N","VIVOSUN 4 Inch Air Carbon Filter Odor Control with Australia Virgin Charcoal for Inline Fan, Grow Tent Odor Scrubber Indoor Hydroponics, Pre-filter In","1","amazon.co.uk","Amazon","PONTEFRACT","W Yorkshire","WF8 2","MarketplaceFacilitator","26.82","5.37","0","0","0","0","0","0","-10.74","-9.66","-3.39","-0.26","0","8.14","Released","6 May 2026 16:30:46 UTC"
"28 Apr 2026 19:15:18 UTC","26948042122","Order","026-7853474-0076357","306143-0412-UK-N","VIVOSUN 4 Inch Air Carbon Filter Odor Control with Australia Virgin Charcoal for Inline Fan, Grow Tent Odor Scrubber Indoor Hydroponics, Pre-filter In","1","amazon.co.uk","Amazon","PONTEFRACT","W Yorkshire","WF8 2","","26.82","5.37","0","0","0","0","0","0","0","0","-3.39","-0.07","0","28.73","Released","6 May 2026 16:30:46 UTC"
"28 Apr 2026 19:32:14 UTC","26948042122","Order","204-5346764-2121160","332022-2-UK","VIVOSUN 2-Pack 30X 60X Illuminated Jewelers Loupe Foldable Magnifier with LED Light for Jewelry Gems Watches Coins Stamps Antiques Black","1","amazon.co.uk","Amazon","LONDON","","E17 7","MarketplaceFacilitator","7.78","1.56","0","0","0","0","0","0","-1.56","-1.40","-2.74","-0.08","0","3.56","Released","6 May 2026 16:22:29 UTC"
"28 Apr 2026 20:31:05 UTC","26948042122","Order","026-1937949-1805958","306101S-4-UK","VIVOSUN Inline Duct Fan 4 Inch 203 CFM with Variable Speed Control for Grow Tent, Ventilation, Plant Tent, Indoor, Garden, Ventilation Fan, Z4 Pipe Fa","1","amazon.co.uk","Amazon","RUISLIP","","HA4 6","MarketplaceFacilitator","27.42","5.48","0","0","0","0","0","0","-5.48","-4.94","-3.36","-0.17","0","18.95","Released","6 May 2026 18:43:25 UTC"
"28 Apr 2026 21:10:23 UTC","26948042122","Order","203-9672830-3813914","311003-5-UK","VIVOSUN Gardening Scissors 6.5 Inch Hand Pruner Shear with Titanium Coated Blades, Pruning Shear for Plants, Flowers, Hedges 1-Pack Blue","1","amazon.co.uk","Amazon","HALIFAX","","HX3 0","MarketplaceFacilitator","4.01","0.80","0","0","0","0","0","0","-0.80","-0.72","-1.70","-0.04","0","1.55","Released","6 May 2026 18:30:06 UTC"
"28 Apr 2026 22:19:49 UTC","26948042122","Order","203-0088063-4451508","330101CNJ-UK-FBM","VIVOSUN Seedling Heat Mat with Digital Thermostat 10""X20.75"", UL & MET Certified, Fast Heating, Waterproof Propagation Warming Mat for Germination, Ho","1","amazon.co.uk","Seller","DAGENHAM","","RM8 2","MarketplaceFacilitator","19.99","4.00","0","0","0","0","0","0","-4.00","-3.60","0","-0.07","0","16.32","Released","7 May 2026 12:40:06 UTC"
"28 Apr 2026 22:24:40 UTC","26948042122","Order","026-1785169-7946722","VSA100SE-E25-UK","VIVOSUN LED Grow Lamp 100 W Full Spectrum Plant Lamp with Integrated Circulation Fan Grow Light Compatible with App, AeroLight A100SE with GrowHub Con","1","amazon.co.uk","Amazon","COSTESSEY","Norfolk","NR8 5","MarketplaceFacilitator","72.91","14.58","3.74","0.75","0","0","-3.74","-0.75","-14.58","-13.12","-5.72","-0.37","0","53.70","Released","6 May 2026 23:54:00 UTC"
"28 Apr 2026 22:47:10 UTC","26948042122","Order","026-2163349-9253909","306143-0412-UK-N","VIVOSUN 4 Inch Air Carbon Filter Odor Control with Australia Virgin Charcoal for Inline Fan, Grow Tent Odor Scrubber Indoor Hydroponics, Pre-filter In","1","amazon.co.uk","Amazon","Old Windsor","Berkshire","SL4 2","MarketplaceFacilitator","26.82","5.37","0","0","0","0","0","0","-5.37","-4.83","-3.39","-0.17","0","18.43","Released","6 May 2026 19:03:31 UTC"
"28 Apr 2026 22:59:15 UTC","26948042122","Order","204-1928846-0477940","GT-Pole-UK-M","VIVOSUN Grow Tent High CFM Kit, Green Pole Range of 24""-48"", Suitable for 2'x2', 3'x3', 4'x2' and 4'x4'Grow Tent, 4-Pack","1","amazon.co.uk","Seller","COFTON HACKETT","","B45 8","MarketplaceFacilitator","26.66","5.33","0","0","0","0","0","0","-5.33","-4.80","0","-0.10","0","21.76","Released","7 May 2026 23:01:43 UTC"
"28 Apr 2026 23:13:58 UTC","26948042122","Order","204-7117040-2247569","311003-5-UK","VIVOSUN Gardening Scissors 6.5 Inch Hand Pruner Shear with Titanium Coated Blades, Pruning Shear for Plants, Flowers, Hedges 1-Pack Blue","1","amazon.co.uk","Amazon","LONDON","","E1 2","MarketplaceFacilitator","4.01","0.80","0","0","0","0","0","0","-0.80","-0.72","-1.70","-0.04","0","1.55","Released","6 May 2026 17:33:22 UTC"
"28 Apr 2026 23:33:42 UTC","26948042122","Order","205-8427809-8567505","332022-2-UK","VIVOSUN 2-Pack 30X 60X Illuminated Jewelers Loupe Foldable Magnifier with LED Light for Jewelry Gems Watches Coins Stamps Antiques Black","1","amazon.co.uk","Amazon","DUNMOW","","CM6 1","MarketplaceFacilitator","7.78","1.56","0","0","0","0","0","0","-1.56","-1.40","-2.74","-0.08","0","3.56","Released","6 May 2026 19:21:00 UTC"
"29 Apr 2026 00:34:50 UTC","26948042122","Order","204-8672662-4152310","311001-3x5-UK-N","VIVOSUN Grow Bags 5 Pack 12L, Heavy Duty Thickened Nonwoven Fabric Pots with Strong Handles for Vegetables, Flowers, Fruits, Greenhouse and Garden","1","amazon.co.uk","Amazon","DERBY","","DE24 3","MarketplaceFacilitator","11.32","2.27","0","0","0","0","0","0","-2.27","-2.04","-3.20","-0.10","0","5.98","Released","6 May 2026 16:20:46 UTC"
"29 Apr 2026 00:41:01 UTC","26948042122","Order","202-4806668-1424309","311003-5-UK","VIVOSUN Gardening Scissors 6.5 Inch Hand Pruner Shear with Titanium Coated Blades, Pruning Shear for Plants, Flowers, Hedges 1-Pack Blue","1","amazon.co.uk","Amazon","WIGAN","","WN6 0","MarketplaceFacilitator","4.01","0.80","0","0","0","0","0","0","-0.80","-0.72","-1.70","-0.04","0","1.55","Released","6 May 2026 21:43:32 UTC"
"29 Apr 2026 00:43:26 UTC","26948042122","Order","204-9553401-7115541","VSV-AZT4-UK","VIVOSUN AeroZesh T4 Inline Duct Fan 4inch/100 mm Extractor Fan 357 m³/h with E12 Speed Controller and Fully Programmable PWM-Controlled EC Quiet Vent","1","amazon.co.uk","Amazon","CROYDON","","CR0 0","MarketplaceFacilitator","54.99","11.00","0","0","0","0","0","0","-11.00","-9.90","-3.42","-0.27","0","41.40","Released","6 May 2026 22:01:14 UTC"
"29 Apr 2026 00:45:08 UTC","26948042122","Order","204-4404719-9201125","311003-5-UK","VIVOSUN Gardening Scissors 6.5 Inch Hand Pruner Shear with Titanium Coated Blades, Pruning Shear for Plants, Flowers, Hedges 1-Pack Blue","1","amazon.co.uk","Amazon","ROTHERFIELD","","TN6 3","MarketplaceFacilitator","4.01","0.80","0","0","0","0","0","0","-0.80","-0.72","-1.70","-0.04","0","1.55","Released","6 May 2026 16:28:48 UTC"
"29 Apr 2026 00:46:38 UTC","26948042122","Order","203-5300318-5504337","311001-3x5-UK-N","VIVOSUN Grow Bags 5 Pack 12L, Heavy Duty Thickened Nonwoven Fabric Pots with Strong Handles for Vegetables, Flowers, Fruits, Greenhouse and Garden","1","amazon.co.uk","Amazon","LONDON","","N7 6","MarketplaceFacilitator","11.32","2.27","0","0","0","0","0","0","-2.27","-2.04","-3.20","-0.10","0","5.98","Released","6 May 2026 18:39:46 UTC"
"29 Apr 2026 01:49:43 UTC","26948042122","Order","202-4746925-5415534","305132-PEN-UK","VIVOSUN TDS Tester 3-in-1 TDS EC & Temperature Meter Ultrahigh Accuracy Digital Water Quality TDS Tester, for Drinking Water, Gardening, Aquariums, Bl","1","amazon.co.uk","Amazon","TORQUAY","Devon","TQ1 3","MarketplaceFacilitator","5.30","1.06","0","0","0","0","0","0","-1.06","-0.95","-2.56","-0.07","0","1.72","Released","6 May 2026 19:19:55 UTC"
"29 Apr 2026 01:53:28 UTC","26948042122","Order","205-3989569-5541133","332022-2-UK","VIVOSUN 2-Pack 30X 60X Illuminated Jewelers Loupe Foldable Magnifier with LED Light for Jewelry Gems Watches Coins Stamps Antiques Black","1","amazon.co.uk","Amazon","FARNBOROUGH","HAMPSHIRE","GU14 9","MarketplaceFacilitator","7.78","1.56","4.16","0.83","0","0","0","0","-2.39","-1.40","-6.90","-0.16","0","3.48","Released","6 May 2026 17:46:19 UTC"
"29 Apr 2026 02:02:04 UTC","26948042122","Order","204-9708003-2533914","311003-5-UK","VIVOSUN Gardening Scissors 6.5 Inch Hand Pruner Shear with Titanium Coated Blades, Pruning Shear for Plants, Flowers, Hedges 1-Pack Blue","1","amazon.co.uk","Amazon","Kingston-upon-Thames","","KT2 5","MarketplaceFacilitator","4.01","0.80","0","0","0","0","0","0","-0.80","-0.72","-1.70","-0.04","0","1.55","Released","6 May 2026 20:44:41 UTC"
"29 Apr 2026 03:04:38 UTC","26948042122","Order","205-8402407-3240354","GT-Pole-UK-M","VIVOSUN Grow Tent High CFM Kit, Green Pole Range of 24""-48"", Suitable for 2'x2', 3'x3', 4'x2' and 4'x4'Grow Tent, 4-Pack","1","amazon.co.uk","Seller","SHEFFIELD","","S6 2","MarketplaceFacilitator","26.66","5.33","0","0","0","0","0","0","-5.33","-4.80","0","-0.10","0","21.76","Released","7 May 2026 21:55:49 UTC"
"29 Apr 2026 03:06:47 UTC","26948042122","Order","202-5677847-6380366","VSS-UCS-UK-FBM","VIVOSUN USB-C Splitter with 1 Male to 2 Female, 2-in-1 Type C Splitter, Daisy-Chain Adapter Dongle for GrowHub Controller E42A","1","amazon.co.uk","Seller","ALLOA","","FK10 1","MarketplaceFacilitator","14.99","3.00","0","0","0","0","0","0","-3.00","-2.70","0","-0.05","0","12.24","Released","6 May 2026 12:38:37 UTC"
"29 Apr 2026 03:10:40 UTC","26948042122","Order","206-9671005-5297163","311003-5-UK","VIVOSUN Gardening Scissors 6.5 Inch Hand Pruner Shear with Titanium Coated Blades, Pruning Shear for Plants, Flowers, Hedges 1-Pack Blue","1","amazon.co.uk","Amazon","BRISTOL","ENGLAND","BS6 6","MarketplaceFacilitator","4.01","0.80","0","0","0","0","0","0","-0.80","-0.72","-1.70","-0.04","0","1.55","Released","6 May 2026 16:53:48 UTC"
"29 Apr 2026 03:23:51 UTC","26948042122","Order","026-8492718-1164339","VSA100SE-E25-UK","VIVOSUN LED Grow Lamp 100 W Full Spectrum Plant Lamp with Integrated Circulation Fan Grow Light Compatible with App, AeroLight A100SE with GrowHub Con","1","amazon.co.uk","Amazon","WOLVERHAMPTON","","WV10 9","MarketplaceFacilitator","72.91","14.58","0","0","0","0","0","0","-14.58","-13.12","-5.72","-0.37","0","53.70","Released","6 May 2026 17:11:50 UTC"
"29 Apr 2026 04:12:56 UTC","26948042122","Order","205-4416533-4093101","311003-5-UK","VIVOSUN Gardening Scissors 6.5 Inch Hand Pruner Shear with Titanium Coated Blades, Pruning Shear for Plants, Flowers, Hedges 1-Pack Blue","1","amazon.co.uk","Amazon","Dublin 24","Dublin","","MarketplaceFacilitator","4.01","0.92","0","0","0","0","0","0","-0.92","-0.72","-1.70","-0.04","0","1.55","Released","7 May 2026 17:21:14 UTC"
"29 Apr 2026 04:38:07 UTC","26948042122","Order","204-1603415-5416308","305131-PEN-UK-M","VIVOSUN Digital pH Meter, 0.01pH High Accuracy Pen Type pH Tester for Hydroponics, Household Drinking, Pool and Aquarium, UL Certified","1","amazon.co.uk","Seller","London","","SE23 2","MarketplaceFacilitator","6.63","1.33","0","0","0","0","0","0","-1.33","-1.19","0","-0.02","0","5.42","Released","7 May 2026 18:26:35 UTC"
"29 Apr 2026 08:22:58 UTC","26948042122","Liquidations","149948039924552","X0022P84ZR","VIVOSUN LED Grow Lamp 150 W Full Spectrum Plant Lamp with Integrated Circulation Fan Grow Light Compatible with App, AeroLight A150SE with GrowHub Controller E25 for 120 x 60 cm Grow Tent","1","","","","","","","8.79","1.76","0","0","0","0","0","0","0","0","0","-5.64","0","4.91","Deferred",
"29 Apr 2026 09:28:26 UTC","26948042122","Refund","205-0052711-8702710","330701-01-UK","VIVOSUN Garden Netting 5 x 15ft. Plant Trellis Netting, Heavy-Duty Polyester Grow Net, Garden Trellis Netting with Square Mesh for Climbing Plants, Ve","1","amazon.co.uk","Amazon","BRISTOL","","BS5 0","MarketplaceFacilitator","0","0","-4.16","-0.83","0","0","0","0","0.83","0","4.16","0.08","0","0.08","Released","4 May 2026 20:01:47 UTC"
"29 Apr 2026 10:18:56 UTC","26948042122","Order","206-8294689-7546761","VSF-AWE6-UK-FBM","VIVOSUN AeroWave E6 6-Inch Clip-on Fan, Patented Portable Indoor Fan with Clip, Strong Airflow but Low Noise, 10 Speeds & 2 Modes IP-54, and Fully-Adj","1","amazon.co.uk","Seller","London","London","SE2 0","MarketplaceFacilitator","29.57","5.92","0","0","0","0","0","0","-5.92","-5.32","0","-0.11","0","24.14","Released","7 May 2026 10:37:15 UTC"
"29 Apr 2026 11:13:34 UTC","26948042122","Order","204-8996238-9885163","VS-THB1S-UK-FBM","VIVOSUN AeroLab THB1S Wireless Bluetooth Hygrometer Thermometer Indoor, VPD, Digital Temp Humidity Meter, LCD Smart App Control & Alert, Data Storage,","1","amazon.co.uk","Seller","WATERLOOVILLE","Hants","PO7 5","MarketplaceFacilitator","20.82","4.17","0","0","0","0","0","0","-4.17","-3.25","0","-0.07","0","17.50","Released","7 May 2026 12:26:28 UTC"
"29 Apr 2026 12:19:39 UTC","26948042122","Order","026-2505562-3917918","305130-PEN-UK-FBM","VIVOSUN Digital pH and TDS Meter Kits, 0.01pH High Accuracy Pen Type pH Meter ± 2% Readout Accuracy 3-in-1 TDS EC Temperature Meter for Hydroponics,","1","amazon.co.uk","Seller","WREXHAM","","LL13 7","MarketplaceFacilitator","15.99","0","0","0","0","0","0","0","0","-2.40","0","-0.05","0","13.54","Released","7 May 2026 09:52:11 UTC"
"29 Apr 2026 12:39:02 UTC","26948042122","Order","204-2676521-8804354","311003-5-UK","VIVOSUN Gardening Scissors 6.5 Inch Hand Pruner Shear with Titanium Coated Blades, Pruning Shear for Plants, Flowers, Hedges 1-Pack Blue","1","amazon.co.uk","Amazon","Nottingham","","NG15","MarketplaceFacilitator","4.01","0.80","0.42","0.08","0","0","0","0","-0.88","-0.72","-2.12","-0.05","0","1.54","Released","6 May 2026 22:53:30 UTC"
"29 Apr 2026 12:45:04 UTC","26948042122","Order","203-2301235-2213935","311003-5-UK","VIVOSUN Gardening Scissors 6.5 Inch Hand Pruner Shear with Titanium Coated Blades, Pruning Shear for Plants, Flowers, Hedges 1-Pack Blue","1","amazon.co.uk","Amazon","YORK","","YO30 6","MarketplaceFacilitator","4.01","0.80","0","0","0","0","0","0","-0.80","-0.72","-1.70","-0.04","0","1.55","Released","7 May 2026 18:01:08 UTC"
"29 Apr 2026 13:25:26 UTC","26948042122","Order","203-4688836-1657968","305131-PEN-UK-M","VIVOSUN Digital pH Meter, 0.01pH High Accuracy Pen Type pH Tester for Hydroponics, Household Drinking, Pool and Aquarium, UL Certified","1","amazon.co.uk","Seller","South Shields","","NE33 3","MarketplaceFacilitator","6.63","1.33","0","0","0","0","0","0","-1.33","-1.19","0","-0.02","0","5.42","Released","8 May 2026 16:59:51 UTC"
"29 Apr 2026 13:58:07 UTC","26948042122","Order","203-7874712-6697920","VSF-AWE6-UK-FBM","VIVOSUN AeroWave E6 6-Inch Clip-on Fan, Patented Portable Indoor Fan with Clip, Strong Airflow but Low Noise, 10 Speeds & 2 Modes IP-54, and Fully-Adj","1","amazon.co.uk","Seller","LONDON","","W12 7","MarketplaceFacilitator","29.57","5.92","0","0","0","0","0","0","-5.92","-5.32","0","-0.11","0","24.14","Released","8 May 2026 21:21:27 UTC"
"29 Apr 2026 15:38:22 UTC","26948042122","Order","204-7069621-5187562","330701-01-UK","VIVOSUN Garden Netting 5 x 15ft. Plant Trellis Netting, Heavy-Duty Polyester Grow Net, Garden Trellis Netting with Square Mesh for Climbing Plants, Ve","1","amazon.co.uk","Amazon","EDINBURGH","Midlothian","EH10 7","MarketplaceFacilitator","7.49","1.50","0","0","0","0","0","0","-1.50","-1.35","-1.70","-0.06","0","4.38","Released","7 May 2026 21:24:53 UTC"
"29 Apr 2026 15:46:24 UTC","26948042122","Order","202-9190233-7902766","311003-5-UK","VIVOSUN Gardening Scissors 6.5 Inch Hand Pruner Shear with Titanium Coated Blades, Pruning Shear for Plants, Flowers, Hedges 1-Pack Blue","1","amazon.co.uk","Amazon","BECKENHAM","","BR3 5","MarketplaceFacilitator","4.01","0.80","1.66","0.33","0","0","0","0","-1.13","-0.72","-3.36","-0.07","0","1.52","Released","6 May 2026 19:47:33 UTC"
"29 Apr 2026 15:56:52 UTC","26948042122","Order","204-1455612-9200337","311003-5-UK","VIVOSUN Gardening Scissors 6.5 Inch Hand Pruner Shear with Titanium Coated Blades, Pruning Shear for Plants, Flowers, Hedges 1-Pack Blue","1","amazon.co.uk","Amazon","TWICKENHAM","","TW1 1","MarketplaceFacilitator","4.01","0.80","0","0","0","0","0","0","-0.80","-0.72","-1.70","-0.04","0","1.55","Released","7 May 2026 21:03:59 UTC"
"29 Apr 2026 16:41:34 UTC","26948042122","Refund","203-7290564-5501964","VSGB-5-UK-FBM","VIVOSUN Grow Bags 5-Pack 20L, 500G Thick Nonwoven Fabric Pots with Strap Handles, Multi-Purpose Rings, for Low Stress Plant Training Fruits, Vegetable","1","amazon.co.uk","Seller","BRIDGEND","","CF31 4","MarketplaceFacilitator","-13.55","-2.71","0","0","0","0","0","0","2.71","1.95","0","0.05","0","-11.55","Released","6 May 2026 22:40:40 UTC"
"29 Apr 2026 17:07:59 UTC","26948042122","Order","026-9223393-5112350","VSGB-5-UK-FBM","VIVOSUN Grow Bags 5-Pack 20L, 500G Thick Nonwoven Fabric Pots with Strap Handles, Multi-Purpose Rings, for Low Stress Plant Training Fruits, Vegetable","1","amazon.co.uk","Seller","Bedford","Bedfordshire","MK41 7","MarketplaceFacilitator","15.82","3.17","0","0","0","0","0","0","-3.17","-2.85","0","-0.06","0","12.91","Released","8 May 2026 22:22:30 UTC"
"29 Apr 2026 17:17:18 UTC","26948042122","Order","026-6600147-3738749","330701-01-UK","VIVOSUN Garden Netting 5 x 15ft. Plant Trellis Netting, Heavy-Duty Polyester Grow Net, Garden Trellis Netting with Square Mesh for Climbing Plants, Ve","1","amazon.co.uk","Amazon","MORPETH","","NE61 5","MarketplaceFacilitator","7.49","1.50","0","0","0","0","0","0","-1.50","-1.35","-1.70","-0.06","0","4.38","Released","7 May 2026 20:51:26 UTC"
"29 Apr 2026 18:22:46 UTC","26948042122","Order","203-8793119-4930735","VSGB-25-UK-FBM","VIVOSUN Grow Bags 5-Pack 95L, 500G Thick Nonwoven Fabric Pots with Strap Handles, Multi-Purpose Rings, for Low Stress Plant Training Fruits, Vegetable","1","amazon.co.uk","Seller","SOMERTON","","OX25 6","MarketplaceFacilitator","29.99","6.00","0","0","0","0","0","0","-6.00","-5.40","0","-0.11","0","24.48","Released","9 May 2026 16:52:30 UTC"
"29 Apr 2026 18:34:20 UTC","26948042122","Order","205-8916563-3529923","305131-PEN-UK-M","VIVOSUN Digital pH Meter, 0.01pH High Accuracy Pen Type pH Tester for Hydroponics, Household Drinking, Pool and Aquarium, UL Certified","1","amazon.co.uk","Seller","LONDON","","NW3 2","MarketplaceFacilitator","6.63","1.33","0","0","0","0","0","0","-1.33","-1.19","0","-0.02","0","5.42","Released","8 May 2026 18:29:54 UTC"
"29 Apr 2026 18:43:43 UTC","26948042122","Order","026-5857493-5269119","311001-10x5-UK-FBM","VIVOSUN Plant Grow Bags 5 Pack 40L, Heavy Duty Thickened Nonwoven Fabric Pots with Strong Handles, Reusable Breathable Garden Growing Containers for V","1","amazon.co.uk","Seller","GRAVESEND","","DA11 9","MarketplaceFacilitator","18.32","3.67","0","0","0","0","0","0","-3.67","-3.30","0","-0.07","0","14.95","Released","8 May 2026 12:37:23 UTC"
"29 Apr 2026 19:12:01 UTC","26948042122","Transfer","","","To account ending with: 946","","","","","","","","0","0","0","0","0","0","0","0","0","0","0","0","-13,095.13","-13,095.13","Released","29 Apr 2026 19:12:01 UTC"
"29 Apr 2026 19:18:16 UTC","26948042122","Order","203-9944067-7786764","VSGB-5-UK-FBM","VIVOSUN Grow Bags 5-Pack 20L, 500G Thick Nonwoven Fabric Pots with Strap Handles, Multi-Purpose Rings, for Low Stress Plant Training Fruits, Vegetable","1","amazon.co.uk","Seller","COALVILLE","","LE67 5","MarketplaceFacilitator","15.82","3.17","0","0","0","0","0","0","-3.17","-2.85","0","-0.06","0","12.91","Released","8 May 2026 12:25:58 UTC"
"29 Apr 2026 19:28:12 UTC","26948042122","Order","026-7751421-4469920","VSF-AWE6G-UK-FBM","VIVOSUN Grow Fan with Clip, 15 cm/6 Inch Grow Tent Fan, 10 Speeds Smart App Control, IP54 with Automatic Oscillation AeroWave E6 for Grow Tent, Green","1","amazon.co.uk","Seller","LOCHGELLY","Fife","KY5 8","MarketplaceFacilitator","24.99","5.00","0","0","0","0","0","0","-5.00","-4.50","0","-0.09","0","20.40","Released","8 May 2026 14:17:57 UTC"
"29 Apr 2026 20:34:49 UTC","26948042122","Order","202-8733581-5046702","311001-3x5-UK-N","VIVOSUN Grow Bags 5 Pack 12L, Heavy Duty Thickened Nonwoven Fabric Pots with Strong Handles for Vegetables, Flowers, Fruits, Greenhouse and Garden","1","amazon.co.uk","Amazon","LOWESTOFT","Suffolk","NR33 8","MarketplaceFacilitator","11.32","2.27","0","0","0","0","0","0","-2.27","-2.04","-3.20","-0.10","0","5.98","Released","7 May 2026 17:28:22 UTC"
"29 Apr 2026 21:31:50 UTC","26948042122","Order","204-1628906-9989134","305130-PEN-UK-FBM","VIVOSUN Digital pH and TDS Meter Kits, 0.01pH High Accuracy Pen Type pH Meter ± 2% Readout Accuracy 3-in-1 TDS EC Temperature Meter for Hydroponics,","1","amazon.co.uk","Seller","SEVENOAKS","Kent","TN14 5","MarketplaceFacilitator","13.32","2.67","0","0","0","0","0","0","-2.67","-2.40","0","-0.05","0","10.87","Released","8 May 2026 16:19:10 UTC"
"29 Apr 2026 21:36:38 UTC","26948042122","Order","203-6142225-6433157","311003-5-UK","VIVOSUN Gardening Scissors 6.5 Inch Hand Pruner Shear with Titanium Coated Blades, Pruning Shear for Plants, Flowers, Hedges 1-Pack Blue","1","amazon.co.uk","Amazon","LONDON","","NW2 6","MarketplaceFacilitator","4.01","0.80","0","0","0","0","0","0","-0.80","-0.72","-1.70","-0.04","0","1.55","Released","7 May 2026 20:12:22 UTC"
"29 Apr 2026 21:37:47 UTC","26948042122","Order","026-0583821-1558706","311001-3x5-UK-N","VIVOSUN Grow Bags 5 Pack 12L, Heavy Duty Thickened Nonwoven Fabric Pots with Strong Handles for Vegetables, Flowers, Fruits, Greenhouse and Garden","1","amazon.co.uk","Amazon","LONDON","","E1 8","MarketplaceFacilitator","11.32","2.27","0","0","0","0","0","0","-2.27","-2.04","-3.20","-0.10","0","5.98","Released","7 May 2026 22:06:39 UTC"
"29 Apr 2026 22:12:04 UTC","26948042122","Order","203-4102810-6516306","TN-33-UK","VIVOSUN Garden Netting 90 x 90 cm Elastic Trellis Net with 4 Hooks Trellis Net for Climbing Plants Vegetables Fruits and Flowers","1","amazon.co.uk","Amazon","LONDON","","W12 7","MarketplaceFacilitator","14.16","2.83","0","0","0","0","0","0","-2.83","-2.55","-2.46","-0.10","0","9.05","Released","7 May 2026 20:30:31 UTC"
"29 Apr 2026 23:15:03 UTC","26948042122","Order","206-8352161-5239512","311003-5-UK","VIVOSUN Gardening Scissors 6.5 Inch Hand Pruner Shear with Titanium Coated Blades, Pruning Shear for Plants, Flowers, Hedges 1-Pack Blue","1","amazon.co.uk","Amazon","Windlestone","","DL17 0","MarketplaceFacilitator","4.01","0.80","0","0","0","0","0","0","-0.80","-0.72","-1.70","-0.04","0","1.55","Released","7 May 2026 21:06:03 UTC"
"30 Apr 2026 00:01:35 UTC","26948042122","Order","202-0279739-5548334","311003-5-UK","VIVOSUN Gardening Scissors 6.5 Inch Hand Pruner Shear with Titanium Coated Blades, Pruning Shear for Plants, Flowers, Hedges 1-Pack Blue","1","amazon.co.uk","Amazon","NORTHAMPTON","","NN7 2","MarketplaceFacilitator","4.01","0.80","0","0","0","0","0","0","-0.80","-0.72","-1.70","-0.04","0","1.55","Released","7 May 2026 19:27:31 UTC"
"30 Apr 2026 00:08:52 UTC","26948042122","Order","203-8655701-5827504","TN-22-UK","VIVOSUN Garden Netting 60 x 60 cm, Elastic Trellis Net with 4 Hooks Trellis Net for Climbing Plants Vegetables Fruits and Flowers","1","amazon.co.uk","Amazon","South Shields","","NE33 3","MarketplaceFacilitator","6.24","1.25","0","0","0","0","0","0","-1.25","-1.12","-2.46","-0.07","0","2.59","Released","7 May 2026 16:37:19 UTC"
"30 Apr 2026 00:29:27 UTC","26948042122","Order","205-0229339-8345958","306143-0412-UK-N","VIVOSUN 4 Inch Air Carbon Filter Odor Control with Australia Virgin Charcoal for Inline Fan, Grow Tent Odor Scrubber Indoor Hydroponics, Pre-filter In","1","amazon.co.uk","Amazon","hereford","herefordshire","HR4 0","MarketplaceFacilitator","26.82","5.37","0","0","0","0","0","0","-5.37","-4.83","-3.39","-0.17","0","18.43","Released","7 May 2026 23:35:50 UTC"
"30 Apr 2026 00:49:06 UTC","26948042122","Order","026-1328519-3891536","306143-0412-UK-N","VIVOSUN 4 Inch Air Carbon Filter Odor Control with Australia Virgin Charcoal for Inline Fan, Grow Tent Odor Scrubber Indoor Hydroponics, Pre-filter In","1","amazon.co.uk","Amazon","SWADLINCOTE","","DE12 6","MarketplaceFacilitator","26.82","5.37","0","0","0","0","0","0","-5.37","-4.83","-3.39","-0.17","0","18.43","Released","7 May 2026 16:35:43 UTC"
"30 Apr 2026 02:36:50 UTC","26948042122","Order","206-2097225-4745961","311003-5-UK","VIVOSUN Gardening Scissors 6.5 Inch Hand Pruner Shear with Titanium Coated Blades, Pruning Shear for Plants, Flowers, Hedges 1-Pack Blue","1","amazon.co.uk","Amazon","CHESTERFIELD","Derbyshire","S43 3","MarketplaceFacilitator","4.01","0.80","0.28","0.06","0","0","-0.28","-0.06","-0.80","-0.72","-1.70","-0.04","0","1.55","Released","7 May 2026 22:36:19 UTC"
"30 Apr 2026 03:04:33 UTC","26948042122","Order","202-6277428-6181935","VSH-IS02-UK","VIVOSUN Professional Automatic Drip Irrigation Kits, 15W Output, All in One Professional Grow Kit- Includes Pump, Timer and Regulator, 8 Drip Emitters","1","amazon.co.uk","Amazon","SCUNTHORPE","","DN17 3","MarketplaceFacilitator","42.49","8.50","0","0","0","0","0","0","-8.50","-7.65","-3.20","-0.21","0","31.43","Released","7 May 2026 12:46:20 UTC"
"30 Apr 2026 03:07:25 UTC","26948042122","Order","204-6657983-3230752","311001-3x5-UK-N","VIVOSUN Grow Bags 5 Pack 12L, Heavy Duty Thickened Nonwoven Fabric Pots with Strong Handles for Vegetables, Flowers, Fruits, Greenhouse and Garden","1","amazon.co.uk","Amazon","Wrexham","","LL11 5","MarketplaceFacilitator","11.32","2.27","0","0","0","0","0","0","-2.27","-2.04","-3.20","-0.10","0","5.98","Released","7 May 2026 22:13:15 UTC"
"30 Apr 2026 03:14:19 UTC","26948042122","Order","205-4908124-6828359","306101S-8-UK","VIVOSUN Inline Duct Fan 8 Inch 740 CFM with Variable Speed Control for Grow Tent, Ventilation, Plant Tent, Indoor, Garden, Ventilation Fan, Z8 Pipe Fa","1","amazon.co.uk","Amazon","STOURPORT-ON-SEVERN","","DY13 0","MarketplaceFacilitator","39.85","7.97","0","0","0","0","0","0","-7.97","-7.17","-5.48","-0.25","0","26.95","Released","7 May 2026 18:35:20 UTC"
"30 Apr 2026 03:23:48 UTC","26948042122","Order","026-4724431-4019546","311003-5-UK","VIVOSUN Gardening Scissors 6.5 Inch Hand Pruner Shear with Titanium Coated Blades, Pruning Shear for Plants, Flowers, Hedges 1-Pack Blue","1","amazon.co.uk","Amazon","LONDON","","SE1 2","MarketplaceFacilitator","4.01","0.80","0","0","0","0","0","0","-0.80","-0.72","-1.70","-0.04","0","1.55","Released","7 May 2026 23:23:59 UTC"
"30 Apr 2026 03:29:10 UTC","26948042122","Order","026-3335658-8882743","311003-5X2NJ-UK","VIVOSUN Pack of 2 Secateurs 17 cm Plant Shears with Ergonomic Handles Loppers with Curved Blades and Titanium Non-Stick Coating Rose Shears Blue","1","amazon.co.uk","Amazon","HOLYHEAD","Gwynedd","LL65 2","MarketplaceFacilitator","6.08","1.22","0","0","0","0","0","0","-1.22","-1.10","-2.46","-0.07","0","2.45","Released","7 May 2026 20:14:33 UTC"
"30 Apr 2026 03:38:31 UTC","26948042122","Order","206-4229837-1180368","311003-5-UK","VIVOSUN Gardening Scissors 6.5 Inch Hand Pruner Shear with Titanium Coated Blades, Pruning Shear for Plants, Flowers, Hedges 1-Pack Blue","1","amazon.co.uk","Amazon","Bourne","","PE10 0","MarketplaceFacilitator","4.01","0.80","0","0","0","0","0","0","-0.80","-0.72","-1.70","-0.04","0","1.55","Released","7 May 2026 22:37:48 UTC"
"30 Apr 2026 03:42:36 UTC","26948042122","Order","205-7320760-7244366","311003-5-UK","VIVOSUN Gardening Scissors 6.5 Inch Hand Pruner Shear with Titanium Coated Blades, Pruning Shear for Plants, Flowers, Hedges 1-Pack Blue","1","amazon.co.uk","Amazon","BIRMINGHAM","","B36 8","MarketplaceFacilitator","4.01","0.80","0","0","0","0","0","0","-0.80","-0.72","-1.70","-0.04","0","1.55","Released","7 May 2026 19:56:49 UTC"
"30 Apr 2026 03:47:04 UTC","26948042122","Order","206-0352426-6906756","VSV-AZT4-UK","VIVOSUN AeroZesh T4 Inline Duct Fan 4inch/100 mm Extractor Fan 357 m³/h with E12 Speed Controller and Fully Programmable PWM-Controlled EC Quiet Vent","1","amazon.co.uk","Amazon","THETFORD","","IP25 7","MarketplaceFacilitator","54.99","11.00","0","0","0","0","0","0","-11.00","-9.90","-3.42","-0.27","0","41.40","Released","7 May 2026 21:24:19 UTC"
"30 Apr 2026 04:45:52 UTC","26948042122","Order","026-9657870-6181130","332022-2-UK","VIVOSUN 2-Pack 30X 60X Illuminated Jewelers Loupe Foldable Magnifier with LED Light for Jewelry Gems Watches Coins Stamps Antiques Black","1","amazon.co.uk","Amazon","LOWER STOKE","","ME3 9","MarketplaceFacilitator","7.78","1.56","0","0","0","0","0","0","-1.56","-1.40","-2.74","-0.08","0","3.56","Released","7 May 2026 21:18:10 UTC"
"30 Apr 2026 04:48:49 UTC","26948042122","Refund","202-5160097-8106754","305132-PEN-UK","VIVOSUN TDS Tester 3-in-1 TDS EC & Temperature Meter Ultrahigh Accuracy Digital Water Quality TDS Tester, for Drinking Water, Gardening, Aquariums, Bl","1","amazon.co.uk","Amazon","Chelmsford","Essex","CM2 9","MarketplaceFacilitator","-8.32","-1.67","0","0","0","0","0","0","1.67","1.20","0","0.03","0","-7.09","Released","4 May 2026 20:58:08 UTC"
"30 Apr 2026 06:41:15 UTC","26948042122","Amazon Fees","3513aee5-8ba3-4c12-9d8d-b5c6ac58dae1","","Voucher performance-based fee","","Amazon.co.uk","","","","","","0","0","0","0","0","0","0","0","0","-0.52","0","0","0","-0.52","Released","30 Apr 2026 06:41:15 UTC"
"30 Apr 2026 07:06:16 UTC","26948042122","Amazon Fees","fcf9159f-a9ef-4977-81c6-d9be46e79581","","Voucher performance-based fee","","Amazon.co.uk","","","","","","0","0","0","0","0","0","0","0","0","-2.11","0","0","0","-2.11","Released","30 Apr 2026 07:06:16 UTC"
"30 Apr 2026 07:08:40 UTC","26948042122","Amazon Fees","fcf9159f-a9ef-4977-81c6-d9be46e79581","","Voucher participation fee","","Amazon.co.uk","","","","","","0","0","0","0","0","0","0","0","0","-2.00","0","0","0","-2.00","Released","30 Apr 2026 07:08:40 UTC"
"30 Apr 2026 07:23:13 UTC","26948042122","Order","203-3620770-2462732","GB0100-2J-UK","VIVOSUN Strawberry Planter Stackable Vertical Garden Pot 5 Tier, Indoor/Outdoor, Space-Saving Plant Pot for Strawberries, Flowers, Herbs, Vegetables,","1","amazon.co.uk","Seller","TONBRIDGE","Kent","TN11 0","MarketplaceFacilitator","74.99","15.00","0","0","0","0","0","0","-15.00","-13.50","0","-0.27","0","61.22","Released","9 May 2026 22:09:52 UTC"
"30 Apr 2026 07:28:14 UTC","26948042122","Amazon Fees","3513aee5-8ba3-4c12-9d8d-b5c6ac58dae1","","Voucher participation fee","","Amazon.co.uk","","","","","","0","0","0","0","0","0","0","0","0","-2.00","0","0","0","-2.00","Released","30 Apr 2026 07:28:14 UTC"
"30 Apr 2026 07:28:37 UTC","26948042122","Delivery Services","203-7290564-5501964","","ReturnPostageBilling","","","","","","","","0","0","0","0","0","0","0","0","0","0","0","0","-2.73","-2.73","Released","30 Apr 2026 07:28:37 UTC"
"30 Apr 2026 08:17:03 UTC","26948042122","Order","206-1815283-6952316","GT-Pole-UK-M","VIVOSUN Grow Tent High CFM Kit, Green Pole Range of 24""-48"", Suitable for 2'x2', 3'x3', 4'x2' and 4'x4'Grow Tent, 4-Pack","1","amazon.co.uk","Seller","RHYL","","LL18 1","MarketplaceFacilitator","26.66","5.33","0","0","0","0","0","0","-5.33","-4.80","0","-0.10","0","21.76","Released","8 May 2026 11:53:38 UTC"
"30 Apr 2026 09:25:52 UTC","26948042122","Order","204-7157929-3456316","305131-PEN-UK-M","VIVOSUN Digital pH Meter, 0.01pH High Accuracy Pen Type pH Tester for Hydroponics, Household Drinking, Pool and Aquarium, UL Certified","1","amazon.co.uk","Seller","ROTHERHAM","","S61 1","MarketplaceFacilitator","6.63","1.33","0","0","0","0","0","0","-1.33","-1.19","0","-0.02","0","5.42","Released","8 May 2026 20:41:41 UTC"
"30 Apr 2026 11:16:07 UTC","26948042122","Order","203-9160359-5097141","311001-10x5-UK-FBM","VIVOSUN Plant Grow Bags 5 Pack 40L, Heavy Duty Thickened Nonwoven Fabric Pots with Strong Handles, Reusable Breathable Garden Growing Containers for V","1","amazon.co.uk","Seller","BURTON-ON-TRENT","","DE15 9","MarketplaceFacilitator","18.32","3.67","0","0","0","0","0","0","-3.67","-3.30","0","-0.07","0","14.95","Released","8 May 2026 15:09:36 UTC"
"30 Apr 2026 11:59:45 UTC","26948042122","Refund","205-3431680-2850727","304113-P426-UK-FBM","VIVOSUN PRO Grow Tent 120x60x180CM (48""x24""x72""), with Thick 1 inch Poles, Strengthened High Reflective Mylar Oxford Fabric, Extra Hanging Bars & CFM","1","amazon.co.uk","Seller","EBBW VALE","","NP23 6","MarketplaceFacilitator","-124.99","-25.00","0","0","0","0","0","0","25.00","18.00","0","0.45","0","-106.54","Released","5 May 2026 22:48:13 UTC"
"30 Apr 2026 12:42:25 UTC","26948042122","Order","206-8985908-2849122","311001-10x5-UK-FBM","VIVOSUN Plant Grow Bags 5 Pack 40L, Heavy Duty Thickened Nonwoven Fabric Pots with Strong Handles, Reusable Breathable Garden Growing Containers for V","1","amazon.co.uk","Seller","NOTTINGHAM","","NG5 5","MarketplaceFacilitator","18.32","3.67","0","0","0","0","0","0","-3.67","-3.30","0","-0.07","0","14.95","Released","8 May 2026 13:00:01 UTC"
"30 Apr 2026 13:24:25 UTC","26948042122","Order","202-9709908-3233946","311003-5-UK","VIVOSUN Gardening Scissors 6.5 Inch Hand Pruner Shear with Titanium Coated Blades, Pruning Shear for Plants, Flowers, Hedges 1-Pack Blue","1","amazon.co.uk","Amazon","COLCHESTER","","CO3 8","MarketplaceFacilitator","4.01","0.80","0.55","0.11","0","0","-0.55","-0.11","-0.80","-0.72","-1.70","-0.04","0","1.55","Released","7 May 2026 19:12:23 UTC"
"30 Apr 2026 14:34:55 UTC","26948042122","Order","206-4032561-2605928","VSF-AWE6-UK-FBM","VIVOSUN AeroWave E6 6-Inch Clip-on Fan, Patented Portable Indoor Fan with Clip, Strong Airflow but Low Noise, 10 Speeds & 2 Modes IP-54, and Fully-Adj","1","amazon.co.uk","Seller","PRINCES RISBOROUGH","","HP27 0","MarketplaceFacilitator","29.57","5.92","0","0","0","0","0","0","-5.92","-5.32","0","-0.11","0","24.14","Released","9 May 2026 21:42:15 UTC"
"30 Apr 2026 15:19:34 UTC","26948042122","Order","204-2078981-2409121","VSE-UH075-UK-FBM","VIVOSUN AeroStream U075 USB Humidifier, 750ml Cool Mist Mini Humidifier with 2 Mist Modes, Auto Shut-Off, Smart Remote Control, Designed for Grow Tent","1","amazon.co.uk","Seller","SMETHWICK","England","B67 6","MarketplaceFacilitator","26.20","5.24","0","0","0","0","0","0","-5.24","-4.72","0","-0.09","0","21.39","Released","9 May 2026 20:26:02 UTC"
"30 Apr 2026 16:16:52 UTC","26948042122","Order","026-0799354-6585927","306143-0412-UK-N","VIVOSUN 4 Inch Air Carbon Filter Odor Control with Australia Virgin Charcoal for Inline Fan, Grow Tent Odor Scrubber Indoor Hydroponics, Pre-filter In","1","amazon.co.uk","Amazon","GOOLE","","DN14 8","MarketplaceFacilitator","26.82","5.37","0","0","0","0","0","0","-5.37","-4.83","-3.39","-0.17","0","18.43","Released","8 May 2026 17:54:10 UTC"
"30 Apr 2026 16:42:02 UTC","26948042122","Order","206-6036639-5714759","TN-44-UK-FBM","VIVOSUN Garden Netting 120 x 120 cm, Elastic Trellis Net with 4 Hooks for Climbing Plants Vegetables Fruits and Flowers","1","amazon.co.uk","Seller","Halstead","Essex","CO9 2","MarketplaceFacilitator","12.74","2.55","0","0","0","0","0","0","-2.55","-2.29","0","-0.05","0","10.40","Released","12 May 2026 13:11:47 UTC"
"30 Apr 2026 16:50:19 UTC","26948042122","Order","205-2930158-4697944","306104-62C-UK-FBM","VIVOSUN Non-Insulated Flex Air Aluminum Ducting, 2-Pack 6 Inch 25 Feet Dryer Vent Hose for HVAC Ventilation with Four Stainless Steel Clamps","1","amazon.co.uk","Seller","SHEFFIELD","","S7 1","MarketplaceFacilitator","33.32","6.67","0","0","0","0","0","0","-6.67","-5.20","0","-0.10","0","28.02","Released","9 May 2026 22:16:25 UTC"
"30 Apr 2026 16:50:19 UTC","27033762562","Order","205-5225118-9889930","VSF-AWD4x2-UK-M","VIVOSUN AeroWave D4, 4"" Grow Tent Clip Fan with Detachable Hook, 3-Speed Strong & Quiet Airflow, Adjustable Airflow Angle for Hydroponics, Circulation","1","amazon.co.uk","Seller","HAMILTON","","ML3 0","MarketplaceFacilitator","29.99","6.00","0","0","0","0","0","0","-6.00","-5.40","0","-0.11","0","24.48","Released","13 May 2026 12:26:59 UTC"
"30 Apr 2026 16:50:19 UTC","27033762562","Order","205-5225118-9889930","VSE-ASH05-UK-FBM","VIVOSUN AeroStream H05 Intelligent Wi-Fi Humidifier 5 L, Plant Humidifier with Temp & Humidity Probe, Smart Remote VPD Control, Designed for Growers G","1","amazon.co.uk","Seller","HAMILTON","","ML3 0","MarketplaceFacilitator","58.32","11.67","0","0","0","0","0","0","-11.67","-10.50","0","-0.21","0","47.61","Released","13 May 2026 12:26:59 UTC"
"30 Apr 2026 17:04:13 UTC","26948042122","Order","202-5979873-8831556","HDR004-UK","VIVOSUN 4-Layer Mesh Drying Rack Hanging Design with Green Zippers for Dehydrating, Indoor and Outdoor Pruning Shears Included","1","amazon.co.uk","Amazon","NEWCASTLE UPON TYNE","","NE27 0","MarketplaceFacilitator","21.66","4.33","0","0","0","0","0","0","-4.33","-3.90","-3.01","-0.14","0","14.61","Released","8 May 2026 21:35:43 UTC"
"30 Apr 2026 17:06:24 UTC","26948042122","Order","205-7547936-0010754","311003-5X3NJ-UK","VIVOSUN Pack of 3 Secateurs 17 cm Plant Shears with Ergonomic Handles Loppers with Curved Blades and Titanium Non-Stick Coating Rose Scissors Blue","1","amazon.co.uk","Amazon","NORWICH","","NR6 5","MarketplaceFacilitator","8.29","1.66","0","0","0","0","0","0","-1.66","-1.49","-2.69","-0.08","0","4.03","Released","8 May 2026 20:13:30 UTC"
"30 Apr 2026 17:12:02 UTC","26948042122","Order","203-6135661-5598708","311003-5-UK","VIVOSUN Gardening Scissors 6.5 Inch Hand Pruner Shear with Titanium Coated Blades, Pruning Shear for Plants, Flowers, Hedges 1-Pack Blue","1","amazon.co.uk","Amazon","ENFIELD","","EN1 3","MarketplaceFacilitator","4.01","0.80","0","0","0","0","0","0","-0.80","-0.72","-1.70","-0.04","0","1.55","Released","8 May 2026 22:53:14 UTC"
"30 Apr 2026 17:39:14 UTC","26948042122","Refund","205-8402407-3240354","GT-Pole-UK-M","VIVOSUN Grow Tent High CFM Kit, Green Pole Range of 24""-48"", Suitable for 2'x2', 3'x3', 4'x2' and 4'x4'Grow Tent, 4-Pack","1","amazon.co.uk","Seller","SHEFFIELD","","S6 2","MarketplaceFacilitator","-24.38","-4.88","0","0","0","0","0","0","4.88","3.51","0","0.09","0","-20.78","Released","7 May 2026 21:41:50 UTC"
"30 Apr 2026 17:43:38 UTC","26948042122","Order","205-3537844-2127562","VSF-AWD4-UK","VIVOSUN AeroWave D4, 4"" Grow Tent Clip Fan with Detachable Hook, 3-Speed Strong & Quiet Airflow, Adjustable Airflow Angle for Hydroponics, Circulation","1","amazon.co.uk","Seller","NEWBURY","","RG14 2","MarketplaceFacilitator","16.66","3.33","0","0","0","0","0","0","-3.33","-3.00","0","-0.06","0","13.60","Released","9 May 2026 12:29:58 UTC"
"30 Apr 2026 18:05:56 UTC","26948042122","Order","026-1826053-9575550","306201P-6-UK","VIVOSUN Inline Duct Fan 6 Inch 390 CFM EC Motor with Speed Controller, Quiet Pipe Fan, R6 Pipe Fan for Grow Tent, Greenhouse Ventilation","1","amazon.co.uk","Amazon","Galway","Co. Galway","","MarketplaceFacilitator","32.10","7.38","0","0","0","0","0","0","-7.38","-5.78","-3.43","-0.19","0","22.70","Released","9 May 2026 23:54:18 UTC"
"30 Apr 2026 19:43:57 UTC","26948042122","Order","206-3373471-2545160","VSF-AWE6-UK-FBM","VIVOSUN AeroWave E6 6-Inch Clip-on Fan, Patented Portable Indoor Fan with Clip, Strong Airflow but Low Noise, 10 Speeds & 2 Modes IP-54, and Fully-Adj","1","amazon.co.uk","Seller","LONDON","","SE6 1","MarketplaceFacilitator","29.57","5.92","0","0","0","0","0","0","-5.92","-5.32","0","-0.11","0","24.14","Released","12 May 2026 15:41:57 UTC"
"30 Apr 2026 19:46:28 UTC","26948042122","Order","204-0735237-8393109","305140-PEN-UK","VIVOSUN Digital pH and TDS Meter Kits, 0.01pH High Accuracy Pen Type pH Meter ± 2% Readout Accuracy 3-in-1 TDS EC Temperature Meter for Hydroponics,","1","amazon.co.uk","Seller","MALDON","","CM9 5","MarketplaceFacilitator","13.19","2.64","0","0","0","0","0","0","-2.64","-2.37","0","-0.05","0","10.77","Released","9 May 2026 12:50:47 UTC"
"30 Apr 2026 20:00:21 UTC","26948042122","Order","026-2908515-0193930","306143-0412-UK-N","VIVOSUN 4 Inch Air Carbon Filter Odor Control with Australia Virgin Charcoal for Inline Fan, Grow Tent Odor Scrubber Indoor Hydroponics, Pre-filter In","1","amazon.co.uk","Amazon","LONDON","","NW2 7","MarketplaceFacilitator","26.82","5.37","0.42","0.08","0","0","-0.42","-0.08","-5.37","-4.83","-3.39","-0.17","0","18.43","Released","8 May 2026 07:46:45 UTC"
"30 Apr 2026 20:00:39 UTC","26948042122","Order","026-8164081-3923564","VSV-AZT4-UK","VIVOSUN AeroZesh T4 Inline Duct Fan 4inch/100 mm Extractor Fan 357 m³/h with E12 Speed Controller and Fully Programmable PWM-Controlled EC Quiet Vent","1","amazon.co.uk","Amazon","LONDON","","NW2 7","MarketplaceFacilitator","54.99","11.00","0","0","0","0","0","0","-11.00","-9.90","-3.42","-0.27","0","41.40","Released","8 May 2026 07:49:11 UTC"
"30 Apr 2026 20:13:41 UTC","26948042122","Order","203-3808198-2364330","311003-5-UK","VIVOSUN Gardening Scissors 6.5 Inch Hand Pruner Shear with Titanium Coated Blades, Pruning Shear for Plants, Flowers, Hedges 1-Pack Blue","1","amazon.co.uk","Amazon","TWICKENHAM","","TW1 2","MarketplaceFacilitator","4.01","0.80","0","0","0","0","0","0","-0.80","-0.72","-1.70","-0.04","0","1.55","Released","8 May 2026 22:57:28 UTC"
"30 Apr 2026 20:20:24 UTC","26948042122","Order","204-1544195-8725961","VSGB-7-UK-M","VIVOSUN Grow Bags 5-Pack 30L, 500G Thick Nonwoven Fabric Pots with Strap Handles, Multi-Purpose Rings, for Low Stress Plant Training Fruits, Vegetable","1","amazon.co.uk","Seller","ST ALBANS","Herts","AL3 7","MarketplaceFacilitator","13.99","2.80","0","0","0","0","0","0","-2.80","-2.52","0","-0.05","0","11.42","Released","9 May 2026 11:26:04 UTC"
"30 Apr 2026 20:32:24 UTC","26948042122","Order","204-6892348-1921944","311001-3x5-UK-N","VIVOSUN Grow Bags 5 Pack 12L, Heavy Duty Thickened Nonwoven Fabric Pots with Strong Handles for Vegetables, Flowers, Fruits, Greenhouse and Garden","1","amazon.co.uk","Amazon","Portsmouth","Hampshire","PO6 4","","11.32","2.26","0","0","0","0","0","0","0","-2.04","-3.20","0","0","8.34","Deferred",
"30 Apr 2026 20:32:24 UTC","26948042122","Order","204-6892348-1921944","311001-3x5-UK-N","VIVOSUN Grow Bags 5 Pack 12L, Heavy Duty Thickened Nonwoven Fabric Pots with Strong Handles for Vegetables, Flowers, Fruits, Greenhouse and Garden","1","amazon.co.uk","Amazon","Portsmouth","Hampshire","PO6 4","","11.32","2.26","0","0","0","0","0","0","0","-2.04","-3.20","0","0","8.34","Deferred",
"30 Apr 2026 20:43:48 UTC","26948042122","Order","202-5605395-7534711","311001-3x5-UK-N","VIVOSUN Grow Bags 5 Pack 12L, Heavy Duty Thickened Nonwoven Fabric Pots with Strong Handles for Vegetables, Flowers, Fruits, Greenhouse and Garden","1","amazon.co.uk","Amazon","HARLOW","Essex","CM18 6","MarketplaceFacilitator","11.32","2.27","0","0","0","0","0","0","-2.27","-2.04","-3.20","-0.10","0","5.98","Released","8 May 2026 22:33:01 UTC"
"30 Apr 2026 21:13:36 UTC","26948042122","Order","205-0609480-2327530","311003-5-UK","VIVOSUN Gardening Scissors 6.5 Inch Hand Pruner Shear with Titanium Coated Blades, Pruning Shear for Plants, Flowers, Hedges 1-Pack Blue","1","amazon.co.uk","Amazon","BLACKBURN","","BB2 6","MarketplaceFacilitator","4.01","0.80","0","0","0","0","0","0","-0.80","-0.72","-1.70","-0.04","0","1.55","Released","8 May 2026 20:02:19 UTC"
"30 Apr 2026 21:14:06 UTC","26948042122","Order","205-9546495-1772334","306143-0412-UK-N","VIVOSUN 4 Inch Air Carbon Filter Odor Control with Australia Virgin Charcoal for Inline Fan, Grow Tent Odor Scrubber Indoor Hydroponics, Pre-filter In","1","amazon.co.uk","Amazon","London","","E5 9","MarketplaceFacilitator","26.82","5.37","0.82","0.17","0","0","-0.82","-0.17","-5.37","-4.83","-3.39","-0.17","0","18.43","Released","8 May 2026 21:31:55 UTC"
"30 Apr 2026 21:22:57 UTC","26948042122","Order","202-5661732-0288364","PH002-UK-FBM","VIVOSUN 4-in-1 Digital pH Meter with pH/TDS/EC/Temp Function, 0-14.0 pH Measurement Range, ±0.1 pH Accuracy Water Quality Tester for Hydroponics, Hou","1","amazon.co.uk","Seller","Norwich","Norfolk","NR2 2","MarketplaceFacilitator","15.59","3.12","0","0","0","0","0","0","-3.12","-2.81","0","-0.06","0","12.72","Released","9 May 2026 21:26:30 UTC"
"30 Apr 2026 21:46:59 UTC","26948042122","Order","202-1084919-8518738","VSF-AWE6G-UK-FBM","VIVOSUN Grow Fan with Clip, 15 cm/6 Inch Grow Tent Fan, 10 Speeds Smart App Control, IP54 with Automatic Oscillation AeroWave E6 for Grow Tent, Green","1","amazon.co.uk","Seller","THORNTON-CLEVELEYS","","FY5 3","MarketplaceFacilitator","24.99","5.00","0","0","0","0","0","0","-5.00","-4.50","0","-0.09","0","20.40","Released","10 May 2026 00:06:41 UTC"
"30 Apr 2026 22:24:09 UTC","26948042122","Order","206-7185240-1167525","311003-5-UK","VIVOSUN Gardening Scissors 6.5 Inch Hand Pruner Shear with Titanium Coated Blades, Pruning Shear for Plants, Flowers, Hedges 1-Pack Blue","1","amazon.co.uk","Amazon","KEYNSHAM","","BS31 1","MarketplaceFacilitator","4.01","0.80","0","0","0","0","0","0","-0.80","-0.72","-1.70","-0.04","0","1.55","Released","8 May 2026 22:46:24 UTC"
"30 Apr 2026 22:56:20 UTC","26948042122","Order","026-5284419-4993911","VSV-AZT4-UK","VIVOSUN AeroZesh T4 Inline Duct Fan 4inch/100 mm Extractor Fan 357 m³/h with E12 Speed Controller and Fully Programmable PWM-Controlled EC Quiet Vent","1","amazon.co.uk","Amazon","CHATHAM","Kent","ME4 6","MarketplaceFacilitator","54.99","11.00","0","0","0","0","0","0","-11.00","-9.90","-3.42","-0.27","0","41.40","Released","8 May 2026 21:30:36 UTC"
"30 Apr 2026 23:03:29 UTC","26948042122","Order","026-6543646-0967537","311003-5-UK","VIVOSUN Gardening Scissors 6.5 Inch Hand Pruner Shear with Titanium Coated Blades, Pruning Shear for Plants, Flowers, Hedges 1-Pack Blue","1","amazon.co.uk","Amazon","Peterlee","","SR8 3","MarketplaceFacilitator","4.01","0.80","0","0","0","0","0","0","-0.80","-0.72","-1.70","-0.04","0","1.55","Released","9 May 2026 20:41:28 UTC"
"30 Apr 2026 23:06:04 UTC","26948042122","Order","203-5257295-1098748","311003-5-UK","VIVOSUN Gardening Scissors 6.5 Inch Hand Pruner Shear with Titanium Coated Blades, Pruning Shear for Plants, Flowers, Hedges 1-Pack Blue","1","amazon.co.uk","Amazon","London","London","SW40","MarketplaceFacilitator","4.01","0.80","0.55","0.11","0","0","-0.55","-0.11","-0.80","-0.72","-1.70","-0.04","0","1.55","Released","8 May 2026 23:55:43 UTC"
"30 Apr 2026 23:14:37 UTC","26948042122","Order","205-4278949-2561126","VSV-AZT6E42A-UK","VIVOSUN Inline Duct Fan 6inch/150 mm & Temperature Humidity Controller E42A WiFi-App Control, Quiet Extractor Fan 693 m³/h with EC Motor, Grow Tent F","1","amazon.co.uk","Amazon","KENDAL","","LA8 0","MarketplaceFacilitator","87.82","17.57","0","0","0","0","0","0","-17.57","-15.81","-3.61","-0.39","0","68.01","Released","8 May 2026 22:33:24 UTC"
"30 Apr 2026 23:32:40 UTC","26948042122","Order","203-2641089-9418713","311003-5-UK","VIVOSUN Gardening Scissors 6.5 Inch Hand Pruner Shear with Titanium Coated Blades, Pruning Shear for Plants, Flowers, Hedges 1-Pack Blue","1","amazon.co.uk","Amazon","STOKE-ON-TRENT","Staffordshire","ST4 6","MarketplaceFacilitator","4.01","0.80","0","0","0","0","0","0","-0.80","-0.72","-1.70","-0.04","0","1.55","Released","8 May 2026 23:01:54 UTC"
"30 Apr 2026 23:40:49 UTC","26948042122","Order","202-4620480-9137168","311003-5-UK","VIVOSUN Gardening Scissors 6.5 Inch Hand Pruner Shear with Titanium Coated Blades, Pruning Shear for Plants, Flowers, Hedges 1-Pack Blue","1","amazon.co.uk","Amazon","HEREFORD","","HR4 0","MarketplaceFacilitator","4.01","0.80","0","0","0","0","0","0","-0.80","-0.72","-1.70","-0.04","0","1.55","Released","8 May 2026 23:05:39 UTC"
"30 Apr 2026 23:49:42 UTC","26948042122","Order","206-5699493-9629126","311001-3x5-UK-N","VIVOSUN Grow Bags 5 Pack 12L, Heavy Duty Thickened Nonwoven Fabric Pots with Strong Handles for Vegetables, Flowers, Fruits, Greenhouse and Garden","1","amazon.co.uk","Amazon","NOTTINGHAM","","NG5 5","MarketplaceFacilitator","11.32","2.27","0","0","0","0","0","0","-2.27","-2.04","-3.20","-0.10","0","5.98","Released","8 May 2026 19:27:48 UTC"
"1 May 2026 00:11:32 UTC","26948042122","Order","202-3934290-8997910","VSF-AWE6G-UK-FBM","VIVOSUN Grow Fan with Clip, 15 cm/6 Inch Grow Tent Fan, 10 Speeds Smart App Control, IP54 with Automatic Oscillation AeroWave E6 for Grow Tent, Green","2","amazon.co.uk","Seller","LEEDS","W Yorkshire","LS25 7","MarketplaceFacilitator","49.98","10.00","0","0","0","0","0","0","-10.00","-9.00","0","-0.18","0","40.80","Released","10 May 2026 17:22:03 UTC"
"1 May 2026 00:44:47 UTC","26948042122","Order","206-3399840-7530753","311003-5-UK","VIVOSUN Gardening Scissors 6.5 Inch Hand Pruner Shear with Titanium Coated Blades, Pruning Shear for Plants, Flowers, Hedges 1-Pack Blue","1","amazon.co.uk","Amazon","LIVERPOOL","","L21 6","MarketplaceFacilitator","4.01","0.80","0","0","0","0","0","0","-0.80","-0.72","-1.70","-0.04","0","1.55","Released","8 May 2026 21:36:36 UTC"
"1 May 2026 00:45:35 UTC","26948042122","Order","206-0292304-1100310","311003-5-UK","VIVOSUN Gardening Scissors 6.5 Inch Hand Pruner Shear with Titanium Coated Blades, Pruning Shear for Plants, Flowers, Hedges 1-Pack Blue","1","amazon.co.uk","Amazon","Chesham","Bucks","HP5 3","MarketplaceFacilitator","4.01","0.80","0","0","0","0","0","0","-0.80","-0.72","-1.70","-0.04","0","1.55","Released","8 May 2026 22:44:54 UTC"
"1 May 2026 00:45:56 UTC","26948042122","Order","206-2947722-7761916","306143-0412-UK-N","VIVOSUN 4 Inch Air Carbon Filter Odor Control with Australia Virgin Charcoal for Inline Fan, Grow Tent Odor Scrubber Indoor Hydroponics, Pre-filter In","1","amazon.co.uk","Amazon","TORQUAY","Devon","TQ1 4","MarketplaceFacilitator","26.82","5.37","0","0","0","0","0","0","-5.37","-4.83","-3.39","-0.17","0","18.43","Released","8 May 2026 23:04:23 UTC"
"1 May 2026 01:09:52 UTC","27033762562","Order","206-7005534-5569142","306101S-8-UK","VIVOSUN Inline Duct Fan 8 Inch 740 CFM with Variable Speed Control for Grow Tent, Ventilation, Plant Tent, Indoor, Garden, Ventilation Fan, Z8 Pipe Fa","1","amazon.co.uk","Amazon","LYNE","","KT16 0","","39.85","7.97","0","0","0","0","0","0","0","-7.17","-5.48","0","0","35.17","Released","13 May 2026 23:01:19 UTC"
"1 May 2026 01:47:21 UTC","26948042122","Order","205-3407171-7583529","VSA100SE-E25-UK","VIVOSUN LED Grow Lamp 100 W Full Spectrum Plant Lamp with Integrated Circulation Fan Grow Light Compatible with App, AeroLight A100SE with GrowHub Con","1","amazon.co.uk","Amazon","HEREFORD","","HR4 9","MarketplaceFacilitator","72.91","14.58","0","0","0","0","0","0","-14.58","-13.12","-5.72","-0.37","0","53.70","Released","8 May 2026 16:33:48 UTC"
"1 May 2026 01:48:18 UTC","26948042122","Order","202-2607748-8411529","330701-01-UK","VIVOSUN Garden Netting 5 x 15ft. Plant Trellis Netting, Heavy-Duty Polyester Grow Net, Garden Trellis Netting with Square Mesh for Climbing Plants, Ve","1","amazon.co.uk","Amazon","TUNBRIDGE WELLS","Kent","TN3 0","MarketplaceFacilitator","7.49","1.50","0.83","0.17","0","0","-0.83","-0.17","-1.50","-1.35","-1.70","-0.06","0","4.38","Released","8 May 2026 07:36:40 UTC"
"1 May 2026 01:53:17 UTC","27033762562","Order","206-7005534-5569142","306101S-8-UK","VIVOSUN Inline Duct Fan 8 Inch 740 CFM with Variable Speed Control for Grow Tent, Ventilation, Plant Tent, Indoor, Garden, Ventilation Fan, Z8 Pipe Fa","1","amazon.co.uk","Amazon","LYNE","","KT16 0","","39.85","7.97","0","0","0","0","0","0","0","-7.17","-5.48","0","0","35.17","Released","13 May 2026 22:24:29 UTC"
"1 May 2026 02:02:24 UTC","26948042122","Order","204-7521752-5202753","311003-5-UK","VIVOSUN Gardening Scissors 6.5 Inch Hand Pruner Shear with Titanium Coated Blades, Pruning Shear for Plants, Flowers, Hedges 1-Pack Blue","1","amazon.co.uk","Amazon","hayes","middlesex","UB3 4","MarketplaceFacilitator","4.01","0.80","0","0","0","0","0","0","-0.80","-0.72","-1.70","-0.04","0","1.55","Released","8 May 2026 18:39:16 UTC"
"1 May 2026 02:29:45 UTC","26948042122","Order","026-1189374-8596314","TN-22-UK","VIVOSUN Garden Netting 60 x 60 cm, Elastic Trellis Net with 4 Hooks Trellis Net for Climbing Plants Vegetables Fruits and Flowers","1","amazon.co.uk","Amazon","RADLETT","Herts","WD7 7","MarketplaceFacilitator","6.24","1.25","0","0","0","0","0","0","-1.25","-1.12","-2.46","-0.07","0","2.59","Released","8 May 2026 23:11:11 UTC"
"1 May 2026 03:41:33 UTC","26948042122","Order","202-0473748-2273157","311003-5-UK","VIVOSUN Gardening Scissors 6.5 Inch Hand Pruner Shear with Titanium Coated Blades, Pruning Shear for Plants, Flowers, Hedges 1-Pack Blue","1","amazon.co.uk","Amazon","CHORLEY","Lancs","PR7 4","MarketplaceFacilitator","4.01","0.80","0","0","0","0","0","0","-0.80","-0.72","-1.70","-0.04","0","1.55","Released","8 May 2026 22:27:17 UTC"
"1 May 2026 03:47:33 UTC","26948042122","Order","206-5827626-5190744","311003-5-UK","VIVOSUN Gardening Scissors 6.5 Inch Hand Pruner Shear with Titanium Coated Blades, Pruning Shear for Plants, Flowers, Hedges 1-Pack Blue","1","amazon.co.uk","Amazon","LLANDUDNO","CONWY","LL30 2","MarketplaceFacilitator","4.01","0.80","0","0","0","0","0","0","-0.80","-0.72","-1.70","-0.04","0","1.55","Released","8 May 2026 21:16:57 UTC"
"1 May 2026 04:02:27 UTC","26948042122","Order","206-8332916-3681109","311003-5-UK","VIVOSUN Gardening Scissors 6.5 Inch Hand Pruner Shear with Titanium Coated Blades, Pruning Shear for Plants, Flowers, Hedges 1-Pack Blue","1","amazon.co.uk","Amazon","OLD DALBY","","LE14 3","MarketplaceFacilitator","4.01","0.80","0","0","0","0","0","0","-0.80","-0.72","-1.70","-0.04","0","1.55","Released","8 May 2026 22:17:05 UTC"
"1 May 2026 05:12:29 UTC","26948042122","Order","205-5118718-8204358","306143-0412-UK-N","VIVOSUN 4 Inch Air Carbon Filter Odor Control with Australia Virgin Charcoal for Inline Fan, Grow Tent Odor Scrubber Indoor Hydroponics, Pre-filter In","1","amazon.co.uk","Amazon","READING","","RG8 0","","26.82","5.36","0","0","0","0","0","0","0","-4.83","-3.39","0","0","23.96","Released","8 May 2026 19:47:01 UTC"
"1 May 2026 06:13:48 UTC","26948042122","Order","203-2789859-5602722","305131-PEN-UK-M","VIVOSUN Digital pH Meter, 0.01pH High Accuracy Pen Type pH Tester for Hydroponics, Household Drinking, Pool and Aquarium, UL Certified","1","amazon.co.uk","Seller","CHESHAM","Buckinghamshire","HP5 2","MarketplaceFacilitator","5.83","1.17","0","0","0","0","0","0","-1.17","-1.05","0","-0.02","0","4.76","Released","9 May 2026 15:29:47 UTC"
"1 May 2026 07:16:27 UTC","26948042122","Order","203-4444601-0808363","330101CNJ-UK-FBM","VIVOSUN Seedling Heat Mat with Digital Thermostat 10""X20.75"", UL & MET Certified, Fast Heating, Waterproof Propagation Warming Mat for Germination, Ho","1","amazon.co.uk","Seller","GLOUCESTER","","GL3 4","MarketplaceFacilitator","19.17","3.83","0","0","0","0","0","0","-3.83","-3.45","0","-0.07","0","15.65","Released","9 May 2026 10:56:58 UTC"
"1 May 2026 09:20:31 UTC","26948042122","Order","204-8961591-0745167","VSF-AWE6G-UK-FBM","VIVOSUN Grow Fan with Clip, 15 cm/6 Inch Grow Tent Fan, 10 Speeds Smart App Control, IP54 with Automatic Oscillation AeroWave E6 for Grow Tent, Green","2","amazon.co.uk","Seller","BIRMINGHAM","W Midlands","B10 9","MarketplaceFacilitator","48.34","9.66","0","0","0","0","0","0","-9.66","-8.70","0","-0.17","0","39.47","Released","10 May 2026 23:03:05 UTC"
"1 May 2026 09:28:07 UTC","26948042122","Order","202-8746577-7203534","305140-PEN-UK","VIVOSUN Digital pH and TDS Meter Kits, 0.01pH High Accuracy Pen Type pH Meter ± 2% Readout Accuracy 3-in-1 TDS EC Temperature Meter for Hydroponics,","1","amazon.co.uk","Seller","Weston Super Mare","","BS23 3","MarketplaceFacilitator","12.50","2.50","0","0","0","0","0","0","-2.50","-2.25","0","-0.05","0","10.20","Released","12 May 2026 13:36:13 UTC"
"1 May 2026 09:52:53 UTC","26948042122","Order","205-4630058-0673152","VSE-ASH05-UK-FBM","VIVOSUN AeroStream H05 Intelligent Wi-Fi Humidifier 5 L, Plant Humidifier with Temp & Humidity Probe, Smart Remote VPD Control, Designed for Growers G","1","amazon.co.uk","Seller","BLACKPOOL","Lancashire","FY4 1","MarketplaceFacilitator","58.32","11.67","0","0","0","0","0","0","-11.67","-10.50","0","-0.21","0","47.61","Released","11 May 2026 17:06:45 UTC"
"1 May 2026 10:08:13 UTC","26948042122","Order","206-1709133-9855511","311003-5-UK","VIVOSUN Gardening Scissors 6.5 Inch Hand Pruner Shear with Titanium Coated Blades, Pruning Shear for Plants, Flowers, Hedges 1-Pack Blue","1","amazon.co.uk","Amazon","Lucan","Co. Dublin","","MarketplaceFacilitator","4.01","0.92","0","0","0","0","0","0","-0.92","-0.74","-1.70","-0.04","0","1.53","Released","9 May 2026 23:09:49 UTC"
"1 May 2026 10:14:20 UTC","27033762562","Order","026-2456931-7877140","311003-5-UK","VIVOSUN Gardening Scissors 6.5 Inch Hand Pruner Shear with Titanium Coated Blades, Pruning Shear for Plants, Flowers, Hedges 1-Pack Blue","1","amazon.co.uk","Amazon","NORWICH","","NR2 2","MarketplaceFacilitator","4.01","0.80","0.93","0.19","0","0","-0.93","-0.19","-0.80","-0.72","-1.70","-0.04","0","1.55","Released","13 May 2026 20:54:44 UTC"
"1 May 2026 10:46:34 UTC","26948042122","Order","205-8076161-4447562","305131-PEN-UK-M","VIVOSUN Digital pH Meter, 0.01pH High Accuracy Pen Type pH Tester for Hydroponics, Household Drinking, Pool and Aquarium, UL Certified","1","amazon.co.uk","Seller","DEWSBURY","","WF13 3","MarketplaceFacilitator","5.83","1.17","0","0","0","0","0","0","-1.17","-1.05","0","-0.02","0","4.76","Released","9 May 2026 10:08:31 UTC"
"1 May 2026 12:15:01 UTC","27033762562","Order","206-6743250-2045119","306101S-8-UK","VIVOSUN Inline Duct Fan 8 Inch 740 CFM with Variable Speed Control for Grow Tent, Ventilation, Plant Tent, Indoor, Garden, Ventilation Fan, Z8 Pipe Fa","1","amazon.co.uk","Amazon","LYNE","","KT16 0","","39.85","7.97","0","0","0","0","0","0","0","-7.17","-5.48","0","0","35.17","Released","13 May 2026 22:25:40 UTC"
"1 May 2026 12:43:05 UTC","26948042122","Refund","206-6184035-7944352","VSGB-25-UK-FBM","VIVOSUN Grow Bags 5-Pack 95L, 500G Thick Nonwoven Fabric Pots with Strap Handles, Multi-Purpose Rings, for Low Stress Plant Training Fruits, Vegetable","1","amazon.co.uk","Seller","ST. ANDREWS","","KY16 8","MarketplaceFacilitator","-20.99","-4.20","0","0","0","0","0","0","4.20","3.02","0","0.08","0","-17.89","Released","1 May 2026 12:43:05 UTC"
"1 May 2026 12:58:09 UTC","26948042122","Order","206-0001476-6846778","305140-PEN-UK","VIVOSUN Digital pH and TDS Meter Kits, 0.01pH High Accuracy Pen Type pH Meter ± 2% Readout Accuracy 3-in-1 TDS EC Temperature Meter for Hydroponics,","1","amazon.co.uk","Seller","LYMINGTON","","SO41 8","MarketplaceFacilitator","12.50","2.50","0","0","0","0","0","0","-2.50","-2.25","0","-0.05","0","10.20","Released","12 May 2026 18:44:55 UTC"
"1 May 2026 13:11:00 UTC","26948042122","Order","202-1433071-2188341","GT-Pole-UK-M","VIVOSUN Grow Tent High CFM Kit, Green Pole Range of 24""-48"", Suitable for 2'x2', 3'x3', 4'x2' and 4'x4'Grow Tent, 4-Pack","1","amazon.co.uk","Seller","LEEDS","","LS13 2","MarketplaceFacilitator","25.83","5.17","0","0","0","0","0","0","-5.17","-4.65","0","-0.09","0","21.09","Released","9 May 2026 20:56:07 UTC"
"1 May 2026 13:19:36 UTC","27033762562","Order","202-5208752-5155525","TN-44-UK-FBM","VIVOSUN Garden Netting 120 x 120 cm, Elastic Trellis Net with 4 Hooks for Climbing Plants Vegetables Fruits and Flowers","1","amazon.co.uk","Seller","Bromley","Kent","BR1 2","MarketplaceFacilitator","12.74","2.55","0","0","0","0","0","0","-2.55","-2.29","0","-0.05","0","10.40","Released","13 May 2026 21:35:16 UTC"
"1 May 2026 13:26:19 UTC","26948042122","Delivery Services","205-8402407-3240354","","ReturnPostageBilling","","","","","","","","0","0","0","0","0","0","0","0","0","0","0","0","-2.73","-2.73","Released","1 May 2026 13:26:19 UTC"
"1 May 2026 13:59:37 UTC","26948042122","Order","205-9827271-9778723","311003-5-UK","VIVOSUN Gardening Scissors 6.5 Inch Hand Pruner Shear with Titanium Coated Blades, Pruning Shear for Plants, Flowers, Hedges 1-Pack Blue","1","amazon.co.uk","Amazon","ENFIELD","","EN1 1","MarketplaceFacilitator","4.01","0.80","0.55","0.11","0","0","-0.55","-0.11","-0.80","-0.72","-1.70","-0.04","0","1.55","Released","8 May 2026 22:07:47 UTC"
"1 May 2026 14:06:05 UTC","27033762562","Order","205-2330908-1969143","VSF-AWD4x2-UK-M","VIVOSUN AeroWave D4, 4"" Grow Tent Clip Fan with Detachable Hook, 3-Speed Strong & Quiet Airflow, Adjustable Airflow Angle for Hydroponics, Circulation","1","amazon.co.uk","Seller","HULL","","HU5 5","MarketplaceFacilitator","29.99","6.00","0","0","0","0","0","0","-6.00","-5.40","0","-0.11","0","24.48","Released","15 May 2026 13:49:29 UTC"
"1 May 2026 14:06:17 UTC","27033762562","Order","206-8481081-4857129","305140-PEN-UK","VIVOSUN Digital pH and TDS Meter Kits, 0.01pH High Accuracy Pen Type pH Meter ± 2% Readout Accuracy 3-in-1 TDS EC Temperature Meter for Hydroponics,","1","amazon.co.uk","Seller","NOTTINGHAM","","NG5 8","MarketplaceFacilitator","12.50","2.50","0","0","0","0","0","0","-2.50","-2.25","0","-0.05","0","10.20","Released","13 May 2026 10:44:58 UTC"
"1 May 2026 14:06:47 UTC","27033762562","Order","203-8750054-3522750","305131-PEN-UK-M","VIVOSUN Digital pH Meter, 0.01pH High Accuracy Pen Type pH Tester for Hydroponics, Household Drinking, Pool and Aquarium, UL Certified","1","amazon.co.uk","Seller","CHICHESTER","","PO19 3","MarketplaceFacilitator","5.83","1.17","0","0","0","0","0","0","-1.17","-1.05","0","-0.02","0","4.76","Released","13 May 2026 23:03:32 UTC"
"1 May 2026 14:29:49 UTC","26948042122","Order","202-1997857-1091558","311003-5-UK","VIVOSUN Gardening Scissors 6.5 Inch Hand Pruner Shear with Titanium Coated Blades, Pruning Shear for Plants, Flowers, Hedges 1-Pack Blue","1","amazon.co.uk","Amazon","BELFAST","","BT5 7","MarketplaceFacilitator","4.01","0.80","0","0","0","0","0","0","-0.80","-0.72","-1.70","-0.04","0","1.55","Released","9 May 2026 23:45:36 UTC"
"1 May 2026 14:33:41 UTC","26948042122","Order","206-6743250-2045119","306101S-8-UK","VIVOSUN Inline Duct Fan 8 Inch 740 CFM with Variable Speed Control for Grow Tent, Ventilation, Plant Tent, Indoor, Garden, Ventilation Fan, Z8 Pipe Fa","1","amazon.co.uk","Amazon","LYNE","","KT16 0","","39.85","7.97","0","0","0","0","0","0","0","-7.17","-5.48","0","0","35.17","Released","10 May 2026 11:55:04 UTC"
"1 May 2026 15:09:57 UTC","26948042122","Order","205-9000542-4067508","311003-5-UK","VIVOSUN Gardening Scissors 6.5 Inch Hand Pruner Shear with Titanium Coated Blades, Pruning Shear for Plants, Flowers, Hedges 1-Pack Blue","1","amazon.co.uk","Amazon","LEEDS","","LS11 7","MarketplaceFacilitator","4.01","0.80","0.23","0.05","0","0","-0.23","-0.05","-0.80","-0.72","-1.70","-0.04","0","1.55","Released","8 May 2026 21:02:11 UTC"
"1 May 2026 15:12:44 UTC","26948042122","Delivery Services","026-1589231-2405110","","ReturnPostageBilling","","","","","","","","0","0","0","0","0","0","0","0","0","0","0","0","-2.79","-2.79","Released","1 May 2026 15:12:44 UTC"
"1 May 2026 15:37:18 UTC","27033762562","Order","205-9450626-0927562","332021-UK-FBM","VIVOSUN 30X 60X Illuminated Jewelers Loupe Foldable Magnifier with LED Light for Jewelry Gems Watches Coins Stamps Antiques, White","1","amazon.co.uk","Seller","LONDON","","W3 9","MarketplaceFacilitator","9.16","1.83","0","0","0","0","0","0","-1.83","-0.88","0","-0.02","0","8.26","Released","13 May 2026 16:23:50 UTC"
"1 May 2026 15:40:00 UTC","26948042122","Order","203-0101283-0803558","311003-5-UK","VIVOSUN Gardening Scissors 6.5 Inch Hand Pruner Shear with Titanium Coated Blades, Pruning Shear for Plants, Flowers, Hedges 1-Pack Blue","1","amazon.co.uk","Amazon","LONDON","","SE10 8","MarketplaceFacilitator","4.01","0.80","0","0","0","0","0","0","-0.80","-0.72","-1.70","-0.04","0","1.55","Released","9 May 2026 20:15:23 UTC"
"1 May 2026 15:55:38 UTC","27033762562","Order","203-4987216-4545915","VSF-AWD4-UK","VIVOSUN AeroWave D4, 4"" Grow Tent Clip Fan with Detachable Hook, 3-Speed Strong & Quiet Airflow, Adjustable Airflow Angle for Hydroponics, Circulation","1","amazon.co.uk","Seller","ST. NEOTS","","PE19 8","MarketplaceFacilitator","16.66","3.33","0","0","0","0","0","0","-3.33","-3.00","0","-0.06","0","13.60","Released","13 May 2026 12:18:18 UTC"
"1 May 2026 15:57:42 UTC","26948042122","Order","202-3271360-2155531","TN-24-UK","VIVOSUN Garden Netting 60 x 120 cm, Trellis Net with 4 Hooks Trellis Net for Climbing Plants Vegetables Fruits and Flowers","1","amazon.co.uk","Amazon","Bromley","Kent","BR1 2","MarketplaceFacilitator","13.32","2.67","0","0","0","0","0","0","-2.67","-2.40","-2.46","-0.10","0","8.36","Released","9 May 2026 20:23:35 UTC"
"1 May 2026 16:13:17 UTC","26948042122","Order","203-6562321-3240339","311003-5-UK","VIVOSUN Gardening Scissors 6.5 Inch Hand Pruner Shear with Titanium Coated Blades, Pruning Shear for Plants, Flowers, Hedges 1-Pack Blue","1","amazon.co.uk","Amazon","HAMILTON","","ML3 8","MarketplaceFacilitator","4.01","0.80","0","0","0","0","0","0","-0.80","-0.72","-1.70","-0.04","0","1.55","Released","9 May 2026 21:39:12 UTC"
"1 May 2026 16:24:51 UTC","26948042122","Order","203-4062957-4143500","VSV-AZT4E42A-UK","VIVOSUN Inline Duct Fan 4 inch/100 mm with E42A WiFi-App Controller, Quiet Extractor Fan 357 m³/h with EC Motor Exhaust Fan for Heating, Cooling, Gre","1","amazon.co.uk","Amazon","Coventry","","CV2 1","MarketplaceFacilitator","75.82","15.17","3.74","0.75","0","0","-3.74","-0.75","-15.17","-13.65","-3.59","-0.34","0","58.24","Released","9 May 2026 21:18:55 UTC"
"1 May 2026 16:41:26 UTC","27033762562","Order","026-2943004-2819547","VSE-ASH05-UK-FBM","VIVOSUN AeroStream H05 Intelligent Wi-Fi Humidifier 5 L, Plant Humidifier with Temp & Humidity Probe, Smart Remote VPD Control, Designed for Growers G","1","amazon.co.uk","Seller","Hastings","East Sussex","TN35 5","MarketplaceFacilitator","58.32","11.67","0","0","0","0","0","0","-11.67","-10.50","0","-0.21","0","47.61","Released","13 May 2026 17:44:07 UTC"
"1 May 2026 16:47:56 UTC","26948042122","Order","205-5938749-0619531","VSV-AZG6-UK","VIVOSUN AeroZesh G6 Inline Duct Fan 6inch/150 mm Extractor Fan 660 m³/h with E12 Speed Controller and Entirely Programmable PWM-Controlled EC Fan for","2","amazon.co.uk","Amazon","CLACTON-ON-SEA","","CO15 1","MarketplaceFacilitator","109.98","22.00","0","0","0","0","0","0","-22.00","-19.80","-6.87","-0.54","0","82.77","Released","9 May 2026 22:58:36 UTC"
"1 May 2026 17:28:19 UTC","26948042122","Refund","206-0292304-1100310","311003-5-UK","VIVOSUN Gardening Scissors 6.5 Inch Hand Pruner Shear with Titanium Coated Blades, Pruning Shear for Plants, Flowers, Hedges 1-Pack Blue","1","amazon.co.uk","Amazon","Chesham","Bucks","HP5 3","MarketplaceFacilitator","-4.01","-0.80","0","0","0","0","0","0","0.80","0.58","0","0.01","0","-3.42","Released","8 May 2026 21:20:23 UTC"
"1 May 2026 17:36:35 UTC","26948042122","Refund","026-1589231-2405110","VSF-AWD4x2-UK-M","VIVOSUN AeroWave D4, 4"" Grow Tent Clip Fan with Detachable Hook, 3-Speed Strong & Quiet Airflow, Adjustable Airflow Angle for Hydroponics, Circulation","1","amazon.co.uk","Seller","ALDERSHOT","","GU11 3","MarketplaceFacilitator","-27.67","-5.53","0","0","0","0","0","0","5.53","3.98","0","0.10","0","-23.59","Released","6 May 2026 23:47:35 UTC"
"1 May 2026 17:43:43 UTC","26948042122","Order","206-5628350-2010740","330101CNJ-UK-FBM","VIVOSUN Seedling Heat Mat with Digital Thermostat 10""X20.75"", UL & MET Certified, Fast Heating, Waterproof Propagation Warming Mat for Germination, Ho","1","amazon.co.uk","Seller","OXFORD","oxfordshire","OX4 4","MarketplaceFacilitator","19.17","3.83","0","0","0","0","0","0","-3.83","-3.45","0","-0.07","0","15.65","Released","12 May 2026 23:02:00 UTC"
"1 May 2026 18:07:34 UTC","27033762562","Order","202-7390673-3707562","VSF-AWD4-UK","VIVOSUN AeroWave D4, 4"" Grow Tent Clip Fan with Detachable Hook, 3-Speed Strong & Quiet Airflow, Adjustable Airflow Angle for Hydroponics, Circulation","1","amazon.co.uk","Seller","NEWBURY","BERKSHIRE","RG14 6","MarketplaceFacilitator","16.66","3.33","0","0","0","0","0","0","-3.33","-3.00","0","-0.06","0","13.60","Released","13 May 2026 16:23:25 UTC"
"1 May 2026 19:03:08 UTC","26948042122","Order","202-7487963-9542721","311003-5-UK","VIVOSUN Gardening Scissors 6.5 Inch Hand Pruner Shear with Titanium Coated Blades, Pruning Shear for Plants, Flowers, Hedges 1-Pack Blue","1","amazon.co.uk","Amazon","YORK","","YO32 3","MarketplaceFacilitator","4.01","0.80","0","0","0","0","0","0","-0.80","-0.72","-1.70","-0.04","0","1.55","Released","9 May 2026 19:19:33 UTC"
"1 May 2026 19:14:34 UTC","26948042122","Order","026-0268029-6690736","306143-0412-UK-N","VIVOSUN 4 Inch Air Carbon Filter Odor Control with Australia Virgin Charcoal for Inline Fan, Grow Tent Odor Scrubber Indoor Hydroponics, Pre-filter In","1","amazon.co.uk","Amazon","MALTON","N Yorkshire","YO17 9","MarketplaceFacilitator","26.82","5.37","0","0","0","0","0","0","-5.37","-4.83","-3.39","-0.17","0","18.43","Released","9 May 2026 21:55:16 UTC"
"1 May 2026 19:15:38 UTC","26948042122","Order","026-1178869-0119558","306143-0412-UK-N","VIVOSUN 4 Inch Air Carbon Filter Odor Control with Australia Virgin Charcoal for Inline Fan, Grow Tent Odor Scrubber Indoor Hydroponics, Pre-filter In","1","amazon.co.uk","Amazon","PONTEFRACT","W Yorkshire","WF8 2","MarketplaceFacilitator","26.82","5.37","0","0","0","0","0","0","-5.37","-4.83","-3.39","-0.17","0","18.43","Released","9 May 2026 15:58:05 UTC"
"1 May 2026 19:49:27 UTC","26948042122","Order","205-5099837-9792302","304113-42-UK","VIVOSUN Grow Tent 120x60x150 CM (48""x24""x60""), Made of Highly Reflective Mylar, with Viewing Window and Base Tray for Hydroponics and Indoor Growing,","1","amazon.co.uk","Amazon","STOWMARKET","","IP14 5","MarketplaceFacilitator","106.16","21.23","0","0","0","0","0","0","-21.23","-19.11","-12.55","-0.63","0","73.87","Released","9 May 2026 23:20:31 UTC"
"1 May 2026 20:02:21 UTC","26948042122","Order","026-2751900-7636346","311003-5-UK","VIVOSUN Gardening Scissors 6.5 Inch Hand Pruner Shear with Titanium Coated Blades, Pruning Shear for Plants, Flowers, Hedges 1-Pack Blue","1","amazon.co.uk","Amazon","GLASGOW","","G52 1","MarketplaceFacilitator","4.01","0.80","0","0","0","0","0","0","-0.80","-0.72","-1.70","-0.04","0","1.55","Released","9 May 2026 21:40:15 UTC"
"1 May 2026 20:09:32 UTC","26948042122","Order","206-7717856-7667547","LH-001-2-UK","VIVOSUN 2-Pair 1/8 Inch Adjustable Grow Light Hangers, Heavy Duty Rope Hanger with Reinforced Metal Gears, 8Ft. Long and 150 lbs Weight Capacity Rope","2","amazon.co.uk","Amazon","SOUTHAMPTON","","SO19 8","MarketplaceFacilitator","13.34","2.66","0","0","0","0","0","0","-2.66","-2.40","-5.38","-0.16","0","5.40","Released","9 May 2026 21:06:34 UTC"
"1 May 2026 20:09:38 UTC","27033762562","Order","202-7836506-9138721","VSF-AWE6-G2x2-UK-FBM","VIVOSUN AeroWave E6 Gen2 Grow Tent Clip Fan 6"", EC Motor Smart Control, 10-Speeds & 2 Modes, automatic oscillating Fan, Air Circulator for Grow Box, T","1","amazon.co.uk","Seller","LONDON","","N9 9","MarketplaceFacilitator","83.32","16.67","0","0","0","0","0","0","-16.67","-15.00","0","-0.30","0","68.02","Released","13 May 2026 23:31:00 UTC"
"1 May 2026 20:19:57 UTC","27033762562","Order","202-5447827-6505106","VSF-AWE6-Gx2-UK-FBM","VIVOSUN Pack of 2 AeroWave E6 Grow Tent Fan 15 cm, EC Motor, Smart WiFi Control, US-Patented Clip Fan with Automatic Oscillation, Weatherproof accordi","1","amazon.co.uk","Seller","WELSHPOOL","powys","SY21 0","MarketplaceFacilitator","51.67","10.33","0","0","0","0","0","0","-10.33","-9.30","0","-0.19","0","42.18","Released","13 May 2026 19:43:34 UTC"
"1 May 2026 20:34:47 UTC","26948042122","Order","204-8004057-2379534","311001-3x5-UK-N","VIVOSUN Grow Bags 5 Pack 12L, Heavy Duty Thickened Nonwoven Fabric Pots with Strong Handles for Vegetables, Flowers, Fruits, Greenhouse and Garden","1","amazon.co.uk","Amazon","Bishop's Stortford","","CM22 6","MarketplaceFacilitator","11.32","2.27","0","0","0","0","0","0","-2.27","-2.04","-3.20","-0.10","0","5.98","Released","9 May 2026 20:22:29 UTC"
"1 May 2026 20:35:15 UTC","26948042122","Order","202-6106509-4275536","311003-5-UK","VIVOSUN Gardening Scissors 6.5 Inch Hand Pruner Shear with Titanium Coated Blades, Pruning Shear for Plants, Flowers, Hedges 1-Pack Blue","2","amazon.co.uk","Amazon","WITNEY","","OX29 8","MarketplaceFacilitator","8.02","1.60","0","0","0","0","0","0","-1.60","-1.44","-3.39","-0.10","0","3.09","Released","9 May 2026 22:52:26 UTC"
"1 May 2026 20:37:53 UTC","26948042122","Order","204-5407713-1526722","311003-5-UK","VIVOSUN Gardening Scissors 6.5 Inch Hand Pruner Shear with Titanium Coated Blades, Pruning Shear for Plants, Flowers, Hedges 1-Pack Blue","1","amazon.co.uk","Amazon","CHUDLEIGH","","TQ13 0","MarketplaceFacilitator","4.01","0.80","0","0","0","0","0","0","-0.80","-0.72","-1.70","-0.04","0","1.55","Released","9 May 2026 23:40:24 UTC"
"1 May 2026 20:47:54 UTC","26948042122","Order","203-1311981-6782727","311003-5-UK","VIVOSUN Gardening Scissors 6.5 Inch Hand Pruner Shear with Titanium Coated Blades, Pruning Shear for Plants, Flowers, Hedges 1-Pack Blue","1","amazon.co.uk","Amazon","SEA PALLING","Norfolk","NR12 0","MarketplaceFacilitator","4.01","0.80","0","0","0","0","0","0","-0.80","-0.72","-1.70","-0.04","0","1.55","Released","9 May 2026 17:06:50 UTC"
"1 May 2026 20:56:41 UTC","26948042122","Order","203-2256615-3612345","311003-5-UK","VIVOSUN Gardening Scissors 6.5 Inch Hand Pruner Shear with Titanium Coated Blades, Pruning Shear for Plants, Flowers, Hedges 1-Pack Blue","1","amazon.co.uk","Amazon","COVENTRY","","CV6 3","MarketplaceFacilitator","4.01","0.80","0.41","0.08","0","0","-0.41","-0.08","-0.80","-0.72","-1.70","-0.04","0","1.55","Released","9 May 2026 21:46:28 UTC"
"1 May 2026 21:10:42 UTC","26948042122","Order","206-4391379-1073953","330701-01-UK","VIVOSUN Garden Netting 5 x 15ft. Plant Trellis Netting, Heavy-Duty Polyester Grow Net, Garden Trellis Netting with Square Mesh for Climbing Plants, Ve","1","amazon.co.uk","Amazon","LEATHERHEAD","","KT23 4","MarketplaceFacilitator","7.49","1.50","0","0","0","0","0","0","-1.50","-1.35","-1.70","-0.06","0","4.38","Released","9 May 2026 21:48:01 UTC"
"1 May 2026 21:12:30 UTC","26948042122","Order","026-5501106-8096307","311003-5-UK","VIVOSUN Gardening Scissors 6.5 Inch Hand Pruner Shear with Titanium Coated Blades, Pruning Shear for Plants, Flowers, Hedges 1-Pack Blue","1","amazon.co.uk","Amazon","Limerick","Limerick","","MarketplaceFacilitator","4.01","0.92","0","0","0","0","0","0","-0.92","-0.72","-1.70","-0.04","0","1.55","Released","10 May 2026 20:12:22 UTC"
"1 May 2026 21:13:58 UTC","26948042122","Order","203-5127268-4941929","SPray-15L-R-UK","VIVOSUN Handheld Garden Pump Sprayer 1.5L Lawn & Garden Pressure Water Spray Bottle with Adjustable Brass Nozzle, for Plants and Other Cleaning Soluti","1","amazon.co.uk","Amazon","London","","N31","MarketplaceFacilitator","15.92","3.19","0","0","0","0","0","0","-3.19","-2.87","-3.40","-0.13","0","9.52","Released","9 May 2026 07:51:51 UTC"
"1 May 2026 21:15:38 UTC","26948042122","Order","205-6910211-8142729","311003-5-UK","VIVOSUN Gardening Scissors 6.5 Inch Hand Pruner Shear with Titanium Coated Blades, Pruning Shear for Plants, Flowers, Hedges 1-Pack Blue","1","amazon.co.uk","Amazon","ISLE OF MAN","","IM8 2","MarketplaceFacilitator","4.01","0.80","0","0","0","0","0","0","-0.80","-0.72","-1.70","-0.04","0","1.55","Released","9 May 2026 14:51:11 UTC"
"1 May 2026 21:25:38 UTC","27033762562","Order","205-1720535-7033153","VSE-ASH05-UK-FBM","VIVOSUN AeroStream H05 Intelligent Wi-Fi Humidifier 5 L, Plant Humidifier with Temp & Humidity Probe, Smart Remote VPD Control, Designed for Growers G","1","amazon.co.uk","Seller","WEDNESBURY","","WS10 0","MarketplaceFacilitator","58.32","11.67","0","0","0","0","0","0","-11.67","-10.50","0","-0.21","0","47.61","Released","14 May 2026 15:53:19 UTC"
"1 May 2026 22:39:44 UTC","26948042122","Order","202-1715849-8961960","311003-5-UK","VIVOSUN Gardening Scissors 6.5 Inch Hand Pruner Shear with Titanium Coated Blades, Pruning Shear for Plants, Flowers, Hedges 1-Pack Blue","1","amazon.co.uk","Amazon","PRESTON","","PR2 9","MarketplaceFacilitator","4.01","0.80","0","0","0","0","0","0","-0.80","-0.72","-1.70","-0.04","0","1.55","Released","9 May 2026 17:12:29 UTC"
"1 May 2026 23:03:33 UTC","26948042122","Order","205-6259513-0245147","VSV-AZT4E42A-UK","VIVOSUN Inline Duct Fan 4 inch/100 mm with E42A WiFi-App Controller, Quiet Extractor Fan 357 m³/h with EC Motor Exhaust Fan for Heating, Cooling, Gre","1","amazon.co.uk","Amazon","BLACKPOOL","Lancashire","FY4 1","MarketplaceFacilitator","75.82","15.17","0","0","0","0","0","0","-15.17","-13.65","-3.59","-0.34","0","58.24","Released","9 May 2026 23:37:53 UTC"
"1 May 2026 23:11:15 UTC","26948042122","Order","206-0801436-0337127","311003-5-UK","VIVOSUN Gardening Scissors 6.5 Inch Hand Pruner Shear with Titanium Coated Blades, Pruning Shear for Plants, Flowers, Hedges 1-Pack Blue","1","amazon.co.uk","Amazon","BOWBURN","","DH6 5","MarketplaceFacilitator","4.01","0.80","0","0","0","0","0","0","-0.80","-0.72","-1.70","-0.04","0","1.55","Released","9 May 2026 21:05:04 UTC"
"1 May 2026 23:16:13 UTC","27033762562","Order","026-1607635-1019557","VSA200SE-E25-UK-FBM","VIVOSUN LED Grow Lamp 200 W Full Spectrum Plant Lamp with Integrated Circulation Fan Grow Light Compatible with App, AeroLight Wing AW200SE with GrowH","1","amazon.co.uk","Seller","GENDROS","Wales","SA5 8","","204.99","0","0","0","0","0","0","0","0","-30.75","0","-0.62","0","173.62","Released","13 May 2026 17:53:45 UTC"
"1 May 2026 23:16:21 UTC","26948042122","Order","026-9570865-4141958","311003-5-UK","VIVOSUN Gardening Scissors 6.5 Inch Hand Pruner Shear with Titanium Coated Blades, Pruning Shear for Plants, Flowers, Hedges 1-Pack Blue","1","amazon.co.uk","Amazon","BEXHILL-ON-SEA","","TN39 3","MarketplaceFacilitator","4.01","0.80","0","0","0","0","0","0","-0.80","-0.72","-1.70","-0.04","0","1.55","Released","9 May 2026 23:57:46 UTC"
"1 May 2026 23:39:16 UTC","26948042122","Order","026-3187870-9357935","311003-5-UK","VIVOSUN Gardening Scissors 6.5 Inch Hand Pruner Shear with Titanium Coated Blades, Pruning Shear for Plants, Flowers, Hedges 1-Pack Blue","1","amazon.co.uk","Amazon","SOUTH SHIELDS","Tyne and Wear","NE34 8","MarketplaceFacilitator","4.01","0.80","0","0","0","0","0","0","-0.80","-0.72","-1.70","-0.04","0","1.55","Released","10 May 2026 00:11:02 UTC"
"1 May 2026 23:43:02 UTC","26948042122","Order","205-4906441-7256355","311003-5-UK","VIVOSUN Gardening Scissors 6.5 Inch Hand Pruner Shear with Titanium Coated Blades, Pruning Shear for Plants, Flowers, Hedges 1-Pack Blue","1","amazon.co.uk","Amazon","Pontefract","WEST YORKSHIRE","WF9 1","MarketplaceFacilitator","4.01","0.80","0","0","0","0","0","0","-0.80","-0.72","-1.70","-0.04","0","1.55","Released","9 May 2026 23:38:12 UTC"
"1 May 2026 23:50:30 UTC","27033762562","Order","203-6697287-1894705","VSF-AWD4W-UK","VIVOSUN AeroWave D4, 4"" Grow Tent Clip Fan with Detachable Hook, 3-Speed Strong & Quiet Airflow, Adjustable Airflow Angle for Hydroponics, Circulation","1","amazon.co.uk","Seller","London","UK","SW2 5","MarketplaceFacilitator","15.82","3.17","0","0","0","0","0","0","-3.17","-2.85","0","-0.06","0","12.91","Released","14 May 2026 18:11:06 UTC"
"1 May 2026 23:54:01 UTC","26948042122","Order","204-3614907-4154701","311003-5-UK","VIVOSUN Gardening Scissors 6.5 Inch Hand Pruner Shear with Titanium Coated Blades, Pruning Shear for Plants, Flowers, Hedges 1-Pack Blue","1","amazon.co.uk","Amazon","CARDIFF","","CF3 5","MarketplaceFacilitator","4.01","0.80","0","0","0","0","0","0","-0.80","-0.72","-1.70","-0.04","0","1.55","Released","9 May 2026 20:28:34 UTC"
"2 May 2026 00:22:00 UTC","26948042122","Order","206-3258808-4928303","306201P-6-UK","VIVOSUN Inline Duct Fan 6 Inch 390 CFM EC Motor with Speed Controller, Quiet Pipe Fan, R6 Pipe Fan for Grow Tent, Greenhouse Ventilation","1","amazon.co.uk","Amazon","RAMSGATE","","CT11 0","MarketplaceFacilitator","32.10","6.42","0","0","0","0","0","0","-6.42","-5.78","-3.43","-0.19","0","22.70","Released","9 May 2026 23:22:55 UTC"
"2 May 2026 00:28:46 UTC","26948042122","Order","202-5805606-0351554","311001-3x5-UK-N","VIVOSUN Grow Bags 5 Pack 12L, Heavy Duty Thickened Nonwoven Fabric Pots with Strong Handles for Vegetables, Flowers, Fruits, Greenhouse and Garden","1","amazon.co.uk","Amazon","Harlow","Essex","CM17 0","MarketplaceFacilitator","11.32","2.27","0.33","0.07","0","0","-0.33","-0.07","-2.27","-2.04","-3.20","-0.10","0","5.98","Released","9 May 2026 07:04:32 UTC"
"2 May 2026 00:34:17 UTC","26948042122","Order","205-9575067-9796345","311003-5-UK","VIVOSUN Gardening Scissors 6.5 Inch Hand Pruner Shear with Titanium Coated Blades, Pruning Shear for Plants, Flowers, Hedges 1-Pack Blue","1","amazon.co.uk","Amazon","London","","SW2 3","MarketplaceFacilitator","4.01","0.80","0","0","0","0","0","0","-0.80","-0.72","-1.70","-0.04","0","1.55","Released","9 May 2026 18:08:45 UTC"
"2 May 2026 00:45:32 UTC","26948042122","Order","202-8964510-5412305","VSV-AZT4-UK","VIVOSUN AeroZesh T4 Inline Duct Fan 4inch/100 mm Extractor Fan 357 m³/h with E12 Speed Controller and Fully Programmable PWM-Controlled EC Quiet Vent","1","amazon.co.uk","Amazon","CHESTERFIELD","","S41 7","MarketplaceFacilitator","54.99","11.00","0","0","0","0","0","0","-11.00","-9.90","-3.42","-0.27","0","41.40","Released","9 May 2026 20:07:49 UTC"
"2 May 2026 01:06:13 UTC","26948042122","Order","026-4122654-7540312","VSV-AZG6E42A-UK","VIVOSUN AeroZesh G6 Inline Duct Fan 6inch/150 mm Quiet Extractor Fan 660 m³/h with EC Motor and GrowHub E42A WiFi Controller for Growbox, Cooling, Bo","1","amazon.co.uk","Amazon","WAKEFIELD","","WF1 5","MarketplaceFacilitator","77.49","15.50","0","0","0","0","0","0","-15.50","-13.95","-3.43","-0.35","0","59.76","Released","9 May 2026 22:12:59 UTC"
"2 May 2026 01:07:40 UTC","26948042122","Order","205-2127709-6909130","311003-5-UK","VIVOSUN Gardening Scissors 6.5 Inch Hand Pruner Shear with Titanium Coated Blades, Pruning Shear for Plants, Flowers, Hedges 1-Pack Blue","1","amazon.co.uk","Amazon","ALDERSHOT","","GU11 1","MarketplaceFacilitator","4.01","0.80","0","0","0","0","0","0","-0.80","-0.72","-1.70","-0.04","0","1.55","Released","9 May 2026 20:32:45 UTC"
"2 May 2026 01:31:22 UTC","26948042122","Order","204-7500843-7154714","311003-5-UK","VIVOSUN Gardening Scissors 6.5 Inch Hand Pruner Shear with Titanium Coated Blades, Pruning Shear for Plants, Flowers, Hedges 1-Pack Blue","1","amazon.co.uk","Amazon","GLASGOW","","G20 8","MarketplaceFacilitator","4.01","0.80","0","0","0","0","0","0","-0.80","-0.72","-1.70","-0.04","0","1.55","Released","9 May 2026 21:43:34 UTC"
"2 May 2026 02:05:02 UTC","26948042122","Order","204-7572237-1481113","330701-01-UK","VIVOSUN Garden Netting 5 x 15ft. Plant Trellis Netting, Heavy-Duty Polyester Grow Net, Garden Trellis Netting with Square Mesh for Climbing Plants, Ve","1","amazon.co.uk","Amazon","Southall","Middlesex","UB1 3","MarketplaceFacilitator","7.49","1.50","0","0","0","0","0","0","-1.50","-1.35","-1.70","-0.06","0","4.38","Released","9 May 2026 23:35:29 UTC"
"2 May 2026 02:43:25 UTC","27033762562","Order","205-1511071-3066729","GT-Pole-UK-M","VIVOSUN Grow Tent High CFM Kit, Green Pole Range of 24""-48"", Suitable for 2'x2', 3'x3', 4'x2' and 4'x4'Grow Tent, 4-Pack","1","amazon.co.uk","Seller","NEWQUAY","","TR7 2","MarketplaceFacilitator","25.83","5.17","0","0","0","0","0","0","-5.17","-4.65","0","-0.09","0","21.09","Released","13 May 2026 23:14:31 UTC"
"2 May 2026 02:50:53 UTC","26948042122","Order","205-6264610-6597907","306143-0412-UK-N","VIVOSUN 4 Inch Air Carbon Filter Odor Control with Australia Virgin Charcoal for Inline Fan, Grow Tent Odor Scrubber Indoor Hydroponics, Pre-filter In","1","amazon.co.uk","Amazon","LONDON","","N5 2","MarketplaceFacilitator","26.82","5.37","0","0","0","0","0","0","-5.37","-4.83","-3.39","-0.17","0","18.43","Released","9 May 2026 19:09:23 UTC"
"2 May 2026 03:01:19 UTC","26948042122","Order","204-4580532-8387563","VSV-AZG6-UK","VIVOSUN AeroZesh G6 Inline Duct Fan 6inch/150 mm Extractor Fan 660 m³/h with E12 Speed Controller and Entirely Programmable PWM-Controlled EC Fan for","1","amazon.co.uk","Amazon","RHOS ON SEA","","LL28 4","MarketplaceFacilitator","54.99","11.00","0","0","0","0","0","0","-11.00","-9.90","-3.43","-0.27","0","41.39","Released","9 May 2026 21:21:33 UTC"
"2 May 2026 03:27:01 UTC","26948042122","Order","203-7702375-3780357","VSV-AZG6-UK","VIVOSUN AeroZesh G6 Inline Duct Fan 6inch/150 mm Extractor Fan 660 m³/h with E12 Speed Controller and Entirely Programmable PWM-Controlled EC Fan for","1","amazon.co.uk","Amazon","CREWKERNE","Somerset Ta188eg","TA18 8","MarketplaceFacilitator","54.17","10.83","0","0","0","0","0","0","-10.83","-9.75","-3.43","-0.27","0","40.72","Released","9 May 2026 15:36:28 UTC"
"2 May 2026 03:50:34 UTC","26948042122","Order","206-3640744-1555561","VSV-AZT4E42A-UK","VIVOSUN Inline Duct Fan 4 inch/100 mm with E42A WiFi-App Controller, Quiet Extractor Fan 357 m³/h with EC Motor Exhaust Fan for Heating, Cooling, Gre","1","amazon.co.uk","Amazon","THETFORD","","IP25 7","MarketplaceFacilitator","75.82","15.17","0","0","0","0","0","0","-15.17","-13.65","-3.59","-0.34","0","58.24","Released","9 May 2026 21:29:12 UTC"
"2 May 2026 04:11:05 UTC","26948042122","Order","205-0516717-9165110","311003-5-UK","VIVOSUN Gardening Scissors 6.5 Inch Hand Pruner Shear with Titanium Coated Blades, Pruning Shear for Plants, Flowers, Hedges 1-Pack Blue","1","amazon.co.uk","Amazon","STOKE-ON-TRENT","Staffs","ST7 3","MarketplaceFacilitator","4.01","0.80","0","0","0","0","0","0","-0.80","-0.72","-1.70","-0.04","0","1.55","Released","9 May 2026 21:14:39 UTC"
"2 May 2026 05:47:49 UTC","26948042122","Amazon Fees","","","Premium services fee","","Amazon.co.uk","","","","","","0","0","0","0","0","0","0","0","0","-2,018.66","0","0","0","-2,018.66","Released","2 May 2026 05:47:49 UTC"
"2 May 2026 07:19:27 UTC","26948042122","Order","202-2378848-7865109","VSVC-AZG4-UK-M","VIVOSUN PRO G4 Smart Air Filtration Set, 10 cm AeroZesh G4 Duct Fan with E12 Speed Control, Carbon Filter & Air Duct, Ventilation System for Grow Tent","1","amazon.co.uk","Seller","NEWBURY","BERKSHIRE","RG14 6","MarketplaceFacilitator","108.32","21.67","0","0","0","0","0","0","-21.67","-19.50","0","-0.39","0","88.43","Released","12 May 2026 17:30:16 UTC"
"2 May 2026 07:41:14 UTC","27033762562","Order","202-7139967-8973942","311001-10x5-UK-FBM","VIVOSUN Plant Grow Bags 5 Pack 40L, Heavy Duty Thickened Nonwoven Fabric Pots with Strong Handles, Reusable Breathable Garden Growing Containers for V","1","amazon.co.uk","Seller","SPILSBY","","PE23 4","MarketplaceFacilitator","18.32","3.67","0","0","0","0","0","0","-3.67","-3.30","0","-0.07","0","14.95","Released","14 May 2026 15:09:47 UTC"
"2 May 2026 08:40:01 UTC","27033762562","Order","204-0358973-0005139","VSF-AWE6G-UK-FBM","VIVOSUN Grow Fan with Clip, 15 cm/6 Inch Grow Tent Fan, 10 Speeds Smart App Control, IP54 with Automatic Oscillation AeroWave E6 for Grow Tent, Green","1","amazon.co.uk","Seller","GRAVESEND","","DA11 8","MarketplaceFacilitator","24.17","4.83","0","0","0","0","0","0","-4.83","-4.35","0","-0.09","0","19.73","Released","14 May 2026 22:26:59 UTC"
"2 May 2026 09:08:26 UTC","26948042122","Refund","204-7157929-3456316","305131-PEN-UK-M","VIVOSUN Digital pH Meter, 0.01pH High Accuracy Pen Type pH Tester for Hydroponics, Household Drinking, Pool and Aquarium, UL Certified","1","amazon.co.uk","Seller","ROTHERHAM","","S61 1","MarketplaceFacilitator","-6.63","-1.33","0","0","0","0","0","0","1.33","0.95","0","0.02","0","-5.66","Released","8 May 2026 22:24:39 UTC"
"2 May 2026 09:19:41 UTC","26948042122","Order","205-5040405-3390705","VSF-AWE6-UK-FBM","VIVOSUN AeroWave E6 6-Inch Clip-on Fan, Patented Portable Indoor Fan with Clip, Strong Airflow but Low Noise, 10 Speeds & 2 Modes IP-54, and Fully-Adj","1","amazon.co.uk","Seller","TOTNES","","TQ9 5","MarketplaceFacilitator","29.17","5.83","0","0","0","0","0","0","-5.83","-5.25","0","-0.11","0","23.81","Released","12 May 2026 17:36:48 UTC"
"2 May 2026 12:59:47 UTC","26948042122","Delivery Services","202-5405954-1563524","","ReturnPostageBilling","","","","","","","","0","0","0","0","0","0","0","0","0","0","0","0","-2.73","-2.73","Released","2 May 2026 12:59:47 UTC"
"2 May 2026 13:44:12 UTC","27033762562","Order","202-6598384-7671508","304113-2014-UK-FBM","VIVOSUN Grow Tent Small 50x36x54 CM (19.7""x14.2""x21.3"") Grow Tent Mini with Highly Reflective Mylar Sealed Floor Design, Ventilation Window, Cable Ent","1","amazon.co.uk","Seller","SWADLINCOTE","","DE12 6","MarketplaceFacilitator","33.32","6.67","0","0","0","0","0","0","-6.67","-6.00","0","-0.12","0","27.20","Released","13 May 2026 19:36:45 UTC"
"2 May 2026 13:55:24 UTC","26948042122","Order","026-2584148-5062747","311003-5-UK","VIVOSUN Gardening Scissors 6.5 Inch Hand Pruner Shear with Titanium Coated Blades, Pruning Shear for Plants, Flowers, Hedges 1-Pack Blue","1","amazon.co.uk","Amazon","Northampton","Northamptonshire","NN2 8","MarketplaceFacilitator","4.01","0.80","0.27","0.06","0","0","-0.27","-0.06","-0.80","-0.72","-1.70","-0.04","0","1.55","Released","9 May 2026 20:30:02 UTC"
"2 May 2026 14:33:36 UTC","26948042122","Refund","202-5405954-1563524","VSGB-25-UK-FBM","VIVOSUN Grow Bags 5-Pack 95L, 500G Thick Nonwoven Fabric Pots with Strap Handles, Multi-Purpose Rings, for Low Stress Plant Training Fruits, Vegetable","1","amazon.co.uk","Seller","BEESTON","","NG9 3","MarketplaceFacilitator","-25.49","-5.10","0","0","0","0","0","0","5.10","3.67","0","0.09","0","-21.73","Released","2 May 2026 14:33:36 UTC"
"2 May 2026 15:11:33 UTC","27033762562","Order","203-3476335-6334749","TN-44-UK-FBM","VIVOSUN Garden Netting 120 x 120 cm, Elastic Trellis Net with 4 Hooks for Climbing Plants Vegetables Fruits and Flowers","1","amazon.co.uk","Seller","HARWICH","Essex","CO12 3","MarketplaceFacilitator","12.74","2.55","0","0","0","0","0","0","-2.55","-2.29","0","-0.05","0","10.40","Released","13 May 2026 23:08:36 UTC"
"2 May 2026 15:41:04 UTC","27033762562","Order","203-3069995-1893157","305131-PEN-UK-M","VIVOSUN Digital pH Meter, 0.01pH High Accuracy Pen Type pH Tester for Hydroponics, Household Drinking, Pool and Aquarium, UL Certified","1","amazon.co.uk","Seller","KIRKWHELPINGTON","","NE19 2","MarketplaceFacilitator","5.83","1.17","0","0","0","0","0","0","-1.17","-1.05","0","-0.02","0","4.76","Released","13 May 2026 14:29:31 UTC"
"2 May 2026 15:41:35 UTC","27033762562","Order","204-2895167-7018737","333101-G2J-UK-FBM","VIVOSUN Grow Room Glasses, LED Safety Goggles for Indoor Grow Tents and Hydroponics with UVA&UVB Protect, Incl. Glasses Case, 2-Pack","1","amazon.co.uk","Seller","LONDON","","E17 7","MarketplaceFacilitator","16.42","3.29","0","0","0","0","0","0","-3.29","-2.96","0","-0.06","0","13.40","Released","13 May 2026 13:46:53 UTC"
"2 May 2026 16:16:51 UTC","26948042122","Order","203-9965703-0949910","311003-5-UK","VIVOSUN Gardening Scissors 6.5 Inch Hand Pruner Shear with Titanium Coated Blades, Pruning Shear for Plants, Flowers, Hedges 1-Pack Blue","1","amazon.co.uk","Amazon","Egham","Surrey","TW20 8","MarketplaceFacilitator","4.01","0.80","0.82","0.17","0","0","-0.82","-0.17","-0.80","-0.72","-1.70","-0.04","0","1.55","Released","9 May 2026 23:28:42 UTC"
"2 May 2026 16:23:25 UTC","26948042122","Order","026-9530088-4388313","311003-5-UK","VIVOSUN Gardening Scissors 6.5 Inch Hand Pruner Shear with Titanium Coated Blades, Pruning Shear for Plants, Flowers, Hedges 1-Pack Blue","1","amazon.co.uk","Amazon","CLANFIELD","","PO8 0","MarketplaceFacilitator","4.01","0.80","0","0","0","0","0","0","-0.80","-0.72","-1.70","-0.04","0","1.55","Released","10 May 2026 23:52:58 UTC"
"2 May 2026 16:23:26 UTC","26948042122","Order","026-5022601-0150762","311003-5-UK","VIVOSUN Gardening Scissors 6.5 Inch Hand Pruner Shear with Titanium Coated Blades, Pruning Shear for Plants, Flowers, Hedges 1-Pack Blue","1","amazon.co.uk","Amazon","PORTSMOUTH","","PO2 0","MarketplaceFacilitator","4.01","0.80","0","0","0","0","0","0","-0.80","-0.72","-1.70","-0.04","0","1.55","Released","10 May 2026 23:46:18 UTC"
"2 May 2026 16:31:11 UTC","26948042122","Order","204-8493833-2539566","VSV-AZT4E42A-UK","VIVOSUN Inline Duct Fan 4 inch/100 mm with E42A WiFi-App Controller, Quiet Extractor Fan 357 m³/h with EC Motor Exhaust Fan for Heating, Cooling, Gre","1","amazon.co.uk","Amazon","TRANENT","","EH33 2","MarketplaceFacilitator","75.82","15.17","0","0","0","0","0","0","-15.17","-13.65","-3.59","-0.34","0","58.24","Released","10 May 2026 22:15:47 UTC"
"2 May 2026 16:31:37 UTC","26948042122","Order","206-8641052-2881110","306146-0616-UK","VIVOSUN 6 Inch Air Carbon Filter Smelliness Control with Australia Virgin Charcoal for Inline Fan, Grow Tent Smelliniss Scrubber, Pre-Filter Included,","1","amazon.co.uk","Amazon","MOTHERWELL","","ML1 2","MarketplaceFacilitator","59.16","11.83","0","0","0","0","0","0","-11.83","-10.65","-3.43","-0.28","0","44.80","Released","10 May 2026 20:32:15 UTC"
"2 May 2026 16:42:01 UTC","27033762562","Order","026-4680304-2057934","VSI-FFD2-UK-FBM","VIVOSUN FlexFeed Drip Irrigation Kit, 4W Automatic Irrigation System with Pump & 4 Drip Emitters, App-Controllable Professional Plant Watering Drip Ki","1","amazon.co.uk","Seller","PORTAVOGIE","","BT22 1","MarketplaceFacilitator","19.99","4.00","0","0","0","0","0","0","-4.00","-3.60","0","-0.07","0","16.32","Released","14 May 2026 15:35:59 UTC"
"2 May 2026 17:01:34 UTC","26948042122","Order","204-4134684-4770739","VSF-AWE6G-UK-FBM","VIVOSUN Grow Fan with Clip, 15 cm/6 Inch Grow Tent Fan, 10 Speeds Smart App Control, IP54 with Automatic Oscillation AeroWave E6 for Grow Tent, Green","1","amazon.co.uk","Seller","MANSFIELD","Nottinghamshire","NG21 0","MarketplaceFacilitator","24.17","4.83","0","0","0","0","0","0","-4.83","-4.35","0","-0.09","0","19.73","Released","12 May 2026 19:54:09 UTC"
"2 May 2026 17:04:55 UTC","27033762562","Order","026-8423885-4186725","305140-PEN-UK","VIVOSUN Digital pH and TDS Meter Kits, 0.01pH High Accuracy Pen Type pH Meter ± 2% Readout Accuracy 3-in-1 TDS EC Temperature Meter for Hydroponics,","1","amazon.co.uk","Seller","MANSFIELD","","NG19 7","MarketplaceFacilitator","12.50","2.50","0","0","0","0","0","0","-2.50","-2.25","0","-0.05","0","10.20","Released","13 May 2026 21:59:27 UTC"
"2 May 2026 17:22:23 UTC","26948042122","Order","202-7106186-2959505","311001-3x5-UK-N","VIVOSUN Grow Bags 5 Pack 12L, Heavy Duty Thickened Nonwoven Fabric Pots with Strong Handles for Vegetables, Flowers, Fruits, Greenhouse and Garden","1","amazon.co.uk","Amazon","GLASGOW","","G32 6","MarketplaceFacilitator","11.32","2.27","0","0","0","0","0","0","-2.27","-2.04","-3.20","-0.10","0","5.98","Released","10 May 2026 21:17:05 UTC"
"2 May 2026 17:22:38 UTC","26948042122","Order","203-8171459-8189130","VSV-AZG6-UK","VIVOSUN AeroZesh G6 Inline Duct Fan 6inch/150 mm Extractor Fan 660 m³/h with E12 Speed Controller and Entirely Programmable PWM-Controlled EC Fan for","1","amazon.co.uk","Amazon","grimsby","lincolnshire","DN345","MarketplaceFacilitator","54.17","10.83","0","0","0","0","0","0","-10.83","-9.75","-3.43","-0.27","0","40.72","Released","10 May 2026 17:16:48 UTC"
"2 May 2026 17:47:14 UTC","26948042122","Order","205-2415540-6912363","VSF-AWE6G-UK-FBM","VIVOSUN Grow Fan with Clip, 15 cm/6 Inch Grow Tent Fan, 10 Speeds Smart App Control, IP54 with Automatic Oscillation AeroWave E6 for Grow Tent, Green","1","amazon.co.uk","Seller","CHIPPENHAM","","SN15 3","MarketplaceFacilitator","24.17","4.83","0","0","0","0","0","0","-4.83","-4.35","0","-0.09","0","19.73","Released","12 May 2026 15:31:23 UTC"
"2 May 2026 17:47:31 UTC","27033762562","Order","203-8900235-3763504","306104-4C-UK","VIVOSUN Flex Air Aluminum Duct for Ventilation 4 Inch 25 Feet, 2 Clamps Included, Long Heavy-Duty Multi-Layer Dryer Hose Vent Kit, Duct Fan Systems","1","amazon.co.uk","Seller","BASINGSTOKE","","RG24 7","MarketplaceFacilitator","19.16","3.83","0","0","0","0","0","0","-3.83","-2.99","0","-0.06","0","16.11","Released","14 May 2026 19:00:35 UTC"
"2 May 2026 17:58:36 UTC","27033762562","Order","204-8344150-0621956","305140-PEN-UK","VIVOSUN Digital pH and TDS Meter Kits, 0.01pH High Accuracy Pen Type pH Meter ± 2% Readout Accuracy 3-in-1 TDS EC Temperature Meter for Hydroponics,","1","amazon.co.uk","Seller","HAYLE","","TR27 6","MarketplaceFacilitator","12.50","2.50","0","0","0","0","0","0","-2.50","-2.25","0","-0.05","0","10.20","Released","13 May 2026 12:42:37 UTC"
"2 May 2026 18:10:19 UTC","26948042122","Order","026-1120326-9733105","306143-0412-UK-N","VIVOSUN 4 Inch Air Carbon Filter Odor Control with Australia Virgin Charcoal for Inline Fan, Grow Tent Odor Scrubber Indoor Hydroponics, Pre-filter In","1","amazon.co.uk","Amazon","BANGOR","","BT19 1","MarketplaceFacilitator","26.82","5.37","0","0","0","0","0","0","-5.37","-4.83","-3.39","-0.17","0","18.43","Released","11 May 2026 23:04:14 UTC"
"2 May 2026 18:38:27 UTC","27033762562","Order","203-2307813-0376336","311003-4-UK-FBM","VIVOSUN Gardening Scissors 17cm Hand Pruner Pruning Shear with Straight Blades and Titanium Non-Stick Coating Rose Scissors Orange","1","amazon.co.uk","Seller","BELFAST","Co Antrim","BT6 0","MarketplaceFacilitator","8.32","1.67","0","0","0","0","0","0","-1.67","-1.50","0","-0.03","0","6.79","Released","14 May 2026 21:39:30 UTC"
"2 May 2026 19:25:54 UTC","26948042122","Order","205-2570261-7312348","VSF-AWE6G-UK-FBM","VIVOSUN Grow Fan with Clip, 15 cm/6 Inch Grow Tent Fan, 10 Speeds Smart App Control, IP54 with Automatic Oscillation AeroWave E6 for Grow Tent, Green","1","amazon.co.uk","Seller","LONDON","","NW9 5","MarketplaceFacilitator","24.17","4.83","0","0","0","0","0","0","-4.83","-4.35","0","-0.09","0","19.73","Released","12 May 2026 22:13:03 UTC"
"2 May 2026 19:38:13 UTC","26948042122","Order","205-9654101-4297955","311003-5-UK","VIVOSUN Gardening Scissors 6.5 Inch Hand Pruner Shear with Titanium Coated Blades, Pruning Shear for Plants, Flowers, Hedges 1-Pack Blue","1","amazon.co.uk","Amazon","CHORLEY","","PR6 8","MarketplaceFacilitator","4.01","0.80","0","0","0","0","0","0","-0.80","-0.72","-1.70","-0.04","0","1.55","Released","10 May 2026 23:03:49 UTC"
"2 May 2026 20:07:42 UTC","26948042122","Order","203-5263623-7481158","311003-5-UK","VIVOSUN Gardening Scissors 6.5 Inch Hand Pruner Shear with Titanium Coated Blades, Pruning Shear for Plants, Flowers, Hedges 1-Pack Blue","1","amazon.co.uk","Amazon","EDINBURGH","","EH3 5","MarketplaceFacilitator","4.01","0.80","0","0","0","0","0","0","-0.80","-0.72","-1.70","-0.04","0","1.55","Released","10 May 2026 16:44:50 UTC"
"2 May 2026 20:08:29 UTC","26948042122","Order","026-8576237-2046708","311003-5-UK","VIVOSUN Gardening Scissors 6.5 Inch Hand Pruner Shear with Titanium Coated Blades, Pruning Shear for Plants, Flowers, Hedges 1-Pack Blue","1","amazon.co.uk","Amazon","HELENSBURGH","","G84 7","MarketplaceFacilitator","4.01","0.80","0","0","0","0","0","0","-0.80","-0.72","-1.70","-0.04","0","1.55","Released","10 May 2026 19:47:55 UTC"
"2 May 2026 20:47:35 UTC","26948042122","Order","026-4267911-5061144","VSV-AZG4-UK","VIVOSUN AeroZesh G4 Inline Duct Fan 100 mm Extractor Fan 331 m³/h with E12 Speed Controller and Fully Programmable PWM-Controlled EC Fan for Grow Ten","1","amazon.co.uk","Amazon","ST. NEOTS","","PE19 1","MarketplaceFacilitator","65.82","13.16","0","0","0","0","0","0","-13.16","-11.85","-3.42","-0.31","0","50.24","Released","10 May 2026 21:45:41 UTC"
"2 May 2026 20:57:32 UTC","26948042122","Order","206-3537101-5961100","311003-5-UK","VIVOSUN Gardening Scissors 6.5 Inch Hand Pruner Shear with Titanium Coated Blades, Pruning Shear for Plants, Flowers, Hedges 1-Pack Blue","1","amazon.co.uk","Amazon","TUMBLE","","SA14 6","MarketplaceFacilitator","4.01","0.80","0","0","0","0","0","0","-0.80","-0.72","-1.70","-0.04","0","1.55","Released","10 May 2026 23:14:14 UTC"
"2 May 2026 21:01:10 UTC","26948042122","Order","203-1506432-2355528","304113-P276-UK","VIVOSUN Pro Grow Tent 80x80x160 CM (32""x32""x63""), with Thick 22 mm Poles, 2000DOxford Fabric with Highly Reflective Mylar Extra Hanging Poles, Growbox","1","amazon.co.uk","Amazon","STOKE TRISTER","","BA9 9","MarketplaceFacilitator","68.33","13.67","0","0","0","0","0","0","-13.67","-12.30","-6.09","-0.37","0","49.57","Released","11 May 2026 23:39:26 UTC"
"2 May 2026 21:10:48 UTC","26948042122","Order","206-5693978-6485117","306143-0412-UK-N","VIVOSUN 4 Inch Air Carbon Filter Odor Control with Australia Virgin Charcoal for Inline Fan, Grow Tent Odor Scrubber Indoor Hydroponics, Pre-filter In","1","amazon.co.uk","Amazon","THORNTON-CLEVELEYS","Lancashire","FY5 3","MarketplaceFacilitator","26.82","5.37","0","0","0","0","0","0","-5.37","-4.83","-3.39","-0.17","0","18.43","Released","11 May 2026 00:07:56 UTC"
"2 May 2026 21:27:45 UTC","26948042122","Order","205-7957248-0893900","311003-5-UK","VIVOSUN Gardening Scissors 6.5 Inch Hand Pruner Shear with Titanium Coated Blades, Pruning Shear for Plants, Flowers, Hedges 1-Pack Blue","1","amazon.co.uk","Amazon","PEACEHAVEN","","BN10 8","MarketplaceFacilitator","4.01","0.80","0","0","0","0","0","0","-0.80","-0.72","-1.70","-0.04","0","1.55","Released","10 May 2026 22:41:04 UTC"
"2 May 2026 22:46:40 UTC","26948042122","Order","205-8493297-1825152","311003-5-UK","VIVOSUN Gardening Scissors 6.5 Inch Hand Pruner Shear with Titanium Coated Blades, Pruning Shear for Plants, Flowers, Hedges 1-Pack Blue","1","amazon.co.uk","Amazon","ROCHDALE","","OL12 9","MarketplaceFacilitator","4.01","0.80","0","0","0","0","0","0","-0.80","-0.72","-1.70","-0.04","0","1.55","Released","10 May 2026 20:33:21 UTC"
"2 May 2026 22:57:36 UTC","26948042122","Order","205-9137539-2849118","311001-3x5-UK-N","VIVOSUN Grow Bags 5 Pack 12L, Heavy Duty Thickened Nonwoven Fabric Pots with Strong Handles for Vegetables, Flowers, Fruits, Greenhouse and Garden","2","amazon.co.uk","Amazon","Romford","Essex","RM3 9","MarketplaceFacilitator","22.64","4.54","1.87","0.38","0","0","-1.87","-0.38","-4.54","-4.08","-6.40","-0.21","0","11.95","Released","10 May 2026 19:50:42 UTC"
"2 May 2026 23:20:19 UTC","26948042122","Order","202-2194049-7537143","311003-5-UK","VIVOSUN Gardening Scissors 6.5 Inch Hand Pruner Shear with Titanium Coated Blades, Pruning Shear for Plants, Flowers, Hedges 1-Pack Blue","1","amazon.co.uk","Amazon","GIRVAN","Ayrshire","KA26 0","MarketplaceFacilitator","4.01","0.80","0","0","0","0","0","0","-0.80","-0.72","-1.70","-0.04","0","1.55","Released","10 May 2026 22:40:00 UTC"
"2 May 2026 23:58:35 UTC","26948042122","Refund","203-6562321-3240339","311003-5-UK","VIVOSUN Gardening Scissors 6.5 Inch Hand Pruner Shear with Titanium Coated Blades, Pruning Shear for Plants, Flowers, Hedges 1-Pack Blue","1","amazon.co.uk","Amazon","HAMILTON","","ML3 8","MarketplaceFacilitator","-4.01","-0.80","0","0","0","0","0","0","0.80","0.58","0","0.01","0","-3.42","Released","9 May 2026 21:15:54 UTC"
"3 May 2026 00:33:01 UTC","26948042122","Order","026-2327241-7435522","332022-2-UK","VIVOSUN 2-Pack 30X 60X Illuminated Jewelers Loupe Foldable Magnifier with LED Light for Jewelry Gems Watches Coins Stamps Antiques Black","1","amazon.co.uk","Amazon","HAVERHILL","","CB9 9","MarketplaceFacilitator","7.78","1.56","0","0","0","0","0","0","-1.56","-1.40","-2.74","-0.08","0","3.56","Released","10 May 2026 20:35:29 UTC"
"3 May 2026 00:58:53 UTC","27033762562","Order","202-7992440-8398752","VSE-ASH05-UK-FBM","VIVOSUN AeroStream H05 Intelligent Wi-Fi Humidifier 5 L, Plant Humidifier with Temp & Humidity Probe, Smart Remote VPD Control, Designed for Growers G","1","amazon.co.uk","Seller","Newport","Isle of Wight","PO303","MarketplaceFacilitator","58.32","11.67","0","0","0","0","0","0","-11.67","-10.50","0","-0.21","0","47.61","Released","13 May 2026 20:38:47 UTC"
"3 May 2026 01:43:20 UTC","26948042122","Order","205-2075469-5845919","VSF-AWE6G-UK-FBM","VIVOSUN Grow Fan with Clip, 15 cm/6 Inch Grow Tent Fan, 10 Speeds Smart App Control, IP54 with Automatic Oscillation AeroWave E6 for Grow Tent, Green","1","amazon.co.uk","Seller","MEXBOROUGH","South yorkshire","S64 0","MarketplaceFacilitator","24.17","4.83","0","0","0","0","0","0","-4.83","-4.35","0","-0.09","0","19.73","Released","12 May 2026 14:04:48 UTC"
"3 May 2026 01:44:47 UTC","26948042122","Order","203-9323082-8054746","311003-5-UK","VIVOSUN Gardening Scissors 6.5 Inch Hand Pruner Shear with Titanium Coated Blades, Pruning Shear for Plants, Flowers, Hedges 1-Pack Blue","1","amazon.co.uk","Amazon","WORTHING","","BN14 7","MarketplaceFacilitator","4.01","0.80","0","0","0","0","0","0","-0.80","-0.72","-1.70","-0.04","0","1.55","Released","10 May 2026 22:37:01 UTC"
"3 May 2026 02:34:45 UTC","26948042122","Order","203-6839749-1395512","311003-5-UK","VIVOSUN Gardening Scissors 6.5 Inch Hand Pruner Shear with Titanium Coated Blades, Pruning Shear for Plants, Flowers, Hedges 1-Pack Blue","1","amazon.co.uk","Amazon","BANBURY","","OX16 1","MarketplaceFacilitator","4.01","0.80","0","0","0","0","0","0","-0.80","-0.72","-1.70","-0.04","0","1.55","Released","10 May 2026 22:59:29 UTC"
"3 May 2026 02:46:37 UTC","26948042122","Order","204-8669574-8247545","311003-5-UK","VIVOSUN Gardening Scissors 6.5 Inch Hand Pruner Shear with Titanium Coated Blades, Pruning Shear for Plants, Flowers, Hedges 1-Pack Blue","1","amazon.co.uk","Amazon","LONDON","","W7 2","MarketplaceFacilitator","4.01","0.80","0","0","0","0","0","0","-0.80","-0.72","-1.70","-0.04","0","1.55","Released","10 May 2026 22:31:58 UTC"
"3 May 2026 02:46:46 UTC","26948042122","Order","205-1636579-9199563","311003-5-UK","VIVOSUN Gardening Scissors 6.5 Inch Hand Pruner Shear with Titanium Coated Blades, Pruning Shear for Plants, Flowers, Hedges 1-Pack Blue","1","amazon.co.uk","Amazon","Maidenhead","Berkshire","SL6 7","MarketplaceFacilitator","4.01","0.80","0","0","0","0","0","0","-0.80","-0.72","-1.70","-0.04","0","1.55","Released","10 May 2026 22:57:59 UTC"
"3 May 2026 03:09:31 UTC","26948042122","Order","204-5860262-3234707","311003-5-UK","VIVOSUN Gardening Scissors 6.5 Inch Hand Pruner Shear with Titanium Coated Blades, Pruning Shear for Plants, Flowers, Hedges 1-Pack Blue","1","amazon.co.uk","Amazon","Wakefield","West Yorkshire","WF1 3","MarketplaceFacilitator","4.01","0.80","0","0","0","0","0","0","-0.80","-0.72","-1.70","-0.04","0","1.55","Released","10 May 2026 22:06:33 UTC"
"3 May 2026 03:25:57 UTC","26948042122","Order","202-2185196-3293943","330701-01-UK","VIVOSUN Garden Netting 5 x 15ft. Plant Trellis Netting, Heavy-Duty Polyester Grow Net, Garden Trellis Netting with Square Mesh for Climbing Plants, Ve","2","amazon.co.uk","Amazon","NEWPORT","","NP20 5","MarketplaceFacilitator","14.98","3.00","0","0","0","0","0","0","-3.00","-2.70","-3.39","-0.12","0","8.77","Released","10 May 2026 23:02:31 UTC"
"3 May 2026 04:03:13 UTC","26948042122","Order","204-4313141-1767537","LH-001-2-UK","VIVOSUN 2-Pair 1/8 Inch Adjustable Grow Light Hangers, Heavy Duty Rope Hanger with Reinforced Metal Gears, 8Ft. Long and 150 lbs Weight Capacity Rope","1","amazon.co.uk","Amazon","TAMWORTH","Staffs","B78 1","MarketplaceFacilitator","6.67","1.33","0","0","0","0","0","0","-1.33","-1.20","-2.69","-0.07","0","2.71","Released","10 May 2026 23:56:33 UTC"
"3 May 2026 04:03:58 UTC","26948042122","Order","202-4336080-6559513","311003-5-UK","VIVOSUN Gardening Scissors 6.5 Inch Hand Pruner Shear with Titanium Coated Blades, Pruning Shear for Plants, Flowers, Hedges 1-Pack Blue","1","amazon.co.uk","Amazon","Rathfarnham","","","MarketplaceFacilitator","4.01","0.92","0","0","0","0","0","0","-0.92","-0.72","-1.70","-0.04","0","1.55","Released","11 May 2026 22:12:13 UTC"
"3 May 2026 04:04:38 UTC","26948042122","Order","205-9295297-7456331","311003-5-UK","VIVOSUN Gardening Scissors 6.5 Inch Hand Pruner Shear with Titanium Coated Blades, Pruning Shear for Plants, Flowers, Hedges 1-Pack Blue","1","amazon.co.uk","Amazon","BILLINGSHURST","","RH14 9","MarketplaceFacilitator","4.01","0.80","0","0","0","0","0","0","-0.80","-0.72","-1.70","-0.04","0","1.55","Released","10 May 2026 16:10:48 UTC"
"3 May 2026 06:58:10 UTC","26948042122","Order","206-4352778-3599505","GT-Pole-UK-M","VIVOSUN Grow Tent High CFM Kit, Green Pole Range of 24""-48"", Suitable for 2'x2', 3'x3', 4'x2' and 4'x4'Grow Tent, 4-Pack","1","amazon.co.uk","Seller","GLOSSOP","","SK13 8","MarketplaceFacilitator","25.83","5.17","0","0","0","0","0","0","-5.17","-4.65","0","-0.09","0","21.09","Released","12 May 2026 11:49:05 UTC"
"3 May 2026 10:49:32 UTC","27033762562","Order","206-8609534-0271550","332021-UK-FBM","VIVOSUN 30X 60X Illuminated Jewelers Loupe Foldable Magnifier with LED Light for Jewelry Gems Watches Coins Stamps Antiques, White","1","amazon.co.uk","Seller","ERSKINE","","PA8 6","MarketplaceFacilitator","9.16","1.83","0","0","0","0","0","0","-1.83","-0.88","0","-0.02","0","8.26","Released","14 May 2026 22:22:43 UTC"
"3 May 2026 10:49:32 UTC","27033762562","Order","206-8609534-0271550","305140-PEN-UK","VIVOSUN Digital pH and TDS Meter Kits, 0.01pH High Accuracy Pen Type pH Meter ± 2% Readout Accuracy 3-in-1 TDS EC Temperature Meter for Hydroponics,","1","amazon.co.uk","Seller","ERSKINE","","PA8 6","MarketplaceFacilitator","12.50","2.50","0","0","0","0","0","0","-2.50","-2.25","0","-0.05","0","10.20","Released","14 May 2026 22:22:43 UTC"
"3 May 2026 11:06:37 UTC","27033762562","Order","202-9703204-6562717","TN-44-UK-FBM","VIVOSUN Garden Netting 120 x 120 cm, Elastic Trellis Net with 4 Hooks for Climbing Plants Vegetables Fruits and Flowers","1","amazon.co.uk","Seller","HEATHFIELD","","TN21 9","MarketplaceFacilitator","12.74","2.55","0","0","0","0","0","0","-2.55","-2.29","0","-0.05","0","10.40","Released","13 May 2026 14:09:16 UTC"
"3 May 2026 12:19:30 UTC","26948042122","Order","205-4710131-1643501","VSF-AWD4W-UK","VIVOSUN AeroWave D4, 4"" Grow Tent Clip Fan with Detachable Hook, 3-Speed Strong & Quiet Airflow, Adjustable Airflow Angle for Hydroponics, Circulation","1","amazon.co.uk","Seller","Ebbw Vale","GWENT","NP23 6","MarketplaceFacilitator","15.82","3.17","0","0","0","0","0","0","-3.17","-2.85","0","-0.06","0","12.91","Released","12 May 2026 23:47:47 UTC"
"3 May 2026 12:31:13 UTC","27033762562","Order","204-5848604-7321147","305140-PEN-UK","VIVOSUN Digital pH and TDS Meter Kits, 0.01pH High Accuracy Pen Type pH Meter ± 2% Readout Accuracy 3-in-1 TDS EC Temperature Meter for Hydroponics,","1","amazon.co.uk","Seller","TUNBRIDGE WELLS","","TN2 3","MarketplaceFacilitator","12.50","2.50","0","0","0","0","0","0","-2.50","-2.25","0","-0.05","0","10.20","Released","13 May 2026 16:32:21 UTC"
"3 May 2026 13:38:04 UTC","27033762562","Order","202-0470768-7858738","VSI-FFD2-UK-FBM","VIVOSUN FlexFeed Drip Irrigation Kit, 4W Automatic Irrigation System with Pump & 4 Drip Emitters, App-Controllable Professional Plant Watering Drip Ki","1","amazon.co.uk","Seller","CASHES GREEN","","GL5 4","MarketplaceFacilitator","19.99","4.00","0","0","0","0","0","0","-4.00","-3.60","0","-0.07","0","16.32","Released","13 May 2026 12:30:18 UTC"
"3 May 2026 14:31:18 UTC","27033762562","Order","203-6853771-5122750","305140-PEN-UK","VIVOSUN Digital pH and TDS Meter Kits, 0.01pH High Accuracy Pen Type pH Meter ± 2% Readout Accuracy 3-in-1 TDS EC Temperature Meter for Hydroponics,","1","amazon.co.uk","Seller","ST. LEONARDS-ON-SEA","","TN37 6","MarketplaceFacilitator","12.50","2.50","0","0","0","0","0","0","-2.50","-2.25","0","-0.05","0","10.20","Released","14 May 2026 16:50:34 UTC"
"3 May 2026 14:31:24 UTC","26948042122","Order","203-2462556-2699506","311003-5-UK","VIVOSUN Gardening Scissors 6.5 Inch Hand Pruner Shear with Titanium Coated Blades, Pruning Shear for Plants, Flowers, Hedges 1-Pack Blue","1","amazon.co.uk","Amazon","BELFAST","","BT5 6","MarketplaceFacilitator","4.01","0.80","0","0","0","0","0","0","-0.80","-0.72","-1.70","-0.04","0","1.55","Released","11 May 2026 21:44:48 UTC"
"3 May 2026 14:45:35 UTC","27033762562","Order","206-3672328-6220361","311001-20x5-UK-FBM","VIVOSUN Plant Grow Bags 5 Pack 80L, Heavy Duty Thickened Nonwoven Fabric Pots with Strong Handles, Reusable Breathable Garden Growing Containers for V","1","amazon.co.uk","Seller","NEWPORT","","TF10 8","MarketplaceFacilitator","22.49","4.50","0","0","0","0","0","0","-4.50","-4.05","0","-0.08","0","18.36","Released","13 May 2026 12:00:45 UTC"
"3 May 2026 15:17:14 UTC","27033762562","Order","205-6851997-0357920","VSGB-7-UK-M","VIVOSUN Grow Bags 5-Pack 30L, 500G Thick Nonwoven Fabric Pots with Strap Handles, Multi-Purpose Rings, for Low Stress Plant Training Fruits, Vegetable","1","amazon.co.uk","Seller","Wolverhampton","West Midlands","WV11 1","MarketplaceFacilitator","13.33","2.67","0","0","0","0","0","0","-2.67","-2.40","0","-0.05","0","10.88","Released","13 May 2026 12:37:24 UTC"
"3 May 2026 15:35:36 UTC","26948042122","Order","203-0065769-3401152","311003-5-UK","VIVOSUN Gardening Scissors 6.5 Inch Hand Pruner Shear with Titanium Coated Blades, Pruning Shear for Plants, Flowers, Hedges 1-Pack Blue","1","amazon.co.uk","Amazon","LONDON","","SE6 1","MarketplaceFacilitator","4.01","0.80","0.42","0.08","0","0","-0.42","-0.08","-0.80","-0.72","-1.70","-0.04","0","1.55","Released","10 May 2026 20:54:16 UTC"
"3 May 2026 15:38:31 UTC","26948042122","Order","206-5912376-8372342","311003-5-UK","VIVOSUN Gardening Scissors 6.5 Inch Hand Pruner Shear with Titanium Coated Blades, Pruning Shear for Plants, Flowers, Hedges 1-Pack Blue","1","amazon.co.uk","Amazon","TONBRIDGE","","TN9 2","MarketplaceFacilitator","4.01","0.80","0.55","0.11","0","0","-0.55","-0.11","-0.80","-0.72","-1.70","-0.04","0","1.55","Released","10 May 2026 20:58:08 UTC"
"3 May 2026 16:23:11 UTC","26948042122","Order","026-3420791-3229961","330101CNJ-UK-FBM","VIVOSUN Seedling Heat Mat with Digital Thermostat 10""X20.75"", UL & MET Certified, Fast Heating, Waterproof Propagation Warming Mat for Germination, Ho","1","amazon.co.uk","Seller","NEWPORT","","NP10 9","MarketplaceFacilitator","19.17","3.83","0","0","0","0","0","0","-3.83","-3.45","0","-0.07","0","15.65","Released","12 May 2026 23:22:09 UTC"
"3 May 2026 16:23:30 UTC","26948042122","Order","202-9094728-6371532","311001-3x5-UK-N","VIVOSUN Grow Bags 5 Pack 12L, Heavy Duty Thickened Nonwoven Fabric Pots with Strong Handles for Vegetables, Flowers, Fruits, Greenhouse and Garden","1","amazon.co.uk","Amazon","SLOUGH","","SL2 4","MarketplaceFacilitator","11.32","2.27","0.82","0.17","0","0","-0.82","-0.17","-2.27","-2.04","-3.20","-0.10","0","5.98","Released","10 May 2026 22:44:20 UTC"
"3 May 2026 16:53:55 UTC","26948042122","Order","204-3828796-0949947","VSV-AZG6-UK","VIVOSUN AeroZesh G6 Inline Duct Fan 6inch/150 mm Extractor Fan 660 m³/h with E12 Speed Controller and Entirely Programmable PWM-Controlled EC Fan for","2","amazon.co.uk","Amazon","Derby","England","DE74 2","","108.34","21.66","0","0","0","0","0","0","0","-19.50","-6.87","0","0","103.63","Released","12 May 2026 19:31:23 UTC"
"3 May 2026 17:04:08 UTC","26948042122","Order","203-8914234-7168332","VSF-AWD4-UK","VIVOSUN AeroWave D4, 4"" Grow Tent Clip Fan with Detachable Hook, 3-Speed Strong & Quiet Airflow, Adjustable Airflow Angle for Hydroponics, Circulation","1","amazon.co.uk","Seller","SOUTHEND-ON-SEA","Essex","SS1 2","MarketplaceFacilitator","16.66","3.33","0","0","0","0","0","0","-3.33","-3.00","0","-0.06","0","13.60","Released","12 May 2026 21:26:43 UTC"
"3 May 2026 17:34:00 UTC","26948042122","Adjustment","205-6209961-3818745","304113-33-UK","FBA Inventory Reimbursement - Customer Return","1","","","","","","","0","0","0","0","0","0","0","0","0","0","0","0","66.91","66.91","Released","3 May 2026 17:34:00 UTC"
"3 May 2026 18:20:24 UTC","26948042122","Order","204-7526692-2653117","311003-5-UK","VIVOSUN Gardening Scissors 6.5 Inch Hand Pruner Shear with Titanium Coated Blades, Pruning Shear for Plants, Flowers, Hedges 1-Pack Blue","1","amazon.co.uk","Amazon","CRAWLEY","West Sussex","RH11 7","MarketplaceFacilitator","4.01","0.80","4.16","0.83","0","0","0","0","-1.63","-0.72","-5.86","-0.12","0","1.47","Released","11 May 2026 22:51:30 UTC"
"3 May 2026 18:56:44 UTC","26948042122","Order","204-2071693-3249166","311003-5-UK","VIVOSUN Gardening Scissors 6.5 Inch Hand Pruner Shear with Titanium Coated Blades, Pruning Shear for Plants, Flowers, Hedges 1-Pack Blue","1","amazon.co.uk","Amazon","CONISBROUGH","","DN12 2","MarketplaceFacilitator","4.01","0.80","0","0","0","0","0","0","-0.80","-0.72","-1.70","-0.04","0","1.55","Released","11 May 2026 18:34:52 UTC"
"3 May 2026 19:04:09 UTC","26948042122","Order","205-6753393-3006750","VSA100SE-E25-UK","VIVOSUN LED Grow Lamp 100 W Full Spectrum Plant Lamp with Integrated Circulation Fan Grow Light Compatible with App, AeroLight A100SE with GrowHub Con","1","amazon.co.uk","Amazon","WREXHAM","","LL13 0","","72.91","14.58","3.74","0.75","0","0","-3.12","-0.62","0","-13.12","-6.34","0","0","68.78","Released","11 May 2026 19:24:32 UTC"
"3 May 2026 19:08:29 UTC","27033762562","Order","205-2363112-4593136","VSGB-15-UK-FBM","VIVOSUN Grow Bags 5-Pack 60L, 500G Thick Nonwoven Fabric Pots with Strap Handles, Multi-Purpose Rings, for Low Stress Plant Training Fruits, Vegetable","1","amazon.co.uk","Seller","ESHER","Surrey","KT10 0","MarketplaceFacilitator","20.82","4.17","0","0","0","0","0","0","-4.17","-3.75","0","-0.08","0","16.99","Released","13 May 2026 16:31:26 UTC"
"3 May 2026 19:20:08 UTC","27033762562","Order","206-6743896-5221905","VSGB-25-UK-FBM","VIVOSUN Grow Bags 5-Pack 95L, 500G Thick Nonwoven Fabric Pots with Strap Handles, Multi-Purpose Rings, for Low Stress Plant Training Fruits, Vegetable","1","amazon.co.uk","Seller","Royston","Hertfordshire","SG8 7","MarketplaceFacilitator","29.99","6.00","0","0","0","0","0","0","-6.00","-5.40","0","-0.11","0","24.48","Released","14 May 2026 23:18:42 UTC"
"3 May 2026 19:28:26 UTC","27033762562","Order","204-5889514-6497912","VSF-AWD4W-UK","VIVOSUN AeroWave D4, 4"" Grow Tent Clip Fan with Detachable Hook, 3-Speed Strong & Quiet Airflow, Adjustable Airflow Angle for Hydroponics, Circulation","1","amazon.co.uk","Seller","BURNTWOOD","","WS7 4","MarketplaceFacilitator","15.82","3.17","0","0","0","0","0","0","-3.17","-2.85","0","-0.06","0","12.91","Released","13 May 2026 11:05:55 UTC"
"3 May 2026 19:43:56 UTC","26948042122","Refund","206-9671005-5297163","311003-5-UK","VIVOSUN Gardening Scissors 6.5 Inch Hand Pruner Shear with Titanium Coated Blades, Pruning Shear for Plants, Flowers, Hedges 1-Pack Blue","1","amazon.co.uk","Amazon","BRISTOL","ENGLAND","BS6 6","MarketplaceFacilitator","-4.01","-0.80","0","0","0","0","0","0","0.80","0.58","0","0.01","0","-3.42","Released","6 May 2026 22:19:50 UTC"
"3 May 2026 20:14:09 UTC","26948042122","Order","203-8845728-5813114","311003-5-UK","VIVOSUN Gardening Scissors 6.5 Inch Hand Pruner Shear with Titanium Coated Blades, Pruning Shear for Plants, Flowers, Hedges 1-Pack Blue","1","amazon.co.uk","Amazon","GUILDFORD","","GU1 1","MarketplaceFacilitator","4.01","0.80","0","0","0","0","0","0","-0.80","-0.72","-1.70","-0.04","0","1.55","Released","11 May 2026 23:24:50 UTC"
"3 May 2026 20:39:58 UTC","26948042122","Order","203-3316534-2930728","311001-3x5-UK-N","VIVOSUN Grow Bags 5 Pack 12L, Heavy Duty Thickened Nonwoven Fabric Pots with Strong Handles for Vegetables, Flowers, Fruits, Greenhouse and Garden","1","amazon.co.uk","Amazon","MELBOURN","","SG8 6","MarketplaceFacilitator","11.32","2.27","0","0","0","0","0","0","-2.27","-2.04","-3.20","-0.10","0","5.98","Released","11 May 2026 21:08:39 UTC"
"3 May 2026 21:00:12 UTC","26948042122","Order","204-2727511-3559538","311003-5-UK","VIVOSUN Gardening Scissors 6.5 Inch Hand Pruner Shear with Titanium Coated Blades, Pruning Shear for Plants, Flowers, Hedges 1-Pack Blue","1","amazon.co.uk","Amazon","GLASGOW","Lanarkshire","G53 7","MarketplaceFacilitator","4.01","0.80","0","0","0","0","0","0","-0.80","-0.72","-1.70","-0.04","0","1.55","Released","11 May 2026 21:10:35 UTC"
"3 May 2026 21:04:35 UTC","26948042122","Order","205-0224003-2216359","311003-5-UK","VIVOSUN Gardening Scissors 6.5 Inch Hand Pruner Shear with Titanium Coated Blades, Pruning Shear for Plants, Flowers, Hedges 1-Pack Blue","1","amazon.co.uk","Amazon","PORTSMOUTH","","PO6 3","MarketplaceFacilitator","4.01","0.80","0.93","0.19","0","0","-0.93","-0.19","-0.80","-0.72","-1.70","-0.04","0","1.55","Released","11 May 2026 22:38:38 UTC"
"3 May 2026 21:19:10 UTC","26948042122","Order","206-1701701-0764330","305131-PEN-UK-M","VIVOSUN Digital pH Meter, 0.01pH High Accuracy Pen Type pH Tester for Hydroponics, Household Drinking, Pool and Aquarium, UL Certified","1","amazon.co.uk","Seller","PRESTON","","PR3 0","MarketplaceFacilitator","5.83","1.17","0","0","0","0","0","0","-1.17","-1.05","0","-0.02","0","4.76","Released","12 May 2026 14:15:48 UTC"
"3 May 2026 21:44:47 UTC","27033762562","Order","202-2747899-9234755","VSGB-10-UK-FBM","VIVOSUN Grow Bags 5-Pack 40L, 500G Thick Nonwoven Fabric Pots with Strap Handles, Multi-Purpose Rings, for Low Stress Plant Training Fruits, Vegetable","1","amazon.co.uk","Seller","RADLETT","","WD7 8","MarketplaceFacilitator","19.16","3.83","0","0","0","0","0","0","-3.83","-3.45","0","-0.07","0","15.64","Released","13 May 2026 13:37:42 UTC"
"3 May 2026 21:47:18 UTC","26948042122","Order","202-1059620-1162762","306143-0412-UK-N","VIVOSUN 4 Inch Air Carbon Filter Odor Control with Australia Virgin Charcoal for Inline Fan, Grow Tent Odor Scrubber Indoor Hydroponics, Pre-filter In","1","amazon.co.uk","Amazon","LONDON","","SE18 3","MarketplaceFacilitator","26.82","5.37","0","0","0","0","0","0","-5.37","-4.83","-3.39","-0.17","0","18.43","Released","11 May 2026 21:11:25 UTC"
"3 May 2026 22:01:44 UTC","26948042122","Order","204-9897919-2405156","332022-2-UK","VIVOSUN 2-Pack 30X 60X Illuminated Jewelers Loupe Foldable Magnifier with LED Light for Jewelry Gems Watches Coins Stamps Antiques Black","1","amazon.co.uk","Amazon","NORTHAMPTON","","NN6 8","MarketplaceFacilitator","7.78","1.56","0","0","0","0","0","0","-1.56","-1.40","-2.74","-0.08","0","3.56","Released","11 May 2026 23:28:47 UTC"
"3 May 2026 23:00:17 UTC","26948042122","Order","204-2514669-2959553","305132-PEN-UK","VIVOSUN TDS Tester 3-in-1 TDS EC & Temperature Meter Ultrahigh Accuracy Digital Water Quality TDS Tester, for Drinking Water, Gardening, Aquariums, Bl","1","amazon.co.uk","Amazon","SHEFFIELD","","S26 1","MarketplaceFacilitator","5.30","1.06","0","0","0","0","0","0","-1.06","-0.95","-2.56","-0.07","0","1.72","Released","11 May 2026 21:43:30 UTC"
"3 May 2026 23:06:57 UTC","26948042122","Order","202-3607232-4085961","311003-5-UK","VIVOSUN Gardening Scissors 6.5 Inch Hand Pruner Shear with Titanium Coated Blades, Pruning Shear for Plants, Flowers, Hedges 1-Pack Blue","1","amazon.co.uk","Amazon","LONDON","","E1W 1","MarketplaceFacilitator","4.01","0.80","0","0","0","0","0","0","-0.80","-0.72","-1.70","-0.04","0","1.55","Released","11 May 2026 20:50:20 UTC"
"3 May 2026 23:20:35 UTC","26948042122","Order","206-3767586-3100344","311003-5-UK","VIVOSUN Gardening Scissors 6.5 Inch Hand Pruner Shear with Titanium Coated Blades, Pruning Shear for Plants, Flowers, Hedges 1-Pack Blue","1","amazon.co.uk","Amazon","LEOMINSTER","","HR6 0","MarketplaceFacilitator","4.01","0.80","0","0","0","0","0","0","-0.80","-0.72","-1.70","-0.04","0","1.55","Released","11 May 2026 22:24:02 UTC"
"3 May 2026 23:34:48 UTC","26948042122","Order","206-7742875-6069117","311003-5-UK","VIVOSUN Gardening Scissors 6.5 Inch Hand Pruner Shear with Titanium Coated Blades, Pruning Shear for Plants, Flowers, Hedges 1-Pack Blue","1","amazon.co.uk","Amazon","HEBBURN","","NE31 2","MarketplaceFacilitator","4.01","0.80","0","0","0","0","0","0","-0.80","-0.72","-1.70","-0.04","0","1.55","Released","11 May 2026 22:12:02 UTC"
"3 May 2026 23:36:19 UTC","26948042122","Order","204-1220270-4447508","311003-5-UK","VIVOSUN Gardening Scissors 6.5 Inch Hand Pruner Shear with Titanium Coated Blades, Pruning Shear for Plants, Flowers, Hedges 1-Pack Blue","1","amazon.co.uk","Amazon","LEDBURY","","HR8 2","MarketplaceFacilitator","4.01","0.80","0","0","0","0","0","0","-0.80","-0.72","-1.70","-0.04","0","1.55","Released","11 May 2026 21:48:07 UTC"
"3 May 2026 23:51:35 UTC","26948042122","Order","026-7840107-4849102","305132-PEN-UK","VIVOSUN TDS Tester 3-in-1 TDS EC & Temperature Meter Ultrahigh Accuracy Digital Water Quality TDS Tester, for Drinking Water, Gardening, Aquariums, Bl","1","amazon.co.uk","Amazon","LLANISHEN","","CF14 5","MarketplaceFacilitator","5.30","1.06","0","0","0","0","0","0","-1.06","-0.95","-2.56","-0.07","0","1.72","Released","11 May 2026 22:12:54 UTC"
"4 May 2026 00:06:30 UTC","27033762562","Order","206-9086997-6984353","305130-PEN-UK-FBM","VIVOSUN Digital pH and TDS Meter Kits, 0.01pH High Accuracy Pen Type pH Meter ± 2% Readout Accuracy 3-in-1 TDS EC Temperature Meter for Hydroponics,","1","amazon.co.uk","Seller","SOHAM","","CB7 5","MarketplaceFacilitator","13.32","2.67","0","0","0","0","0","0","-2.67","-2.40","0","-0.05","0","10.87","Released","13 May 2026 09:15:48 UTC"
"4 May 2026 00:17:55 UTC","27033762562","Order","204-8759053-3861115","VSA100SE-E25-UK","VIVOSUN LED Grow Lamp 100 W Full Spectrum Plant Lamp with Integrated Circulation Fan Grow Light Compatible with App, AeroLight A100SE with GrowHub Con","1","amazon.co.uk","Amazon","CHESTERFIELD","Derbyshire","S43 4","","72.91","14.58","0","0","0","0","0","0","0","-13.12","-5.72","0","0","68.65","Released","14 May 2026 19:20:48 UTC"
"4 May 2026 00:30:42 UTC","26948042122","Order","204-6497605-0345149","311003-5-UK","VIVOSUN Gardening Scissors 6.5 Inch Hand Pruner Shear with Titanium Coated Blades, Pruning Shear for Plants, Flowers, Hedges 1-Pack Blue","1","amazon.co.uk","Amazon","DEWSBURY","","WF12 8","MarketplaceFacilitator","4.01","0.80","0.32","0.06","0","0","-0.32","-0.06","-0.80","-0.72","-1.70","-0.04","0","1.55","Released","11 May 2026 21:09:55 UTC"
"4 May 2026 00:45:16 UTC","26948042122","Order","205-6580669-4681152","TN-33-UK","VIVOSUN Garden Netting 90 x 90 cm Elastic Trellis Net with 4 Hooks Trellis Net for Climbing Plants Vegetables Fruits and Flowers","1","amazon.co.uk","Amazon","CLACTON ON SEA","Essex","CO15 4","MarketplaceFacilitator","9.62","1.93","0","0","0","0","0","0","-1.93","-1.73","-2.46","-0.08","0","5.35","Released","11 May 2026 21:22:53 UTC"
"4 May 2026 00:57:51 UTC","26948042122","Order","204-4817088-3145118","311003-5-UK","VIVOSUN Gardening Scissors 6.5 Inch Hand Pruner Shear with Titanium Coated Blades, Pruning Shear for Plants, Flowers, Hedges 1-Pack Blue","1","amazon.co.uk","Amazon","HEYWOOD","","OL10 4","MarketplaceFacilitator","4.01","0.80","0","0","0","0","0","0","-0.80","-0.72","-1.70","-0.04","0","1.55","Released","11 May 2026 21:24:44 UTC"
"4 May 2026 01:22:41 UTC","26948042122","Order","204-1625500-7103531","VG-Y18B-UK-M","VIVOSUN VGrow All-in-One Smart Grow Box, Professional System with Samsung LM301H EVO Grow Light, Advanced Circulation & Ventilation System, Irrigation","1","amazon.co.uk","Seller","LONDON","","E17 5","","699.99","0","0","0","0","0","0","0","0","-105.00","0","-2.10","0","592.89","Released","12 May 2026 14:06:16 UTC"
"4 May 2026 01:38:30 UTC","26948042122","Order","205-9100585-3464309","311003-5-UK","VIVOSUN Gardening Scissors 6.5 Inch Hand Pruner Shear with Titanium Coated Blades, Pruning Shear for Plants, Flowers, Hedges 1-Pack Blue","1","amazon.co.uk","Amazon","Purton","","SN54","MarketplaceFacilitator","4.01","0.80","0","0","0","0","0","0","-0.80","-0.72","-1.70","-0.04","0","1.55","Released","11 May 2026 21:05:11 UTC"
"4 May 2026 01:47:08 UTC","26948042122","Order","206-6069538-4410756","311003-5-UK","VIVOSUN Gardening Scissors 6.5 Inch Hand Pruner Shear with Titanium Coated Blades, Pruning Shear for Plants, Flowers, Hedges 1-Pack Blue","1","amazon.co.uk","Amazon","Verwood","","BH31 7","MarketplaceFacilitator","4.01","0.80","0","0","0","0","0","0","-0.80","-0.72","-1.70","-0.04","0","1.55","Released","11 May 2026 16:31:41 UTC"
"4 May 2026 01:52:42 UTC","27033762562","Order","206-2201344-5602737","VSF-AWE6-UK-FBM","VIVOSUN AeroWave E6 6-Inch Clip-on Fan, Patented Portable Indoor Fan with Clip, Strong Airflow but Low Noise, 10 Speeds & 2 Modes IP-54, and Fully-Adj","1","amazon.co.uk","Seller","CHATTERIS","","PE16 6","MarketplaceFacilitator","29.17","5.83","0","0","0","0","0","0","-5.83","-5.25","0","-0.11","0","23.81","Released","13 May 2026 16:20:37 UTC"
"4 May 2026 01:52:47 UTC","26948042122","Order","204-1472307-9335519","311003-5-UK","VIVOSUN Gardening Scissors 6.5 Inch Hand Pruner Shear with Titanium Coated Blades, Pruning Shear for Plants, Flowers, Hedges 1-Pack Blue","1","amazon.co.uk","Amazon","STOCKSFIELD","Northd","NE43 7","MarketplaceFacilitator","4.01","0.80","0","0","0","0","0","0","-0.80","-0.72","-1.70","-0.04","0","1.55","Released","11 May 2026 15:17:15 UTC"
"4 May 2026 02:07:22 UTC","26948042122","Order","204-0255282-5923510","GH-E25-UK-FBM","VIVOSUN GrowHub Controller E25 for Grow Tent Cooling Ventilation Lighting, Supports Smart Grow System Devices, Expansion Port for E42/E42A WiFi & App","1","amazon.co.uk","Seller","BENFLEET","Essex","SS7 5","MarketplaceFacilitator","16.67","3.33","0","0","0","0","0","0","-3.33","-3.00","0","-0.06","0","13.61","Released","12 May 2026 13:05:15 UTC"
"4 May 2026 04:09:56 UTC","26948042122","Order","206-6624306-6685919","311003-5-UK","VIVOSUN Gardening Scissors 6.5 Inch Hand Pruner Shear with Titanium Coated Blades, Pruning Shear for Plants, Flowers, Hedges 1-Pack Blue","1","amazon.co.uk","Amazon","LONDON","","N9 9","MarketplaceFacilitator","4.01","0.80","0","0","0","0","0","0","-0.80","-0.72","-1.70","-0.04","0","1.55","Released","11 May 2026 16:13:40 UTC"
"4 May 2026 07:01:14 UTC","26948042122","Order","026-1759884-1508331","LED-150-UK","VIVOSUN VS1500 LED Grow Light with Samsung LM301 Diodes & Sosen Driver for Indoor Growing, Plant Lamp with Dimmable Lights & Sun-Like Full Spectrum fo","1","amazon.co.uk","Amazon","LONDON","","N15 4","MarketplaceFacilitator","93.32","18.67","0","0","0","0","0","0","-18.67","-16.80","-5.02","-0.44","0","71.06","Released","12 May 2026 20:51:00 UTC"
"4 May 2026 09:48:26 UTC","27033762562","Order","205-5496810-0771508","VSGB-7-UK-M","VIVOSUN Grow Bags 5-Pack 30L, 500G Thick Nonwoven Fabric Pots with Strap Handles, Multi-Purpose Rings, for Low Stress Plant Training Fruits, Vegetable","1","amazon.co.uk","Seller","HORLEY","","RH6 9","MarketplaceFacilitator","13.33","2.67","0","0","0","0","0","0","-2.67","-2.40","0","-0.05","0","10.88","Released","14 May 2026 22:34:02 UTC"
"4 May 2026 10:32:26 UTC","27033762562","Order","205-3035207-8838727","305131-UK-FBM","VIVOSUN Soil Tester, 3-in-1 Plant Moisture Meter Light and PH Tester for Home, Garden, Lawn, Farm, Indoor and Outdoor Use, Promote Plants Healthy Grow","1","amazon.co.uk","Seller","London","","SW11 6","MarketplaceFacilitator","9.16","1.83","0","0","0","0","0","0","-1.83","-1.43","0","-0.03","0","7.70","Released","14 May 2026 00:00:30 UTC"
"4 May 2026 11:04:46 UTC","27033762562","Order","206-9314131-5501150","304113-2014-UK-FBM","VIVOSUN Grow Tent Small 50x36x54 CM (19.7""x14.2""x21.3"") Grow Tent Mini with Highly Reflective Mylar Sealed Floor Design, Ventilation Window, Cable Ent","1","amazon.co.uk","Seller","HOVE","","BN3 6","MarketplaceFacilitator","33.32","6.67","0","0","0","0","0","0","-6.67","-6.00","0","-0.12","0","27.20","Released","14 May 2026 20:58:20 UTC"
"4 May 2026 11:29:53 UTC","26948042122","Order","203-1507364-6411528","311003-5-UK","VIVOSUN Gardening Scissors 6.5 Inch Hand Pruner Shear with Titanium Coated Blades, Pruning Shear for Plants, Flowers, Hedges 1-Pack Blue","1","amazon.co.uk","Amazon","READING","","RG10 8","MarketplaceFacilitator","4.01","0.80","0","0","0","0","0","0","-0.80","-0.72","-1.70","-0.04","0","1.55","Released","12 May 2026 19:44:39 UTC"
"4 May 2026 11:32:12 UTC","27033762562","Order","205-2929670-5350754","305131-UK-FBM","VIVOSUN Soil Tester, 3-in-1 Plant Moisture Meter Light and PH Tester for Home, Garden, Lawn, Farm, Indoor and Outdoor Use, Promote Plants Healthy Grow","1","amazon.co.uk","Seller","WOLVERHAMPTON","","WV11 3","MarketplaceFacilitator","9.16","1.83","0","0","0","0","0","0","-1.83","-1.43","0","-0.03","0","7.70","Released","13 May 2026 20:23:39 UTC"
"4 May 2026 12:03:14 UTC","26948042122","Order","203-9799345-0014750","305131-PEN-UK-M","VIVOSUN Digital pH Meter, 0.01pH High Accuracy Pen Type pH Tester for Hydroponics, Household Drinking, Pool and Aquarium, UL Certified","1","amazon.co.uk","Seller","WINCHELSEA","","TN36 4","MarketplaceFacilitator","5.83","1.17","0","0","0","0","0","0","-1.17","-1.05","0","-0.02","0","4.76","Released","12 May 2026 18:31:47 UTC"
"4 May 2026 12:04:30 UTC","27033762562","Order","205-6149070-1189903","VSF-AWD4x2-UK-M","VIVOSUN AeroWave D4, 4"" Grow Tent Clip Fan with Detachable Hook, 3-Speed Strong & Quiet Airflow, Adjustable Airflow Angle for Hydroponics, Circulation","1","amazon.co.uk","Seller","SWINDON","","SN25 2","MarketplaceFacilitator","29.99","6.00","0","0","0","0","0","0","-6.00","-5.40","0","-0.11","0","24.48","Released","13 May 2026 17:47:56 UTC"
"4 May 2026 12:55:40 UTC","27033762562","Order","206-2635364-9769161","VSF-AWD4W-UK","VIVOSUN AeroWave D4, 4"" Grow Tent Clip Fan with Detachable Hook, 3-Speed Strong & Quiet Airflow, Adjustable Airflow Angle for Hydroponics, Circulation","1","amazon.co.uk","Seller","SKELMERSDALE","Lancashire","WN8 0","MarketplaceFacilitator","15.82","3.17","0","0","0","0","0","0","-3.17","-2.85","0","-0.06","0","12.91","Released","14 May 2026 19:55:37 UTC"
"4 May 2026 13:12:01 UTC","26948042122","Order","203-6499984-3865936","306143-0820-UK","VIVOSUN 8 Inch Air Carbon Filter Smelliness Control with Australia Virgin Charcoal for Inline Duct Fan, Grow Tent,Pre-Filter Included, Reversible Flan","1","amazon.co.uk","Amazon","CROYDON","Surrey","CR0 4","MarketplaceFacilitator","69.67","13.94","0","0","0","0","0","0","-13.94","-12.54","-5.94","-0.37","0","50.82","Released","12 May 2026 20:56:20 UTC"
"4 May 2026 14:03:56 UTC","26948042122","Refund","026-0799354-6585927","306143-0412-UK-N","VIVOSUN 4 Inch Air Carbon Filter Odor Control with Australia Virgin Charcoal for Inline Fan, Grow Tent Odor Scrubber Indoor Hydroponics, Pre-filter In","1","amazon.co.uk","Amazon","GOOLE","","DN14 8","MarketplaceFacilitator","-26.82","-5.37","0","0","0","0","0","0","5.37","3.86","0","0.10","0","-22.86","Released","8 May 2026 16:32:54 UTC"
"4 May 2026 14:34:41 UTC","27033762562","Order","026-5681623-2644300","305140-PEN-UK","VIVOSUN Digital pH and TDS Meter Kits, 0.01pH High Accuracy Pen Type pH Meter ± 2% Readout Accuracy 3-in-1 TDS EC Temperature Meter for Hydroponics,","1","amazon.co.uk","Seller","ASHFORD","","TN23 5","MarketplaceFacilitator","12.50","2.50","0","0","0","0","0","0","-2.50","-2.25","0","-0.05","0","10.20","Released","14 May 2026 13:08:03 UTC"
"4 May 2026 14:35:24 UTC","27033762562","Order","026-9607041-8959558","VSI-FFD2-UK-FBM","VIVOSUN FlexFeed Drip Irrigation Kit, 4W Automatic Irrigation System with Pump & 4 Drip Emitters, App-Controllable Professional Plant Watering Drip Ki","1","amazon.co.uk","Seller","LONDON","","E17 5","MarketplaceFacilitator","19.99","4.00","0","0","0","0","0","0","-4.00","-3.60","0","-0.07","0","16.32","Released","14 May 2026 18:44:23 UTC"
"4 May 2026 15:36:46 UTC","26948042122","Refund","205-8493297-1825152","311003-5-UK","VIVOSUN Gardening Scissors 6.5 Inch Hand Pruner Shear with Titanium Coated Blades, Pruning Shear for Plants, Flowers, Hedges 1-Pack Blue","1","amazon.co.uk","Amazon","ROCHDALE","","OL12 9","MarketplaceFacilitator","-4.01","-0.80","0","0","0","0","0","0","0.80","0.58","0","0.01","0","-3.42","Released","10 May 2026 20:20:41 UTC"
"4 May 2026 15:47:42 UTC","26948042122","Order","026-8835167-0641133","TN-33-UK","VIVOSUN Garden Netting 90 x 90 cm Elastic Trellis Net with 4 Hooks Trellis Net for Climbing Plants Vegetables Fruits and Flowers","1","amazon.co.uk","Amazon","KIRKNEWTON","","EH27 8","MarketplaceFacilitator","9.62","1.93","0","0","0","0","0","0","-1.93","-1.73","-2.46","-0.08","0","5.35","Released","12 May 2026 23:36:48 UTC"
"4 May 2026 17:20:04 UTC","27033762562","Order","204-4398831-7184344","VSGB-15-UK-FBM","VIVOSUN Grow Bags 5-Pack 60L, 500G Thick Nonwoven Fabric Pots with Strap Handles, Multi-Purpose Rings, for Low Stress Plant Training Fruits, Vegetable","1","amazon.co.uk","Seller","Brentwood","Essex","CM14 4","MarketplaceFacilitator","20.82","4.17","0","0","0","0","0","0","-4.17","-3.75","0","-0.08","0","16.99","Released","14 May 2026 13:53:33 UTC"
"4 May 2026 17:45:11 UTC","27033762562","Order","202-7121980-2840352","VSGB-25-UK-FBM","VIVOSUN Grow Bags 5-Pack 95L, 500G Thick Nonwoven Fabric Pots with Strap Handles, Multi-Purpose Rings, for Low Stress Plant Training Fruits, Vegetable","1","amazon.co.uk","Seller","PLYMOUTH","","PL7 4","MarketplaceFacilitator","29.99","6.00","0","0","0","0","0","0","-6.00","-5.40","0","-0.11","0","24.48","Released","14 May 2026 16:57:39 UTC"
"4 May 2026 18:58:32 UTC","27033762562","Order","204-0562368-9754737","VSF-AWE6G-UK-FBM","VIVOSUN Grow Fan with Clip, 15 cm/6 Inch Grow Tent Fan, 10 Speeds Smart App Control, IP54 with Automatic Oscillation AeroWave E6 for Grow Tent, Green","1","amazon.co.uk","Seller","FLINT","","CH6 5","MarketplaceFacilitator","24.17","4.83","0","0","0","0","0","0","-4.83","-4.35","0","-0.09","0","19.73","Released","15 May 2026 23:14:21 UTC"
"4 May 2026 19:21:39 UTC","26948042122","Order","203-0483316-4631515","311003-5-UK","VIVOSUN Gardening Scissors 6.5 Inch Hand Pruner Shear with Titanium Coated Blades, Pruning Shear for Plants, Flowers, Hedges 1-Pack Blue","1","amazon.co.uk","Amazon","SEAHAM","","SR7 7","MarketplaceFacilitator","4.01","0.80","0","0","0","0","0","0","-0.80","-0.72","-1.70","-0.04","0","1.55","Released","12 May 2026 15:42:59 UTC"
"4 May 2026 19:22:04 UTC","26948042122","Order","206-4749385-1135512","311003-5-UK","VIVOSUN Gardening Scissors 6.5 Inch Hand Pruner Shear with Titanium Coated Blades, Pruning Shear for Plants, Flowers, Hedges 1-Pack Blue","1","amazon.co.uk","Amazon","BLYTH","","NE24 5","MarketplaceFacilitator","4.01","0.80","0","0","0","0","0","0","-0.80","-0.72","-1.70","-0.04","0","1.55","Released","12 May 2026 15:11:23 UTC"
"4 May 2026 19:31:38 UTC","26948042122","Order","202-8897542-8448335","311003-5-UK","VIVOSUN Gardening Scissors 6.5 Inch Hand Pruner Shear with Titanium Coated Blades, Pruning Shear for Plants, Flowers, Hedges 1-Pack Blue","1","amazon.co.uk","Amazon","LEICESTER","Leics","LE9 3","MarketplaceFacilitator","4.01","0.80","0","0","0","0","0","0","-0.80","-0.72","-1.70","-0.04","0","1.55","Released","12 May 2026 17:36:28 UTC"
"4 May 2026 19:34:38 UTC","26948042122","Order","206-9660400-2245122","TN-24-UK","VIVOSUN Garden Netting 60 x 120 cm, Trellis Net with 4 Hooks Trellis Net for Climbing Plants Vegetables Fruits and Flowers","1","amazon.co.uk","Amazon","CHELMSFORD","","CM1 3","MarketplaceFacilitator","13.32","2.67","0","0","0","0","0","0","-2.67","-2.40","-2.46","-0.10","0","8.36","Released","12 May 2026 17:32:14 UTC"
"4 May 2026 19:44:29 UTC","27033762562","Order","026-4879854-5229102","305131-PEN-UK-M","VIVOSUN Digital pH Meter, 0.01pH High Accuracy Pen Type pH Tester for Hydroponics, Household Drinking, Pool and Aquarium, UL Certified","1","amazon.co.uk","Seller","Rugby","Warwickshire","CV22 6","MarketplaceFacilitator","5.83","1.17","0","0","0","0","0","0","-1.17","-1.05","0","-0.02","0","4.76","Released","14 May 2026 20:58:36 UTC"
"4 May 2026 20:06:44 UTC","27033762562","Order","204-7913771-1513166","VSGB-7-UK-M","VIVOSUN Grow Bags 5-Pack 30L, 500G Thick Nonwoven Fabric Pots with Strap Handles, Multi-Purpose Rings, for Low Stress Plant Training Fruits, Vegetable","3","amazon.co.uk","Seller","KIRKINTILLOCH","","G66 3","MarketplaceFacilitator","39.99","8.01","0","0","0","0","0","0","-8.01","-7.20","0","-0.14","0","32.65","Released","15 May 2026 17:06:42 UTC"
"4 May 2026 20:08:23 UTC","27033762562","Order","204-0680957-7589936","305131-PEN-UK-M","VIVOSUN Digital pH Meter, 0.01pH High Accuracy Pen Type pH Tester for Hydroponics, Household Drinking, Pool and Aquarium, UL Certified","1","amazon.co.uk","Seller","ROCHESTER","kent","ME39","MarketplaceFacilitator","5.83","1.17","0","0","0","0","0","0","-1.17","-1.05","0","-0.02","0","4.76","Released","15 May 2026 21:52:28 UTC"
"4 May 2026 20:09:39 UTC","27033762562","Order","204-7464612-8243548","311003-5-UK","VIVOSUN Gardening Scissors 6.5 Inch Hand Pruner Shear with Titanium Coated Blades, Pruning Shear for Plants, Flowers, Hedges 1-Pack Blue","1","amazon.co.uk","Amazon","Milton Keynes","South East","MK3 5","MarketplaceFacilitator","4.01","0.80","0","0","0","0","0","0","-0.80","-0.72","-1.70","-0.04","0","1.55","Released","14 May 2026 21:03:17 UTC"
"4 May 2026 20:11:00 UTC","26948042122","Order","S02-5646773-9537548","304113-P336-UK","VIVOSUN PRO Grow Tent 90x90x180 CM (36""x36""x72""),with Thick 22 mm Poles, 2000D Oxford Fabric with Highly Reflective Mylar Extra Hanging Poles & High CFM Kit for Hydroponics P336 for AeroLight A200SE","1","siprodukmarketplace.stores.amazon.co.uk","Amazon","Kersey","SFK","IP76","","0","0","0","0","0","0","0","0","0","0","-26.42","0","0","-26.42","Released","4 May 2026 20:11:00 UTC"
"4 May 2026 20:44:39 UTC","26948042122","Order","203-7785816-6970752","311003-5-UK","VIVOSUN Gardening Scissors 6.5 Inch Hand Pruner Shear with Titanium Coated Blades, Pruning Shear for Plants, Flowers, Hedges 1-Pack Blue","1","amazon.co.uk","Amazon","Walthamstow","London","E17 6","MarketplaceFacilitator","4.01","0.80","0","0","0","0","0","0","-0.80","-0.72","-1.70","-0.04","0","1.55","Released","12 May 2026 15:19:46 UTC"
"4 May 2026 21:11:01 UTC","26948042122","Order","206-5788231-8509968","311003-5-UK","VIVOSUN Gardening Scissors 6.5 Inch Hand Pruner Shear with Titanium Coated Blades, Pruning Shear for Plants, Flowers, Hedges 1-Pack Blue","1","amazon.co.uk","Amazon","TROON","","KA10 7","MarketplaceFacilitator","4.01","0.80","0","0","0","0","0","0","-0.80","-0.72","-1.70","-0.04","0","1.55","Released","12 May 2026 18:00:44 UTC"
"4 May 2026 21:14:53 UTC","26948042122","Order","204-5236119-6447503","330701-01-UK","VIVOSUN Garden Netting 5 x 15ft. Plant Trellis Netting, Heavy-Duty Polyester Grow Net, Garden Trellis Netting with Square Mesh for Climbing Plants, Ve","1","amazon.co.uk","Amazon","FAVERSHAM","KENT","ME13 9","MarketplaceFacilitator","7.49","1.50","0","0","0","0","0","0","-1.50","-1.35","-1.70","-0.06","0","4.38","Released","12 May 2026 16:53:44 UTC"
"4 May 2026 21:23:26 UTC","27033762562","Order","202-7994003-3681950","VSGB-15-UK-FBM","VIVOSUN Grow Bags 5-Pack 60L, 500G Thick Nonwoven Fabric Pots with Strap Handles, Multi-Purpose Rings, for Low Stress Plant Training Fruits, Vegetable","1","amazon.co.uk","Seller","LONDON","","W10 5","MarketplaceFacilitator","20.82","4.17","0","0","0","0","0","0","-4.17","-3.75","0","-0.08","0","16.99","Released","14 May 2026 14:35:13 UTC"
"4 May 2026 21:56:29 UTC","26948042122","Order","205-8207483-5378704","311003-5-UK","VIVOSUN Gardening Scissors 6.5 Inch Hand Pruner Shear with Titanium Coated Blades, Pruning Shear for Plants, Flowers, Hedges 1-Pack Blue","1","amazon.co.uk","Amazon","CLAYTON LE MOORS","Lancashire","BB5 5","MarketplaceFacilitator","4.01","0.80","0","0","0","0","0","0","-0.80","-0.72","-1.70","-0.04","0","1.55","Released","12 May 2026 17:47:34 UTC"
"4 May 2026 22:40:11 UTC","26948042122","Order","205-6245307-9765158","311003-5-UK","VIVOSUN Gardening Scissors 6.5 Inch Hand Pruner Shear with Titanium Coated Blades, Pruning Shear for Plants, Flowers, Hedges 1-Pack Blue","1","amazon.co.uk","Amazon","Whitby","","YO22 5","MarketplaceFacilitator","4.01","0.80","0","0","0","0","0","0","-0.80","-0.72","-1.70","-0.04","0","1.55","Released","12 May 2026 22:01:31 UTC"
"4 May 2026 22:42:59 UTC","26948042122","Order","204-5168429-0593163","311003-5-UK","VIVOSUN Gardening Scissors 6.5 Inch Hand Pruner Shear with Titanium Coated Blades, Pruning Shear for Plants, Flowers, Hedges 1-Pack Blue","1","amazon.co.uk","Amazon","NOTTINGHAM","","NG3 5","MarketplaceFacilitator","4.01","0.80","0","0","0","0","0","0","-0.80","-0.72","-1.70","-0.04","0","1.55","Released","12 May 2026 17:59:44 UTC"
"4 May 2026 23:00:31 UTC","26948042122","Order","203-7338795-3746765","311003-5-UK","VIVOSUN Gardening Scissors 6.5 Inch Hand Pruner Shear with Titanium Coated Blades, Pruning Shear for Plants, Flowers, Hedges 1-Pack Blue","1","amazon.co.uk","Amazon","HOOK","Hampshire","RG27 9","MarketplaceFacilitator","4.01","0.80","0","0","0","0","0","0","-0.80","-0.72","-1.70","-0.04","0","1.55","Released","12 May 2026 16:30:43 UTC"
"4 May 2026 23:02:48 UTC","26948042122","Order","203-2763276-0189148","311003-5-UK","VIVOSUN Gardening Scissors 6.5 Inch Hand Pruner Shear with Titanium Coated Blades, Pruning Shear for Plants, Flowers, Hedges 1-Pack Blue","1","amazon.co.uk","Amazon","IPSWICH","","IP5 2","MarketplaceFacilitator","4.01","0.80","0","0","0","0","0","0","-0.80","-0.72","-1.70","-0.04","0","1.55","Released","12 May 2026 22:15:04 UTC"
"4 May 2026 23:14:15 UTC","26948042122","Order","203-4899871-4097921","330701-01-UK","VIVOSUN Garden Netting 5 x 15ft. Plant Trellis Netting, Heavy-Duty Polyester Grow Net, Garden Trellis Netting with Square Mesh for Climbing Plants, Ve","1","amazon.co.uk","Amazon","LOWER HALSTOW","kent","ME9 7","","7.12","1.42","0","0","0","0","0","0","0","-1.28","-1.70","0","0","5.56","Released","12 May 2026 21:54:46 UTC"
"4 May 2026 23:39:44 UTC","26948042122","Order","026-2756416-6402704","311003-5-UK","VIVOSUN Gardening Scissors 6.5 Inch Hand Pruner Shear with Titanium Coated Blades, Pruning Shear for Plants, Flowers, Hedges 1-Pack Blue","1","amazon.co.uk","Amazon","CINDERFORD","","GL14 2","MarketplaceFacilitator","4.01","0.80","0","0","0","0","0","0","-0.80","-0.72","-1.70","-0.04","0","1.55","Released","12 May 2026 15:57:06 UTC"
"4 May 2026 23:39:47 UTC","26948042122","Order","206-4724112-9617927","311003-5-UK","VIVOSUN Gardening Scissors 6.5 Inch Hand Pruner Shear with Titanium Coated Blades, Pruning Shear for Plants, Flowers, Hedges 1-Pack Blue","1","amazon.co.uk","Amazon","Loughborough","","LE128","MarketplaceFacilitator","4.01","0.80","0","0","0","0","0","0","-0.80","-0.72","-1.70","-0.04","0","1.55","Released","12 May 2026 17:35:56 UTC"
"4 May 2026 23:43:32 UTC","26948042122","Order","026-9730840-9249969","TN-22-UK","VIVOSUN Garden Netting 60 x 60 cm, Elastic Trellis Net with 4 Hooks Trellis Net for Climbing Plants Vegetables Fruits and Flowers","1","amazon.co.uk","Amazon","SHEFFIELD","","S8 8","MarketplaceFacilitator","6.24","1.25","0","0","0","0","0","0","-1.25","-1.12","-2.46","-0.07","0","2.59","Released","12 May 2026 13:09:10 UTC"
"4 May 2026 23:46:25 UTC","27033762562","Order","026-0777197-6936361","VSF-AWE6G-UK-FBM","VIVOSUN Grow Fan with Clip, 15 cm/6 Inch Grow Tent Fan, 10 Speeds Smart App Control, IP54 with Automatic Oscillation AeroWave E6 for Grow Tent, Green","2","amazon.co.uk","Seller","BOURNEMOUTH","","BH10 5","MarketplaceFacilitator","48.34","9.66","0","0","0","0","0","0","-9.66","-8.70","0","-0.17","0","39.47","Released","14 May 2026 23:47:45 UTC"
"5 May 2026 00:14:17 UTC","27033762562","Order","026-6557930-7584365","311003-5-UK","VIVOSUN Gardening Scissors 6.5 Inch Hand Pruner Shear with Titanium Coated Blades, Pruning Shear for Plants, Flowers, Hedges 1-Pack Blue","1","amazon.co.uk","Amazon","EXETER","Devon","EX4 8","MarketplaceFacilitator","4.01","0.80","0","0","0","0","0","0","-0.80","-0.72","-1.70","-0.04","0","1.55","Released","13 May 2026 22:00:30 UTC"
"5 May 2026 00:46:19 UTC","26948042122","Order","205-9235095-5888361","311003-5-UK","VIVOSUN Gardening Scissors 6.5 Inch Hand Pruner Shear with Titanium Coated Blades, Pruning Shear for Plants, Flowers, Hedges 1-Pack Blue","1","amazon.co.uk","Amazon","SOMERBY","Leicestershire","LE14 2","MarketplaceFacilitator","4.01","0.80","0","0","0","0","0","0","-0.80","-0.72","-1.70","-0.04","0","1.55","Released","12 May 2026 19:38:43 UTC"
"5 May 2026 02:13:50 UTC","26948042122","Order","206-0172610-7174755","311003-5-UK","VIVOSUN Gardening Scissors 6.5 Inch Hand Pruner Shear with Titanium Coated Blades, Pruning Shear for Plants, Flowers, Hedges 1-Pack Blue","1","amazon.co.uk","Amazon","BRIDLINGTON","","YO15 3","MarketplaceFacilitator","4.01","0.80","0","0","0","0","0","0","-0.80","-0.72","-1.70","-0.04","0","1.55","Released","12 May 2026 16:50:33 UTC"
"5 May 2026 03:15:10 UTC","27033762562","Order","204-6578096-8387542","VSF-AWD4x2-UK-M","VIVOSUN AeroWave D4, 4"" Grow Tent Clip Fan with Detachable Hook, 3-Speed Strong & Quiet Airflow, Adjustable Airflow Angle for Hydroponics, Circulation","1","amazon.co.uk","Seller","LLANELLI","","SA15 4","MarketplaceFacilitator","29.99","6.00","0","0","0","0","0","0","-6.00","-5.40","0","-0.11","0","24.48","Released","15 May 2026 21:45:53 UTC"
"5 May 2026 03:15:10 UTC","27033762562","Order","204-6578096-8387542","PH002-UK-FBM","VIVOSUN 4-in-1 Digital pH Meter with pH/TDS/EC/Temp Function, 0-14.0 pH Measurement Range, ±0.1 pH Accuracy Water Quality Tester for Hydroponics, Hou","1","amazon.co.uk","Seller","LLANELLI","","SA15 4","MarketplaceFacilitator","15.00","3.00","0","0","0","0","0","0","-3.00","-2.70","0","-0.05","0","12.25","Released","15 May 2026 21:45:53 UTC"
"5 May 2026 04:02:55 UTC","26948042122","Order","202-6609340-0921163","311003-5-UK","VIVOSUN Gardening Scissors 6.5 Inch Hand Pruner Shear with Titanium Coated Blades, Pruning Shear for Plants, Flowers, Hedges 1-Pack Blue","1","amazon.co.uk","Amazon","BEDFORD","","MK44 3","MarketplaceFacilitator","4.01","0.80","0","0","0","0","0","0","-0.80","-0.72","-1.70","-0.04","0","1.55","Released","12 May 2026 18:03:00 UTC"
"5 May 2026 04:21:40 UTC","26948042122","Order","205-2104472-3371541","TN-33-UK","VIVOSUN Garden Netting 90 x 90 cm Elastic Trellis Net with 4 Hooks Trellis Net for Climbing Plants Vegetables Fruits and Flowers","2","amazon.co.uk","Amazon","MANCHESTER","","M24 1","MarketplaceFacilitator","19.24","3.86","0","0","0","0","0","0","-3.86","-3.46","-4.91","-0.17","0","10.70","Released","12 May 2026 20:13:43 UTC"
"5 May 2026 05:59:23 UTC","27033762562","Order","202-0482968-3234712","311005-3-UK-FBM","VIVOSUN 5L Pump Pressure Sprayer, Pressurized Lawn & Garden Water Spray Bottle with Adjustable Shoulder Strap, for Spraying Plants, Garden Watering an","1","amazon.co.uk","Seller","newcastle-under-lyme","staffordshire","ST57","MarketplaceFacilitator","19.17","3.83","0","0","0","0","0","0","-3.83","-3.45","0","-0.07","0","15.65","Released","14 May 2026 17:15:55 UTC"
"5 May 2026 06:37:08 UTC","27033762562","Order","202-3779326-7152327","VSF-AWE6-UK-FBM","VIVOSUN AeroWave E6 6-Inch Clip-on Fan, Patented Portable Indoor Fan with Clip, Strong Airflow but Low Noise, 10 Speeds & 2 Modes IP-54, and Fully-Adj","1","amazon.co.uk","Seller","West Moor","Newcastle-Upon-Tyne","NE12 7","MarketplaceFacilitator","29.17","5.83","0","0","0","0","0","0","-5.83","-5.25","0","-0.11","0","23.81","Released","14 May 2026 15:13:39 UTC"
"5 May 2026 08:13:17 UTC","27033762562","Order","206-8009403-0001105","304113-3018-UK-FBM","VIVOSUN Grow Tent 75x45x90 CM (30""x18""x36""), High Reflective Mylar with Observation Window and Floor Tray for Hydroponics Indoor Plant for VS1000","1","amazon.co.uk","Seller","DURHAM","","DH6 5","MarketplaceFacilitator","74.99","15.00","0","0","0","0","0","0","-15.00","-13.50","0","-0.27","0","61.22","Released","14 May 2026 21:07:34 UTC"
"5 May 2026 09:55:24 UTC","27033762562","Order","204-9862307-3167535","306101S-8-UK","VIVOSUN Inline Duct Fan 8 Inch 740 CFM with Variable Speed Control for Grow Tent, Ventilation, Plant Tent, Indoor, Garden, Ventilation Fan, Z8 Pipe Fa","1","amazon.co.uk","Amazon","CHESTERFIELD","Derbyshire","S43 4","","39.17","7.83","0","0","0","0","0","0","0","-7.05","-5.48","0","0","34.47","Released","16 May 2026 19:18:17 UTC"
"5 May 2026 11:02:38 UTC","27033762562","Order","203-6745254-6626748","305131-PEN-UK-M","VIVOSUN Digital pH Meter, 0.01pH High Accuracy Pen Type pH Tester for Hydroponics, Household Drinking, Pool and Aquarium, UL Certified","1","amazon.co.uk","Seller","INVERURIE","","AB51 5","MarketplaceFacilitator","5.83","1.17","0","0","0","0","0","0","-1.17","-1.05","0","-0.02","0","4.76","Released","14 May 2026 17:56:50 UTC"
"5 May 2026 11:05:34 UTC","27033762562","Order","204-5154800-4357968","VSV-AZT4-UK","VIVOSUN AeroZesh T4 Inline Duct Fan 4inch/100 mm Extractor Fan 357 m³/h with E12 Speed Controller and Fully Programmable PWM-Controlled EC Quiet Vent","1","amazon.co.uk","Amazon","Tilbury","United Kingdom","RM18 7","","54.17","10.83","0","0","0","0","0","0","0","-9.75","-3.42","0","0","51.83","Released","18 May 2026 19:57:21 UTC"
"5 May 2026 12:05:50 UTC","26948042122","Order","026-6745796-5041924","311003-5-UK","VIVOSUN Gardening Scissors 6.5 Inch Hand Pruner Shear with Titanium Coated Blades, Pruning Shear for Plants, Flowers, Hedges 1-Pack Blue","1","amazon.co.uk","Amazon","MILTON KEYNES","","MK8 1","MarketplaceFacilitator","4.01","0.80","0.82","0.17","0","0","-0.82","-0.17","-0.80","-0.72","-1.70","-0.04","0","1.55","Released","12 May 2026 20:06:32 UTC"
"5 May 2026 12:14:54 UTC","27033762562","Order","204-6972608-4767532","311003-5-UK","VIVOSUN Gardening Scissors 6.5 Inch Hand Pruner Shear with Titanium Coated Blades, Pruning Shear for Plants, Flowers, Hedges 1-Pack Blue","1","amazon.co.uk","Amazon","READING","","RG31 6","MarketplaceFacilitator","4.01","0.80","0.32","0.06","0","0","-0.32","-0.06","-0.80","-0.72","-1.70","-0.04","0","1.55","Released","14 May 2026 14:44:14 UTC"
"5 May 2026 12:49:13 UTC","27033762562","Order","202-8641785-6497154","VSGB-7-UK-M","VIVOSUN Grow Bags 5-Pack 30L, 500G Thick Nonwoven Fabric Pots with Strap Handles, Multi-Purpose Rings, for Low Stress Plant Training Fruits, Vegetable","1","amazon.co.uk","Seller","YEOVIL","","BA21 3","MarketplaceFacilitator","13.33","2.67","0","0","0","0","0","0","-2.67","-2.40","0","-0.05","0","10.88","Released","14 May 2026 13:37:29 UTC"
"5 May 2026 13:05:13 UTC","26948042122","Order","205-0881636-4662726","311003-5-UK","VIVOSUN Gardening Scissors 6.5 Inch Hand Pruner Shear with Titanium Coated Blades, Pruning Shear for Plants, Flowers, Hedges 1-Pack Blue","1","amazon.co.uk","Amazon","SITTINGBOURNE","","ME9 8","MarketplaceFacilitator","4.01","0.80","1.66","0.33","0","0","0","0","-1.13","-0.72","-3.36","-0.07","0","1.52","Released","12 May 2026 18:46:19 UTC"
"5 May 2026 13:37:55 UTC","26948042122","Order","203-1133998-0404310","VSV-AZG6-UK","VIVOSUN AeroZesh G6 Inline Duct Fan 6inch/150 mm Extractor Fan 660 m³/h with E12 Speed Controller and Entirely Programmable PWM-Controlled EC Fan for","1","amazon.co.uk","Amazon","NUNEATON","Warwickshire","CV10 9","MarketplaceFacilitator","54.17","10.83","1.66","0.33","0","0","-1.66","-0.33","-10.83","-9.75","-3.43","-0.27","0","40.72","Released","12 May 2026 19:17:48 UTC"
"5 May 2026 13:55:45 UTC","27033762562","Order","203-8046918-3371551","311003-4-UK-FBM","VIVOSUN Gardening Scissors 17cm Hand Pruner Pruning Shear with Straight Blades and Titanium Non-Stick Coating Rose Scissors Orange","1","amazon.co.uk","Seller","Bournemouth","","BH9 1","MarketplaceFacilitator","8.32","1.67","0","0","0","0","0","0","-1.67","-1.50","0","-0.03","0","6.79","Released","14 May 2026 23:08:51 UTC"
"5 May 2026 14:47:28 UTC","26948042122","Refund","204-6796948-5622756","VSV-AZT4-UK","VIVOSUN AeroZesh T4 Inline Duct Fan 4inch/100 mm Extractor Fan 357 m³/h with E12 Speed Controller and Fully Programmable PWM-Controlled EC Quiet Vent","1","amazon.co.uk","Amazon","LONDON","","SE15 4","","-55.41","-11.08","0","0","0","0","0","0","0","7.98","0","0.20","0","-58.31","Released","5 May 2026 14:47:28 UTC"
"5 May 2026 14:53:35 UTC","27033762562","Order","204-3674523-7625102","VSA100SE-E25-UK","VIVOSUN LED Grow Lamp 100 W Full Spectrum Plant Lamp with Integrated Circulation Fan Grow Light Compatible with App, AeroLight A100SE with GrowHub Con","2","amazon.co.uk","Amazon","DARTFORD","DARTFORD","DA1 5","","145.82","29.16","0","0","0","0","0","0","0","-26.24","-11.44","0","0","137.30","Released","17 May 2026 20:21:44 UTC"
"5 May 2026 15:04:18 UTC","27033762562","Order","205-0987830-3127513","VSF-AWE6G-UK-FBM","VIVOSUN Grow Fan with Clip, 15 cm/6 Inch Grow Tent Fan, 10 Speeds Smart App Control, IP54 with Automatic Oscillation AeroWave E6 for Grow Tent, Green","1","amazon.co.uk","Seller","DUNMOW","","CM6 3","MarketplaceFacilitator","24.17","4.83","0","0","0","0","0","0","-4.83","-4.35","0","-0.09","0","19.73","Released","14 May 2026 22:28:56 UTC"
"5 May 2026 15:43:52 UTC","27033762562","Order","206-9353973-8497117","311001-3x5-UK-N","VIVOSUN Grow Bags 5 Pack 12L, Heavy Duty Thickened Nonwoven Fabric Pots with Strong Handles for Vegetables, Flowers, Fruits, Greenhouse and Garden","1","amazon.co.uk","Amazon","CRANBROOK","","TN18 5","MarketplaceFacilitator","13.32","2.67","0","0","0","0","0","0","-2.67","-2.40","-3.20","-0.11","0","7.61","Released","13 May 2026 12:54:09 UTC"
"5 May 2026 16:09:42 UTC","27033762562","Order","203-9840769-3272357","305131-PEN-UK-M","VIVOSUN Digital pH Meter, 0.01pH High Accuracy Pen Type pH Tester for Hydroponics, Household Drinking, Pool and Aquarium, UL Certified","1","amazon.co.uk","Seller","Cardiff","","CF14 5","MarketplaceFacilitator","5.83","1.17","0","0","0","0","0","0","-1.17","-1.05","0","-0.02","0","4.76","Released","14 May 2026 18:01:18 UTC"
"5 May 2026 16:29:58 UTC","27033762562","Order","206-3881936-5037963","311003-5-UK","VIVOSUN Gardening Scissors 6.5 Inch Hand Pruner Shear with Titanium Coated Blades, Pruning Shear for Plants, Flowers, Hedges 1-Pack Blue","1","amazon.co.uk","Amazon","ISLE OF IONA","","PA76 6","MarketplaceFacilitator","4.01","0.80","0","0","0","0","0","0","-0.80","-0.72","-1.70","-0.04","0","1.55","Released","15 May 2026 17:30:36 UTC"
"5 May 2026 17:27:41 UTC","27033762562","Order","204-3079395-1010749","VSV-AZT4E42A-UK","VIVOSUN Inline Duct Fan 4 inch/100 mm with E42A WiFi-App Controller, Quiet Extractor Fan 357 m³/h with EC Motor Exhaust Fan for Heating, Cooling, Gre","2","amazon.co.uk","Amazon","Derby","England","DE74 2","","151.64","30.34","0","0","0","0","0","0","0","-27.30","-7.19","0","0","147.49","Released","17 May 2026 19:36:53 UTC"
"5 May 2026 18:19:48 UTC","27033762562","Order","202-8362399-1897915","305131-UK-FBM","VIVOSUN Soil Tester, 3-in-1 Plant Moisture Meter Light and PH Tester for Home, Garden, Lawn, Farm, Indoor and Outdoor Use, Promote Plants Healthy Grow","1","amazon.co.uk","Seller","NORTHAMPTON","","NN6 0","MarketplaceFacilitator","9.16","1.83","0","0","0","0","0","0","-1.83","-1.43","0","-0.03","0","7.70","Released","14 May 2026 16:24:46 UTC"
"5 May 2026 18:44:02 UTC","27033762562","Order","026-7052220-9893926","305131-PEN-UK-M","VIVOSUN Digital pH Meter, 0.01pH High Accuracy Pen Type pH Tester for Hydroponics, Household Drinking, Pool and Aquarium, UL Certified","1","amazon.co.uk","Seller","Cambridge","","CB236","MarketplaceFacilitator","5.83","1.17","0","0","0","0","0","0","-1.17","-1.05","0","-0.02","0","4.76","Released","14 May 2026 22:51:57 UTC"
"5 May 2026 19:26:28 UTC","27033762562","Order","205-4961865-2504339","305131-PEN-UK-M","VIVOSUN Digital pH Meter, 0.01pH High Accuracy Pen Type pH Tester for Hydroponics, Household Drinking, Pool and Aquarium, UL Certified","1","amazon.co.uk","Seller","NUNEATON","","CV11 6","MarketplaceFacilitator","5.83","1.17","0","0","0","0","0","0","-1.17","-1.05","0","-0.02","0","4.76","Released","14 May 2026 11:17:25 UTC"
"5 May 2026 19:40:29 UTC","27033762562","Order","202-0308576-6791504","305140-PEN-UK","VIVOSUN Digital pH and TDS Meter Kits, 0.01pH High Accuracy Pen Type pH Meter ± 2% Readout Accuracy 3-in-1 TDS EC Temperature Meter for Hydroponics,","1","amazon.co.uk","Seller","STOCKPORT","","SK6 2","MarketplaceFacilitator","12.50","2.50","0","0","0","0","0","0","-2.50","-2.25","0","-0.05","0","10.20","Released","14 May 2026 11:41:44 UTC"
"5 May 2026 19:59:10 UTC","27033762562","Order","206-7707265-8913137","305140-PEN-UK","VIVOSUN Digital pH and TDS Meter Kits, 0.01pH High Accuracy Pen Type pH Meter ± 2% Readout Accuracy 3-in-1 TDS EC Temperature Meter for Hydroponics,","1","amazon.co.uk","Seller","Edinburgh","Midlothian","EH152","MarketplaceFacilitator","12.50","2.50","0","0","0","0","0","0","-2.50","-2.25","0","-0.05","0","10.20","Released","15 May 2026 13:42:24 UTC"
"5 May 2026 20:00:41 UTC","27033762562","Order","206-6304374-0644313","311003-5-UK","VIVOSUN Gardening Scissors 6.5 Inch Hand Pruner Shear with Titanium Coated Blades, Pruning Shear for Plants, Flowers, Hedges 1-Pack Blue","1","amazon.co.uk","Amazon","LONDON","","NW1 9","MarketplaceFacilitator","4.01","0.80","0.75","0.15","0","0","-0.75","-0.15","-0.80","-0.72","-1.70","-0.04","0","1.55","Released","13 May 2026 21:08:14 UTC"
"5 May 2026 20:08:15 UTC","27033762562","Order","203-2420728-1110739","GT-Pole-UK-M","VIVOSUN Grow Tent High CFM Kit, Green Pole Range of 24""-48"", Suitable for 2'x2', 3'x3', 4'x2' and 4'x4'Grow Tent, 4-Pack","1","amazon.co.uk","Seller","WOLVERHAMPTON","W MIDLANDS","WV11 1","MarketplaceFacilitator","25.83","5.17","0","0","0","0","0","0","-5.17","-4.65","0","-0.09","0","21.09","Released","14 May 2026 12:59:24 UTC"
"5 May 2026 20:16:16 UTC","27033762562","Order","204-6806753-9091540","311003-5-UK","VIVOSUN Gardening Scissors 6.5 Inch Hand Pruner Shear with Titanium Coated Blades, Pruning Shear for Plants, Flowers, Hedges 1-Pack Blue","1","amazon.co.uk","Amazon","ECCLES","","M30 0","MarketplaceFacilitator","4.01","0.80","1.04","0.21","0","0","0","0","-1.01","-0.72","-2.74","-0.06","0","1.53","Released","13 May 2026 23:37:19 UTC"
"5 May 2026 20:17:31 UTC","27033762562","Order","026-1411467-3466737","311003-5-UK","VIVOSUN Gardening Scissors 6.5 Inch Hand Pruner Shear with Titanium Coated Blades, Pruning Shear for Plants, Flowers, Hedges 1-Pack Blue","1","amazon.co.uk","Amazon","Pembroke Dock","Pembrokeshire","SA72 6","MarketplaceFacilitator","4.01","0.80","0","0","0","0","0","0","-0.80","-0.72","-1.70","-0.04","0","1.55","Released","14 May 2026 17:03:06 UTC"
"5 May 2026 20:38:52 UTC","26948042122","Order","S02-5379655-5144766","311003-5-UK","VIVOSUN Gardening Scissors 6.5 Inch Hand Pruner Shear with Titanium Coated Blades, Pruning Shear for Plants, Flowers, Hedges 1-Pack Blue","1","siprodukmarketplace.stores.amazon.co.uk","Amazon","Newton Abbot","Devon","TQ12 3","","0","0","0","0","0","0","0","0","0","0","-3.34","0","0","-3.34","Released","5 May 2026 20:38:52 UTC"
"5 May 2026 20:41:22 UTC","27033762562","Order","202-8619632-8396322","LH-001-2-UK","VIVOSUN 2-Pair 1/8 Inch Adjustable Grow Light Hangers, Heavy Duty Rope Hanger with Reinforced Metal Gears, 8Ft. Long and 150 lbs Weight Capacity Rope","1","amazon.co.uk","Amazon","NORWICH","","NR5 0","MarketplaceFacilitator","6.67","1.33","0","0","0","0","0","0","-1.33","-1.20","-2.69","-0.07","0","2.71","Released","13 May 2026 18:19:26 UTC"
"5 May 2026 20:41:47 UTC","27033762562","Order","206-5062928-9533954","311003-5-UK","VIVOSUN Gardening Scissors 6.5 Inch Hand Pruner Shear with Titanium Coated Blades, Pruning Shear for Plants, Flowers, Hedges 1-Pack Blue","1","amazon.co.uk","Amazon","STOKE-ON-TRENT","","ST4 4","MarketplaceFacilitator","4.01","0.80","0","0","0","0","0","0","-0.80","-0.72","-1.70","-0.04","0","1.55","Released","13 May 2026 23:19:36 UTC"
"5 May 2026 20:54:20 UTC","27033762562","Order","204-1104246-8061961","311003-5-UK","VIVOSUN Gardening Scissors 6.5 Inch Hand Pruner Shear with Titanium Coated Blades, Pruning Shear for Plants, Flowers, Hedges 1-Pack Blue","1","amazon.co.uk","Amazon","EASTBOURNE","","BN20 7","MarketplaceFacilitator","4.01","0.80","0","0","0","0","0","0","-0.80","-0.72","-1.70","-0.04","0","1.55","Released","13 May 2026 22:16:45 UTC"
"5 May 2026 21:11:18 UTC","27033762562","Order","205-6567487-4137938","330701-01-UK","VIVOSUN Garden Netting 5 x 15ft. Plant Trellis Netting, Heavy-Duty Polyester Grow Net, Garden Trellis Netting with Square Mesh for Climbing Plants, Ve","1","amazon.co.uk","Amazon","HINCKLEY","","LE10 0","MarketplaceFacilitator","7.49","1.50","0","0","0","0","0","0","-1.50","-1.35","-1.70","-0.06","0","4.38","Released","13 May 2026 23:16:39 UTC"
"5 May 2026 22:33:55 UTC","27033762562","Order","204-9250638-6028326","306201P-6-UK","VIVOSUN Inline Duct Fan 6 Inch 390 CFM EC Motor with Speed Controller, Quiet Pipe Fan, R6 Pipe Fan for Grow Tent, Greenhouse Ventilation","1","amazon.co.uk","Amazon","DARTFORD","DARTFORD","DA1 5","","31.67","6.33","0","0","0","0","0","0","0","-5.70","-3.43","0","0","28.87","Released","17 May 2026 19:25:56 UTC"
"5 May 2026 22:45:16 UTC","27033762562","Order","204-4928259-1528332","306201P-6-UK","VIVOSUN Inline Duct Fan 6 Inch 390 CFM EC Motor with Speed Controller, Quiet Pipe Fan, R6 Pipe Fan for Grow Tent, Greenhouse Ventilation","1","amazon.co.uk","Amazon","CROYDON","","CR0 6","MarketplaceFacilitator","31.67","6.33","0","0","0","0","0","0","-6.33","-5.70","-3.43","-0.18","0","22.36","Released","13 May 2026 11:29:44 UTC"
"5 May 2026 22:49:21 UTC","27033762562","Order","026-8819681-3723510","332022-2-UK","VIVOSUN 2-Pack 30X 60X Illuminated Jewelers Loupe Foldable Magnifier with LED Light for Jewelry Gems Watches Coins Stamps Antiques Black","1","amazon.co.uk","Amazon","BIRMINGHAM","","B5 4","MarketplaceFacilitator","7.78","1.56","0","0","0","0","0","0","-1.56","-1.40","-2.74","-0.08","0","3.56","Released","13 May 2026 21:03:19 UTC"
"5 May 2026 22:52:31 UTC","27033762562","Order","204-8483495-8120332","305131-PEN-UK-M","VIVOSUN Digital pH Meter, 0.01pH High Accuracy Pen Type pH Tester for Hydroponics, Household Drinking, Pool and Aquarium, UL Certified","1","amazon.co.uk","Seller","BOROUGH GREEN","","TN15 8","MarketplaceFacilitator","5.83","1.17","0","0","0","0","0","0","-1.17","-1.05","0","-0.02","0","4.76","Released","14 May 2026 10:30:35 UTC"
"5 May 2026 22:55:40 UTC","27033762562","Order","206-9975115-1626712","TN-33-UK","VIVOSUN Garden Netting 90 x 90 cm Elastic Trellis Net with 4 Hooks Trellis Net for Climbing Plants Vegetables Fruits and Flowers","1","amazon.co.uk","Amazon","TEWKESBURY","","GL20 5","","9.62","1.92","0","0","0","0","0","0","0","-1.73","-2.46","0","0","7.35","Released","13 May 2026 19:22:21 UTC"
"5 May 2026 23:11:45 UTC","26948042122","Adjustment","026-5325670-2573924","311003-5-UK","FBA Inventory Reimbursement - Customer Return","1","","","","","","","0","0","0","0","0","0","0","0","0","0","0","0","1.74","1.74","Released","5 May 2026 23:11:45 UTC"
"5 May 2026 23:16:57 UTC","27033762562","Order","026-3711454-2382760","311003-5-UK","VIVOSUN Gardening Scissors 6.5 Inch Hand Pruner Shear with Titanium Coated Blades, Pruning Shear for Plants, Flowers, Hedges 1-Pack Blue","1","amazon.co.uk","Amazon","MENAI BRIDGE","","LL59 5","MarketplaceFacilitator","4.01","0.80","0.75","0.15","0","0","-0.75","-0.15","-0.80","-0.72","-1.70","-0.04","0","1.55","Released","13 May 2026 21:43:46 UTC"
"6 May 2026 00:24:43 UTC","27033762562","Order","205-8109535-6360311","311003-5-UK","VIVOSUN Gardening Scissors 6.5 Inch Hand Pruner Shear with Titanium Coated Blades, Pruning Shear for Plants, Flowers, Hedges 1-Pack Blue","1","amazon.co.uk","Amazon","Lytham St. Annes","","FY8 4","MarketplaceFacilitator","4.01","0.80","0.75","0.15","0","0","-0.75","-0.15","-0.80","-0.72","-1.70","-0.04","0","1.55","Released","13 May 2026 17:09:46 UTC"
"6 May 2026 01:48:27 UTC","27033762562","Order","203-4291346-6605908","306101S-8-UK","VIVOSUN Inline Duct Fan 8 Inch 740 CFM with Variable Speed Control for Grow Tent, Ventilation, Plant Tent, Indoor, Garden, Ventilation Fan, Z8 Pipe Fa","1","amazon.co.uk","Amazon","MANCHESTER","","M27 8","MarketplaceFacilitator","39.17","7.83","0","0","0","0","0","0","-7.83","-7.05","-5.48","-0.25","0","26.39","Released","13 May 2026 14:39:10 UTC"
"6 May 2026 01:50:50 UTC","27033762562","Order","203-4291346-6605908","306101S-8-UK","VIVOSUN Inline Duct Fan 8 Inch 740 CFM with Variable Speed Control for Grow Tent, Ventilation, Plant Tent, Indoor, Garden, Ventilation Fan, Z8 Pipe Fa","1","amazon.co.uk","Amazon","MANCHESTER","","M27 8","MarketplaceFacilitator","39.17","7.83","0","0","0","0","0","0","-7.83","-7.05","-5.48","-0.25","0","26.39","Released","13 May 2026 20:15:53 UTC"
"6 May 2026 02:28:45 UTC","27033762562","Order","202-5521282-0372350","311003-5-UK","VIVOSUN Gardening Scissors 6.5 Inch Hand Pruner Shear with Titanium Coated Blades, Pruning Shear for Plants, Flowers, Hedges 1-Pack Blue","1","amazon.co.uk","Amazon","WHITWORTH","","OL12 8","MarketplaceFacilitator","4.01","0.80","0","0","0","0","0","0","-0.80","-0.72","-1.70","-0.04","0","1.55","Released","13 May 2026 16:16:26 UTC"
"6 May 2026 02:43:34 UTC","27033762562","Order","026-1251213-8402760","311003-5-UK","VIVOSUN Gardening Scissors 6.5 Inch Hand Pruner Shear with Titanium Coated Blades, Pruning Shear for Plants, Flowers, Hedges 1-Pack Blue","1","amazon.co.uk","Amazon","Wokingham","Berkshire","RG41 1","MarketplaceFacilitator","4.01","0.80","0","0","0","0","0","0","-0.80","-0.72","-1.70","-0.04","0","1.55","Released","13 May 2026 22:32:49 UTC"
"6 May 2026 02:52:27 UTC","27033762562","Order","203-1226776-3665106","311003-5-UK","VIVOSUN Gardening Scissors 6.5 Inch Hand Pruner Shear with Titanium Coated Blades, Pruning Shear for Plants, Flowers, Hedges 1-Pack Blue","1","amazon.co.uk","Amazon","LONDON","","N8 9","MarketplaceFacilitator","4.01","0.80","0","0","0","0","0","0","-0.80","-0.72","-1.70","-0.04","0","1.55","Released","13 May 2026 21:29:45 UTC"
"6 May 2026 02:54:48 UTC","27033762562","Order","026-1532653-5838767","311003-5-UK","VIVOSUN Gardening Scissors 6.5 Inch Hand Pruner Shear with Titanium Coated Blades, Pruning Shear for Plants, Flowers, Hedges 1-Pack Blue","1","amazon.co.uk","Amazon","WELWYN GARDEN CITY","Herts","AL7 4","MarketplaceFacilitator","4.01","0.80","0","0","0","0","0","0","-0.80","-0.72","-1.70","-0.04","0","1.55","Released","13 May 2026 14:40:29 UTC"
"6 May 2026 03:52:37 UTC","27033762562","Order","205-1262421-5092323","311003-5-UK","VIVOSUN Gardening Scissors 6.5 Inch Hand Pruner Shear with Titanium Coated Blades, Pruning Shear for Plants, Flowers, Hedges 1-Pack Blue","1","amazon.co.uk","Amazon","ST. HELENS","","WA9 1","MarketplaceFacilitator","4.01","0.80","0","0","0","0","0","0","-0.80","-0.72","-1.70","-0.04","0","1.55","Released","13 May 2026 16:21:57 UTC"
"6 May 2026 04:15:25 UTC","27033762562","Order","203-4357456-8840354","311003-5-UK","VIVOSUN Gardening Scissors 6.5 Inch Hand Pruner Shear with Titanium Coated Blades, Pruning Shear for Plants, Flowers, Hedges 1-Pack Blue","1","amazon.co.uk","Amazon","Dublin","Dublin","","MarketplaceFacilitator","4.01","0.92","0","0","0","0","0","0","-0.92","-0.72","-1.70","-0.04","0","1.55","Released","14 May 2026 21:13:41 UTC"
"6 May 2026 04:18:57 UTC","27033762562","Order","026-3148919-3496347","311001-3x5-UK-N","VIVOSUN Grow Bags 5 Pack 12L, Heavy Duty Thickened Nonwoven Fabric Pots with Strong Handles for Vegetables, Flowers, Fruits, Greenhouse and Garden","1","amazon.co.uk","Amazon","CREWE","","CW4 7","MarketplaceFacilitator","11.32","2.27","1.87","0.37","0","0","-1.87","-0.37","-2.27","-2.04","-3.20","-0.10","0","5.98","Released","13 May 2026 23:57:42 UTC"
"6 May 2026 04:19:16 UTC","27033762562","Order","206-5373315-7212358","305132-PEN-UK","VIVOSUN TDS Tester 3-in-1 TDS EC & Temperature Meter Ultrahigh Accuracy Digital Water Quality TDS Tester, for Drinking Water, Gardening, Aquariums, Bl","1","amazon.co.uk","Amazon","Ballisodare","Sligo","","MarketplaceFacilitator","5.30","1.22","0","0","0","0","0","0","-1.22","-0.95","-2.56","-0.07","0","1.72","Released","14 May 2026 20:05:13 UTC"
"6 May 2026 04:19:42 UTC","27033762562","Order","206-9742396-4045942","311001-3x5-UK-N","VIVOSUN Grow Bags 5 Pack 12L, Heavy Duty Thickened Nonwoven Fabric Pots with Strong Handles for Vegetables, Flowers, Fruits, Greenhouse and Garden","1","amazon.co.uk","Amazon","Longwood","Meath","","MarketplaceFacilitator","11.32","2.60","0","0","0","0","0","0","-2.60","-2.04","-3.20","-0.10","0","5.98","Released","14 May 2026 23:58:55 UTC"
"6 May 2026 07:52:49 UTC","27033762562","Order","205-8990381-3663550","304113-2014-UK-FBM","VIVOSUN Grow Tent Small 50x36x54 CM (19.7""x14.2""x21.3"") Grow Tent Mini with Highly Reflective Mylar Sealed Floor Design, Ventilation Window, Cable Ent","1","amazon.co.uk","Seller","AMINGTON","Staffordshire","B77 3","MarketplaceFacilitator","33.32","6.67","0","0","0","0","0","0","-6.67","-6.00","0","-0.12","0","27.20","Released","14 May 2026 17:32:28 UTC"
"6 May 2026 09:20:21 UTC","27033762562","Order","026-0026969-6928347","311001-20x5-UK-FBM","VIVOSUN Plant Grow Bags 5 Pack 80L, Heavy Duty Thickened Nonwoven Fabric Pots with Strong Handles, Reusable Breathable Garden Growing Containers for V","1","amazon.co.uk","Seller","Derby","Derbyshire","DE22 2","MarketplaceFacilitator","22.49","4.50","0","0","0","0","0","0","-4.50","-4.05","0","-0.08","0","18.36","Released","14 May 2026 20:27:53 UTC"
"6 May 2026 10:31:29 UTC","26948042122","Adjustment","026-5325670-2573924","311003-5-UK","FBA Inventory Reimbursement - Customer Return","1","","","","","","","0","0","0","0","0","0","0","0","0","0","0","0","1.74","1.74","Released","6 May 2026 10:31:29 UTC"
"6 May 2026 13:31:55 UTC","27033762562","Order","203-2977363-9173130","304113-P276-UK","VIVOSUN Pro Grow Tent 80x80x160 CM (32""x32""x63""), with Thick 22 mm Poles, 2000DOxford Fabric with Highly Reflective Mylar Extra Hanging Poles, Growbox","1","amazon.co.uk","Amazon","PERTH","","PH2 9","MarketplaceFacilitator","68.33","13.67","0","0","0","0","0","0","-13.67","-12.30","-6.09","-0.37","0","49.57","Released","14 May 2026 21:08:56 UTC"
"6 May 2026 13:42:43 UTC","27033762562","Order","026-8945740-1159525","305131-PEN-UK-M","VIVOSUN Digital pH Meter, 0.01pH High Accuracy Pen Type pH Tester for Hydroponics, Household Drinking, Pool and Aquarium, UL Certified","1","amazon.co.uk","Seller","OSSETT","","WF5 0","MarketplaceFacilitator","5.83","1.17","0","0","0","0","0","0","-1.17","-1.05","0","-0.02","0","4.76","Released","15 May 2026 22:43:01 UTC"
"6 May 2026 14:57:53 UTC","27033762562","Order","205-4561542-0269958","311003-5-UK","VIVOSUN Gardening Scissors 6.5 Inch Hand Pruner Shear with Titanium Coated Blades, Pruning Shear for Plants, Flowers, Hedges 1-Pack Blue","1","amazon.co.uk","Amazon","TOTNES","Devon","TQ9 7","MarketplaceFacilitator","4.01","0.80","0","0","0","0","0","0","-0.80","-0.72","-1.70","-0.04","0","1.55","Released","14 May 2026 21:28:29 UTC"
"6 May 2026 15:43:39 UTC","27033762562","Order","204-9580432-7443533","LH-001-UK","VIVOSUN 1-Pair 1/8 Inch Adjustable Grow Light Hanger, Heavy Duty Rope Hanger with Reinforced Metal Gears, 8Ft. Long and 150 lbs Weight Capacity Rope f","1","amazon.co.uk","Amazon","Witney","","OX286","MarketplaceFacilitator","4.95","0.99","0.42","0.08","0","0","-0.42","-0.08","-0.99","-0.89","-2.46","-0.07","0","1.53","Released","15 May 2026 17:20:28 UTC"
"6 May 2026 15:46:46 UTC","27033762562","Order","026-3538834-0277908","GT-Pole-UK-M","VIVOSUN Grow Tent High CFM Kit, Green Pole Range of 24""-48"", Suitable for 2'x2', 3'x3', 4'x2' and 4'x4'Grow Tent, 4-Pack","1","amazon.co.uk","Seller","CANTERBURY","Kent","CT3 3","MarketplaceFacilitator","25.83","5.17","0","0","0","0","0","0","-5.17","-4.65","0","-0.09","0","21.09","Released","15 May 2026 23:21:48 UTC"
"6 May 2026 15:46:46 UTC","27033762562","Order","026-3538834-0277908","VS-THB1S-UK-FBM","VIVOSUN AeroLab THB1S Wireless Bluetooth Hygrometer Thermometer Indoor, VPD, Digital Temp Humidity Meter, LCD Smart App Control & Alert, Data Storage,","1","amazon.co.uk","Seller","CANTERBURY","Kent","CT3 3","MarketplaceFacilitator","20.82","4.17","0","0","0","0","0","0","-4.17","-3.25","0","-0.07","0","17.50","Released","15 May 2026 23:21:48 UTC"
"6 May 2026 16:12:48 UTC","27033762562","Order","203-2493632-1274744","311003-5-UK","VIVOSUN Gardening Scissors 6.5 Inch Hand Pruner Shear with Titanium Coated Blades, Pruning Shear for Plants, Flowers, Hedges 1-Pack Blue","1","amazon.co.uk","Amazon","GUILDFORD","","GU4 8","MarketplaceFacilitator","4.01","0.80","0","0","0","0","0","0","-0.80","-0.72","-1.70","-0.04","0","1.55","Released","14 May 2026 23:47:06 UTC"
"6 May 2026 16:19:40 UTC","27033762562","Order","202-1496261-7281927","304113-P276-UK","VIVOSUN Pro Grow Tent 80x80x160 CM (32""x32""x63""), with Thick 22 mm Poles, 2000DOxford Fabric with Highly Reflective Mylar Extra Hanging Poles, Growbox","1","amazon.co.uk","Amazon","BATHGATE","West Lothian","EH47 8","MarketplaceFacilitator","68.33","13.67","0","0","0","0","0","0","-13.67","-12.30","-6.09","-0.37","0","49.57","Released","14 May 2026 13:34:42 UTC"
"6 May 2026 16:41:16 UTC","27033762562","Order","202-4515131-6606719","305131-PEN-UK-M","VIVOSUN Digital pH Meter, 0.01pH High Accuracy Pen Type pH Tester for Hydroponics, Household Drinking, Pool and Aquarium, UL Certified","1","amazon.co.uk","Seller","ALDERSHOT","","GU12 4","MarketplaceFacilitator","5.83","1.17","0","0","0","0","0","0","-1.17","-1.05","0","-0.02","0","4.76","Released","15 May 2026 11:42:46 UTC"
"6 May 2026 17:14:34 UTC","27033762562","Order","026-8130150-5714732","311003-5-UK","VIVOSUN Gardening Scissors 6.5 Inch Hand Pruner Shear with Titanium Coated Blades, Pruning Shear for Plants, Flowers, Hedges 1-Pack Blue","1","amazon.co.uk","Amazon","KINGSNORTH","","TN23 3","MarketplaceFacilitator","4.01","0.80","0","0","0","0","0","0","-0.80","-0.72","-1.70","-0.04","0","1.55","Released","14 May 2026 23:12:02 UTC"
"6 May 2026 17:46:44 UTC","27033762562","Order","026-4087689-4334753","305140-PEN-UK","VIVOSUN Digital pH and TDS Meter Kits, 0.01pH High Accuracy Pen Type pH Meter ± 2% Readout Accuracy 3-in-1 TDS EC Temperature Meter for Hydroponics,","1","amazon.co.uk","Seller","NOTTINGHAM","","NG2 7","MarketplaceFacilitator","12.50","2.50","0","0","0","0","0","0","-2.50","-2.25","0","-0.05","0","10.20","Released","15 May 2026 22:03:51 UTC"
"6 May 2026 19:17:27 UTC","27033762562","Order","203-0532156-0726760","VSV-AZT4E42A-UK","VIVOSUN Inline Duct Fan 4 inch/100 mm with E42A WiFi-App Controller, Quiet Extractor Fan 357 m³/h with EC Motor Exhaust Fan for Heating, Cooling, Gre","1","amazon.co.uk","Amazon","WOLVERHAMPTON","","WV10 9","MarketplaceFacilitator","75.82","15.17","0","0","0","0","0","0","-15.17","-13.65","-3.59","-0.34","0","58.24","Released","14 May 2026 19:19:10 UTC"
"6 May 2026 19:58:10 UTC","27033762562","Order","203-9577157-7893129","305131-PEN-UK-M","VIVOSUN Digital pH Meter, 0.01pH High Accuracy Pen Type pH Tester for Hydroponics, Household Drinking, Pool and Aquarium, UL Certified","1","amazon.co.uk","Seller","GLENROTHES","","KY7 4","MarketplaceFacilitator","5.83","1.17","0","0","0","0","0","0","-1.17","-1.05","0","-0.02","0","4.76","Released","15 May 2026 12:40:43 UTC"
"6 May 2026 20:02:17 UTC","26948042122","Order","S02-8898835-1720758","311003-5-UK","VIVOSUN Gardening Scissors 6.5 Inch Hand Pruner Shear with Titanium Coated Blades, Pruning Shear for Plants, Flowers, Hedges 1-Pack Blue","1","siprodukmarketplace.stores.amazon.co.uk","Amazon","Wootton Bridge","Isle of Wight","PO33 4","","0","0","0","0","0","0","0","0","0","0","-3.34","0","0","-3.34","Released","6 May 2026 20:02:17 UTC"
"6 May 2026 20:20:16 UTC","27033762562","Order","026-3662137-1462729","VSE-ASH05-UK-FBM","VIVOSUN AeroStream H05 Intelligent Wi-Fi Humidifier 5 L, Plant Humidifier with Temp & Humidity Probe, Smart Remote VPD Control, Designed for Growers G","1","amazon.co.uk","Seller","LONDON","","W6 8","MarketplaceFacilitator","58.32","11.67","0","0","0","0","0","0","-11.67","-10.50","0","-0.21","0","47.61","Released","15 May 2026 22:14:07 UTC"
"6 May 2026 20:23:24 UTC","27033762562","Order","206-2524330-8561112","VSF-AWE6-Gx2-UK-FBM","VIVOSUN Pack of 2 AeroWave E6 Grow Tent Fan 15 cm, EC Motor, Smart WiFi Control, US-Patented Clip Fan with Automatic Oscillation, Weatherproof accordi","1","amazon.co.uk","Seller","LIVERPOOL","","L21 0","MarketplaceFacilitator","79.99","16.00","0","0","0","0","0","0","-16.00","-14.40","0","-0.29","0","65.30","Released","18 May 2026 21:29:59 UTC"
"6 May 2026 22:10:03 UTC","27033762562","Order","205-0439135-8514739","306146-0412-UK-FBM","VIVOSUN 4 Inch Air Carbon Filter Odor Control with Australia Virgin Charcoal for Inline Fan, Grow Tent Odor Scrubber, Pre-Filter Included, Reversible","1","amazon.co.uk","Seller","WISHAW","","ML2 8","MarketplaceFacilitator","38.32","7.67","0","0","0","0","0","0","-7.67","-6.90","0","-0.14","0","31.28","Released","15 May 2026 16:47:33 UTC"
"6 May 2026 22:59:29 UTC","27033762562","Order","202-0315817-5417946","VSVC-AZG6-UK-FBM","VIVOSUN G6 Smart Air Filtration Set, Duct Fan 150 mm Extractor Fan with E12 Speed Control, Carbon Filter & 240 cm Air Duct, Exhaust Set Cooling and Ve","1","amazon.co.uk","Seller","ALSTON","","CA9 3","MarketplaceFacilitator","124.99","25.00","0","0","0","0","0","0","-25.00","-22.50","0","-0.45","0","102.04","Released","15 May 2026 15:12:04 UTC"
"6 May 2026 23:05:23 UTC","27033762562","Order","204-5445193-6401151","311003-5-UK","VIVOSUN Gardening Scissors 6.5 Inch Hand Pruner Shear with Titanium Coated Blades, Pruning Shear for Plants, Flowers, Hedges 1-Pack Blue","1","amazon.co.uk","Amazon","Wallsend","Tyne and Wear","NE28 0","MarketplaceFacilitator","4.01","0.80","0","0","0","0","0","0","-0.80","-0.72","-1.70","-0.04","0","1.55","Released","14 May 2026 23:48:52 UTC"
"6 May 2026 23:10:35 UTC","27033762562","Order","203-4587372-1905926","VS-THB1-UK","VIVOSUN AeroLab THB1 Wireless Bluetooth Hygrometer Thermometer Indoor, Smart Temperature Monitor, VPD, Digital Humidity Meter, LCD Remote Control & Al","1","amazon.co.uk","Amazon","BOLTON","","BL2 5","MarketplaceFacilitator","13.32","2.67","0","0","0","0","0","0","-2.67","-2.08","-2.46","-0.09","0","8.69","Released","14 May 2026 13:49:20 UTC"
"6 May 2026 23:15:29 UTC","27033762562","Order","206-4824868-1241959","311003-5-UK","VIVOSUN Gardening Scissors 6.5 Inch Hand Pruner Shear with Titanium Coated Blades, Pruning Shear for Plants, Flowers, Hedges 1-Pack Blue","1","amazon.co.uk","Amazon","ASHFORD","","TN26 3","MarketplaceFacilitator","4.01","0.80","1.25","0.25","0","0","-1.25","-0.25","-0.80","-0.72","-1.70","-0.04","0","1.55","Released","14 May 2026 18:44:52 UTC"
"6 May 2026 23:33:20 UTC","27033762562","Order","203-0065493-8196319","311003-5X3NJ-UK","VIVOSUN Pack of 3 Secateurs 17 cm Plant Shears with Ergonomic Handles Loppers with Curved Blades and Titanium Non-Stick Coating Rose Scissors Blue","1","amazon.co.uk","Amazon","NEATH","","SA11 2","MarketplaceFacilitator","8.29","1.66","0","0","0","0","0","0","-1.66","-1.49","-2.69","-0.08","0","4.03","Released","14 May 2026 18:26:10 UTC"
"7 May 2026 00:43:22 UTC","26948042122","Order","S02-5006587-8589514","311003-5-UK","VIVOSUN Gardening Scissors 6.5 Inch Hand Pruner Shear with Titanium Coated Blades, Pruning Shear for Plants, Flowers, Hedges 1-Pack Blue","1","siprodukmarketplace.stores.amazon.co.uk","Amazon","HAYWARDS HEATH","West Sussex","RH16 3","","0","0","0","0","0","0","0","0","0","0","-3.34","0","0","-3.34","Released","7 May 2026 00:43:22 UTC"
"7 May 2026 00:44:48 UTC","27033762562","Order","205-2535156-5076321","311003-5-UK","VIVOSUN Gardening Scissors 6.5 Inch Hand Pruner Shear with Titanium Coated Blades, Pruning Shear for Plants, Flowers, Hedges 1-Pack Blue","1","amazon.co.uk","Amazon","HEMEL HEMPSTEAD","Hertfordshire","HP3 0","MarketplaceFacilitator","4.01","0.80","0","0","0","0","0","0","-0.80","-0.72","-1.70","-0.04","0","1.55","Released","14 May 2026 21:16:10 UTC"
"7 May 2026 00:48:56 UTC","27033762562","Order","202-1611749-7221100","311003-5X2NJ-UK","VIVOSUN Pack of 2 Secateurs 17 cm Plant Shears with Ergonomic Handles Loppers with Curved Blades and Titanium Non-Stick Coating Rose Shears Blue","1","amazon.co.uk","Amazon","LOUTH","","LN11 0","MarketplaceFacilitator","6.08","1.22","0","0","0","0","0","0","-1.22","-1.10","-2.46","-0.07","0","2.45","Released","14 May 2026 16:33:51 UTC"
"7 May 2026 00:48:56 UTC","27033762562","Order","026-5772494-0592363","VSV-AZT4E42A-UK","VIVOSUN Inline Duct Fan 4 inch/100 mm with E42A WiFi-App Controller, Quiet Extractor Fan 357 m³/h with EC Motor Exhaust Fan for Heating, Cooling, Gre","1","amazon.co.uk","Amazon","SITTINGBOURNE","","ME10 1","MarketplaceFacilitator","75.82","15.17","0","0","0","0","0","0","-15.17","-13.65","-3.59","-0.34","0","58.24","Released","14 May 2026 21:33:56 UTC"
"7 May 2026 00:49:34 UTC","27033762562","Order","206-2051869-7965906","305132-PEN-UK","VIVOSUN TDS Tester 3-in-1 TDS EC & Temperature Meter Ultrahigh Accuracy Digital Water Quality TDS Tester, for Drinking Water, Gardening, Aquariums, Bl","1","amazon.co.uk","Amazon","York","","YO103","MarketplaceFacilitator","5.30","1.06","0","0","0","0","0","0","-1.06","-0.95","-2.56","-0.07","0","1.72","Released","14 May 2026 18:10:58 UTC"
"7 May 2026 00:56:04 UTC","27033762562","Order","206-3922810-2789162","311003-5-UK","VIVOSUN Gardening Scissors 6.5 Inch Hand Pruner Shear with Titanium Coated Blades, Pruning Shear for Plants, Flowers, Hedges 1-Pack Blue","1","amazon.co.uk","Amazon","Bath","Somerset","BA2 8","MarketplaceFacilitator","4.01","0.80","0","0","0","0","0","0","-0.80","-0.72","-1.70","-0.04","0","1.55","Released","14 May 2026 18:40:04 UTC"
"7 May 2026 01:04:45 UTC","27033762562","Order","203-4736586-2434716","VSV-AZG6E42A-UK","VIVOSUN AeroZesh G6 Inline Duct Fan 6inch/150 mm Quiet Extractor Fan 660 m³/h with EC Motor and GrowHub E42A WiFi Controller for Growbox, Cooling, Bo","1","amazon.co.uk","Amazon","SCUNTHORPE","","DN16 3","MarketplaceFacilitator","76.67","15.33","0","0","0","0","0","0","-15.33","-13.80","-3.43","-0.35","0","59.09","Released","14 May 2026 17:45:13 UTC"
"7 May 2026 01:11:44 UTC","27033762562","Order","026-7305952-1900313","306201PS-4-UK-FBM","VIVOSUN Inline Duct Fan 4 Inch with Speed Controller, 4 Inch Carbon Filter, and 8ft. Ducting Combo, Air Cooling and Filtration Kit for Grow Tent, Gree","1","amazon.co.uk","Seller","MARKET RASEN","Lincolnshire","LN8 3","MarketplaceFacilitator","91.66","18.33","0","0","0","0","0","0","-18.33","-16.50","0","-0.33","0","74.83","Released","15 May 2026 19:23:27 UTC"
"7 May 2026 01:56:35 UTC","27033762562","Order","205-6934114-6439564","311003-4-UK-FBM","VIVOSUN Gardening Scissors 17cm Hand Pruner Pruning Shear with Straight Blades and Titanium Non-Stick Coating Rose Scissors Orange","1","amazon.co.uk","Seller","Hawkhurst","Kent","TN185","MarketplaceFacilitator","8.32","1.67","0","0","0","0","0","0","-1.67","-1.50","0","-0.03","0","6.79","Released","15 May 2026 20:30:26 UTC"
"7 May 2026 02:02:03 UTC","27033762562","Order","204-9394291-8767558","311003-5-UK","VIVOSUN Gardening Scissors 6.5 Inch Hand Pruner Shear with Titanium Coated Blades, Pruning Shear for Plants, Flowers, Hedges 1-Pack Blue","1","amazon.co.uk","Amazon","HALIFAX","","HX4 8","MarketplaceFacilitator","4.01","0.80","0","0","0","0","0","0","-0.80","-0.72","-1.70","-0.04","0","1.55","Released","14 May 2026 21:12:00 UTC"
"7 May 2026 02:25:46 UTC","27033762562","Order","204-1231563-9189154","LH-001-UK","VIVOSUN 1-Pair 1/8 Inch Adjustable Grow Light Hanger, Heavy Duty Rope Hanger with Reinforced Metal Gears, 8Ft. Long and 150 lbs Weight Capacity Rope f","1","amazon.co.uk","Amazon","NORTHWICH","","CW9 8","MarketplaceFacilitator","4.95","0.99","2.08","0.42","0","0","0","0","-1.41","-0.89","-4.54","-0.11","0","1.49","Released","14 May 2026 21:29:07 UTC"
"7 May 2026 02:26:38 UTC","27033762562","Order","026-2966275-8785100","LH-001-2-UK","VIVOSUN 2-Pair 1/8 Inch Adjustable Grow Light Hangers, Heavy Duty Rope Hanger with Reinforced Metal Gears, 8Ft. Long and 150 lbs Weight Capacity Rope","2","amazon.co.uk","Amazon","LONDON","","W5 1","MarketplaceFacilitator","13.34","2.66","0","0","0","0","0","0","-2.66","-2.40","-5.38","-0.16","0","5.40","Released","14 May 2026 17:44:02 UTC"
"7 May 2026 04:00:30 UTC","27033762562","Order","203-4971764-5089909","TN-33-UK","VIVOSUN Garden Netting 90 x 90 cm Elastic Trellis Net with 4 Hooks Trellis Net for Climbing Plants Vegetables Fruits and Flowers","1","amazon.co.uk","Amazon","Liverpool","Merseyside","L25 5","MarketplaceFacilitator","9.62","1.93","0","0","0","0","0","0","-1.93","-1.73","-2.46","-0.08","0","5.35","Released","14 May 2026 23:35:35 UTC"
"7 May 2026 04:18:04 UTC","27033762562","Order","206-0253568-6357148","311003-5-UK","VIVOSUN Gardening Scissors 6.5 Inch Hand Pruner Shear with Titanium Coated Blades, Pruning Shear for Plants, Flowers, Hedges 1-Pack Blue","1","amazon.co.uk","Amazon","london","","NW54","MarketplaceFacilitator","4.01","0.80","0","0","0","0","0","0","-0.80","-0.72","-1.70","-0.04","0","1.55","Released","14 May 2026 22:43:27 UTC"
"7 May 2026 04:19:49 UTC","27033762562","Order","205-0259862-6155567","311003-5-UK","VIVOSUN Gardening Scissors 6.5 Inch Hand Pruner Shear with Titanium Coated Blades, Pruning Shear for Plants, Flowers, Hedges 1-Pack Blue","1","amazon.co.uk","Amazon","WARE","","SG12 7","MarketplaceFacilitator","4.01","0.80","0","0","0","0","0","0","-0.80","-0.72","-1.70","-0.04","0","1.55","Released","14 May 2026 16:05:55 UTC"
"7 May 2026 04:20:58 UTC","27033762562","Order","026-0405678-6286748","VSF-AWD4W-UK","VIVOSUN AeroWave D4, 4"" Grow Tent Clip Fan with Detachable Hook, 3-Speed Strong & Quiet Airflow, Adjustable Airflow Angle for Hydroponics, Circulation","1","amazon.co.uk","Seller","Ashton under lyne","Manchester","OL6 9","MarketplaceFacilitator","15.82","3.17","0","0","0","0","0","0","-3.17","-2.85","0","-0.06","0","12.91","Released","16 May 2026 00:01:46 UTC"
"7 May 2026 04:31:22 UTC","27033762562","Order","202-8409438-2337929","306101S-8-UK","VIVOSUN Inline Duct Fan 8 Inch 740 CFM with Variable Speed Control for Grow Tent, Ventilation, Plant Tent, Indoor, Garden, Ventilation Fan, Z8 Pipe Fa","1","amazon.co.uk","Amazon","STOKE-ON-TRENT","","ST7 1","MarketplaceFacilitator","39.17","7.83","0","0","0","0","0","0","-7.83","-7.05","-5.48","-0.25","0","26.39","Released","14 May 2026 16:18:19 UTC"
"7 May 2026 05:02:33 UTC","27033762562","Order","202-3017396-5199552","306101S-4-UK","VIVOSUN Inline Duct Fan 4 Inch 203 CFM with Variable Speed Control for Grow Tent, Ventilation, Plant Tent, Indoor, Garden, Ventilation Fan, Z4 Pipe Fa","1","amazon.co.uk","Amazon","BASINGSTOKE","","RG24 9","MarketplaceFacilitator","26.67","5.33","0","0","0","0","0","0","-5.33","-4.80","-3.36","-0.17","0","18.34","Released","14 May 2026 21:36:46 UTC"
"7 May 2026 05:03:42 UTC","26948042122","Fulfilment by Amazon (FBA) transaction fees","","","Fulfilment by Amazon (FBA) Inventory Storage Fee","","Amazon.co.uk","","","","","","0","0","0","0","0","0","0","0","0","0","-759.06","0","0","-759.06","Released","7 May 2026 05:03:42 UTC"
"7 May 2026 05:09:29 UTC","27033762562","Refund","026-2456931-7877140","311003-5-UK","VIVOSUN Gardening Scissors 6.5 Inch Hand Pruner Shear with Titanium Coated Blades, Pruning Shear for Plants, Flowers, Hedges 1-Pack Blue","1","amazon.co.uk","Amazon","NORWICH","","NR2 2","MarketplaceFacilitator","-4.01","-0.80","-0.93","-0.19","0","0","0.93","0.19","0.80","0.58","0","0.01","0","-3.42","Released","13 May 2026 09:51:58 UTC"
"7 May 2026 09:29:07 UTC","27033762562","Order","205-1837064-4605926","305131-PEN-UK-M","VIVOSUN Digital pH Meter, 0.01pH High Accuracy Pen Type pH Tester for Hydroponics, Household Drinking, Pool and Aquarium, UL Certified","1","amazon.co.uk","Seller","Redhill","Surrey","RH1 6","MarketplaceFacilitator","5.83","1.17","0","0","0","0","0","0","-1.17","-1.05","0","-0.02","0","4.76","Released","15 May 2026 19:55:45 UTC"
"7 May 2026 10:17:00 UTC","27033762562","Order","203-4994435-5313904","VSF-AWD4x2-UK-M","VIVOSUN AeroWave D4, 4"" Grow Tent Clip Fan with Detachable Hook, 3-Speed Strong & Quiet Airflow, Adjustable Airflow Angle for Hydroponics, Circulation","1","amazon.co.uk","Seller","WORCESTER PARK","","KT4 8","MarketplaceFacilitator","29.99","6.00","0","0","0","0","0","0","-6.00","-5.40","0","-0.11","0","24.48","Released","15 May 2026 16:32:27 UTC"
"7 May 2026 11:03:59 UTC","26948042122","Order","204-1750679-0297922","VSV-AZT4-UK","VIVOSUN AeroZesh T4 Inline Duct Fan 4inch/100 mm Extractor Fan 357 m³/h with E12 Speed Controller and Fully Programmable PWM-Controlled EC Quiet Vent","1","amazon.co.uk","Amazon","Tilbury","United Kingdom","RM18 7","","54.17","10.83","0","0","0","0","0","0","0","-9.75","-3.42","0","0","51.83","Deferred",
"7 May 2026 11:09:57 UTC","27033762562","Order","203-7567391-7068368","311003-4-UK-FBM","VIVOSUN Gardening Scissors 17cm Hand Pruner Pruning Shear with Straight Blades and Titanium Non-Stick Coating Rose Scissors Orange","1","amazon.co.uk","Seller","FERNDOWN","","BH22 9","MarketplaceFacilitator","8.32","1.67","0","0","0","0","0","0","-1.67","-1.50","0","-0.03","0","6.79","Released","15 May 2026 18:33:02 UTC"
"7 May 2026 11:22:40 UTC","27033762562","Order","026-2047670-9644344","332021-UK-FBM","VIVOSUN 30X 60X Illuminated Jewelers Loupe Foldable Magnifier with LED Light for Jewelry Gems Watches Coins Stamps Antiques, White","1","amazon.co.uk","Seller","LONDON","","SW8 3","MarketplaceFacilitator","9.16","1.83","0","0","0","0","0","0","-1.83","-0.88","0","-0.02","0","8.26","Released","16 May 2026 21:04:53 UTC"
"7 May 2026 12:17:05 UTC","27033762562","Order","204-3685005-2487502","311003-5-UK","VIVOSUN Gardening Scissors 6.5 Inch Hand Pruner Shear with Titanium Coated Blades, Pruning Shear for Plants, Flowers, Hedges 1-Pack Blue","1","amazon.co.uk","Amazon","TENTERDEN","","TN30 7","MarketplaceFacilitator","4.01","0.80","0","0","0","0","0","0","-0.80","-0.72","-1.70","-0.04","0","1.55","Released","15 May 2026 17:34:50 UTC"
"7 May 2026 13:49:39 UTC","26948042122","Refund","206-3640744-1555561","VSV-AZT4E42A-UK","VIVOSUN Inline Duct Fan 4 inch/100 mm with E42A WiFi-App Controller, Quiet Extractor Fan 357 m³/h with EC Motor Exhaust Fan for Heating, Cooling, Gre","1","amazon.co.uk","Amazon","THETFORD","","IP25 7","MarketplaceFacilitator","-75.82","-15.17","0","0","0","0","0","0","15.17","10.92","0","0.27","0","-64.63","Released","9 May 2026 22:55:09 UTC"
"7 May 2026 14:12:54 UTC","27033762562","Order","206-6270903-5825139","304113-2014-UK-FBM","VIVOSUN Grow Tent Small 50x36x54 CM (19.7""x14.2""x21.3"") Grow Tent Mini with Highly Reflective Mylar Sealed Floor Design, Ventilation Window, Cable Ent","1","amazon.co.uk","Seller","LARKHALL","","ML9 2","MarketplaceFacilitator","33.32","6.67","0","0","0","0","0","0","-6.67","-6.00","0","-0.12","0","27.20","Released","16 May 2026 23:24:00 UTC"
"7 May 2026 14:32:10 UTC","27033762562","Order","203-6680822-7815515","306146-0412-UK-FBM","VIVOSUN 4 Inch Air Carbon Filter Odor Control with Australia Virgin Charcoal for Inline Fan, Grow Tent Odor Scrubber, Pre-Filter Included, Reversible","1","amazon.co.uk","Seller","WOLVERHAMPTON","","WV10 9","MarketplaceFacilitator","38.32","7.67","0","0","0","0","0","0","-7.67","-6.90","0","-0.14","0","31.28","Released","16 May 2026 21:44:04 UTC"
"7 May 2026 14:44:59 UTC","27033762562","Order","202-6202463-9957932","VC-0001-UK","VIVOSUN 2 Pack Grow Tent Vent Cover 4""/6""/8"" Channel Filter Cover with Elastic Band and Fixed Buckle for Plant Growth Tents","1","amazon.co.uk","Amazon","MOY","Tyrone","BT71 7","MarketplaceFacilitator","10.00","2.00","0","0","0","0","0","0","-2.00","-1.80","-2.46","-0.09","0","5.65","Released","15 May 2026 23:46:29 UTC"
"7 May 2026 15:49:24 UTC","27033762562","Order","203-8223397-6853156","311001-10x5-UK-FBM","VIVOSUN Plant Grow Bags 5 Pack 40L, Heavy Duty Thickened Nonwoven Fabric Pots with Strong Handles, Reusable Breathable Garden Growing Containers for V","1","amazon.co.uk","Seller","BOLTON LE SANDS","","LA5 8","MarketplaceFacilitator","18.32","3.67","0","0","0","0","0","0","-3.67","-3.30","0","-0.07","0","14.95","Released","16 May 2026 23:38:47 UTC"
"7 May 2026 15:53:12 UTC","27033762562","Order","202-7222750-6721942","311003-5-UK","VIVOSUN Gardening Scissors 6.5 Inch Hand Pruner Shear with Titanium Coated Blades, Pruning Shear for Plants, Flowers, Hedges 1-Pack Blue","1","amazon.co.uk","Amazon","Polmont","","FK2 0","MarketplaceFacilitator","4.01","0.80","0","0","0","0","0","0","-0.80","-0.72","-1.70","-0.04","0","1.55","Released","15 May 2026 19:56:45 UTC"
"7 May 2026 16:11:04 UTC","27033762562","Order","204-4372033-3393961","VSE-ASH05-UK-FBM","VIVOSUN AeroStream H05 Intelligent Wi-Fi Humidifier 5 L, Plant Humidifier with Temp & Humidity Probe, Smart Remote VPD Control, Designed for Growers G","1","amazon.co.uk","Seller","Stokerow","Oxon","RG9 5","MarketplaceFacilitator","58.32","11.67","0","0","0","0","0","0","-11.67","-10.50","0","-0.21","0","47.61","Released","16 May 2026 18:42:25 UTC"
"7 May 2026 16:37:41 UTC","27033762562","Order","205-9552049-3669948","306101S-8-UK","VIVOSUN Inline Duct Fan 8 Inch 740 CFM with Variable Speed Control for Grow Tent, Ventilation, Plant Tent, Indoor, Garden, Ventilation Fan, Z8 Pipe Fa","1","amazon.co.uk","Amazon","READING","","RG2 7","MarketplaceFacilitator","39.17","7.83","0","0","0","0","0","0","-7.83","-7.05","-5.48","-0.25","0","26.39","Released","16 May 2026 00:22:18 UTC"
"7 May 2026 16:41:59 UTC","27033762562","Order","206-9254203-4725967","311003-5-UK","VIVOSUN Gardening Scissors 6.5 Inch Hand Pruner Shear with Titanium Coated Blades, Pruning Shear for Plants, Flowers, Hedges 1-Pack Blue","1","amazon.co.uk","Amazon","Cobh","Co. Cork","","MarketplaceFacilitator","4.01","0.92","0","0","0","0","0","0","-0.92","-0.74","-1.70","-0.04","0","1.53","Released","16 May 2026 13:58:11 UTC"
"7 May 2026 16:41:59 UTC","27033762562","Order","026-9015755-5384302","311003-5-UK","VIVOSUN Gardening Scissors 6.5 Inch Hand Pruner Shear with Titanium Coated Blades, Pruning Shear for Plants, Flowers, Hedges 1-Pack Blue","1","amazon.co.uk","Amazon","LONDON","","SW20 9","MarketplaceFacilitator","4.01","0.80","0","0","0","0","0","0","-0.80","-0.72","-1.70","-0.04","0","1.55","Released","15 May 2026 19:17:00 UTC"
"7 May 2026 16:44:17 UTC","27033762562","Order","026-1281334-6555525","VSF-AWD4x2-UK-M","VIVOSUN AeroWave D4, 4"" Grow Tent Clip Fan with Detachable Hook, 3-Speed Strong & Quiet Airflow, Adjustable Airflow Angle for Hydroponics, Circulation","1","amazon.co.uk","Seller","EDINBURGH","","EH4 1","MarketplaceFacilitator","29.99","6.00","0","0","0","0","0","0","-6.00","-5.40","0","-0.11","0","24.48","Released","16 May 2026 20:34:28 UTC"
"7 May 2026 16:48:25 UTC","27033762562","Order","205-0913429-4119559","311003-5-UK","VIVOSUN Gardening Scissors 6.5 Inch Hand Pruner Shear with Titanium Coated Blades, Pruning Shear for Plants, Flowers, Hedges 1-Pack Blue","1","amazon.co.uk","Amazon","LONDON","Uk","W6 0","MarketplaceFacilitator","4.01","0.80","0","0","0","0","0","0","-0.80","-0.72","-1.70","-0.04","0","1.55","Released","15 May 2026 13:16:42 UTC"
"7 May 2026 16:51:10 UTC","27033762562","Order","202-5321605-1529943","311003-5-UK","VIVOSUN Gardening Scissors 6.5 Inch Hand Pruner Shear with Titanium Coated Blades, Pruning Shear for Plants, Flowers, Hedges 1-Pack Blue","1","amazon.co.uk","Amazon","BURY ST. EDMUNDS","","IP32 7","MarketplaceFacilitator","4.01","0.80","0","0","0","0","0","0","-0.80","-0.72","-1.70","-0.04","0","1.55","Released","15 May 2026 18:38:58 UTC"
"7 May 2026 16:57:02 UTC","26948042122","Refund","203-3316534-2930728","311001-3x5-UK-N","VIVOSUN Grow Bags 5 Pack 12L, Heavy Duty Thickened Nonwoven Fabric Pots with Strong Handles for Vegetables, Flowers, Fruits, Greenhouse and Garden","1","amazon.co.uk","Amazon","MELBOURN","","SG8 6","MarketplaceFacilitator","-11.32","-2.27","0","0","0","0","0","0","2.27","1.63","0","0.04","0","-9.65","Released","11 May 2026 20:46:58 UTC"
"7 May 2026 17:06:00 UTC","27033762562","Order","203-9612751-2395550","305140-PEN-UK","VIVOSUN Digital pH and TDS Meter Kits, 0.01pH High Accuracy Pen Type pH Meter ± 2% Readout Accuracy 3-in-1 TDS EC Temperature Meter for Hydroponics,","1","amazon.co.uk","Seller","Littlehampton","West Sussex","BN17 6","MarketplaceFacilitator","12.50","2.50","0","0","0","0","0","0","-2.50","-2.25","0","-0.05","0","10.20","Released","16 May 2026 21:24:05 UTC"
"7 May 2026 17:11:04 UTC","27033762562","Order","026-3648189-7766725","311003-5-UK","VIVOSUN Gardening Scissors 6.5 Inch Hand Pruner Shear with Titanium Coated Blades, Pruning Shear for Plants, Flowers, Hedges 1-Pack Blue","1","amazon.co.uk","Amazon","Belper","Derbyshire","DE56 1","MarketplaceFacilitator","4.01","0.80","0","0","0","0","0","0","-0.80","-0.72","-1.70","-0.04","0","1.55","Released","16 May 2026 20:55:19 UTC"
"7 May 2026 17:17:03 UTC","27033762562","Order","204-2970563-2346756","330101CNJ-UK-FBM","VIVOSUN Seedling Heat Mat with Digital Thermostat 10""X20.75"", UL & MET Certified, Fast Heating, Waterproof Propagation Warming Mat for Germination, Ho","1","amazon.co.uk","Seller","STANFORD-LE-HOPE","","SS17 0","MarketplaceFacilitator","19.17","3.83","0","0","0","0","0","0","-3.83","-3.45","0","-0.07","0","15.65","Released","16 May 2026 15:01:18 UTC"
"7 May 2026 18:36:41 UTC","27033762562","Order","203-0132787-4009915","VSGB-7-UK-M","VIVOSUN Grow Bags 5-Pack 30L, 500G Thick Nonwoven Fabric Pots with Strap Handles, Multi-Purpose Rings, for Low Stress Plant Training Fruits, Vegetable","1","amazon.co.uk","Seller","SWANSEA","","SA5 5","MarketplaceFacilitator","13.33","2.67","0","0","0","0","0","0","-2.67","-2.40","0","-0.05","0","10.88","Released","17 May 2026 13:58:43 UTC"
"7 May 2026 19:26:29 UTC","27033762562","Order","202-2964551-0463526","311003-5-UK","VIVOSUN Gardening Scissors 6.5 Inch Hand Pruner Shear with Titanium Coated Blades, Pruning Shear for Plants, Flowers, Hedges 1-Pack Blue","1","amazon.co.uk","Amazon","HARROGATE","","HG1 4","MarketplaceFacilitator","4.01","0.80","0","0","0","0","0","0","-0.80","-0.72","-1.70","-0.04","0","1.55","Released","15 May 2026 18:26:45 UTC"
"7 May 2026 20:01:13 UTC","27033762562","Order","206-8630349-0961932","TN-33-UK","VIVOSUN Garden Netting 90 x 90 cm Elastic Trellis Net with 4 Hooks Trellis Net for Climbing Plants Vegetables Fruits and Flowers","2","amazon.co.uk","Amazon","CARLISLE","","CA5 7","MarketplaceFacilitator","19.24","3.86","0","0","0","0","0","0","-3.86","-3.46","-4.91","-0.17","0","10.70","Released","15 May 2026 17:46:01 UTC"
"7 May 2026 20:56:27 UTC","27033762562","Order","203-5353154-6573120","311003-5-UK","VIVOSUN Gardening Scissors 6.5 Inch Hand Pruner Shear with Titanium Coated Blades, Pruning Shear for Plants, Flowers, Hedges 1-Pack Blue","1","amazon.co.uk","Amazon","BRISTOL","BRISTOL","BS7  9","MarketplaceFacilitator","4.01","0.80","0","0","0","0","0","0","-0.80","-0.72","-1.70","-0.04","0","1.55","Released","15 May 2026 22:44:34 UTC"
"7 May 2026 20:59:22 UTC","27033762562","Order","204-9709993-0494704","VSE-ATW70-UK-FBM","VIVOSUN AeroFlux Smart Grow Tent Heater, 700W PTC Heater with Thermostat, VPD Monitoring, App control, Overheating Protection, and Extension Hose, for","1","amazon.co.uk","Seller","BRADFORD","","BD15 0","MarketplaceFacilitator","91.66","18.33","0","0","0","0","0","0","-18.33","-16.50","0","-0.33","0","74.83","Released","16 May 2026 14:27:08 UTC"
"7 May 2026 21:13:16 UTC","27033762562","Order","205-5998138-9081121","330701-01-UK","VIVOSUN Garden Netting 5 x 15ft. Plant Trellis Netting, Heavy-Duty Polyester Grow Net, Garden Trellis Netting with Square Mesh for Climbing Plants, Ve","1","amazon.co.uk","Amazon","Kirton Nr Iipswich","Suffolk","IP10 0","MarketplaceFacilitator","7.49","1.50","0","0","0","0","0","0","-1.50","-1.35","-1.70","-0.06","0","4.38","Released","15 May 2026 13:15:57 UTC"
"7 May 2026 21:18:19 UTC","27033762562","Order","026-8394298-1923506","311003-5-UK","VIVOSUN Gardening Scissors 6.5 Inch Hand Pruner Shear with Titanium Coated Blades, Pruning Shear for Plants, Flowers, Hedges 1-Pack Blue","1","amazon.co.uk","Amazon","READING","","RG31 7","MarketplaceFacilitator","4.01","0.80","0.31","0.06","0","0","-0.31","-0.06","-0.80","-0.72","-1.70","-0.04","0","1.55","Released","15 May 2026 16:39:52 UTC"
"7 May 2026 22:07:02 UTC","27033762562","Order","203-0744461-9607546","311003-5-UK","VIVOSUN Gardening Scissors 6.5 Inch Hand Pruner Shear with Titanium Coated Blades, Pruning Shear for Plants, Flowers, Hedges 1-Pack Blue","1","amazon.co.uk","Amazon","MALDON","Essex","CM9 5","MarketplaceFacilitator","4.01","0.80","0","0","0","0","0","0","-0.80","-0.72","-1.70","-0.04","0","1.55","Released","15 May 2026 18:40:31 UTC"
"7 May 2026 22:14:22 UTC","27033762562","Order","204-5309888-1163514","VSV-AZT4-UK","VIVOSUN AeroZesh T4 Inline Duct Fan 4inch/100 mm Extractor Fan 357 m³/h with E12 Speed Controller and Fully Programmable PWM-Controlled EC Quiet Vent","1","amazon.co.uk","Amazon","LANCING","","BN15 9","MarketplaceFacilitator","54.17","10.83","0","0","0","0","0","0","-10.83","-9.75","-3.42","-0.27","0","40.73","Released","15 May 2026 16:01:47 UTC"
"7 May 2026 22:22:25 UTC","27033762562","Order","026-4917296-0279502","311003-5-UK","VIVOSUN Gardening Scissors 6.5 Inch Hand Pruner Shear with Titanium Coated Blades, Pruning Shear for Plants, Flowers, Hedges 1-Pack Blue","1","amazon.co.uk","Amazon","Chessington","Surrey","KT9 2","MarketplaceFacilitator","4.01","0.80","0.31","0.06","0","0","-0.31","-0.06","-0.80","-0.72","-1.70","-0.04","0","1.55","Released","15 May 2026 18:58:28 UTC"
"7 May 2026 22:25:53 UTC","26948042122","Order","203-3722038-0130757","305140-PEN-UK","VIVOSUN Digital pH and TDS Meter Kits, 0.01pH High Accuracy Pen Type pH Meter ± 2% Readout Accuracy 3-in-1 TDS EC Temperature Meter for Hydroponics,","1","amazon.co.uk","Seller","Strathmiglo","Cupar","KY14 7","MarketplaceFacilitator","12.50","2.50","0","0","0","0","0","0","-2.50","-2.25","0","-0.05","0","10.20","Deferred",
"7 May 2026 22:45:41 UTC","27033762562","Order","203-9290629-3025146","332022-2-UK","VIVOSUN 2-Pack 30X 60X Illuminated Jewelers Loupe Foldable Magnifier with LED Light for Jewelry Gems Watches Coins Stamps Antiques Black","1","amazon.co.uk","Amazon","London","","SE13 6","MarketplaceFacilitator","7.78","1.56","0","0","0","0","0","0","-1.56","-1.40","-2.74","-0.08","0","3.56","Released","15 May 2026 23:04:40 UTC"
"7 May 2026 22:49:07 UTC","27033762562","Order","026-6919209-0497113","VSV-AZG6-UK","VIVOSUN AeroZesh G6 Inline Duct Fan 6inch/150 mm Extractor Fan 660 m³/h with E12 Speed Controller and Entirely Programmable PWM-Controlled EC Fan for","1","amazon.co.uk","Amazon","LONDON","","W6 8","MarketplaceFacilitator","54.17","10.83","0","0","0","0","0","0","-10.83","-9.75","-3.43","-0.27","0","40.72","Released","15 May 2026 06:40:08 UTC"
"7 May 2026 22:51:05 UTC","27033762562","Order","204-3661676-3166749","311003-5-UK","VIVOSUN Gardening Scissors 6.5 Inch Hand Pruner Shear with Titanium Coated Blades, Pruning Shear for Plants, Flowers, Hedges 1-Pack Blue","1","amazon.co.uk","Amazon","Solihull","","B927","MarketplaceFacilitator","4.01","0.80","0","0","0","0","0","0","-0.80","-0.72","-1.70","-0.04","0","1.55","Released","15 May 2026 21:06:33 UTC"
"7 May 2026 23:17:48 UTC","27033762562","Order","203-3636514-0800343","VS-THB1-UK","VIVOSUN AeroLab THB1 Wireless Bluetooth Hygrometer Thermometer Indoor, Smart Temperature Monitor, VPD, Digital Humidity Meter, LCD Remote Control & Al","1","amazon.co.uk","Amazon","BOLTON","","BL2 5","MarketplaceFacilitator","13.32","2.67","0","0","0","0","-2.67","-0.53","-2.14","-1.66","-2.46","-0.08","0","6.45","Released","15 May 2026 21:43:06 UTC"
"7 May 2026 23:32:20 UTC","27033762562","Order","205-4676206-2145960","VS-THB1-UK","VIVOSUN AeroLab THB1 Wireless Bluetooth Hygrometer Thermometer Indoor, Smart Temperature Monitor, VPD, Digital Humidity Meter, LCD Remote Control & Al","1","amazon.co.uk","Amazon","Shepherds Bush","","W12 7","MarketplaceFacilitator","13.32","2.67","0","0","0","0","0","0","-2.67","-2.08","-2.46","-0.09","0","8.69","Released","15 May 2026 17:15:10 UTC"
"7 May 2026 23:48:54 UTC","27033762562","Order","204-6732347-9614744","TN-24-UK","VIVOSUN Garden Netting 60 x 120 cm, Trellis Net with 4 Hooks Trellis Net for Climbing Plants Vegetables Fruits and Flowers","2","amazon.co.uk","Amazon","SWANSEA","","SA8 3","MarketplaceFacilitator","26.64","5.34","0","0","0","0","0","0","-5.34","-4.80","-4.91","-0.20","0","16.73","Released","16 May 2026 00:06:45 UTC"
"8 May 2026 00:17:13 UTC","27033762562","Order","026-2959877-9989115","311003-5-UK","VIVOSUN Gardening Scissors 6.5 Inch Hand Pruner Shear with Titanium Coated Blades, Pruning Shear for Plants, Flowers, Hedges 1-Pack Blue","1","amazon.co.uk","Amazon","BRISTOL","","BS2 8","MarketplaceFacilitator","4.01","0.80","0.47","0.09","0","0","-0.47","-0.09","-0.80","-0.72","-1.70","-0.04","0","1.55","Released","16 May 2026 18:23:13 UTC"
"8 May 2026 00:42:35 UTC","27033762562","Order","206-0652741-6663557","330701-01-UK","VIVOSUN Garden Netting 5 x 15ft. Plant Trellis Netting, Heavy-Duty Polyester Grow Net, Garden Trellis Netting with Square Mesh for Climbing Plants, Ve","3","amazon.co.uk","Amazon","Thorne","South Yorkshire","DN85","MarketplaceFacilitator","22.47","4.50","1.25","0.24","0","0","0","0","-6.32","-5.40","-6.75","-0.24","0","9.75","Released","15 May 2026 16:32:08 UTC"
"8 May 2026 00:42:35 UTC","27033762562","Order","206-0652741-6663557","330701-01-UK","VIVOSUN Garden Netting 5 x 15ft. Plant Trellis Netting, Heavy-Duty Polyester Grow Net, Garden Trellis Netting with Square Mesh for Climbing Plants, Ve","1","amazon.co.uk","Amazon","Thorne","South Yorkshire","DN85","","7.49","1.50","0.42","0.08","0","0","0","0","0","0","-1.70","-0.03","0","7.76","Released","15 May 2026 16:32:08 UTC"
"8 May 2026 00:51:27 UTC","27033762562","Order","202-1748931-3179510","VSV-AZG6-UK","VIVOSUN AeroZesh G6 Inline Duct Fan 6inch/150 mm Extractor Fan 660 m³/h with E12 Speed Controller and Entirely Programmable PWM-Controlled EC Fan for","1","amazon.co.uk","Amazon","LIVERPOOL","","L36 3","MarketplaceFacilitator","54.17","10.83","0","0","0","0","0","0","-10.83","-9.75","-3.43","-0.27","0","40.72","Released","15 May 2026 21:53:09 UTC"
"8 May 2026 01:06:08 UTC","27033762562","Order","203-5875558-1797925","311003-5-UK","VIVOSUN Gardening Scissors 6.5 Inch Hand Pruner Shear with Titanium Coated Blades, Pruning Shear for Plants, Flowers, Hedges 1-Pack Blue","1","amazon.co.uk","Amazon","HUDDERSFIELD","","HD5 9","MarketplaceFacilitator","4.01","0.80","0.12","0.02","0","0","-0.12","-0.02","-0.80","-0.72","-1.70","-0.04","0","1.55","Released","15 May 2026 23:54:01 UTC"
"8 May 2026 01:09:39 UTC","27033762562","Order","204-8986740-8057151","306201P-6-UK","VIVOSUN Inline Duct Fan 6 Inch 390 CFM EC Motor with Speed Controller, Quiet Pipe Fan, R6 Pipe Fan for Grow Tent, Greenhouse Ventilation","1","amazon.co.uk","Amazon","ABINGDON","","OX13 6","MarketplaceFacilitator","31.67","6.33","0","0","0","0","0","0","-6.33","-5.70","-3.43","-0.18","0","22.36","Released","15 May 2026 15:35:27 UTC"
"8 May 2026 01:39:10 UTC","27033762562","Order","202-0711621-0941146","311003-5-UK","VIVOSUN Gardening Scissors 6.5 Inch Hand Pruner Shear with Titanium Coated Blades, Pruning Shear for Plants, Flowers, Hedges 1-Pack Blue","1","amazon.co.uk","Amazon","EASTLEIGH","","SO53 3","MarketplaceFacilitator","4.01","0.80","0","0","0","0","0","0","-0.80","-0.72","-1.70","-0.04","0","1.55","Released","15 May 2026 17:23:46 UTC"
"8 May 2026 01:41:02 UTC","27033762562","Order","026-5009750-9099534","311003-5-UK","VIVOSUN Gardening Scissors 6.5 Inch Hand Pruner Shear with Titanium Coated Blades, Pruning Shear for Plants, Flowers, Hedges 1-Pack Blue","1","amazon.co.uk","Amazon","KINGSBRIDGE","","TQ7 1","MarketplaceFacilitator","4.01","0.80","0","0","0","0","0","0","-0.80","-0.72","-1.70","-0.04","0","1.55","Released","15 May 2026 20:00:19 UTC"
"8 May 2026 01:41:37 UTC","27033762562","Order","204-5956344-4875560","330701-01-UK","VIVOSUN Garden Netting 5 x 15ft. Plant Trellis Netting, Heavy-Duty Polyester Grow Net, Garden Trellis Netting with Square Mesh for Climbing Plants, Ve","1","amazon.co.uk","Amazon","EPPING","","CM16 6","MarketplaceFacilitator","7.49","1.50","0","0","0","0","0","0","-1.50","-1.35","-1.70","-0.06","0","4.38","Released","15 May 2026 20:03:09 UTC"
"8 May 2026 01:43:34 UTC","27033762562","Order","203-5258266-7601125","SPray-15L-R-UK","VIVOSUN Handheld Garden Pump Sprayer 1.5L Lawn & Garden Pressure Water Spray Bottle with Adjustable Brass Nozzle, for Plants and Other Cleaning Soluti","1","amazon.co.uk","Amazon","BIDDENDEN","","TN27 8","","15.92","3.18","0","0","0","0","0","0","0","-2.87","-3.53","0","0","12.70","Released","15 May 2026 21:50:59 UTC"
"8 May 2026 01:47:54 UTC","27033762562","Order","203-2084033-4353101","304113-33-UK","VIVOSUN Grow Tent 90x90x180 CM (36''x36''x72''), Made of Highly Reflective Mylar with Viewing Window and Base Tray for Hydroponics Seedling Indoor Pla","1","amazon.co.uk","Amazon","BOSTON","Lincolnshire","PE20 1","MarketplaceFacilitator","71.67","14.33","0","0","0","0","0","0","-14.33","-12.90","-5.79","-0.38","0","52.60","Released","15 May 2026 18:04:40 UTC"
"8 May 2026 02:03:07 UTC","27033762562","Order","202-6090586-6702717","311003-5-UK","VIVOSUN Gardening Scissors 6.5 Inch Hand Pruner Shear with Titanium Coated Blades, Pruning Shear for Plants, Flowers, Hedges 1-Pack Blue","1","amazon.co.uk","Amazon","CRAWLEY","","RH11 7","MarketplaceFacilitator","4.01","0.80","0.18","0.04","0","0","-0.18","-0.04","-0.80","-0.72","-1.70","-0.04","0","1.55","Released","15 May 2026 18:00:23 UTC"
"8 May 2026 02:09:54 UTC","27033762562","Order","204-0829227-0575555","311003-5-UK","VIVOSUN Gardening Scissors 6.5 Inch Hand Pruner Shear with Titanium Coated Blades, Pruning Shear for Plants, Flowers, Hedges 1-Pack Blue","1","amazon.co.uk","Amazon","BRISTOL","","BS5 7","MarketplaceFacilitator","4.01","0.80","0","0","0","0","0","0","-0.80","-0.72","-1.70","-0.04","0","1.55","Released","15 May 2026 19:35:23 UTC"
"8 May 2026 02:10:37 UTC","27033762562","Order","204-6388707-1889940","305130-PEN-UK-FBM","VIVOSUN Digital pH and TDS Meter Kits, 0.01pH High Accuracy Pen Type pH Meter ± 2% Readout Accuracy 3-in-1 TDS EC Temperature Meter for Hydroponics,","1","amazon.co.uk","Seller","GLASGOW","","G32 9","MarketplaceFacilitator","13.32","2.67","0","0","0","0","0","0","-2.67","-2.40","0","-0.05","0","10.87","Released","16 May 2026 21:03:48 UTC"
"8 May 2026 03:02:29 UTC","27033762562","Order","026-7879004-7869960","TN-33-UK","VIVOSUN Garden Netting 90 x 90 cm Elastic Trellis Net with 4 Hooks Trellis Net for Climbing Plants Vegetables Fruits and Flowers","1","amazon.co.uk","Amazon","WELLINGBOROUGH","","NN8 3","MarketplaceFacilitator","9.62","1.93","0","0","0","0","0","0","-1.93","-1.73","-2.46","-0.08","0","5.35","Released","15 May 2026 22:48:10 UTC"
"8 May 2026 03:10:57 UTC","27033762562","Order","026-2911260-8199555","VSF-AWD4-UK","VIVOSUN AeroWave D4, 4"" Grow Tent Clip Fan with Detachable Hook, 3-Speed Strong & Quiet Airflow, Adjustable Airflow Angle for Hydroponics, Circulation","1","amazon.co.uk","Seller","SOUTHEND-ON-SEA","","SS1 2","MarketplaceFacilitator","16.66","3.33","0","0","0","0","0","0","-3.33","-3.00","0","-0.06","0","13.60","Released","16 May 2026 16:16:59 UTC"
"8 May 2026 03:18:04 UTC","27033762562","Order","026-3558832-0316365","311003-5-UK","VIVOSUN Gardening Scissors 6.5 Inch Hand Pruner Shear with Titanium Coated Blades, Pruning Shear for Plants, Flowers, Hedges 1-Pack Blue","1","amazon.co.uk","Amazon","Bradford","","BD6 3","MarketplaceFacilitator","4.01","0.80","0","0","0","0","0","0","-0.80","-0.72","-1.70","-0.04","0","1.55","Released","17 May 2026 18:03:29 UTC"
"8 May 2026 03:43:05 UTC","27033762562","Order","205-4320300-8709143","311003-5-UK","VIVOSUN Gardening Scissors 6.5 Inch Hand Pruner Shear with Titanium Coated Blades, Pruning Shear for Plants, Flowers, Hedges 1-Pack Blue","1","amazon.co.uk","Amazon","LONDON","","SE1 5","MarketplaceFacilitator","4.01","0.80","0","0","0","0","0","0","-0.80","-0.72","-1.70","-0.04","0","1.55","Released","16 May 2026 00:22:42 UTC"
"8 May 2026 04:10:40 UTC","27033762562","Order","202-6053908-6554726","330701-01-UK","VIVOSUN Garden Netting 5 x 15ft. Plant Trellis Netting, Heavy-Duty Polyester Grow Net, Garden Trellis Netting with Square Mesh for Climbing Plants, Ve","1","amazon.co.uk","Amazon","LICHFIELD","","WS14 9","MarketplaceFacilitator","7.49","1.50","0","0","0","0","0","0","-1.50","-1.35","-1.70","-0.06","0","4.38","Released","15 May 2026 16:42:44 UTC"
"8 May 2026 04:19:06 UTC","27033762562","Order","205-0159178-7497945","311003-5-UK","VIVOSUN Gardening Scissors 6.5 Inch Hand Pruner Shear with Titanium Coated Blades, Pruning Shear for Plants, Flowers, Hedges 1-Pack Blue","1","amazon.co.uk","Amazon","MANCHESTER","","M20 6","MarketplaceFacilitator","4.01","0.80","0","0","0","0","0","0","-0.80","-0.72","-1.70","-0.04","0","1.55","Released","15 May 2026 19:04:43 UTC"
"8 May 2026 05:22:25 UTC","27033762562","Order","202-0599231-8953120","333101-G2J-UK-FBM","VIVOSUN Grow Room Glasses, LED Safety Goggles for Indoor Grow Tents and Hydroponics with UVA&UVB Protect, Incl. Glasses Case, 2-Pack","1","amazon.co.uk","Seller","ST. LEONARDS-ON-SEA","","TN38 0","MarketplaceFacilitator","16.42","3.29","0","0","0","0","0","0","-3.29","-2.96","0","-0.06","0","13.40","Released","16 May 2026 14:18:31 UTC"
"8 May 2026 12:17:26 UTC","27033762562","Order","202-1084091-5565132","311003-5-UK","VIVOSUN Gardening Scissors 6.5 Inch Hand Pruner Shear with Titanium Coated Blades, Pruning Shear for Plants, Flowers, Hedges 1-Pack Blue","1","amazon.co.uk","Amazon","LONDON","","N1 3","MarketplaceFacilitator","4.01","0.80","0.31","0.06","0","0","-0.31","-0.06","-0.80","-0.72","-1.70","-0.04","0","1.55","Released","16 May 2026 18:07:05 UTC"
"8 May 2026 12:42:22 UTC","26948042122","Order","204-9735013-0819505","VSH-IS02-UK","VIVOSUN Professional Automatic Drip Irrigation Kits, 15W Output, All in One Professional Grow Kit- Includes Pump, Timer and Regulator, 8 Drip Emitters","1","amazon.co.uk","Amazon","Bolton","North West","BL5 1","","36.12","7.22","0","0","0","0","0","0","0","-6.50","-3.20","0","0","33.64","Deferred",
"8 May 2026 13:16:34 UTC","27033762562","Order","204-9510642-5627529","VSE-ATW70-UK-FBM","VIVOSUN AeroFlux Smart Grow Tent Heater, 700W PTC Heater with Thermostat, VPD Monitoring, App control, Overheating Protection, and Extension Hose, for","1","amazon.co.uk","Seller","Reigate","Surrey","RH2 8","MarketplaceFacilitator","91.66","18.33","0","0","0","0","0","0","-18.33","-16.50","0","-0.33","0","74.83","Released","16 May 2026 10:13:13 UTC"
"8 May 2026 13:53:39 UTC","26948042122","Delivery Services","203-8914234-7168332","","ReturnPostageBilling","","","","","","","","0","0","0","0","0","0","0","0","0","0","0","0","-2.73","-2.73","Released","8 May 2026 13:53:39 UTC"
"8 May 2026 13:56:34 UTC","26948042122","Refund","203-8914234-7168332","VSF-AWD4-UK","VIVOSUN AeroWave D4, 4"" Grow Tent Clip Fan with Detachable Hook, 3-Speed Strong & Quiet Airflow, Adjustable Airflow Angle for Hydroponics, Circulation","1","amazon.co.uk","Seller","SOUTHEND-ON-SEA","Essex","SS1 2","MarketplaceFacilitator","-14.38","-2.88","0","0","0","0","0","0","2.88","2.07","0","0.05","0","-12.26","Released","12 May 2026 18:42:15 UTC"
"8 May 2026 14:41:17 UTC","27033762562","Order","203-3544445-9400331","VSA100SE-E25-UK","VIVOSUN LED Grow Lamp 100 W Full Spectrum Plant Lamp with Integrated Circulation Fan Grow Light Compatible with App, AeroLight A100SE with GrowHub Con","1","amazon.co.uk","Amazon","MEXBOROUGH","S Yorkshire","S64 8","MarketplaceFacilitator","72.91","14.58","1.87","0.37","0","0","-1.87","-0.37","-14.58","-13.12","-5.72","-0.37","0","53.70","Released","16 May 2026 22:04:04 UTC"
"8 May 2026 15:33:12 UTC","27033762562","Order","204-0303464-7405974","311003-5-UK","VIVOSUN Gardening Scissors 6.5 Inch Hand Pruner Shear with Titanium Coated Blades, Pruning Shear for Plants, Flowers, Hedges 1-Pack Blue","1","amazon.co.uk","Amazon","BRIGHTON","","BN1 3","MarketplaceFacilitator","4.01","0.80","0","0","0","0","0","0","-0.80","-0.72","-1.70","-0.04","0","1.55","Released","17 May 2026 00:10:21 UTC"
"8 May 2026 15:42:00 UTC","27033762562","Order","202-3715925-4133963","311003-5-UK","VIVOSUN Gardening Scissors 6.5 Inch Hand Pruner Shear with Titanium Coated Blades, Pruning Shear for Plants, Flowers, Hedges 1-Pack Blue","1","amazon.co.uk","Amazon","Bromley","","BR1 2","MarketplaceFacilitator","4.01","0.80","0.24","0.05","0","0","-0.24","-0.05","-0.80","-0.72","-1.70","-0.04","0","1.55","Released","15 May 2026 20:27:31 UTC"
"8 May 2026 16:10:03 UTC","27033762562","Order","204-7596504-1776300","311003-5-UK","VIVOSUN Gardening Scissors 6.5 Inch Hand Pruner Shear with Titanium Coated Blades, Pruning Shear for Plants, Flowers, Hedges 1-Pack Blue","1","amazon.co.uk","Amazon","SWANSEA","","SA5 9","MarketplaceFacilitator","4.01","0.80","0","0","0","0","0","0","-0.80","-0.72","-1.70","-0.04","0","1.55","Released","16 May 2026 18:23:03 UTC"
"8 May 2026 16:35:11 UTC","27033762562","Order","204-2222154-1801934","332022-2-UK","VIVOSUN 2-Pack 30X 60X Illuminated Jewelers Loupe Foldable Magnifier with LED Light for Jewelry Gems Watches Coins Stamps Antiques Black","1","amazon.co.uk","Amazon","LEEDS","","LS10 1","MarketplaceFacilitator","7.78","1.56","0.47","0.09","0","0","-0.47","-0.09","-1.56","-1.40","-2.74","-0.08","0","3.56","Released","16 May 2026 23:07:17 UTC"
"8 May 2026 16:43:12 UTC","27033762562","Order","204-8526350-2869929","311003-5-UK","VIVOSUN Gardening Scissors 6.5 Inch Hand Pruner Shear with Titanium Coated Blades, Pruning Shear for Plants, Flowers, Hedges 1-Pack Blue","1","amazon.co.uk","Amazon","BRIGHTON","southwick","BN424","MarketplaceFacilitator","4.01","0.80","0","0","0","0","0","0","-0.80","-0.72","-1.70","-0.04","0","1.55","Released","16 May 2026 16:00:40 UTC"
"8 May 2026 16:43:55 UTC","27033762562","Order","204-0513945-6582709","311003-5-UK","VIVOSUN Gardening Scissors 6.5 Inch Hand Pruner Shear with Titanium Coated Blades, Pruning Shear for Plants, Flowers, Hedges 1-Pack Blue","1","amazon.co.uk","Amazon","West Wickham","Kent","BR4 0","MarketplaceFacilitator","4.01","0.80","0","0","0","0","0","0","-0.80","-0.72","-1.70","-0.04","0","1.55","Released","16 May 2026 17:14:50 UTC"
"8 May 2026 16:52:50 UTC","26948042122","Delivery Services","206-4032561-2605928","","ReturnPostageBilling","","","","","","","","0","0","0","0","0","0","0","0","0","0","0","0","-2.79","-2.79","Released","8 May 2026 16:52:50 UTC"
"8 May 2026 18:11:15 UTC","26948042122","Order","204-1449057-5413151","VSV-AZG6-UK","VIVOSUN AeroZesh G6 Inline Duct Fan 6inch/150 mm Extractor Fan 660 m³/h with E12 Speed Controller and Entirely Programmable PWM-Controlled EC Fan for","1","amazon.co.uk","Amazon","DARTFORD","DARTFORD","DA1 5","","54.17","10.83","0","0","0","0","0","0","0","-9.75","-3.43","0","0","51.82","Deferred",
"8 May 2026 18:58:15 UTC","27033762562","Order","206-0229366-2247574","VSV-AZG6-UK","VIVOSUN AeroZesh G6 Inline Duct Fan 6inch/150 mm Extractor Fan 660 m³/h with E12 Speed Controller and Entirely Programmable PWM-Controlled EC Fan for","1","amazon.co.uk","Amazon","Cwmbran","Torfaen","NP44 7","","66.66","13.33","0","0","0","0","0","0","0","-12.00","-3.43","-0.31","0","64.25","Released","16 May 2026 17:52:50 UTC"
"8 May 2026 19:36:49 UTC","26948042122","Refund","206-4032561-2605928","VSF-AWE6-UK-FBM","VIVOSUN AeroWave E6 6-Inch Clip-on Fan, Patented Portable Indoor Fan with Clip, Strong Airflow but Low Noise, 10 Speeds & 2 Modes IP-54, and Fully-Adj","1","amazon.co.uk","Seller","PRINCES RISBOROUGH","","HP27 0","MarketplaceFacilitator","-29.57","-5.92","0","0","0","0","0","0","5.92","4.26","0","0.11","0","-25.20","Released","9 May 2026 19:44:27 UTC"
"8 May 2026 20:01:41 UTC","27033762562","Order","202-0991627-1288303","311003-5-UK","VIVOSUN Gardening Scissors 6.5 Inch Hand Pruner Shear with Titanium Coated Blades, Pruning Shear for Plants, Flowers, Hedges 1-Pack Blue","1","amazon.co.uk","Amazon","SUTTON COLDFIELD","W Midlands","B75 7","MarketplaceFacilitator","4.01","0.80","0","0","0","0","0","0","-0.80","-0.72","-1.70","-0.04","0","1.55","Released","16 May 2026 22:54:15 UTC"
"8 May 2026 20:03:44 UTC","27033762562","Order","204-5201832-6222713","304113-42-UK","VIVOSUN Grow Tent 120x60x150 CM (48""x24""x60""), Made of Highly Reflective Mylar, with Viewing Window and Base Tray for Hydroponics and Indoor Growing,","1","amazon.co.uk","Amazon","Stokerow","Oxon","RG9 5","MarketplaceFacilitator","106.16","21.23","0","0","0","0","0","0","-21.23","-19.11","-12.55","-0.63","0","73.87","Released","16 May 2026 23:04:00 UTC"
"8 May 2026 20:03:52 UTC","27033762562","Order","203-3366299-1195522","311003-5-UK","VIVOSUN Gardening Scissors 6.5 Inch Hand Pruner Shear with Titanium Coated Blades, Pruning Shear for Plants, Flowers, Hedges 1-Pack Blue","1","amazon.co.uk","Amazon","WISBECH","","PE14 7","MarketplaceFacilitator","4.01","0.80","0","0","0","0","0","0","-0.80","-0.72","-1.70","-0.04","0","1.55","Released","17 May 2026 00:07:55 UTC"
"8 May 2026 20:07:51 UTC","27033762562","Order","203-5511402-5441963","311003-5-UK","VIVOSUN Gardening Scissors 6.5 Inch Hand Pruner Shear with Titanium Coated Blades, Pruning Shear for Plants, Flowers, Hedges 1-Pack Blue","1","amazon.co.uk","Amazon","SOUTHAMPTON","","SO19 7","MarketplaceFacilitator","4.01","0.80","0","0","0","0","0","0","-0.80","-0.72","-1.70","-0.04","0","1.55","Released","16 May 2026 18:28:57 UTC"
"8 May 2026 20:19:07 UTC","27033762562","Order","205-4845222-0801953","311003-5-UK","VIVOSUN Gardening Scissors 6.5 Inch Hand Pruner Shear with Titanium Coated Blades, Pruning Shear for Plants, Flowers, Hedges 1-Pack Blue","1","amazon.co.uk","Amazon","Tonbridge","Kent","TN129","MarketplaceFacilitator","4.01","0.80","0","0","0","0","0","0","-0.80","-0.72","-1.70","-0.04","0","1.55","Released","16 May 2026 17:45:19 UTC"
"8 May 2026 20:31:06 UTC","27033762562","Order","204-5045323-2129945","VC-0002-UK","VIVOSUN 2-Pcs. Grow Tent Vent Cover, 4""/6""/8"" Duct Filter Vent Cover with Elastic Band and Fixed Buckle for Plant Grow Tent Vent","1","amazon.co.uk","Amazon","WATERLOOVILLE","","PO8 9","MarketplaceFacilitator","8.84","1.77","0","0","0","0","0","0","-1.77","-1.59","-2.46","-0.08","0","4.71","Released","16 May 2026 18:13:36 UTC"
"8 May 2026 20:46:38 UTC","26948042122","Order","202-2587073-1066738","VSGB-15-UK-FBM","VIVOSUN Grow Bags 5-Pack 60L, 500G Thick Nonwoven Fabric Pots with Strap Handles, Multi-Purpose Rings, for Low Stress Plant Training Fruits, Vegetable","1","amazon.co.uk","Seller","RADLETT","","WD7 8","MarketplaceFacilitator","20.82","4.17","0","0","0","0","0","0","-4.17","-3.75","0","-0.08","0","16.99","Deferred",
"8 May 2026 20:49:52 UTC","27033762562","Order","205-8063610-9653132","311003-5-UK","VIVOSUN Gardening Scissors 6.5 Inch Hand Pruner Shear with Titanium Coated Blades, Pruning Shear for Plants, Flowers, Hedges 1-Pack Blue","1","amazon.co.uk","Amazon","LEICESTER","","LE19 3","MarketplaceFacilitator","4.01","0.80","0","0","0","0","0","0","-0.80","-0.72","-1.70","-0.04","0","1.55","Released","16 May 2026 16:46:37 UTC"
"8 May 2026 20:59:12 UTC","27033762562","Order","206-9636249-1198753","311003-5-UK","VIVOSUN Gardening Scissors 6.5 Inch Hand Pruner Shear with Titanium Coated Blades, Pruning Shear for Plants, Flowers, Hedges 1-Pack Blue","1","amazon.co.uk","Amazon","ALTON","","GU34 2","MarketplaceFacilitator","4.01","0.80","0","0","0","0","0","0","-0.80","-0.72","-1.70","-0.04","0","1.55","Released","16 May 2026 12:28:43 UTC"
"8 May 2026 20:59:17 UTC","26948042122","Order","205-1073002-6284362","VSF-AWD4W-UK","VIVOSUN AeroWave D4, 4"" Grow Tent Clip Fan with Detachable Hook, 3-Speed Strong & Quiet Airflow, Adjustable Airflow Angle for Hydroponics, Circulation","3","amazon.co.uk","Seller","BARGOED","","CF81 9","MarketplaceFacilitator","47.46","9.51","0","0","0","0","0","0","-9.51","-8.55","0","-0.17","0","38.74","Deferred",
"8 May 2026 21:40:01 UTC","27033762562","Order","205-0674780-0842766","311003-5-UK","VIVOSUN Gardening Scissors 6.5 Inch Hand Pruner Shear with Titanium Coated Blades, Pruning Shear for Plants, Flowers, Hedges 1-Pack Blue","1","amazon.co.uk","Amazon","sutton","surrey","SM3 9","MarketplaceFacilitator","4.01","0.80","0","0","0","0","0","0","-0.80","-0.72","-1.70","-0.04","0","1.55","Released","16 May 2026 23:27:38 UTC"
"8 May 2026 22:03:58 UTC","27033762562","Order","026-2276615-9037966","311003-5-UK","VIVOSUN Gardening Scissors 6.5 Inch Hand Pruner Shear with Titanium Coated Blades, Pruning Shear for Plants, Flowers, Hedges 1-Pack Blue","1","amazon.co.uk","Amazon","KNAPHILL","","GU21 2","MarketplaceFacilitator","4.01","0.80","0","0","0","0","0","0","-0.80","-0.72","-1.70","-0.04","0","1.55","Released","16 May 2026 18:19:33 UTC"
"8 May 2026 22:15:07 UTC","27033762562","Order","204-0134585-0156315","311003-5-UK","VIVOSUN Gardening Scissors 6.5 Inch Hand Pruner Shear with Titanium Coated Blades, Pruning Shear for Plants, Flowers, Hedges 1-Pack Blue","1","amazon.co.uk","Amazon","BRAINTREE","","CM7 2","MarketplaceFacilitator","4.01","0.80","0","0","0","0","0","0","-0.80","-0.72","-1.70","-0.04","0","1.55","Released","16 May 2026 20:59:37 UTC"
"8 May 2026 23:07:19 UTC","27033762562","Order","204-5516282-7923553","LH-001-2-UK","VIVOSUN 2-Pair 1/8 Inch Adjustable Grow Light Hangers, Heavy Duty Rope Hanger with Reinforced Metal Gears, 8Ft. Long and 150 lbs Weight Capacity Rope","1","amazon.co.uk","Amazon","RAMSGATE","England","CT11 7","MarketplaceFacilitator","6.67","1.33","0","0","0","0","0","0","-1.33","-1.20","-2.69","-0.07","0","2.71","Released","16 May 2026 22:55:34 UTC"
"8 May 2026 23:10:14 UTC","27033762562","Order","202-4273459-8172319","LH-001-UK","VIVOSUN 1-Pair 1/8 Inch Adjustable Grow Light Hanger, Heavy Duty Rope Hanger with Reinforced Metal Gears, 8Ft. Long and 150 lbs Weight Capacity Rope f","1","amazon.co.uk","Amazon","BRADFORD","W Yorkshire","BD8 7","MarketplaceFacilitator","4.95","0.99","0","0","0","0","0","0","-0.99","-0.89","-2.46","-0.07","0","1.53","Released","16 May 2026 17:20:18 UTC"
"8 May 2026 23:27:22 UTC","27033762562","Order","203-0511990-8743502","311003-5-UK","VIVOSUN Gardening Scissors 6.5 Inch Hand Pruner Shear with Titanium Coated Blades, Pruning Shear for Plants, Flowers, Hedges 1-Pack Blue","1","amazon.co.uk","Amazon","BAGSHOT","","GU19 5","MarketplaceFacilitator","4.01","0.80","0.53","0.11","0","0","-0.53","-0.11","-0.80","-0.72","-1.70","-0.04","0","1.55","Released","16 May 2026 20:31:27 UTC"
"8 May 2026 23:59:07 UTC","27033762562","Order","202-8961952-2213141","311003-5-UK","VIVOSUN Gardening Scissors 6.5 Inch Hand Pruner Shear with Titanium Coated Blades, Pruning Shear for Plants, Flowers, Hedges 1-Pack Blue","1","amazon.co.uk","Amazon","WINSCOMBE","","BS25 1","MarketplaceFacilitator","4.01","0.80","0","0","0","0","0","0","-0.80","-0.72","-1.70","-0.04","0","1.55","Released","16 May 2026 22:21:05 UTC"
"9 May 2026 00:30:32 UTC","27033762562","Order","205-0104021-2527547","311003-5-UK","VIVOSUN Gardening Scissors 6.5 Inch Hand Pruner Shear with Titanium Coated Blades, Pruning Shear for Plants, Flowers, Hedges 1-Pack Blue","1","amazon.co.uk","Amazon","GLOUCESTER","","GL4 0","MarketplaceFacilitator","4.01","0.80","0","0","0","0","0","0","-0.80","-0.72","-1.70","-0.04","0","1.55","Released","16 May 2026 16:04:03 UTC"
"9 May 2026 00:37:40 UTC","27033762562","Order","026-9347110-3277128","311001-3x5-UK-N","VIVOSUN Grow Bags 5 Pack 12L, Heavy Duty Thickened Nonwoven Fabric Pots with Strong Handles for Vegetables, Flowers, Fruits, Greenhouse and Garden","1","amazon.co.uk","Amazon","LONDON","","SW16 2","MarketplaceFacilitator","11.32","2.27","0","0","0","0","0","0","-2.27","-2.04","-3.20","-0.10","0","5.98","Released","16 May 2026 17:39:11 UTC"
"9 May 2026 00:40:19 UTC","27033762562","Order","206-3205840-0410717","311003-5-UK","VIVOSUN Gardening Scissors 6.5 Inch Hand Pruner Shear with Titanium Coated Blades, Pruning Shear for Plants, Flowers, Hedges 1-Pack Blue","1","amazon.co.uk","Amazon","YORK","","YO43 4","MarketplaceFacilitator","4.01","0.80","0","0","0","0","0","0","-0.80","-0.72","-1.70","-0.04","0","1.55","Released","16 May 2026 23:15:20 UTC"
"9 May 2026 00:45:53 UTC","27033762562","Order","026-3468107-3349114","311003-5-UK","VIVOSUN Gardening Scissors 6.5 Inch Hand Pruner Shear with Titanium Coated Blades, Pruning Shear for Plants, Flowers, Hedges 1-Pack Blue","1","amazon.co.uk","Amazon","LEEDS","W Yorkshire","LS27 9","MarketplaceFacilitator","4.01","0.80","0","0","0","0","0","0","-0.80","-0.72","-1.70","-0.04","0","1.55","Released","16 May 2026 16:17:32 UTC"
"9 May 2026 01:08:28 UTC","27033762562","Order","204-4915892-0854710","332022-2-UK","VIVOSUN 2-Pack 30X 60X Illuminated Jewelers Loupe Foldable Magnifier with LED Light for Jewelry Gems Watches Coins Stamps Antiques Black","1","amazon.co.uk","Amazon","HALSTEAD","","CO9 1","MarketplaceFacilitator","7.78","1.56","0","0","0","0","0","0","-1.56","-1.40","-2.74","-0.08","0","3.56","Released","16 May 2026 19:04:39 UTC"
"9 May 2026 01:32:30 UTC","27033762562","Order","203-0792503-9384319","304113-42-UK","VIVOSUN Grow Tent 120x60x150 CM (48""x24""x60""), Made of Highly Reflective Mylar, with Viewing Window and Base Tray for Hydroponics and Indoor Growing,","1","amazon.co.uk","Amazon","HIGH PEAK","","SK23 0","MarketplaceFacilitator","106.16","21.23","3.74","0.75","0","0","-3.74","-0.75","-21.23","-19.11","-12.55","-0.63","0","73.87","Released","16 May 2026 19:09:09 UTC"
"9 May 2026 01:55:33 UTC","27033762562","Order","206-4982944-9766744","330701-01-UK","VIVOSUN Garden Netting 5 x 15ft. Plant Trellis Netting, Heavy-Duty Polyester Grow Net, Garden Trellis Netting with Square Mesh for Climbing Plants, Ve","1","amazon.co.uk","Amazon","COLCHESTER","","CO3 4","MarketplaceFacilitator","7.49","1.50","0","0","0","0","0","0","-1.50","-1.35","-1.70","-0.06","0","4.38","Released","16 May 2026 21:06:19 UTC"
"9 May 2026 02:22:24 UTC","26948042122","Order","203-4971423-0740300","306201PVC-4-UK","VIVOSUN Inline Duct Fan 4 Inch 190 CFM with Speed Controller, 4 Inch Carbon Filter and 8 Feet of Ducting, Temperature Humidity Monitor for Grow Tent,","1","amazon.co.uk","Seller","MELBOURN","","SG8 6","MarketplaceFacilitator","103.99","0","0","0","0","0","0","0","0","-15.60","0","-0.31","0","88.08","Deferred",
"9 May 2026 03:25:36 UTC","27033762562","Order","204-8895009-3908321","311003-5-UK","VIVOSUN Gardening Scissors 6.5 Inch Hand Pruner Shear with Titanium Coated Blades, Pruning Shear for Plants, Flowers, Hedges 1-Pack Blue","1","amazon.co.uk","Amazon","WIMBORNE","","BH21 1","MarketplaceFacilitator","4.01","0.80","1.38","0.28","0","0","0","0","-1.08","-0.72","-3.08","-0.07","0","1.52","Released","16 May 2026 21:51:22 UTC"
"9 May 2026 03:43:04 UTC","27033762562","Order","205-0612049-7665160","330701-01-UK","VIVOSUN Garden Netting 5 x 15ft. Plant Trellis Netting, Heavy-Duty Polyester Grow Net, Garden Trellis Netting with Square Mesh for Climbing Plants, Ve","1","amazon.co.uk","Amazon","HALESWORTH","Suffolk","IP19 0","MarketplaceFacilitator","7.49","1.50","0","0","0","0","0","0","-1.50","-1.35","-1.70","-0.06","0","4.38","Released","16 May 2026 22:42:12 UTC"
"9 May 2026 04:16:20 UTC","27033762562","Order","204-1431891-7345108","311003-5-UK","VIVOSUN Gardening Scissors 6.5 Inch Hand Pruner Shear with Titanium Coated Blades, Pruning Shear for Plants, Flowers, Hedges 1-Pack Blue","1","amazon.co.uk","Amazon","AYLESBURY","","HP21 7","MarketplaceFacilitator","4.01","0.80","0","0","0","0","0","0","-0.80","-0.72","-1.70","-0.04","0","1.55","Released","16 May 2026 14:34:38 UTC"
"9 May 2026 06:46:34 UTC","26948042122","Order","206-6164350-9149167","305131-UK-FBM","VIVOSUN Soil Tester, 3-in-1 Plant Moisture Meter Light and PH Tester for Home, Garden, Lawn, Farm, Indoor and Outdoor Use, Promote Plants Healthy Grow","1","amazon.co.uk","Seller","BIRMINGHAM","","B8 2","MarketplaceFacilitator","9.16","1.83","0","0","0","0","0","0","-1.83","-1.43","0","-0.03","0","7.70","Deferred",
"9 May 2026 09:24:57 UTC","27033762562","Order","202-2922213-2053152","311003-5-UK","VIVOSUN Gardening Scissors 6.5 Inch Hand Pruner Shear with Titanium Coated Blades, Pruning Shear for Plants, Flowers, Hedges 1-Pack Blue","1","amazon.co.uk","Amazon","MAIDSTONE","","ME15 6","MarketplaceFacilitator","4.01","0.80","0.50","0.10","0","0","-0.50","-0.10","-0.80","-0.72","-1.70","-0.04","0","1.55","Released","17 May 2026 20:50:45 UTC"
"9 May 2026 11:36:48 UTC","27033762562","Order","026-0020672-8377976","306143-0412-UK-N","VIVOSUN 4 Inch Air Carbon Filter Odor Control with Australia Virgin Charcoal for Inline Fan, Grow Tent Odor Scrubber Indoor Hydroponics, Pre-filter In","1","amazon.co.uk","Amazon","SOUTHEND-ON-SEA","","SS1 2","MarketplaceFacilitator","32.57","6.52","0.42","0.08","0","0","-0.42","-0.08","-6.52","-5.86","-3.39","-0.19","0","23.13","Released","17 May 2026 23:03:30 UTC"
"9 May 2026 11:37:56 UTC","26948042122","Order","206-8664071-6710769","305140-PEN-UK","VIVOSUN Digital pH and TDS Meter Kits, 0.01pH High Accuracy Pen Type pH Meter ± 2% Readout Accuracy 3-in-1 TDS EC Temperature Meter for Hydroponics,","1","amazon.co.uk","Seller","NEWARK","","NG23 5","MarketplaceFacilitator","17.49","3.50","0","0","0","0","0","0","-3.50","-3.15","0","-0.06","0","14.28","Deferred",
"9 May 2026 11:40:31 UTC","26948042122","Order","026-1241712-8788316","306146-0412-UK-FBM","VIVOSUN 4 Inch Air Carbon Filter Odor Control with Australia Virgin Charcoal for Inline Fan, Grow Tent Odor Scrubber, Pre-Filter Included, Reversible","1","amazon.co.uk","Seller","CRAWLEY","","RH11 0","MarketplaceFacilitator","38.32","7.67","0","0","0","0","0","0","-7.67","-6.90","0","-0.14","0","31.28","Deferred",
"9 May 2026 11:58:25 UTC","26948042122","Order","026-5367133-4208310","VSGB-3-UK-FBM","VIVOSUN 5-Pack 12L Grow Bags Heavy Duty 500G Thickened Nonwoven Plant Fabric Pots with Handles for Vegetables, Flowers, Fruits, Greenhouse and Garden","1","amazon.co.uk","Seller","GRANGE-OVER-SANDS","","LA11 6","MarketplaceFacilitator","9.41","1.88","0","0","0","0","0","0","-1.88","-1.69","0","-0.03","0","7.69","Deferred",
"9 May 2026 12:01:52 UTC","26948042122","Order","202-6214565-8608318","GT-Pole-UK-M","VIVOSUN Grow Tent High CFM Kit, Green Pole Range of 24""-48"", Suitable for 2'x2', 3'x3', 4'x2' and 4'x4'Grow Tent, 4-Pack","1","amazon.co.uk","Seller","PONTEFRACT","","WF8 3","MarketplaceFacilitator","28.32","5.67","0","0","0","0","0","0","-5.67","-5.10","0","-0.10","0","23.12","Deferred",
"9 May 2026 12:02:08 UTC","26948042122","Order","S02-1893087-8539149","VSV-AZT6E42A-UK","VIVOSUN Inline Duct Fan 6inch/150 mm & Temperature Humidity Controller E42A WiFi-App Control, Quiet Extractor Fan 693 m³/h with EC Motor, Grow Tent Fan& Smart Thermostat for Growbox Hydroponics","1","siprodukmarketplace.stores.amazon.co.uk","Amazon","Arbroath","ANS","DD11 4","","0","0","0","0","0","0","0","0","0","0","-9.73","0","0","-9.73","Released","9 May 2026 12:02:08 UTC"
"9 May 2026 12:07:29 UTC","27033762562","Order","205-0167880-0941123","304113-P276-UK","VIVOSUN Pro Grow Tent 80x80x160 CM (32""x32""x63""), with Thick 22 mm Poles, 2000DOxford Fabric with Highly Reflective Mylar Extra Hanging Poles, Growbox","1","amazon.co.uk","Amazon","DEAL","Kent","CT14 7","MarketplaceFacilitator","68.33","13.67","0","0","0","0","0","0","-13.67","-12.30","-6.09","-0.37","0","49.57","Released","17 May 2026 21:53:16 UTC"
"9 May 2026 12:33:34 UTC","26948042122","Order","205-2248038-6178762","VSE-ASH05-UK-FBM","VIVOSUN AeroStream H05 Intelligent Wi-Fi Humidifier 5 L, Plant Humidifier with Temp & Humidity Probe, Smart Remote VPD Control, Designed for Growers G","1","amazon.co.uk","Seller","WIRRAL","","CH49 9","MarketplaceFacilitator","58.32","11.67","0","0","0","0","0","0","-11.67","-10.50","0","-0.21","0","47.61","Deferred",
"9 May 2026 14:10:46 UTC","26948042122","Order","202-0941758-9904350","305131-UK-FBM","VIVOSUN Soil Tester, 3-in-1 Plant Moisture Meter Light and PH Tester for Home, Garden, Lawn, Farm, Indoor and Outdoor Use, Promote Plants Healthy Grow","1","amazon.co.uk","Seller","PUDSEY","","LS28 7","MarketplaceFacilitator","5.70","1.14","0","0","0","0","0","0","-1.14","-0.89","0","-0.02","0","4.79","Deferred",
"9 May 2026 15:40:14 UTC","26948042122","Order","204-2094574-1133148","VSVC-AZG4-UK-M","VIVOSUN PRO G4 Smart Air Filtration Set, 10 cm AeroZesh G4 Duct Fan with E12 Speed Control, Carbon Filter & Air Duct, Ventilation System for Grow Tent","1","amazon.co.uk","Seller","Stokerow","Oxon","RG9 5","","129.99","0","0","0","0","0","0","0","0","-19.50","0","-0.39","0","110.10","Deferred",
"9 May 2026 15:40:14 UTC","26948042122","Order","204-2094574-1133148","VSA200SE-UK-FBM","VIVOSUN LED Grow Lamp 200 W Full Spectrum Plant Lamp with Integrated Circulation Fan Grow Light Compatible with App, Can be Used with E42A/E25 AeroLig","1","amazon.co.uk","Seller","Stokerow","Oxon","RG9 5","","161.49","0","0","0","0","0","0","0","0","-24.22","0","-0.48","0","136.79","Deferred",
"9 May 2026 15:51:09 UTC","27033762562","Order","202-3818179-6037167","306101S-4-UK","VIVOSUN Inline Duct Fan 4 Inch 203 CFM with Variable Speed Control for Grow Tent, Ventilation, Plant Tent, Indoor, Garden, Ventilation Fan, Z4 Pipe Fa","1","amazon.co.uk","Amazon","MUSSELBURGH","","EH21 7","MarketplaceFacilitator","26.67","5.33","1.87","0.38","0","0","-1.87","-0.38","-5.33","-4.80","-3.36","-0.17","0","18.34","Released","17 May 2026 12:52:46 UTC"
"9 May 2026 16:22:05 UTC","26948042122","Order","203-3002605-8873943","305132-PEN-UK","VIVOSUN TDS Tester 3-in-1 TDS EC & Temperature Meter Ultrahigh Accuracy Digital Water Quality TDS Tester, for Drinking Water, Gardening, Aquariums, Bl","1","amazon.co.uk","Amazon","Jersey","","JE2 4","MarketplaceFacilitator","5.30","0.27","0","0","0","0","0","0","-0.27","-0.95","-2.56","-0.07","0","1.72","Deferred",
"9 May 2026 16:37:59 UTC","26948042122","Order","202-6906071-3953161","VSGB-3-UK-FBM","VIVOSUN 5-Pack 12L Grow Bags Heavy Duty 500G Thickened Nonwoven Plant Fabric Pots with Handles for Vegetables, Flowers, Fruits, Greenhouse and Garden","1","amazon.co.uk","Seller","NUNEATON","Warks","CV11 6","MarketplaceFacilitator","9.41","1.88","0","0","0","0","0","0","-1.88","-1.69","0","-0.03","0","7.69","Deferred",
"9 May 2026 16:41:46 UTC","26948042122","Order","204-6327392-6518713","VSH-IS02-UK","VIVOSUN Professional Automatic Drip Irrigation Kits, 15W Output, All in One Professional Grow Kit- Includes Pump, Timer and Regulator, 8 Drip Emitters","1","amazon.co.uk","Amazon","Bolton","North West","BL5 1","","36.12","7.22","0","0","0","0","0","0","0","-6.50","-3.20","0","0","33.64","Deferred",
"9 May 2026 17:09:25 UTC","26948042122","Order","205-6606032-8517919","VSVC-AZG4-UK-M","VIVOSUN PRO G4 Smart Air Filtration Set, 10 cm AeroZesh G4 Duct Fan with E12 Speed Control, Carbon Filter & Air Duct, Ventilation System for Grow Tent","1","amazon.co.uk","Seller","LLANDEILO","","SA19 7","MarketplaceFacilitator","108.32","21.67","0","0","0","0","0","0","-21.67","-19.50","0","-0.39","0","88.43","Deferred",
"9 May 2026 17:34:16 UTC","26948042122","Order","202-1646893-2117124","305131-UK-FBM","VIVOSUN Soil Tester, 3-in-1 Plant Moisture Meter Light and PH Tester for Home, Garden, Lawn, Farm, Indoor and Outdoor Use, Promote Plants Healthy Grow","1","amazon.co.uk","Seller","LONDON","","NW1 0","MarketplaceFacilitator","5.70","1.14","0","0","0","0","0","0","-1.14","-0.89","0","-0.02","0","4.79","Deferred",
"9 May 2026 17:52:10 UTC","26948042122","Order","203-2440163-1717102","VSF-AWE6G-UK-FBM","VIVOSUN Grow Fan with Clip, 15 cm/6 Inch Grow Tent Fan, 10 Speeds Smart App Control, IP54 with Automatic Oscillation AeroWave E6 for Grow Tent, Green","1","amazon.co.uk","Seller","COALVILLE","","LE67 5","MarketplaceFacilitator","25.32","5.07","0","0","0","0","0","0","-5.07","-4.56","0","-0.09","0","20.67","Deferred",
"9 May 2026 18:37:36 UTC","26948042122","Order","202-5384599-9029946","PH002-UK-FBM","VIVOSUN 4-in-1 Digital pH Meter with pH/TDS/EC/Temp Function, 0-14.0 pH Measurement Range, ±0.1 pH Accuracy Water Quality Tester for Hydroponics, Hou","1","amazon.co.uk","Seller","Linlithgow","West Lothian","EH496","MarketplaceFacilitator","16.42","3.28","0","0","0","0","0","0","-3.28","-2.96","0","-0.06","0","13.40","Deferred",
"9 May 2026 19:44:32 UTC","26948042122","Order","204-1474837-9513161","VSGB-7-UK-M","VIVOSUN Grow Bags 5-Pack 30L, 500G Thick Nonwoven Fabric Pots with Strap Handles, Multi-Purpose Rings, for Low Stress Plant Training Fruits, Vegetable","1","amazon.co.uk","Seller","WORCESTER","Worcestershire","WR5 1","MarketplaceFacilitator","13.99","2.80","0","0","0","0","0","0","-2.80","-2.52","0","-0.05","0","11.42","Deferred",
"9 May 2026 19:44:42 UTC","27033762562","Order","204-1310710-7229928","311001-3x5-UK-N","VIVOSUN Grow Bags 5 Pack 12L, Heavy Duty Thickened Nonwoven Fabric Pots with Strong Handles for Vegetables, Flowers, Fruits, Greenhouse and Garden","1","amazon.co.uk","Amazon","TEDDINGTON","","TW11 0","MarketplaceFacilitator","11.32","2.27","0","0","0","0","0","0","-2.27","-2.04","-3.20","-0.10","0","5.98","Released","17 May 2026 17:00:51 UTC"
"9 May 2026 19:48:18 UTC","27033762562","Order","206-7402554-1444362","311003-5-UK","VIVOSUN Gardening Scissors 6.5 Inch Hand Pruner Shear with Titanium Coated Blades, Pruning Shear for Plants, Flowers, Hedges 1-Pack Blue","1","amazon.co.uk","Amazon","ADDLESTONE","SURREY","KT15 3","MarketplaceFacilitator","4.01","0.80","0","0","0","0","0","0","-0.80","-0.72","-1.70","-0.04","0","1.55","Released","17 May 2026 20:41:48 UTC"
"9 May 2026 19:52:36 UTC","27033762562","Order","205-6782538-5879553","311003-5-UK","VIVOSUN Gardening Scissors 6.5 Inch Hand Pruner Shear with Titanium Coated Blades, Pruning Shear for Plants, Flowers, Hedges 1-Pack Blue","1","amazon.co.uk","Amazon","WISBECH","Cambridgeshire","PE13 5","MarketplaceFacilitator","4.01","0.80","0","0","0","0","0","0","-0.80","-0.72","-1.70","-0.04","0","1.55","Released","17 May 2026 23:22:11 UTC"
"9 May 2026 20:19:27 UTC","27033762562","Order","203-5009383-1510753","304113-42-UK","VIVOSUN Grow Tent 120x60x150 CM (48""x24""x60""), Made of Highly Reflective Mylar, with Viewing Window and Base Tray for Hydroponics and Indoor Growing,","1","amazon.co.uk","Amazon","GLASGOW","","G22 6","MarketplaceFacilitator","106.16","21.23","0","0","0","0","0","0","-21.23","-19.11","-12.55","-0.63","0","73.87","Released","17 May 2026 16:13:46 UTC"
"9 May 2026 22:31:34 UTC","26948042122","Order","026-2011096-1670707","VSF-AWD4x2-UK-M","VIVOSUN AeroWave D4, 4"" Grow Tent Clip Fan with Detachable Hook, 3-Speed Strong & Quiet Airflow, Adjustable Airflow Angle for Hydroponics, Circulation","1","amazon.co.uk","Seller","SITTINGBOURNE","","ME10 1","MarketplaceFacilitator","29.99","6.00","0","0","0","0","0","0","-6.00","-5.40","0","-0.11","0","24.48","Deferred",
"9 May 2026 22:52:45 UTC","26948042122","Order","202-8068981-9599536","311001-15x5-UK-FBM","VIVOSUN Plant Grow Bags 5 Pack 60L, Heavy Duty Thickened Nonwoven Fabric Pots with Strong Handles, Reusable Breathable Garden Growing Containers for V","1","amazon.co.uk","Seller","BRADFORD","","BD13 5","MarketplaceFacilitator","19.99","4.00","0","0","0","0","0","0","-4.00","-3.60","0","-0.07","0","16.32","Deferred",
"9 May 2026 23:00:36 UTC","27033762562","Order","205-3146180-0869933","311001-3x5-UK-N","VIVOSUN Grow Bags 5 Pack 12L, Heavy Duty Thickened Nonwoven Fabric Pots with Strong Handles for Vegetables, Flowers, Fruits, Greenhouse and Garden","1","amazon.co.uk","Amazon","MANCHESTER","Lancs","M30 9","MarketplaceFacilitator","11.32","2.27","0","0","0","0","0","0","-2.27","-2.04","-3.20","-0.10","0","5.98","Released","17 May 2026 19:33:40 UTC"
"9 May 2026 23:00:45 UTC","27033762562","Order","026-9115007-3277168","VSV-AZG6-UK","VIVOSUN AeroZesh G6 Inline Duct Fan 6inch/150 mm Extractor Fan 660 m³/h with E12 Speed Controller and Entirely Programmable PWM-Controlled EC Fan for","1","amazon.co.uk","Amazon","WARRINGTON","","WA3 3","MarketplaceFacilitator","66.66","13.33","0","0","0","0","0","0","-13.33","-12.00","-3.43","-0.31","0","50.92","Released","17 May 2026 20:42:44 UTC"
"9 May 2026 23:16:45 UTC","26948042122","Order","205-5438011-9057120","311001-10x5-UK-FBM","VIVOSUN Plant Grow Bags 5 Pack 40L, Heavy Duty Thickened Nonwoven Fabric Pots with Strong Handles, Reusable Breathable Garden Growing Containers for V","1","amazon.co.uk","Seller","WALTHAM CROSS","","EN7 6","MarketplaceFacilitator","18.32","3.67","0","0","0","0","0","0","-3.67","-3.30","0","-0.07","0","14.95","Deferred",
"9 May 2026 23:16:45 UTC","26948042122","Order","205-5438011-9057120","311001-20x5-UK-FBM","VIVOSUN Plant Grow Bags 5 Pack 80L, Heavy Duty Thickened Nonwoven Fabric Pots with Strong Handles, Reusable Breathable Garden Growing Containers for V","1","amazon.co.uk","Seller","WALTHAM CROSS","","EN7 6","MarketplaceFacilitator","22.49","4.50","0","0","0","0","0","0","-4.50","-4.05","0","-0.08","0","18.36","Deferred",
"9 May 2026 23:21:58 UTC","27033762562","Order","026-5205382-4765966","311003-5-UK","VIVOSUN Gardening Scissors 6.5 Inch Hand Pruner Shear with Titanium Coated Blades, Pruning Shear for Plants, Flowers, Hedges 1-Pack Blue","1","amazon.co.uk","Amazon","GLASGOW","","G32 9","MarketplaceFacilitator","4.01","0.80","0","0","0","0","0","0","-0.80","-0.72","-1.70","-0.04","0","1.55","Released","17 May 2026 19:19:29 UTC"
"10 May 2026 00:34:13 UTC","27033762562","Order","026-2854131-8944322","311003-5-UK","VIVOSUN Gardening Scissors 6.5 Inch Hand Pruner Shear with Titanium Coated Blades, Pruning Shear for Plants, Flowers, Hedges 1-Pack Blue","1","amazon.co.uk","Amazon","BRADFORD","","BD7 2","MarketplaceFacilitator","4.01","0.80","0","0","0","0","0","0","-0.80","-0.72","-1.70","-0.04","0","1.55","Released","17 May 2026 22:34:38 UTC"
"10 May 2026 00:35:03 UTC","27033762562","Order","206-4847261-6798718","311003-5-UK","VIVOSUN Gardening Scissors 6.5 Inch Hand Pruner Shear with Titanium Coated Blades, Pruning Shear for Plants, Flowers, Hedges 1-Pack Blue","1","amazon.co.uk","Amazon","ILKLEY","","LS29 9","MarketplaceFacilitator","4.01","0.80","0","0","0","0","0","0","-0.80","-0.72","-1.70","-0.04","0","1.55","Released","17 May 2026 22:48:06 UTC"
"10 May 2026 00:43:30 UTC","27033762562","Order","026-4226864-1502711","311003-5-UK","VIVOSUN Gardening Scissors 6.5 Inch Hand Pruner Shear with Titanium Coated Blades, Pruning Shear for Plants, Flowers, Hedges 1-Pack Blue","1","amazon.co.uk","Amazon","KNAPHILL","","GU21 2","MarketplaceFacilitator","4.01","0.80","0","0","0","0","0","0","-0.80","-0.72","-1.70","-0.04","0","1.55","Released","17 May 2026 22:53:22 UTC"
"10 May 2026 00:47:32 UTC","27033762562","Order","206-3096294-0889914","311003-5-UK","VIVOSUN Gardening Scissors 6.5 Inch Hand Pruner Shear with Titanium Coated Blades, Pruning Shear for Plants, Flowers, Hedges 1-Pack Blue","1","amazon.co.uk","Amazon","abertridwr","caerphilly","CF834","MarketplaceFacilitator","4.01","0.80","0","0","0","0","0","0","-0.80","-0.72","-1.70","-0.04","0","1.55","Released","17 May 2026 13:28:51 UTC"
"10 May 2026 00:47:44 UTC","27033762562","Order","202-1662501-2217954","311003-5-UK","VIVOSUN Gardening Scissors 6.5 Inch Hand Pruner Shear with Titanium Coated Blades, Pruning Shear for Plants, Flowers, Hedges 1-Pack Blue","1","amazon.co.uk","Amazon","CARDIFF","","CF5 1","MarketplaceFacilitator","4.01","0.80","0","0","0","0","0","0","-0.80","-0.72","-1.70","-0.04","0","1.55","Released","17 May 2026 15:29:00 UTC"
"10 May 2026 00:58:16 UTC","27033762562","Order","202-4239701-9877138","306143-0412-UK-N","VIVOSUN 4 Inch Air Carbon Filter Odor Control with Australia Virgin Charcoal for Inline Fan, Grow Tent Odor Scrubber Indoor Hydroponics, Pre-filter In","1","amazon.co.uk","Amazon","BRAINTREE","","CM77 7","MarketplaceFacilitator","32.57","6.52","0","0","0","0","0","0","-6.52","-5.86","-3.39","-0.19","0","23.13","Released","17 May 2026 23:22:31 UTC"
"10 May 2026 01:12:56 UTC","27033762562","Order","205-8191648-9921146","311003-5-UK","VIVOSUN Gardening Scissors 6.5 Inch Hand Pruner Shear with Titanium Coated Blades, Pruning Shear for Plants, Flowers, Hedges 1-Pack Blue","1","amazon.co.uk","Amazon","ALDERSHOT","","GU11 4","MarketplaceFacilitator","4.01","0.80","0","0","0","0","0","0","-0.80","-0.72","-1.70","-0.04","0","1.55","Released","17 May 2026 19:01:06 UTC"
"10 May 2026 01:48:37 UTC","27033762562","Order","202-4602597-3878728","311003-5-UK","VIVOSUN Gardening Scissors 6.5 Inch Hand Pruner Shear with Titanium Coated Blades, Pruning Shear for Plants, Flowers, Hedges 1-Pack Blue","1","amazon.co.uk","Amazon","BRIGHTON","","BN41 2","MarketplaceFacilitator","4.01","0.80","0","0","0","0","0","0","-0.80","-0.72","-1.70","-0.04","0","1.55","Released","17 May 2026 17:55:14 UTC"
"10 May 2026 02:02:46 UTC","27033762562","Order","203-1868254-0781132","311003-5-UK","VIVOSUN Gardening Scissors 6.5 Inch Hand Pruner Shear with Titanium Coated Blades, Pruning Shear for Plants, Flowers, Hedges 1-Pack Blue","1","amazon.co.uk","Amazon","CRICKLADE","","SN6 6","MarketplaceFacilitator","4.01","0.80","0","0","0","0","0","0","-0.80","-0.72","-1.70","-0.04","0","1.55","Released","17 May 2026 20:53:51 UTC"
"10 May 2026 02:09:32 UTC","27033762562","Order","026-9527514-1446700","311003-5-UK","VIVOSUN Gardening Scissors 6.5 Inch Hand Pruner Shear with Titanium Coated Blades, Pruning Shear for Plants, Flowers, Hedges 1-Pack Blue","1","amazon.co.uk","Amazon","HEMEL HEMPSTEAD","","HP1 3","MarketplaceFacilitator","4.01","0.80","0","0","0","0","0","0","-0.80","-0.72","-1.70","-0.04","0","1.55","Released","17 May 2026 23:19:30 UTC"
"10 May 2026 02:13:08 UTC","27033762562","Order","203-9896261-0417105","311003-5-UK","VIVOSUN Gardening Scissors 6.5 Inch Hand Pruner Shear with Titanium Coated Blades, Pruning Shear for Plants, Flowers, Hedges 1-Pack Blue","1","amazon.co.uk","Amazon","GRIMSBY","","DN37 9","MarketplaceFacilitator","4.01","0.80","0","0","0","0","0","0","-0.80","-0.72","-1.70","-0.04","0","1.55","Released","17 May 2026 22:15:03 UTC"
"10 May 2026 02:33:30 UTC","27033762562","Order","205-7190510-1568355","VSV-AZT4-UK","VIVOSUN AeroZesh T4 Inline Duct Fan 4inch/100 mm Extractor Fan 357 m³/h with E12 Speed Controller and Fully Programmable PWM-Controlled EC Quiet Vent","1","amazon.co.uk","Amazon","dudley","west midlands","DY2 0","MarketplaceFacilitator","66.66","13.33","0","0","0","0","0","0","-13.33","-12.00","-3.42","-0.31","0","50.93","Released","17 May 2026 17:22:53 UTC"
"10 May 2026 02:39:22 UTC","27033762562","Order","202-7607288-1700345","311003-5-UK","VIVOSUN Gardening Scissors 6.5 Inch Hand Pruner Shear with Titanium Coated Blades, Pruning Shear for Plants, Flowers, Hedges 1-Pack Blue","1","amazon.co.uk","Amazon","OLDBURY","","B69 4","MarketplaceFacilitator","4.01","0.80","0","0","0","0","0","0","-0.80","-0.72","-1.70","-0.04","0","1.55","Released","17 May 2026 22:09:40 UTC"
"10 May 2026 02:49:49 UTC","27033762562","Order","206-0476240-6931527","311003-5-UK","VIVOSUN Gardening Scissors 6.5 Inch Hand Pruner Shear with Titanium Coated Blades, Pruning Shear for Plants, Flowers, Hedges 1-Pack Blue","1","amazon.co.uk","Amazon","HIGH WYCOMBE","","HP13 7","MarketplaceFacilitator","4.01","0.80","0","0","0","0","0","0","-0.80","-0.72","-1.70","-0.04","0","1.55","Released","17 May 2026 16:42:03 UTC"
"10 May 2026 02:51:09 UTC","26948042122","Adjustment","","VSV-AZG4-UK","FBA Inventory Reimbursement - Lost:Warehouse","1","","","","","","","0","0","0","0","0","0","0","0","0","0","0","0","18.23","18.23","Released","10 May 2026 02:51:09 UTC"
"10 May 2026 03:05:38 UTC","27033762562","Order","203-2575041-1413914","332022-2-UK","VIVOSUN 2-Pack 30X 60X Illuminated Jewelers Loupe Foldable Magnifier with LED Light for Jewelry Gems Watches Coins Stamps Antiques Black","1","amazon.co.uk","Amazon","BEDFORD","Beds","MK41 6","MarketplaceFacilitator","7.39","1.48","0","0","0","0","0","0","-1.48","-1.33","-2.74","-0.08","0","3.24","Released","17 May 2026 17:19:48 UTC"
"10 May 2026 03:11:00 UTC","27033762562","Order","203-2659879-9646720","311003-5-UK","VIVOSUN Gardening Scissors 6.5 Inch Hand Pruner Shear with Titanium Coated Blades, Pruning Shear for Plants, Flowers, Hedges 1-Pack Blue","1","amazon.co.uk","Amazon","Keynsham","Bristol","BS31 2","MarketplaceFacilitator","4.01","0.80","0","0","0","0","0","0","-0.80","-0.72","-1.70","-0.04","0","1.55","Released","17 May 2026 18:26:43 UTC"
"10 May 2026 03:32:30 UTC","27033762562","Order","206-9761647-0160315","311003-5-UK","VIVOSUN Gardening Scissors 6.5 Inch Hand Pruner Shear with Titanium Coated Blades, Pruning Shear for Plants, Flowers, Hedges 1-Pack Blue","1","amazon.co.uk","Amazon","SLOUGH","Berkshire","SL1 5","MarketplaceFacilitator","4.01","0.80","0.27","0.06","0","0","-0.27","-0.06","-0.80","-0.72","-1.70","-0.04","0","1.55","Released","17 May 2026 21:53:22 UTC"
"10 May 2026 03:35:49 UTC","27033762562","Order","205-0161692-6418729","311003-5-UK","VIVOSUN Gardening Scissors 6.5 Inch Hand Pruner Shear with Titanium Coated Blades, Pruning Shear for Plants, Flowers, Hedges 1-Pack Blue","1","amazon.co.uk","Amazon","HONITON","","EX14 2","MarketplaceFacilitator","4.01","0.80","0","0","0","0","0","0","-0.80","-0.72","-1.70","-0.04","0","1.55","Released","17 May 2026 17:22:13 UTC"
"10 May 2026 04:00:39 UTC","27033762562","Order","203-4740961-0729961","306143-0820-UK","VIVOSUN 8 Inch Air Carbon Filter Smelliness Control with Australia Virgin Charcoal for Inline Duct Fan, Grow Tent,Pre-Filter Included, Reversible Flan","1","amazon.co.uk","Amazon","DONCASTER","","DN7 6","MarketplaceFacilitator","69.67","13.94","0","0","0","0","0","0","-13.94","-12.54","-5.94","-0.37","0","50.82","Released","18 May 2026 00:13:44 UTC"
"10 May 2026 04:09:58 UTC","27033762562","Order","202-5512711-7597158","311003-5-UK","VIVOSUN Gardening Scissors 6.5 Inch Hand Pruner Shear with Titanium Coated Blades, Pruning Shear for Plants, Flowers, Hedges 1-Pack Blue","1","amazon.co.uk","Amazon","SITTINGBOURNE","Kent","ME10 2","MarketplaceFacilitator","4.01","0.80","0","0","0","0","0","0","-0.80","-0.72","-1.70","-0.04","0","1.55","Released","17 May 2026 21:41:09 UTC"
"10 May 2026 04:17:53 UTC","27033762562","Order","205-0564494-8963524","311003-5-UK","VIVOSUN Gardening Scissors 6.5 Inch Hand Pruner Shear with Titanium Coated Blades, Pruning Shear for Plants, Flowers, Hedges 1-Pack Blue","1","amazon.co.uk","Amazon","HEMEL HEMPSTEAD","","HP2 7","MarketplaceFacilitator","4.01","0.80","0","0","0","0","0","0","-0.80","-0.72","-1.70","-0.04","0","1.55","Released","17 May 2026 19:59:14 UTC"
"10 May 2026 04:18:17 UTC","27033762562","Order","206-1606958-9488330","311003-5-UK","VIVOSUN Gardening Scissors 6.5 Inch Hand Pruner Shear with Titanium Coated Blades, Pruning Shear for Plants, Flowers, Hedges 1-Pack Blue","1","amazon.co.uk","Amazon","HARPENDEN","","AL5 1","MarketplaceFacilitator","4.01","0.80","0","0","0","0","0","0","-1.60","-1.44","-1.70","-0.06","0","0.01","Released","17 May 2026 20:32:02 UTC"
"10 May 2026 04:18:17 UTC","27033762562","Order","206-1606958-9488330","311003-5-UK","VIVOSUN Gardening Scissors 6.5 Inch Hand Pruner Shear with Titanium Coated Blades, Pruning Shear for Plants, Flowers, Hedges 1-Pack Blue","1","amazon.co.uk","Amazon","HARPENDEN","","AL5 1","","4.01","0.80","0","0","0","0","0","0","0","0","-1.70","-0.03","0","3.08","Released","17 May 2026 20:32:02 UTC"
"10 May 2026 04:38:56 UTC","27033762562","Order","202-9254122-6633131","VSV-AZT4E42A-UK","VIVOSUN Inline Duct Fan 4 inch/100 mm with E42A WiFi-App Controller, Quiet Extractor Fan 357 m³/h with EC Motor Exhaust Fan for Heating, Cooling, Gre","1","amazon.co.uk","Amazon","HUNGERFORD","","RG17 0","MarketplaceFacilitator","75.82","15.17","0","0","0","0","0","0","-15.17","-13.65","-3.59","-0.34","0","58.24","Released","17 May 2026 21:29:32 UTC"
"10 May 2026 06:23:04 UTC","26948042122","Order","205-5105197-2224330","306201P-4-UK-FBM","VIVOSUN Inline Duct Fan 4 Inch 190 CFM EC Motor with Speed Controller, Quiet Pipe Fan, R4 Pipe Fan for Grow Tent, Greenhouse Ventilation","1","amazon.co.uk","Seller","GLASGOW","","G5 0","MarketplaceFacilitator","42.49","8.50","0","0","0","0","0","0","-8.50","-7.65","0","-0.15","0","34.69","Deferred",
"10 May 2026 06:59:40 UTC","26948042122","Order","026-7495438-5821917","VSGB-7-UK-M","VIVOSUN Grow Bags 5-Pack 30L, 500G Thick Nonwoven Fabric Pots with Strap Handles, Multi-Purpose Rings, for Low Stress Plant Training Fruits, Vegetable","1","amazon.co.uk","Seller","DEESIDE","","CH5 3","MarketplaceFacilitator","13.99","2.80","0","0","0","0","0","0","-2.80","-2.52","0","-0.05","0","11.42","Deferred",
"10 May 2026 08:47:17 UTC","26948042122","Order","026-5262050-3127558","311001-20x5-UK-FBM","VIVOSUN Plant Grow Bags 5 Pack 80L, Heavy Duty Thickened Nonwoven Fabric Pots with Strong Handles, Reusable Breathable Garden Growing Containers for V","1","amazon.co.uk","Seller","DONCASTER","","DN4 6","MarketplaceFacilitator","22.49","4.50","0","0","0","0","0","0","-4.50","-4.05","0","-0.08","0","18.36","Deferred",
"10 May 2026 10:49:36 UTC","26948042122","Order","203-2225307-5974708","VSA200SE-E25-UK-FBM","VIVOSUN LED Grow Lamp 200 W Full Spectrum Plant Lamp with Integrated Circulation Fan Grow Light Compatible with App, AeroLight Wing AW200SE with GrowH","1","amazon.co.uk","Seller","HOLYHEAD","","LL65 2","","174.24","0","0","0","0","0","0","0","0","-26.14","0","-0.52","0","147.58","Deferred",
"10 May 2026 11:43:07 UTC","26948042122","Order","206-8821402-9425936","VSGB-3-UK-FBM","VIVOSUN 5-Pack 12L Grow Bags Heavy Duty 500G Thickened Nonwoven Plant Fabric Pots with Handles for Vegetables, Flowers, Fruits, Greenhouse and Garden","1","amazon.co.uk","Seller","STEVENAGE","Herts","SG2 7","MarketplaceFacilitator","9.41","1.88","0","0","0","0","0","0","-1.88","-1.69","0","-0.03","0","7.69","Deferred",
"10 May 2026 11:52:30 UTC","26948042122","Order","026-6655021-5973116","VSF-AWD4x2-UK-M","VIVOSUN AeroWave D4, 4"" Grow Tent Clip Fan with Detachable Hook, 3-Speed Strong & Quiet Airflow, Adjustable Airflow Angle for Hydroponics, Circulation","1","amazon.co.uk","Seller","LONDON","","SW16 6","MarketplaceFacilitator","29.99","6.00","0","0","0","0","0","0","-6.00","-5.40","0","-0.11","0","24.48","Deferred",
"10 May 2026 12:07:06 UTC","27033762562","Refund","204-7913771-1513166","VSGB-7-UK-M","VIVOSUN Grow Bags 5-Pack 30L, 500G Thick Nonwoven Fabric Pots with Strap Handles, Multi-Purpose Rings, for Low Stress Plant Training Fruits, Vegetable","3","amazon.co.uk","Seller","KIRKINTILLOCH","","G66 3","MarketplaceFacilitator","-37.71","-7.56","0","0","0","0","0","0","7.56","5.43","0","0.13","0","-32.15","Released","15 May 2026 22:14:18 UTC"
"10 May 2026 12:17:42 UTC","26948042122","Order","202-8913493-5041947","305131-UK-FBM","VIVOSUN Soil Tester, 3-in-1 Plant Moisture Meter Light and PH Tester for Home, Garden, Lawn, Farm, Indoor and Outdoor Use, Promote Plants Healthy Grow","1","amazon.co.uk","Seller","SHERBORNE","","DT9 3","MarketplaceFacilitator","5.70","1.14","0","0","0","0","0","0","-1.14","-0.89","0","-0.02","0","4.79","Deferred",
"10 May 2026 12:28:11 UTC","27033762562","Order","205-9514654-3606757","311003-4-UK-FBM","VIVOSUN Gardening Scissors 17cm Hand Pruner Pruning Shear with Straight Blades and Titanium Non-Stick Coating Rose Scissors Orange","1","amazon.co.uk","Seller","Swindon","","SN1 7","MarketplaceFacilitator","7.07","1.42","0","0","0","0","0","0","-1.42","-1.27","0","-0.03","0","5.77","Released","19 May 2026 07:45:19 UTC"
"10 May 2026 12:28:43 UTC","26948042122","Order","205-9763121-9478761","VSGB-3-UK-FBM","VIVOSUN 5-Pack 12L Grow Bags Heavy Duty 500G Thickened Nonwoven Plant Fabric Pots with Handles for Vegetables, Flowers, Fruits, Greenhouse and Garden","1","amazon.co.uk","Seller","SOUTHAMPTON","","SO16 4","MarketplaceFacilitator","9.41","1.88","0","0","0","0","0","0","-1.88","-1.69","0","-0.03","0","7.69","Deferred",
"10 May 2026 12:36:59 UTC","26948042122","Order","204-7829927-4933113","VSH-IS02-UK","VIVOSUN Professional Automatic Drip Irrigation Kits, 15W Output, All in One Professional Grow Kit- Includes Pump, Timer and Regulator, 8 Drip Emitters","1","amazon.co.uk","Amazon","Bolton","North West","BL5 1","","33.99","6.80","0","0","0","0","0","0","0","-6.12","-3.20","0","0","31.47","Deferred",
"10 May 2026 12:50:21 UTC","26948042122","Refund","206-6743250-2045119","306101S-8-UK","VIVOSUN Inline Duct Fan 8 Inch 740 CFM with Variable Speed Control for Grow Tent, Ventilation, Plant Tent, Indoor, Garden, Ventilation Fan, Z8 Pipe Fa","1","amazon.co.uk","Amazon","LYNE","","KT16 0","","-39.85","-7.97","0","0","0","0","0","0","0","5.74","0","0","0","-42.08","Released","10 May 2026 12:50:21 UTC"
"10 May 2026 13:02:54 UTC","27033762562","Order","204-6241236-2176336","LH-001-2-UK","VIVOSUN 2-Pair 1/8 Inch Adjustable Grow Light Hangers, Heavy Duty Rope Hanger with Reinforced Metal Gears, 8Ft. Long and 150 lbs Weight Capacity Rope","1","amazon.co.uk","Amazon","PITSTONE","","LU7 9","MarketplaceFacilitator","7.29","1.46","0.83","0.17","0","0","-0.83","-0.17","-1.46","-1.31","-2.69","-0.08","0","3.21","Released","17 May 2026 23:51:30 UTC"
"10 May 2026 13:34:23 UTC","26948042122","Order","203-7038790-0286752","306201PVC-4-UK","VIVOSUN Inline Duct Fan 4 Inch 190 CFM with Speed Controller, 4 Inch Carbon Filter and 8 Feet of Ducting, Temperature Humidity Monitor for Grow Tent,","1","amazon.co.uk","Seller","LEEDS","","LS6 3","MarketplaceFacilitator","86.66","17.33","0","0","0","0","0","0","-17.33","-15.60","0","-0.31","0","70.75","Deferred",
"10 May 2026 16:07:45 UTC","26948042122","Order","202-2930700-7185139","305140-PEN-UK","VIVOSUN Digital pH and TDS Meter Kits, 0.01pH High Accuracy Pen Type pH Meter ± 2% Readout Accuracy 3-in-1 TDS EC Temperature Meter for Hydroponics,","1","amazon.co.uk","Seller","SHIFNAL","","TF11 8","MarketplaceFacilitator","17.49","3.50","0","0","0","0","0","0","-3.50","-3.15","0","-0.06","0","14.28","Deferred",
"10 May 2026 16:08:15 UTC","27033762562","Order","203-8374299-5432302","311003-5-UK","VIVOSUN Gardening Scissors 6.5 Inch Hand Pruner Shear with Titanium Coated Blades, Pruning Shear for Plants, Flowers, Hedges 1-Pack Blue","1","amazon.co.uk","Amazon","ROSSENDALE","","BB4 8","MarketplaceFacilitator","4.01","0.80","0","0","0","0","0","0","-0.80","-0.72","-1.70","-0.04","0","1.55","Released","18 May 2026 18:19:24 UTC"
"10 May 2026 16:15:58 UTC","27033762562","Order","203-5190158-7013163","311003-5-UK","VIVOSUN Gardening Scissors 6.5 Inch Hand Pruner Shear with Titanium Coated Blades, Pruning Shear for Plants, Flowers, Hedges 1-Pack Blue","1","amazon.co.uk","Amazon","MAIDENHEAD","Berks","SL6 3","MarketplaceFacilitator","4.01","0.80","0","0","0","0","0","0","-0.80","-0.72","-1.70","-0.04","0","1.55","Released","18 May 2026 16:08:29 UTC"
"10 May 2026 16:19:04 UTC","27033762562","Order","202-4099009-9841165","311003-5-UK","VIVOSUN Gardening Scissors 6.5 Inch Hand Pruner Shear with Titanium Coated Blades, Pruning Shear for Plants, Flowers, Hedges 1-Pack Blue","1","amazon.co.uk","Amazon","EDINBURGH","","EH15 3","MarketplaceFacilitator","4.01","0.80","0","0","0","0","0","0","-0.80","-0.72","-1.70","-0.04","0","1.55","Released","18 May 2026 17:36:01 UTC"
"10 May 2026 16:33:35 UTC","27033762562","Order","205-3617633-8031531","311003-5-UK","VIVOSUN Gardening Scissors 6.5 Inch Hand Pruner Shear with Titanium Coated Blades, Pruning Shear for Plants, Flowers, Hedges 1-Pack Blue","1","amazon.co.uk","Amazon","HUDDERSFIELD","","HD5 8","MarketplaceFacilitator","4.01","0.80","0","0","0","0","0","0","-0.80","-0.72","-1.70","-0.04","0","1.55","Released","18 May 2026 17:09:06 UTC"
"10 May 2026 16:34:35 UTC","27033762562","Order","203-0476541-4141951","LH-001-2-UK","VIVOSUN 2-Pair 1/8 Inch Adjustable Grow Light Hangers, Heavy Duty Rope Hanger with Reinforced Metal Gears, 8Ft. Long and 150 lbs Weight Capacity Rope","1","amazon.co.uk","Amazon","SUNDERLAND","","SR2 9","MarketplaceFacilitator","7.29","1.46","0","0","0","0","0","0","-1.46","-1.31","-2.69","-0.08","0","3.21","Released","18 May 2026 22:01:00 UTC"
"10 May 2026 16:39:07 UTC","27033762562","Order","026-6698893-1284355","330701-01-UK","VIVOSUN Garden Netting 5 x 15ft. Plant Trellis Netting, Heavy-Duty Polyester Grow Net, Garden Trellis Netting with Square Mesh for Climbing Plants, Ve","1","amazon.co.uk","Amazon","wigan","lancashire","WN2 4","MarketplaceFacilitator","5.99","1.20","0","0","0","0","0","0","-1.20","-1.08","-1.70","-0.05","0","3.16","Released","18 May 2026 21:38:07 UTC"
"10 May 2026 16:52:08 UTC","26948042122","Order","206-5045398-9921926","332021-UK-FBM","VIVOSUN 30X 60X Illuminated Jewelers Loupe Foldable Magnifier with LED Light for Jewelry Gems Watches Coins Stamps Antiques, White","1","amazon.co.uk","Seller","bridlington","east yorkshire","YO16 4","MarketplaceFacilitator","9.16","1.83","0","0","0","0","0","0","-1.83","-0.88","0","-0.02","0","8.26","Deferred",
"10 May 2026 16:56:15 UTC","27033762562","Order","203-5211598-0298726","311003-5-UK","VIVOSUN Gardening Scissors 6.5 Inch Hand Pruner Shear with Titanium Coated Blades, Pruning Shear for Plants, Flowers, Hedges 1-Pack Blue","1","amazon.co.uk","Amazon","BANGOR","Down","BT19 1","MarketplaceFacilitator","4.01","0.80","0","0","0","0","0","0","-0.80","-0.72","-1.70","-0.04","0","1.55","Released","18 May 2026 21:25:49 UTC"
"10 May 2026 17:04:10 UTC","26948042122","Order","206-0821418-4127548","VSGB-7-UK-M","VIVOSUN Grow Bags 5-Pack 30L, 500G Thick Nonwoven Fabric Pots with Strap Handles, Multi-Purpose Rings, for Low Stress Plant Training Fruits, Vegetable","1","amazon.co.uk","Seller","LONDON","","N1 1","MarketplaceFacilitator","13.99","2.80","0","0","0","0","0","0","-2.80","-2.52","0","-0.05","0","11.42","Deferred",
"10 May 2026 17:50:11 UTC","26948042122","Order","204-1211450-3982752","330101CNJ-UK-FBM","VIVOSUN Seedling Heat Mat with Digital Thermostat 10""X20.75"", UL & MET Certified, Fast Heating, Waterproof Propagation Warming Mat for Germination, Ho","1","amazon.co.uk","Seller","DUDLEY","","DY1 3","MarketplaceFacilitator","24.99","5.00","0","0","0","0","0","0","-5.00","-4.50","0","-0.09","0","20.40","Deferred",
"10 May 2026 19:11:20 UTC","26948042122","Order","202-0717458-5803504","311001-10x5-UK-FBM","VIVOSUN Plant Grow Bags 5 Pack 40L, Heavy Duty Thickened Nonwoven Fabric Pots with Strong Handles, Reusable Breathable Garden Growing Containers for V","1","amazon.co.uk","Seller","CLEVEDON","","BS21 6","MarketplaceFacilitator","18.32","3.67","0","0","0","0","0","0","-3.67","-3.30","0","-0.07","0","14.95","Deferred",
"10 May 2026 19:39:05 UTC","27033762562","Order","206-3583558-2192336","306101S-8-UK","VIVOSUN Inline Duct Fan 8 Inch 740 CFM with Variable Speed Control for Grow Tent, Ventilation, Plant Tent, Indoor, Garden, Ventilation Fan, Z8 Pipe Fa","1","amazon.co.uk","Amazon","LEIGH-ON-SEA","Essex","SS9 4","MarketplaceFacilitator","47.48","9.50","0","0","0","0","0","0","-9.50","-8.55","-5.48","-0.28","0","33.17","Released","18 May 2026 16:21:26 UTC"
"10 May 2026 19:46:52 UTC","26948042122","Order","204-2757193-6113131","305131-PEN-UK-M","VIVOSUN Digital pH Meter, 0.01pH High Accuracy Pen Type pH Tester for Hydroponics, Household Drinking, Pool and Aquarium, UL Certified","1","amazon.co.uk","Seller","PETERBOROUGH","Cambs","PE2 9","MarketplaceFacilitator","8.29","1.66","0","0","0","0","0","0","-1.66","-1.49","0","-0.03","0","6.77","Deferred",
"10 May 2026 20:07:08 UTC","27033762562","Order","205-8312131-1745144","311003-5-UK","VIVOSUN Gardening Scissors 6.5 Inch Hand Pruner Shear with Titanium Coated Blades, Pruning Shear for Plants, Flowers, Hedges 1-Pack Blue","1","amazon.co.uk","Amazon","PLYMOUTH","","PL6 8","MarketplaceFacilitator","4.01","0.80","0","0","0","0","0","0","-0.80","-0.72","-1.70","-0.04","0","1.55","Released","18 May 2026 23:45:34 UTC"
"10 May 2026 20:11:27 UTC","26948042122","Order","204-1590621-0387541","VSGB-7-UK-M","VIVOSUN Grow Bags 5-Pack 30L, 500G Thick Nonwoven Fabric Pots with Strap Handles, Multi-Purpose Rings, for Low Stress Plant Training Fruits, Vegetable","1","amazon.co.uk","Seller","Exeter","United Kingdom","EX1 3","MarketplaceFacilitator","13.99","2.80","0","0","0","0","0","0","-2.80","-2.52","0","-0.05","0","11.42","Deferred",
"10 May 2026 20:50:10 UTC","26948042122","Order","205-1290697-2533131","TN-33-UK","VIVOSUN Garden Netting 90 x 90 cm Elastic Trellis Net with 4 Hooks Trellis Net for Climbing Plants Vegetables Fruits and Flowers","1","amazon.co.uk","Amazon","Lisburn","N Ireland","BT283","MarketplaceFacilitator","14.16","2.83","0","0","0","0","0","0","-2.83","-2.55","-2.46","-0.10","0","9.05","Deferred",
"10 May 2026 21:03:48 UTC","27033762562","Order","204-8572215-7317924","311003-5-UK","VIVOSUN Gardening Scissors 6.5 Inch Hand Pruner Shear with Titanium Coated Blades, Pruning Shear for Plants, Flowers, Hedges 1-Pack Blue","1","amazon.co.uk","Amazon","Hereford","Herefordshire","HR4 9","MarketplaceFacilitator","4.01","0.80","0","0","0","0","0","0","-0.80","-0.72","-1.70","-0.04","0","1.55","Released","18 May 2026 14:23:47 UTC"
"10 May 2026 21:06:45 UTC","26948042122","Adjustment","","311003-5-UK","FBA Inventory Reimbursement - Lost:Warehouse","3","","","","","","","0","0","0","0","0","0","0","0","0","0","0","0","5.49","5.49","Released","10 May 2026 21:06:45 UTC"
"10 May 2026 21:07:59 UTC","27033762562","Order","203-3386660-7628362","311003-5-UK","VIVOSUN Gardening Scissors 6.5 Inch Hand Pruner Shear with Titanium Coated Blades, Pruning Shear for Plants, Flowers, Hedges 1-Pack Blue","2","amazon.co.uk","Amazon","YORK","","YO41 1","MarketplaceFacilitator","8.02","1.60","0","0","0","0","0","0","-1.60","-1.44","-3.39","-0.10","0","3.09","Released","18 May 2026 19:30:04 UTC"
"10 May 2026 21:08:08 UTC","27033762562","Order","205-3397697-7714741","311003-5-UK","VIVOSUN Gardening Scissors 6.5 Inch Hand Pruner Shear with Titanium Coated Blades, Pruning Shear for Plants, Flowers, Hedges 1-Pack Blue","1","amazon.co.uk","Amazon","WOODHALL SPA","","LN10 6","MarketplaceFacilitator","4.01","0.80","0","0","0","0","0","0","-0.80","-0.72","-1.70","-0.04","0","1.55","Released","18 May 2026 21:05:06 UTC"
"10 May 2026 21:16:57 UTC","26948042122","Order","026-4813835-3765900","330701-01-UK","VIVOSUN Garden Netting 5 x 15ft. Plant Trellis Netting, Heavy-Duty Polyester Grow Net, Garden Trellis Netting with Square Mesh for Climbing Plants, Ve","1","amazon.co.uk","Amazon","WARWICK","","CV34 5","MarketplaceFacilitator","5.99","1.20","0","0","0","0","0","0","-1.20","-1.08","-1.70","-0.05","0","3.16","Deferred",
"10 May 2026 21:34:49 UTC","27033762562","Order","205-4222105-1658701","311003-5-UK","VIVOSUN Gardening Scissors 6.5 Inch Hand Pruner Shear with Titanium Coated Blades, Pruning Shear for Plants, Flowers, Hedges 1-Pack Blue","1","amazon.co.uk","Amazon","LONDON","","E5 0","MarketplaceFacilitator","4.01","0.80","0.41","0.08","0","0","-0.41","-0.08","-0.80","-0.72","-1.70","-0.04","0","1.55","Released","18 May 2026 07:33:04 UTC"
"10 May 2026 21:39:41 UTC","26948042122","Order","206-6659067-5301908","VSF-AWD4x2-UK-M","VIVOSUN AeroWave D4, 4"" Grow Tent Clip Fan with Detachable Hook, 3-Speed Strong & Quiet Airflow, Adjustable Airflow Angle for Hydroponics, Circulation","1","amazon.co.uk","Seller","LEEDS","","LS11 8","MarketplaceFacilitator","29.99","6.00","0","0","0","0","0","0","-6.00","-5.40","0","-0.11","0","24.48","Deferred",
"10 May 2026 21:55:58 UTC","27033762562","Order","203-9737928-1135553","311003-5-UK","VIVOSUN Gardening Scissors 6.5 Inch Hand Pruner Shear with Titanium Coated Blades, Pruning Shear for Plants, Flowers, Hedges 1-Pack Blue","1","amazon.co.uk","Amazon","TRING","","HP23 5","MarketplaceFacilitator","4.01","0.80","0","0","0","0","0","0","-0.80","-0.72","-1.70","-0.04","0","1.55","Released","18 May 2026 16:39:51 UTC"
"10 May 2026 22:10:53 UTC","27033762562","Order","026-0988691-0050707","311003-5-UK","VIVOSUN Gardening Scissors 6.5 Inch Hand Pruner Shear with Titanium Coated Blades, Pruning Shear for Plants, Flowers, Hedges 1-Pack Blue","1","amazon.co.uk","Amazon","KINGSBRIDGE","Devon","TQ7 2","MarketplaceFacilitator","4.01","0.80","0","0","0","0","0","0","-0.80","-0.72","-1.70","-0.04","0","1.55","Released","18 May 2026 23:06:52 UTC"
"10 May 2026 22:11:15 UTC","27033762562","Order","205-8660688-9944339","311003-5-UK","VIVOSUN Gardening Scissors 6.5 Inch Hand Pruner Shear with Titanium Coated Blades, Pruning Shear for Plants, Flowers, Hedges 1-Pack Blue","1","amazon.co.uk","Amazon","NEWTON ABBOT","","TQ12 1","MarketplaceFacilitator","4.01","0.80","0","0","0","0","0","0","-0.80","-0.72","-1.70","-0.04","0","1.55","Released","18 May 2026 23:00:55 UTC"
"10 May 2026 22:24:42 UTC","27033762562","Order","205-1869024-7856311","311003-5-UK","VIVOSUN Gardening Scissors 6.5 Inch Hand Pruner Shear with Titanium Coated Blades, Pruning Shear for Plants, Flowers, Hedges 1-Pack Blue","1","amazon.co.uk","Amazon","BENFLEET","Essex","SS7 1","MarketplaceFacilitator","4.01","0.80","0","0","0","0","0","0","-0.80","-0.72","-1.70","-0.04","0","1.55","Released","18 May 2026 16:48:45 UTC"
"10 May 2026 22:38:47 UTC","26948042122","Order","026-3790209-7849964","VSF-AWE6G-UK-FBM","VIVOSUN Grow Fan with Clip, 15 cm/6 Inch Grow Tent Fan, 10 Speeds Smart App Control, IP54 with Automatic Oscillation AeroWave E6 for Grow Tent, Green","1","amazon.co.uk","Seller","BRISTOL","","BS167","MarketplaceFacilitator","25.32","5.07","0","0","0","0","0","0","-5.07","-4.56","0","-0.09","0","20.67","Deferred",
"10 May 2026 22:47:11 UTC","26948042122","Order","203-2102731-1888341","306201PS-6-UK-FBM","VIVOSUN Inline Duct Fan 6 Inch with Speed Controller, 6 Inch Carbon Filter, and 16ft. Ducting Combo, Air Cooling and Filtration Kit for Grow Tent, Gre","1","amazon.co.uk","Seller","Leeds","West Yorkshire","LS13 3","MarketplaceFacilitator","106.24","21.25","0","0","0","0","0","0","-21.25","-19.12","0","-0.38","0","86.74","Deferred",
"10 May 2026 23:11:06 UTC","27033762562","Order","026-7287141-5809911","311003-5-UK","VIVOSUN Gardening Scissors 6.5 Inch Hand Pruner Shear with Titanium Coated Blades, Pruning Shear for Plants, Flowers, Hedges 1-Pack Blue","1","amazon.co.uk","Amazon","MINSTER ON SEA","Kent","ME12 2","MarketplaceFacilitator","4.01","0.80","1.66","0.33","0","0","0","0","-1.13","-0.72","-3.36","-0.07","0","1.52","Released","18 May 2026 20:48:01 UTC"
"10 May 2026 23:41:52 UTC","27033762562","Order","203-2422917-7909111","311003-5-UK","VIVOSUN Gardening Scissors 6.5 Inch Hand Pruner Shear with Titanium Coated Blades, Pruning Shear for Plants, Flowers, Hedges 1-Pack Blue","1","amazon.co.uk","Amazon","DERBY","","DE72 2","MarketplaceFacilitator","4.01","0.80","0","0","0","0","0","0","-0.80","-0.72","-1.70","-0.04","0","1.55","Released","18 May 2026 20:34:07 UTC"
"10 May 2026 23:55:16 UTC","27033762562","Order","026-5573190-7630712","VSV-AZT4E42A-UK","VIVOSUN Inline Duct Fan 4 inch/100 mm with E42A WiFi-App Controller, Quiet Extractor Fan 357 m³/h with EC Motor Exhaust Fan for Heating, Cooling, Gre","1","amazon.co.uk","Amazon","Stockport","Cheshire","SK4 4","MarketplaceFacilitator","75.82","15.17","0","0","0","0","0","0","-15.17","-13.65","-3.59","-0.34","0","58.24","Released","18 May 2026 16:23:54 UTC"
"11 May 2026 00:02:25 UTC","27033762562","Order","205-5456874-9691511","311003-5-UK","VIVOSUN Gardening Scissors 6.5 Inch Hand Pruner Shear with Titanium Coated Blades, Pruning Shear for Plants, Flowers, Hedges 1-Pack Blue","1","amazon.co.uk","Amazon","WELLINGTON","Somerset","TA21 9","MarketplaceFacilitator","4.01","0.80","0","0","0","0","0","0","-0.80","-0.72","-1.70","-0.04","0","1.55","Released","18 May 2026 18:47:05 UTC"
"11 May 2026 00:19:22 UTC","27033762562","Order","204-8817025-5411530","332022-2-UK","VIVOSUN 2-Pack 30X 60X Illuminated Jewelers Loupe Foldable Magnifier with LED Light for Jewelry Gems Watches Coins Stamps Antiques Black","1","amazon.co.uk","Amazon","HORSHAM","W Sussex","RH12 1","MarketplaceFacilitator","7.39","1.48","0","0","0","0","0","0","-1.48","-1.33","-2.74","-0.08","0","3.24","Released","18 May 2026 20:07:14 UTC"
"11 May 2026 00:28:51 UTC","27033762562","Order","206-1065855-2305147","311003-5-UK","VIVOSUN Gardening Scissors 6.5 Inch Hand Pruner Shear with Titanium Coated Blades, Pruning Shear for Plants, Flowers, Hedges 1-Pack Blue","1","amazon.co.uk","Amazon","LINCOLN","","LN5 9","MarketplaceFacilitator","4.01","0.80","0","0","0","0","0","0","-0.80","-0.72","-1.70","-0.04","0","1.55","Released","18 May 2026 23:36:10 UTC"
"11 May 2026 01:08:58 UTC","27033762562","Order","203-5195852-9753916","311003-5-UK","VIVOSUN Gardening Scissors 6.5 Inch Hand Pruner Shear with Titanium Coated Blades, Pruning Shear for Plants, Flowers, Hedges 1-Pack Blue","1","amazon.co.uk","Amazon","Crowthorne","Berkshire","RG45 6","MarketplaceFacilitator","4.01","0.80","0","0","0","0","0","0","-0.80","-0.72","-1.70","-0.04","0","1.55","Released","18 May 2026 23:32:08 UTC"
"11 May 2026 01:35:00 UTC","27033762562","Order","026-6616701-7589920","330701-01-UK","VIVOSUN Garden Netting 5 x 15ft. Plant Trellis Netting, Heavy-Duty Polyester Grow Net, Garden Trellis Netting with Square Mesh for Climbing Plants, Ve","1","amazon.co.uk","Amazon","ALFRETON","","DE55 2","MarketplaceFacilitator","5.99","1.20","0","0","0","0","0","0","-1.20","-1.08","-1.70","-0.05","0","3.16","Released","18 May 2026 20:08:51 UTC"
"11 May 2026 01:35:11 UTC","27033762562","Order","202-4526028-2096358","311003-5-UK","VIVOSUN Gardening Scissors 6.5 Inch Hand Pruner Shear with Titanium Coated Blades, Pruning Shear for Plants, Flowers, Hedges 1-Pack Blue","1","amazon.co.uk","Amazon","SOUTHAMPTON","","SO19 8","MarketplaceFacilitator","4.01","0.80","0","0","0","0","0","0","-0.80","-0.72","-1.70","-0.04","0","1.55","Released","18 May 2026 21:51:06 UTC"
"11 May 2026 01:46:40 UTC","27033762562","Order","203-8978824-7877966","306101S-8-UK","VIVOSUN Inline Duct Fan 8 Inch 740 CFM with Variable Speed Control for Grow Tent, Ventilation, Plant Tent, Indoor, Garden, Ventilation Fan, Z8 Pipe Fa","1","amazon.co.uk","Amazon","Peterborough","","PE2 9","MarketplaceFacilitator","47.48","9.50","2.07","0.42","0","0","0","0","-9.92","-8.55","-7.55","-0.32","0","33.13","Released","18 May 2026 17:56:19 UTC"
"11 May 2026 02:33:05 UTC","27033762562","Order","206-4134707-6978743","306143-0412-UK-N","VIVOSUN 4 Inch Air Carbon Filter Odor Control with Australia Virgin Charcoal for Inline Fan, Grow Tent Odor Scrubber Indoor Hydroponics, Pre-filter In","1","amazon.co.uk","Amazon","LONDON","","NW1 7","MarketplaceFacilitator","32.57","6.52","0","0","0","0","0","0","-6.52","-5.86","-3.39","-0.19","0","23.13","Released","18 May 2026 21:17:12 UTC"
"11 May 2026 03:27:33 UTC","27033762562","Order","203-9726260-2608309","311003-5-UK","VIVOSUN Gardening Scissors 6.5 Inch Hand Pruner Shear with Titanium Coated Blades, Pruning Shear for Plants, Flowers, Hedges 1-Pack Blue","1","amazon.co.uk","Amazon","WEYMOUTH","","DT3 6","MarketplaceFacilitator","4.01","0.80","0","0","0","0","0","0","-0.80","-0.72","-1.70","-0.04","0","1.55","Released","18 May 2026 16:42:16 UTC"
"11 May 2026 03:37:30 UTC","27033762562","Order","206-4710634-9499538","VSV-AZG6E42A-UK","VIVOSUN AeroZesh G6 Inline Duct Fan 6inch/150 mm Quiet Extractor Fan 660 m³/h with EC Motor and GrowHub E42A WiFi Controller for Growbox, Cooling, Bo","1","amazon.co.uk","Amazon","BIRMINGHAM","","B27 7","MarketplaceFacilitator","73.62","14.72","0","0","0","0","0","0","-14.72","-13.25","-3.43","-0.34","0","56.60","Released","18 May 2026 20:41:57 UTC"
"11 May 2026 03:40:00 UTC","27033762562","Order","205-2171127-6416321","306143-0412-UK-N","VIVOSUN 4 Inch Air Carbon Filter Odor Control with Australia Virgin Charcoal for Inline Fan, Grow Tent Odor Scrubber Indoor Hydroponics, Pre-filter In","1","amazon.co.uk","Amazon","RAMSGATE","","CT11 9","MarketplaceFacilitator","32.57","6.52","0","0","0","0","0","0","-6.52","-5.86","-3.39","-0.19","0","23.13","Released","18 May 2026 19:31:28 UTC"
"11 May 2026 03:41:18 UTC","27033762562","Order","202-4000218-9434764","330701-01-UK","VIVOSUN Garden Netting 5 x 15ft. Plant Trellis Netting, Heavy-Duty Polyester Grow Net, Garden Trellis Netting with Square Mesh for Climbing Plants, Ve","1","amazon.co.uk","Amazon","NORWICH","","NR12 7","MarketplaceFacilitator","5.99","1.20","1.04","0.21","0","0","0","0","-1.41","-1.08","-2.74","-0.07","0","3.14","Released","18 May 2026 23:57:12 UTC"
"11 May 2026 04:14:02 UTC","27033762562","Order","202-8107350-0827561","311003-5-UK","VIVOSUN Gardening Scissors 6.5 Inch Hand Pruner Shear with Titanium Coated Blades, Pruning Shear for Plants, Flowers, Hedges 1-Pack Blue","1","amazon.co.uk","Amazon","ARBORFIELD","Berkshire","RG2 9","MarketplaceFacilitator","4.01","0.80","0","0","0","0","0","0","-0.80","-0.72","-1.70","-0.04","0","1.55","Released","18 May 2026 21:51:28 UTC"
"11 May 2026 04:17:23 UTC","27033762562","Order","206-5680142-9904368","330701-01-UK","VIVOSUN Garden Netting 5 x 15ft. Plant Trellis Netting, Heavy-Duty Polyester Grow Net, Garden Trellis Netting with Square Mesh for Climbing Plants, Ve","1","amazon.co.uk","Amazon","Calne","Wilts","SN11 9","MarketplaceFacilitator","5.99","1.20","0","0","0","0","0","0","-1.20","-1.08","-1.70","-0.05","0","3.16","Released","19 May 2026 00:00:41 UTC"
"11 May 2026 04:17:45 UTC","27033762562","Order","206-7968584-3681933","311003-5-UK","VIVOSUN Gardening Scissors 6.5 Inch Hand Pruner Shear with Titanium Coated Blades, Pruning Shear for Plants, Flowers, Hedges 1-Pack Blue","1","amazon.co.uk","Amazon","WATERLOOVILLE","","PO7 6","MarketplaceFacilitator","4.01","0.80","0","0","0","0","0","0","-0.80","-0.72","-1.70","-0.04","0","1.55","Released","18 May 2026 19:41:32 UTC"
"11 May 2026 04:18:10 UTC","27033762562","Order","203-1013745-5590750","311003-5-UK","VIVOSUN Gardening Scissors 6.5 Inch Hand Pruner Shear with Titanium Coated Blades, Pruning Shear for Plants, Flowers, Hedges 1-Pack Blue","1","amazon.co.uk","Amazon","PORTSMOUTH","Hampshire","PO2 7","MarketplaceFacilitator","4.01","0.80","0","0","0","0","0","0","-0.80","-0.72","-1.70","-0.04","0","1.55","Released","18 May 2026 16:52:34 UTC"
"11 May 2026 09:14:03 UTC","26948042122","Order","203-5293917-5510734","305140-PEN-UK","VIVOSUN Digital pH and TDS Meter Kits, 0.01pH High Accuracy Pen Type pH Meter ± 2% Readout Accuracy 3-in-1 TDS EC Temperature Meter for Hydroponics,","1","amazon.co.uk","Seller","WOLVERHAMPTON","Staffordshire","WV3 8","MarketplaceFacilitator","17.49","3.50","0","0","0","0","0","0","-3.50","-3.15","0","-0.06","0","14.28","Deferred",
"11 May 2026 09:14:20 UTC","26948042122","Order","202-2366809-7757108","VSF-AWD4Wx2-UK-FBM","VIVOSUN AeroWave D4, 4"" Grow Tent Clip Fan with Detachable Hook, 3-Speed Strong & Quiet Airflow, Adjustable Airflow Angle for Hydroponics, Circulation","1","amazon.co.uk","Seller","SALTBURN-BY-THE-SEA","","TS12 2","MarketplaceFacilitator","24.78","4.96","0","0","0","0","0","0","-4.96","-4.46","0","-0.09","0","20.23","Deferred",
"11 May 2026 09:46:32 UTC","26948042122","Order","202-9542639-5786754","304113-3018-UK-FBM","VIVOSUN Grow Tent 75x45x90 CM (30""x18""x36""), High Reflective Mylar with Observation Window and Floor Tray for Hydroponics Indoor Plant for VS1000","1","amazon.co.uk","Seller","London","","SE6 1","MarketplaceFacilitator","53.42","10.69","0","0","0","0","0","0","-10.69","-9.62","0","-0.19","0","43.61","Deferred",
"11 May 2026 10:07:39 UTC","26948042122","Amazon Fees","390c9711-ce35-42e0-bb58-b4377d025dc8","","Voucher participation fee","","Amazon.co.uk","","","","","","0","0","0","0","0","0","0","0","0","-2.00","0","0","0","-2.00","Released","11 May 2026 10:07:39 UTC"
"11 May 2026 10:29:11 UTC","26948042122","Order","026-1447922-4417150","305131-UK-FBM","VIVOSUN Soil Tester, 3-in-1 Plant Moisture Meter Light and PH Tester for Home, Garden, Lawn, Farm, Indoor and Outdoor Use, Promote Plants Healthy Grow","1","amazon.co.uk","Seller","Folkestone","","CT20 2","MarketplaceFacilitator","5.70","1.14","0","0","0","0","0","0","-1.14","-0.89","0","-0.02","0","4.79","Deferred",
"11 May 2026 13:04:32 UTC","26948042122","Order","204-1189987-7373913","VSF-AWD4x2-UK-M","VIVOSUN AeroWave D4, 4"" Grow Tent Clip Fan with Detachable Hook, 3-Speed Strong & Quiet Airflow, Adjustable Airflow Angle for Hydroponics, Circulation","1","amazon.co.uk","Seller","Kilwinning","Ayrshire","KA13 7","MarketplaceFacilitator","29.99","6.00","0","0","0","0","0","0","-6.00","-5.40","0","-0.11","0","24.48","Deferred",
"11 May 2026 13:20:45 UTC","27033762562","Order","202-7986928-5101155","311001-3x5-UK-N","VIVOSUN Grow Bags 5 Pack 12L, Heavy Duty Thickened Nonwoven Fabric Pots with Strong Handles for Vegetables, Flowers, Fruits, Greenhouse and Garden","1","amazon.co.uk","Amazon","IBSTOCK","","LE67 6","MarketplaceFacilitator","11.32","2.27","0.83","0.17","0","0","-0.83","-0.17","-2.27","-2.04","-3.20","-0.10","0","5.98","Released","18 May 2026 19:55:27 UTC"
"11 May 2026 13:59:11 UTC","26948042122","Order","204-2211571-2998712","Spray-SX-CS4-UK-M","VIVOSUN 4L Pump Sprayer, Portable Water Spray Bottle in Lawn and Garden Yard, Weed Sprayer for Plants with 3 Nozzles, Adjustable Shoulder Strap, Press","1","amazon.co.uk","Seller","CUMBERNAULD","","G68 9","MarketplaceFacilitator","28.32","5.67","0","0","0","0","-5.67","-1.13","-4.54","-4.08","0","-0.08","0","18.49","Deferred",
"11 May 2026 14:44:43 UTC","26948042122","Order","202-6119397-9024319","VSF-AWE6G-UK-FBM","VIVOSUN Grow Fan with Clip, 15 cm/6 Inch Grow Tent Fan, 10 Speeds Smart App Control, IP54 with Automatic Oscillation AeroWave E6 for Grow Tent, Green","1","amazon.co.uk","Seller","BIRMINGHAM","West Midlands","B19 2","MarketplaceFacilitator","25.32","5.07","0","0","0","0","0","0","-5.07","-4.56","0","-0.09","0","20.67","Deferred",
"11 May 2026 14:49:54 UTC","26948042122","Order","205-2770086-4950742","VSV-AZG6-UK","VIVOSUN AeroZesh G6 Inline Duct Fan 6inch/150 mm Extractor Fan 660 m³/h with E12 Speed Controller and Entirely Programmable PWM-Controlled EC Fan for","1","amazon.co.uk","Amazon","MIDDLESBROUGH","","TS8 9","MarketplaceFacilitator","66.66","13.33","0","0","0","0","0","0","-13.33","-12.00","-3.43","-0.31","0","50.92","Deferred",
"11 May 2026 14:55:44 UTC","26948042122","Order","204-2132526-8801140","305131-PEN-UK-M","VIVOSUN Digital pH Meter, 0.01pH High Accuracy Pen Type pH Tester for Hydroponics, Household Drinking, Pool and Aquarium, UL Certified","1","amazon.co.uk","Seller","NORWICH","","NR9 4","MarketplaceFacilitator","8.29","1.66","0","0","0","0","0","0","-1.66","-1.49","0","-0.03","0","6.77","Deferred",
"11 May 2026 15:16:49 UTC","26948042122","Order","206-1522517-2830715","VSVC-AZG6-UK-FBM","VIVOSUN G6 Smart Air Filtration Set, Duct Fan 150 mm Extractor Fan with E12 Speed Control, Carbon Filter & 240 cm Air Duct, Exhaust Set Cooling and Ve","1","amazon.co.uk","Seller","ROYSTON","","SG8 0","MarketplaceFacilitator","99.99","20.00","0","0","0","0","0","0","-20.00","-18.00","0","-0.36","0","81.63","Deferred",
"11 May 2026 15:40:46 UTC","26948042122","Order","205-0020491-5989116","311001-3x5-UK-N","VIVOSUN Grow Bags 5 Pack 12L, Heavy Duty Thickened Nonwoven Fabric Pots with Strong Handles for Vegetables, Flowers, Fruits, Greenhouse and Garden","1","amazon.co.uk","Amazon","Romford","Essex","RM3 9","MarketplaceFacilitator","11.32","2.27","1.38","0.28","0","0","0","0","-2.55","-2.04","-4.58","-0.13","0","5.95","Deferred",
"11 May 2026 16:07:12 UTC","26948042122","Order","204-1056165-1994700","311003-5-UK","VIVOSUN Gardening Scissors 6.5 Inch Hand Pruner Shear with Titanium Coated Blades, Pruning Shear for Plants, Flowers, Hedges 1-Pack Blue","1","amazon.co.uk","Amazon","WIRRAL","Wirral","CH63 2","MarketplaceFacilitator","4.16","0.83","0","0","0","0","0","0","-0.83","-0.75","-1.70","-0.05","0","1.66","Deferred",
"11 May 2026 16:10:42 UTC","26948042122","Delivery Services","204-7913771-1513166","","ReturnPostageBilling","","","","","","","","0","0","0","0","0","0","0","0","0","0","0","0","-2.73","-2.73","Released","11 May 2026 16:10:42 UTC"
"11 May 2026 16:37:36 UTC","26948042122","Order","204-4456389-1245924","TN-24-UK","VIVOSUN Garden Netting 60 x 120 cm, Trellis Net with 4 Hooks Trellis Net for Climbing Plants Vegetables Fruits and Flowers","1","amazon.co.uk","Amazon","SUTTON IN ASHFIELD","Mansfield","NG17 4","","13.32","2.67","0","0","0","0","0","0","0","-2.40","-2.46","0","0","11.13","Deferred",
"11 May 2026 16:41:46 UTC","26948042122","Order","205-6194767-1167502","311003-5-UK","VIVOSUN Gardening Scissors 6.5 Inch Hand Pruner Shear with Titanium Coated Blades, Pruning Shear for Plants, Flowers, Hedges 1-Pack Blue","1","amazon.co.uk","Amazon","Glasgow","Scotland","G66 7","MarketplaceFacilitator","4.16","0.83","0","0","0","0","0","0","-0.83","-0.75","-1.70","-0.05","0","1.66","Deferred",
"11 May 2026 16:42:04 UTC","26948042122","Order","206-2051224-7726708","311003-5-UK","VIVOSUN Gardening Scissors 6.5 Inch Hand Pruner Shear with Titanium Coated Blades, Pruning Shear for Plants, Flowers, Hedges 1-Pack Blue","1","amazon.co.uk","Amazon","Fleetwood","","FY7 6","MarketplaceFacilitator","4.16","0.83","0","0","0","0","0","0","-0.83","-0.75","-1.70","-0.05","0","1.66","Deferred",
"11 May 2026 17:43:56 UTC","26948042122","Order","205-4048107-6224360","CFPB-8-UK","VIVOSUN 20 cm Pre-Filter for 20 cm Carbon Filter, 45 cm Long, Black","1","amazon.co.uk","Amazon","GRANTOWN ON SPEY","Morayshire","PH26 3","MarketplaceFacilitator","9.99","2.00","4.16","0.83","0","0","-2.00","-0.40","-2.43","-0.77","-6.62","-0.15","0","4.61","Deferred",
"11 May 2026 18:03:42 UTC","26948042122","Order","205-5898750-5048313","305131-PEN-UK-M","VIVOSUN Digital pH Meter, 0.01pH High Accuracy Pen Type pH Tester for Hydroponics, Household Drinking, Pool and Aquarium, UL Certified","1","amazon.co.uk","Seller","MANCHESTER","","M27 9","MarketplaceFacilitator","8.29","1.66","0","0","0","0","0","0","-1.66","-1.49","0","-0.03","0","6.77","Deferred",
"11 May 2026 18:34:51 UTC","26948042122","Order","203-7946737-3536335","VSGB-3-UK-FBM","VIVOSUN 5-Pack 12L Grow Bags Heavy Duty 500G Thickened Nonwoven Plant Fabric Pots with Handles for Vegetables, Flowers, Fruits, Greenhouse and Garden","1","amazon.co.uk","Seller","Shipley","WEST YORKSHIRE","BD18 1","MarketplaceFacilitator","9.41","1.88","0","0","0","0","0","0","-1.88","-1.69","0","-0.03","0","7.69","Deferred",
"11 May 2026 18:55:45 UTC","26948042122","Order","205-9991439-8941915","304113-3018-UK-FBM","VIVOSUN Grow Tent 75x45x90 CM (30""x18""x36""), High Reflective Mylar with Observation Window and Floor Tray for Hydroponics Indoor Plant for VS1000","1","amazon.co.uk","Seller","London","England","N18 1","MarketplaceFacilitator","53.42","10.69","0","0","0","0","0","0","-10.69","-9.62","0","-0.19","0","43.61","Deferred",
"11 May 2026 19:06:48 UTC","27033762562","Refund","203-2422917-7909111","311003-5-UK","VIVOSUN Gardening Scissors 6.5 Inch Hand Pruner Shear with Titanium Coated Blades, Pruning Shear for Plants, Flowers, Hedges 1-Pack Blue","1","amazon.co.uk","Amazon","DERBY","","DE72 2","MarketplaceFacilitator","-4.01","-0.80","0","0","0","0","0","0","0.80","0.58","0","0.01","0","-3.42","Released","18 May 2026 17:18:55 UTC"
"11 May 2026 19:28:55 UTC","26948042122","Order","202-5490184-9292364","VSGB-7-UK-M","VIVOSUN Grow Bags 5-Pack 30L, 500G Thick Nonwoven Fabric Pots with Strap Handles, Multi-Purpose Rings, for Low Stress Plant Training Fruits, Vegetable","1","amazon.co.uk","Seller","KETTERING","","NN14 2","MarketplaceFacilitator","13.99","2.80","0","0","0","0","0","0","-2.80","-2.52","0","-0.05","0","11.42","Deferred",
"11 May 2026 20:09:16 UTC","26948042122","Order","203-1252073-2818751","VSV-AZT4E42A-UK","VIVOSUN Inline Duct Fan 4 inch/100 mm with E42A WiFi-App Controller, Quiet Extractor Fan 357 m³/h with EC Motor Exhaust Fan for Heating, Cooling, Gre","1","amazon.co.uk","Amazon","Mevagissey","","PL26 6","MarketplaceFacilitator","75.82","15.17","0","0","0","0","0","0","-15.17","-13.65","-3.59","-0.34","0","58.24","Deferred",
"11 May 2026 20:34:29 UTC","26948042122","Order","205-3219385-7905913","VSF-AWE6G-UK-FBM","VIVOSUN Grow Fan with Clip, 15 cm/6 Inch Grow Tent Fan, 10 Speeds Smart App Control, IP54 with Automatic Oscillation AeroWave E6 for Grow Tent, Green","1","amazon.co.uk","Seller","DONCASTER","S Yorkshire","DN5 8","MarketplaceFacilitator","25.32","5.07","0","0","0","0","0","0","-5.07","-4.56","0","-0.09","0","20.67","Deferred",
"11 May 2026 20:34:29 UTC","26948042122","Order","205-3219385-7905913","GH-E25-UK-FBM","VIVOSUN GrowHub Controller E25 for Grow Tent Cooling Ventilation Lighting, Supports Smart Grow System Devices, Expansion Port for E42/E42A WiFi & App","1","amazon.co.uk","Seller","DONCASTER","S Yorkshire","DN5 8","MarketplaceFacilitator","21.66","4.33","0","0","0","0","0","0","-4.33","-3.90","0","-0.08","0","17.68","Deferred",
"11 May 2026 20:47:00 UTC","26948042122","Order","026-4254008-8501139","VSF-AWD4-UK","VIVOSUN AeroWave D4, 4"" Grow Tent Clip Fan with Detachable Hook, 3-Speed Strong & Quiet Airflow, Adjustable Airflow Angle for Hydroponics, Circulation","1","amazon.co.uk","Seller","CHELMSFORD","","CM3 2","","19.99","0","0","0","0","0","0","0","0","-3.00","0","-0.06","0","16.93","Deferred",
"11 May 2026 20:47:00 UTC","26948042122","Order","026-4254008-8501139","VG-Y18B-UK-M","VIVOSUN VGrow All-in-One Smart Grow Box, Professional System with Samsung LM301H EVO Grow Light, Advanced Circulation & Ventilation System, Irrigation","1","amazon.co.uk","Seller","CHELMSFORD","","CM3 2","","559.99","0","0","0","0","0","0","0","0","-84.00","0","-1.68","0","474.31","Deferred",
"11 May 2026 21:34:49 UTC","26948042122","Order","206-4356466-8761159","311003-5-UK","VIVOSUN Gardening Scissors 6.5 Inch Hand Pruner Shear with Titanium Coated Blades, Pruning Shear for Plants, Flowers, Hedges 1-Pack Blue","1","amazon.co.uk","Amazon","Shepperton","","TW178","MarketplaceFacilitator","4.16","0.83","0","0","0","0","0","0","-0.83","-0.75","-1.70","-0.05","0","1.66","Deferred",
"11 May 2026 21:49:19 UTC","26948042122","Order","203-6760403-2584329","311003-5-UK","VIVOSUN Gardening Scissors 6.5 Inch Hand Pruner Shear with Titanium Coated Blades, Pruning Shear for Plants, Flowers, Hedges 1-Pack Blue","1","amazon.co.uk","Amazon","MAGHERAFELT","","BT45 6","MarketplaceFacilitator","4.16","0.83","0","0","0","0","0","0","-0.83","-0.75","-1.70","-0.05","0","1.66","Deferred",
"11 May 2026 21:57:27 UTC","26948042122","Order","205-7960554-1900324","311003-5-UK","VIVOSUN Gardening Scissors 6.5 Inch Hand Pruner Shear with Titanium Coated Blades, Pruning Shear for Plants, Flowers, Hedges 1-Pack Blue","1","amazon.co.uk","Amazon","NUNEATON","","CV10 0","MarketplaceFacilitator","4.16","0.83","0","0","0","0","0","0","-0.83","-0.75","-1.70","-0.05","0","1.66","Deferred",
"11 May 2026 21:57:55 UTC","26948042122","Order","205-1027362-9134735","311003-5-UK","VIVOSUN Gardening Scissors 6.5 Inch Hand Pruner Shear with Titanium Coated Blades, Pruning Shear for Plants, Flowers, Hedges 1-Pack Blue","1","amazon.co.uk","Amazon","LEICESTER","leicestershire","LE19 2","MarketplaceFacilitator","4.16","0.83","0","0","0","0","0","0","-0.83","-0.75","-1.70","-0.05","0","1.66","Deferred",
"11 May 2026 21:58:14 UTC","26948042122","Order","206-7700970-8245929","311003-5-UK","VIVOSUN Gardening Scissors 6.5 Inch Hand Pruner Shear with Titanium Coated Blades, Pruning Shear for Plants, Flowers, Hedges 1-Pack Blue","1","amazon.co.uk","Amazon","LEICESTER","UK","LE5 4","MarketplaceFacilitator","4.01","0.80","0","0","0","0","0","0","-0.80","-0.72","-1.70","-0.04","0","1.55","Deferred",
"11 May 2026 22:05:08 UTC","26948042122","Order","205-4875667-0101954","VSF-AWE6G-UK-FBM","VIVOSUN Grow Fan with Clip, 15 cm/6 Inch Grow Tent Fan, 10 Speeds Smart App Control, IP54 with Automatic Oscillation AeroWave E6 for Grow Tent, Green","1","amazon.co.uk","Seller","BIRMINGHAM","","B26 3","MarketplaceFacilitator","25.32","5.07","0","0","0","0","0","0","-5.07","-4.56","0","-0.09","0","20.67","Deferred",
"11 May 2026 22:59:14 UTC","26948042122","Order","204-6407587-5726759","311003-5-UK","VIVOSUN Gardening Scissors 6.5 Inch Hand Pruner Shear with Titanium Coated Blades, Pruning Shear for Plants, Flowers, Hedges 1-Pack Blue","1","amazon.co.uk","Amazon","HORNCHURCH","","RM12 4","MarketplaceFacilitator","4.01","0.80","0","0","0","0","0","0","-0.80","-0.72","-1.70","-0.04","0","1.55","Deferred",
"11 May 2026 23:12:59 UTC","26948042122","Order","202-3071697-7772341","311003-5-UK","VIVOSUN Gardening Scissors 6.5 Inch Hand Pruner Shear with Titanium Coated Blades, Pruning Shear for Plants, Flowers, Hedges 1-Pack Blue","1","amazon.co.uk","Amazon","BEDFORD","","MK45 4","MarketplaceFacilitator","6.66","1.33","0","0","0","0","0","0","-1.33","-1.20","-1.70","-0.05","0","3.71","Deferred",
"11 May 2026 23:58:35 UTC","26948042122","Order","206-3174741-5081155","311003-5-UK","VIVOSUN Gardening Scissors 6.5 Inch Hand Pruner Shear with Titanium Coated Blades, Pruning Shear for Plants, Flowers, Hedges 1-Pack Blue","1","amazon.co.uk","Amazon","BOWDON","cheshire","WA14 3","MarketplaceFacilitator","4.16","0.83","0","0","0","0","0","0","-0.83","-0.75","-1.70","-0.05","0","1.66","Deferred",
"12 May 2026 00:23:55 UTC","26948042122","Order","203-0311793-6536343","332022-2-UK","VIVOSUN 2-Pack 30X 60X Illuminated Jewelers Loupe Foldable Magnifier with LED Light for Jewelry Gems Watches Coins Stamps Antiques Black","1","amazon.co.uk","Amazon","SUNDERLAND","","SR6 7","MarketplaceFacilitator","7.39","1.48","0","0","0","0","0","0","-1.48","-1.33","-2.74","-0.08","0","3.24","Deferred",
"12 May 2026 00:51:45 UTC","26948042122","Order","202-8638941-1827503","330701-01-UK","VIVOSUN Garden Netting 5 x 15ft. Plant Trellis Netting, Heavy-Duty Polyester Grow Net, Garden Trellis Netting with Square Mesh for Climbing Plants, Ve","1","amazon.co.uk","Amazon","TUNBRIDGE WELLS","Kent","TN3 0","MarketplaceFacilitator","5.99","1.20","0","0","0","0","0","0","-1.20","-1.08","-1.70","-0.05","0","3.16","Deferred",
"12 May 2026 00:54:34 UTC","26948042122","Order","026-6047477-3305968","306143-0412-UK-N","VIVOSUN 4 Inch Air Carbon Filter Odor Control with Australia Virgin Charcoal for Inline Fan, Grow Tent Odor Scrubber Indoor Hydroponics, Pre-filter In","1","amazon.co.uk","Amazon","BRAINTREE","","CM77 8","MarketplaceFacilitator","32.57","6.52","0","0","0","0","0","0","-6.52","-5.86","-3.39","-0.19","0","23.13","Deferred",
"12 May 2026 01:05:52 UTC","26948042122","Order","202-3804179-1133103","311003-5-UK","VIVOSUN Gardening Scissors 6.5 Inch Hand Pruner Shear with Titanium Coated Blades, Pruning Shear for Plants, Flowers, Hedges 1-Pack Blue","1","amazon.co.uk","Amazon","Rushmere St Andrew","Ipswich","IP5 1","MarketplaceFacilitator","4.16","0.83","0.55","0.11","0","0","-0.55","-0.11","-0.83","-0.75","-1.70","-0.05","0","1.66","Deferred",
"12 May 2026 01:25:50 UTC","26948042122","Order","026-3716080-6286735","GH-E25-UK-FBM","VIVOSUN GrowHub Controller E25 for Grow Tent Cooling Ventilation Lighting, Supports Smart Grow System Devices, Expansion Port for E42/E42A WiFi & App","1","amazon.co.uk","Seller","bognor regis","west sussex","PO22 8","MarketplaceFacilitator","21.66","4.33","0","0","0","0","0","0","-4.33","-3.90","0","-0.08","0","17.68","Deferred",
"12 May 2026 01:37:32 UTC","26948042122","Order","203-6209121-5480351","311003-5-UK","VIVOSUN Gardening Scissors 6.5 Inch Hand Pruner Shear with Titanium Coated Blades, Pruning Shear for Plants, Flowers, Hedges 1-Pack Blue","1","amazon.co.uk","Amazon","SHEFFIELD","South Yorkshire","S35 0","MarketplaceFacilitator","4.01","0.80","0","0","0","0","0","0","-0.80","-0.72","-1.70","-0.04","0","1.55","Deferred",
"12 May 2026 02:51:44 UTC","26948042122","Order","203-5953238-8881143","330701-01-UK","VIVOSUN Garden Netting 5 x 15ft. Plant Trellis Netting, Heavy-Duty Polyester Grow Net, Garden Trellis Netting with Square Mesh for Climbing Plants, Ve","1","amazon.co.uk","Amazon","BIRMINGHAM","England","B31 5","MarketplaceFacilitator","5.99","1.20","0","0","0","0","0","0","-1.20","-1.08","-1.70","-0.05","0","3.16","Deferred",
"12 May 2026 03:19:48 UTC","26948042122","Order","205-5790268-8038727","VS-THB1-UK","VIVOSUN AeroLab THB1 Wireless Bluetooth Hygrometer Thermometer Indoor, Smart Temperature Monitor, VPD, Digital Humidity Meter, LCD Remote Control & Al","1","amazon.co.uk","Amazon","DONCASTER","S Yorkshire","DN5 8","MarketplaceFacilitator","10.66","2.13","4.16","0.83","0","0","0","0","-2.96","-1.66","-6.62","-0.16","0","6.38","Deferred",
"12 May 2026 03:50:21 UTC","26948042122","Order","203-1664090-2039500","330701-01-UK","VIVOSUN Garden Netting 5 x 15ft. Plant Trellis Netting, Heavy-Duty Polyester Grow Net, Garden Trellis Netting with Square Mesh for Climbing Plants, Ve","2","amazon.co.uk","Amazon","GRAYS","","RM16 2","MarketplaceFacilitator","11.98","2.40","0","0","0","0","0","0","-2.40","-2.16","-3.39","-0.11","0","6.32","Deferred",
"12 May 2026 04:12:22 UTC","26948042122","Order","203-8227837-8519512","311003-5-UK","VIVOSUN Gardening Scissors 6.5 Inch Hand Pruner Shear with Titanium Coated Blades, Pruning Shear for Plants, Flowers, Hedges 1-Pack Blue","2","amazon.co.uk","Amazon","MILTON KEYNES","","MK4 2","MarketplaceFacilitator","8.02","1.60","0","0","0","0","0","0","-1.60","-1.44","-3.39","-0.10","0","3.09","Deferred",
"12 May 2026 04:20:54 UTC","26948042122","Order","203-6620534-4698734","311003-5-UK","VIVOSUN Gardening Scissors 6.5 Inch Hand Pruner Shear with Titanium Coated Blades, Pruning Shear for Plants, Flowers, Hedges 1-Pack Blue","1","amazon.co.uk","Amazon","Melksham","Wiltshire","SN128","MarketplaceFacilitator","4.16","0.83","0","0","0","0","0","0","-0.83","-0.75","-1.70","-0.05","0","1.66","Deferred",
"12 May 2026 04:22:05 UTC","26948042122","Order","205-5434954-9875530","311003-5-UK","VIVOSUN Gardening Scissors 6.5 Inch Hand Pruner Shear with Titanium Coated Blades, Pruning Shear for Plants, Flowers, Hedges 1-Pack Blue","1","amazon.co.uk","Amazon","WINNERSH","","RG41 5","MarketplaceFacilitator","4.16","0.83","0","0","0","0","0","0","-0.83","-0.75","-1.70","-0.05","0","1.66","Deferred",
"12 May 2026 09:03:35 UTC","26948042122","Order","206-1500806-5266755","311003-5-UK","VIVOSUN Gardening Scissors 6.5 Inch Hand Pruner Shear with Titanium Coated Blades, Pruning Shear for Plants, Flowers, Hedges 1-Pack Blue","2","amazon.co.uk","Amazon","DONCASTER","","DN4 8","MarketplaceFacilitator","8.32","1.66","0","0","0","0","0","0","-2.49","-2.25","-3.39","-0.12","0","1.73","Deferred",
"12 May 2026 09:03:35 UTC","26948042122","Order","206-1500806-5266755","311003-5-UK","VIVOSUN Gardening Scissors 6.5 Inch Hand Pruner Shear with Titanium Coated Blades, Pruning Shear for Plants, Flowers, Hedges 1-Pack Blue","1","amazon.co.uk","Amazon","DONCASTER","","DN4 8","","4.16","0.83","0","0","0","0","0","0","0","0","-1.70","-0.03","0","3.26","Deferred",
"12 May 2026 09:03:39 UTC","26948042122","Liquidations","149987133623552","X0022P24NP","VIVOSUN LED Grow Lamp 100 W Full Spectrum Plant Lamp with Integrated Circulation Fan Grow Light Compatible with App, AeroLight A100SE with GrowHub Controller E25 for 60 x 60 cm Grow Tent","1","","","","","","","7.68","1.54","0","0","0","0","0","0","0","0","0","-5.47","0","3.75","Deferred",
"12 May 2026 11:27:48 UTC","27033762562","Refund","205-6567487-4137938","330701-01-UK","VIVOSUN Garden Netting 5 x 15ft. Plant Trellis Netting, Heavy-Duty Polyester Grow Net, Garden Trellis Netting with Square Mesh for Climbing Plants, Ve","1","amazon.co.uk","Amazon","HINCKLEY","","LE10 0","MarketplaceFacilitator","-7.49","-1.50","0","0","0","0","0","0","1.50","1.08","0","0.03","0","-6.38","Released","13 May 2026 21:19:48 UTC"
"12 May 2026 12:11:17 UTC","26948042122","Order","204-1117561-9422729","311003-4-UK-FBM","VIVOSUN Gardening Scissors 17cm Hand Pruner Pruning Shear with Straight Blades and Titanium Non-Stick Coating Rose Scissors Orange","1","amazon.co.uk","Seller","Urmston","","M41 0","MarketplaceFacilitator","7.07","1.42","0","0","0","0","0","0","-1.42","-1.27","0","-0.03","0","5.77","Deferred",
"12 May 2026 12:15:52 UTC","26948042122","Refund","203-3620770-2462732","GB0100-2J-UK","VIVOSUN Strawberry Planter Stackable Vertical Garden Pot 5 Tier, Indoor/Outdoor, Space-Saving Plant Pot for Strawberries, Flowers, Herbs, Vegetables,","1","amazon.co.uk","Seller","TONBRIDGE","Kent","TN11 0","MarketplaceFacilitator","-14.99","-3.00","0","0","0","0","0","0","3.00","2.16","0","0.05","0","-12.78","Released","12 May 2026 12:15:52 UTC"
"12 May 2026 13:10:21 UTC","26948042122","Order","204-2000269-9567569","311003-5-UK","VIVOSUN Gardening Scissors 6.5 Inch Hand Pruner Shear with Titanium Coated Blades, Pruning Shear for Plants, Flowers, Hedges 1-Pack Blue","1","amazon.co.uk","Amazon","LONDON","","E2 9","MarketplaceFacilitator","4.16","0.83","0.55","0.11","0","0","-0.55","-0.11","-0.83","-0.75","-1.70","-0.05","0","1.66","Deferred",
"12 May 2026 14:02:07 UTC","26948042122","Order","204-4953138-6001100","306109-6C-UK-FBM","VIVOSUN Flex Air Aluminum Duct for Ventilation, 6 Inch 25 Feet, 2 Clamps Included, Long Heavy-Duty Multi-Layer Dryer Hose Vent Kit, Duct Fan Systems","1","amazon.co.uk","Seller","ERITH","","DA8 1","MarketplaceFacilitator","14.16","2.83","0","0","0","0","0","0","-2.83","-2.21","0","-0.04","0","11.91","Deferred",
"12 May 2026 15:02:21 UTC","26948042122","Order_Retrocharge","205-6209961-3818745","","Base Tax","","Amazon.co.uk","","","","","","0","17.73","0","0","0","0","0","0","0","0","0","0","0","17.73","Released","12 May 2026 15:02:21 UTC"
"12 May 2026 15:02:21 UTC","26948042122","Order_Retrocharge","205-6209961-3818745","","Shipping Tax","","Amazon.co.uk","","","","","","0","0","0","0","0","0","0","0","0","0","0","0","0","0","Released","12 May 2026 15:02:21 UTC"
"12 May 2026 15:02:21 UTC","26948042122","Order_Retrocharge","205-6209961-3818745","","MarketplaceFacilitator","","Amazon.co.uk","","","","","","0","0","0","0","0","0","0","0","-17.73","0","0","0","0","-17.73","Released","12 May 2026 15:02:21 UTC"
"12 May 2026 15:36:16 UTC","26948042122","Order","026-2671585-6370721","311003-5-UK","VIVOSUN Gardening Scissors 6.5 Inch Hand Pruner Shear with Titanium Coated Blades, Pruning Shear for Plants, Flowers, Hedges 1-Pack Blue","1","amazon.co.uk","Amazon","Southam","","CV47 2","MarketplaceFacilitator","4.16","0.83","0","0","0","0","0","0","-0.83","-0.75","-1.70","-0.05","0","1.66","Deferred",
"12 May 2026 15:41:59 UTC","26948042122","Order","026-3513917-0380307","304113-P336-UK","VIVOSUN PRO Grow Tent 90x90x180 CM (36""x36""x72""),with Thick 22 mm Poles, 2000D Oxford Fabric with Highly Reflective Mylar Extra Hanging Poles & High C","1","amazon.co.uk","Amazon","Abronhill","Cumbernauld","G67 3","MarketplaceFacilitator","77.90","15.58","0","0","0","0","0","0","-15.58","-14.02","-6.70","-0.41","0","56.77","Deferred",
"12 May 2026 16:14:54 UTC","26948042122","Order","205-6110928-9535515","311003-5-UK","VIVOSUN Gardening Scissors 6.5 Inch Hand Pruner Shear with Titanium Coated Blades, Pruning Shear for Plants, Flowers, Hedges 1-Pack Blue","1","amazon.co.uk","Amazon","STOCKPORT","","SK7 6","MarketplaceFacilitator","4.16","0.83","0","0","0","0","0","0","-0.83","-0.75","-1.70","-0.05","0","1.66","Deferred",
"12 May 2026 16:15:37 UTC","26948042122","Order","026-3824017-5147512","311003-5-UK","VIVOSUN Gardening Scissors 6.5 Inch Hand Pruner Shear with Titanium Coated Blades, Pruning Shear for Plants, Flowers, Hedges 1-Pack Blue","1","amazon.co.uk","Amazon","KNUTSFORD","","WA16 0","MarketplaceFacilitator","4.16","0.83","0","0","0","0","0","0","-0.83","-0.75","-1.70","-0.05","0","1.66","Deferred",
"12 May 2026 16:58:14 UTC","26948042122","Order","202-0062119-1729179","VSF-AWD4Wx2-UK-FBM","VIVOSUN AeroWave D4, 4"" Grow Tent Clip Fan with Detachable Hook, 3-Speed Strong & Quiet Airflow, Adjustable Airflow Angle for Hydroponics, Circulation","1","amazon.co.uk","Seller","STOKE-ON-TRENT","","ST4 4","MarketplaceFacilitator","24.78","4.96","0","0","0","0","0","0","-4.96","-4.46","0","-0.09","0","20.23","Deferred",
"12 May 2026 17:19:58 UTC","26948042122","Order","205-7128333-1585937","VSE-ASH05-UK-FBM","VIVOSUN AeroStream H05 Intelligent Wi-Fi Humidifier 5 L, Plant Humidifier with Temp & Humidity Probe, Smart Remote VPD Control, Designed for Growers G","1","amazon.co.uk","Seller","Weldon","","NN17 5","MarketplaceFacilitator","58.32","11.67","0","0","0","0","0","0","-11.67","-10.50","0","-0.21","0","47.61","Deferred",
"12 May 2026 18:26:06 UTC","26948042122","Order","206-2737225-5112346","305131-PEN-UK-M","VIVOSUN Digital pH Meter, 0.01pH High Accuracy Pen Type pH Tester for Hydroponics, Household Drinking, Pool and Aquarium, UL Certified","1","amazon.co.uk","Seller","LONDON","","NW6 2","MarketplaceFacilitator","8.29","1.66","0","0","0","0","0","0","-1.66","-1.49","0","-0.03","0","6.77","Deferred",
"12 May 2026 19:18:07 UTC","26948042122","Order","204-5664677-6337151","306143-0412-UK-N","VIVOSUN 4 Inch Air Carbon Filter Odor Control with Australia Virgin Charcoal for Inline Fan, Grow Tent Odor Scrubber Indoor Hydroponics, Pre-filter In","1","amazon.co.uk","Amazon","THIRSK","","YO7 3","MarketplaceFacilitator","32.57","6.52","0","0","0","0","0","0","-6.52","-5.86","-3.39","-0.19","0","23.13","Deferred",
"12 May 2026 19:23:43 UTC","26948042122","Adjustment","026-1337432-3134769","304113-P224-UK","FBA Inventory Reimbursement - Customer Return","1","","","","","","","0","0","0","0","0","0","0","0","0","0","0","0","42.19","42.19","Released","12 May 2026 19:23:43 UTC"
"12 May 2026 19:30:57 UTC","26948042122","Order","205-2020274-8258761","311003-5-UK","VIVOSUN Gardening Scissors 6.5 Inch Hand Pruner Shear with Titanium Coated Blades, Pruning Shear for Plants, Flowers, Hedges 1-Pack Blue","1","amazon.co.uk","Amazon","RYE","","TN31 7","MarketplaceFacilitator","4.16","0.83","0","0","0","0","0","0","-0.83","-0.75","-1.70","-0.05","0","1.66","Deferred",
"12 May 2026 19:32:40 UTC","26948042122","Order","202-3813378-2303512","311003-5-UK","VIVOSUN Gardening Scissors 6.5 Inch Hand Pruner Shear with Titanium Coated Blades, Pruning Shear for Plants, Flowers, Hedges 1-Pack Blue","1","amazon.co.uk","Amazon","Maidstone","Kent","ME173","MarketplaceFacilitator","4.16","0.83","0","0","0","0","0","0","-0.83","-0.75","-1.70","-0.05","0","1.66","Deferred",
"12 May 2026 19:43:32 UTC","26948042122","Order","204-4478869-6350749","VSE-ASH05-UK-FBM","VIVOSUN AeroStream H05 Intelligent Wi-Fi Humidifier 5 L, Plant Humidifier with Temp & Humidity Probe, Smart Remote VPD Control, Designed for Growers G","1","amazon.co.uk","Seller","BRADFORD","","BD6 3","MarketplaceFacilitator","58.32","11.67","0","0","0","0","0","0","-11.67","-10.50","0","-0.21","0","47.61","Deferred",
"12 May 2026 20:05:23 UTC","26948042122","Order","205-8847317-5601946","VS-THB1-UK","VIVOSUN AeroLab THB1 Wireless Bluetooth Hygrometer Thermometer Indoor, Smart Temperature Monitor, VPD, Digital Humidity Meter, LCD Remote Control & Al","1","amazon.co.uk","Amazon","NEATH","","SA11 2","MarketplaceFacilitator","10.66","2.13","0","0","0","0","0","0","-2.13","-1.66","-2.46","-0.08","0","6.46","Deferred",
"12 May 2026 20:05:37 UTC","26948042122","Order","026-4588417-1596322","VSV-AZT4E42A-UK","VIVOSUN Inline Duct Fan 4 inch/100 mm with E42A WiFi-App Controller, Quiet Extractor Fan 357 m³/h with EC Motor Exhaust Fan for Heating, Cooling, Gre","1","amazon.co.uk","Amazon","Plymouth","Devon","PL2 1","MarketplaceFacilitator","75.82","15.17","0","0","0","0","0","0","-15.17","-13.65","-3.59","-0.34","0","58.24","Deferred",
"12 May 2026 20:26:35 UTC","26948042122","Order","203-5170066-4513952","311003-5-UK","VIVOSUN Gardening Scissors 6.5 Inch Hand Pruner Shear with Titanium Coated Blades, Pruning Shear for Plants, Flowers, Hedges 1-Pack Blue","1","amazon.co.uk","Amazon","TAUNTON","","TA1 5","MarketplaceFacilitator","4.16","0.83","0","0","0","0","0","0","-0.83","-0.75","-1.70","-0.05","0","1.66","Deferred",
"12 May 2026 20:31:41 UTC","26948042122","Order","202-0627209-3040306","311003-5-UK","VIVOSUN Gardening Scissors 6.5 Inch Hand Pruner Shear with Titanium Coated Blades, Pruning Shear for Plants, Flowers, Hedges 1-Pack Blue","1","amazon.co.uk","Amazon","SWANSEA","W Glam","SA3 2","MarketplaceFacilitator","6.66","1.33","0","0","0","0","0","0","-1.33","-1.20","-1.70","-0.05","0","3.71","Deferred",
"12 May 2026 20:37:55 UTC","26948042122","Order","202-3399954-8633901","311001-3x5-UK-N","VIVOSUN Grow Bags 5 Pack 12L, Heavy Duty Thickened Nonwoven Fabric Pots with Strong Handles for Vegetables, Flowers, Fruits, Greenhouse and Garden","1","amazon.co.uk","Amazon","NEWTON STEWART","Dumfries and Galloway","DG8 6","MarketplaceFacilitator","11.32","2.27","0","0","0","0","0","0","-2.27","-2.04","-3.20","-0.10","0","5.98","Deferred",
"12 May 2026 20:47:08 UTC","26948042122","Order","202-7284019-3054713","332022-2-UK","VIVOSUN 2-Pack 30X 60X Illuminated Jewelers Loupe Foldable Magnifier with LED Light for Jewelry Gems Watches Coins Stamps Antiques Black","1","amazon.co.uk","Amazon","Chittening","","BS11 0","MarketplaceFacilitator","7.39","1.48","0","0","0","0","0","0","-1.48","-1.33","-2.74","-0.08","0","3.24","Deferred",
"12 May 2026 21:10:54 UTC","26948042122","Order","203-0331338-1091515","304113-2014-UK-FBM","VIVOSUN Grow Tent Small 50x36x54 CM (19.7""x14.2""x21.3"") Grow Tent Mini with Highly Reflective Mylar Sealed Floor Design, Ventilation Window, Cable Ent","1","amazon.co.uk","Seller","BRADFORD","","BD2 1","MarketplaceFacilitator","33.32","6.67","0","0","0","0","0","0","-6.67","-6.00","0","-0.12","0","27.20","Deferred",
"12 May 2026 22:09:07 UTC","26948042122","Liquidations","149963319280552","X001XJCH1Z","VIVOSUN AeroZesh G6 Inline Duct Fan 6inch/150 mm Extractor Fan 660 m³/h with E12 Speed Controller and Entirely Programmable PWM-Controlled EC Fan for Growbox Grow Tent Ventilation","1","","","","","","","7.92","1.58","0","0","0","0","0","0","0","0","0","-3.84","0","5.66","Deferred",
"12 May 2026 22:28:53 UTC","26948042122","Order","203-3639008-6907544","304113-44-UK-FBM","VIVOSUN Grow Tent 120x120x200 cm (48""x48""x80""), Made of Highly Reflective Mylar, with Viewing Window and Base Tray for Hydroponics and Indoor Growing,","1","amazon.co.uk","Seller","GAIRLOCH","Ross-Shire","IV21 2","MarketplaceFacilitator","86.92","17.38","0","0","0","0","0","0","-17.38","-15.65","0","-0.31","0","70.96","Deferred",
"12 May 2026 23:11:22 UTC","26948042122","Order","205-6371613-7368323","311001-3x5-UK-N","VIVOSUN Grow Bags 5 Pack 12L, Heavy Duty Thickened Nonwoven Fabric Pots with Strong Handles for Vegetables, Flowers, Fruits, Greenhouse and Garden","1","amazon.co.uk","Amazon","HYDE","Cheshire","SK14 6","MarketplaceFacilitator","11.32","2.27","0","0","0","0","0","0","-2.27","-2.04","-3.20","-0.10","0","5.98","Deferred",
"12 May 2026 23:34:38 UTC","26948042122","Order","026-0791697-0650765","306201PVC-4-UK","VIVOSUN Inline Duct Fan 4 Inch 190 CFM with Speed Controller, 4 Inch Carbon Filter and 8 Feet of Ducting, Temperature Humidity Monitor for Grow Tent,","1","amazon.co.uk","Seller","EDINBURGH","Midlothian","EH8 7","MarketplaceFacilitator","64.99","13.00","0","0","0","0","0","0","-13.00","-11.70","0","-0.23","0","53.06","Deferred",
"13 May 2026 00:05:47 UTC","26948042122","Order","026-1810487-7536343","311001-3x5-UK-N","VIVOSUN Grow Bags 5 Pack 12L, Heavy Duty Thickened Nonwoven Fabric Pots with Strong Handles for Vegetables, Flowers, Fruits, Greenhouse and Garden","1","amazon.co.uk","Amazon","SHEFFIELD","","S6 2","MarketplaceFacilitator","11.32","2.27","0","0","0","0","0","0","-2.27","-2.04","-3.20","-0.10","0","5.98","Deferred",
"13 May 2026 00:31:11 UTC","26948042122","Order","203-0069807-5521102","311001-3x5-UK-N","VIVOSUN Grow Bags 5 Pack 12L, Heavy Duty Thickened Nonwoven Fabric Pots with Strong Handles for Vegetables, Flowers, Fruits, Greenhouse and Garden","1","amazon.co.uk","Amazon","SWINDON","","SN2 2","MarketplaceFacilitator","11.32","2.27","0","0","0","0","0","0","-2.27","-2.04","-3.20","-0.10","0","5.98","Deferred",
"13 May 2026 00:37:16 UTC","26948042122","Order","203-5045348-7921904","311003-5-UK","VIVOSUN Gardening Scissors 6.5 Inch Hand Pruner Shear with Titanium Coated Blades, Pruning Shear for Plants, Flowers, Hedges 1-Pack Blue","1","amazon.co.uk","Amazon","LONDON","","N10 2","MarketplaceFacilitator","4.01","0.80","0","0","0","0","0","0","-0.80","-0.72","-1.70","-0.04","0","1.55","Deferred",
"13 May 2026 00:47:01 UTC","26948042122","Order","205-0840302-4715520","VS-THB1-UK","VIVOSUN AeroLab THB1 Wireless Bluetooth Hygrometer Thermometer Indoor, Smart Temperature Monitor, VPD, Digital Humidity Meter, LCD Remote Control & Al","1","amazon.co.uk","Amazon","HORAM","","TN21 0","MarketplaceFacilitator","10.66","2.13","0","0","0","0","0","0","-2.13","-1.66","-2.46","-0.08","0","6.46","Deferred",
"13 May 2026 01:37:12 UTC","27033762562","Order","204-4972810-8903513","311003-5-UK","VIVOSUN Gardening Scissors 6.5 Inch Hand Pruner Shear with Titanium Coated Blades, Pruning Shear for Plants, Flowers, Hedges 1-Pack Blue","1","amazon.co.uk","Amazon","MANSFIELD","","NG19 7","MarketplaceFacilitator","6.66","1.33","0","0","0","0","0","0","-1.33","-1.20","-1.70","-0.05","0","3.71","Deferred",
"13 May 2026 01:37:40 UTC","27033762562","Order","026-6073689-4336366","311003-5-UK","VIVOSUN Gardening Scissors 6.5 Inch Hand Pruner Shear with Titanium Coated Blades, Pruning Shear for Plants, Flowers, Hedges 1-Pack Blue","1","amazon.co.uk","Amazon","CHESTERFIELD","","S42 6","MarketplaceFacilitator","4.16","0.83","0","0","0","0","0","0","-0.83","-0.75","-1.70","-0.05","0","1.66","Deferred",
"13 May 2026 01:40:40 UTC","27033762562","Order","204-0749243-3874766","311003-5-UK","VIVOSUN Gardening Scissors 6.5 Inch Hand Pruner Shear with Titanium Coated Blades, Pruning Shear for Plants, Flowers, Hedges 1-Pack Blue","1","amazon.co.uk","Amazon","LANCING","","BN15 9","MarketplaceFacilitator","4.16","0.83","0","0","0","0","0","0","-0.83","-0.75","-1.70","-0.05","0","1.66","Deferred",
"13 May 2026 02:07:49 UTC","27033762562","Order","206-4631532-5970702","311003-5-UK","VIVOSUN Gardening Scissors 6.5 Inch Hand Pruner Shear with Titanium Coated Blades, Pruning Shear for Plants, Flowers, Hedges 1-Pack Blue","1","amazon.co.uk","Amazon","PETERSFIELD","","GU31 5","MarketplaceFacilitator","4.16","0.83","0","0","0","0","0","0","-0.83","-0.75","-1.70","-0.05","0","1.66","Deferred",
"13 May 2026 02:39:34 UTC","27033762562","Order","204-7253884-8905923","311003-5-UK","VIVOSUN Gardening Scissors 6.5 Inch Hand Pruner Shear with Titanium Coated Blades, Pruning Shear for Plants, Flowers, Hedges 1-Pack Blue","1","amazon.co.uk","Amazon","RUISLIP","Middx","HA4 7","MarketplaceFacilitator","4.16","0.83","0","0","0","0","0","0","-0.83","-0.75","-1.70","-0.05","0","1.66","Deferred",
"13 May 2026 03:15:30 UTC","27033762562","Order","204-9643067-5701938","332022-2-UK","VIVOSUN 2-Pack 30X 60X Illuminated Jewelers Loupe Foldable Magnifier with LED Light for Jewelry Gems Watches Coins Stamps Antiques Black","1","amazon.co.uk","Amazon","FAILSWORTH","","M35 0","MarketplaceFacilitator","7.39","1.48","0","0","0","0","0","0","-1.48","-1.33","-2.74","-0.08","0","3.24","Deferred",
"13 May 2026 09:13:48 UTC","27033762562","Order","203-6658239-8858707","PS-002-UK-FBM","VIVOSUN 1-Pack Garden Pruner 17cm Plant Shears with Ergonomic Handles, Tree Pruner with Straight Blades and Titanium Non-Stick Coating, Rose Shears, B","1","amazon.co.uk","Seller","CARLISLE","Cumbria","CA6 4","MarketplaceFacilitator","6.37","1.27","0","0","0","0","0","0","-1.27","-0.99","0","-0.02","0","5.36","Deferred",
"13 May 2026 09:25:33 UTC","27033762562","Order","205-9916769-1502733","VSGB-3-UK-FBM","VIVOSUN 5-Pack 12L Grow Bags Heavy Duty 500G Thickened Nonwoven Plant Fabric Pots with Handles for Vegetables, Flowers, Fruits, Greenhouse and Garden","1","amazon.co.uk","Seller","Bedford","","MK44 1","MarketplaceFacilitator","9.41","1.88","0","0","0","0","0","0","-1.88","-1.69","0","-0.03","0","7.69","Deferred",
"13 May 2026 10:39:35 UTC","27033762562","Refund","205-6606032-8517919","VSVC-AZG4-UK-M","VIVOSUN PRO G4 Smart Air Filtration Set, 10 cm AeroZesh G4 Duct Fan with E12 Speed Control, Carbon Filter & Air Duct, Ventilation System for Grow Tent","1","amazon.co.uk","Seller","LLANDEILO","","SA19 7","MarketplaceFacilitator","-106.05","-21.21","0","0","0","0","0","0","21.21","15.27","0","0.38","0","-90.40","Deferred",
"13 May 2026 12:15:11 UTC","27033762562","Order","S02-2919268-8241546","304113-P336-UK","VIVOSUN PRO Grow Tent 90x90x180 CM (36""x36""x72""),with Thick 22 mm Poles, 2000D Oxford Fabric with Highly Reflective Mylar Extra Hanging Poles & High CFM Kit for Hydroponics P336 for AeroLight A200SE","1","siprodukmarketplace.stores.amazon.co.uk","Amazon","swansea","SWA","SA2 0","","0","0","0","0","0","0","0","0","0","0","-26.42","0","0","-26.42","Released","13 May 2026 12:15:11 UTC"
"13 May 2026 12:21:43 UTC","27033762562","Order","026-3873346-2581166","330701-01-UK","VIVOSUN Garden Netting 5 x 15ft. Plant Trellis Netting, Heavy-Duty Polyester Grow Net, Garden Trellis Netting with Square Mesh for Climbing Plants, Ve","1","amazon.co.uk","Amazon","LOSSIEMOUTH","Morayshire","IV31 6","MarketplaceFacilitator","5.99","1.20","0","0","0","0","0","0","-1.20","-1.08","-1.70","-0.05","0","3.16","Deferred",
"13 May 2026 12:43:12 UTC","27033762562","Delivery Services","205-6606032-8517919","","ReturnPostageBilling","","","","","","","","0","0","0","0","0","0","0","0","0","0","0","0","-2.73","-2.73","Released","13 May 2026 12:43:12 UTC"
"13 May 2026 13:36:54 UTC","27033762562","Order","205-5525628-8229900","VSV-AZG6-UK","VIVOSUN AeroZesh G6 Inline Duct Fan 6inch/150 mm Extractor Fan 660 m³/h with E12 Speed Controller and Entirely Programmable PWM-Controlled EC Fan for","1","amazon.co.uk","Amazon","Bradford","West Yorkshire","BD11 2","","58.32","11.66","0","0","0","0","0","0","0","-10.50","-3.43","-0.28","0","55.77","Deferred",
"13 May 2026 13:41:06 UTC","27033762562","Order","206-1807224-8573943","VSF-AWE6-Gx2-UK-FBM","VIVOSUN Pack of 2 AeroWave E6 Grow Tent Fan 15 cm, EC Motor, Smart WiFi Control, US-Patented Clip Fan with Automatic Oscillation, Weatherproof accordi","1","amazon.co.uk","Seller","SHREWSBURY","","SY1 4","MarketplaceFacilitator","49.08","9.82","0","0","0","0","0","0","-9.82","-8.84","0","-0.18","0","40.06","Deferred",
"13 May 2026 13:49:48 UTC","27033762562","Order","203-4305799-8608345","VSF-AWE6G-UK-FBM","VIVOSUN Grow Fan with Clip, 15 cm/6 Inch Grow Tent Fan, 10 Speeds Smart App Control, IP54 with Automatic Oscillation AeroWave E6 for Grow Tent, Green","1","amazon.co.uk","Seller","HITCHIN","Hertfordshire","SG5 2","MarketplaceFacilitator","25.32","5.07","0","0","0","0","0","0","-5.07","-4.56","0","-0.09","0","20.67","Deferred",
"13 May 2026 15:37:47 UTC","27033762562","Order","205-8071787-4701959","305140-PEN-UK","VIVOSUN Digital pH and TDS Meter Kits, 0.01pH High Accuracy Pen Type pH Meter ± 2% Readout Accuracy 3-in-1 TDS EC Temperature Meter for Hydroponics,","1","amazon.co.uk","Seller","HEREFORD","Herefordshire","HR2 9","MarketplaceFacilitator","17.49","3.50","0","0","0","0","0","0","-3.50","-3.15","0","-0.06","0","14.28","Deferred",
"13 May 2026 15:38:14 UTC","27033762562","Order","205-9064588-8331549","VSI-FFSW6-4-UK-M","VIVOSUN 4-Pack FlexFeed Self-Watering Pots, Auto Irrigation Fabric Pot Base with Water Meter & Maintenance Window, for Use Indoors/Outdoors in Grow Te","1","amazon.co.uk","Seller","DORKING","Surrey","RH5 4","MarketplaceFacilitator","66.66","13.33","0","0","0","0","0","0","-13.33","-12.00","0","-0.24","0","54.42","Deferred",
"13 May 2026 16:02:35 UTC","27033762562","Refund","203-7827835-2486736","311001-3x5-UK-N","VIVOSUN Grow Bags 5 Pack 12L, Heavy Duty Thickened Nonwoven Fabric Pots with Strong Handles for Vegetables, Flowers, Fruits, Greenhouse and Garden","1","amazon.co.uk","Amazon","Dunstable","Bedfordshire","LU5 5","MarketplaceFacilitator","-10.66","-2.13","0","0","0","0","0","0","2.13","1.54","0","0.04","0","-9.08","Released","13 May 2026 16:02:35 UTC"
"13 May 2026 16:34:43 UTC","27033762562","Order","202-3077256-7527505","305140-PEN-UK","VIVOSUN Digital pH and TDS Meter Kits, 0.01pH High Accuracy Pen Type pH Meter ± 2% Readout Accuracy 3-in-1 TDS EC Temperature Meter for Hydroponics,","1","amazon.co.uk","Seller","BIRMINGHAM","","B29 7","MarketplaceFacilitator","17.49","3.50","0","0","0","0","0","0","-3.50","-3.15","0","-0.06","0","14.28","Deferred",
"13 May 2026 16:56:06 UTC","27033762562","Order","205-1103808-8166745","305131-PEN-UK-M","VIVOSUN Digital pH Meter, 0.01pH High Accuracy Pen Type pH Tester for Hydroponics, Household Drinking, Pool and Aquarium, UL Certified","1","amazon.co.uk","Seller","LEICESTER","Leicestershire","LE6 0","MarketplaceFacilitator","8.29","1.66","0","0","0","0","0","0","-1.66","-1.49","0","-0.03","0","6.77","Deferred",
"13 May 2026 16:56:34 UTC","27033762562","Order","205-7902167-5373963","306201PVC-4-UK","VIVOSUN Inline Duct Fan 4 Inch 190 CFM with Speed Controller, 4 Inch Carbon Filter and 8 Feet of Ducting, Temperature Humidity Monitor for Grow Tent,","1","amazon.co.uk","Seller","DEAL","Kent","CT14 7","MarketplaceFacilitator","64.99","13.00","0","0","0","0","0","0","-13.00","-11.70","0","-0.23","0","53.06","Deferred",
"13 May 2026 17:23:12 UTC","27033762562","Order","203-0095469-3245976","311003-5-UK","VIVOSUN Gardening Scissors 6.5 Inch Hand Pruner Shear with Titanium Coated Blades, Pruning Shear for Plants, Flowers, Hedges 1-Pack Blue","1","amazon.co.uk","Amazon","MALTON","North Yorkshire","YO17 6","MarketplaceFacilitator","6.66","1.33","0","0","0","0","0","0","-1.33","-1.20","-1.70","-0.05","0","3.71","Deferred",
"13 May 2026 17:32:32 UTC","27033762562","Order","206-2185461-9395528","VS1000EX2-UK-FBM","VIVOSUN Grow Lamp 100 W Full Spectrum Plant Lamp with Samsung Diodes Grow Light for Indoor Plants Seedling Vegetative and Flower in 60 x 60 cm, 90 x 9","1","amazon.co.uk","Seller","GLASGOW","LANARKSHIRE","G41 3","MarketplaceFacilitator","83.12","16.62","0","0","0","0","0","0","-16.62","-14.96","0","-0.30","0","67.86","Deferred",
"13 May 2026 17:44:29 UTC","27033762562","Order","205-2844325-0073158","TN-44-UK-FBM","VIVOSUN Garden Netting 120 x 120 cm, Elastic Trellis Net with 4 Hooks for Climbing Plants Vegetables Fruits and Flowers","1","amazon.co.uk","Seller","LEICESTER","Leics","LE4 9","MarketplaceFacilitator","14.99","3.00","0","0","0","0","0","0","-3.00","-2.70","0","-0.05","0","12.24","Deferred",
"13 May 2026 17:53:48 UTC","27033762562","Order","203-3171836-4437932","330701-01-UK","VIVOSUN Garden Netting 5 x 15ft. Plant Trellis Netting, Heavy-Duty Polyester Grow Net, Garden Trellis Netting with Square Mesh for Climbing Plants, Ve","2","amazon.co.uk","Amazon","COVENTRY","","CV5 8","MarketplaceFacilitator","11.98","2.40","0","0","0","0","0","0","-2.40","-2.16","-3.39","-0.11","0","6.32","Deferred",
"13 May 2026 18:10:18 UTC","27033762562","Order","203-8247936-6953908","306143-0412-UK-N","VIVOSUN 4 Inch Air Carbon Filter Odor Control with Australia Virgin Charcoal for Inline Fan, Grow Tent Odor Scrubber Indoor Hydroponics, Pre-filter In","1","amazon.co.uk","Amazon","haltwhistle","northumberland","NE49 9","MarketplaceFacilitator","32.57","6.52","0","0","0","0","0","0","-6.52","-5.86","-3.39","-0.19","0","23.13","Deferred",
"13 May 2026 18:13:54 UTC","27033762562","Order","203-5468967-8979522","PS-002-UK-FBM","VIVOSUN 1-Pack Garden Pruner 17cm Plant Shears with Ergonomic Handles, Tree Pruner with Straight Blades and Titanium Non-Stick Coating, Rose Shears, B","1","amazon.co.uk","Seller","READING","","RG10 0","MarketplaceFacilitator","6.37","1.27","0","0","0","0","0","0","-1.27","-0.99","0","-0.02","0","5.36","Deferred",
"13 May 2026 19:07:13 UTC","27033762562","Refund","206-9353973-8497117","311001-3x5-UK-N","VIVOSUN Grow Bags 5 Pack 12L, Heavy Duty Thickened Nonwoven Fabric Pots with Strong Handles for Vegetables, Flowers, Fruits, Greenhouse and Garden","1","amazon.co.uk","Amazon","CRANBROOK","","TN18 5","MarketplaceFacilitator","-13.32","-2.67","0","0","0","0","0","0","2.67","1.92","0","0.05","0","-11.35","Released","13 May 2026 19:07:13 UTC"
"13 May 2026 19:10:25 UTC","27033762562","Order","203-5114393-0335561","306143-0412-UK-N","VIVOSUN 4 Inch Air Carbon Filter Odor Control with Australia Virgin Charcoal for Inline Fan, Grow Tent Odor Scrubber Indoor Hydroponics, Pre-filter In","1","amazon.co.uk","Amazon","WOLVERHAMPTON","Staffordshire","WV3 8","MarketplaceFacilitator","32.57","6.52","0","0","0","0","0","0","-6.52","-5.86","-3.39","-0.19","0","23.13","Deferred",
"13 May 2026 19:13:53 UTC","27033762562","Transfer","","","To account ending with: 946","","","","","","","","0","0","0","0","0","0","0","0","0","0","0","0","-8,131.09","-8,131.09","Released","13 May 2026 19:13:53 UTC"
"13 May 2026 19:22:41 UTC","27033762562","Order","206-1662479-6528356","VSVC-AZG4-UK-M","VIVOSUN PRO G4 Smart Air Filtration Set, 10 cm AeroZesh G4 Duct Fan with E12 Speed Control, Carbon Filter & Air Duct, Ventilation System for Grow Tent","1","amazon.co.uk","Seller","DORCHESTER","","DT1 1","MarketplaceFacilitator","108.32","21.67","0","0","0","0","0","0","-21.67","-19.50","0","-0.39","0","88.43","Deferred",
"13 May 2026 19:31:49 UTC","27033762562","Order","204-4309414-8111528","GH-E25-UK-FBM","VIVOSUN GrowHub Controller E25 for Grow Tent Cooling Ventilation Lighting, Supports Smart Grow System Devices, Expansion Port for E42/E42A WiFi & App","2","amazon.co.uk","Seller","Stokerow","Oxon","RG9 5","MarketplaceFacilitator","43.32","8.66","0","0","0","0","0","0","-8.66","-7.80","0","-0.16","0","35.36","Deferred",
"13 May 2026 20:13:51 UTC","27033762562","Order","203-0364226-2971525","311001-3x5-UK-N","VIVOSUN Grow Bags 5 Pack 12L, Heavy Duty Thickened Nonwoven Fabric Pots with Strong Handles for Vegetables, Flowers, Fruits, Greenhouse and Garden","1","amazon.co.uk","Amazon","SUTTON","","SM2 6","MarketplaceFacilitator","11.32","2.27","0","0","0","0","0","0","-2.27","-2.04","-3.20","-0.10","0","5.98","Deferred",
"13 May 2026 20:44:27 UTC","27033762562","Order","206-0076232-7786766","CFPB-4-UK","VIVOSUN 15 cm Prefilter for 15 cm Carbon Filter, Black, 25 cm long","1","amazon.co.uk","Amazon","LONDON","","SW19 2","MarketplaceFacilitator","5.82","1.17","0","0","0","0","0","0","-1.17","-0.56","-2.46","-0.06","0","2.74","Deferred",
"13 May 2026 20:49:31 UTC","27033762562","Order","204-9020049-7353143","GT-Pole-UK-M","VIVOSUN Grow Tent High CFM Kit, Green Pole Range of 24""-48"", Suitable for 2'x2', 3'x3', 4'x2' and 4'x4'Grow Tent, 4-Pack","1","amazon.co.uk","Seller","NEW ROMNEY","","TN28 8","MarketplaceFacilitator","28.32","5.67","0","0","0","0","0","0","-5.67","-5.10","0","-0.10","0","23.12","Deferred",
"13 May 2026 22:07:38 UTC","27033762562","Order","203-9249319-5188346","PS-002-UK-FBM","VIVOSUN 1-Pack Garden Pruner 17cm Plant Shears with Ergonomic Handles, Tree Pruner with Straight Blades and Titanium Non-Stick Coating, Rose Shears, B","1","amazon.co.uk","Seller","GREENHITHE","","DA9 9","MarketplaceFacilitator","6.37","1.27","0","0","0","0","0","0","-1.27","-0.99","0","-0.02","0","5.36","Deferred",
"13 May 2026 23:05:04 UTC","27033762562","Order","203-2500220-6764344","311001-3x5-UK-N","VIVOSUN Grow Bags 5 Pack 12L, Heavy Duty Thickened Nonwoven Fabric Pots with Strong Handles for Vegetables, Flowers, Fruits, Greenhouse and Garden","1","amazon.co.uk","Amazon","Clitheroe","","BB7 9","MarketplaceFacilitator","11.32","2.27","0","0","0","0","0","0","-2.27","-2.04","-3.20","-0.10","0","5.98","Deferred",
"13 May 2026 23:37:33 UTC","27033762562","Refund","206-6743250-2045119","306101S-8-UK","VIVOSUN Inline Duct Fan 8 Inch 740 CFM with Variable Speed Control for Grow Tent, Ventilation, Plant Tent, Indoor, Garden, Ventilation Fan, Z8 Pipe Fa","1","amazon.co.uk","Amazon","LYNE","","KT16 0","","-39.85","-7.97","0","0","0","0","0","0","0","5.74","0","0","0","-42.08","Released","13 May 2026 23:37:33 UTC"
"14 May 2026 00:26:50 UTC","27033762562","Order","206-9016985-9566730","332022-2-UK","VIVOSUN 2-Pack 30X 60X Illuminated Jewelers Loupe Foldable Magnifier with LED Light for Jewelry Gems Watches Coins Stamps Antiques Black","1","amazon.co.uk","Amazon","LONDON","","SW19 2","MarketplaceFacilitator","7.39","1.48","0","0","0","0","0","0","-1.48","-1.33","-2.74","-0.08","0","3.24","Deferred",
"14 May 2026 00:37:54 UTC","27033762562","Order","203-3160487-5325169","330701-01-UK","VIVOSUN Garden Netting 5 x 15ft. Plant Trellis Netting, Heavy-Duty Polyester Grow Net, Garden Trellis Netting with Square Mesh for Climbing Plants, Ve","1","amazon.co.uk","Amazon","BOOTLE","","L20 0","MarketplaceFacilitator","5.99","1.20","1.25","0.25","0","0","-1.25","-0.25","-1.20","-1.08","-1.70","-0.05","0","3.16","Deferred",
"14 May 2026 00:43:59 UTC","27033762562","Order","205-8619075-9229102","VSV-AZT4-UK","VIVOSUN AeroZesh T4 Inline Duct Fan 4inch/100 mm Extractor Fan 357 m³/h with E12 Speed Controller and Fully Programmable PWM-Controlled EC Quiet Vent","1","amazon.co.uk","Amazon","CLACTON-ON-SEA","","CO15 4","MarketplaceFacilitator","58.32","11.67","0","0","0","0","0","0","-11.67","-10.50","-3.42","-0.28","0","44.12","Deferred",
"14 May 2026 00:52:43 UTC","27033762562","Order","204-1556924-7192335","VSGB-5-UK-FBM","VIVOSUN Grow Bags 5-Pack 20L, 500G Thick Nonwoven Fabric Pots with Strap Handles, Multi-Purpose Rings, for Low Stress Plant Training Fruits, Vegetable","1","amazon.co.uk","Seller","COWES","","PO31 7","MarketplaceFacilitator","15.82","3.17","0","0","0","0","0","0","-3.17","-2.85","0","-0.06","0","12.91","Deferred",
"14 May 2026 01:39:43 UTC","27033762562","Order","205-0467458-2588340","306101S-4-UK","VIVOSUN Inline Duct Fan 4 Inch 203 CFM with Variable Speed Control for Grow Tent, Ventilation, Plant Tent, Indoor, Garden, Ventilation Fan, Z4 Pipe Fa","1","amazon.co.uk","Amazon","FARNHAM","","GU9 8","MarketplaceFacilitator","40.82","8.17","0","0","0","0","0","0","-8.17","-7.35","-3.36","-0.22","0","29.89","Deferred",
"14 May 2026 01:52:51 UTC","27033762562","Order","204-8759801-9165901","VSV-AZG6-UK","VIVOSUN AeroZesh G6 Inline Duct Fan 6inch/150 mm Extractor Fan 660 m³/h with E12 Speed Controller and Entirely Programmable PWM-Controlled EC Fan for","1","amazon.co.uk","Amazon","London","","E1W 3","MarketplaceFacilitator","58.32","11.67","0","0","0","0","0","0","-11.67","-10.50","-3.43","-0.28","0","44.11","Deferred",
"14 May 2026 03:23:59 UTC","27033762562","Order","206-8568901-5737928","LH-001-UK","VIVOSUN 1-Pair 1/8 Inch Adjustable Grow Light Hanger, Heavy Duty Rope Hanger with Reinforced Metal Gears, 8Ft. Long and 150 lbs Weight Capacity Rope f","1","amazon.co.uk","Amazon","Ferndown","Dorset","BH229","MarketplaceFacilitator","4.99","1.00","0","0","0","0","0","0","-1.00","-0.90","-2.46","-0.07","0","1.56","Deferred",
"14 May 2026 04:12:18 UTC","27033762562","Order","026-6813342-2533930","311003-5-UK","VIVOSUN Gardening Scissors 6.5 Inch Hand Pruner Shear with Titanium Coated Blades, Pruning Shear for Plants, Flowers, Hedges 1-Pack Blue","1","amazon.co.uk","Amazon","East Grinstead","","RH19 4","MarketplaceFacilitator","4.16","0.83","0","0","0","0","0","0","-0.83","-0.75","-1.70","-0.05","0","1.66","Deferred",
"14 May 2026 04:19:13 UTC","27033762562","Order","205-8387912-6611503","TN-33-UK","VIVOSUN Garden Netting 90 x 90 cm Elastic Trellis Net with 4 Hooks Trellis Net for Climbing Plants Vegetables Fruits and Flowers","2","amazon.co.uk","Amazon","LEICESTER","Leics","LE4 9","MarketplaceFacilitator","28.32","5.66","0","0","0","0","0","0","-5.66","-5.10","-4.91","-0.20","0","18.11","Deferred",
"14 May 2026 07:58:56 UTC","27033762562","Refund","206-7005534-5569142","306101S-8-UK","VIVOSUN Inline Duct Fan 8 Inch 740 CFM with Variable Speed Control for Grow Tent, Ventilation, Plant Tent, Indoor, Garden, Ventilation Fan, Z8 Pipe Fa","1","amazon.co.uk","Amazon","LYNE","","KT16 0","","-39.85","-7.97","0","0","0","0","0","0","0","5.74","0","0","0","-42.08","Released","14 May 2026 07:58:56 UTC"
"14 May 2026 08:56:26 UTC","27033762562","Order","204-3336822-8477126","330101CNJ-UK-FBM","VIVOSUN Seedling Heat Mat with Digital Thermostat 10""X20.75"", UL & MET Certified, Fast Heating, Waterproof Propagation Warming Mat for Germination, Ho","1","amazon.co.uk","Seller","NESTON","Merseyside","CH64 0","MarketplaceFacilitator","24.99","5.00","0","0","0","0","0","0","-5.00","-4.50","0","-0.09","0","20.40","Deferred",
"14 May 2026 09:35:50 UTC","27033762562","Order","206-4180489-9323526","332022-2-UK","VIVOSUN 2-Pack 30X 60X Illuminated Jewelers Loupe Foldable Magnifier with LED Light for Jewelry Gems Watches Coins Stamps Antiques Black","1","amazon.co.uk","Amazon","RHYL","Denbighshire","LL18 4","MarketplaceFacilitator","7.39","1.48","0","0","0","0","0","0","-1.48","-1.33","-2.74","-0.08","0","3.24","Deferred",
"14 May 2026 10:37:28 UTC","27033762562","Refund","206-7005534-5569142","306101S-8-UK","VIVOSUN Inline Duct Fan 8 Inch 740 CFM with Variable Speed Control for Grow Tent, Ventilation, Plant Tent, Indoor, Garden, Ventilation Fan, Z8 Pipe Fa","1","amazon.co.uk","Amazon","LYNE","","KT16 0","","-39.85","-7.97","0","0","0","0","0","0","0","5.74","0","0","0","-42.08","Released","14 May 2026 10:37:28 UTC"
"14 May 2026 10:55:56 UTC","27033762562","Order","202-2967203-5625124","305131-PEN-UK-M","VIVOSUN Digital pH Meter, 0.01pH High Accuracy Pen Type pH Tester for Hydroponics, Household Drinking, Pool and Aquarium, UL Certified","1","amazon.co.uk","Seller","SHANKLIN","","PO37 6","MarketplaceFacilitator","8.29","1.66","0","0","0","0","0","0","-1.66","-1.49","0","-0.03","0","6.77","Deferred",
"14 May 2026 14:26:46 UTC","27033762562","Order","206-6106573-2465905","VSH-IS02-UK","VIVOSUN Professional Automatic Drip Irrigation Kits, 15W Output, All in One Professional Grow Kit- Includes Pump, Timer and Regulator, 8 Drip Emitters","1","amazon.co.uk","Amazon","LISBURN","","BT27 4","MarketplaceFacilitator","36.12","7.22","0","0","0","0","0","0","-7.22","-6.50","-3.20","-0.19","0","26.23","Deferred",
"14 May 2026 15:01:13 UTC","27033762562","Delivery Services","202-2747899-9234755","","ReturnPostageBilling","","","","","","","","0","0","0","0","0","0","0","0","0","0","0","0","-2.79","-2.79","Released","14 May 2026 15:01:13 UTC"
"14 May 2026 15:02:07 UTC","27033762562","Order","203-5482907-0208366","VSV-AZT6E42A-UK","VIVOSUN Inline Duct Fan 6inch/150 mm & Temperature Humidity Controller E42A WiFi-App Control, Quiet Extractor Fan 693 m³/h with EC Motor, Grow Tent F","1","amazon.co.uk","Amazon","COALVILLE","","LE67 5","MarketplaceFacilitator","94.20","18.84","0","0","0","0","0","0","-18.84","-16.96","-3.61","-0.41","0","73.22","Deferred",
"14 May 2026 15:55:45 UTC","27033762562","Order","203-7151170-9820359","306201PVC-4-UK","VIVOSUN Inline Duct Fan 4 Inch 190 CFM with Speed Controller, 4 Inch Carbon Filter and 8 Feet of Ducting, Temperature Humidity Monitor for Grow Tent,","1","amazon.co.uk","Seller","GUNNISLAKE","","PL18 9","MarketplaceFacilitator","64.99","13.00","0","0","0","0","0","0","-13.00","-11.70","0","-0.23","0","53.06","Deferred",
"14 May 2026 15:55:50 UTC","27033762562","Order","203-8229266-0767519","306201PVC-6-UK","VIVOSUN Inline Duct Fan 6 Inch 390 CFM with Speed Controller, 6 Inch Carbon Filter and 8 Feet of Ducting, Temperature Humidity Monitor for Grow Tent,","1","amazon.co.uk","Seller","TWICKENHAM","","TW1 4","MarketplaceFacilitator","94.99","19.00","0","0","0","0","0","0","-19.00","-17.10","0","-0.34","0","77.55","Deferred",
"14 May 2026 16:27:42 UTC","27033762562","Order","204-8613762-1705105","311003-5-UK","VIVOSUN Gardening Scissors 6.5 Inch Hand Pruner Shear with Titanium Coated Blades, Pruning Shear for Plants, Flowers, Hedges 1-Pack Blue","1","amazon.co.uk","Amazon","Hamilton","South Lanarkshire","ML3 9","MarketplaceFacilitator","6.66","1.33","0","0","0","0","0","0","-1.33","-1.20","-1.70","-0.05","0","3.71","Deferred",
"14 May 2026 16:29:55 UTC","27033762562","Order","203-3145625-0661904","311001-3x5-UK-N","VIVOSUN Grow Bags 5 Pack 12L, Heavy Duty Thickened Nonwoven Fabric Pots with Strong Handles for Vegetables, Flowers, Fruits, Greenhouse and Garden","1","amazon.co.uk","Amazon","Edinburgh","","EH10 6","MarketplaceFacilitator","11.32","2.27","0","0","0","0","0","0","-2.27","-2.04","-3.20","-0.10","0","5.98","Deferred",
"14 May 2026 16:37:00 UTC","27033762562","Order","202-5015016-5698717","311003-5-UK","VIVOSUN Gardening Scissors 6.5 Inch Hand Pruner Shear with Titanium Coated Blades, Pruning Shear for Plants, Flowers, Hedges 1-Pack Blue","1","amazon.co.uk","Amazon","CARLISLE","","CA6 4","MarketplaceFacilitator","6.66","1.33","0","0","0","0","0","0","-1.33","-1.20","-1.70","-0.05","0","3.71","Deferred",
"14 May 2026 17:28:34 UTC","27033762562","Refund","202-2747899-9234755","VSGB-10-UK-FBM","VIVOSUN Grow Bags 5-Pack 40L, 500G Thick Nonwoven Fabric Pots with Strap Handles, Multi-Purpose Rings, for Low Stress Plant Training Fruits, Vegetable","1","amazon.co.uk","Seller","RADLETT","","WD7 8","MarketplaceFacilitator","-16.83","-3.37","0","0","0","0","0","0","3.37","2.42","0","0.06","0","-14.35","Released","14 May 2026 17:28:34 UTC"
"14 May 2026 18:03:24 UTC","27033762562","Order","204-7589379-9297931","VSGB-15-UK-FBM","VIVOSUN Grow Bags 5-Pack 60L, 500G Thick Nonwoven Fabric Pots with Strap Handles, Multi-Purpose Rings, for Low Stress Plant Training Fruits, Vegetable","1","amazon.co.uk","Seller","SOUTHAMPTON","Hampshire","SO32 3","MarketplaceFacilitator","20.82","4.17","0","0","0","0","0","0","-4.17","-3.75","0","-0.08","0","16.99","Deferred",
"14 May 2026 18:41:06 UTC","27033762562","Order","202-7709591-0089156","330101CNJ-UK-FBM","VIVOSUN Seedling Heat Mat with Digital Thermostat 10""X20.75"", UL & MET Certified, Fast Heating, Waterproof Propagation Warming Mat for Germination, Ho","1","amazon.co.uk","Seller","TREORCHY","RCT","CF42 6","MarketplaceFacilitator","24.99","5.00","0","0","0","0","0","0","-5.00","-4.50","0","-0.09","0","20.40","Deferred",
"14 May 2026 18:52:27 UTC","27033762562","Order","202-0106111-0687555","306201PVC-4-UK","VIVOSUN Inline Duct Fan 4 Inch 190 CFM with Speed Controller, 4 Inch Carbon Filter and 8 Feet of Ducting, Temperature Humidity Monitor for Grow Tent,","1","amazon.co.uk","Seller","DUNMOW","","CM6 1","MarketplaceFacilitator","64.99","13.00","0","0","0","0","0","0","-13.00","-11.70","0","-0.23","0","53.06","Deferred",
"14 May 2026 19:06:59 UTC","27033762562","Order","205-5494560-3558767","306143-0412-UK-N","VIVOSUN 4 Inch Air Carbon Filter Odor Control with Australia Virgin Charcoal for Inline Fan, Grow Tent Odor Scrubber Indoor Hydroponics, Pre-filter In","1","amazon.co.uk","Amazon","GAINSBOROUGH","lincolnshire","DN21 3","MarketplaceFacilitator","32.57","6.52","0","0","0","0","0","0","-6.52","-5.86","-3.39","-0.19","0","23.13","Deferred",
"14 May 2026 19:11:49 UTC","27033762562","Order","202-5375390-7939545","311003-5-UK","VIVOSUN Gardening Scissors 6.5 Inch Hand Pruner Shear with Titanium Coated Blades, Pruning Shear for Plants, Flowers, Hedges 1-Pack Blue","1","amazon.co.uk","Amazon","LONDON","","E2 9","MarketplaceFacilitator","6.66","1.33","0","0","0","0","0","0","-1.33","-1.20","-1.70","-0.05","0","3.71","Deferred",
"14 May 2026 19:43:14 UTC","27033762562","Order","026-6764166-0689111","VSF-AWD4-UK","VIVOSUN AeroWave D4, 4"" Grow Tent Clip Fan with Detachable Hook, 3-Speed Strong & Quiet Airflow, Adjustable Airflow Angle for Hydroponics, Circulation","1","amazon.co.uk","Seller","HORSHAM","","RH12 4","MarketplaceFacilitator","16.66","3.33","0","0","0","0","0","0","-3.33","-3.00","0","-0.06","0","13.60","Deferred",
"14 May 2026 19:48:36 UTC","27033762562","Order","202-5931950-4561903","330701-01-UK","VIVOSUN Garden Netting 5 x 15ft. Plant Trellis Netting, Heavy-Duty Polyester Grow Net, Garden Trellis Netting with Square Mesh for Climbing Plants, Ve","1","amazon.co.uk","Amazon","Treorchy","Rhondda Cynon Taff","CF42 6","MarketplaceFacilitator","5.99","1.20","0","0","0","0","0","0","-1.20","-1.08","-1.70","-0.05","0","3.16","Deferred",
"14 May 2026 20:06:15 UTC","27033762562","Order","202-2797129-4834732","VS-THB1-UK","VIVOSUN AeroLab THB1 Wireless Bluetooth Hygrometer Thermometer Indoor, Smart Temperature Monitor, VPD, Digital Humidity Meter, LCD Remote Control & Al","1","amazon.co.uk","Amazon","Neath","West Glamorgan","SA11 2","MarketplaceFacilitator","10.66","2.13","0","0","0","0","0","0","-2.13","-1.66","-2.46","-0.08","0","6.46","Deferred",
"14 May 2026 20:13:08 UTC","27033762562","Order","202-7990678-1689925","311003-5-UK","VIVOSUN Gardening Scissors 6.5 Inch Hand Pruner Shear with Titanium Coated Blades, Pruning Shear for Plants, Flowers, Hedges 1-Pack Blue","1","amazon.co.uk","Amazon","DOVER","","CT15 6","MarketplaceFacilitator","6.66","1.33","0","0","0","0","0","0","-1.33","-1.20","-1.70","-0.05","0","3.71","Deferred",
"14 May 2026 20:18:58 UTC","27033762562","Order","204-4057894-0241157","305131-PEN-UK-M","VIVOSUN Digital pH Meter, 0.01pH High Accuracy Pen Type pH Tester for Hydroponics, Household Drinking, Pool and Aquarium, UL Certified","1","amazon.co.uk","Seller","DERBY","","DE1 3","MarketplaceFacilitator","8.29","1.66","0","0","0","0","0","0","-1.66","-1.49","0","-0.03","0","6.77","Deferred",
"14 May 2026 20:38:26 UTC","27033762562","Order","205-2607975-6739516","305140-PEN-UK","VIVOSUN Digital pH and TDS Meter Kits, 0.01pH High Accuracy Pen Type pH Meter ± 2% Readout Accuracy 3-in-1 TDS EC Temperature Meter for Hydroponics,","1","amazon.co.uk","Seller","Acton, london","","W3 8","MarketplaceFacilitator","17.49","3.50","0","0","0","0","0","0","-3.50","-3.15","0","-0.06","0","14.28","Deferred",
"14 May 2026 20:38:27 UTC","27033762562","Order","202-7096910-0023515","332021-2-UK-FBM","VIVOSUN 2-Pack 30X 60X Illuminated Jewelers Loupe Foldable Magnifier with LED Light for Jewelry Gems Watches Coins Stamps Antiques White","1","amazon.co.uk","Seller","SAWBRIDGEWORTH","","CM21 9","MarketplaceFacilitator","8.22","1.65","0","0","0","0","0","0","-1.65","-1.48","0","-0.03","0","6.71","Deferred",
"14 May 2026 20:38:55 UTC","27033762562","Order","202-0026160-9066717","306201PVC-4-UK","VIVOSUN Inline Duct Fan 4 Inch 190 CFM with Speed Controller, 4 Inch Carbon Filter and 8 Feet of Ducting, Temperature Humidity Monitor for Grow Tent,","1","amazon.co.uk","Seller","Waltham Abbey","","EN91","MarketplaceFacilitator","64.99","13.00","0","0","0","0","0","0","-13.00","-11.70","0","-0.23","0","53.06","Deferred",
"14 May 2026 21:39:55 UTC","27033762562","Order","204-3664245-9433169","VSF-AWD4W-UK","VIVOSUN AeroWave D4, 4"" Grow Tent Clip Fan with Detachable Hook, 3-Speed Strong & Quiet Airflow, Adjustable Airflow Angle for Hydroponics, Circulation","1","amazon.co.uk","Seller","BADWELL ASH","","IP31 3","MarketplaceFacilitator","15.82","3.17","0","0","0","0","0","0","-3.17","-2.85","0","-0.06","0","12.91","Deferred",
"14 May 2026 21:50:07 UTC","27033762562","Order","204-0142896-1172317","VSH-IS02-UK","VIVOSUN Professional Automatic Drip Irrigation Kits, 15W Output, All in One Professional Grow Kit- Includes Pump, Timer and Regulator, 8 Drip Emitters","1","amazon.co.uk","Amazon","Sheffield","South Yorkshire","S137","MarketplaceFacilitator","36.12","7.22","0","0","0","0","0","0","-7.22","-6.50","-3.20","-0.19","0","26.23","Deferred",
"14 May 2026 22:16:47 UTC","27033762562","Order","204-9343404-7652345","VSF-AWD4x2-UK-M","VIVOSUN AeroWave D4, 4"" Grow Tent Clip Fan with Detachable Hook, 3-Speed Strong & Quiet Airflow, Adjustable Airflow Angle for Hydroponics, Circulation","1","amazon.co.uk","Seller","WARE","","SG11 1","","35.99","0","0","0","0","0","0","0","0","-5.40","0","-0.11","0","30.48","Deferred",
"14 May 2026 22:16:47 UTC","27033762562","Order","204-9343404-7652345","VSGB-3-UK-FBM","VIVOSUN 5-Pack 12L Grow Bags Heavy Duty 500G Thickened Nonwoven Plant Fabric Pots with Handles for Vegetables, Flowers, Fruits, Greenhouse and Garden","2","amazon.co.uk","Seller","WARE","","SG11 1","","22.58","0","0","0","0","0","0","0","0","-3.38","0","-0.07","0","19.13","Deferred",
"14 May 2026 22:16:47 UTC","27033762562","Order","204-9343404-7652345","304113-P558-UK-FBM","VIVOSUN PRO Grow Tent 150x150x200 CM (60""x60""x80"") with Thick 1 inch Poles Strengthened High Reflective Mylar Oxford Fabric Extra Hanging Bars & CFM K","1","amazon.co.uk","Seller","WARE","","SG11 1","","229.99","0","0","0","0","0","-69.00","0","0","-24.15","0","-0.48","0","136.36","Deferred",
"14 May 2026 22:28:30 UTC","27033762562","Order","206-4235252-1888350","VSGB-15-UK-FBM","VIVOSUN Grow Bags 5-Pack 60L, 500G Thick Nonwoven Fabric Pots with Strap Handles, Multi-Purpose Rings, for Low Stress Plant Training Fruits, Vegetable","1","amazon.co.uk","Seller","WITNEY","","OX29 4","MarketplaceFacilitator","20.82","4.17","0","0","0","0","0","0","-4.17","-3.75","0","-0.08","0","16.99","Deferred",
"14 May 2026 23:05:31 UTC","27033762562","Order","203-8748341-3783533","VSV-AZT4-UK","VIVOSUN AeroZesh T4 Inline Duct Fan 4inch/100 mm Extractor Fan 357 m³/h with E12 Speed Controller and Fully Programmable PWM-Controlled EC Quiet Vent","1","amazon.co.uk","Amazon","Liverpool","Liverpool","L4 2","MarketplaceFacilitator","58.32","11.67","1.87","0.38","0","0","-1.87","-0.38","-11.67","-10.50","-3.42","-0.28","0","44.12","Deferred",
"14 May 2026 23:06:06 UTC","27033762562","Order","206-9387898-3292354","VSV-AZG6-UK","VIVOSUN AeroZesh G6 Inline Duct Fan 6inch/150 mm Extractor Fan 660 m³/h with E12 Speed Controller and Entirely Programmable PWM-Controlled EC Fan for","1","amazon.co.uk","Amazon","BLANDFORD FORUM","","DT11 0","MarketplaceFacilitator","58.32","11.67","3.74","0.75","0","0","-3.74","-0.75","-11.67","-10.50","-3.43","-0.28","0","44.11","Deferred",
"14 May 2026 23:39:33 UTC","27033762562","Order","202-2867780-3967542","311003-5-UK","VIVOSUN Gardening Scissors 6.5 Inch Hand Pruner Shear with Titanium Coated Blades, Pruning Shear for Plants, Flowers, Hedges 1-Pack Blue","1","amazon.co.uk","Amazon","STAFFORD","Staffs","ST18 0","MarketplaceFacilitator","6.66","1.33","0","0","0","0","0","0","-1.33","-1.20","-1.70","-0.05","0","3.71","Deferred",
"14 May 2026 23:49:34 UTC","27033762562","Order","026-9476137-9875567","VSGB-25-UK-FBM","VIVOSUN Grow Bags 5-Pack 95L, 500G Thick Nonwoven Fabric Pots with Strap Handles, Multi-Purpose Rings, for Low Stress Plant Training Fruits, Vegetable","1","amazon.co.uk","Seller","ILFORD","","IG3 9","MarketplaceFacilitator","29.99","6.00","0","0","0","0","0","0","-6.00","-5.40","0","-0.11","0","24.48","Deferred",
"14 May 2026 23:50:17 UTC","27033762562","Order","203-9537574-9062709","306143-0820-UK","VIVOSUN 8 Inch Air Carbon Filter Smelliness Control with Australia Virgin Charcoal for Inline Duct Fan, Grow Tent,Pre-Filter Included, Reversible Flan","1","amazon.co.uk","Amazon","LEEDS","west yorkshire","LS13 2","MarketplaceFacilitator","63.32","12.67","0","0","0","0","0","0","-12.67","-11.40","-5.94","-0.35","0","45.63","Deferred",
"15 May 2026 00:09:54 UTC","27033762562","Order","204-1798585-7540305","330701-01-UK","VIVOSUN Garden Netting 5 x 15ft. Plant Trellis Netting, Heavy-Duty Polyester Grow Net, Garden Trellis Netting with Square Mesh for Climbing Plants, Ve","1","amazon.co.uk","Amazon","CULLOMPTON","","EX15 2","MarketplaceFacilitator","5.99","1.20","0","0","0","0","0","0","-1.20","-1.08","-1.70","-0.05","0","3.16","Deferred",
"15 May 2026 00:15:13 UTC","27033762562","Order","026-1069106-4037926","311003-5-UK","VIVOSUN Gardening Scissors 6.5 Inch Hand Pruner Shear with Titanium Coated Blades, Pruning Shear for Plants, Flowers, Hedges 1-Pack Blue","1","amazon.co.uk","Amazon","BEXLEYHEATH","","DA6 7","MarketplaceFacilitator","6.66","1.33","0","0","0","0","0","0","-1.33","-1.20","-1.70","-0.05","0","3.71","Deferred",
"15 May 2026 00:36:21 UTC","27033762562","Order","026-4048267-2890745","305132-PEN-UK","VIVOSUN TDS Tester 3-in-1 TDS EC & Temperature Meter Ultrahigh Accuracy Digital Water Quality TDS Tester, for Drinking Water, Gardening, Aquariums, Bl","1","amazon.co.uk","Amazon","Doncaster","South Yorkshire","DN7 4","MarketplaceFacilitator","5.92","1.19","0","0","0","0","0","0","-1.19","-1.07","-2.56","-0.07","0","2.22","Deferred",
"15 May 2026 00:39:02 UTC","27033762562","Order","205-9507989-0907552","VSV-AZG6E42A-UK","VIVOSUN AeroZesh G6 Inline Duct Fan 6inch/150 mm Quiet Extractor Fan 660 m³/h with EC Motor and GrowHub E42A WiFi Controller for Growbox, Cooling, Bo","1","amazon.co.uk","Amazon","WIRRAL","","CH49 9","MarketplaceFacilitator","73.62","14.72","3.74","0.75","0","0","-3.74","-0.75","-14.72","-13.25","-3.43","-0.34","0","56.60","Deferred",
"15 May 2026 00:42:25 UTC","27033762562","Order","202-9244830-4437912","VS-THB1-UK","VIVOSUN AeroLab THB1 Wireless Bluetooth Hygrometer Thermometer Indoor, Smart Temperature Monitor, VPD, Digital Humidity Meter, LCD Remote Control & Al","1","amazon.co.uk","Amazon","Redditch","Worcestershire","B97 5","MarketplaceFacilitator","10.66","2.13","0","0","0","0","0","0","-2.13","-1.66","-2.46","-0.08","0","6.46","Deferred",
"15 May 2026 00:45:30 UTC","27033762562","Order","204-1433986-3367545","311003-5-UK","VIVOSUN Gardening Scissors 6.5 Inch Hand Pruner Shear with Titanium Coated Blades, Pruning Shear for Plants, Flowers, Hedges 1-Pack Blue","1","amazon.co.uk","Amazon","London","","E16 2","MarketplaceFacilitator","6.66","1.33","0","0","0","0","0","0","-1.33","-1.20","-1.70","-0.05","0","3.71","Deferred",
"15 May 2026 00:49:59 UTC","27033762562","Order","205-0718721-2643528","332022-2-UK","VIVOSUN 2-Pack 30X 60X Illuminated Jewelers Loupe Foldable Magnifier with LED Light for Jewelry Gems Watches Coins Stamps Antiques Black","1","amazon.co.uk","Amazon","Leatherhead","Surrey","KT24 5","MarketplaceFacilitator","7.39","1.48","0","0","0","0","0","0","-1.48","-1.33","-2.74","-0.08","0","3.24","Deferred",
"15 May 2026 01:07:58 UTC","27033762562","Order","203-8091522-7235549","VSF-AWD4x2-UK-M","VIVOSUN AeroWave D4, 4"" Grow Tent Clip Fan with Detachable Hook, 3-Speed Strong & Quiet Airflow, Adjustable Airflow Angle for Hydroponics, Circulation","1","amazon.co.uk","Seller","BRIDLINGTON","","YO16 4","MarketplaceFacilitator","29.99","6.00","0","0","0","0","0","0","-6.00","-5.40","0","-0.11","0","24.48","Deferred",
"15 May 2026 01:21:45 UTC","27033762562","Order","205-2269764-3716352","311003-5-UK","VIVOSUN Gardening Scissors 6.5 Inch Hand Pruner Shear with Titanium Coated Blades, Pruning Shear for Plants, Flowers, Hedges 1-Pack Blue","1","amazon.co.uk","Amazon","SHEFFIELD","","S6 1","MarketplaceFacilitator","6.66","1.33","0","0","0","0","0","0","-1.33","-1.20","-1.70","-0.05","0","3.71","Deferred",
"15 May 2026 01:38:21 UTC","27033762562","Order","206-1435529-9145969","330701-01-UK","VIVOSUN Garden Netting 5 x 15ft. Plant Trellis Netting, Heavy-Duty Polyester Grow Net, Garden Trellis Netting with Square Mesh for Climbing Plants, Ve","1","amazon.co.uk","Amazon","HASSOCKS","","BN6 8","MarketplaceFacilitator","5.99","1.20","0","0","0","0","0","0","-1.20","-1.08","-1.70","-0.05","0","3.16","Deferred",
"15 May 2026 04:14:16 UTC","27033762562","Order","203-8228901-8381129","311003-5-UK","VIVOSUN Gardening Scissors 6.5 Inch Hand Pruner Shear with Titanium Coated Blades, Pruning Shear for Plants, Flowers, Hedges 1-Pack Blue","1","amazon.co.uk","Amazon","LUTON","","LU4 9","MarketplaceFacilitator","6.66","1.33","0","0","0","0","0","0","-1.33","-1.20","-1.70","-0.05","0","3.71","Deferred",
"15 May 2026 04:50:25 UTC","27033762562","Order","205-9019128-0891501","332022-2-UK","VIVOSUN 2-Pack 30X 60X Illuminated Jewelers Loupe Foldable Magnifier with LED Light for Jewelry Gems Watches Coins Stamps Antiques Black","1","amazon.co.uk","Amazon","CHIPPENHAM","Wilts","SN15 1","MarketplaceFacilitator","7.39","1.48","4.16","0.83","0","0","0","0","-2.31","-1.33","-6.90","-0.16","0","3.16","Deferred",
"15 May 2026 05:55:27 UTC","27033762562","Order","026-2154171-6045123","VSV-AZT4E42A-UK","VIVOSUN Inline Duct Fan 4 inch/100 mm with E42A WiFi-App Controller, Quiet Extractor Fan 357 m³/h with EC Motor Exhaust Fan for Heating, Cooling, Gre","1","amazon.co.uk","Amazon","BRIGHOUSE","","HD6 4","MarketplaceFacilitator","72.03","14.41","0","0","0","0","0","0","-14.41","-12.97","-3.59","-0.33","0","55.14","Deferred",
"15 May 2026 07:13:44 UTC","27033762562","Order","205-8960442-7969166","VSF-AWD4x2-UK-M","VIVOSUN AeroWave D4, 4"" Grow Tent Clip Fan with Detachable Hook, 3-Speed Strong & Quiet Airflow, Adjustable Airflow Angle for Hydroponics, Circulation","1","amazon.co.uk","Seller","Felixstowe","","IP11 9","MarketplaceFacilitator","29.99","6.00","0","0","0","0","0","0","-6.00","-5.40","0","-0.11","0","24.48","Deferred",
"15 May 2026 07:50:09 UTC","27033762562","Order","203-6527367-6657117","VSGB-5-UK-FBM","VIVOSUN Grow Bags 5-Pack 20L, 500G Thick Nonwoven Fabric Pots with Strap Handles, Multi-Purpose Rings, for Low Stress Plant Training Fruits, Vegetable","1","amazon.co.uk","Seller","GREAT YARMOUTH","","NR31 9","MarketplaceFacilitator","15.82","3.17","0","0","0","0","0","0","-3.17","-2.85","0","-0.06","0","12.91","Deferred",
"15 May 2026 10:13:41 UTC","27033762562","Order","204-0878515-2829948","VSI-FFD2-UK-FBM","VIVOSUN FlexFeed Drip Irrigation Kit, 4W Automatic Irrigation System with Pump & 4 Drip Emitters, App-Controllable Professional Plant Watering Drip Ki","4","amazon.co.uk","Seller","Crawley","","RH11 0","MarketplaceFacilitator","79.96","16.00","0","0","0","0","0","0","-16.00","-14.40","0","-0.29","0","65.27","Deferred",
"15 May 2026 10:13:41 UTC","27033762562","Order","204-0878515-2829948","VSGB-3-UK-FBM","VIVOSUN 5-Pack 12L Grow Bags Heavy Duty 500G Thickened Nonwoven Plant Fabric Pots with Handles for Vegetables, Flowers, Fruits, Greenhouse and Garden","1","amazon.co.uk","Seller","Crawley","","RH11 0","MarketplaceFacilitator","9.41","1.88","0","0","0","0","0","0","-1.88","-1.69","0","-0.03","0","7.69","Deferred",
"15 May 2026 10:14:54 UTC","27033762562","Order","204-3270122-0237925","VSGB-10-UK-FBM","VIVOSUN Grow Bags 5-Pack 40L, 500G Thick Nonwoven Fabric Pots with Strap Handles, Multi-Purpose Rings, for Low Stress Plant Training Fruits, Vegetable","1","amazon.co.uk","Seller","Norwich","Norfolk","NR14 6","MarketplaceFacilitator","19.16","3.83","0","0","0","0","0","0","-3.83","-3.45","0","-0.07","0","15.64","Deferred",
"15 May 2026 11:03:02 UTC","27033762562","Refund","203-0069807-5521102","311001-3x5-UK-N","VIVOSUN Grow Bags 5 Pack 12L, Heavy Duty Thickened Nonwoven Fabric Pots with Strong Handles for Vegetables, Flowers, Fruits, Greenhouse and Garden","1","amazon.co.uk","Amazon","SWINDON","","SN2 2","MarketplaceFacilitator","-11.32","-2.27","0","0","0","0","0","0","2.27","1.63","0","0.04","0","-9.65","Deferred",
"15 May 2026 11:07:36 UTC","27033762562","Order","206-3650668-9572316","311001-15x5-UK-FBM","VIVOSUN Plant Grow Bags 5 Pack 60L, Heavy Duty Thickened Nonwoven Fabric Pots with Strong Handles, Reusable Breathable Garden Growing Containers for V","1","amazon.co.uk","Seller","South Queensferry","Midlothian","EH30 9","MarketplaceFacilitator","19.99","4.00","0","0","0","0","0","0","-4.00","-3.60","0","-0.07","0","16.32","Deferred",
"15 May 2026 11:37:53 UTC","27033762562","Order","202-0728024-7407525","311003-5-UK","VIVOSUN Gardening Scissors 6.5 Inch Hand Pruner Shear with Titanium Coated Blades, Pruning Shear for Plants, Flowers, Hedges 1-Pack Blue","1","amazon.co.uk","Amazon","BISHOPSTOKE","","SO50 6","MarketplaceFacilitator","6.66","1.33","0.33","0.07","0","0","-0.33","-0.07","-1.33","-1.20","-1.70","-0.05","0","3.71","Deferred",
"15 May 2026 12:06:41 UTC","27033762562","Refund","203-5114393-0335561","306143-0412-UK-N","VIVOSUN 4 Inch Air Carbon Filter Odor Control with Australia Virgin Charcoal for Inline Fan, Grow Tent Odor Scrubber Indoor Hydroponics, Pre-filter In","1","amazon.co.uk","Amazon","WOLVERHAMPTON","Staffordshire","WV3 8","MarketplaceFacilitator","-32.57","-6.52","0","0","0","0","0","0","6.52","4.69","0","0.12","0","-27.76","Deferred",
"15 May 2026 12:17:34 UTC","27033762562","Order","205-4457357-5203523","330701-01-UK","VIVOSUN Garden Netting 5 x 15ft. Plant Trellis Netting, Heavy-Duty Polyester Grow Net, Garden Trellis Netting with Square Mesh for Climbing Plants, Ve","1","amazon.co.uk","Amazon","AYR","","KA8 9","MarketplaceFacilitator","5.99","1.20","0","0","0","0","0","0","-1.20","-1.08","-1.70","-0.05","0","3.16","Deferred",
"15 May 2026 13:04:47 UTC","27033762562","Order","202-9892736-2412367","311003-5-UK","VIVOSUN Gardening Scissors 6.5 Inch Hand Pruner Shear with Titanium Coated Blades, Pruning Shear for Plants, Flowers, Hedges 1-Pack Blue","1","amazon.co.uk","Amazon","LONDON","","N1 5","MarketplaceFacilitator","6.66","1.33","0.27","0.06","0","0","-0.27","-0.06","-1.33","-1.20","-1.70","-0.05","0","3.71","Deferred",
"15 May 2026 13:08:06 UTC","27033762562","Refund","203-5293917-5510734","305140-PEN-UK","VIVOSUN Digital pH and TDS Meter Kits, 0.01pH High Accuracy Pen Type pH Meter ± 2% Readout Accuracy 3-in-1 TDS EC Temperature Meter for Hydroponics,","1","amazon.co.uk","Seller","WOLVERHAMPTON","Staffordshire","WV3 8","MarketplaceFacilitator","-17.49","-3.50","0","0","0","0","0","0","3.50","2.52","0","0.06","0","-14.91","Deferred",
"15 May 2026 13:19:53 UTC","27033762562","Order","026-8652544-3888342","304113-44-UK-FBM","VIVOSUN Grow Tent 120x120x200 cm (48""x48""x80""), Made of Highly Reflective Mylar, with Viewing Window and Base Tray for Hydroponics and Indoor Growing,","1","amazon.co.uk","Seller","LOCHGELLY","Fife","KY5 8","MarketplaceFacilitator","86.92","17.38","0","0","0","0","0","0","-17.38","-15.65","0","-0.31","0","70.96","Deferred",
"15 May 2026 13:40:53 UTC","27033762562","Order","206-9626770-1671561","306109-48C-UK","VIVOSUN 4 Inch Aluminum Foil Ducting, 8FT Long Heavy-Duty Dryer Hose Vent Kit, Black Flexible Air Duct with 2 Clamps","1","amazon.co.uk","Seller","BRISTOL","","BS3 2","MarketplaceFacilitator","13.45","2.69","0","0","0","0","0","0","-2.69","-2.10","0","-0.04","0","11.31","Deferred",
"15 May 2026 13:47:49 UTC","27033762562","Order","202-0752470-5601169","330701-01-UK","VIVOSUN Garden Netting 5 x 15ft. Plant Trellis Netting, Heavy-Duty Polyester Grow Net, Garden Trellis Netting with Square Mesh for Climbing Plants, Ve","1","amazon.co.uk","Amazon","YATELEY","","GU46 7","MarketplaceFacilitator","5.99","1.20","0","0","0","0","0","0","-1.20","-1.08","-1.70","-0.05","0","3.16","Deferred",
"15 May 2026 14:04:17 UTC","27033762562","Order","205-9182867-7668333","305131-PEN-UK-M","VIVOSUN Digital pH Meter, 0.01pH High Accuracy Pen Type pH Tester for Hydroponics, Household Drinking, Pool and Aquarium, UL Certified","1","amazon.co.uk","Seller","ROCHESTER","Kent","ME1 2","MarketplaceFacilitator","8.29","1.66","0","0","0","0","0","0","-1.66","-1.49","0","-0.03","0","6.77","Deferred",
"15 May 2026 14:25:51 UTC","27033762562","Order","206-7887318-0570743","VSF-AWD4-UK","VIVOSUN AeroWave D4, 4"" Grow Tent Clip Fan with Detachable Hook, 3-Speed Strong & Quiet Airflow, Adjustable Airflow Angle for Hydroponics, Circulation","1","amazon.co.uk","Seller","CHESTER","","CH4 9","MarketplaceFacilitator","16.66","3.33","0","0","0","0","0","0","-3.33","-3.00","0","-0.06","0","13.60","Deferred",
"15 May 2026 14:34:08 UTC","27033762562","Order","203-1813854-6977949","305131-PEN-UK-M","VIVOSUN Digital pH Meter, 0.01pH High Accuracy Pen Type pH Tester for Hydroponics, Household Drinking, Pool and Aquarium, UL Certified","1","amazon.co.uk","Seller","Manchester","Cheshire","SK8 3","MarketplaceFacilitator","8.29","1.66","0","0","0","0","0","0","-1.66","-1.49","0","-0.03","0","6.77","Deferred",
"15 May 2026 14:38:02 UTC","27033762562","Order","203-3864868-3704348","305131-PEN-UK-M","VIVOSUN Digital pH Meter, 0.01pH High Accuracy Pen Type pH Tester for Hydroponics, Household Drinking, Pool and Aquarium, UL Certified","1","amazon.co.uk","Seller","Manchester","Cheshire","SK8 3","MarketplaceFacilitator","8.29","1.66","0","0","0","0","0","0","-1.66","-1.49","0","-0.03","0","6.77","Deferred",
"15 May 2026 15:17:18 UTC","27033762562","Order","205-9009394-8605155","VSF-AWE6G-UK-FBM","VIVOSUN Grow Fan with Clip, 15 cm/6 Inch Grow Tent Fan, 10 Speeds Smart App Control, IP54 with Automatic Oscillation AeroWave E6 for Grow Tent, Green","1","amazon.co.uk","Seller","Worthing","West Sussex","BN12 6","MarketplaceFacilitator","24.06","4.81","0","0","0","0","0","0","-4.81","-4.33","0","-0.09","0","19.64","Deferred",
"15 May 2026 15:44:32 UTC","27033762562","Order","203-7391264-2742737","GH-E25-UK-FBM","VIVOSUN GrowHub Controller E25 for Grow Tent Cooling Ventilation Lighting, Supports Smart Grow System Devices, Expansion Port for E42/E42A WiFi & App","1","amazon.co.uk","Seller","HOLYHEAD","","LL65 2","MarketplaceFacilitator","21.66","4.33","0","0","0","0","0","0","-4.33","-3.90","0","-0.08","0","17.68","Deferred",
"15 May 2026 16:28:14 UTC","27033762562","Order","203-9946557-2018732","306201PVC-4-UK","VIVOSUN Inline Duct Fan 4 Inch 190 CFM with Speed Controller, 4 Inch Carbon Filter and 8 Feet of Ducting, Temperature Humidity Monitor for Grow Tent,","2","amazon.co.uk","Seller","LEEDS","","LS26 0","MarketplaceFacilitator","129.98","26.00","0","0","0","0","0","0","-26.00","-23.40","0","-0.47","0","106.11","Deferred",
"15 May 2026 16:33:19 UTC","27033762562","Order","204-6752607-6357127","VSVC-AZG6E42A-UK","VIVOSUN PRO G6 Smart Air Filtration Kit, 15 cm AeroZesh G6 Duct Fan with GrowHub E42A, Carbon Filter & Air Duct, Cooling & Ventilation System for Grow","1","amazon.co.uk","Amazon","WARE","","SG11 1","MarketplaceFacilitator","153.32","30.67","0","0","0","0","0","0","-30.67","-27.60","-6.49","-0.68","0","118.55","Deferred",
"15 May 2026 18:16:27 UTC","27033762562","Order","203-8971183-1089967","GT-Pole-UK-M","VIVOSUN Grow Tent High CFM Kit, Green Pole Range of 24""-48"", Suitable for 2'x2', 3'x3', 4'x2' and 4'x4'Grow Tent, 4-Pack","1","amazon.co.uk","Seller","PAISLEY","","PA1 1","MarketplaceFacilitator","28.32","5.67","0","0","0","0","0","0","-5.67","-5.10","0","-0.10","0","23.12","Deferred",
"15 May 2026 20:29:00 UTC","27033762562","Order","205-1121207-2383532","306201PVC-4-UK","VIVOSUN Inline Duct Fan 4 Inch 190 CFM with Speed Controller, 4 Inch Carbon Filter and 8 Feet of Ducting, Temperature Humidity Monitor for Grow Tent,","1","amazon.co.uk","Seller","BRISTOL","","BS31 3","MarketplaceFacilitator","64.99","13.00","0","0","0","0","0","0","-13.00","-11.70","0","-0.23","0","53.06","Deferred",
"15 May 2026 20:48:18 UTC","27033762562","Order","203-3772249-3185136","304113-42-UK","VIVOSUN Grow Tent 120x60x150 CM (48""x24""x60""), Made of Highly Reflective Mylar, with Viewing Window and Base Tray for Hydroponics and Indoor Growing,","1","amazon.co.uk","Amazon","Reading","","RG5 4","MarketplaceFacilitator","73.14","14.63","4.16","0.83","0","0","0","0","-15.46","-13.17","-16.71","-0.59","0","46.83","Deferred",
"15 May 2026 22:10:27 UTC","27033762562","Order","203-2301495-9763535","332022-2-UK","VIVOSUN 2-Pack 30X 60X Illuminated Jewelers Loupe Foldable Magnifier with LED Light for Jewelry Gems Watches Coins Stamps Antiques Black","1","amazon.co.uk","Amazon","NUNEATON","","CV10 0","MarketplaceFacilitator","7.39","1.48","0","0","0","0","0","0","-1.48","-1.33","-2.74","-0.08","0","3.24","Deferred",
