"request-date","order-id","order-source","order-type","order-status","last-updated-date","sku","fnsku","disposition","requested-quantity","cancelled-quantity","disposed-quantity","shipped-quantity","in-process-quantity","removal-fee","currency"
"2026-04-30T10:11:45-07:00","BQJDHPFWyM","Seller-configured Automated Unfulfillable Removal System","Return","Completed","2026-05-06T13:03:53-07:00","305130-PEN","X001CXZH71","Unsellable","1","0",,"1","0","0.84","USD"
"2026-04-30T10:11:45-07:00","BQJDHPFWyM","Seller-configured Automated Unfulfillable Removal System","Return","Completed","2026-05-06T13:03:53-07:00","311001-5x5NJ","X001F1MPD9","Unsellable","10","1",,"9","0","20.43","USD"
"2026-04-30T10:11:45-07:00","BQJDHPFWyM","Seller-configured Automated Unfulfillable Removal System","Return","Completed","2026-05-06T13:03:53-07:00","HR-0002A","X003WHI67X","Unsellable","1","1",,"0","0",,
"2026-04-30T10:11:45-07:00","BQJDHPFWyM","Seller-configured Automated Unfulfillable Removal System","Return","Completed","2026-05-06T13:03:53-07:00","HR-0000B","X003XOGWOJ","Unsellable","4","4",,"0","0",,
"2026-04-30T10:11:45-07:00","BQJDHPFWyM","Seller-configured Automated Unfulfillable Removal System","Return","Completed","2026-05-06T13:03:53-07:00","HR-0001B","X003XOJAP7","Unsellable","3","3",,"0","0",,
"2026-04-30T10:11:45-07:00","BQJDHPFWyM","Seller-configured Automated Unfulfillable Removal System","Return","Completed","2026-05-06T13:03:53-07:00","HR-0000J","X0042BCFMZ","Unsellable","1","1",,"0","0",,
"2026-04-30T10:11:45-07:00","BQJDHPFWyM","Seller-configured Automated Unfulfillable Removal System","Return","Completed","2026-05-06T13:03:53-07:00","HR-0002J","X0048EXVMT","Unsellable","1","1",,"0","0",,
"2026-04-30T10:11:45-07:00","BQJDHPFWyM","Seller-configured Automated Unfulfillable Removal System","Return","Completed","2026-05-06T13:03:53-07:00","HR-0001J","X0048F2XLX","Unsellable","1","1",,"0","0",,
"2026-04-30T10:11:45-07:00","BQJDHPFWyM","Seller-configured Automated Unfulfillable Removal System","Return","Completed","2026-05-06T13:03:53-07:00","VSS-SP-456L36","X004CJNU3Z","Unsellable","1","1",,"0","0",,
"2026-04-30T07:07:03-07:00","f+ftzfkZuC","Seller-configured Automated Unfulfillable Removal System","Liquidations","Completed","2026-05-08T15:54:27-07:00","305130-PEN","X001CXZH71","Unsellable","1","0",,"1","0","0.00","USD"
"2026-04-30T07:07:03-07:00","f+ftzfkZuC","Seller-configured Automated Unfulfillable Removal System","Liquidations","Completed","2026-05-08T15:54:27-07:00","311001-5x5NJ","X001F1MPD9","Unsellable","10","0",,"10","0","0.00","USD"
"2026-04-30T07:07:03-07:00","f+ftzfkZuC","Seller-configured Automated Unfulfillable Removal System","Liquidations","Completed","2026-05-08T15:54:27-07:00","HR-0002A","X003WHI67X","Unsellable","1","1",,"0","0",,
"2026-04-30T07:07:03-07:00","f+ftzfkZuC","Seller-configured Automated Unfulfillable Removal System","Liquidations","Completed","2026-05-08T15:54:27-07:00","HR-0000B","X003XOGWOJ","Unsellable","4","4",,"0","0",,
"2026-04-30T07:07:03-07:00","f+ftzfkZuC","Seller-configured Automated Unfulfillable Removal System","Liquidations","Completed","2026-05-08T15:54:27-07:00","HR-0001B","X003XOJAP7","Unsellable","3","3",,"0","0",,
"2026-04-30T07:07:03-07:00","f+ftzfkZuC","Seller-configured Automated Unfulfillable Removal System","Liquidations","Completed","2026-05-08T15:54:27-07:00","HR-0002J","X0048EXVMT","Unsellable","1","1",,"0","0",,
"2026-04-30T07:07:03-07:00","f+ftzfkZuC","Seller-configured Automated Unfulfillable Removal System","Liquidations","Completed","2026-05-08T15:54:27-07:00","HR-0001J","X0048F2XLX","Unsellable","1","1",,"0","0",,
"2026-04-30T07:07:03-07:00","f+ftzfkZuC","Seller-configured Automated Unfulfillable Removal System","Liquidations","Completed","2026-05-08T15:54:27-07:00","VSS-SP-456L36","X004CJNU3Z","Unsellable","1","1",,"0","0",,
"2026-04-29T16:03:02-07:00","7JAxPwWVut","Seller-configured Automated Unfulfillable Removal System","Return","Completed","2026-04-29T18:50:27-07:00","HR-0001B","X003XOJAP7","Unsellable","1","1",,"0","0",,
"2026-04-29T16:03:02-07:00","7JAxPwWVut","Seller-configured Automated Unfulfillable Removal System","Return","Completed","2026-04-29T18:50:27-07:00","HR-0001J","X0048F2XLX","Unsellable","1","1",,"0","0",,
"2026-04-29T14:03:34-07:00","m+Vn7+398f","Seller-configured Automated Unfulfillable Removal System","Liquidations","Completed","2026-05-13T05:37:22-07:00","306104-62C","X002A34RA5","Unsellable","1","1",,"0","0",,
"2026-04-29T14:03:34-07:00","m+Vn7+398f","Seller-configured Automated Unfulfillable Removal System","Liquidations","Completed","2026-05-13T05:37:22-07:00","306109-8C","X002AJM7K1","Unsellable","1","0",,"1","0","0.00","USD"
"2026-04-29T14:03:34-07:00","m+Vn7+398f","Seller-configured Automated Unfulfillable Removal System","Liquidations","Completed","2026-05-13T05:37:22-07:00","GAT-002","X003S2D4I3","Unsellable","1","1",,"0","0",,
"2026-04-29T14:03:34-07:00","m+Vn7+398f","Seller-configured Automated Unfulfillable Removal System","Liquidations","Completed","2026-05-13T05:37:22-07:00","SDP-002","X003SAOOZ7","Unsellable","1","1",,"0","0",,
"2026-04-29T14:03:34-07:00","m+Vn7+398f","Seller-configured Automated Unfulfillable Removal System","Liquidations","Completed","2026-05-13T05:37:22-07:00","HR-0002A","X003WHI67X","Unsellable","1","1",,"0","0",,
"2026-04-29T14:03:34-07:00","m+Vn7+398f","Seller-configured Automated Unfulfillable Removal System","Liquidations","Completed","2026-05-13T05:37:22-07:00","HR-0002B","X003XOJ0V1","Unsellable","1","1",,"0","0",,
"2026-04-29T14:03:34-07:00","m+Vn7+398f","Seller-configured Automated Unfulfillable Removal System","Liquidations","Completed","2026-05-13T05:37:22-07:00","HR-0001B","X003XOJAP7","Unsellable","2","2",,"0","0",,
"2026-04-29T14:03:34-07:00","m+Vn7+398f","Seller-configured Automated Unfulfillable Removal System","Liquidations","Completed","2026-05-13T05:37:22-07:00","HR-0001J","X0048F2XLX","Unsellable","1","1",,"0","0",,
"2026-04-29T14:03:34-07:00","m+Vn7+398f","Seller-configured Automated Unfulfillable Removal System","Liquidations","Completed","2026-05-13T05:37:22-07:00","VSS-SP-3456L40","X004CJOX95","Unsellable","1","1",,"0","0",,
"2026-04-29T14:03:34-07:00","m+Vn7+398f","Seller-configured Automated Unfulfillable Removal System","Liquidations","Completed","2026-05-13T05:37:22-07:00","VSVC-AZG4E42APR","X004R4V5PF","Unsellable","1","0",,"1","0","0.00","USD"
"2026-04-29T03:59:12-07:00","ql4NfcdLUA","Automated Stranded Removal System","Disposal","Completed","2026-05-04T13:58:29-07:00","Amazon.Found.B0DCFFQ66D","B0DCFFQ66D","Sellable","1","0","1",,"0","3.95","USD"
"2026-04-28T23:34:38-07:00","20260429","Seller-initiated Manual Removal","Disposal","Pending","2026-04-29T00:04:06-07:00","330101-01K","X000U6HQI9","Unsellable","8","0","8",,"0","6.56","CAD"
"2026-04-28T23:34:38-07:00","20260429","Seller-initiated Manual Removal","Disposal","Pending","2026-04-29T00:04:06-07:00","311001-3*5K","X000WAEDTD","Unsellable","1","0","1",,"0","0.82","CAD"
"2026-04-28T23:34:38-07:00","20260429","Seller-initiated Manual Removal","Disposal","Pending","2026-04-29T00:04:06-07:00","311001-15x5K","X000WAEDU7","Unsellable","3","0","3",,"0","11.55","CAD"
"2026-04-28T23:34:38-07:00","20260429","Seller-initiated Manual Removal","Disposal","Pending","2026-04-29T00:04:06-07:00","311001-10x5K","X000WAEDUH","Unsellable","1","0","1",,"0","1.62","CAD"
"2026-04-28T23:34:38-07:00","20260429","Seller-initiated Manual Removal","Disposal","Pending","2026-04-29T00:04:06-07:00","311001-7*5K","X000YNXMLX","Unsellable","1","1","0",,"0",,
"2026-04-28T23:34:38-07:00","20260429","Seller-initiated Manual Removal","Disposal","Pending","2026-04-29T00:04:06-07:00","311001-25x5K","X000YNXR27","Unsellable","1","0","1",,"0","3.85","CAD"
"2026-04-28T23:34:38-07:00","20260429","Seller-initiated Manual Removal","Disposal","Pending","2026-04-29T00:04:06-07:00","304113-44K","X00167E9EP","Unsellable","1","0","1",,"0","16.48","CAD"
"2026-04-28T23:34:38-07:00","20260429","Seller-initiated Manual Removal","Disposal","Pending","2026-04-29T00:04:06-07:00","331101-6K","X00168MM39","Unsellable","4","0","4",,"0","15.40","CAD"
"2026-04-28T23:34:38-07:00","20260429","Seller-initiated Manual Removal","Disposal","Pending","2026-04-29T00:04:06-07:00","304113-42K","X00169FR3P","Unsellable","1","0","1",,"0","9.58","CAD"
"2026-04-28T23:34:38-07:00","20260429","Seller-initiated Manual Removal","Disposal","Pending","2026-04-29T00:04:06-07:00","311001-30x5K","X0016G57GP","Unsellable","4","0","4",,"0","15.40","CAD"
"2026-04-28T23:34:38-07:00","20260429","Seller-initiated Manual Removal","Disposal","Pending","2026-04-29T00:04:06-07:00","311001-20x5K","X0016HFB8N","Unsellable","4","0","4",,"0","15.40","CAD"
"2026-04-28T23:34:38-07:00","20260429","Seller-initiated Manual Removal","Disposal","Pending","2026-04-29T00:04:06-07:00","330101x2K","X0016VM6S7","Unsellable","3","0","3",,"0","4.86","CAD"
"2026-04-28T23:34:38-07:00","20260429","Seller-initiated Manual Removal","Disposal","Pending","2026-04-29T00:04:06-07:00","330103K","X0016X79E1","Unsellable","2","0","2",,"0","6.06","CAD"
"2026-04-28T23:34:38-07:00","20260429","Seller-initiated Manual Removal","Disposal","Pending","2026-04-29T00:04:06-07:00","306104-6CK","X0018L0WB3","Unsellable","3","0","2",,"1","7.70","CAD"
"2026-04-28T23:34:38-07:00","20260429","Seller-initiated Manual Removal","Disposal","Pending","2026-04-29T00:04:06-07:00","311003-4K","X0018MEL55","Unsellable","1","0","1",,"0","0.36","CAD"
"2026-04-28T23:34:38-07:00","20260429","Seller-initiated Manual Removal","Disposal","Pending","2026-04-29T00:04:06-07:00","330702-02K","X001B8V3SJ","Unsellable","1","0","1",,"0","0.36","CAD"
"2026-04-28T23:34:38-07:00","20260429","Seller-initiated Manual Removal","Disposal","Pending","2026-04-29T00:04:06-07:00","311001-1x5K","X001BBLIKT","Unsellable","1","1","0",,"0",,
"2026-04-28T23:34:38-07:00","20260429","Seller-initiated Manual Removal","Disposal","Pending","2026-04-29T00:04:06-07:00","306201P-4K","X001D613UR","Unsellable","2","0","2",,"0","10.04","CAD"
"2026-04-28T23:34:38-07:00","20260429","Seller-initiated Manual Removal","Disposal","Pending","2026-04-29T00:04:06-07:00","304113-55K","X001JDVOGH","Unsellable","3","3","0",,"0",,
"2026-04-28T23:34:38-07:00","20260429","Seller-initiated Manual Removal","Disposal","Pending","2026-04-29T00:04:06-07:00","306201P-8K","X001JINFFZ","Unsellable","1","0","1",,"0","5.02","CAD"
"2026-04-28T23:34:38-07:00","20260429","Seller-initiated Manual Removal","Disposal","Pending","2026-04-29T00:04:06-07:00","306201P-6K","X001JINFG9","Unsellable","2","0","2",,"0","10.39","CAD"
"2026-04-28T23:34:38-07:00","20260429","Seller-initiated Manual Removal","Disposal","Pending","2026-04-29T00:04:06-07:00","306101W-4K","X001KCU7VP","Unsellable","2","0","1",,"1","3.85","CAD"
"2026-04-28T23:34:38-07:00","20260429","Seller-initiated Manual Removal","Disposal","Pending","2026-04-29T00:04:06-07:00","311021-3x5K","X001LWDR2F","Unsellable","1","0","1",,"0","0.82","CAD"
"2026-04-28T23:34:38-07:00","20260429","Seller-initiated Manual Removal","Disposal","Pending","2026-04-29T00:04:06-07:00","311021-10x5K","X001LWGBN7","Unsellable","2","0","2",,"0","3.24","CAD"
"2026-04-28T23:34:38-07:00","20260429","Seller-initiated Manual Removal","Disposal","Pending","2026-04-29T00:04:06-07:00","332522K","X001M244R1","Unsellable","1","0","1",,"0","0.82","CAD"
"2026-04-28T23:34:38-07:00","20260429","Seller-initiated Manual Removal","Disposal","Pending","2026-04-29T00:04:06-07:00","308151K","X001N9XNCP","Unsellable","2","0","2",,"0","10.04","CAD"
"2026-04-28T23:34:38-07:00","20260429","Seller-initiated Manual Removal","Disposal","Pending","2026-04-29T00:04:06-07:00","304114-54K","X0024W23M1","Unsellable","1","0","1",,"0","20.25","CAD"
"2026-04-28T23:34:38-07:00","20260429","Seller-initiated Manual Removal","Disposal","Pending","2026-04-29T00:04:06-07:00","304114-32K","X0024W247Z","Unsellable","1","0","1",,"0","11.52","CAD"
"2026-04-28T23:34:38-07:00","20260429","Seller-initiated Manual Removal","Disposal","Pending","2026-04-29T00:04:06-07:00","332572K","X0026O3WMR","Unsellable","17","0","17",,"0","27.54","CAD"
"2026-04-28T23:34:38-07:00","20260429","Seller-initiated Manual Removal","Disposal","Pending","2026-04-29T00:04:06-07:00","SPray-80LK","X00289XUJZ","Unsellable","3","0","3",,"0","8.89","CAD"
"2026-04-28T23:34:38-07:00","20260429","Seller-initiated Manual Removal","Disposal","Pending","2026-04-29T00:04:06-07:00","SPray-70LK","X00289XXFV","Unsellable","1","0","1",,"0","2.83","CAD"
"2026-04-28T23:34:38-07:00","20260429","Seller-initiated Manual Removal","Disposal","Pending","2026-04-29T00:04:06-07:00","SPray-15L-RK","X0028B1A8L","Unsellable","3","0","3",,"0","2.46","CAD"
"2026-04-28T23:34:38-07:00","20260429","Seller-initiated Manual Removal","Disposal","Pending","2026-04-29T00:04:06-07:00","332576K","X0028L19J1","Unsellable","1","0","1",,"0","1.62","CAD"
"2026-04-28T23:34:38-07:00","20260429","Seller-initiated Manual Removal","Disposal","Pending","2026-04-29T00:04:06-07:00","332574K","X0028MLG4X","Unsellable","3","0","3",,"0","2.46","CAD"
"2026-04-28T23:34:38-07:00","20260429","Seller-initiated Manual Removal","Disposal","Pending","2026-04-29T00:04:06-07:00","332573K","X0028MN7QD","Unsellable","3","0","3",,"0","2.46","CAD"
"2026-04-28T23:34:38-07:00","20260429","Seller-initiated Manual Removal","Disposal","Pending","2026-04-29T00:04:06-07:00","307281-2K","X0028TRIQB","Unsellable","1","0","1",,"0","1.62","CAD"
"2026-04-28T23:34:38-07:00","20260429","Seller-initiated Manual Removal","Disposal","Pending","2026-04-29T00:04:06-07:00","311001-45K","X0029O2KC7","Unsellable","1","0","1",,"0","1.62","CAD"
"2026-04-28T23:34:38-07:00","20260429","Seller-initiated Manual Removal","Disposal","Pending","2026-04-29T00:04:06-07:00","311001-50K","X0029QTUX7","Unsellable","3","0","3",,"0","2.46","CAD"
"2026-04-28T23:34:38-07:00","20260429","Seller-initiated Manual Removal","Disposal","Pending","2026-04-29T00:04:06-07:00","311001-100K","X0029QTYJH","Unsellable","2","0","2",,"0","3.24","CAD"
"2026-04-28T23:34:38-07:00","20260429","Seller-initiated Manual Removal","Disposal","Pending","2026-04-29T00:04:06-07:00","305131-PENK","X002ALDC3Z","Unsellable","36","0","35",,"1","12.60","CAD"
"2026-04-28T23:34:38-07:00","20260429","Seller-initiated Manual Removal","Disposal","Pending","2026-04-29T00:04:06-07:00","330120x2K","X002AMSP1X","Unsellable","1","0","1",,"0","0.36","CAD"
"2026-04-28T23:34:38-07:00","20260429","Seller-initiated Manual Removal","Disposal","Pending","2026-04-29T00:04:06-07:00","305130-PENK","X002AO9XN5","Unsellable","4","0","4",,"0","1.44","CAD"
"2026-04-28T23:34:38-07:00","20260429","Seller-initiated Manual Removal","Disposal","Pending","2026-04-29T00:04:06-07:00","332569K","X002B0KETF","Unsellable","1","0","1",,"0","8.47","CAD"
"2026-04-28T23:34:38-07:00","20260429","Seller-initiated Manual Removal","Disposal","Pending","2026-04-29T00:04:06-07:00","332567K","X002B0KFFN","Unsellable","2","0","2",,"0","10.04","CAD"
"2026-04-28T23:34:38-07:00","20260429","Seller-initiated Manual Removal","Disposal","Pending","2026-04-29T00:04:06-07:00","332568K","X002B5A689","Unsellable","1","0","1",,"0","5.02","CAD"
"2026-04-28T23:34:38-07:00","20260429","Seller-initiated Manual Removal","Disposal","Pending","2026-04-29T00:04:06-07:00","332566K","X002B5JSUL","Unsellable","3","0","3",,"0","16.17","CAD"
"2026-04-28T23:34:38-07:00","20260429","Seller-initiated Manual Removal","Disposal","Pending","2026-04-29T00:04:06-07:00","WP-330K","X002H4JZEF","Unsellable","1","0","1",,"0","5.39","CAD"
"2026-04-28T23:34:38-07:00","20260429","Seller-initiated Manual Removal","Disposal","Pending","2026-04-29T00:04:06-07:00","Spray-SX-CS4K","X002IRQ01R","Unsellable","4","0","4",,"0","15.40","CAD"
"2026-04-28T23:34:38-07:00","20260429","Seller-initiated Manual Removal","Disposal","Pending","2026-04-29T00:04:06-07:00","HM001K","X002M1C0PJ","Unsellable","1","0","1",,"0","1.62","CAD"
"2026-04-28T23:34:38-07:00","20260429","Seller-initiated Manual Removal","Disposal","Pending","2026-04-29T00:04:06-07:00","GB0100K","X002MBSJ9F","Unsellable","1","0","1",,"0","5.02","CAD"
"2026-04-28T23:34:38-07:00","20260429","Seller-initiated Manual Removal","Disposal","Pending","2026-04-29T00:04:06-07:00","311021-25x5K","X002PDMXN3","Unsellable","1","0","1",,"0","3.85","CAD"
"2026-04-28T23:34:38-07:00","20260429","Seller-initiated Manual Removal","Disposal","Pending","2026-04-29T00:04:06-07:00","304114-94K","X002PDV7Q7","Unsellable","1","0","1",,"0","27.04","CAD"
"2026-04-28T23:34:38-07:00","20260429","Seller-initiated Manual Removal","Disposal","Pending","2026-04-29T00:04:06-07:00","311021-2x5K","X002PDVG6N","Unsellable","1","0","1",,"0","0.82","CAD"
"2026-04-28T23:34:38-07:00","20260429","Seller-initiated Manual Removal","Disposal","Pending","2026-04-29T00:04:06-07:00","306146-0412K","X002SUO6LF","Unsellable","3","0","2",,"1","13.86","CAD"
"2026-04-28T23:34:38-07:00","20260429","Seller-initiated Manual Removal","Disposal","Pending","2026-04-29T00:04:06-07:00","HSB950B-2500LK","X00305V1U1","Unsellable","2","0","2",,"0","3.24","CAD"
"2026-04-28T23:34:38-07:00","20260429","Seller-initiated Manual Removal","Disposal","Pending","2026-04-29T00:04:06-07:00","330704-04K","X003FHDSOL","Unsellable","1","0","1",,"0","0.36","CAD"
"2026-04-28T23:34:38-07:00","20260429","Seller-initiated Manual Removal","Disposal","Pending","2026-04-29T00:04:06-07:00","VGPF-1100K","X003R0YZLL","Unsellable","1","0","1",,"0","5.37","CAD"
"2026-04-28T23:34:38-07:00","20260429","Seller-initiated Manual Removal","Disposal","Pending","2026-04-29T00:04:06-07:00","PS-002X2K","X003RDJ6ZN","Unsellable","2","0","2",,"0","0.72","CAD"
"2026-04-28T23:34:38-07:00","20260429","Seller-initiated Manual Removal","Disposal","Pending","2026-04-29T00:04:06-07:00","PS-002K","X003RDK5Z3","Unsellable","1","1","0",,"0",,
"2026-04-28T23:34:38-07:00","20260429","Seller-initiated Manual Removal","Disposal","Pending","2026-04-29T00:04:06-07:00","VSV-AZT6K","X003UH4SSL","Unsellable","1","0","1",,"0","5.02","CAD"
"2026-04-28T23:34:38-07:00","20260429","Seller-initiated Manual Removal","Disposal","Pending","2026-04-29T00:04:06-07:00","WP-331K","X003VJH1EB","Unsellable","1","0","1",,"0","5.39","CAD"
"2026-04-28T23:34:38-07:00","20260429","Seller-initiated Manual Removal","Disposal","Pending","2026-04-29T00:04:06-07:00","306104-416K","X003VVNEHR","Unsellable","4","0","4",,"0","6.48","CAD"
"2026-04-28T23:34:38-07:00","20260429","Seller-initiated Manual Removal","Disposal","Pending","2026-04-29T00:04:06-07:00","306104-68K","X003VVPM3V","Unsellable","2","0","2",,"0","1.64","CAD"
"2026-04-28T23:34:38-07:00","20260429","Seller-initiated Manual Removal","Disposal","Pending","2026-04-29T00:04:06-07:00","SST-1-0001K","X003XUW3S7","Unsellable","2","0","2",,"0","7.70","CAD"
"2026-04-28T23:34:38-07:00","20260429","Seller-initiated Manual Removal","Disposal","Pending","2026-04-29T00:04:06-07:00","VSV-IFB8K","X003Y811ZT","Unsellable","2","0","2",,"0","7.70","CAD"
"2026-04-28T23:34:38-07:00","20260429","Seller-initiated Manual Removal","Disposal","Pending","2026-04-29T00:04:06-07:00","330301K","X003YG5X19","Unsellable","1","0","1",,"0","0.82","CAD"
"2026-04-28T23:34:38-07:00","20260429","Seller-initiated Manual Removal","Disposal","Pending","2026-04-29T00:04:06-07:00","Spray-SX-CS8K","X00413DX6V","Unsellable","1","0","1",,"0","2.83","CAD"
"2026-04-28T23:34:38-07:00","20260429","Seller-initiated Manual Removal","Disposal","Pending","2026-04-29T00:04:06-07:00","VSVC-AZT6K","X00417RTWL","Unsellable","1","0","1",,"0","10.55","CAD"
"2026-04-28T23:34:38-07:00","20260429","Seller-initiated Manual Removal","Disposal","Pending","2026-04-29T00:04:06-07:00","VSGB-25K","X0041EH3LV","Unsellable","1","0","1",,"0","5.39","CAD"
"2026-04-28T23:34:38-07:00","20260429","Seller-initiated Manual Removal","Disposal","Pending","2026-04-29T00:04:06-07:00","VSV-WVK1K","X0043SID3H","Unsellable","1","0","1",,"0","3.85","CAD"
"2026-04-28T23:34:38-07:00","20260429","Seller-initiated Manual Removal","Disposal","Pending","2026-04-29T00:04:06-07:00","332562K","X0043U1JNL","Unsellable","1","0","1",,"0","6.93","CAD"
"2026-04-28T23:34:38-07:00","20260429","Seller-initiated Manual Removal","Disposal","Pending","2026-04-29T00:04:06-07:00","VSF-AWE9K","X0046BLS2T","Unsellable","1","0","1",,"0","3.85","CAD"
"2026-04-28T23:34:38-07:00","20260429","Seller-initiated Manual Removal","Disposal","Pending","2026-04-29T00:04:06-07:00","332583-10K","X0048FHTSZ","Unsellable","1","0","1",,"0","1.62","CAD"
"2026-04-28T23:34:38-07:00","20260429","Seller-initiated Manual Removal","Disposal","Pending","2026-04-29T00:04:06-07:00","SPray-1L-BGK","X004AUZMRX","Unsellable","2","0","2",,"0","1.64","CAD"
"2026-04-28T23:34:38-07:00","20260429","Seller-initiated Manual Removal","Disposal","Pending","2026-04-29T00:04:06-07:00","SPray-2L-BGK","X004AUZN63","Unsellable","1","0","1",,"0","1.62","CAD"
"2026-04-28T23:34:38-07:00","20260429","Seller-initiated Manual Removal","Disposal","Pending","2026-04-29T00:04:06-07:00","VSG-PPS-05GK","X004BND0K5","Unsellable","1","0","1",,"0","3.85","CAD"
"2026-04-28T23:34:38-07:00","20260429","Seller-initiated Manual Removal","Disposal","Pending","2026-04-29T00:04:06-07:00","VSEX-HID1-STK","X004CHXAD7","Unsellable","2","0","2",,"0","10.04","CAD"
"2026-04-28T23:34:38-07:00","20260429","Seller-initiated Manual Removal","Disposal","Pending","2026-04-29T00:04:06-07:00","VSE-ASH09K","X004FAP10V","Unsellable","1","0","1",,"0","5.02","CAD"
"2026-04-28T23:34:38-07:00","20260429","Seller-initiated Manual Removal","Disposal","Pending","2026-04-29T00:04:06-07:00","VSE-ASH19K","X004GPQEA1","Unsellable","1","0","1",,"0","7.64","CAD"
"2026-04-28T23:34:38-07:00","20260429","Seller-initiated Manual Removal","Disposal","Pending","2026-04-29T00:04:06-07:00","RC-0004K","X004KRHCV5","Unsellable","1","0","1",,"0","1.62","CAD"
"2026-04-28T23:34:38-07:00","20260429","Seller-initiated Manual Removal","Disposal","Pending","2026-04-29T00:04:06-07:00","VSA-GGD2JK","X004L5TDO5","Unsellable","1","0","1",,"0","0.82","CAD"
"2026-04-28T23:34:38-07:00","20260429","Seller-initiated Manual Removal","Disposal","Pending","2026-04-29T00:04:06-07:00","VSV-AZG4E42APRK","X004R4F5Y7","Unsellable","4","0","4",,"0","21.56","CAD"
"2026-04-28T23:34:38-07:00","20260429","Seller-initiated Manual Removal","Disposal","Pending","2026-04-29T00:04:06-07:00","VSG-ESPRAY-2L-CA","X004SO59HJ","Unsellable","2","0","2",,"0","0.00","CAD"
"2026-04-28T23:34:38-07:00","20260429","Seller-initiated Manual Removal","Disposal","Pending","2026-04-29T00:04:06-07:00","VSK-GIYP448-CA","X004T1ERMT","Unsellable","1","0","0",,"1",,
"2026-04-28T11:19:54-07:00","tOuAkU6k3D","Seller-configured Automated Unfulfillable Removal System","Return","Completed","2026-04-30T16:57:19-07:00","304113-42","X000ZYIIWT","Unsellable","2","1",,"1","0","24.92","USD"
"2026-04-28T11:19:54-07:00","tOuAkU6k3D","Seller-configured Automated Unfulfillable Removal System","Return","Completed","2026-04-30T16:57:19-07:00","306104-4C","X00134A8RX","Unsellable","1","1",,"0","0",,
"2026-04-28T11:19:54-07:00","tOuAkU6k3D","Seller-configured Automated Unfulfillable Removal System","Return","Completed","2026-04-30T16:57:19-07:00","306104-62C","X002A34RA5","Unsellable","1","1",,"0","0",,
"2026-04-28T11:19:54-07:00","tOuAkU6k3D","Seller-configured Automated Unfulfillable Removal System","Return","Completed","2026-04-30T16:57:19-07:00","306104-416J","X002I93Z95","Unsellable","1","1",,"0","0",,
"2026-04-28T11:19:54-07:00","tOuAkU6k3D","Seller-configured Automated Unfulfillable Removal System","Return","Completed","2026-04-30T16:57:19-07:00","304113-88","X003RF57WR","Unsellable","1","0",,"1","0","84.28","USD"
"2026-04-28T11:19:54-07:00","tOuAkU6k3D","Seller-configured Automated Unfulfillable Removal System","Return","Completed","2026-04-30T16:57:19-07:00","GAT-002","X003S2D4I3","Unsellable","1","1",,"0","0",,
"2026-04-28T11:19:54-07:00","tOuAkU6k3D","Seller-configured Automated Unfulfillable Removal System","Return","Completed","2026-04-30T16:57:19-07:00","SDP-002","X003SAOOZ7","Unsellable","2","2",,"0","0",,
"2026-04-28T11:19:54-07:00","tOuAkU6k3D","Seller-configured Automated Unfulfillable Removal System","Return","Completed","2026-04-30T16:57:19-07:00","HR-0000B","X003XOGWOJ","Unsellable","2","2",,"0","0",,
"2026-04-28T11:19:54-07:00","tOuAkU6k3D","Seller-configured Automated Unfulfillable Removal System","Return","Completed","2026-04-30T16:57:19-07:00","HR-0002B","X003XOJ0V1","Unsellable","1","1",,"0","0",,
"2026-04-28T11:19:54-07:00","tOuAkU6k3D","Seller-configured Automated Unfulfillable Removal System","Return","Completed","2026-04-30T16:57:19-07:00","HR-0001B","X003XOJAP7","Unsellable","2","2",,"0","0",,
"2026-04-28T11:19:54-07:00","tOuAkU6k3D","Seller-configured Automated Unfulfillable Removal System","Return","Completed","2026-04-30T16:57:19-07:00","305140-PEN","X003Y7ZWY1","Unsellable","3","0",,"3","0","2.52","USD"
"2026-04-28T11:19:54-07:00","tOuAkU6k3D","Seller-configured Automated Unfulfillable Removal System","Return","Completed","2026-04-30T16:57:19-07:00","HR-0001J","X0048F2XLX","Unsellable","2","2",,"0","0",,
"2026-04-28T11:19:54-07:00","tOuAkU6k3D","Seller-configured Automated Unfulfillable Removal System","Return","Completed","2026-04-30T16:57:19-07:00","GT-001","X004ASQ30F","Unsellable","2","2",,"0","0",,
"2026-04-28T11:19:54-07:00","tOuAkU6k3D","Seller-configured Automated Unfulfillable Removal System","Return","Completed","2026-04-30T16:57:19-07:00","VSP-SWP-PT16","X004B1J9EN","Unsellable","1","1",,"0","0",,
"2026-04-28T11:19:54-07:00","tOuAkU6k3D","Seller-configured Automated Unfulfillable Removal System","Return","Completed","2026-04-30T16:57:19-07:00","VSS-SP-3456L40","X004CJOX95","Unsellable","1","1",,"0","0",,
"2026-04-28T11:19:54-07:00","tOuAkU6k3D","Seller-configured Automated Unfulfillable Removal System","Return","Completed","2026-04-30T16:57:19-07:00","VSVC-AZG4E42APR","X004R4V5PF","Unsellable","1","1",,"0","0",,
"2026-04-28T08:12:06-07:00","v+xssrd5fc","Seller-configured Automated Unfulfillable Removal System","Liquidations","Completed","2026-05-07T10:10:05-07:00","304113-42","X000ZYIIWT","Unsellable","2","1",,"1","0","0.00","USD"
"2026-04-28T08:12:06-07:00","v+xssrd5fc","Seller-configured Automated Unfulfillable Removal System","Liquidations","Completed","2026-05-07T10:10:05-07:00","304113-84","X000ZYIIX3","Unsellable","1","1",,"0","0",,
"2026-04-28T08:12:06-07:00","v+xssrd5fc","Seller-configured Automated Unfulfillable Removal System","Liquidations","Completed","2026-05-07T10:10:05-07:00","306104-4C","X00134A8RX","Unsellable","1","1",,"0","0",,
"2026-04-28T08:12:06-07:00","v+xssrd5fc","Seller-configured Automated Unfulfillable Removal System","Liquidations","Completed","2026-05-07T10:10:05-07:00","304113-32","X001EDFEYP","Unsellable","1","1",,"0","0",,
"2026-04-28T08:12:06-07:00","v+xssrd5fc","Seller-configured Automated Unfulfillable Removal System","Liquidations","Completed","2026-05-07T10:10:05-07:00","306104-62C","X002A34RA5","Unsellable","1","1",,"0","0",,
"2026-04-28T08:12:06-07:00","v+xssrd5fc","Seller-configured Automated Unfulfillable Removal System","Liquidations","Completed","2026-05-07T10:10:05-07:00","306104-416J","X002I93Z95","Unsellable","1","1",,"0","0",,
"2026-04-28T08:12:06-07:00","v+xssrd5fc","Seller-configured Automated Unfulfillable Removal System","Liquidations","Completed","2026-05-07T10:10:05-07:00","CBIN-H300","X003IJCHAR","Unsellable","1","0",,"1","0","0.00","USD"
"2026-04-28T08:12:06-07:00","v+xssrd5fc","Seller-configured Automated Unfulfillable Removal System","Liquidations","Completed","2026-05-07T10:10:05-07:00","VGPF-2100","X003PMCU6D","Unsellable","1","1",,"0","0",,
"2026-04-28T08:12:06-07:00","v+xssrd5fc","Seller-configured Automated Unfulfillable Removal System","Liquidations","Completed","2026-05-07T10:10:05-07:00","GG-002","X003RIKDDH","Unsellable","1","1",,"0","0",,
"2026-04-28T08:12:06-07:00","v+xssrd5fc","Seller-configured Automated Unfulfillable Removal System","Liquidations","Completed","2026-05-07T10:10:05-07:00","GAT-002","X003S2D4I3","Unsellable","1","1",,"0","0",,
"2026-04-28T08:12:06-07:00","v+xssrd5fc","Seller-configured Automated Unfulfillable Removal System","Liquidations","Completed","2026-05-07T10:10:05-07:00","SDP-002","X003SAOOZ7","Unsellable","2","2",,"0","0",,
"2026-04-28T08:12:06-07:00","v+xssrd5fc","Seller-configured Automated Unfulfillable Removal System","Liquidations","Completed","2026-05-07T10:10:05-07:00","HR-0002A","X003WHI67X","Unsellable","1","1",,"0","0",,
"2026-04-28T08:12:06-07:00","v+xssrd5fc","Seller-configured Automated Unfulfillable Removal System","Liquidations","Completed","2026-05-07T10:10:05-07:00","HR-0000B","X003XOGWOJ","Unsellable","2","2",,"0","0",,
"2026-04-28T08:12:06-07:00","v+xssrd5fc","Seller-configured Automated Unfulfillable Removal System","Liquidations","Completed","2026-05-07T10:10:05-07:00","HR-0002B","X003XOJ0V1","Unsellable","1","1",,"0","0",,
"2026-04-28T08:12:06-07:00","v+xssrd5fc","Seller-configured Automated Unfulfillable Removal System","Liquidations","Completed","2026-05-07T10:10:05-07:00","HR-0001B","X003XOJAP7","Unsellable","2","2",,"0","0",,
"2026-04-28T08:12:06-07:00","v+xssrd5fc","Seller-configured Automated Unfulfillable Removal System","Liquidations","Completed","2026-05-07T10:10:05-07:00","304113-P426","X003XWP6V1","Unsellable","1","1",,"0","0",,
"2026-04-28T08:12:06-07:00","v+xssrd5fc","Seller-configured Automated Unfulfillable Removal System","Liquidations","Completed","2026-05-07T10:10:05-07:00","305140-PEN","X003Y7ZWY1","Unsellable","3","0",,"3","0","0.00","USD"
"2026-04-28T08:12:06-07:00","v+xssrd5fc","Seller-configured Automated Unfulfillable Removal System","Liquidations","Completed","2026-05-07T10:10:05-07:00","HR-0000J","X0042BCFMZ","Unsellable","1","1",,"0","0",,
"2026-04-28T08:12:06-07:00","v+xssrd5fc","Seller-configured Automated Unfulfillable Removal System","Liquidations","Completed","2026-05-07T10:10:05-07:00","HR-0001J","X0048F2XLX","Unsellable","2","2",,"0","0",,
"2026-04-28T08:12:06-07:00","v+xssrd5fc","Seller-configured Automated Unfulfillable Removal System","Liquidations","Completed","2026-05-07T10:10:05-07:00","SPray-1L-BG","X0048HB425","Unsellable","1","1",,"0","0",,
"2026-04-28T08:12:06-07:00","v+xssrd5fc","Seller-configured Automated Unfulfillable Removal System","Liquidations","Completed","2026-05-07T10:10:05-07:00","GT-001","X004ASQ30F","Unsellable","2","2",,"0","0",,
"2026-04-28T08:12:06-07:00","v+xssrd5fc","Seller-configured Automated Unfulfillable Removal System","Liquidations","Completed","2026-05-07T10:10:05-07:00","VSP-SWP-PT16","X004B1J9EN","Unsellable","1","1",,"0","0",,
"2026-04-28T08:12:06-07:00","v+xssrd5fc","Seller-configured Automated Unfulfillable Removal System","Liquidations","Completed","2026-05-07T10:10:05-07:00","VSS-SP-3456L40","X004CJOX95","Unsellable","1","1",,"0","0",,
"2026-04-28T08:12:06-07:00","v+xssrd5fc","Seller-configured Automated Unfulfillable Removal System","Liquidations","Completed","2026-05-07T10:10:05-07:00","VSV-AZG6E42APR","X004R4A597","Unsellable","1","1",,"0","0",,
"2026-04-28T08:12:06-07:00","v+xssrd5fc","Seller-configured Automated Unfulfillable Removal System","Liquidations","Completed","2026-05-07T10:10:05-07:00","VSVC-AZG4E42APR","X004R4V5PF","Unsellable","1","1",,"0","0",,
"2026-04-27T22:16:54-07:00","remove","Seller-initiated Manual Removal","Disposal","Completed","2026-05-01T14:16:47-07:00","304113-84NJ","X001PIJIG9","Unsellable","2","1","1",,"0","53.54","USD"
"2026-04-27T20:01:36-07:00","Xq4s31z184","Automated Recalled Units Removal System","Disposal","Completed","2026-05-10T14:20:07-07:00","EH-0002","X003SK3LZB","Unsellable","2","0","2",,"0","10.02","USD"
"2026-04-27T10:17:10-07:00","nSYQCSVt+U","Seller-configured Automated Unfulfillable Removal System","Return","Completed","2026-04-27T14:49:08-07:00","HR-0002B","X003XOJ0V1","Unsellable","2","2",,"0","0",,
"2026-04-27T10:17:10-07:00","nSYQCSVt+U","Seller-configured Automated Unfulfillable Removal System","Return","Completed","2026-04-27T14:49:08-07:00","HR-0001J","X0048F2XLX","Unsellable","1","1",,"0","0",,
"2026-04-27T10:17:10-07:00","nSYQCSVt+U","Seller-configured Automated Unfulfillable Removal System","Return","Completed","2026-04-27T14:49:08-07:00","VSS-SP-3456L40","X004CJOX95","Unsellable","1","1",,"0","0",,
"2026-04-27T08:19:40-07:00","GDEFJnMX+2","Seller-configured Automated Unfulfillable Removal System","Liquidations","Completed","2026-05-12T22:44:55-07:00","304113-84","X000ZYIIX3","Unsellable","1","1",,"0","0",,
"2026-04-27T08:19:40-07:00","GDEFJnMX+2","Seller-configured Automated Unfulfillable Removal System","Liquidations","Completed","2026-05-12T22:44:55-07:00","306104-4C","X00134A8RX","Unsellable","1","1",,"0","0",,
"2026-04-27T08:19:40-07:00","GDEFJnMX+2","Seller-configured Automated Unfulfillable Removal System","Liquidations","Completed","2026-05-12T22:44:55-07:00","306104-62C","X002A34RA5","Unsellable","1","1",,"0","0",,
"2026-04-27T08:19:40-07:00","GDEFJnMX+2","Seller-configured Automated Unfulfillable Removal System","Liquidations","Completed","2026-05-12T22:44:55-07:00","306104-416J","X002I93Z95","Unsellable","1","1",,"0","0",,
"2026-04-27T08:19:40-07:00","GDEFJnMX+2","Seller-configured Automated Unfulfillable Removal System","Liquidations","Completed","2026-05-12T22:44:55-07:00","SDP-002","X003SAOOZ7","Unsellable","1","1",,"0","0",,
"2026-04-27T08:19:40-07:00","GDEFJnMX+2","Seller-configured Automated Unfulfillable Removal System","Liquidations","Completed","2026-05-12T22:44:55-07:00","HR-0002A","X003WHI67X","Unsellable","1","1",,"0","0",,
"2026-04-27T08:19:40-07:00","GDEFJnMX+2","Seller-configured Automated Unfulfillable Removal System","Liquidations","Completed","2026-05-12T22:44:55-07:00","HR-0002B","X003XOJ0V1","Unsellable","2","2",,"0","0",,
"2026-04-27T08:19:40-07:00","GDEFJnMX+2","Seller-configured Automated Unfulfillable Removal System","Liquidations","Completed","2026-05-12T22:44:55-07:00","304113-P426","X003XWP6V1","Unsellable","1","1",,"0","0",,
"2026-04-27T08:19:40-07:00","GDEFJnMX+2","Seller-configured Automated Unfulfillable Removal System","Liquidations","Completed","2026-05-12T22:44:55-07:00","HR-0000J","X0042BCFMZ","Unsellable","1","1",,"0","0",,
"2026-04-27T08:19:40-07:00","GDEFJnMX+2","Seller-configured Automated Unfulfillable Removal System","Liquidations","Completed","2026-05-12T22:44:55-07:00","HR-0001J","X0048F2XLX","Unsellable","1","1",,"0","0",,
"2026-04-27T08:19:40-07:00","GDEFJnMX+2","Seller-configured Automated Unfulfillable Removal System","Liquidations","Completed","2026-05-12T22:44:55-07:00","GT-001","X004ASQ30F","Unsellable","2","2",,"0","0",,
"2026-04-27T08:19:40-07:00","GDEFJnMX+2","Seller-configured Automated Unfulfillable Removal System","Liquidations","Completed","2026-05-12T22:44:55-07:00","VSS-SP-3456L40","X004CJOX95","Unsellable","1","1",,"0","0",,
"2026-04-27T08:19:40-07:00","GDEFJnMX+2","Seller-configured Automated Unfulfillable Removal System","Liquidations","Completed","2026-05-12T22:44:55-07:00","VSVC-AZG4E42APR","X004R4V5PF","Unsellable","1","1",,"0","0",,
"2026-04-26T17:57:53-07:00","20260427","Seller-initiated Manual Removal","Disposal","Completed","2026-04-29T10:43:17-07:00","311003-4K","X0018MEL55","Unsellable","1","1","0",,"0",,
"2026-04-26T17:57:53-07:00","20260427","Seller-initiated Manual Removal","Disposal","Completed","2026-04-29T10:43:17-07:00","332576K","X0028L19J1","Unsellable","1","0","1",,"0","1.62","CAD"
"2026-04-26T17:57:53-07:00","20260427","Seller-initiated Manual Removal","Disposal","Completed","2026-04-29T10:43:17-07:00","332567K","X002B0KFFN","Unsellable","1","0","1",,"0","5.02","CAD"
"2026-04-26T17:57:53-07:00","20260427","Seller-initiated Manual Removal","Disposal","Completed","2026-04-29T10:43:17-07:00","306201PS-4K","X002CQ9SH7","Unsellable","1","0","1",,"0","7.64","CAD"
"2026-04-26T17:57:53-07:00","20260427","Seller-initiated Manual Removal","Disposal","Completed","2026-04-29T10:43:17-07:00","GB0100-2K","X002UGRDCL","Unsellable","1","0","1",,"0","5.02","CAD"
"2026-04-26T17:57:53-07:00","20260427","Seller-initiated Manual Removal","Disposal","Completed","2026-04-29T10:43:17-07:00","311001-3x10K","X003DQEK5P","Unsellable","1","0","1",,"0","1.62","CAD"
"2026-04-26T17:57:53-07:00","20260427","Seller-initiated Manual Removal","Disposal","Completed","2026-04-29T10:43:17-07:00","306109-48K","X003VVQ0EV","Unsellable","2","0","2",,"0","0.72","CAD"
"2026-04-26T11:09:23-07:00","f2nvG5rDvH","Seller-configured Automated Unfulfillable Removal System","Return","Completed","2026-05-07T06:38:01-07:00","304113-42","X000ZYIIWT","Unsellable","1","0",,"1","0","24.92","USD"
"2026-04-26T11:09:23-07:00","f2nvG5rDvH","Seller-configured Automated Unfulfillable Removal System","Return","Completed","2026-05-07T06:38:01-07:00","311001-5x5NJ","X001F1MPD9","Unsellable","6","1",,"5","0","11.35","USD"
"2026-04-26T11:09:23-07:00","f2nvG5rDvH","Seller-configured Automated Unfulfillable Removal System","Return","Completed","2026-05-07T06:38:01-07:00","330103CNJ","X001Z0D2H3","Unsellable","2","2",,"0","0",,
"2026-04-26T11:09:23-07:00","f2nvG5rDvH","Seller-configured Automated Unfulfillable Removal System","Return","Completed","2026-05-07T06:38:01-07:00","306104-62C","X002A34RA5","Unsellable","1","1",,"0","0",,
"2026-04-26T11:09:23-07:00","f2nvG5rDvH","Seller-configured Automated Unfulfillable Removal System","Return","Completed","2026-05-07T06:38:01-07:00","HD-2118J","X002W8ENWP","Unsellable","1","1",,"0","0",,
"2026-04-26T11:09:23-07:00","f2nvG5rDvH","Seller-configured Automated Unfulfillable Removal System","Return","Completed","2026-05-07T06:38:01-07:00","SDP-002","X003SAOOZ7","Unsellable","1","1",,"0","0",,
"2026-04-26T11:09:23-07:00","f2nvG5rDvH","Seller-configured Automated Unfulfillable Removal System","Return","Completed","2026-05-07T06:38:01-07:00","HR-0002A","X003WHI67X","Unsellable","1","1",,"0","0",,
"2026-04-26T11:09:23-07:00","f2nvG5rDvH","Seller-configured Automated Unfulfillable Removal System","Return","Completed","2026-05-07T06:38:01-07:00","HR-0002B","X003XOJ0V1","Unsellable","1","1",,"0","0",,
"2026-04-26T11:09:23-07:00","f2nvG5rDvH","Seller-configured Automated Unfulfillable Removal System","Return","Completed","2026-05-07T06:38:01-07:00","305140-PEN","X003Y7ZWY1","Unsellable","1","0",,"1","0","0.84","USD"
"2026-04-26T11:09:23-07:00","f2nvG5rDvH","Seller-configured Automated Unfulfillable Removal System","Return","Completed","2026-05-07T06:38:01-07:00","HR-0001J","X0048F2XLX","Unsellable","1","1",,"0","0",,
"2026-04-26T11:09:23-07:00","f2nvG5rDvH","Seller-configured Automated Unfulfillable Removal System","Return","Completed","2026-05-07T06:38:01-07:00","GT-001","X004ASQ30F","Unsellable","2","2",,"0","0",,
"2026-04-26T11:09:23-07:00","f2nvG5rDvH","Seller-configured Automated Unfulfillable Removal System","Return","Completed","2026-05-07T06:38:01-07:00","VSS-SP-3456L40","X004CJOX95","Unsellable","1","1",,"0","0",,
"2026-04-26T11:09:23-07:00","f2nvG5rDvH","Seller-configured Automated Unfulfillable Removal System","Return","Completed","2026-05-07T06:38:01-07:00","VSVC-AZG4E42APR","X004R4V5PF","Unsellable","1","1",,"0","0",,
"2026-04-26T07:20:56-07:00","U9z7Cy9O5d","Seller-configured Automated Unfulfillable Removal System","Liquidations","Completed","2026-05-06T18:20:52-07:00","304113-42","X000ZYIIWT","Unsellable","1","0",,"1","0","0.00","USD"
"2026-04-26T07:20:56-07:00","U9z7Cy9O5d","Seller-configured Automated Unfulfillable Removal System","Liquidations","Completed","2026-05-06T18:20:52-07:00","311001-5x5NJ","X001F1MPD9","Unsellable","6","0",,"6","0","0.00","USD"
"2026-04-26T07:20:56-07:00","U9z7Cy9O5d","Seller-configured Automated Unfulfillable Removal System","Liquidations","Completed","2026-05-06T18:20:52-07:00","330103CNJ","X001Z0D2H3","Unsellable","2","0",,"2","0","0.00","USD"
"2026-04-26T07:20:56-07:00","U9z7Cy9O5d","Seller-configured Automated Unfulfillable Removal System","Liquidations","Completed","2026-05-06T18:20:52-07:00","306104-62C","X002A34RA5","Unsellable","1","1",,"0","0",,
"2026-04-26T07:20:56-07:00","U9z7Cy9O5d","Seller-configured Automated Unfulfillable Removal System","Liquidations","Completed","2026-05-06T18:20:52-07:00","306104-416J","X002I93Z95","Unsellable","1","1",,"0","0",,
"2026-04-26T07:20:56-07:00","U9z7Cy9O5d","Seller-configured Automated Unfulfillable Removal System","Liquidations","Completed","2026-05-06T18:20:52-07:00","HD-2118J","X002W8ENWP","Unsellable","1","1",,"0","0",,
"2026-04-26T07:20:56-07:00","U9z7Cy9O5d","Seller-configured Automated Unfulfillable Removal System","Liquidations","Completed","2026-05-06T18:20:52-07:00","304113-52G","X003RI1KVB","Unsellable","1","0",,"1","0","0.00","USD"
"2026-04-26T07:20:56-07:00","U9z7Cy9O5d","Seller-configured Automated Unfulfillable Removal System","Liquidations","Completed","2026-05-06T18:20:52-07:00","SDP-002","X003SAOOZ7","Unsellable","1","1",,"0","0",,
"2026-04-26T07:20:56-07:00","U9z7Cy9O5d","Seller-configured Automated Unfulfillable Removal System","Liquidations","Completed","2026-05-06T18:20:52-07:00","HR-0002A","X003WHI67X","Unsellable","1","1",,"0","0",,
"2026-04-26T07:20:56-07:00","U9z7Cy9O5d","Seller-configured Automated Unfulfillable Removal System","Liquidations","Completed","2026-05-06T18:20:52-07:00","HR-0002B","X003XOJ0V1","Unsellable","1","1",,"0","0",,
"2026-04-26T07:20:56-07:00","U9z7Cy9O5d","Seller-configured Automated Unfulfillable Removal System","Liquidations","Completed","2026-05-06T18:20:52-07:00","305140-PEN","X003Y7ZWY1","Unsellable","1","0",,"1","0","0.00","USD"
"2026-04-26T07:20:56-07:00","U9z7Cy9O5d","Seller-configured Automated Unfulfillable Removal System","Liquidations","Completed","2026-05-06T18:20:52-07:00","HR-0000J","X0042BCFMZ","Unsellable","1","1",,"0","0",,
"2026-04-26T07:20:56-07:00","U9z7Cy9O5d","Seller-configured Automated Unfulfillable Removal System","Liquidations","Completed","2026-05-06T18:20:52-07:00","HR-0001J","X0048F2XLX","Unsellable","1","1",,"0","0",,
"2026-04-26T07:20:56-07:00","U9z7Cy9O5d","Seller-configured Automated Unfulfillable Removal System","Liquidations","Completed","2026-05-06T18:20:52-07:00","GT-001","X004ASQ30F","Unsellable","2","2",,"0","0",,
"2026-04-26T07:20:56-07:00","U9z7Cy9O5d","Seller-configured Automated Unfulfillable Removal System","Liquidations","Completed","2026-05-06T18:20:52-07:00","VSS-SP-3456L40","X004CJOX95","Unsellable","1","1",,"0","0",,
"2026-04-26T07:20:56-07:00","U9z7Cy9O5d","Seller-configured Automated Unfulfillable Removal System","Liquidations","Completed","2026-05-06T18:20:52-07:00","VSA-AG-5B3","X004GPM0MH","Unsellable","1","1",,"0","0",,
"2026-04-26T07:20:56-07:00","U9z7Cy9O5d","Seller-configured Automated Unfulfillable Removal System","Liquidations","Completed","2026-05-06T18:20:52-07:00","VSG-SPRAY-PP2L","X004QXIEBZ","Unsellable","1","0",,"1","0","0.00","USD"
"2026-04-26T07:20:56-07:00","U9z7Cy9O5d","Seller-configured Automated Unfulfillable Removal System","Liquidations","Completed","2026-05-06T18:20:52-07:00","VSVC-AZG4E42APR","X004R4V5PF","Unsellable","1","1",,"0","0",,
"2026-04-25T11:05:31-07:00","c09HzaHrmk","Seller-configured Automated Unfulfillable Removal System","Return","Completed","2026-04-25T16:12:07-07:00","HR-0002A","X003WHI67X","Unsellable","1","1",,"0","0",,
"2026-04-25T11:05:31-07:00","c09HzaHrmk","Seller-configured Automated Unfulfillable Removal System","Return","Completed","2026-04-25T16:12:07-07:00","HR-0001J","X0048F2XLX","Unsellable","1","1",,"0","0",,
"2026-04-25T08:48:36-07:00","tk4vafv8DJ","Seller-configured Automated Unfulfillable Removal System","Liquidations","Completed","2026-04-25T18:20:20-07:00","306104-62C","X002A34RA5","Unsellable","1","1",,"0","0",,
"2026-04-25T08:48:36-07:00","tk4vafv8DJ","Seller-configured Automated Unfulfillable Removal System","Liquidations","Completed","2026-04-25T18:20:20-07:00","306104-416J","X002I93Z95","Unsellable","1","1",,"0","0",,
"2026-04-25T08:48:36-07:00","tk4vafv8DJ","Seller-configured Automated Unfulfillable Removal System","Liquidations","Completed","2026-04-25T18:20:20-07:00","304113-21","X003KYRF4N","Unsellable","1","1",,"0","0",,
"2026-04-25T08:48:36-07:00","tk4vafv8DJ","Seller-configured Automated Unfulfillable Removal System","Liquidations","Completed","2026-04-25T18:20:20-07:00","SDP-002","X003SAOOZ7","Unsellable","1","1",,"0","0",,
"2026-04-25T08:48:36-07:00","tk4vafv8DJ","Seller-configured Automated Unfulfillable Removal System","Liquidations","Completed","2026-04-25T18:20:20-07:00","HR-0002A","X003WHI67X","Unsellable","1","1",,"0","0",,
"2026-04-25T08:48:36-07:00","tk4vafv8DJ","Seller-configured Automated Unfulfillable Removal System","Liquidations","Completed","2026-04-25T18:20:20-07:00","HR-0002B","X003XOJ0V1","Unsellable","1","1",,"0","0",,
"2026-04-25T08:48:36-07:00","tk4vafv8DJ","Seller-configured Automated Unfulfillable Removal System","Liquidations","Completed","2026-04-25T18:20:20-07:00","HR-0000J","X0042BCFMZ","Unsellable","1","1",,"0","0",,
"2026-04-25T08:48:36-07:00","tk4vafv8DJ","Seller-configured Automated Unfulfillable Removal System","Liquidations","Completed","2026-04-25T18:20:20-07:00","HR-0001J","X0048F2XLX","Unsellable","1","1",,"0","0",,
"2026-04-25T08:48:36-07:00","tk4vafv8DJ","Seller-configured Automated Unfulfillable Removal System","Liquidations","Completed","2026-04-25T18:20:20-07:00","GT-001","X004ASQ30F","Unsellable","2","2",,"0","0",,
"2026-04-25T08:48:36-07:00","tk4vafv8DJ","Seller-configured Automated Unfulfillable Removal System","Liquidations","Completed","2026-04-25T18:20:20-07:00","VSS-SP-3456L40","X004CJOX95","Unsellable","1","1",,"0","0",,
"2026-04-24T10:50:22-07:00","poaKR1xKpZ","Seller-configured Automated Unfulfillable Removal System","Return","Completed","2026-05-01T17:54:32-07:00","304113-44","X000VV26B5","Unsellable","1","0",,"1","0","34.46","USD"
"2026-04-24T10:50:22-07:00","poaKR1xKpZ","Seller-configured Automated Unfulfillable Removal System","Return","Completed","2026-05-01T17:54:32-07:00","WB-3x50","X0028F8LDJ","Unsellable","1","1",,"0","0",,
"2026-04-24T10:50:22-07:00","poaKR1xKpZ","Seller-configured Automated Unfulfillable Removal System","Return","Completed","2026-05-01T17:54:32-07:00","HR-0001B","X003XOJAP7","Unsellable","4","4",,"0","0",,
"2026-04-24T10:50:22-07:00","poaKR1xKpZ","Seller-configured Automated Unfulfillable Removal System","Return","Completed","2026-05-01T17:54:32-07:00","HR-0001C","X0042AZP9B","Unsellable","1","1",,"0","0",,
"2026-04-24T10:50:22-07:00","poaKR1xKpZ","Seller-configured Automated Unfulfillable Removal System","Return","Completed","2026-05-01T17:54:32-07:00","HR-0001J","X0048F2XLX","Unsellable","1","1",,"0","0",,
"2026-04-24T10:50:22-07:00","poaKR1xKpZ","Seller-configured Automated Unfulfillable Removal System","Return","Completed","2026-05-01T17:54:32-07:00","VSP-SWP-PT16","X004B1J9EN","Unsellable","1","1",,"0","0",,
"2026-04-24T10:50:22-07:00","poaKR1xKpZ","Seller-configured Automated Unfulfillable Removal System","Return","Completed","2026-05-01T17:54:32-07:00","VSL-LRUC100X2","X004NKXNGR","Unsellable","1","1",,"0","0",,
"2026-04-24T08:59:14-07:00","f+rYhrto2i","Seller-configured Automated Unfulfillable Removal System","Liquidations","Completed","2026-05-02T15:44:30-07:00","304113-44","X000VV26B5","Unsellable","2","0",,"2","0","0.00","USD"
"2026-04-24T08:59:14-07:00","f+rYhrto2i","Seller-configured Automated Unfulfillable Removal System","Liquidations","Completed","2026-05-02T15:44:30-07:00","306104-62C","X002A34RA5","Unsellable","1","1",,"0","0",,
"2026-04-24T08:59:14-07:00","f+rYhrto2i","Seller-configured Automated Unfulfillable Removal System","Liquidations","Completed","2026-05-02T15:44:30-07:00","306109-68C","X002AINM2T","Unsellable","1","0",,"1","0","0.00","USD"
"2026-04-24T08:59:14-07:00","f+rYhrto2i","Seller-configured Automated Unfulfillable Removal System","Liquidations","Completed","2026-05-02T15:44:30-07:00","306104-416J","X002I93Z95","Unsellable","1","1",,"0","0",,
"2026-04-24T08:59:14-07:00","f+rYhrto2i","Seller-configured Automated Unfulfillable Removal System","Liquidations","Completed","2026-05-02T15:44:30-07:00","CHTrimer-P-01J","X003H6WA17","Unsellable","1","0",,"1","0","0.00","USD"
"2026-04-24T08:59:14-07:00","f+rYhrto2i","Seller-configured Automated Unfulfillable Removal System","Liquidations","Completed","2026-05-02T15:44:30-07:00","CBIN-H300","X003IJCHAR","Unsellable","1","0",,"1","0","0.00","USD"
"2026-04-24T08:59:14-07:00","f+rYhrto2i","Seller-configured Automated Unfulfillable Removal System","Liquidations","Completed","2026-05-02T15:44:30-07:00","SDP-002","X003SAOOZ7","Unsellable","1","1",,"0","0",,
"2026-04-24T08:59:14-07:00","f+rYhrto2i","Seller-configured Automated Unfulfillable Removal System","Liquidations","Completed","2026-05-02T15:44:30-07:00","HR-0001B","X003XOJAP7","Unsellable","4","4",,"0","0",,
"2026-04-24T08:59:14-07:00","f+rYhrto2i","Seller-configured Automated Unfulfillable Removal System","Liquidations","Completed","2026-05-02T15:44:30-07:00","HR-0001C","X0042AZP9B","Unsellable","1","1",,"0","0",,
"2026-04-24T08:59:14-07:00","f+rYhrto2i","Seller-configured Automated Unfulfillable Removal System","Liquidations","Completed","2026-05-02T15:44:30-07:00","HR-0001J","X0048F2XLX","Unsellable","1","1",,"0","0",,
"2026-04-24T08:59:14-07:00","f+rYhrto2i","Seller-configured Automated Unfulfillable Removal System","Liquidations","Completed","2026-05-02T15:44:30-07:00","GT-001","X004ASQ30F","Unsellable","2","2",,"0","0",,
"2026-04-24T08:59:14-07:00","f+rYhrto2i","Seller-configured Automated Unfulfillable Removal System","Liquidations","Completed","2026-05-02T15:44:30-07:00","VSP-SWP-PT16","X004B1J9EN","Unsellable","1","1",,"0","0",,
"2026-04-24T08:59:14-07:00","f+rYhrto2i","Seller-configured Automated Unfulfillable Removal System","Liquidations","Completed","2026-05-02T15:44:30-07:00","WMM-0001","X004C51W61","Unsellable","1","0",,"1","0","0.00","USD"
"2026-04-24T08:59:14-07:00","f+rYhrto2i","Seller-configured Automated Unfulfillable Removal System","Liquidations","Completed","2026-05-02T15:44:30-07:00","VSS-SP-3456L40","X004CJOX95","Unsellable","1","1",,"0","0",,
"2026-04-24T08:59:14-07:00","f+rYhrto2i","Seller-configured Automated Unfulfillable Removal System","Liquidations","Completed","2026-05-02T15:44:30-07:00","VSL-LRUC100X2","X004NKXNGR","Unsellable","1","1",,"0","0",,
"2026-04-24T08:59:14-07:00","f+rYhrto2i","Seller-configured Automated Unfulfillable Removal System","Liquidations","Completed","2026-05-02T15:44:30-07:00","VSE-ATW70","X004RM0ZTT","Unsellable","1","0",,"1","0","0.00","USD"
"2026-04-23T11:43:32-07:00","v2xgw5Svke","Seller-configured Automated Unfulfillable Removal System","Return","Completed","2026-05-05T04:35:38-07:00","304113-42","X000ZYIIWT","Unsellable","1","1",,"0","0",,
"2026-04-23T11:43:32-07:00","v2xgw5Svke","Seller-configured Automated Unfulfillable Removal System","Return","Completed","2026-05-05T04:35:38-07:00","WB-3x50","X0028F8LDJ","Unsellable","1","1",,"0","0",,
"2026-04-23T11:43:32-07:00","v2xgw5Svke","Seller-configured Automated Unfulfillable Removal System","Return","Completed","2026-05-05T04:35:38-07:00","330702X2NJ","X002IY5C23","Unsellable","1","0",,"1","0","1.53","USD"
"2026-04-23T11:43:32-07:00","v2xgw5Svke","Seller-configured Automated Unfulfillable Removal System","Return","Completed","2026-05-05T04:35:38-07:00","HR-0001B","X003XOJAP7","Unsellable","4","4",,"0","0",,
"2026-04-23T11:43:32-07:00","v2xgw5Svke","Seller-configured Automated Unfulfillable Removal System","Return","Completed","2026-05-05T04:35:38-07:00","HR-0001J","X0048F2XLX","Unsellable","1","1",,"0","0",,
"2026-04-23T11:43:32-07:00","v2xgw5Svke","Seller-configured Automated Unfulfillable Removal System","Return","Completed","2026-05-05T04:35:38-07:00","VSL-LRUC100X2","X004NKXNGR","Unsellable","1","1",,"0","0",,
"2026-04-23T08:51:47-07:00","eZ0gC4hYyK","Seller-configured Automated Unfulfillable Removal System","Liquidations","Completed","2026-05-01T19:28:49-07:00","304113-42","X000ZYIIWT","Unsellable","1","0",,"1","0","0.00","USD"
"2026-04-23T08:51:47-07:00","eZ0gC4hYyK","Seller-configured Automated Unfulfillable Removal System","Liquidations","Completed","2026-05-01T19:28:49-07:00","306109-68C","X002AINM2T","Unsellable","1","1",,"0","0",,
"2026-04-23T08:51:47-07:00","eZ0gC4hYyK","Seller-configured Automated Unfulfillable Removal System","Liquidations","Completed","2026-05-01T19:28:49-07:00","RB-0002","X003AH3SOL","Unsellable","1","0",,"1","0","0.00","USD"
"2026-04-23T08:51:47-07:00","eZ0gC4hYyK","Seller-configured Automated Unfulfillable Removal System","Liquidations","Completed","2026-05-01T19:28:49-07:00","HR-0001B","X003XOJAP7","Unsellable","3","3",,"0","0",,
"2026-04-23T08:51:47-07:00","eZ0gC4hYyK","Seller-configured Automated Unfulfillable Removal System","Liquidations","Completed","2026-05-01T19:28:49-07:00","HR-0001J","X0048F2XLX","Unsellable","1","1",,"0","0",,
"2026-04-23T08:51:47-07:00","eZ0gC4hYyK","Seller-configured Automated Unfulfillable Removal System","Liquidations","Completed","2026-05-01T19:28:49-07:00","GT-001","X004ASQ30F","Unsellable","2","2",,"0","0",,
"2026-04-23T08:51:47-07:00","eZ0gC4hYyK","Seller-configured Automated Unfulfillable Removal System","Liquidations","Completed","2026-05-01T19:28:49-07:00","VSF-AWE6-G2","X004DC9D3H","Unsellable","1","1",,"0","0",,
"2026-04-23T08:51:47-07:00","eZ0gC4hYyK","Seller-configured Automated Unfulfillable Removal System","Liquidations","Completed","2026-05-01T19:28:49-07:00","VSL-LRUC100X2","X004NKXNGR","Unsellable","1","1",,"0","0",,
"2026-04-23T08:51:47-07:00","eZ0gC4hYyK","Seller-configured Automated Unfulfillable Removal System","Liquidations","Completed","2026-05-01T19:28:49-07:00","VSE-ATW70","X004RM0ZTT","Unsellable","1","1",,"0","0",,
"2026-04-22T10:24:27-07:00","1bTZNCprdR","Seller-configured Automated Unfulfillable Removal System","Return","Completed","2026-04-30T20:04:52-07:00","305130-PEN","X001CXZH71","Unsellable","1","0",,"1","0","0.84","USD"
"2026-04-22T10:24:27-07:00","1bTZNCprdR","Seller-configured Automated Unfulfillable Removal System","Return","Completed","2026-04-30T20:04:52-07:00","311001-5x5NJ","X001F1MPD9","Unsellable","2","0",,"2","0","4.54","USD"
"2026-04-22T10:24:27-07:00","1bTZNCprdR","Seller-configured Automated Unfulfillable Removal System","Return","Completed","2026-04-30T20:04:52-07:00","CHTrimer-01J","X002EHB2OB","Unsellable","2","0",,"2","0","20.08","USD"
"2026-04-22T10:24:27-07:00","1bTZNCprdR","Seller-configured Automated Unfulfillable Removal System","Return","Completed","2026-04-30T20:04:52-07:00","CHTrimer-02J","X003FU7E2Z","Unsellable","1","0",,"1","0","10.04","USD"
"2026-04-22T10:24:27-07:00","1bTZNCprdR","Seller-configured Automated Unfulfillable Removal System","Return","Completed","2026-04-30T20:04:52-07:00","VS-THB1S","X003QOMS49","Unsellable","1","0",,"1","0","0.84","USD"
"2026-04-22T10:24:27-07:00","1bTZNCprdR","Seller-configured Automated Unfulfillable Removal System","Return","Completed","2026-04-30T20:04:52-07:00","HR-0001B","X003XOJAP7","Unsellable","1","1",,"0","0",,
"2026-04-22T10:24:27-07:00","1bTZNCprdR","Seller-configured Automated Unfulfillable Removal System","Return","Completed","2026-04-30T20:04:52-07:00","GT-001","X004ASQ30F","Unsellable","2","2",,"0","0",,
"2026-04-22T07:26:15-07:00","+0SGvivpQQ","Seller-configured Automated Unfulfillable Removal System","Liquidations","Completed","2026-05-01T18:51:06-07:00","305130-PEN","X001CXZH71","Unsellable","1","0",,"1","0","0.00","USD"
"2026-04-22T07:26:15-07:00","+0SGvivpQQ","Seller-configured Automated Unfulfillable Removal System","Liquidations","Completed","2026-05-01T18:51:06-07:00","311001-5x5NJ","X001F1MPD9","Unsellable","2","0",,"2","0","0.00","USD"
"2026-04-22T07:26:15-07:00","+0SGvivpQQ","Seller-configured Automated Unfulfillable Removal System","Liquidations","Completed","2026-05-01T18:51:06-07:00","CHTrimer-01J","X002EHB2OB","Unsellable","2","0",,"2","0","0.00","USD"
"2026-04-22T07:26:15-07:00","+0SGvivpQQ","Seller-configured Automated Unfulfillable Removal System","Liquidations","Completed","2026-05-01T18:51:06-07:00","CHTrimer-02J","X003FU7E2Z","Unsellable","2","0",,"2","0","0.00","USD"
"2026-04-22T07:26:15-07:00","+0SGvivpQQ","Seller-configured Automated Unfulfillable Removal System","Liquidations","Completed","2026-05-01T18:51:06-07:00","VS-THB1S","X003QOMS49","Unsellable","1","0",,"1","0","0.00","USD"
"2026-04-22T07:26:15-07:00","+0SGvivpQQ","Seller-configured Automated Unfulfillable Removal System","Liquidations","Completed","2026-05-01T18:51:06-07:00","HR-0001B","X003XOJAP7","Unsellable","1","1",,"0","0",,
"2026-04-22T07:26:15-07:00","+0SGvivpQQ","Seller-configured Automated Unfulfillable Removal System","Liquidations","Completed","2026-05-01T18:51:06-07:00","LOUPE-007J","X0046LUM1R","Unsellable","1","0",,"1","0","0.00","USD"
"2026-04-22T07:26:15-07:00","+0SGvivpQQ","Seller-configured Automated Unfulfillable Removal System","Liquidations","Completed","2026-05-01T18:51:06-07:00","305142-PEN","X0049L6ASD","Unsellable","1","0",,"1","0","0.00","USD"
"2026-04-22T07:26:15-07:00","+0SGvivpQQ","Seller-configured Automated Unfulfillable Removal System","Liquidations","Completed","2026-05-01T18:51:06-07:00","GT-001","X004ASQ30F","Unsellable","2","2",,"0","0",,
"2026-04-21T11:52:23-07:00","Bj9SJd2WjY","Seller-configured Automated Unfulfillable Removal System","Return","Completed","2026-04-29T14:00:24-07:00","PS-002","X003GQOUS9","Unsellable","1","0",,"1","0","0.84","USD"
"2026-04-21T11:52:23-07:00","Bj9SJd2WjY","Seller-configured Automated Unfulfillable Removal System","Return","Completed","2026-04-29T14:00:24-07:00","305140-PEN","X003Y7ZWY1","Unsellable","3","1",,"2","0","1.68","USD"
"2026-04-21T11:52:23-07:00","Bj9SJd2WjY","Seller-configured Automated Unfulfillable Removal System","Return","Completed","2026-04-29T14:00:24-07:00","HR-0000J","X0042BCFMZ","Unsellable","1","1",,"0","0",,
"2026-04-21T11:52:23-07:00","Bj9SJd2WjY","Seller-configured Automated Unfulfillable Removal System","Return","Completed","2026-04-29T14:00:24-07:00","NB-003J","X004BPMUHR","Unsellable","1","0",,"1","0","25.98","USD"
"2026-04-21T11:52:23-07:00","Bj9SJd2WjY","Seller-configured Automated Unfulfillable Removal System","Return","Completed","2026-04-29T14:00:24-07:00","MGG-GS12-U20J","X004LFBGOZ","Unsellable","1","0",,"1","0","8.19","USD"
"2026-04-21T08:43:42-07:00","BslN6cAhF0","Seller-configured Automated Unfulfillable Removal System","Return","Pending","2026-04-21T12:11:52-07:00","330101-01K","X000U6HQI9","Unsellable","5","5",,"0","0",,
"2026-04-21T08:43:42-07:00","BslN6cAhF0","Seller-configured Automated Unfulfillable Removal System","Return","Pending","2026-04-21T12:11:52-07:00","311001-5*5K","X000WAEDQV","Unsellable","3","3",,"0","0",,
"2026-04-21T08:43:42-07:00","BslN6cAhF0","Seller-configured Automated Unfulfillable Removal System","Return","Pending","2026-04-21T12:11:52-07:00","311001-3*5K","X000WAEDTD","Unsellable","3","0",,"2","1","1.64","CAD"
"2026-04-21T08:43:42-07:00","BslN6cAhF0","Seller-configured Automated Unfulfillable Removal System","Return","Pending","2026-04-21T12:11:52-07:00","311001-15x5K","X000WAEDU7","Unsellable","7","7",,"0","0",,
"2026-04-21T08:43:42-07:00","BslN6cAhF0","Seller-configured Automated Unfulfillable Removal System","Return","Pending","2026-04-21T12:11:52-07:00","306119K","X000WAK32J","Unsellable","1","1",,"0","0",,
"2026-04-21T08:43:42-07:00","BslN6cAhF0","Seller-configured Automated Unfulfillable Removal System","Return","Pending","2026-04-21T12:11:52-07:00","311001-7*5K","X000YNXMLX","Unsellable","2","0",,"1","1","1.62","CAD"
"2026-04-21T08:43:42-07:00","BslN6cAhF0","Seller-configured Automated Unfulfillable Removal System","Return","Pending","2026-04-21T12:11:52-07:00","311001-25x5K","X000YNXR27","Unsellable","3","3",,"0","0",,
"2026-04-21T08:43:42-07:00","BslN6cAhF0","Seller-configured Automated Unfulfillable Removal System","Return","Pending","2026-04-21T12:11:52-07:00","330102K","X000YNXVHD","Unsellable","1","1",,"0","0",,
"2026-04-21T08:43:42-07:00","BslN6cAhF0","Seller-configured Automated Unfulfillable Removal System","Return","Pending","2026-04-21T12:11:52-07:00","304113-44K","X00167E9EP","Unsellable","1","0",,"1","0","15.40","CAD"
"2026-04-21T08:43:42-07:00","BslN6cAhF0","Seller-configured Automated Unfulfillable Removal System","Return","Pending","2026-04-21T12:11:52-07:00","331101-6K","X00168MM39","Unsellable","5","5",,"0","0",,
"2026-04-21T08:43:42-07:00","BslN6cAhF0","Seller-configured Automated Unfulfillable Removal System","Return","Pending","2026-04-21T12:11:52-07:00","331101-4K","X0016A2N7H","Unsellable","3","3",,"0","0",,
"2026-04-21T08:43:42-07:00","BslN6cAhF0","Seller-configured Automated Unfulfillable Removal System","Return","Pending","2026-04-21T12:11:52-07:00","308100K","X0016ARA43","Unsellable","1","1",,"0","0",,
"2026-04-21T08:43:42-07:00","BslN6cAhF0","Seller-configured Automated Unfulfillable Removal System","Return","Pending","2026-04-21T12:11:52-07:00","311001-30x5K","X0016G57GP","Unsellable","4","4",,"0","0",,
"2026-04-21T08:43:42-07:00","BslN6cAhF0","Seller-configured Automated Unfulfillable Removal System","Return","Pending","2026-04-21T12:11:52-07:00","311001-20x5K","X0016HFB8N","Unsellable","4","4",,"0","0",,
"2026-04-21T08:43:42-07:00","BslN6cAhF0","Seller-configured Automated Unfulfillable Removal System","Return","Pending","2026-04-21T12:11:52-07:00","330101x2K","X0016VM6S7","Unsellable","10","10",,"0","0",,
"2026-04-21T08:43:42-07:00","BslN6cAhF0","Seller-configured Automated Unfulfillable Removal System","Return","Pending","2026-04-21T12:11:52-07:00","306143-0616K","X0016W7BEP","Unsellable","1","1",,"0","0",,
"2026-04-21T08:43:42-07:00","BslN6cAhF0","Seller-configured Automated Unfulfillable Removal System","Return","Pending","2026-04-21T12:11:52-07:00","330103K","X0016X79E1","Unsellable","6","0",,"3","3","8.49","CAD"
"2026-04-21T08:43:42-07:00","BslN6cAhF0","Seller-configured Automated Unfulfillable Removal System","Return","Pending","2026-04-21T12:11:52-07:00","306104-6CK","X0018L0WB3","Unsellable","2","2",,"0","0",,
"2026-04-21T08:43:42-07:00","BslN6cAhF0","Seller-configured Automated Unfulfillable Removal System","Return","Pending","2026-04-21T12:11:52-07:00","330701-01K","X001BA006X","Unsellable","2","0",,"1","1","0.36","CAD"
"2026-04-21T08:43:42-07:00","BslN6cAhF0","Seller-configured Automated Unfulfillable Removal System","Return","Pending","2026-04-21T12:11:52-07:00","311001-1x5K","X001BBLIKT","Unsellable","1","1",,"0","0",,
"2026-04-21T08:43:42-07:00","BslN6cAhF0","Seller-configured Automated Unfulfillable Removal System","Return","Pending","2026-04-21T12:11:52-07:00","306201P-4K","X001D613UR","Unsellable","1","1",,"0","0",,
"2026-04-21T08:43:42-07:00","BslN6cAhF0","Seller-configured Automated Unfulfillable Removal System","Return","Pending","2026-04-21T12:11:52-07:00","306201P-8K","X001JINFFZ","Unsellable","1","0",,"0","1",,
"2026-04-21T08:43:42-07:00","BslN6cAhF0","Seller-configured Automated Unfulfillable Removal System","Return","Pending","2026-04-21T12:11:52-07:00","306201P-6K","X001JINFG9","Unsellable","2","0",,"1","1","5.02","CAD"
"2026-04-21T08:43:42-07:00","BslN6cAhF0","Seller-configured Automated Unfulfillable Removal System","Return","Pending","2026-04-21T12:11:52-07:00","306101W-4K","X001KCU7VP","Unsellable","12","12",,"0","0",,
"2026-04-21T08:43:42-07:00","BslN6cAhF0","Seller-configured Automated Unfulfillable Removal System","Return","Pending","2026-04-21T12:11:52-07:00","311021-3x5K","X001LWDR2F","Unsellable","1","1",,"0","0",,
"2026-04-21T08:43:42-07:00","BslN6cAhF0","Seller-configured Automated Unfulfillable Removal System","Return","Pending","2026-04-21T12:11:52-07:00","311021-15x5K","X001LWFXHH","Unsellable","1","1",,"0","0",,
"2026-04-21T08:43:42-07:00","BslN6cAhF0","Seller-configured Automated Unfulfillable Removal System","Return","Pending","2026-04-21T12:11:52-07:00","311021-5x5KK","X001LWFZ9D","Unsellable","3","3",,"0","0",,
"2026-04-21T08:43:42-07:00","BslN6cAhF0","Seller-configured Automated Unfulfillable Removal System","Return","Pending","2026-04-21T12:11:52-07:00","311021-10x5K","X001LWGBN7","Unsellable","2","2",,"0","0",,
"2026-04-21T08:43:42-07:00","BslN6cAhF0","Seller-configured Automated Unfulfillable Removal System","Return","Pending","2026-04-21T12:11:52-07:00","332523K","X001M12U87","Unsellable","1","1",,"0","0",,
"2026-04-21T08:43:42-07:00","BslN6cAhF0","Seller-configured Automated Unfulfillable Removal System","Return","Pending","2026-04-21T12:11:52-07:00","311003-5K","X001M23OUT","Unsellable","3","3",,"0","0",,
"2026-04-21T08:43:42-07:00","BslN6cAhF0","Seller-configured Automated Unfulfillable Removal System","Return","Pending","2026-04-21T12:11:52-07:00","333101-GK","X001RKA0VH","Unsellable","1","1",,"0","0",,
"2026-04-21T08:43:42-07:00","BslN6cAhF0","Seller-configured Automated Unfulfillable Removal System","Return","Pending","2026-04-21T12:11:52-07:00","332572K","X0026O3WMR","Unsellable","12","0",,"1","11","1.62","CAD"
"2026-04-21T08:43:42-07:00","BslN6cAhF0","Seller-configured Automated Unfulfillable Removal System","Return","Pending","2026-04-21T12:11:52-07:00","311021-30x5K","X0027LF9U7","Unsellable","1","1",,"0","0",,
"2026-04-21T08:43:42-07:00","BslN6cAhF0","Seller-configured Automated Unfulfillable Removal System","Return","Pending","2026-04-21T12:11:52-07:00","SPray-30LK","X00289XXFL","Unsellable","2","2",,"0","0",,
"2026-04-21T08:43:42-07:00","BslN6cAhF0","Seller-configured Automated Unfulfillable Removal System","Return","Pending","2026-04-21T12:11:52-07:00","SPray-15L-RK","X0028B1A8L","Unsellable","1","1",,"0","0",,
"2026-04-21T08:43:42-07:00","BslN6cAhF0","Seller-configured Automated Unfulfillable Removal System","Return","Pending","2026-04-21T12:11:52-07:00","SPray-15L-GK","X0028BZNWZ","Unsellable","2","2",,"0","0",,
"2026-04-21T08:43:42-07:00","BslN6cAhF0","Seller-configured Automated Unfulfillable Removal System","Return","Pending","2026-04-21T12:11:52-07:00","330104K","X0028CCR9L","Unsellable","2","2",,"0","0",,
"2026-04-21T08:43:42-07:00","BslN6cAhF0","Seller-configured Automated Unfulfillable Removal System","Return","Pending","2026-04-21T12:11:52-07:00","332576K","X0028L19J1","Unsellable","1","1",,"0","0",,
"2026-04-21T08:43:42-07:00","BslN6cAhF0","Seller-configured Automated Unfulfillable Removal System","Return","Pending","2026-04-21T12:11:52-07:00","332574K","X0028MLG4X","Unsellable","3","3",,"0","0",,
"2026-04-21T08:43:42-07:00","BslN6cAhF0","Seller-configured Automated Unfulfillable Removal System","Return","Pending","2026-04-21T12:11:52-07:00","332573K","X0028MN7QD","Unsellable","2","2",,"0","0",,
"2026-04-21T08:43:42-07:00","BslN6cAhF0","Seller-configured Automated Unfulfillable Removal System","Return","Pending","2026-04-21T12:11:52-07:00","DSpel001K","X0028MO1RR","Unsellable","2","2",,"0","0",,
"2026-04-21T08:43:42-07:00","BslN6cAhF0","Seller-configured Automated Unfulfillable Removal System","Return","Pending","2026-04-21T12:11:52-07:00","308122K","X0028NLQ8N","Unsellable","1","0",,"1","0","13.46","CAD"
"2026-04-21T08:43:42-07:00","BslN6cAhF0","Seller-configured Automated Unfulfillable Removal System","Return","Pending","2026-04-21T12:11:52-07:00","307281-2K","X0028TRIQB","Unsellable","2","2",,"0","0",,
"2026-04-21T08:43:42-07:00","BslN6cAhF0","Seller-configured Automated Unfulfillable Removal System","Return","Pending","2026-04-21T12:11:52-07:00","SPray-08L-GK","X0029LVMNN","Unsellable","2","2",,"0","0",,
"2026-04-21T08:43:42-07:00","BslN6cAhF0","Seller-configured Automated Unfulfillable Removal System","Return","Pending","2026-04-21T12:11:52-07:00","311001-100K","X0029QTYJH","Unsellable","2","2",,"0","0",,
"2026-04-21T08:43:42-07:00","BslN6cAhF0","Seller-configured Automated Unfulfillable Removal System","Return","Pending","2026-04-21T12:11:52-07:00","305131-PENK","X002ALDC3Z","Unsellable","22","22",,"0","0",,
"2026-04-21T08:43:42-07:00","BslN6cAhF0","Seller-configured Automated Unfulfillable Removal System","Return","Pending","2026-04-21T12:11:52-07:00","330120x2K","X002AMSP1X","Unsellable","1","1",,"0","0",,
"2026-04-21T08:43:42-07:00","BslN6cAhF0","Seller-configured Automated Unfulfillable Removal System","Return","Pending","2026-04-21T12:11:52-07:00","305130-PENK","X002AO9XN5","Unsellable","6","6",,"0","0",,
"2026-04-21T08:43:42-07:00","BslN6cAhF0","Seller-configured Automated Unfulfillable Removal System","Return","Pending","2026-04-21T12:11:52-07:00","332567K","X002B0KFFN","Unsellable","1","1",,"0","0",,
"2026-04-21T08:43:42-07:00","BslN6cAhF0","Seller-configured Automated Unfulfillable Removal System","Return","Pending","2026-04-21T12:11:52-07:00","332568K","X002B5A689","Unsellable","1","1",,"0","0",,
"2026-04-21T08:43:42-07:00","BslN6cAhF0","Seller-configured Automated Unfulfillable Removal System","Return","Pending","2026-04-21T12:11:52-07:00","332566K","X002B5JSUL","Unsellable","1","1",,"0","0",,
"2026-04-21T08:43:42-07:00","BslN6cAhF0","Seller-configured Automated Unfulfillable Removal System","Return","Pending","2026-04-21T12:11:52-07:00","332570K","X002B5KMRJ","Unsellable","1","1",,"0","0",,
"2026-04-21T08:43:42-07:00","BslN6cAhF0","Seller-configured Automated Unfulfillable Removal System","Return","Pending","2026-04-21T12:11:52-07:00","304866x2K","X002D2F6OT","Unsellable","1","1",,"0","0",,
"2026-04-21T08:43:42-07:00","BslN6cAhF0","Seller-configured Automated Unfulfillable Removal System","Return","Pending","2026-04-21T12:11:52-07:00","308105-50K","X002EE3AFN","Unsellable","1","1",,"0","0",,
"2026-04-21T08:43:42-07:00","BslN6cAhF0","Seller-configured Automated Unfulfillable Removal System","Return","Pending","2026-04-21T12:11:52-07:00","304113-88K","X002HFS92D","Unsellable","1","1",,"0","0",,
"2026-04-21T08:43:42-07:00","BslN6cAhF0","Seller-configured Automated Unfulfillable Removal System","Return","Pending","2026-04-21T12:11:52-07:00","Spray-SX-CS4K","X002IRQ01R","Unsellable","3","3",,"0","0",,
"2026-04-21T08:43:42-07:00","BslN6cAhF0","Seller-configured Automated Unfulfillable Removal System","Return","Pending","2026-04-21T12:11:52-07:00","PH002K","X002JPFWKN","Unsellable","1","1",,"0","0",,
"2026-04-21T08:43:42-07:00","BslN6cAhF0","Seller-configured Automated Unfulfillable Removal System","Return","Pending","2026-04-21T12:11:52-07:00","HGK3-108K","X002KJ9RKJ","Unsellable","1","1",,"0","0",,
"2026-04-21T08:43:42-07:00","BslN6cAhF0","Seller-configured Automated Unfulfillable Removal System","Return","Pending","2026-04-21T12:11:52-07:00","CHTrimer-01K","X002L7NS37","Unsellable","4","0",,"2","2","10.04","CAD"
"2026-04-21T08:43:42-07:00","BslN6cAhF0","Seller-configured Automated Unfulfillable Removal System","Return","Pending","2026-04-21T12:11:52-07:00","332582-100K","X002L7NT81","Unsellable","2","0",,"1","1","3.85","CAD"
"2026-04-21T08:43:42-07:00","BslN6cAhF0","Seller-configured Automated Unfulfillable Removal System","Return","Pending","2026-04-21T12:11:52-07:00","GB0100K","X002MBSJ9F","Unsellable","3","2",,"0","1",,
"2026-04-21T08:43:42-07:00","BslN6cAhF0","Seller-configured Automated Unfulfillable Removal System","Return","Pending","2026-04-21T12:11:52-07:00","PB-7K","X002P1XTCJ","Unsellable","2","2",,"0","0",,
"2026-04-21T08:43:42-07:00","BslN6cAhF0","Seller-configured Automated Unfulfillable Removal System","Return","Pending","2026-04-21T12:11:52-07:00","311021-25x5K","X002PDMXN3","Unsellable","3","3",,"0","0",,
"2026-04-21T08:43:42-07:00","BslN6cAhF0","Seller-configured Automated Unfulfillable Removal System","Return","Pending","2026-04-21T12:11:52-07:00","304114-94K","X002PDV7Q7","Unsellable","1","1",,"0","0",,
"2026-04-21T08:43:42-07:00","BslN6cAhF0","Seller-configured Automated Unfulfillable Removal System","Return","Pending","2026-04-21T12:11:52-07:00","311021-2x5K","X002PDVG6N","Unsellable","1","1",,"0","0",,
"2026-04-21T08:43:42-07:00","BslN6cAhF0","Seller-configured Automated Unfulfillable Removal System","Return","Pending","2026-04-21T12:11:52-07:00","304113-21K","X002PDVK69","Unsellable","1","0",,"0","1",,
"2026-04-21T08:43:42-07:00","BslN6cAhF0","Seller-configured Automated Unfulfillable Removal System","Return","Pending","2026-04-21T12:11:52-07:00","YOYO-004K","X002R57ZPF","Unsellable","1","1",,"0","0",,
"2026-04-21T08:43:42-07:00","BslN6cAhF0","Seller-configured Automated Unfulfillable Removal System","Return","Pending","2026-04-21T12:11:52-07:00","306146-0412K","X002SUO6LF","Unsellable","1","1",,"0","0",,
"2026-04-21T08:43:42-07:00","BslN6cAhF0","Seller-configured Automated Unfulfillable Removal System","Return","Pending","2026-04-21T12:11:52-07:00","HSB950-1800LK","X00305V0TN","Unsellable","2","2",,"0","0",,
"2026-04-21T08:43:42-07:00","BslN6cAhF0","Seller-configured Automated Unfulfillable Removal System","Return","Pending","2026-04-21T12:11:52-07:00","HSB950B-2500LK","X00305V1U1","Unsellable","3","3",,"0","0",,
"2026-04-21T08:43:42-07:00","BslN6cAhF0","Seller-configured Automated Unfulfillable Removal System","Return","Pending","2026-04-21T12:11:52-07:00","PH004NK","X0030A40SB","Unsellable","2","2",,"0","0",,
"2026-04-21T08:43:42-07:00","BslN6cAhF0","Seller-configured Automated Unfulfillable Removal System","Return","Pending","2026-04-21T12:11:52-07:00","311001-7x10K","X003DPYQNH","Unsellable","1","1",,"0","0",,
"2026-04-21T08:43:42-07:00","BslN6cAhF0","Seller-configured Automated Unfulfillable Removal System","Return","Pending","2026-04-21T12:11:52-07:00","311001-20x10K","X003DQEKYL","Unsellable","2","0",,"1","1","5.39","CAD"
"2026-04-21T08:43:42-07:00","BslN6cAhF0","Seller-configured Automated Unfulfillable Removal System","Return","Pending","2026-04-21T12:11:52-07:00","311001-25x10K","X003DQFPYZ","Unsellable","1","1",,"0","0",,
"2026-04-21T08:43:42-07:00","BslN6cAhF0","Seller-configured Automated Unfulfillable Removal System","Return","Pending","2026-04-21T12:11:52-07:00","PH007K","X003FFTIB5","Unsellable","2","2",,"0","0",,
"2026-04-21T08:43:42-07:00","BslN6cAhF0","Seller-configured Automated Unfulfillable Removal System","Return","Pending","2026-04-21T12:11:52-07:00","AP-55K","X003FGR1CH","Unsellable","3","3",,"0","0",,
"2026-04-21T08:43:42-07:00","BslN6cAhF0","Seller-configured Automated Unfulfillable Removal System","Return","Pending","2026-04-21T12:11:52-07:00","AP-40K","X003FGVA7J","Unsellable","1","1",,"0","0",,
"2026-04-21T08:43:42-07:00","BslN6cAhF0","Seller-configured Automated Unfulfillable Removal System","Return","Pending","2026-04-21T12:11:52-07:00","AP-15K","X003FGVA7T","Unsellable","1","1",,"0","0",,
"2026-04-21T08:43:42-07:00","BslN6cAhF0","Seller-configured Automated Unfulfillable Removal System","Return","Pending","2026-04-21T12:11:52-07:00","330704-04K","X003FHDSOL","Unsellable","1","1",,"0","0",,
"2026-04-21T08:43:42-07:00","BslN6cAhF0","Seller-configured Automated Unfulfillable Removal System","Return","Pending","2026-04-21T12:11:52-07:00","CBIN-H220K","X003RDIP3H","Unsellable","2","2",,"0","0",,
"2026-04-21T08:43:42-07:00","BslN6cAhF0","Seller-configured Automated Unfulfillable Removal System","Return","Pending","2026-04-21T12:11:52-07:00","PS-002X2K","X003RDJ6ZN","Unsellable","1","1",,"0","0",,
"2026-04-21T08:43:42-07:00","BslN6cAhF0","Seller-configured Automated Unfulfillable Removal System","Return","Pending","2026-04-21T12:11:52-07:00","PL-0001K","X003RS3C9J","Unsellable","1","1",,"0","0",,
"2026-04-21T08:43:42-07:00","BslN6cAhF0","Seller-configured Automated Unfulfillable Removal System","Return","Pending","2026-04-21T12:11:52-07:00","PL-0002K","X003RS5ONV","Unsellable","1","1",,"0","0",,
"2026-04-21T08:43:42-07:00","BslN6cAhF0","Seller-configured Automated Unfulfillable Removal System","Return","Pending","2026-04-21T12:11:52-07:00","TN-24K","X003SYKRVN","Unsellable","1","1",,"0","0",,
"2026-04-21T08:43:42-07:00","BslN6cAhF0","Seller-configured Automated Unfulfillable Removal System","Return","Pending","2026-04-21T12:11:52-07:00","TN-44K","X003SZ0I25","Unsellable","1","1",,"0","0",,
"2026-04-21T08:43:42-07:00","BslN6cAhF0","Seller-configured Automated Unfulfillable Removal System","Return","Pending","2026-04-21T12:11:52-07:00","VSV-AZT4K","X003UGTR5V","Unsellable","2","2",,"0","0",,
"2026-04-21T08:43:42-07:00","BslN6cAhF0","Seller-configured Automated Unfulfillable Removal System","Return","Pending","2026-04-21T12:11:52-07:00","VSV-AZG4K","X003UH0P5V","Unsellable","2","2",,"0","0",,
"2026-04-21T08:43:42-07:00","BslN6cAhF0","Seller-configured Automated Unfulfillable Removal System","Return","Pending","2026-04-21T12:11:52-07:00","VSV-AZG8E42AK","X003UH4B3X","Unsellable","1","0",,"1","0","5.02","CAD"
"2026-04-21T08:43:42-07:00","BslN6cAhF0","Seller-configured Automated Unfulfillable Removal System","Return","Pending","2026-04-21T12:11:52-07:00","WP-331K","X003VJH1EB","Unsellable","2","2",,"0","0",,
"2026-04-21T08:43:42-07:00","BslN6cAhF0","Seller-configured Automated Unfulfillable Removal System","Return","Pending","2026-04-21T12:11:52-07:00","306104-416K","X003VVNEHR","Unsellable","3","3",,"0","0",,
"2026-04-21T08:43:42-07:00","BslN6cAhF0","Seller-configured Automated Unfulfillable Removal System","Return","Pending","2026-04-21T12:11:52-07:00","306109-68K","X003VVNGPR","Unsellable","1","1",,"0","0",,
"2026-04-21T08:43:42-07:00","BslN6cAhF0","Seller-configured Automated Unfulfillable Removal System","Return","Pending","2026-04-21T12:11:52-07:00","306104-68K","X003VVPM3V","Unsellable","1","1",,"0","0",,
"2026-04-21T08:43:42-07:00","BslN6cAhF0","Seller-configured Automated Unfulfillable Removal System","Return","Pending","2026-04-21T12:11:52-07:00","306109-6K","X003VVPZ3D","Unsellable","2","2",,"0","0",,
"2026-04-21T08:43:42-07:00","BslN6cAhF0","Seller-configured Automated Unfulfillable Removal System","Return","Pending","2026-04-21T12:11:52-07:00","304113-2014K","X003X2AGC5","Unsellable","2","2",,"0","0",,
"2026-04-21T08:43:42-07:00","BslN6cAhF0","Seller-configured Automated Unfulfillable Removal System","Return","Pending","2026-04-21T12:11:52-07:00","SST-1-0001K","X003XUW3S7","Unsellable","2","2",,"0","0",,
"2026-04-21T08:43:42-07:00","BslN6cAhF0","Seller-configured Automated Unfulfillable Removal System","Return","Pending","2026-04-21T12:11:52-07:00","VSFW005-BlackK","X003Y798P5","Unsellable","1","1",,"0","0",,
"2026-04-21T08:43:42-07:00","BslN6cAhF0","Seller-configured Automated Unfulfillable Removal System","Return","Pending","2026-04-21T12:11:52-07:00","GH-E25K","X003Y81825","Unsellable","1","1",,"0","0",,
"2026-04-21T08:43:42-07:00","BslN6cAhF0","Seller-configured Automated Unfulfillable Removal System","Return","Pending","2026-04-21T12:11:52-07:00","VSV-TF13-WK","X003Y94OPH","Unsellable","1","1",,"0","0",,
"2026-04-21T08:43:42-07:00","BslN6cAhF0","Seller-configured Automated Unfulfillable Removal System","Return","Pending","2026-04-21T12:11:52-07:00","307282-2K","X003Y9MGZR","Unsellable","4","4",,"0","0",,
"2026-04-21T08:43:42-07:00","BslN6cAhF0","Seller-configured Automated Unfulfillable Removal System","Return","Pending","2026-04-21T12:11:52-07:00","330301K","X003YG5X19","Unsellable","6","6",,"0","0",,
"2026-04-21T08:43:42-07:00","BslN6cAhF0","Seller-configured Automated Unfulfillable Removal System","Return","Pending","2026-04-21T12:11:52-07:00","LH-001-6K","X003ZEYI9D","Unsellable","1","1",,"0","0",,
"2026-04-21T08:43:42-07:00","BslN6cAhF0","Seller-configured Automated Unfulfillable Removal System","Return","Pending","2026-04-21T12:11:52-07:00","VSS-UCSK","X003ZPKQ25","Unsellable","1","1",,"0","0",,
"2026-04-21T08:43:42-07:00","BslN6cAhF0","Seller-configured Automated Unfulfillable Removal System","Return","Pending","2026-04-21T12:11:52-07:00","Spray-SX-CS8K","X00413DX6V","Unsellable","1","0",,"1","0","2.83","CAD"
"2026-04-21T08:43:42-07:00","BslN6cAhF0","Seller-configured Automated Unfulfillable Removal System","Return","Pending","2026-04-21T12:11:52-07:00","VSGB-7K","X0041EANFT","Unsellable","1","1",,"0","0",,
"2026-04-21T08:43:42-07:00","BslN6cAhF0","Seller-configured Automated Unfulfillable Removal System","Return","Pending","2026-04-21T12:11:52-07:00","VSGB-10K","X0041EANR7","Unsellable","1","1",,"0","0",,
"2026-04-21T08:43:42-07:00","BslN6cAhF0","Seller-configured Automated Unfulfillable Removal System","Return","Pending","2026-04-21T12:11:52-07:00","VSGB-3K","X0041ECFCX","Unsellable","1","0",,"1","0","1.62","CAD"
"2026-04-21T08:43:42-07:00","BslN6cAhF0","Seller-configured Automated Unfulfillable Removal System","Return","Pending","2026-04-21T12:11:52-07:00","HR-0001BK","X0041I557B","Unsellable","1","0",,"1","0","9.58","CAD"
"2026-04-21T08:43:42-07:00","BslN6cAhF0","Seller-configured Automated Unfulfillable Removal System","Return","Pending","2026-04-21T12:11:52-07:00","RP-002K","X0043RS1LR","Unsellable","1","1",,"0","0",,
"2026-04-21T08:43:42-07:00","BslN6cAhF0","Seller-configured Automated Unfulfillable Removal System","Return","Pending","2026-04-21T12:11:52-07:00","VSV-WVK1K","X0043SID3H","Unsellable","1","1",,"0","0",,
"2026-04-21T08:43:42-07:00","BslN6cAhF0","Seller-configured Automated Unfulfillable Removal System","Return","Pending","2026-04-21T12:11:52-07:00","332562K","X0043U1JNL","Unsellable","1","1",,"0","0",,
"2026-04-21T08:43:42-07:00","BslN6cAhF0","Seller-configured Automated Unfulfillable Removal System","Return","Pending","2026-04-21T12:11:52-07:00","332595K","X0043U4OJR","Unsellable","1","1",,"0","0",,
"2026-04-21T08:43:42-07:00","BslN6cAhF0","Seller-configured Automated Unfulfillable Removal System","Return","Pending","2026-04-21T12:11:52-07:00","VSV-WVK2K","X00440KG3T","Unsellable","3","0",,"1","2","5.02","CAD"
"2026-04-21T08:43:42-07:00","BslN6cAhF0","Seller-configured Automated Unfulfillable Removal System","Return","Pending","2026-04-21T12:11:52-07:00","VSF-R410-BLK","X0045D2QWT","Unsellable","2","2",,"0","0",,
"2026-04-21T08:43:42-07:00","BslN6cAhF0","Seller-configured Automated Unfulfillable Removal System","Return","Pending","2026-04-21T12:11:52-07:00","VSF-AWE9K","X0046BLS2T","Unsellable","2","2",,"0","0",,
"2026-04-21T08:43:42-07:00","BslN6cAhF0","Seller-configured Automated Unfulfillable Removal System","Return","Pending","2026-04-21T12:11:52-07:00","WC-002K","X0047NY5LR","Unsellable","2","1",,"0","1",,
"2026-04-21T08:43:42-07:00","BslN6cAhF0","Seller-configured Automated Unfulfillable Removal System","Return","Pending","2026-04-21T12:11:52-07:00","332583-20K","X0048F98VB","Unsellable","2","2",,"0","0",,
"2026-04-21T08:43:42-07:00","BslN6cAhF0","Seller-configured Automated Unfulfillable Removal System","Return","Pending","2026-04-21T12:11:52-07:00","332583-10K","X0048FHTSZ","Unsellable","3","3",,"0","0",,
"2026-04-21T08:43:42-07:00","BslN6cAhF0","Seller-configured Automated Unfulfillable Removal System","Return","Pending","2026-04-21T12:11:52-07:00","332583-35K","X0048FIP0B","Unsellable","3","3",,"0","0",,
"2026-04-21T08:43:42-07:00","BslN6cAhF0","Seller-configured Automated Unfulfillable Removal System","Return","Pending","2026-04-21T12:11:52-07:00","AP-40kitK","X00497N1ED","Unsellable","4","4",,"0","0",,
"2026-04-21T08:43:42-07:00","BslN6cAhF0","Seller-configured Automated Unfulfillable Removal System","Return","Pending","2026-04-21T12:11:52-07:00","AP-40kit","X00497UXJT","Unsellable","1","0",,"1","0","6.93","CAD"
"2026-04-21T08:43:42-07:00","BslN6cAhF0","Seller-configured Automated Unfulfillable Removal System","Return","Pending","2026-04-21T12:11:52-07:00","305141-PENK","X0049L0LKB","Unsellable","5","0",,"1","4","0.36","CAD"
"2026-04-21T08:43:42-07:00","BslN6cAhF0","Seller-configured Automated Unfulfillable Removal System","Return","Pending","2026-04-21T12:11:52-07:00","VSVC-AZG8E42A-CA","X004AB1OPB","Unsellable","1","1",,"0","0",,
"2026-04-21T08:43:42-07:00","BslN6cAhF0","Seller-configured Automated Unfulfillable Removal System","Return","Pending","2026-04-21T12:11:52-07:00","OUL-001-6K","X004AUSWD9","Unsellable","1","1",,"0","0",,
"2026-04-21T08:43:42-07:00","BslN6cAhF0","Seller-configured Automated Unfulfillable Removal System","Return","Pending","2026-04-21T12:11:52-07:00","304866x4-K","X004AUWESN","Unsellable","1","1",,"0","0",,
"2026-04-21T08:43:42-07:00","BslN6cAhF0","Seller-configured Automated Unfulfillable Removal System","Return","Pending","2026-04-21T12:11:52-07:00","SPray-1L-BGK","X004AUZMRX","Unsellable","7","7",,"0","0",,
"2026-04-21T08:43:42-07:00","BslN6cAhF0","Seller-configured Automated Unfulfillable Removal System","Return","Pending","2026-04-21T12:11:52-07:00","GH-A22SK","X004CJYH4L","Unsellable","1","1",,"0","0",,
"2026-04-21T08:43:42-07:00","BslN6cAhF0","Seller-configured Automated Unfulfillable Removal System","Return","Pending","2026-04-21T12:11:52-07:00","VSF-AWE6W-G2K","X004DZVTZT","Unsellable","1","1",,"0","0",,
"2026-04-21T08:43:42-07:00","BslN6cAhF0","Seller-configured Automated Unfulfillable Removal System","Return","Pending","2026-04-21T12:11:52-07:00","VSF-AWE6-G2K","X004DZX6P5","Unsellable","1","1",,"0","0",,
"2026-04-21T08:43:42-07:00","BslN6cAhF0","Seller-configured Automated Unfulfillable Removal System","Return","Pending","2026-04-21T12:11:52-07:00","VSE-ASH09K","X004FAP10V","Unsellable","2","2",,"0","0",,
"2026-04-21T08:43:42-07:00","BslN6cAhF0","Seller-configured Automated Unfulfillable Removal System","Return","Pending","2026-04-21T12:11:52-07:00","VSV-IFP4CK","X004H4F04H","Unsellable","2","2",,"0","0",,
"2026-04-21T08:43:42-07:00","BslN6cAhF0","Seller-configured Automated Unfulfillable Removal System","Return","Pending","2026-04-21T12:11:52-07:00","VSV-IFP6CK","X004H4OVZL","Unsellable","1","1",,"0","0",,
"2026-04-21T08:43:42-07:00","BslN6cAhF0","Seller-configured Automated Unfulfillable Removal System","Return","Pending","2026-04-21T12:11:52-07:00","VSA-GGD2JK","X004L5TDO5","Unsellable","1","1",,"0","0",,
"2026-04-21T08:43:42-07:00","BslN6cAhF0","Seller-configured Automated Unfulfillable Removal System","Return","Pending","2026-04-21T12:11:52-07:00","VSG-SPRAY-PP2LK","X004QXNAEB","Unsellable","1","1",,"0","0",,
"2026-04-21T08:43:42-07:00","BslN6cAhF0","Seller-configured Automated Unfulfillable Removal System","Return","Pending","2026-04-21T12:11:52-07:00","306109-4CK","X004RIQXCV","Unsellable","1","1",,"0","0",,
"2026-04-21T08:43:42-07:00","BslN6cAhF0","Seller-configured Automated Unfulfillable Removal System","Return","Pending","2026-04-21T12:11:52-07:00","VSE-ATW70K","X004RMCZ65","Unsellable","3","3",,"0","0",,
"2026-04-21T08:43:42-07:00","BslN6cAhF0","Seller-configured Automated Unfulfillable Removal System","Return","Pending","2026-04-21T12:11:52-07:00","VSL-LL150-NK","X004RS11J1","Unsellable","1","1",,"0","0",,
"2026-04-21T08:43:42-07:00","BslN6cAhF0","Seller-configured Automated Unfulfillable Removal System","Return","Pending","2026-04-21T12:11:52-07:00","VSC-GCC4K","X004S2Z7H3","Unsellable","3","3",,"0","0",,
"2026-04-21T08:43:42-07:00","BslN6cAhF0","Seller-configured Automated Unfulfillable Removal System","Return","Pending","2026-04-21T12:11:52-07:00","VSG-ESPRAY-2L-CA","X004SO59HJ","Unsellable","3","3",,"0","0",,
"2026-04-21T08:07:50-07:00","meqCNVib+1","Seller-configured Automated Unfulfillable Removal System","Liquidations","Completed","2026-05-02T01:24:06-07:00","306104-62C","X002A34RA5","Unsellable","1","1",,"0","0",,
"2026-04-21T08:07:50-07:00","meqCNVib+1","Seller-configured Automated Unfulfillable Removal System","Liquidations","Completed","2026-05-02T01:24:06-07:00","VS-THB1S","X003QOMS49","Unsellable","1","0",,"1","0","0.00","USD"
"2026-04-21T08:07:50-07:00","meqCNVib+1","Seller-configured Automated Unfulfillable Removal System","Liquidations","Completed","2026-05-02T01:24:06-07:00","SDP-002","X003SAOOZ7","Unsellable","1","1",,"0","0",,
"2026-04-21T08:07:50-07:00","meqCNVib+1","Seller-configured Automated Unfulfillable Removal System","Liquidations","Completed","2026-05-02T01:24:06-07:00","305140-PEN","X003Y7ZWY1","Unsellable","4","0",,"4","0","0.00","USD"
"2026-04-21T08:07:50-07:00","meqCNVib+1","Seller-configured Automated Unfulfillable Removal System","Liquidations","Completed","2026-05-02T01:24:06-07:00","VSGBS-129x1","X003ZWTGB5","Unsellable","1","0",,"1","0","0.00","USD"
"2026-04-21T08:07:50-07:00","meqCNVib+1","Seller-configured Automated Unfulfillable Removal System","Liquidations","Completed","2026-05-02T01:24:06-07:00","HR-0000J","X0042BCFMZ","Unsellable","1","1",,"0","0",,
"2026-04-21T08:07:50-07:00","meqCNVib+1","Seller-configured Automated Unfulfillable Removal System","Liquidations","Completed","2026-05-02T01:24:06-07:00","VSN-BJ32","X004446A67","Unsellable","1","1",,"0","0",,
"2026-04-21T08:07:50-07:00","meqCNVib+1","Seller-configured Automated Unfulfillable Removal System","Liquidations","Completed","2026-05-02T01:24:06-07:00","VSS-SP-3456L40","X004CJOX95","Unsellable","1","1",,"0","0",,
"2026-04-21T08:07:50-07:00","meqCNVib+1","Seller-configured Automated Unfulfillable Removal System","Liquidations","Completed","2026-05-02T01:24:06-07:00","COMBO-02NJ","X004FB5KS3","Unsellable","1","0",,"1","0","0.00","USD"
"2026-04-20T18:09:02-07:00","260421PE2","Seller-initiated Manual Removal","Return","Completed","2026-05-06T19:24:14-07:00","330118K","X000WH4G61","Unsellable","27","27",,"0","0",,
"2026-04-20T18:09:02-07:00","260421PE2","Seller-initiated Manual Removal","Return","Completed","2026-05-06T19:24:14-07:00","330101CK","X000Y40U1R","Unsellable","273","71",,"202","0","327.35","CAD"
"2026-04-20T18:09:02-07:00","260421PE2","Seller-initiated Manual Removal","Return","Completed","2026-05-06T19:24:14-07:00","330103CK","X0028CCZVB","Unsellable","190","152",,"38","0","107.54","CAD"
"2026-04-20T18:09:02-07:00","260421PE2","Seller-initiated Manual Removal","Return","Completed","2026-05-06T19:24:14-07:00","HM002K","X002M0OCP1","Unsellable","21","21",,"0","0",,
"2026-04-20T18:09:02-07:00","260421PE2","Seller-initiated Manual Removal","Return","Completed","2026-05-06T19:24:14-07:00","330104CK","X002P7IK81","Unsellable","34","30",,"4","0","6.71","CAD"
"2026-04-20T18:09:02-07:00","260421PE2","Seller-initiated Manual Removal","Return","Completed","2026-05-06T19:24:14-07:00","330102CK","X002P7LAER","Unsellable","81","32",,"49","0","82.81","CAD"
"2026-04-20T18:09:02-07:00","260421PE2","Seller-initiated Manual Removal","Return","Completed","2026-05-06T19:24:14-07:00","HM003K","X0043SQKXR","Unsellable","18","18",,"0","0",,
"2026-04-20T11:54:43-07:00","lK0n57HsD3","Seller-configured Automated Unfulfillable Removal System","Return","Completed","2026-04-21T19:11:28-07:00","306104-68J","X001PQPWOD","Unsellable","1","1",,"0","0",,
"2026-04-20T11:54:43-07:00","lK0n57HsD3","Seller-configured Automated Unfulfillable Removal System","Return","Completed","2026-04-21T19:11:28-07:00","311001-100J","X0027JRJDJ","Unsellable","1","0",,"1","0","2.27","USD"
"2026-04-20T11:54:43-07:00","lK0n57HsD3","Seller-configured Automated Unfulfillable Removal System","Return","Completed","2026-04-21T19:11:28-07:00","306104-62C","X002A34RA5","Unsellable","1","1",,"0","0",,
"2026-04-20T11:54:43-07:00","lK0n57HsD3","Seller-configured Automated Unfulfillable Removal System","Return","Completed","2026-04-21T19:11:28-07:00","PS-002","X003GQOUS9","Unsellable","1","1",,"0","0",,
"2026-04-20T11:54:43-07:00","lK0n57HsD3","Seller-configured Automated Unfulfillable Removal System","Return","Completed","2026-04-21T19:11:28-07:00","LR-0002","X003H3APNZ","Unsellable","1","1",,"0","0",,
"2026-04-20T11:54:43-07:00","lK0n57HsD3","Seller-configured Automated Unfulfillable Removal System","Return","Completed","2026-04-21T19:11:28-07:00","SDP-002","X003SAOOZ7","Unsellable","1","1",,"0","0",,
"2026-04-20T11:54:43-07:00","lK0n57HsD3","Seller-configured Automated Unfulfillable Removal System","Return","Completed","2026-04-21T19:11:28-07:00","HR-0002B","X003XOJ0V1","Unsellable","1","1",,"0","0",,
"2026-04-20T11:54:43-07:00","lK0n57HsD3","Seller-configured Automated Unfulfillable Removal System","Return","Completed","2026-04-21T19:11:28-07:00","HR-0000J","X0042BCFMZ","Unsellable","1","1",,"0","0",,
"2026-04-20T11:54:43-07:00","lK0n57HsD3","Seller-configured Automated Unfulfillable Removal System","Return","Completed","2026-04-21T19:11:28-07:00","VSP-SWP-PT16","X004B1J9EN","Unsellable","1","1",,"0","0",,
"2026-04-20T11:54:43-07:00","lK0n57HsD3","Seller-configured Automated Unfulfillable Removal System","Return","Completed","2026-04-21T19:11:28-07:00","NB-003J","X004BPMUHR","Unsellable","1","1",,"0","0",,
"2026-04-20T11:54:43-07:00","lK0n57HsD3","Seller-configured Automated Unfulfillable Removal System","Return","Completed","2026-04-21T19:11:28-07:00","VSS-SP-3456L40","X004CJOX95","Unsellable","1","1",,"0","0",,
"2026-04-20T08:28:54-07:00","/HPt5yQAVO","Seller-configured Automated Unfulfillable Removal System","Liquidations","Completed","2026-04-25T03:21:21-07:00","FBA18XRY78RS.missing1","B01EUURUVM","Unsellable","1","0",,"1","0","0.00","USD"
"2026-04-20T08:28:54-07:00","/HPt5yQAVO","Seller-configured Automated Unfulfillable Removal System","Liquidations","Completed","2026-04-25T03:21:21-07:00","306104-68J","X001PQPWOD","Unsellable","1","1",,"0","0",,
"2026-04-20T08:28:54-07:00","/HPt5yQAVO","Seller-configured Automated Unfulfillable Removal System","Liquidations","Completed","2026-04-25T03:21:21-07:00","311001-100J","X0027JRJDJ","Unsellable","1","0",,"1","0","0.00","USD"
"2026-04-20T08:28:54-07:00","/HPt5yQAVO","Seller-configured Automated Unfulfillable Removal System","Liquidations","Completed","2026-04-25T03:21:21-07:00","306104-62C","X002A34RA5","Unsellable","1","1",,"0","0",,
"2026-04-20T08:28:54-07:00","/HPt5yQAVO","Seller-configured Automated Unfulfillable Removal System","Liquidations","Completed","2026-04-25T03:21:21-07:00","LR-0002","X003H3APNZ","Unsellable","1","1",,"0","0",,
"2026-04-20T08:28:54-07:00","/HPt5yQAVO","Seller-configured Automated Unfulfillable Removal System","Liquidations","Completed","2026-04-25T03:21:21-07:00","SDP-002","X003SAOOZ7","Unsellable","1","1",,"0","0",,
"2026-04-20T08:28:54-07:00","/HPt5yQAVO","Seller-configured Automated Unfulfillable Removal System","Liquidations","Completed","2026-04-25T03:21:21-07:00","HR-0002B","X003XOJ0V1","Unsellable","1","1",,"0","0",,
"2026-04-20T08:28:54-07:00","/HPt5yQAVO","Seller-configured Automated Unfulfillable Removal System","Liquidations","Completed","2026-04-25T03:21:21-07:00","HR-0000J","X0042BCFMZ","Unsellable","1","1",,"0","0",,
"2026-04-20T08:28:54-07:00","/HPt5yQAVO","Seller-configured Automated Unfulfillable Removal System","Liquidations","Completed","2026-04-25T03:21:21-07:00","VSN-BJ32","X004446A67","Unsellable","1","1",,"0","0",,
"2026-04-20T08:28:54-07:00","/HPt5yQAVO","Seller-configured Automated Unfulfillable Removal System","Liquidations","Completed","2026-04-25T03:21:21-07:00","VSP-SWP-PT16","X004B1J9EN","Unsellable","1","1",,"0","0",,
"2026-04-20T08:28:54-07:00","/HPt5yQAVO","Seller-configured Automated Unfulfillable Removal System","Liquidations","Completed","2026-04-25T03:21:21-07:00","VSS-SP-3456L40","X004CJOX95","Unsellable","1","1",,"0","0",,
"2026-04-19T19:01:15-07:00","20260420","Seller-initiated Manual Removal","Disposal","Completed","2026-04-28T15:09:17-07:00","306104-4CK","X0018MPHIZ","Unsellable","1","0","1",,"0","1.62","CAD"
"2026-04-19T19:01:15-07:00","20260420","Seller-initiated Manual Removal","Disposal","Completed","2026-04-28T15:09:17-07:00","306201P-8K","X001JINFFZ","Unsellable","1","0","1",,"0","5.02","CAD"
"2026-04-19T19:01:15-07:00","20260420","Seller-initiated Manual Removal","Disposal","Completed","2026-04-28T15:09:17-07:00","332521K","X001M24S2R","Unsellable","1","0","1",,"0","0.82","CAD"
"2026-04-19T19:01:15-07:00","20260420","Seller-initiated Manual Removal","Disposal","Completed","2026-04-28T15:09:17-07:00","308151K","X001N9XNCP","Unsellable","1","0","1",,"0","5.02","CAD"
"2026-04-19T19:01:15-07:00","20260420","Seller-initiated Manual Removal","Disposal","Completed","2026-04-28T15:09:17-07:00","311005-3K","X0026OYY4R","Unsellable","1","0","1",,"0","3.85","CAD"
"2026-04-19T19:01:15-07:00","20260420","Seller-initiated Manual Removal","Disposal","Completed","2026-04-28T15:09:17-07:00","SPray-80LK","X00289XUJZ","Unsellable","1","0","1",,"0","2.83","CAD"
"2026-04-19T19:01:15-07:00","20260420","Seller-initiated Manual Removal","Disposal","Completed","2026-04-28T15:09:17-07:00","SPray-70LK","X00289XXFV","Unsellable","1","0","1",,"0","2.83","CAD"
"2026-04-19T19:01:15-07:00","20260420","Seller-initiated Manual Removal","Disposal","Completed","2026-04-28T15:09:17-07:00","Spray-SX-CS5K","X002IRT8BB","Unsellable","1","0","1",,"0","3.85","CAD"
"2026-04-19T19:01:15-07:00","20260420","Seller-initiated Manual Removal","Disposal","Completed","2026-04-28T15:09:17-07:00","304113-52K","X002PDRIR9","Unsellable","1","0","1",,"0","12.49","CAD"
"2026-04-19T19:01:15-07:00","20260420","Seller-initiated Manual Removal","Disposal","Completed","2026-04-28T15:09:17-07:00","306109-416K","X003VVNLEX","Unsellable","1","0","1",,"0","1.62","CAD"
"2026-04-19T19:01:15-07:00","20260420","Seller-initiated Manual Removal","Disposal","Completed","2026-04-28T15:09:17-07:00","VSE-ASH05K","X004EF3SIJ","Unsellable","1","0","1",,"0","3.85","CAD"
"2026-04-19T11:15:10-07:00","4nidD4Dglr","Seller-configured Automated Unfulfillable Removal System","Return","Completed","2026-04-25T11:20:58-07:00","304113-44","X000VV26B5","Unsellable","2","0",,"2","0","68.92","USD"
"2026-04-19T11:15:10-07:00","4nidD4Dglr","Seller-configured Automated Unfulfillable Removal System","Return","Completed","2026-04-25T11:20:58-07:00","304113-42","X000ZYIIWT","Unsellable","1","0",,"1","0","24.92","USD"
"2026-04-19T11:15:10-07:00","4nidD4Dglr","Seller-configured Automated Unfulfillable Removal System","Return","Completed","2026-04-25T11:20:58-07:00","311001-5x5NJ","X001F1MPD9","Unsellable","3","1",,"2","0","4.54","USD"
"2026-04-19T11:15:10-07:00","4nidD4Dglr","Seller-configured Automated Unfulfillable Removal System","Return","Completed","2026-04-25T11:20:58-07:00","306104-68J","X001PQPWOD","Unsellable","1","1",,"0","0",,
"2026-04-19T11:15:10-07:00","4nidD4Dglr","Seller-configured Automated Unfulfillable Removal System","Return","Completed","2026-04-25T11:20:58-07:00","306104-62C","X002A34RA5","Unsellable","1","1",,"0","0",,
"2026-04-19T11:15:10-07:00","4nidD4Dglr","Seller-configured Automated Unfulfillable Removal System","Return","Completed","2026-04-25T11:20:58-07:00","SDP-002","X003SAOOZ7","Unsellable","1","1",,"0","0",,
"2026-04-19T11:15:10-07:00","4nidD4Dglr","Seller-configured Automated Unfulfillable Removal System","Return","Completed","2026-04-25T11:20:58-07:00","NB-003J","X004BPMUHR","Unsellable","1","1",,"0","0",,
"2026-04-19T11:15:10-07:00","4nidD4Dglr","Seller-configured Automated Unfulfillable Removal System","Return","Completed","2026-04-25T11:20:58-07:00","VSS-SP-3456L40","X004CJOX95","Unsellable","1","1",,"0","0",,
"2026-04-19T08:14:58-07:00","VMioTaBVDq","Seller-configured Automated Unfulfillable Removal System","Liquidations","Completed","2026-05-01T22:34:14-07:00","304113-44","X000VV26B5","Unsellable","1","0",,"1","0","0.00","USD"
"2026-04-19T08:14:58-07:00","VMioTaBVDq","Seller-configured Automated Unfulfillable Removal System","Liquidations","Completed","2026-05-01T22:34:14-07:00","304113-42","X000ZYIIWT","Unsellable","1","0",,"1","0","0.00","USD"
"2026-04-19T08:14:58-07:00","VMioTaBVDq","Seller-configured Automated Unfulfillable Removal System","Liquidations","Completed","2026-05-01T22:34:14-07:00","305130-PEN","X001CXZH71","Unsellable","1","0",,"1","0","0.00","USD"
"2026-04-19T08:14:58-07:00","VMioTaBVDq","Seller-configured Automated Unfulfillable Removal System","Liquidations","Completed","2026-05-01T22:34:14-07:00","311001-5x5NJ","X001F1MPD9","Unsellable","3","0",,"3","0","0.00","USD"
"2026-04-19T08:14:58-07:00","VMioTaBVDq","Seller-configured Automated Unfulfillable Removal System","Liquidations","Completed","2026-05-01T22:34:14-07:00","306104-68J","X001PQPWOD","Unsellable","1","1",,"0","0",,
"2026-04-19T08:14:58-07:00","VMioTaBVDq","Seller-configured Automated Unfulfillable Removal System","Liquidations","Completed","2026-05-01T22:34:14-07:00","306104-62C","X002A34RA5","Unsellable","1","1",,"0","0",,
"2026-04-19T08:14:58-07:00","VMioTaBVDq","Seller-configured Automated Unfulfillable Removal System","Liquidations","Completed","2026-05-01T22:34:14-07:00","COMBO-01J","X002OAFJFB","Unsellable","1","0",,"1","0","0.00","USD"
"2026-04-19T08:14:58-07:00","VMioTaBVDq","Seller-configured Automated Unfulfillable Removal System","Liquidations","Completed","2026-05-01T22:34:14-07:00","RB-0002","X003AH3SOL","Unsellable","1","1",,"0","0",,
"2026-04-19T08:14:58-07:00","VMioTaBVDq","Seller-configured Automated Unfulfillable Removal System","Liquidations","Completed","2026-05-01T22:34:14-07:00","SDP-002","X003SAOOZ7","Unsellable","1","1",,"0","0",,
"2026-04-19T08:14:58-07:00","VMioTaBVDq","Seller-configured Automated Unfulfillable Removal System","Liquidations","Completed","2026-05-01T22:34:14-07:00","304113-P105","X003XWZA71","Unsellable","1","0",,"1","0","0.00","USD"
"2026-04-19T08:14:58-07:00","VMioTaBVDq","Seller-configured Automated Unfulfillable Removal System","Liquidations","Completed","2026-05-01T22:34:14-07:00","VSN-BJ32","X004446A67","Unsellable","1","1",,"0","0",,
"2026-04-19T08:14:58-07:00","VMioTaBVDq","Seller-configured Automated Unfulfillable Removal System","Liquidations","Completed","2026-05-01T22:34:14-07:00","VSS-SP-3456L40","X004CJOX95","Unsellable","1","1",,"0","0",,
"2026-04-18T11:32:27-07:00","wTPsMEJL5C","Seller-configured Automated Unfulfillable Removal System","Return","Completed","2026-04-18T12:48:59-07:00","306104-68J","X001PQPWOD","Unsellable","1","1",,"0","0",,
"2026-04-18T11:32:27-07:00","wTPsMEJL5C","Seller-configured Automated Unfulfillable Removal System","Return","Completed","2026-04-18T12:48:59-07:00","306104-62C","X002A34RA5","Unsellable","1","1",,"0","0",,
"2026-04-18T11:32:27-07:00","wTPsMEJL5C","Seller-configured Automated Unfulfillable Removal System","Return","Completed","2026-04-18T12:48:59-07:00","SDP-002","X003SAOOZ7","Unsellable","1","1",,"0","0",,
"2026-04-18T11:32:27-07:00","wTPsMEJL5C","Seller-configured Automated Unfulfillable Removal System","Return","Completed","2026-04-18T12:48:59-07:00","VSN-BJ32","X004446A67","Unsellable","1","1",,"0","0",,
"2026-04-18T11:32:27-07:00","wTPsMEJL5C","Seller-configured Automated Unfulfillable Removal System","Return","Completed","2026-04-18T12:48:59-07:00","NB-003J","X004BPMUHR","Unsellable","1","1",,"0","0",,
"2026-04-18T11:32:27-07:00","wTPsMEJL5C","Seller-configured Automated Unfulfillable Removal System","Return","Completed","2026-04-18T12:48:59-07:00","VSS-SP-3456L40","X004CJOX95","Unsellable","1","1",,"0","0",,
"2026-04-18T07:19:00-07:00","aGRVEUbXl5","Seller-configured Automated Unfulfillable Removal System","Liquidations","Completed","2026-04-22T23:19:32-07:00","304113-55","X000ZYIIWJ","Unsellable","1","0",,"1","0","0.00","USD"
"2026-04-18T07:19:00-07:00","aGRVEUbXl5","Seller-configured Automated Unfulfillable Removal System","Liquidations","Completed","2026-04-22T23:19:32-07:00","306104-68J","X001PQPWOD","Unsellable","1","1",,"0","0",,
"2026-04-18T07:19:00-07:00","aGRVEUbXl5","Seller-configured Automated Unfulfillable Removal System","Liquidations","Completed","2026-04-22T23:19:32-07:00","306104-62C","X002A34RA5","Unsellable","1","1",,"0","0",,
"2026-04-18T07:19:00-07:00","aGRVEUbXl5","Seller-configured Automated Unfulfillable Removal System","Liquidations","Completed","2026-04-22T23:19:32-07:00","SDP-002","X003SAOOZ7","Unsellable","1","1",,"0","0",,
"2026-04-18T07:19:00-07:00","aGRVEUbXl5","Seller-configured Automated Unfulfillable Removal System","Liquidations","Completed","2026-04-22T23:19:32-07:00","VSN-BJ32","X004446A67","Unsellable","1","1",,"0","0",,
"2026-04-18T07:19:00-07:00","aGRVEUbXl5","Seller-configured Automated Unfulfillable Removal System","Liquidations","Completed","2026-04-22T23:19:32-07:00","VSS-SP-3456L40","X004CJOX95","Unsellable","1","1",,"0","0",,
"2026-04-17T10:36:26-07:00","lHnzSELo3r","Seller-configured Automated Unfulfillable Removal System","Return","Completed","2026-04-22T16:35:23-07:00","CHTrimer-P-01J","X003H6WA17","Unsellable","1","0",,"1","0","10.04","USD"
"2026-04-17T10:36:26-07:00","lHnzSELo3r","Seller-configured Automated Unfulfillable Removal System","Return","Completed","2026-04-22T16:35:23-07:00","VS-THB1S","X003QOMS49","Unsellable","1","0",,"1","0","0.84","USD"
"2026-04-17T10:36:26-07:00","lHnzSELo3r","Seller-configured Automated Unfulfillable Removal System","Return","Completed","2026-04-22T16:35:23-07:00","HR-0000B","X003XOGWOJ","Unsellable","1","1",,"0","0",,
"2026-04-17T10:36:26-07:00","lHnzSELo3r","Seller-configured Automated Unfulfillable Removal System","Return","Completed","2026-04-22T16:35:23-07:00","HR-0001B","X003XOJAP7","Unsellable","1","1",,"0","0",,
"2026-04-17T10:36:26-07:00","lHnzSELo3r","Seller-configured Automated Unfulfillable Removal System","Return","Completed","2026-04-22T16:35:23-07:00","305140-PEN","X003Y7ZWY1","Unsellable","3","0",,"3","0","2.52","USD"
"2026-04-17T10:36:26-07:00","lHnzSELo3r","Seller-configured Automated Unfulfillable Removal System","Return","Completed","2026-04-22T16:35:23-07:00","WP-0005","X003ZWN8UZ","Unsellable","1","1",,"0","0",,
"2026-04-17T10:36:26-07:00","lHnzSELo3r","Seller-configured Automated Unfulfillable Removal System","Return","Completed","2026-04-22T16:35:23-07:00","HR-0000J","X0042BCFMZ","Unsellable","1","1",,"0","0",,
"2026-04-17T10:36:26-07:00","lHnzSELo3r","Seller-configured Automated Unfulfillable Removal System","Return","Completed","2026-04-22T16:35:23-07:00","HR-0001-2","X0046G4AGZ","Unsellable","1","1",,"0","0",,
"2026-04-17T07:36:41-07:00","GoqJqC9QSE","Seller-configured Automated Unfulfillable Removal System","Liquidations","Completed","2026-04-23T20:35:55-07:00","306104-68J","X001PQPWOD","Unsellable","1","1",,"0","0",,
"2026-04-17T07:36:41-07:00","GoqJqC9QSE","Seller-configured Automated Unfulfillable Removal System","Liquidations","Completed","2026-04-23T20:35:55-07:00","306104-62C","X002A34RA5","Unsellable","1","1",,"0","0",,
"2026-04-17T07:36:41-07:00","GoqJqC9QSE","Seller-configured Automated Unfulfillable Removal System","Liquidations","Completed","2026-04-23T20:35:55-07:00","THM003-3J","X002FGLIC7","Unsellable","1","0",,"1","0","0.00","USD"
"2026-04-17T07:36:41-07:00","GoqJqC9QSE","Seller-configured Automated Unfulfillable Removal System","Liquidations","Completed","2026-04-23T20:35:55-07:00","HGK1-36","X002MMU8LB","Unsellable","1","0",,"1","0","0.00","USD"
"2026-04-17T07:36:41-07:00","GoqJqC9QSE","Seller-configured Automated Unfulfillable Removal System","Liquidations","Completed","2026-04-23T20:35:55-07:00","CHTrimer-02J","X003FU7E2Z","Unsellable","1","0",,"1","0","0.00","USD"
"2026-04-17T07:36:41-07:00","GoqJqC9QSE","Seller-configured Automated Unfulfillable Removal System","Liquidations","Completed","2026-04-23T20:35:55-07:00","CHTrimer-P-01J","X003H6WA17","Unsellable","1","0",,"1","0","0.00","USD"
"2026-04-17T07:36:41-07:00","GoqJqC9QSE","Seller-configured Automated Unfulfillable Removal System","Liquidations","Completed","2026-04-23T20:35:55-07:00","VS-THB1S","X003QOMS49","Unsellable","2","0",,"2","0","0.00","USD"
"2026-04-17T07:36:41-07:00","GoqJqC9QSE","Seller-configured Automated Unfulfillable Removal System","Liquidations","Completed","2026-04-23T20:35:55-07:00","SDP-002","X003SAOOZ7","Unsellable","1","1",,"0","0",,
"2026-04-17T07:36:41-07:00","GoqJqC9QSE","Seller-configured Automated Unfulfillable Removal System","Liquidations","Completed","2026-04-23T20:35:55-07:00","HR-0000B","X003XOGWOJ","Unsellable","1","1",,"0","0",,
"2026-04-17T07:36:41-07:00","GoqJqC9QSE","Seller-configured Automated Unfulfillable Removal System","Liquidations","Completed","2026-04-23T20:35:55-07:00","HR-0001B","X003XOJAP7","Unsellable","1","1",,"0","0",,
"2026-04-17T07:36:41-07:00","GoqJqC9QSE","Seller-configured Automated Unfulfillable Removal System","Liquidations","Completed","2026-04-23T20:35:55-07:00","305140-PEN","X003Y7ZWY1","Unsellable","3","0",,"3","0","0.00","USD"
"2026-04-17T07:36:41-07:00","GoqJqC9QSE","Seller-configured Automated Unfulfillable Removal System","Liquidations","Completed","2026-04-23T20:35:55-07:00","WP-0005","X003ZWN8UZ","Unsellable","1","1",,"0","0",,
"2026-04-17T07:36:41-07:00","GoqJqC9QSE","Seller-configured Automated Unfulfillable Removal System","Liquidations","Completed","2026-04-23T20:35:55-07:00","HR-0000J","X0042BCFMZ","Unsellable","1","1",,"0","0",,
"2026-04-17T07:36:41-07:00","GoqJqC9QSE","Seller-configured Automated Unfulfillable Removal System","Liquidations","Completed","2026-04-23T20:35:55-07:00","VSN-BJ32","X004446A67","Unsellable","1","1",,"0","0",,
"2026-04-17T07:36:41-07:00","GoqJqC9QSE","Seller-configured Automated Unfulfillable Removal System","Liquidations","Completed","2026-04-23T20:35:55-07:00","HR-0001-2","X0046G4AGZ","Unsellable","1","1",,"0","0",,
"2026-04-17T07:36:41-07:00","GoqJqC9QSE","Seller-configured Automated Unfulfillable Removal System","Liquidations","Completed","2026-04-23T20:35:55-07:00","VSS-SP-3456L40","X004CJOX95","Unsellable","1","1",,"0","0",,
"2026-04-16T10:58:15-07:00","HmwzVJukVK","Seller-configured Automated Unfulfillable Removal System","Return","Completed","2026-04-21T13:11:31-07:00","WB-3x100","X0028GWZSP","Unsellable","1","0",,"1","0","10.04","USD"
"2026-04-16T10:58:15-07:00","HmwzVJukVK","Seller-configured Automated Unfulfillable Removal System","Return","Completed","2026-04-21T13:11:31-07:00","306104-42C","X0029ZV76B","Unsellable","1","0",,"1","0","5.01","USD"
"2026-04-16T10:58:15-07:00","HmwzVJukVK","Seller-configured Automated Unfulfillable Removal System","Return","Completed","2026-04-21T13:11:31-07:00","CHTrimer-01J","X002EHB2OB","Unsellable","1","0",,"1","0","10.04","USD"
"2026-04-16T10:58:15-07:00","HmwzVJukVK","Seller-configured Automated Unfulfillable Removal System","Return","Completed","2026-04-21T13:11:31-07:00","TN-44","X003QU6FNX","Unsellable","1","0",,"1","0","0.84","USD"
"2026-04-16T10:58:15-07:00","HmwzVJukVK","Seller-configured Automated Unfulfillable Removal System","Return","Completed","2026-04-21T13:11:31-07:00","FPS-001","X003XM62S7","Unsellable","1","0",,"1","0","10.04","USD"
"2026-04-16T10:58:15-07:00","HmwzVJukVK","Seller-configured Automated Unfulfillable Removal System","Return","Completed","2026-04-21T13:11:31-07:00","HR-0002B","X003XOJ0V1","Unsellable","1","1",,"0","0",,
"2026-04-16T10:58:15-07:00","HmwzVJukVK","Seller-configured Automated Unfulfillable Removal System","Return","Completed","2026-04-21T13:11:31-07:00","HR-0001J","X0048F2XLX","Unsellable","1","1",,"0","0",,
"2026-04-16T08:53:19-07:00","ceR4CryL59","Seller-configured Automated Unfulfillable Removal System","Liquidations","Completed","2026-04-18T19:40:39-07:00","306104-42C","X0029ZV76B","Unsellable","1","1",,"0","0",,
"2026-04-16T08:53:19-07:00","ceR4CryL59","Seller-configured Automated Unfulfillable Removal System","Liquidations","Completed","2026-04-18T19:40:39-07:00","306104-62C","X002A34RA5","Unsellable","1","1",,"0","0",,
"2026-04-16T08:53:19-07:00","ceR4CryL59","Seller-configured Automated Unfulfillable Removal System","Liquidations","Completed","2026-04-18T19:40:39-07:00","CHTrimer-01J","X002EHB2OB","Unsellable","1","0",,"1","0","0.00","USD"
"2026-04-16T08:53:19-07:00","ceR4CryL59","Seller-configured Automated Unfulfillable Removal System","Liquidations","Completed","2026-04-18T19:40:39-07:00","SDP-002","X003SAOOZ7","Unsellable","1","1",,"0","0",,
"2026-04-16T08:53:19-07:00","ceR4CryL59","Seller-configured Automated Unfulfillable Removal System","Liquidations","Completed","2026-04-18T19:40:39-07:00","HR-0002B","X003XOJ0V1","Unsellable","1","1",,"0","0",,
"2026-04-16T08:53:19-07:00","ceR4CryL59","Seller-configured Automated Unfulfillable Removal System","Liquidations","Completed","2026-04-18T19:40:39-07:00","VSN-BJ32","X004446A67","Unsellable","1","1",,"0","0",,
"2026-04-16T08:53:19-07:00","ceR4CryL59","Seller-configured Automated Unfulfillable Removal System","Liquidations","Completed","2026-04-18T19:40:39-07:00","HR-0001J","X0048F2XLX","Unsellable","1","1",,"0","0",,
"2026-04-16T08:53:19-07:00","ceR4CryL59","Seller-configured Automated Unfulfillable Removal System","Liquidations","Completed","2026-04-18T19:40:39-07:00","VSS-SP-3456L40","X004CJOX95","Unsellable","1","1",,"0","0",,
"2026-04-15T11:51:35-07:00","sHOH5fXn0C","Seller-configured Automated Unfulfillable Removal System","Return","Completed","2026-05-02T16:16:41-07:00","305130-PEN","X001CXZH71","Unsellable","1","0",,"1","0","0.84","USD"
"2026-04-15T11:51:35-07:00","sHOH5fXn0C","Seller-configured Automated Unfulfillable Removal System","Return","Completed","2026-05-02T16:16:41-07:00","306104-42C","X0029ZV76B","Unsellable","2","1",,"1","0","5.01","USD"
"2026-04-15T11:51:35-07:00","sHOH5fXn0C","Seller-configured Automated Unfulfillable Removal System","Return","Completed","2026-05-02T16:16:41-07:00","FPS-001","X003XM62S7","Unsellable","1","1",,"0","0",,
"2026-04-15T11:51:35-07:00","sHOH5fXn0C","Seller-configured Automated Unfulfillable Removal System","Return","Completed","2026-05-02T16:16:41-07:00","HR-0000B","X003XOGWOJ","Unsellable","2","2",,"0","0",,
"2026-04-15T11:51:35-07:00","sHOH5fXn0C","Seller-configured Automated Unfulfillable Removal System","Return","Completed","2026-05-02T16:16:41-07:00","HR-0001B","X003XOJAP7","Unsellable","3","3",,"0","0",,
"2026-04-15T11:51:35-07:00","sHOH5fXn0C","Seller-configured Automated Unfulfillable Removal System","Return","Completed","2026-05-02T16:16:41-07:00","HR-0000J","X0042BCFMZ","Unsellable","1","1",,"0","0",,
"2026-04-15T11:51:35-07:00","sHOH5fXn0C","Seller-configured Automated Unfulfillable Removal System","Return","Completed","2026-05-02T16:16:41-07:00","HR-0001D","X004910IU9","Unsellable","1","1",,"0","0",,
"2026-04-15T11:51:35-07:00","sHOH5fXn0C","Seller-configured Automated Unfulfillable Removal System","Return","Completed","2026-05-02T16:16:41-07:00","VSL-LRUC100X2","X004NKXNGR","Unsellable","1","1",,"0","0",,
"2026-04-15T08:21:04-07:00","TIljpWPs9J","Seller-configured Automated Unfulfillable Removal System","Liquidations","Completed","2026-04-27T13:47:00-07:00","306104-42C","X0029ZV76B","Unsellable","2","1",,"1","0","0.00","USD"
"2026-04-15T08:21:04-07:00","TIljpWPs9J","Seller-configured Automated Unfulfillable Removal System","Liquidations","Completed","2026-04-27T13:47:00-07:00","306104-62C","X002A34RA5","Unsellable","1","1",,"0","0",,
"2026-04-15T08:21:04-07:00","TIljpWPs9J","Seller-configured Automated Unfulfillable Removal System","Liquidations","Completed","2026-04-27T13:47:00-07:00","SWS-001","X003PYLYLN","Unsellable","7","0",,"7","0","0.00","USD"
"2026-04-15T08:21:04-07:00","TIljpWPs9J","Seller-configured Automated Unfulfillable Removal System","Liquidations","Completed","2026-04-27T13:47:00-07:00","SDP-002","X003SAOOZ7","Unsellable","1","1",,"0","0",,
"2026-04-15T08:21:04-07:00","TIljpWPs9J","Seller-configured Automated Unfulfillable Removal System","Liquidations","Completed","2026-04-27T13:47:00-07:00","NB-001J","X003SMLWKP","Unsellable","2","2",,"0","0",,
"2026-04-15T08:21:04-07:00","TIljpWPs9J","Seller-configured Automated Unfulfillable Removal System","Liquidations","Completed","2026-04-27T13:47:00-07:00","FPS-001","X003XM62S7","Unsellable","1","0",,"1","0","0.00","USD"
"2026-04-15T08:21:04-07:00","TIljpWPs9J","Seller-configured Automated Unfulfillable Removal System","Liquidations","Completed","2026-04-27T13:47:00-07:00","HR-0000B","X003XOGWOJ","Unsellable","2","2",,"0","0",,
"2026-04-15T08:21:04-07:00","TIljpWPs9J","Seller-configured Automated Unfulfillable Removal System","Liquidations","Completed","2026-04-27T13:47:00-07:00","HR-0001B","X003XOJAP7","Unsellable","3","3",,"0","0",,
"2026-04-15T08:21:04-07:00","TIljpWPs9J","Seller-configured Automated Unfulfillable Removal System","Liquidations","Completed","2026-04-27T13:47:00-07:00","HR-0000J","X0042BCFMZ","Unsellable","1","1",,"0","0",,
"2026-04-15T08:21:04-07:00","TIljpWPs9J","Seller-configured Automated Unfulfillable Removal System","Liquidations","Completed","2026-04-27T13:47:00-07:00","VSN-BJ32","X004446A67","Unsellable","1","1",,"0","0",,
"2026-04-15T08:21:04-07:00","TIljpWPs9J","Seller-configured Automated Unfulfillable Removal System","Liquidations","Completed","2026-04-27T13:47:00-07:00","HR-0001D","X004910IU9","Unsellable","1","1",,"0","0",,
"2026-04-15T08:21:04-07:00","TIljpWPs9J","Seller-configured Automated Unfulfillable Removal System","Liquidations","Completed","2026-04-27T13:47:00-07:00","VSS-SP-3456L40","X004CJOX95","Unsellable","2","2",,"0","0",,
"2026-04-15T08:21:04-07:00","TIljpWPs9J","Seller-configured Automated Unfulfillable Removal System","Liquidations","Completed","2026-04-27T13:47:00-07:00","VSL-LRUC100X2","X004NKXNGR","Unsellable","1","1",,"0","0",,
"2026-04-14T18:59:10-07:00","C2vgiPBjur","Seller-configured Automated Unfulfillable Removal System","Return","Cancelled","2026-04-14T22:22:15-07:00","332595J","X0042PJL1T","Unsellable","1","1",,"0","0",,
"2026-04-14T18:59:10-07:00","C2vgiPBjur","Seller-configured Automated Unfulfillable Removal System","Return","Cancelled","2026-04-14T22:22:15-07:00","COMBO-02NJ","X004FB5KS3","Unsellable","1","1",,"0","0",,
"2026-04-14T18:59:10-07:00","C2vgiPBjur","Seller-configured Automated Unfulfillable Removal System","Return","Cancelled","2026-04-14T22:22:15-07:00","306109-4C","X004RI8WKR","Unsellable","1","1",,"0","0",,
"2026-04-14T17:06:53-07:00","rtJoZ5b96p","Seller-configured Automated Unfulfillable Removal System","Return","Completed","2026-04-18T01:46:20-07:00","311001-5x5NJ","X001F1MPD9","Unsellable","5","0",,"5","0","11.35","USD"
"2026-04-14T17:06:53-07:00","rtJoZ5b96p","Seller-configured Automated Unfulfillable Removal System","Return","Completed","2026-04-18T01:46:20-07:00","HR-0000B","X003XOGWOJ","Unsellable","1","1",,"0","0",,
"2026-04-14T17:06:53-07:00","rtJoZ5b96p","Seller-configured Automated Unfulfillable Removal System","Return","Completed","2026-04-18T01:46:20-07:00","305140-PEN","X003Y7ZWY1","Unsellable","2","0",,"2","0","1.68","USD"
"2026-04-14T17:06:53-07:00","rtJoZ5b96p","Seller-configured Automated Unfulfillable Removal System","Return","Completed","2026-04-18T01:46:20-07:00","VSN-BJ32","X004446A67","Unsellable","1","1",,"0","0",,
"2026-04-14T16:00:30-07:00","oAlLK1fjfk","Seller-configured Automated Unfulfillable Removal System","Liquidations","Completed","2026-04-25T04:57:11-07:00","332595J","X0042PJL1T","Unsellable","1","0",,"1","0","0.00","USD"
"2026-04-14T16:00:30-07:00","oAlLK1fjfk","Seller-configured Automated Unfulfillable Removal System","Liquidations","Completed","2026-04-25T04:57:11-07:00","COMBO-02NJ","X004FB5KS3","Unsellable","1","0",,"1","0","0.00","USD"
"2026-04-14T16:00:30-07:00","oAlLK1fjfk","Seller-configured Automated Unfulfillable Removal System","Liquidations","Completed","2026-04-25T04:57:11-07:00","306109-4C","X004RI8WKR","Unsellable","1","0",,"1","0","0.00","USD"
"2026-04-14T14:31:59-07:00","Q5RmQZNDDs","Seller-configured Automated Unfulfillable Removal System","Liquidations","Completed","2026-04-21T12:55:23-07:00","311001-5x5NJ","X001F1MPD9","Unsellable","5","0",,"5","0","0.00","USD"
"2026-04-14T14:31:59-07:00","Q5RmQZNDDs","Seller-configured Automated Unfulfillable Removal System","Liquidations","Completed","2026-04-21T12:55:23-07:00","COMBO-01J","X002OAFJFB","Unsellable","2","0",,"2","0","0.00","USD"
"2026-04-14T14:31:59-07:00","Q5RmQZNDDs","Seller-configured Automated Unfulfillable Removal System","Liquidations","Completed","2026-04-21T12:55:23-07:00","HR-0000B","X003XOGWOJ","Unsellable","1","1",,"0","0",,
"2026-04-14T14:31:59-07:00","Q5RmQZNDDs","Seller-configured Automated Unfulfillable Removal System","Liquidations","Completed","2026-04-21T12:55:23-07:00","305140-PEN","X003Y7ZWY1","Unsellable","2","0",,"2","0","0.00","USD"
"2026-04-14T14:31:59-07:00","Q5RmQZNDDs","Seller-configured Automated Unfulfillable Removal System","Liquidations","Completed","2026-04-21T12:55:23-07:00","VSN-BJ32","X004446A67","Unsellable","1","1",,"0","0",,
"2026-04-14T14:31:59-07:00","Q5RmQZNDDs","Seller-configured Automated Unfulfillable Removal System","Liquidations","Completed","2026-04-21T12:55:23-07:00","GH-A22SJ","X004J6I14T","Unsellable","1","0",,"1","0","0.00","USD"
"2026-04-14T14:31:59-07:00","Q5RmQZNDDs","Seller-configured Automated Unfulfillable Removal System","Liquidations","Completed","2026-04-21T12:55:23-07:00","VSK-GIYE336-US","X004T1EGJX","Unsellable","1","0",,"1","0","0.00","USD"
"2026-04-14T14:13:25-07:00","/ZVIZPP03X","Seller-configured Automated Unfulfillable Removal System","Return","Pending","2026-04-14T15:37:25-07:00","304113-44","X000VV26B5","Unsellable","5","0",,"4","1","137.84","USD"
"2026-04-14T14:13:25-07:00","/ZVIZPP03X","Seller-configured Automated Unfulfillable Removal System","Return","Pending","2026-04-14T15:37:25-07:00","332823J","X000ZT0LBZ","Unsellable","1","0",,"1","0","0.84","USD"
"2026-04-14T14:13:25-07:00","/ZVIZPP03X","Seller-configured Automated Unfulfillable Removal System","Return","Pending","2026-04-14T15:37:25-07:00","304113-42","X000ZYIIWT","Unsellable","1","0",,"1","0","23.86","USD"
"2026-04-14T14:13:25-07:00","/ZVIZPP03X","Seller-configured Automated Unfulfillable Removal System","Return","Pending","2026-04-14T15:37:25-07:00","305130-PEN","X001CXZH71","Unsellable","1","1",,"0","0",,
"2026-04-14T14:13:25-07:00","/ZVIZPP03X","Seller-configured Automated Unfulfillable Removal System","Return","Pending","2026-04-14T15:37:25-07:00","VS-THB1S","X003QOMS49","Unsellable","2","0",,"2","0","1.68","USD"
"2026-04-14T14:13:25-07:00","/ZVIZPP03X","Seller-configured Automated Unfulfillable Removal System","Return","Pending","2026-04-14T15:37:25-07:00","HR-0001B","X003XOJAP7","Unsellable","1","1",,"0","0",,
"2026-04-14T14:13:25-07:00","/ZVIZPP03X","Seller-configured Automated Unfulfillable Removal System","Return","Pending","2026-04-14T15:37:25-07:00","HR-0003B","X0042AZNW5","Unsellable","3","0",,"0","3",,
"2026-04-14T14:13:25-07:00","/ZVIZPP03X","Seller-configured Automated Unfulfillable Removal System","Return","Pending","2026-04-14T15:37:25-07:00","HR-0000J","X0042BCFMZ","Unsellable","1","1",,"0","0",,
"2026-04-14T14:13:25-07:00","/ZVIZPP03X","Seller-configured Automated Unfulfillable Removal System","Return","Pending","2026-04-14T15:37:25-07:00","VSS-SP-3456L40","X004CJOX95","Unsellable","1","1",,"0","0",,
"2026-04-14T11:28:56-07:00","qACEd7CGsK","Seller-configured Automated Unfulfillable Removal System","Liquidations","Completed","2026-05-01T14:43:03-07:00","304113-44","X000VV26B5","Unsellable","2","0",,"2","0","0.00","USD"
"2026-04-14T11:28:56-07:00","qACEd7CGsK","Seller-configured Automated Unfulfillable Removal System","Liquidations","Completed","2026-05-01T14:43:03-07:00","332823J","X000ZT0LBZ","Unsellable","1","0",,"1","0","0.00","USD"
"2026-04-14T11:28:56-07:00","qACEd7CGsK","Seller-configured Automated Unfulfillable Removal System","Liquidations","Completed","2026-05-01T14:43:03-07:00","304113-42","X000ZYIIWT","Unsellable","1","0",,"1","0","0.00","USD"
"2026-04-14T11:28:56-07:00","qACEd7CGsK","Seller-configured Automated Unfulfillable Removal System","Liquidations","Completed","2026-05-01T14:43:03-07:00","306104-4C","X00134A8RX","Unsellable","1","0",,"1","0","0.00","USD"
"2026-04-14T11:28:56-07:00","qACEd7CGsK","Seller-configured Automated Unfulfillable Removal System","Liquidations","Completed","2026-05-01T14:43:03-07:00","305130-PEN","X001CXZH71","Unsellable","1","0",,"1","0","0.00","USD"
"2026-04-14T11:28:56-07:00","qACEd7CGsK","Seller-configured Automated Unfulfillable Removal System","Liquidations","Completed","2026-05-01T14:43:03-07:00","306104-62C","X002A34RA5","Unsellable","1","1",,"0","0",,
"2026-04-14T11:28:56-07:00","qACEd7CGsK","Seller-configured Automated Unfulfillable Removal System","Liquidations","Completed","2026-05-01T14:43:03-07:00","SWS-001","X003PYLYLN","Unsellable","7","7",,"0","0",,
"2026-04-14T11:28:56-07:00","qACEd7CGsK","Seller-configured Automated Unfulfillable Removal System","Liquidations","Completed","2026-05-01T14:43:03-07:00","VS-THB1S","X003QOMS49","Unsellable","1","0",,"1","0","0.00","USD"
"2026-04-14T11:28:56-07:00","qACEd7CGsK","Seller-configured Automated Unfulfillable Removal System","Liquidations","Completed","2026-05-01T14:43:03-07:00","SDP-002","X003SAOOZ7","Unsellable","1","1",,"0","0",,
"2026-04-14T11:28:56-07:00","qACEd7CGsK","Seller-configured Automated Unfulfillable Removal System","Liquidations","Completed","2026-05-01T14:43:03-07:00","NB-001J","X003SMLWKP","Unsellable","2","2",,"0","0",,
"2026-04-14T11:28:56-07:00","qACEd7CGsK","Seller-configured Automated Unfulfillable Removal System","Liquidations","Completed","2026-05-01T14:43:03-07:00","HR-0001B","X003XOJAP7","Unsellable","1","1",,"0","0",,
"2026-04-14T11:28:56-07:00","qACEd7CGsK","Seller-configured Automated Unfulfillable Removal System","Liquidations","Completed","2026-05-01T14:43:03-07:00","HR-0003B","X0042AZNW5","Unsellable","1","0",,"1","0","0.00","USD"
"2026-04-14T11:28:56-07:00","qACEd7CGsK","Seller-configured Automated Unfulfillable Removal System","Liquidations","Completed","2026-05-01T14:43:03-07:00","HR-0000J","X0042BCFMZ","Unsellable","1","1",,"0","0",,
"2026-04-14T11:28:56-07:00","qACEd7CGsK","Seller-configured Automated Unfulfillable Removal System","Liquidations","Completed","2026-05-01T14:43:03-07:00","VSS-SP-3456L40","X004CJOX95","Unsellable","1","1",,"0","0",,
"2026-04-14T11:28:56-07:00","qACEd7CGsK","Seller-configured Automated Unfulfillable Removal System","Liquidations","Completed","2026-05-01T14:43:03-07:00","VSL-LL200-N","X004RRYDIN","Unsellable","2","0",,"2","0","0.00","USD"
"2026-04-09T20:46:42-07:00","20260410","Seller-initiated Manual Removal","Disposal","Completed","2026-04-15T08:15:00-07:00","330101x2K","X0016VM6S7","Unsellable","1","0","1",,"0","1.62","CAD"
"2026-04-09T20:46:42-07:00","20260410","Seller-initiated Manual Removal","Disposal","Completed","2026-04-15T08:15:00-07:00","308151K","X001N9XNCP","Unsellable","1","0","1",,"0","5.02","CAD"
"2026-04-09T20:46:42-07:00","20260410","Seller-initiated Manual Removal","Disposal","Completed","2026-04-15T08:15:00-07:00","Spray-SX-CS4K","X002IRQ01R","Unsellable","1","0","1",,"0","3.85","CAD"
"2026-04-09T20:46:42-07:00","20260410","Seller-initiated Manual Removal","Disposal","Completed","2026-04-15T08:15:00-07:00","HSB950B-2500LK","X00305V1U1","Unsellable","1","0","1",,"0","1.62","CAD"
"2026-04-09T20:46:42-07:00","20260410","Seller-initiated Manual Removal","Disposal","Completed","2026-04-15T08:15:00-07:00","306104-68K","X003VVPM3V","Unsellable","1","0","1",,"0","0.82","CAD"
"2026-04-09T20:46:42-07:00","20260410","Seller-initiated Manual Removal","Disposal","Completed","2026-04-15T08:15:00-07:00","SPray-2L-BGK","X004AUZN63","Unsellable","1","0","1",,"0","1.62","CAD"
"2026-04-09T10:26:12-07:00","cJmqr8mxE+","Seller-configured Automated Unfulfillable Removal System","Return","Completed","2026-04-18T02:35:29-07:00","304113-42","X000ZYIIWT","Unsellable","1","1",,"0","0",,
"2026-04-09T10:26:12-07:00","cJmqr8mxE+","Seller-configured Automated Unfulfillable Removal System","Return","Completed","2026-04-18T02:35:29-07:00","NB-001J","X003SMLWKP","Unsellable","1","1",,"0","0",,
"2026-04-09T10:26:12-07:00","cJmqr8mxE+","Seller-configured Automated Unfulfillable Removal System","Return","Completed","2026-04-18T02:35:29-07:00","HR-0001B","X003XOJAP7","Unsellable","1","1",,"0","0",,
"2026-04-09T10:26:12-07:00","cJmqr8mxE+","Seller-configured Automated Unfulfillable Removal System","Return","Completed","2026-04-18T02:35:29-07:00","305140-PEN","X003Y7ZWY1","Unsellable","3","0",,"3","0","2.52","USD"
"2026-04-09T10:26:12-07:00","cJmqr8mxE+","Seller-configured Automated Unfulfillable Removal System","Return","Completed","2026-04-18T02:35:29-07:00","HR-0000J","X0042BCFMZ","Unsellable","1","1",,"0","0",,
"2026-04-09T07:56:14-07:00","wP31zZKgnU","Seller-configured Automated Unfulfillable Removal System","Liquidations","Completed","2026-04-15T16:01:01-07:00","304113-42","X000ZYIIWT","Unsellable","1","0",,"1","0","0.00","USD"
"2026-04-09T07:56:14-07:00","wP31zZKgnU","Seller-configured Automated Unfulfillable Removal System","Liquidations","Completed","2026-04-15T16:01:01-07:00","306104-4C","X00134A8RX","Unsellable","1","1",,"0","0",,
"2026-04-09T07:56:14-07:00","wP31zZKgnU","Seller-configured Automated Unfulfillable Removal System","Liquidations","Completed","2026-04-15T16:01:01-07:00","311021-3x5J","X0015Q9OLZ","Unsellable","1","0",,"1","0","0.00","USD"
"2026-04-09T07:56:14-07:00","wP31zZKgnU","Seller-configured Automated Unfulfillable Removal System","Liquidations","Completed","2026-04-15T16:01:01-07:00","305131-PENJ","X001A9H2K7","Unsellable","1","1",,"0","0",,
"2026-04-09T07:56:14-07:00","wP31zZKgnU","Seller-configured Automated Unfulfillable Removal System","Liquidations","Completed","2026-04-15T16:01:01-07:00","305130-PEN","X001CXZH71","Unsellable","1","0",,"1","0","0.00","USD"
"2026-04-09T07:56:14-07:00","wP31zZKgnU","Seller-configured Automated Unfulfillable Removal System","Liquidations","Completed","2026-04-15T16:01:01-07:00","306104-62C","X002A34RA5","Unsellable","1","1",,"0","0",,
"2026-04-09T07:56:14-07:00","wP31zZKgnU","Seller-configured Automated Unfulfillable Removal System","Liquidations","Completed","2026-04-15T16:01:01-07:00","SDP-002","X003SAOOZ7","Unsellable","1","1",,"0","0",,
"2026-04-09T07:56:14-07:00","wP31zZKgnU","Seller-configured Automated Unfulfillable Removal System","Liquidations","Completed","2026-04-15T16:01:01-07:00","NB-001J","X003SMLWKP","Unsellable","3","3",,"0","0",,
"2026-04-09T07:56:14-07:00","wP31zZKgnU","Seller-configured Automated Unfulfillable Removal System","Liquidations","Completed","2026-04-15T16:01:01-07:00","CC-002","X003WBF75X","Unsellable","1","1",,"0","0",,
"2026-04-09T07:56:14-07:00","wP31zZKgnU","Seller-configured Automated Unfulfillable Removal System","Liquidations","Completed","2026-04-15T16:01:01-07:00","CC-001-6","X003WBQYCN","Unsellable","2","2",,"0","0",,
"2026-04-09T07:56:14-07:00","wP31zZKgnU","Seller-configured Automated Unfulfillable Removal System","Liquidations","Completed","2026-04-15T16:01:01-07:00","HR-0001B","X003XOJAP7","Unsellable","1","1",,"0","0",,
"2026-04-09T07:56:14-07:00","wP31zZKgnU","Seller-configured Automated Unfulfillable Removal System","Liquidations","Completed","2026-04-15T16:01:01-07:00","305140-PEN","X003Y7ZWY1","Unsellable","3","0",,"3","0","0.00","USD"
"2026-04-09T07:56:14-07:00","wP31zZKgnU","Seller-configured Automated Unfulfillable Removal System","Liquidations","Completed","2026-04-15T16:01:01-07:00","HR-0000J","X0042BCFMZ","Unsellable","1","1",,"0","0",,
"2026-04-09T07:56:14-07:00","wP31zZKgnU","Seller-configured Automated Unfulfillable Removal System","Liquidations","Completed","2026-04-15T16:01:01-07:00","VSS-SP-3456L40","X004CJOX95","Unsellable","1","1",,"0","0",,
"2026-04-08T13:05:41-07:00","kC7EJBbKsq","Seller-configured Automated Unfulfillable Removal System","Return","Completed","2026-04-15T10:09:23-07:00","333122J","X000ZO0O5D","Unsellable","1","0",,"1","0","0.84","USD"
"2026-04-08T13:05:41-07:00","kC7EJBbKsq","Seller-configured Automated Unfulfillable Removal System","Return","Completed","2026-04-15T10:09:23-07:00","WB-3x100","X0028GWZSP","Unsellable","1","0",,"1","0","10.04","USD"
"2026-04-08T13:05:41-07:00","kC7EJBbKsq","Seller-configured Automated Unfulfillable Removal System","Return","Completed","2026-04-15T10:09:23-07:00","CHTrimer-01J","X002EHB2OB","Unsellable","1","0",,"1","0","10.04","USD"
"2026-04-08T13:05:41-07:00","kC7EJBbKsq","Seller-configured Automated Unfulfillable Removal System","Return","Completed","2026-04-15T10:09:23-07:00","CHTrimer-P-01J","X003H6WA17","Unsellable","1","0",,"1","0","10.04","USD"
"2026-04-08T13:05:41-07:00","kC7EJBbKsq","Seller-configured Automated Unfulfillable Removal System","Return","Completed","2026-04-15T10:09:23-07:00","VS-THB1S","X003QOMS49","Unsellable","1","0",,"1","0","0.84","USD"
"2026-04-08T10:57:10-07:00","zQsV/DBV+G","Seller-configured Automated Unfulfillable Removal System","Liquidations","Completed","2026-05-04T14:32:46-07:00","333122J","X000ZO0O5D","Unsellable","1","0",,"1","0","0.00","USD"
"2026-04-08T10:57:10-07:00","zQsV/DBV+G","Seller-configured Automated Unfulfillable Removal System","Liquidations","Completed","2026-05-04T14:32:46-07:00","306104-4C","X00134A8RX","Unsellable","1","1",,"0","0",,
"2026-04-08T10:57:10-07:00","zQsV/DBV+G","Seller-configured Automated Unfulfillable Removal System","Liquidations","Completed","2026-05-04T14:32:46-07:00","306104-62C","X002A34RA5","Unsellable","1","1",,"0","0",,
"2026-04-08T10:57:10-07:00","zQsV/DBV+G","Seller-configured Automated Unfulfillable Removal System","Liquidations","Completed","2026-05-04T14:32:46-07:00","CHTrimer-01J","X002EHB2OB","Unsellable","1","0",,"1","0","0.00","USD"
"2026-04-08T10:57:10-07:00","zQsV/DBV+G","Seller-configured Automated Unfulfillable Removal System","Liquidations","Completed","2026-05-04T14:32:46-07:00","CHTrimer-P-01J","X003H6WA17","Unsellable","1","0",,"1","0","0.00","USD"
"2026-04-08T10:57:10-07:00","zQsV/DBV+G","Seller-configured Automated Unfulfillable Removal System","Liquidations","Completed","2026-05-04T14:32:46-07:00","VS-THB1S","X003QOMS49","Unsellable","1","0",,"1","0","0.00","USD"
"2026-04-08T10:57:10-07:00","zQsV/DBV+G","Seller-configured Automated Unfulfillable Removal System","Liquidations","Completed","2026-05-04T14:32:46-07:00","SDP-002","X003SAOOZ7","Unsellable","1","1",,"0","0",,
"2026-04-08T10:57:10-07:00","zQsV/DBV+G","Seller-configured Automated Unfulfillable Removal System","Liquidations","Completed","2026-05-04T14:32:46-07:00","NB-001J","X003SMLWKP","Unsellable","1","1",,"0","0",,
"2026-04-08T10:57:10-07:00","zQsV/DBV+G","Seller-configured Automated Unfulfillable Removal System","Liquidations","Completed","2026-05-04T14:32:46-07:00","CC-002","X003WBF75X","Unsellable","1","1",,"0","0",,
"2026-04-08T10:57:10-07:00","zQsV/DBV+G","Seller-configured Automated Unfulfillable Removal System","Liquidations","Completed","2026-05-04T14:32:46-07:00","CC-001-6","X003WBQYCN","Unsellable","2","2",,"0","0",,
"2026-04-08T10:57:10-07:00","zQsV/DBV+G","Seller-configured Automated Unfulfillable Removal System","Liquidations","Completed","2026-05-04T14:32:46-07:00","332583-10","X0048FBR6P","Unsellable","1","0",,"1","0","0.00","USD"
"2026-04-08T10:57:10-07:00","zQsV/DBV+G","Seller-configured Automated Unfulfillable Removal System","Liquidations","Completed","2026-05-04T14:32:46-07:00","VSS-SP-3456L40","X004CJOX95","Unsellable","1","1",,"0","0",,
"2026-04-08T10:57:10-07:00","zQsV/DBV+G","Seller-configured Automated Unfulfillable Removal System","Liquidations","Completed","2026-05-04T14:32:46-07:00","VSK-GIYP426-US","X004T1EJX1","Unsellable","2","0",,"2","0","0.00","USD"
"2026-04-08T10:57:10-07:00","zQsV/DBV+G","Seller-configured Automated Unfulfillable Removal System","Liquidations","Completed","2026-05-04T14:32:46-07:00","VSK-GIYP448A-US","X004X6BF2F","Unsellable","1","0",,"1","0","0.00","USD"
"2026-04-07T11:48:14-07:00","PUhI94Ktq9","Seller-configured Automated Unfulfillable Removal System","Return","Completed","2026-04-18T17:57:15-07:00","311001-5x5NJ","X001F1MPD9","Unsellable","1","0",,"1","0","2.27","USD"
"2026-04-07T11:48:14-07:00","PUhI94Ktq9","Seller-configured Automated Unfulfillable Removal System","Return","Completed","2026-04-18T17:57:15-07:00","CHTrimer-P-01J","X003H6WA17","Unsellable","1","0",,"1","0","10.04","USD"
"2026-04-07T11:48:14-07:00","PUhI94Ktq9","Seller-configured Automated Unfulfillable Removal System","Return","Completed","2026-04-18T17:57:15-07:00","VS-THB1S","X003QOMS49","Unsellable","1","0",,"1","0","0.84","USD"
"2026-04-07T11:48:14-07:00","PUhI94Ktq9","Seller-configured Automated Unfulfillable Removal System","Return","Completed","2026-04-18T17:57:15-07:00","HR-0001A","X003WHDB87","Unsellable","1","1",,"0","0",,
"2026-04-07T11:48:14-07:00","PUhI94Ktq9","Seller-configured Automated Unfulfillable Removal System","Return","Completed","2026-04-18T17:57:15-07:00","HR-0001B","X003XOJAP7","Unsellable","1","1",,"0","0",,
"2026-04-07T11:48:14-07:00","PUhI94Ktq9","Seller-configured Automated Unfulfillable Removal System","Return","Completed","2026-04-18T17:57:15-07:00","305140-PEN","X003Y7ZWY1","Unsellable","2","0",,"2","0","1.68","USD"
"2026-04-07T11:48:14-07:00","PUhI94Ktq9","Seller-configured Automated Unfulfillable Removal System","Return","Completed","2026-04-18T17:57:15-07:00","HR-0002J","X0048EXVMT","Unsellable","1","1",,"0","0",,
"2026-04-07T08:33:02-07:00","I69xCjqVS6","Seller-configured Automated Unfulfillable Removal System","Liquidations","Completed","2026-04-14T17:59:49-07:00","311001-5x5NJ","X001F1MPD9","Unsellable","1","0",,"1","0","0.00","USD"
"2026-04-07T08:33:02-07:00","I69xCjqVS6","Seller-configured Automated Unfulfillable Removal System","Liquidations","Completed","2026-04-14T17:59:49-07:00","306104-62C","X002A34RA5","Unsellable","1","1",,"0","0",,
"2026-04-07T08:33:02-07:00","I69xCjqVS6","Seller-configured Automated Unfulfillable Removal System","Liquidations","Completed","2026-04-14T17:59:49-07:00","CHTrimer-P-01J","X003H6WA17","Unsellable","1","0",,"1","0","0.00","USD"
"2026-04-07T08:33:02-07:00","I69xCjqVS6","Seller-configured Automated Unfulfillable Removal System","Liquidations","Completed","2026-04-14T17:59:49-07:00","VSH-IS03","X003QJH99X","Unsellable","1","0",,"1","0","0.00","USD"
"2026-04-07T08:33:02-07:00","I69xCjqVS6","Seller-configured Automated Unfulfillable Removal System","Liquidations","Completed","2026-04-14T17:59:49-07:00","VS-THB1S","X003QOMS49","Unsellable","1","0",,"1","0","0.00","USD"
"2026-04-07T08:33:02-07:00","I69xCjqVS6","Seller-configured Automated Unfulfillable Removal System","Liquidations","Completed","2026-04-14T17:59:49-07:00","SDP-002","X003SAOOZ7","Unsellable","1","1",,"0","0",,
"2026-04-07T08:33:02-07:00","I69xCjqVS6","Seller-configured Automated Unfulfillable Removal System","Liquidations","Completed","2026-04-14T17:59:49-07:00","CC-002","X003WBF75X","Unsellable","1","1",,"0","0",,
"2026-04-07T08:33:02-07:00","I69xCjqVS6","Seller-configured Automated Unfulfillable Removal System","Liquidations","Completed","2026-04-14T17:59:49-07:00","CC-001-6","X003WBQYCN","Unsellable","2","2",,"0","0",,
"2026-04-07T08:33:02-07:00","I69xCjqVS6","Seller-configured Automated Unfulfillable Removal System","Liquidations","Completed","2026-04-14T17:59:49-07:00","HR-0001B","X003XOJAP7","Unsellable","1","1",,"0","0",,
"2026-04-07T08:33:02-07:00","I69xCjqVS6","Seller-configured Automated Unfulfillable Removal System","Liquidations","Completed","2026-04-14T17:59:49-07:00","305140-PEN","X003Y7ZWY1","Unsellable","2","0",,"2","0","0.00","USD"
"2026-04-07T08:33:02-07:00","I69xCjqVS6","Seller-configured Automated Unfulfillable Removal System","Liquidations","Completed","2026-04-14T17:59:49-07:00","332583-10","X0048FBR6P","Unsellable","1","1",,"0","0",,
"2026-04-07T08:33:02-07:00","I69xCjqVS6","Seller-configured Automated Unfulfillable Removal System","Liquidations","Completed","2026-04-14T17:59:49-07:00","VSS-SP-3456L40","X004CJOX95","Unsellable","1","1",,"0","0",,
"2026-04-07T08:33:02-07:00","I69xCjqVS6","Seller-configured Automated Unfulfillable Removal System","Liquidations","Completed","2026-04-14T17:59:49-07:00","VSG-ESPRAY-2L-US","X004SNSQED","Unsellable","1","0",,"1","0","0.00","USD"
"2026-04-06T18:43:25-07:00","20260407","Seller-initiated Manual Removal","Disposal","Completed","2026-04-08T22:24:09-07:00","330101x2K","X0016VM6S7","Unsellable","1","0","1",,"0","1.62","CAD"
"2026-04-06T18:43:25-07:00","20260407","Seller-initiated Manual Removal","Disposal","Completed","2026-04-08T22:24:09-07:00","311003-4K","X0018MEL55","Unsellable","1","0","1",,"0","0.36","CAD"
"2026-04-06T18:43:25-07:00","20260407","Seller-initiated Manual Removal","Disposal","Completed","2026-04-08T22:24:09-07:00","306201P-6K","X001JINFG9","Unsellable","1","0","1",,"0","5.37","CAD"
"2026-04-06T18:43:25-07:00","20260407","Seller-initiated Manual Removal","Disposal","Completed","2026-04-08T22:24:09-07:00","332572K","X0026O3WMR","Unsellable","2","0","2",,"0","3.24","CAD"
"2026-04-06T18:43:25-07:00","20260407","Seller-initiated Manual Removal","Disposal","Completed","2026-04-08T22:24:09-07:00","332567K","X002B0KFFN","Unsellable","1","0","1",,"0","5.02","CAD"
"2026-04-06T18:43:25-07:00","20260407","Seller-initiated Manual Removal","Disposal","Completed","2026-04-08T22:24:09-07:00","HSB950-1800LK","X00305V0TN","Unsellable","1","0","1",,"0","1.62","CAD"
"2026-04-06T18:43:25-07:00","20260407","Seller-initiated Manual Removal","Disposal","Completed","2026-04-08T22:24:09-07:00","VSF-AWE6-G2x2K","X004DZX821","Unsellable","1","0","1",,"0","5.02","CAD"
"2026-04-06T18:43:25-07:00","20260407","Seller-initiated Manual Removal","Disposal","Completed","2026-04-08T22:24:09-07:00","RC-0004K","X004KRHCV5","Unsellable","1","0","1",,"0","1.62","CAD"
"2026-04-06T10:01:18-07:00","9NFtNOru1E","Seller-configured Automated Unfulfillable Removal System","Return","Completed","2026-04-07T16:33:47-07:00","311001-5x5NJ","X001F1MPD9","Unsellable","1","1",,"0","0",,
"2026-04-06T10:01:18-07:00","9NFtNOru1E","Seller-configured Automated Unfulfillable Removal System","Return","Completed","2026-04-07T16:33:47-07:00","CHTrimer-01J","X002EHB2OB","Unsellable","1","0",,"1","0","10.04","USD"
"2026-04-06T10:01:18-07:00","9NFtNOru1E","Seller-configured Automated Unfulfillable Removal System","Return","Completed","2026-04-07T16:33:47-07:00","HR-0000B","X003XOGWOJ","Unsellable","1","1",,"0","0",,
"2026-04-06T10:01:18-07:00","9NFtNOru1E","Seller-configured Automated Unfulfillable Removal System","Return","Completed","2026-04-07T16:33:47-07:00","305140-PEN","X003Y7ZWY1","Unsellable","1","0",,"1","0","0.84","USD"
"2026-04-06T07:47:09-07:00","tdXTnnDgtK","Seller-configured Automated Unfulfillable Removal System","Liquidations","Completed","2026-04-14T03:34:16-07:00","311001-5x5NJ","X001F1MPD9","Unsellable","1","0",,"1","0","0.00","USD"
"2026-04-06T07:47:09-07:00","tdXTnnDgtK","Seller-configured Automated Unfulfillable Removal System","Liquidations","Completed","2026-04-14T03:34:16-07:00","306104-62C","X002A34RA5","Unsellable","1","1",,"0","0",,
"2026-04-06T07:47:09-07:00","tdXTnnDgtK","Seller-configured Automated Unfulfillable Removal System","Liquidations","Completed","2026-04-14T03:34:16-07:00","CHTrimer-01J","X002EHB2OB","Unsellable","1","0",,"1","0","0.00","USD"
"2026-04-06T07:47:09-07:00","tdXTnnDgtK","Seller-configured Automated Unfulfillable Removal System","Liquidations","Completed","2026-04-14T03:34:16-07:00","SDP-002","X003SAOOZ7","Unsellable","1","1",,"0","0",,
"2026-04-06T07:47:09-07:00","tdXTnnDgtK","Seller-configured Automated Unfulfillable Removal System","Liquidations","Completed","2026-04-14T03:34:16-07:00","CC-002","X003WBF75X","Unsellable","1","1",,"0","0",,
"2026-04-06T07:47:09-07:00","tdXTnnDgtK","Seller-configured Automated Unfulfillable Removal System","Liquidations","Completed","2026-04-14T03:34:16-07:00","CC-001-6","X003WBQYCN","Unsellable","2","2",,"0","0",,
"2026-04-06T07:47:09-07:00","tdXTnnDgtK","Seller-configured Automated Unfulfillable Removal System","Liquidations","Completed","2026-04-14T03:34:16-07:00","HR-0000B","X003XOGWOJ","Unsellable","1","1",,"0","0",,
"2026-04-06T07:47:09-07:00","tdXTnnDgtK","Seller-configured Automated Unfulfillable Removal System","Liquidations","Completed","2026-04-14T03:34:16-07:00","305140-PEN","X003Y7ZWY1","Unsellable","1","0",,"1","0","0.00","USD"
"2026-04-06T07:47:09-07:00","tdXTnnDgtK","Seller-configured Automated Unfulfillable Removal System","Liquidations","Completed","2026-04-14T03:34:16-07:00","RGB-0011-GR","X0042JMIVP","Unsellable","1","1",,"0","0",,
"2026-04-06T07:47:09-07:00","tdXTnnDgtK","Seller-configured Automated Unfulfillable Removal System","Liquidations","Completed","2026-04-14T03:34:16-07:00","332583-10","X0048FBR6P","Unsellable","1","1",,"0","0",,
"2026-04-06T07:47:09-07:00","tdXTnnDgtK","Seller-configured Automated Unfulfillable Removal System","Liquidations","Completed","2026-04-14T03:34:16-07:00","VSS-SP-3456L40","X004CJOX95","Unsellable","1","1",,"0","0",,
"2026-04-06T07:47:09-07:00","tdXTnnDgtK","Seller-configured Automated Unfulfillable Removal System","Liquidations","Completed","2026-04-14T03:34:16-07:00","VSK-GIYP336-US","X004T1EL5R","Unsellable","1","0",,"1","0","0.00","USD"
"2026-04-06T07:31:45-07:00","AxYCUqxQLQ","Seller-configured Automated Unfulfillable Removal System","Return","Completed","2026-04-21T03:21:21-07:00","330101-01K","X000U6HQI9","Unsellable","3","3",,"0","0",,
"2026-04-06T07:31:45-07:00","AxYCUqxQLQ","Seller-configured Automated Unfulfillable Removal System","Return","Completed","2026-04-21T03:21:21-07:00","311001-15x5K","X000WAEDU7","Unsellable","2","2",,"0","0",,
"2026-04-06T07:31:45-07:00","AxYCUqxQLQ","Seller-configured Automated Unfulfillable Removal System","Return","Completed","2026-04-21T03:21:21-07:00","331101-6K","X00168MM39","Unsellable","1","1",,"0","0",,
"2026-04-06T07:31:45-07:00","AxYCUqxQLQ","Seller-configured Automated Unfulfillable Removal System","Return","Completed","2026-04-21T03:21:21-07:00","331101-4K","X0016A2N7H","Unsellable","1","1",,"0","0",,
"2026-04-06T07:31:45-07:00","AxYCUqxQLQ","Seller-configured Automated Unfulfillable Removal System","Return","Completed","2026-04-21T03:21:21-07:00","311001-20x5K","X0016HFB8N","Unsellable","1","1",,"0","0",,
"2026-04-06T07:31:45-07:00","AxYCUqxQLQ","Seller-configured Automated Unfulfillable Removal System","Return","Completed","2026-04-21T03:21:21-07:00","330101x2K","X0016VM6S7","Unsellable","4","4",,"0","0",,
"2026-04-06T07:31:45-07:00","AxYCUqxQLQ","Seller-configured Automated Unfulfillable Removal System","Return","Completed","2026-04-21T03:21:21-07:00","330103K","X0016X79E1","Unsellable","5","0",,"5","0","14.15","CAD"
"2026-04-06T07:31:45-07:00","AxYCUqxQLQ","Seller-configured Automated Unfulfillable Removal System","Return","Completed","2026-04-21T03:21:21-07:00","311001-1x5K","X001BBLIKT","Unsellable","1","1",,"0","0",,
"2026-04-06T07:31:45-07:00","AxYCUqxQLQ","Seller-configured Automated Unfulfillable Removal System","Return","Completed","2026-04-21T03:21:21-07:00","306101W-4K","X001KCU7VP","Unsellable","5","4",,"1","0","3.85","CAD"
"2026-04-06T07:31:45-07:00","AxYCUqxQLQ","Seller-configured Automated Unfulfillable Removal System","Return","Completed","2026-04-21T03:21:21-07:00","311021-15x5K","X001LWFXHH","Unsellable","1","1",,"0","0",,
"2026-04-06T07:31:45-07:00","AxYCUqxQLQ","Seller-configured Automated Unfulfillable Removal System","Return","Completed","2026-04-21T03:21:21-07:00","311021-10x5K","X001LWGBN7","Unsellable","1","1",,"0","0",,
"2026-04-06T07:31:45-07:00","AxYCUqxQLQ","Seller-configured Automated Unfulfillable Removal System","Return","Completed","2026-04-21T03:21:21-07:00","311003-5K","X001M23OUT","Unsellable","1","1",,"0","0",,
"2026-04-06T07:31:45-07:00","AxYCUqxQLQ","Seller-configured Automated Unfulfillable Removal System","Return","Completed","2026-04-21T03:21:21-07:00","333101-GK","X001RKA0VH","Unsellable","1","1",,"0","0",,
"2026-04-06T07:31:45-07:00","AxYCUqxQLQ","Seller-configured Automated Unfulfillable Removal System","Return","Completed","2026-04-21T03:21:21-07:00","304114-43K","X0024YWNPL","Unsellable","1","0",,"1","0","16.48","CAD"
"2026-04-06T07:31:45-07:00","AxYCUqxQLQ","Seller-configured Automated Unfulfillable Removal System","Return","Completed","2026-04-21T03:21:21-07:00","332572K","X0026O3WMR","Unsellable","4","4",,"0","0",,
"2026-04-06T07:31:45-07:00","AxYCUqxQLQ","Seller-configured Automated Unfulfillable Removal System","Return","Completed","2026-04-21T03:21:21-07:00","SPray-15L-RK","X0028B1A8L","Unsellable","1","1",,"0","0",,
"2026-04-06T07:31:45-07:00","AxYCUqxQLQ","Seller-configured Automated Unfulfillable Removal System","Return","Completed","2026-04-21T03:21:21-07:00","SPray-15L-GK","X0028BZNWZ","Unsellable","1","1",,"0","0",,
"2026-04-06T07:31:45-07:00","AxYCUqxQLQ","Seller-configured Automated Unfulfillable Removal System","Return","Completed","2026-04-21T03:21:21-07:00","307281-2K","X0028TRIQB","Unsellable","1","1",,"0","0",,
"2026-04-06T07:31:45-07:00","AxYCUqxQLQ","Seller-configured Automated Unfulfillable Removal System","Return","Completed","2026-04-21T03:21:21-07:00","SPray-08L-GK","X0029LVMNN","Unsellable","1","1",,"0","0",,
"2026-04-06T07:31:45-07:00","AxYCUqxQLQ","Seller-configured Automated Unfulfillable Removal System","Return","Completed","2026-04-21T03:21:21-07:00","305130-PENK","X002AO9XN5","Unsellable","1","1",,"0","0",,
"2026-04-06T07:31:45-07:00","AxYCUqxQLQ","Seller-configured Automated Unfulfillable Removal System","Return","Completed","2026-04-21T03:21:21-07:00","Spray-SX-CS4K","X002IRQ01R","Unsellable","1","1",,"0","0",,
"2026-04-06T07:31:45-07:00","AxYCUqxQLQ","Seller-configured Automated Unfulfillable Removal System","Return","Completed","2026-04-21T03:21:21-07:00","CHTrimer-01K","X002L7NS37","Unsellable","1","0",,"1","0","5.02","CAD"
"2026-04-06T07:31:45-07:00","AxYCUqxQLQ","Seller-configured Automated Unfulfillable Removal System","Return","Completed","2026-04-21T03:21:21-07:00","332582-100K","X002L7NT81","Unsellable","1","1",,"0","0",,
"2026-04-06T07:31:45-07:00","AxYCUqxQLQ","Seller-configured Automated Unfulfillable Removal System","Return","Completed","2026-04-21T03:21:21-07:00","PB-7K","X002P1XTCJ","Unsellable","2","2",,"0","0",,
"2026-04-06T07:31:45-07:00","AxYCUqxQLQ","Seller-configured Automated Unfulfillable Removal System","Return","Completed","2026-04-21T03:21:21-07:00","306146-0412K","X002SUO6LF","Unsellable","1","1",,"0","0",,
"2026-04-06T07:31:45-07:00","AxYCUqxQLQ","Seller-configured Automated Unfulfillable Removal System","Return","Completed","2026-04-21T03:21:21-07:00","PH004NK","X0030A40SB","Unsellable","1","1",,"0","0",,
"2026-04-06T07:31:45-07:00","AxYCUqxQLQ","Seller-configured Automated Unfulfillable Removal System","Return","Completed","2026-04-21T03:21:21-07:00","PH007K","X003FFTIB5","Unsellable","2","2",,"0","0",,
"2026-04-06T07:31:45-07:00","AxYCUqxQLQ","Seller-configured Automated Unfulfillable Removal System","Return","Completed","2026-04-21T03:21:21-07:00","AP-40K","X003FGVA7J","Unsellable","1","1",,"0","0",,
"2026-04-06T07:31:45-07:00","AxYCUqxQLQ","Seller-configured Automated Unfulfillable Removal System","Return","Completed","2026-04-21T03:21:21-07:00","AP-15K","X003FGVA7T","Unsellable","1","1",,"0","0",,
"2026-04-06T07:31:45-07:00","AxYCUqxQLQ","Seller-configured Automated Unfulfillable Removal System","Return","Completed","2026-04-21T03:21:21-07:00","VGPF-1100K","X003R0YZLL","Unsellable","1","0",,"1","0","5.02","CAD"
"2026-04-06T07:31:45-07:00","AxYCUqxQLQ","Seller-configured Automated Unfulfillable Removal System","Return","Completed","2026-04-21T03:21:21-07:00","PL-0001K","X003RS3C9J","Unsellable","1","1",,"0","0",,
"2026-04-06T07:31:45-07:00","AxYCUqxQLQ","Seller-configured Automated Unfulfillable Removal System","Return","Completed","2026-04-21T03:21:21-07:00","TN-24K","X003SYKRVN","Unsellable","1","1",,"0","0",,
"2026-04-06T07:31:45-07:00","AxYCUqxQLQ","Seller-configured Automated Unfulfillable Removal System","Return","Completed","2026-04-21T03:21:21-07:00","TN-44K","X003SZ0I25","Unsellable","1","1",,"0","0",,
"2026-04-06T07:31:45-07:00","AxYCUqxQLQ","Seller-configured Automated Unfulfillable Removal System","Return","Completed","2026-04-21T03:21:21-07:00","VSV-AZG4K","X003UH0P5V","Unsellable","1","1",,"0","0",,
"2026-04-06T07:31:45-07:00","AxYCUqxQLQ","Seller-configured Automated Unfulfillable Removal System","Return","Completed","2026-04-21T03:21:21-07:00","VSV-AZG8K","X003UH4B0B","Unsellable","1","0",,"1","0","5.02","CAD"
"2026-04-06T07:31:45-07:00","AxYCUqxQLQ","Seller-configured Automated Unfulfillable Removal System","Return","Completed","2026-04-21T03:21:21-07:00","WP-331K","X003VJH1EB","Unsellable","1","1",,"0","0",,
"2026-04-06T07:31:45-07:00","AxYCUqxQLQ","Seller-configured Automated Unfulfillable Removal System","Return","Completed","2026-04-21T03:21:21-07:00","306104-416K","X003VVNEHR","Unsellable","2","2",,"0","0",,
"2026-04-06T07:31:45-07:00","AxYCUqxQLQ","Seller-configured Automated Unfulfillable Removal System","Return","Completed","2026-04-21T03:21:21-07:00","306109-68K","X003VVNGPR","Unsellable","1","1",,"0","0",,
"2026-04-06T07:31:45-07:00","AxYCUqxQLQ","Seller-configured Automated Unfulfillable Removal System","Return","Completed","2026-04-21T03:21:21-07:00","SST-1-0001K","X003XUW3S7","Unsellable","1","1",,"0","0",,
"2026-04-06T07:31:45-07:00","AxYCUqxQLQ","Seller-configured Automated Unfulfillable Removal System","Return","Completed","2026-04-21T03:21:21-07:00","GT-PoleK","X003Y82JJV","Unsellable","2","0",,"2","0","5.66","CAD"
"2026-04-06T07:31:45-07:00","AxYCUqxQLQ","Seller-configured Automated Unfulfillable Removal System","Return","Completed","2026-04-21T03:21:21-07:00","VSV-TF13-WK","X003Y94OPH","Unsellable","2","1",,"1","0","3.85","CAD"
"2026-04-06T07:31:45-07:00","AxYCUqxQLQ","Seller-configured Automated Unfulfillable Removal System","Return","Completed","2026-04-21T03:21:21-07:00","307282-2K","X003Y9MGZR","Unsellable","3","3",,"0","0",,
"2026-04-06T07:31:45-07:00","AxYCUqxQLQ","Seller-configured Automated Unfulfillable Removal System","Return","Completed","2026-04-21T03:21:21-07:00","330301K","X003YG5X19","Unsellable","1","1",,"0","0",,
"2026-04-06T07:31:45-07:00","AxYCUqxQLQ","Seller-configured Automated Unfulfillable Removal System","Return","Completed","2026-04-21T03:21:21-07:00","LH-001-6K","X003ZEYI9D","Unsellable","1","1",,"0","0",,
"2026-04-06T07:31:45-07:00","AxYCUqxQLQ","Seller-configured Automated Unfulfillable Removal System","Return","Completed","2026-04-21T03:21:21-07:00","VSS-UCSK","X003ZPKQ25","Unsellable","1","1",,"0","0",,
"2026-04-06T07:31:45-07:00","AxYCUqxQLQ","Seller-configured Automated Unfulfillable Removal System","Return","Completed","2026-04-21T03:21:21-07:00","VSVC-AZS6K","X00429E8RR","Unsellable","1","0",,"1","0","10.25","CAD"
"2026-04-06T07:31:45-07:00","AxYCUqxQLQ","Seller-configured Automated Unfulfillable Removal System","Return","Completed","2026-04-21T03:21:21-07:00","332595K","X0043U4OJR","Unsellable","1","1",,"0","0",,
"2026-04-06T07:31:45-07:00","AxYCUqxQLQ","Seller-configured Automated Unfulfillable Removal System","Return","Completed","2026-04-21T03:21:21-07:00","VSV-WVK2K","X00440KG3T","Unsellable","1","1",,"0","0",,
"2026-04-06T07:31:45-07:00","AxYCUqxQLQ","Seller-configured Automated Unfulfillable Removal System","Return","Completed","2026-04-21T03:21:21-07:00","VSF-R410-BLK","X0045D2QWT","Unsellable","1","1",,"0","0",,
"2026-04-06T07:31:45-07:00","AxYCUqxQLQ","Seller-configured Automated Unfulfillable Removal System","Return","Completed","2026-04-21T03:21:21-07:00","VSF-AWE9K","X0046BLS2T","Unsellable","2","2",,"0","0",,
"2026-04-06T07:31:45-07:00","AxYCUqxQLQ","Seller-configured Automated Unfulfillable Removal System","Return","Completed","2026-04-21T03:21:21-07:00","332583-20K","X0048F98VB","Unsellable","1","1",,"0","0",,
"2026-04-06T07:31:45-07:00","AxYCUqxQLQ","Seller-configured Automated Unfulfillable Removal System","Return","Completed","2026-04-21T03:21:21-07:00","332583-10K","X0048FHTSZ","Unsellable","1","1",,"0","0",,
"2026-04-06T07:31:45-07:00","AxYCUqxQLQ","Seller-configured Automated Unfulfillable Removal System","Return","Completed","2026-04-21T03:21:21-07:00","332583-35K","X0048FIP0B","Unsellable","1","1",,"0","0",,
"2026-04-06T07:31:45-07:00","AxYCUqxQLQ","Seller-configured Automated Unfulfillable Removal System","Return","Completed","2026-04-21T03:21:21-07:00","AP-40kitK","X00497N1ED","Unsellable","1","1",,"0","0",,
"2026-04-06T07:31:45-07:00","AxYCUqxQLQ","Seller-configured Automated Unfulfillable Removal System","Return","Completed","2026-04-21T03:21:21-07:00","305141-PENK","X0049L0LKB","Unsellable","2","2",,"0","0",,
"2026-04-06T07:31:45-07:00","AxYCUqxQLQ","Seller-configured Automated Unfulfillable Removal System","Return","Completed","2026-04-21T03:21:21-07:00","OUL-001-12K","X004AUSWJD","Unsellable","1","0",,"1","0","5.02","CAD"
"2026-04-06T07:31:45-07:00","AxYCUqxQLQ","Seller-configured Automated Unfulfillable Removal System","Return","Completed","2026-04-21T03:21:21-07:00","SPray-60LK","X004AUWH8F","Unsellable","2","1",,"1","0","2.83","CAD"
"2026-04-06T07:31:45-07:00","AxYCUqxQLQ","Seller-configured Automated Unfulfillable Removal System","Return","Completed","2026-04-21T03:21:21-07:00","SPray-1L-BGK","X004AUZMRX","Unsellable","2","2",,"0","0",,
"2026-04-06T07:31:45-07:00","AxYCUqxQLQ","Seller-configured Automated Unfulfillable Removal System","Return","Completed","2026-04-21T03:21:21-07:00","SPray-2L-BGK","X004AUZN63","Unsellable","1","1",,"0","0",,
"2026-04-06T07:31:45-07:00","AxYCUqxQLQ","Seller-configured Automated Unfulfillable Removal System","Return","Completed","2026-04-21T03:21:21-07:00","306109-4CK","X004RIQXCV","Unsellable","1","1",,"0","0",,
"2026-04-06T07:31:45-07:00","AxYCUqxQLQ","Seller-configured Automated Unfulfillable Removal System","Return","Completed","2026-04-21T03:21:21-07:00","VSE-ATW70K","X004RMCZ65","Unsellable","2","2",,"0","0",,
"2026-04-06T07:31:45-07:00","AxYCUqxQLQ","Seller-configured Automated Unfulfillable Removal System","Return","Completed","2026-04-21T03:21:21-07:00","VSG-ESPRAY-2L-CA","X004SO59HJ","Unsellable","1","1",,"0","0",,
"2026-04-05T11:40:24-07:00","Ct3KkoIMRN","Seller-configured Automated Unfulfillable Removal System","Return","Completed","2026-04-09T23:39:42-07:00","304113-44","X000VV26B5","Unsellable","2","1",,"1","0","34.46","USD"
"2026-04-05T11:40:24-07:00","Ct3KkoIMRN","Seller-configured Automated Unfulfillable Removal System","Return","Completed","2026-04-09T23:39:42-07:00","306104-62C","X002A34RA5","Unsellable","1","1",,"0","0",,
"2026-04-05T11:40:24-07:00","Ct3KkoIMRN","Seller-configured Automated Unfulfillable Removal System","Return","Completed","2026-04-09T23:39:42-07:00","332582-60","X002I2RBLF","Unsellable","1","0",,"1","0","3.95","USD"
"2026-04-05T11:40:24-07:00","Ct3KkoIMRN","Seller-configured Automated Unfulfillable Removal System","Return","Completed","2026-04-09T23:39:42-07:00","SDP-002","X003SAOOZ7","Unsellable","1","1",,"0","0",,
"2026-04-05T11:40:24-07:00","Ct3KkoIMRN","Seller-configured Automated Unfulfillable Removal System","Return","Completed","2026-04-09T23:39:42-07:00","CC-002","X003WBF75X","Unsellable","1","1",,"0","0",,
"2026-04-05T11:40:24-07:00","Ct3KkoIMRN","Seller-configured Automated Unfulfillable Removal System","Return","Completed","2026-04-09T23:39:42-07:00","RGB-0011-GR","X0042JMIVP","Unsellable","1","1",,"0","0",,
"2026-04-05T11:40:24-07:00","Ct3KkoIMRN","Seller-configured Automated Unfulfillable Removal System","Return","Completed","2026-04-09T23:39:42-07:00","VSS-SP-3456L40","X004CJOX95","Unsellable","1","1",,"0","0",,
"2026-04-05T07:48:00-07:00","SHhyljbp9u","Seller-configured Automated Unfulfillable Removal System","Liquidations","Completed","2026-04-08T20:33:53-07:00","UNKNOW","B07SPYD4MW","Unsellable","1","0",,"1","0","0.00","USD"
"2026-04-05T07:48:00-07:00","SHhyljbp9u","Seller-configured Automated Unfulfillable Removal System","Liquidations","Completed","2026-04-08T20:33:53-07:00","306104-62C","X002A34RA5","Unsellable","1","1",,"0","0",,
"2026-04-05T07:48:00-07:00","SHhyljbp9u","Seller-configured Automated Unfulfillable Removal System","Liquidations","Completed","2026-04-08T20:33:53-07:00","332582-60","X002I2RBLF","Unsellable","1","0",,"1","0","0.00","USD"
"2026-04-05T07:48:00-07:00","SHhyljbp9u","Seller-configured Automated Unfulfillable Removal System","Liquidations","Completed","2026-04-08T20:33:53-07:00","SDP-002","X003SAOOZ7","Unsellable","1","1",,"0","0",,
"2026-04-05T07:48:00-07:00","SHhyljbp9u","Seller-configured Automated Unfulfillable Removal System","Liquidations","Completed","2026-04-08T20:33:53-07:00","CC-002","X003WBF75X","Unsellable","1","1",,"0","0",,
"2026-04-05T07:48:00-07:00","SHhyljbp9u","Seller-configured Automated Unfulfillable Removal System","Liquidations","Completed","2026-04-08T20:33:53-07:00","RGB-0011-GR","X0042JMIVP","Unsellable","1","1",,"0","0",,
"2026-04-05T07:48:00-07:00","SHhyljbp9u","Seller-configured Automated Unfulfillable Removal System","Liquidations","Completed","2026-04-08T20:33:53-07:00","VSS-SP-3456L40","X004CJOX95","Unsellable","1","1",,"0","0",,
"2026-04-05T05:01:10-07:00","20260405-1","Seller-initiated Manual Removal","Return","Completed","2026-04-06T05:23:41-07:00","330101CK","X000Y40U1R","Unsellable","26","25",,"1","0","1.73","CAD"
"2026-04-04T22:20:02-07:00","2604041HM7","Seller-initiated Manual Removal","Return","Completed","2026-04-26T18:43:59-07:00","330118K","X000WH4G61","Unsellable","364","30",,"334","0","273.88","CAD"
"2026-04-04T22:20:02-07:00","2604041HM7","Seller-initiated Manual Removal","Return","Completed","2026-04-26T18:43:59-07:00","330101CK","X000Y40U1R","Unsellable","390","74",,"316","0","516.01","CAD"
"2026-04-04T22:20:02-07:00","2604041HM7","Seller-initiated Manual Removal","Return","Completed","2026-04-26T18:43:59-07:00","330103CK","X0028CCZVB","Unsellable","157","7",,"150","0","424.50","CAD"
"2026-04-04T22:20:02-07:00","2604041HM7","Seller-initiated Manual Removal","Return","Completed","2026-04-26T18:43:59-07:00","HM002K","X002M0OCP1","Unsellable","26","20",,"6","0","9.72","CAD"
"2026-04-04T22:20:02-07:00","2604041HM7","Seller-initiated Manual Removal","Return","Completed","2026-04-26T18:43:59-07:00","330104CK","X002P7IK81","Unsellable","103","32",,"71","0","115.02","CAD"
"2026-04-04T22:20:02-07:00","2604041HM7","Seller-initiated Manual Removal","Return","Completed","2026-04-26T18:43:59-07:00","330102CK","X002P7LAER","Unsellable","28","1",,"27","0","45.63","CAD"
"2026-04-04T22:20:02-07:00","2604041HM7","Seller-initiated Manual Removal","Return","Completed","2026-04-26T18:43:59-07:00","HM003K","X0043SQKXR","Unsellable","46","18",,"28","0","47.32","CAD"
"2026-04-04T11:51:57-07:00","ywZbp7ToNJ","Seller-configured Automated Unfulfillable Removal System","Return","Completed","2026-04-09T20:38:21-07:00","304113-44","X000VV26B5","Unsellable","1","1",,"0","0",,
"2026-04-04T11:51:57-07:00","ywZbp7ToNJ","Seller-configured Automated Unfulfillable Removal System","Return","Completed","2026-04-09T20:38:21-07:00","304113-42","X000ZYIIWT","Unsellable","1","1",,"0","0",,
"2026-04-04T11:51:57-07:00","ywZbp7ToNJ","Seller-configured Automated Unfulfillable Removal System","Return","Completed","2026-04-09T20:38:21-07:00","306104-62C","X002A34RA5","Unsellable","1","1",,"0","0",,
"2026-04-04T11:51:57-07:00","ywZbp7ToNJ","Seller-configured Automated Unfulfillable Removal System","Return","Completed","2026-04-09T20:38:21-07:00","SDP-002","X003SAOOZ7","Unsellable","1","1",,"0","0",,
"2026-04-04T11:51:57-07:00","ywZbp7ToNJ","Seller-configured Automated Unfulfillable Removal System","Return","Completed","2026-04-09T20:38:21-07:00","CC-002","X003WBF75X","Unsellable","1","1",,"0","0",,
"2026-04-04T11:51:57-07:00","ywZbp7ToNJ","Seller-configured Automated Unfulfillable Removal System","Return","Completed","2026-04-09T20:38:21-07:00","305140-PEN","X003Y7ZWY1","Unsellable","1","0",,"1","0","0.84","USD"
"2026-04-04T11:51:57-07:00","ywZbp7ToNJ","Seller-configured Automated Unfulfillable Removal System","Return","Completed","2026-04-09T20:38:21-07:00","VSS-SP-3456L40","X004CJOX95","Unsellable","1","1",,"0","0",,
"2026-04-04T07:51:16-07:00","ffQygZUpc9","Seller-configured Automated Unfulfillable Removal System","Liquidations","Completed","2026-04-17T13:18:34-07:00","306104-62C","X002A34RA5","Unsellable","1","1",,"0","0",,
"2026-04-04T07:51:16-07:00","ffQygZUpc9","Seller-configured Automated Unfulfillable Removal System","Liquidations","Completed","2026-04-17T13:18:34-07:00","304113-1010","X003RFNS87","Unsellable","1","0",,"1","0","0.00","USD"
"2026-04-04T07:51:16-07:00","ffQygZUpc9","Seller-configured Automated Unfulfillable Removal System","Liquidations","Completed","2026-04-17T13:18:34-07:00","GAT-002","X003S2D4I3","Unsellable","3","0",,"3","0","0.00","USD"
"2026-04-04T07:51:16-07:00","ffQygZUpc9","Seller-configured Automated Unfulfillable Removal System","Liquidations","Completed","2026-04-17T13:18:34-07:00","SDP-002","X003SAOOZ7","Unsellable","1","1",,"0","0",,
"2026-04-04T07:51:16-07:00","ffQygZUpc9","Seller-configured Automated Unfulfillable Removal System","Liquidations","Completed","2026-04-17T13:18:34-07:00","CC-002","X003WBF75X","Unsellable","1","1",,"0","0",,
"2026-04-04T07:51:16-07:00","ffQygZUpc9","Seller-configured Automated Unfulfillable Removal System","Liquidations","Completed","2026-04-17T13:18:34-07:00","305140-PEN","X003Y7ZWY1","Unsellable","1","0",,"1","0","0.00","USD"
"2026-04-04T07:51:16-07:00","ffQygZUpc9","Seller-configured Automated Unfulfillable Removal System","Liquidations","Completed","2026-04-17T13:18:34-07:00","HR-0003-2","X0046G649V","Unsellable","1","0",,"1","0","0.00","USD"
"2026-04-04T07:51:16-07:00","ffQygZUpc9","Seller-configured Automated Unfulfillable Removal System","Liquidations","Completed","2026-04-17T13:18:34-07:00","332583-10","X0048FBR6P","Unsellable","1","1",,"0","0",,
"2026-04-04T07:51:16-07:00","ffQygZUpc9","Seller-configured Automated Unfulfillable Removal System","Liquidations","Completed","2026-04-17T13:18:34-07:00","VSS-SP-3456L40","X004CJOX95","Unsellable","1","1",,"0","0",,
"2026-04-03T11:15:28-07:00","B8Q5wGH+zB","Seller-configured Automated Unfulfillable Removal System","Return","Completed","2026-04-16T15:02:24-07:00","306104-8C","X000T0VGG9","Unsellable","1","1",,"0","0",,
"2026-04-03T11:15:28-07:00","B8Q5wGH+zB","Seller-configured Automated Unfulfillable Removal System","Return","Completed","2026-04-16T15:02:24-07:00","304113-44","X000VV26B5","Unsellable","2","2",,"0","0",,
"2026-04-03T11:15:28-07:00","B8Q5wGH+zB","Seller-configured Automated Unfulfillable Removal System","Return","Completed","2026-04-16T15:02:24-07:00","304113-42","X000ZYIIWT","Unsellable","1","1",,"0","0",,
"2026-04-03T11:15:28-07:00","B8Q5wGH+zB","Seller-configured Automated Unfulfillable Removal System","Return","Completed","2026-04-16T15:02:24-07:00","VS-THB1S","X003QOMS49","Unsellable","1","0",,"1","0","0.84","USD"
"2026-04-03T11:15:28-07:00","B8Q5wGH+zB","Seller-configured Automated Unfulfillable Removal System","Return","Completed","2026-04-16T15:02:24-07:00","HR-0001B","X003XOJAP7","Unsellable","3","3",,"0","0",,
"2026-04-03T11:15:28-07:00","B8Q5wGH+zB","Seller-configured Automated Unfulfillable Removal System","Return","Completed","2026-04-16T15:02:24-07:00","305140-PEN","X003Y7ZWY1","Unsellable","1","0",,"1","0","0.84","USD"
"2026-04-03T11:15:28-07:00","B8Q5wGH+zB","Seller-configured Automated Unfulfillable Removal System","Return","Completed","2026-04-16T15:02:24-07:00","WP-0005","X003ZWN8UZ","Unsellable","1","1",,"0","0",,
"2026-04-03T07:26:41-07:00","jIGrU3n3Nw","Seller-configured Automated Unfulfillable Removal System","Liquidations","Completed","2026-04-15T16:57:39-07:00","306104-8C","X000T0VGG9","Unsellable","1","0",,"1","0","0.00","USD"
"2026-04-03T07:26:41-07:00","jIGrU3n3Nw","Seller-configured Automated Unfulfillable Removal System","Liquidations","Completed","2026-04-15T16:57:39-07:00","DSpel001J","X0027BRQDZ","Unsellable","1","0",,"1","0","0.00","USD"
"2026-04-03T07:26:41-07:00","jIGrU3n3Nw","Seller-configured Automated Unfulfillable Removal System","Liquidations","Completed","2026-04-15T16:57:39-07:00","306104-62C","X002A34RA5","Unsellable","1","1",,"0","0",,
"2026-04-03T07:26:41-07:00","jIGrU3n3Nw","Seller-configured Automated Unfulfillable Removal System","Liquidations","Completed","2026-04-15T16:57:39-07:00","VS-THB1S","X003QOMS49","Unsellable","1","0",,"1","0","0.00","USD"
"2026-04-03T07:26:41-07:00","jIGrU3n3Nw","Seller-configured Automated Unfulfillable Removal System","Liquidations","Completed","2026-04-15T16:57:39-07:00","SDP-002","X003SAOOZ7","Unsellable","1","1",,"0","0",,
"2026-04-03T07:26:41-07:00","jIGrU3n3Nw","Seller-configured Automated Unfulfillable Removal System","Liquidations","Completed","2026-04-15T16:57:39-07:00","HR-0001B","X003XOJAP7","Unsellable","3","3",,"0","0",,
"2026-04-03T07:26:41-07:00","jIGrU3n3Nw","Seller-configured Automated Unfulfillable Removal System","Liquidations","Completed","2026-04-15T16:57:39-07:00","305140-PEN","X003Y7ZWY1","Unsellable","1","0",,"1","0","0.00","USD"
"2026-04-03T07:26:41-07:00","jIGrU3n3Nw","Seller-configured Automated Unfulfillable Removal System","Liquidations","Completed","2026-04-15T16:57:39-07:00","WP-0005","X003ZWN8UZ","Unsellable","1","1",,"0","0",,
"2026-04-03T07:26:41-07:00","jIGrU3n3Nw","Seller-configured Automated Unfulfillable Removal System","Liquidations","Completed","2026-04-15T16:57:39-07:00","HR-0003-2","X0046G649V","Unsellable","1","1",,"0","0",,
"2026-04-03T07:26:41-07:00","jIGrU3n3Nw","Seller-configured Automated Unfulfillable Removal System","Liquidations","Completed","2026-04-15T16:57:39-07:00","LOUPE-007J","X0046LUM1R","Unsellable","1","0",,"1","0","0.00","USD"
"2026-04-03T07:26:41-07:00","jIGrU3n3Nw","Seller-configured Automated Unfulfillable Removal System","Liquidations","Completed","2026-04-15T16:57:39-07:00","332583-10","X0048FBR6P","Unsellable","1","1",,"0","0",,
"2026-04-03T07:26:41-07:00","jIGrU3n3Nw","Seller-configured Automated Unfulfillable Removal System","Liquidations","Completed","2026-04-15T16:57:39-07:00","VSS-SP-3456L40","X004CJOX95","Unsellable","1","1",,"0","0",,
"2026-04-02T11:47:48-07:00","ye0fTgyxHq","Seller-configured Automated Unfulfillable Removal System","Return","Completed","2026-04-14T13:48:10-07:00","304113-44","X000VV26B5","Unsellable","2","1",,"1","0","34.46","USD"
"2026-04-02T11:47:48-07:00","ye0fTgyxHq","Seller-configured Automated Unfulfillable Removal System","Return","Completed","2026-04-14T13:48:10-07:00","304113-42","X000ZYIIWT","Unsellable","1","1",,"0","0",,
"2026-04-02T11:47:48-07:00","ye0fTgyxHq","Seller-configured Automated Unfulfillable Removal System","Return","Completed","2026-04-14T13:48:10-07:00","WB-3x100","X0028GWZSP","Unsellable","1","0",,"1","0","10.04","USD"
"2026-04-02T11:47:48-07:00","ye0fTgyxHq","Seller-configured Automated Unfulfillable Removal System","Return","Completed","2026-04-14T13:48:10-07:00","306104-62C","X002A34RA5","Unsellable","1","1",,"0","0",,
"2026-04-02T11:47:48-07:00","ye0fTgyxHq","Seller-configured Automated Unfulfillable Removal System","Return","Completed","2026-04-14T13:48:10-07:00","CHTrimer-01J","X002EHB2OB","Unsellable","1","0",,"1","0","10.04","USD"
"2026-04-02T11:47:48-07:00","ye0fTgyxHq","Seller-configured Automated Unfulfillable Removal System","Return","Completed","2026-04-14T13:48:10-07:00","SDP-002","X003SAOOZ7","Unsellable","1","1",,"0","0",,
"2026-04-02T11:47:48-07:00","ye0fTgyxHq","Seller-configured Automated Unfulfillable Removal System","Return","Completed","2026-04-14T13:48:10-07:00","HR-0002B","X003XOJ0V1","Unsellable","1","1",,"0","0",,
"2026-04-02T11:47:48-07:00","ye0fTgyxHq","Seller-configured Automated Unfulfillable Removal System","Return","Completed","2026-04-14T13:48:10-07:00","HR-0001B","X003XOJAP7","Unsellable","5","5",,"0","0",,
"2026-04-02T11:47:48-07:00","ye0fTgyxHq","Seller-configured Automated Unfulfillable Removal System","Return","Completed","2026-04-14T13:48:10-07:00","HR-0002J","X0048EXVMT","Unsellable","1","1",,"0","0",,
"2026-04-02T11:47:48-07:00","ye0fTgyxHq","Seller-configured Automated Unfulfillable Removal System","Return","Completed","2026-04-14T13:48:10-07:00","332583-10","X0048FBR6P","Unsellable","1","1",,"0","0",,
"2026-04-02T11:47:48-07:00","ye0fTgyxHq","Seller-configured Automated Unfulfillable Removal System","Return","Completed","2026-04-14T13:48:10-07:00","WMM-0001","X004C51W61","Unsellable","1","0",,"1","0","1.53","USD"
"2026-04-02T11:47:48-07:00","ye0fTgyxHq","Seller-configured Automated Unfulfillable Removal System","Return","Completed","2026-04-14T13:48:10-07:00","VSS-SP-3456L40","X004CJOX95","Unsellable","1","1",,"0","0",,
"2026-04-02T11:47:48-07:00","ye0fTgyxHq","Seller-configured Automated Unfulfillable Removal System","Return","Completed","2026-04-14T13:48:10-07:00","COMBO-02NJ","X004FB5KS3","Unsellable","1","0",,"1","0","1.53","USD"
"2026-04-02T08:23:43-07:00","bB1xiL/CiL","Seller-configured Automated Unfulfillable Removal System","Liquidations","Completed","2026-04-08T16:06:31-07:00","304113-42","X000ZYIIWT","Unsellable","1","0",,"1","0","0.00","USD"
"2026-04-02T08:23:43-07:00","bB1xiL/CiL","Seller-configured Automated Unfulfillable Removal System","Liquidations","Completed","2026-04-08T16:06:31-07:00","306104-62C","X002A34RA5","Unsellable","1","1",,"0","0",,
"2026-04-02T08:23:43-07:00","bB1xiL/CiL","Seller-configured Automated Unfulfillable Removal System","Liquidations","Completed","2026-04-08T16:06:31-07:00","CHTrimer-01J","X002EHB2OB","Unsellable","1","0",,"1","0","0.00","USD"
"2026-04-02T08:23:43-07:00","bB1xiL/CiL","Seller-configured Automated Unfulfillable Removal System","Liquidations","Completed","2026-04-08T16:06:31-07:00","SDP-002","X003SAOOZ7","Unsellable","1","1",,"0","0",,
"2026-04-02T08:23:43-07:00","bB1xiL/CiL","Seller-configured Automated Unfulfillable Removal System","Liquidations","Completed","2026-04-08T16:06:31-07:00","HR-0002B","X003XOJ0V1","Unsellable","1","1",,"0","0",,
"2026-04-02T08:23:43-07:00","bB1xiL/CiL","Seller-configured Automated Unfulfillable Removal System","Liquidations","Completed","2026-04-08T16:06:31-07:00","HR-0001B","X003XOJAP7","Unsellable","5","5",,"0","0",,
"2026-04-02T08:23:43-07:00","bB1xiL/CiL","Seller-configured Automated Unfulfillable Removal System","Liquidations","Completed","2026-04-08T16:06:31-07:00","HR-0002J","X0048EXVMT","Unsellable","1","1",,"0","0",,
"2026-04-02T08:23:43-07:00","bB1xiL/CiL","Seller-configured Automated Unfulfillable Removal System","Liquidations","Completed","2026-04-08T16:06:31-07:00","332583-10","X0048FBR6P","Unsellable","1","1",,"0","0",,
"2026-04-02T08:23:43-07:00","bB1xiL/CiL","Seller-configured Automated Unfulfillable Removal System","Liquidations","Completed","2026-04-08T16:06:31-07:00","WMM-0001","X004C51W61","Unsellable","1","0",,"1","0","0.00","USD"
"2026-04-02T08:23:43-07:00","bB1xiL/CiL","Seller-configured Automated Unfulfillable Removal System","Liquidations","Completed","2026-04-08T16:06:31-07:00","VSS-SP-3456L40","X004CJOX95","Unsellable","1","1",,"0","0",,
"2026-04-02T08:23:43-07:00","bB1xiL/CiL","Seller-configured Automated Unfulfillable Removal System","Liquidations","Completed","2026-04-08T16:06:31-07:00","COMBO-02NJ","X004FB5KS3","Unsellable","1","0",,"1","0","0.00","USD"
"2026-04-01T11:51:17-07:00","SuNIVT+5ZM","Seller-configured Automated Unfulfillable Removal System","Return","Completed","2026-04-07T23:03:30-07:00","304113-44","X000VV26B5","Unsellable","1","1",,"0","0",,
"2026-04-01T11:51:17-07:00","SuNIVT+5ZM","Seller-configured Automated Unfulfillable Removal System","Return","Completed","2026-04-07T23:03:30-07:00","311001-5x5NJ","X001F1MPD9","Unsellable","1","0",,"1","0","2.27","USD"
"2026-04-01T11:51:17-07:00","SuNIVT+5ZM","Seller-configured Automated Unfulfillable Removal System","Return","Completed","2026-04-07T23:03:30-07:00","332022-2","X00296J9AL","Unsellable","1","0",,"1","0","0.84","USD"
"2026-04-01T11:51:17-07:00","SuNIVT+5ZM","Seller-configured Automated Unfulfillable Removal System","Return","Completed","2026-04-07T23:03:30-07:00","GH-0002","X002EN83TR","Unsellable","1","0",,"1","0","28.10","USD"
"2026-04-01T11:51:17-07:00","SuNIVT+5ZM","Seller-configured Automated Unfulfillable Removal System","Return","Completed","2026-04-07T23:03:30-07:00","HR-0002B","X003XOJ0V1","Unsellable","1","1",,"0","0",,
"2026-04-01T11:51:17-07:00","SuNIVT+5ZM","Seller-configured Automated Unfulfillable Removal System","Return","Completed","2026-04-07T23:03:30-07:00","HR-0001B","X003XOJAP7","Unsellable","1","1",,"0","0",,
"2026-04-01T11:51:17-07:00","SuNIVT+5ZM","Seller-configured Automated Unfulfillable Removal System","Return","Completed","2026-04-07T23:03:30-07:00","305140-PEN","X003Y7ZWY1","Unsellable","1","0",,"1","0","0.84","USD"
"2026-04-01T11:51:17-07:00","SuNIVT+5ZM","Seller-configured Automated Unfulfillable Removal System","Return","Completed","2026-04-07T23:03:30-07:00","306109-4C","X004RI8WKR","Unsellable","1","1",,"0","0",,
"2026-04-01T08:05:52-07:00","tAKINdsHAC","Seller-configured Automated Unfulfillable Removal System","Liquidations","Completed","2026-04-11T21:00:55-07:00","304113-44","X000VV26B5","Unsellable","1","0",,"1","0","0.00","USD"
"2026-04-01T08:05:52-07:00","tAKINdsHAC","Seller-configured Automated Unfulfillable Removal System","Liquidations","Completed","2026-04-11T21:00:55-07:00","311001-5x5NJ","X001F1MPD9","Unsellable","1","0",,"1","0","0.00","USD"
"2026-04-01T08:05:52-07:00","tAKINdsHAC","Seller-configured Automated Unfulfillable Removal System","Liquidations","Completed","2026-04-11T21:00:55-07:00","332022-2","X00296J9AL","Unsellable","1","0",,"1","0","0.00","USD"
"2026-04-01T08:05:52-07:00","tAKINdsHAC","Seller-configured Automated Unfulfillable Removal System","Liquidations","Completed","2026-04-11T21:00:55-07:00","306104-62C","X002A34RA5","Unsellable","1","1",,"0","0",,
"2026-04-01T08:05:52-07:00","tAKINdsHAC","Seller-configured Automated Unfulfillable Removal System","Liquidations","Completed","2026-04-11T21:00:55-07:00","GB0101J","X002PP6QYN","Unsellable","1","0",,"1","0","0.00","USD"
"2026-04-01T08:05:52-07:00","tAKINdsHAC","Seller-configured Automated Unfulfillable Removal System","Liquidations","Completed","2026-04-11T21:00:55-07:00","SDP-002","X003SAOOZ7","Unsellable","1","1",,"0","0",,
"2026-04-01T08:05:52-07:00","tAKINdsHAC","Seller-configured Automated Unfulfillable Removal System","Liquidations","Completed","2026-04-11T21:00:55-07:00","HR-0001B","X003XOJAP7","Unsellable","1","1",,"0","0",,
"2026-04-01T08:05:52-07:00","tAKINdsHAC","Seller-configured Automated Unfulfillable Removal System","Liquidations","Completed","2026-04-11T21:00:55-07:00","305140-PEN","X003Y7ZWY1","Unsellable","1","0",,"1","0","0.00","USD"
"2026-04-01T08:05:52-07:00","tAKINdsHAC","Seller-configured Automated Unfulfillable Removal System","Liquidations","Completed","2026-04-11T21:00:55-07:00","HR-0003J","X0049PFNFZ","Unsellable","1","0",,"1","0","0.00","USD"
"2026-04-01T08:05:52-07:00","tAKINdsHAC","Seller-configured Automated Unfulfillable Removal System","Liquidations","Completed","2026-04-11T21:00:55-07:00","VSS-SP-3456L40","X004CJOX95","Unsellable","1","1",,"0","0",,
"2026-04-01T08:05:52-07:00","tAKINdsHAC","Seller-configured Automated Unfulfillable Removal System","Liquidations","Completed","2026-04-11T21:00:55-07:00","306109-4C","X004RI8WKR","Unsellable","1","0",,"1","0","0.00","USD"
