日期,国家,Order ID,金额
2021-11-01,,113-1772691-3113843,84.99
,,111-3488815-7897015,49.89
,,111-1889150-5912233,49.99
,,112-1788828-4708258,12.99
,,702-6810716-7325834,64.98
,,112-8679334-9934630,43.17
,,112-6507523-6086653,17.04
,,701-0635293-0097850,24.99
,,111-8438875-1969026,21.32
2021-11-02,,701-5308162-0199421,16.99
,,114-0075856-5584243,20.0
,,113-4641346-5418656,164.84
,,113-6803836-5973051,83.11
,,113-8828396-0333868,202.89
,,112-7469657-5129826,6.0
,,113-9693753-7810627,25.99
,,113-6558453-5269868,23.99
,,702-3290520-5731422,33.89
,,114-1274267-5379462,69.99
,,113-3376207-2535466,12.99
,,111-3590142-1243444,79.98
2021-11-03,,112-7938730-1701034,318.74
,,113-9328064-7137804,12.99
,,111-5609108-5150601,94.99
,,114-0669393-4733009,19.99
,,113-2847138-1990621,13.4
,,114-0682176-6461824,76.98
,,114-0085648-3422631,13.44
,,113-5163838-3989001,20.0
,,114-1998480-3762609,40.36
,,113-5175308-9225066,51.99
,,113-6555312-7047465,13.4
,,112-1869424-8552214,79.01
,,111-0341439-9882666,33.47
,,113-0157021-0824253,18.01
,,112-1325179-4238633,13.22
,,701-9188216-2092221,56.49
,,111-4145363-9158636,16.5
,,113-9631105-2240243,28.99
,,112-5876999-7130627,40.0
2021-11-04,,113-9570620-4287417,75.99
,,111-6076709-2965034,29.99
,,112-9913079-3920226,23.98
,,111-4313549-5307436,16.95
,,114-1683953-8621019,142.03
,,702-3230947-4185828,19.2
,,701-7742305-3233808,55.71
,,111-7092143-3738657,90.94
,,702-5757481-5111433,70.0
,,701-8130525-9228230,39.69
,,702-3068928-3861802,44.78
,,112-9672499-0763447,72.52
,,113-9039855-8490657,18.39
,,112-2060766-9269043,19.99
,,113-2427928-0080209,19.99
,,111-2904905-3249860,15.99
2021-11-05,,114-4638882-1183439,40.0
,,113-8052794-9893838,24.69
,,111-0214410-1579400,16.99
,,701-7565542-8841069,97.17
,,701-1778310-9069028,31.49
,,701-8616221-6689859,60.0
,,702-2160488-0691428,10.0
,,111-3332391-7925045,20.0
,,113-2213406-6934645,14.46
,,114-2429298-9085801,133.86
,,114-8475008-6919404,61.99
,,112-1100439-1584256,60.0
,,111-2853905-8202635,36.98
2021-11-06,,111-8386705-0693800,15.0
,,113-2277970-1653820,44.99
,,702-7630226-3816204,59.99
,,114-5504331-3868263,5.0
,,111-8165045-3278634,142.99
,,112-7951433-1821839,24.99
,,113-1194474-3106665,40.99
,,114-3562400-5425051,19.99
,,113-9412452-0368243,12.99
,,113-4099378-3744206,80.0
,,112-6205571-7804252,64.98
,,702-8500605-7688219,20.0
2021-11-07,,114-0485929-1618626,11.0
,,114-4913067-2474610,15.99
,,113-7521745-4505031,16.99
,,114-0508074-6596263,40.99
,,111-8537133-6610612,50.14
2021-11-08,,111-9182925-5633823,24.48
,,113-6948182-2122632,27.85
,,112-9078093-5664205,17.81
,,113-7893912-1855434,27.81
,,113-6395658-8600212,40.46
,,114-8069387-2795465,79.48
,,112-3676120-2620252,15.19
,,114-1669963-4599431,20.0
,,113-8635619-1402632,31.16
,,114-6062453-4269058,12.5
,,112-4143293-0347465,10.0
,,112-9939952-1839451,12.99
,,113-2260983-5840200,12.45
,,112-1960470-4921849,76.03
,,111-1270259-4884248,21.24
,,113-7614516-4625867,12.99
,,114-9140295-4993866,42.99
,,111-8447772-5738669,12.99
2021-11-09,,112-3659241-7724267,61.99
,,113-0720691-9624238,80.0
,,113-2856961-7881038,21.76
,,112-6732198-4433855,94.94
,,113-6472698-0691430,12.99
,,114-3944420-5605846,51.99
,,114-2528985-4627462,28.52
,,114-1496270-0068222,108.11
,,114-0946393-8086604,51.99
,,114-4125544-4745801,97.41
,,702-5593542-3425854,95.99
,,111-9736644-6135449,28.64
,,111-6936181-5759460,29.88
,,112-2600234-2029021,17.31
,,702-2412512-9976260,59.99
,,113-8338129-0036245,44.51
,,111-2749436-0186607,50.99
,,112-8648019-0468267,15.0
,,114-9498005-0176238,35.0
,,113-2823169-1349841,32.08
,,111-5519508-7909042,5.0
,,114-3508926-1175415,109.99
,,113-9515913-5841812,19.99
,,701-1262921-4133838,61.99
,,111-7015024-0411455,25.99
,,112-7138359-5909847,15.07
,,112-5421682-9929818,84.99
2021-11-10,,111-0237146-5329845,66.0
,,113-0669523-0312269v,18.07
,,112-3020444-8445037,69.99
,,113-5912064-3700223,99.99
,,111-8355099-3681008,61.99
,,111-2856283-7821040,21.19
,,701-5932125-0327469,80.0
,,114-2050474-6033047,40.0
,,114-9542482-3794663,20.0
,,111-1206877-3949069,5.0
,,114-9132529-1121818,42.22
2021-11-11,,112-9017983-4713853,60.47
,,113-8145397-2821059,30.0
,,112-0753917-7059406,30.0
,,112-0026274-9907454,119.99
,,111-8775624-2193028,13.9
,,111-3534853-3465051,50.0
,,702-1977324-8833830,79.99
,,113-1699558-9077020,108.59
,,701-1570219-8039415,100.0
,,114-7601754-7527411,13.24
,,112-7103536-9109803,389.99
2021-11-12,,112-2782571-7109010,131.08
,,114-4021328-9701059,75.96
,,111-0085212-9841044,25.52
,,112-9091166-0193009,17.39
,,113-6897888-8750616,42.39
,,111-2556636-7621867,40.0
,,114-0954512-7238660,85.99
,,701-6300120-9300225,40.0
,,114-9485260-2834660,20.0
,,111-2291272-5777841,51.99
,,111-9932295-9243427,12.99
,,112-7765114-8828219,75.99
,,114-6520983-6410624,45.72
,,113-5870841-9686652,50.0
,,111-1968076-5833043,110.0
,,112-9926256-2213043,11.99
,,701-1987253-3752207,62.99
,,113-5672595-6074632,23.0
,,113-3807982-0195400,69.99
2021-11-13,,114-5232733-7671439,254.99
,,109-0051793-5486663,24.99
,,112-7371320-2699431,129.99
,,113-0737842-8131450,30.0
,,113-9952205-6132269,124.99
,,111-9512006-4122669,19.99
,,113-0254027-3817827,25.99
2021-11-14,,114-3746859-3965839,169.99
,,112-4069754-7081051,22.09
,,111-0018979-0585057,123.92
,,111-8090706-9540221,14.71
2021-11-15,,113-7467404-3040230,103.43
,,113-5891751-3080258,12.99
,,113-2964393-5428217,99.99
,,702-7363003-5762646,69.99
,,702-4945757-1929025,59.99
,,114-8521555-4630642,70.0
,,111-0352036-0129054,40.99
,,112-6557302-3929059,162.55
,,114-1201059-1898658,37.09
,,114-0481389-8345023,40.0
2021-11-16,,114-9591505-5799445,173.99
,,112-1982258-4507423,300.0
,,113-2945557-1740212,10.0
,,112-4850354-6023465,10.0
,,113-3237131-7003425,10.0
,,701-0898485-0810618,149.99
,,114-4354630-9385861,26.99
,,114-9293390-4677029,5.0
2021-11-17,,114-9147691-7344268,60.0
,,112-4543510-0508228,9.99
,,113-0265590-5607470,30.0
,,111-7783338-6003401,105.99
,,113-8500109-4373827,70.0
,,113-7686631-7692224,172.11
,,113-4192111-3405056,13.99
,,114-1614388-2104236,99.99
,,112-2307701-1392201,62.99
2021-11-18,,114-0188167-0425819,14.99
,,114-7044902-6853038,19.49
,,113-7439451-3537003,19.99
,,112-8949294-8564245,25.99
,,112-8026372-7461826,42.67
,,112-9479919-5843407,15.0
,,113-9427939-2151464,19.99
,,112-8978241-4744245,202.26
2021-11-19,,112-4194343-9858658,10.0
,,113-3918572-9529833,30.65
,,112-5954266-6300224,24.23
,,701-2927981-6367447,21.41
,,113-7456535-7567415,75.0
,,112-3515824-1701820,98.96
,,112-5375468-2477007,24.66
,,112-8080954-3437011,34.19
,,114-4338875-6631425,92.72
,,111-3296936-6178655,27.42
,,112-6028756-5391426,51.99
,,112-3400507-0515453,99.99
,,114-8059179-2757813,15.56
,,111-9354889-4737811,28.61
,,112-5161832-3241867,26.44
,,113-6506091-3613820,65.99
,,111-9245679-2413043,37.99
,,114-6093373-0530627,30.59
2021-11-20,,114-1789431-9302607,30.0
,,112-7247823-3080209,12.49
,,701-3878345-5147417,69.99
,,111-7355606-3527419,62.99
,,111-3038435-0024249,5.0
,,702-7675349-0265045,28.99
2021-11-21,,114-0550088-9797854,108.49
,,113-0685710-1641053,27.99
,,113-8140220-3090645,18.01
,,702-1908416-1689053,37.94
,,111-9198508-5324226,117.69
,,112-1042440-1575425,105.99
,,701-4712066-6926659,69.98
,,112-5372258-7276208,220.89
,,114-1353563-3933869,7.4
,,114-4526322-8981859,50.0
,,113-0841864-9158629,40.0
,,112-9922308-5620248,51.99
,,112-0495917-0519414,20.0
,,701-0860859-4009031,20.99
2021-11-22,,114-4376235-8067434,22.49
,,112-7710976-6836253,50.87
,,113-1821175-3701003,209.99
,,113-7662120-6119459,19.99
,,702-9197278-0754630,89.99
,,111-1474873-5986609,29.98
,,114-9359515-9706665,124.0
,,114-3660105-7059416,29.55
,,111-1822402-6359415,79.99
,,111-5761847-4368262,88.99
,,114-8885708-2677815,19.99
,,112-6806152-1441020,13.62
,,111-5866116-3917852,56.69
,,114-2110448-8645034,60.45
2021-11-23,,113-6614865-5570609,177.56
,,114-9680018-8592202,131.44
,,113-6785523-5715414,199.98
,,114-6261511-9355415,6.99
,,114-3538014-8902606,10.0
,,701-0956641-9169018,10.0
,,112-4107090-0349022,36.5
,,114-5520758-4061064,10.0
,,113-7074581-4373049,5.0
,,113-4027595-0358647,20.0
,,114-0539655-2635449,50.96
,,111-8929578-5709842,95.99
,,111-6228011-9592227,95.99
,,111-5422126-0477053,95.8
,,113-1544283-2293012,86.19
,,113-8951778-8844236,19.99
,,113-0257229-1297818,49.95
2021-11-24,,111-6732392-2888213,131.81
,,113-3116499-8474664,15.56
,,112-8024087-2257863,62.99
,,701-1019362-1121020,59.99
,,701-2683334-0783459,119.99
,,111-6972067-0945829,29.49
,,113-7932671-8701847,30.0
,,111-7162914-8510647,39.47
,,111-5688880-8020266,84.99
2021-11-25,,112-4365617-4972235,12.99
,,112-3760959-9161067,5.0
,,112-6333746-7825055,424.38
,,111-4273118-0042663,24.95
,,114-1078387-2919414,16.99
,,113-7552890-6126618,25.78
,,701-5797212-5371445,139.98
,,112-8755685-1279468,28.13
,,702-4583129-5350642,59.99
,,702-0644173-5052238,35.0
,,113-6884099-2345058,20.0
,,113-0749454-0476247,179.99
,,112-5381442-2938622,108.51
,,111-8131512-6021065,100.69
,,701-8967140-8956206,67.99
2021-11-26,,701-7340600-7285867,30.0
,,112-8208335-9485030,34.12
,,112-6426927-1051450,16.99
,,113-7724020-5937001,12.99
,,114-8164788-8758616,24.99
,,112-0181594-6049020,61.99
,,702-9412963-4774644,32.99
,,113-1077318-0713025,62.99
,,112-9040983-0432209,15.0
,,112-0754382-8176225,61.99
,,111-5526030-1528203,30.0
,,702-3624299-5642648,59.99
,,113-9032252-7528212,28.54
2021-11-28,,113-6768416-6188251,10.0
,,114-4776746-6513063,43.79
2021-11-29,,114-0890798-5660255,100.0
,,112-4358874-2557026,24.83
,,113-7824522-2607460,162.36
,,112-9355893-5794607 ,25.64
,,112-4028291-3030625,30.23
,,114-7132779-4249811,15.11
,,702-6630774-3183453,74.99
,,114-4741921-3067411,11.69
,,114-7345448-8341869,24.99
,,111-7947268-7867435,19.99
,,114-4143268-5491401,36.0
,,114-2555204-8235406,70.0
,,701-5761606-5315401,89.99
,,113-7449655-0579443,62.99
2021-11-30,,112-3638914-1446661,10.0
,,111-9798154-2732238,85.99
,,701-1606474-3515409,124.99
,,111-8794590-4710615,29.99
,,111-7327125-3569831,15.04
,,113-0192065-7153052,128.35
,,702-4815285-2414635,29.99
,,112-6498329-0641018,124.0
,,113-9726632-3764202,15.0
,,114-6266307-4421056,75.0
,,112-1742788-2361807,12.99
,,702-8794609-9169017,104.0
,,113-5369245-7643451,19.99
2021-12-01,,702-1989437-0667442,73.99
,,114-4336183-8210630,29.57
,,114-6500045-0892235,49.99
,, 111-8884327-1453810,30.0
,,112-1549798-4541862,26.99
,,114-9554652-2964255,94.99
,,114-2388721-1762664,11.2
,,701-0768145-6651418,26.38
,,111-3418642-2575422,26.99
,,114-0787128-3590633,19.99
,,701-1231556-4097042,139.99
,,113-9422669-4027450,79.99
,,113-0715649-1512202,5.0
,,113-1214315-7217021,19.99
,,114-8485829-6381831,30.73
,,112-8361300-3149869,12.99
,,113-1651876-2226616,6.99
,,111-4834365-4491458,10.0
,,112-6764448-1765058,39.99
,,701-1697581-7180219,10.0
,,114-9853462-2483452,22.0
2021-12-02,,111-8337794-6730619,47.39
,,111-2315596-4381008,10.0
,,111-5272315-9245014,87.42
,,701-0351468-9159441,16.99
,,112-8744051-4323461,84.99
,,112-4788076-0371461,16.99
,,114-0268963-6834618,51.99
,,113-0959174-9797850,104.25
,,112-3180537-7961039,19.99
,,112-1686338-4582637,29.99
,,111-2149431-5819435,5.35
,,112-3529273-9634610,15.0
,,114-3952716-5467433,13.99
2021-12-03,,111-3525436-5113011,25.0
,,114-9328219-3230665,10.9
,,702-3182446-2986616,16.99
,,112-5617297-4417000,8.49
,,114-0466690-6457834,64.99
,,112-1495146-0643462,50.0
2021-12-04,,113-6529134-3008233,20.99
,,702-3533895-7120233,59.99
,,113-7926498-3642630,26.99
,,111-8479090-2181015,40.0
,,111-5813982-3732215,69.99
,,113-4015669-6822602,10.0
,,113-2659342-4632259,45.0
2021-12-05,,111-1137469-2486638,199.09
,,701-1661068-7028228,49.99
,,112-8034727-4941062,59.99
,,111-2375923-2125832,36.99
,,112-5352490-5889802,36.99
,,114-2062327-4097827,199.98
,,114-2665752-0882655,105.99
,,113-0779074-2029037,19.99
,,114-7608441-4556268,12.4
2021-12-06,,112-5810618-9772228,42.58
,,111-0019208-7077807,19.99
,,114-2940711-9416211,26.99
,,113-3478484-9114641,20.0
,,114-3856194-6519454,80.0
,,113-6408149-4749022,30.0
,,111-2739286-8493812,75.0
,,113-9734025-9607465,18.99
,,111-4128028-2885828,26.49
,,114-3799883-1663462,25.99
,,112-6786985-3591466,35.99
,,111-5700897-0909856,78.96
2021-12-07,,702-3715670-3045044,30.0
,,702-9772880-2413048,42.48
,,113-6710539-1296239,26.42
,,111-1497041-0018602,12.99
,,114-8053923-9095421,70.65
,,702-9898942-6491455,58.0
,,111-3021360-3838651,31.58
,,111-1718304-5860222,14.78
,,112-7952388-0027402,25.8
,,112-4247725-9044232,19.99
2021-12-08,,701-8306232-7304239,84.99
,,114-0325377-7119408,23.85
,,111-0909883-7291400,80.0
,,113-0386843-2443426,29.99
,,113-0839203-5124247,29.99
,,112-4794137-9036242,87.59
,,111-1731240-5809839,70.0
,,701-6375878-9937841,40.0
,, 114-5007518-7915466,5.0
,,112-3594503-1322636,32.51
,,701-5116100-0622640,12.99
2021-12-09,,114-5242136-7817027,19.99
,,112-2021730-4413023,43.59
,,701-0417133-5084266,36.99
,,112-8108393-9601815,6.99
,,113-7779544-5361807,25.0
,,113-9950680-1452250,29.98
,,113-0242051-3623434,50.0
,,112-6062094-7549861,15.0
,,113-4133318-8142663,25.0
,,114-5607250-0560266,18.22
,,114-7305328-9853011,4.5
,,114-4222390-4181051,25.99
,,702-2793184-0652250,115.99
,,114-2400195-3565840,169.99
,,112-0246207-6254630,69.19
,,113-8630361-7813048,12.99
,,702-1601587-4660228,10.0
,,113-5993447-1707446,28.02
2021-12-10,,114-7598232-1593849,549.99
,,111-2745937-1919442,25.64
,,112-2845226-5125006,17.37
,,111-7834495-5457815,99.99
,,113-8445149-3446607,14.18
,,114-0166065-4347465,20.0
2021-12-11,,111-5785722-4113024,25.97
,,113-6992149-8809802,80.42
,,112-6804565-9618616,19.99
,,111-8689046-0949851,21.47
,,114-8129092-5327436,10.7
,,113-4904350-5531420,25.0
2021-12-12,,114-5186050-2710657,50.0
,,111-0197895-4228274,149.99
,,112-0609923-7655440,15.0
,,701-6600483-3262651,70.0
,,111-0085629-4350630,15.0
,,111-2628411-7447424,13.99
,,112-3782490-2588205,45.0
,,112-7174076-2486637,5.0
2021-12-13,,114-7258004-4768218,22.94
,,114-9258477-5795446,13.99
,,112-0039948-4501047,62.99
,,113-0405072-1657027,99.99
,,112-3984671-9175444,75.37
,,114-6331888-2334665,9.73
,,114-7385720-2560222,12.99
,,111-0258269-5828262,71.99
,,112-5774312-9864231,16.99
,,111-7106010-9360224,211.99
2021-12-14,,112-7483823-6806612,14.99
,,111-7248639-9034654,202.34
,,113-6731776-3718611,12.71
,,111-8063059-2959423,30.0
,,114-0924309-5292239,120.0
,,111-6304032-3828235,57.57
,,114-7644202-5077814,10.0
,,114-5856717-4273844,85.99
,,113-8776310-7845027,15.0
,,111-6388743-6620235,24.85
,,112-0482055-8607400,26.99
,,112-9247410-2857035,22.99
,,111-9617016-9896257,89.99
2021-12-15,,113-6416535-9040222,7.99
,,702-2306772-0685040,67.99
,,114-3054006-2908261,10.79
,,112-1825520-4261057,30.0
,,114-9396479-1210612,25.0
,,702-3082217-8094635,71.39
,,114-1677570-8268200,16.99
2021-12-16,,113-0279336-6426607,30.23
,,114-6359273-8973044,19.99
,,112-7011871-0854628,30.0
,,111-9452795-7164247,49.68
,,112-6630007-6261855,19.99
,,701-2862559-6887408,60.0
,,111-7683575-7229851,18.31
2021-12-17,,112-6653999-3218650,29.99
,,112-2368693-3838639,20.0
,,113-1146130-0698632,16.1
,,112-4984536-8593827,66.98
,,112-6424299-0299443,49.48
2021-12-18,,114-4330090-9529821,100.0
,,112-1249001-9136224,11.99
,,113-4595776-4587401,70.0
,,701-7268986-0249801,16.94
,,701-2290855-0844216,135.59
2021-12-19,,112-8213279-3465860,45.0
,,112-5133511-8030623,45.15
,,114-9970229-5101852,10.0
,,702-7110302-8383458,12.9
,,114-8304750-4001016,25.43
,,113-6686170-5946602,33.31
,,114-9892478-4231410,15.99
2021-12-20,,113-3423648-7501017,13.93
,,114-9211738-6840240,83.99
,,113-9480535-0622606,10.0
,,111-9216868-8114661,25.78
,,701-9747094-9443444,17.84
,,111-2704857-2894610,101.75
,,111-2530364-6587403,101.75
,,114-2721616-5908256,35.0
,,111-8990827-6723432,12.99
,,112-3005392-8820260,100.0
,,111-5403797-6729024,55.0
2021-12-21,,111-7185950-2215409,70.0
,,113-3101013-2169036,134.99
,,114-0322800-2015427,99.99
,,701-5910569-2765026,97.17
,,113-1791165-1123435,29.99
,,114-1548673-2549832,50.0
,,113-1369491-5777824,10.69
,,112-7226810-7957806,198.95
,,111-9650773-2221069,13.77
,,112-4450567-8927428,89.99
,,113-0544074-7744237,23.39
,,113-6285245-1233816,25.99
,,702-4662537-0688235,128.99
,,112-8226155-4393068,12.99
,,112-4594753-3586604,89.99
,,702-6907216-9839439,10.0
,,112-8796813-4704269,23.8
2022-12-22,,113-7803701-0390658,99.99
2022-12-23,,113-8595493-2757835,47.99
2022-12-24,,112-5917140-7827434,19.03
,,702-1623114-6153806,16.99
,,114-1710707-2178623,116.89
,,113-4961414-2921836,62.99
,,111-5317966-5057862,134.09
,,701-6289227-8244238,64.99
,,702-5158765-3812232,20.0
,,112-2874899-8329801,47.58
,,114-7651039-4331435,13.77
,,113-5982656-6029030,15.0
2021-12-25,,112-0832551-6503466,22.99
,,114-4912187-5958605,16.99
,,111-4458474-8229815,107.86
,,112-7794469-0395424,78.65
,,113-4730542-4099453,104.99
,,111-5859653-9201867,64.99
2021-12-26,,112-1440784-6984261,62.99
,,111-5328603-4520223,113.94
,,112-2143407-1312260,20.0
,,702-5430883-8331465,130.0
,,113-7055191-6072217,180.0
,,113-7215266-0672222,20.0
,,111-3676676-5345067,62.99
2021-12-27,,114-7809349-1444241,88.26
,,113-5489352-4456255,10.0
,,112-8510359-9981847,22.99
,,114-8513002-9457816,20.0
,,112-8417860-4153002,12.99
,,112-6922508-3402608,84.98
,,702-2958648-0708258,67.99
,,702-8251400-5448223,30.0
2021-12-28,,114-4039645-7115454,30.0
,,114-9011589-1449063,12.99
,,701-7190247-8681009,16.99
,,114-4749567-5353823,19.99
2021-12-29,,701-7441976-3077057,27.99
,,114-4523239-7113014,62.99
,,111-0192450-1462605,40.0
,,111-7931539-3844217,38.31
,,113-9724776-8265817,50.0
,,114-8827460-4886665,86.59
2021-12-30,,114-1764149-4895411,50.0
,,113-5739682-2273825,62.99
,,111-7765201-8885047,10.0
,,111-8578498-7887442,7.99
,,112-6435339-2201045,53.56
,,114-4803321-5159443,7.53
,,111-4802520-7092250,20.0
2021-12-31,,112-3347360-1722652,49.48
,,702-4958855-9705853,20.0
,,113-9879601-2099407,19.99
,,114-8056603-5782624,20.0
,,701-1403307-3245838,45.0
,,112-7733716-7519433,19.99
,,112-2566711-4645046,28.99
,,113-6537006-8104231,10.0
2022-01-01,,113-1272708-6497062,20.0
,,114-3240861-0883420,15.0
,,113-4496528-1205830,24.89
,,112-3682635-1466664,20.0
,,112-1506418-0081829,90.0
,,112-5603478-0201029,47.99
,,113-0428641-9031401,24.99
,,113-5186083-3004227,15.18
,,113-6953182-0093050,18.26
,,111-1844013-6609816,19.99
2022-01-02,,111-0603752-5017822,30.0
,,701-6093373-7689840,50.0
,,112-0513954-4181866,27.99
,,113-6414351-4669807,50.0
2022-01-03,,113-7211285-6627466,74.06
,,111-7639259-3703401,19.99
,,701-8837538-1063438,10.0
,,701-7207790-0381865,26.99
,,112-5837678-5853827,20.0
,,111-7222158-0941030,30.0
,,111-4757072-7405851,32.5
,,114-6260252-4601837,35.0
,,113-3879899-1285020,97.37
2022-01-04,,113-7807694-7667431,15.99
,,113-8463078-9437016,21.99
,,702-9503267-2664218,199.99
,,112-5488355-0985038,90.95
,,113-3265713-8309019,18.01
,,702-0819345-2267427,45.19
,,113-0695810-0698623,84.99
,,112-7931491-8061005,12.99
,,111-2754463-0809860,49.95
2022-01-05,,112-3701909-0560213,40.0
,,114-1408768-9562622,19.16
,,111-0756802-9299435,85.99
,,112-3128831-6203411,30.0
,,701-9883918-4908214,38.99
,,113-3434859-5443410,18.38
,,114-8524855-5620226,12.99
,,113-3791574-8388212,30.0
,,114-6078393-8702634,89.99
2022-01-06,,111-8168141-9712240,40.0
,,113-6289947-5226620,13.99
,,113-4979119-8719462,59.99
,,114-8776820-1771413,40.0
,,114-1860210-5710657,40.0
,,702-0257454-5848277,229.99
,,113-8160823-3981844,31.78
,,113-6279727-2529066,120.0
,,111-0483449-0676236,19.99
,,112-9874524-7981811,69.99
,,112-0903934-0383469,22.99
,,113-6627852-5174655,10.76
,,112-8378643-3521003,147.39
,,701-8855863-3974637,20.0
2022-01-07,,111-2468461-9687460,15.0
,,111-2255212-2944216,89.95
,,112-2031737-8811406,27.64
,,113-4394446-3165040,19.99
,,112-0948429-8049024,75.99
,,113-4699807-4386641,20.0
,,111-6075580-6389017,20.52
,,114-0506286-7741863,73.29
,,114-2910568-0342659,21.39
,,113-7991971-6957833,19.99
,,114-6184818-4979442,20.0
2022-01-08,,111-5924785-8302667,39.95
,,113-8209771-6411431,30.99
,,701-0062399-1821065,60.0
,,112-8796130-7305024,30.4
,,112-3937332-1550641,31.8
,,114-6323262-3411443,30.0
,,701-1491438-8233834,50.0
,,701-1914315-6063449,128.99
,,114-3890446-9501014,42.2
2022-01-09,,114-6818645-2998634,5.0
,,114-7409522-3508244,30.75
,,114-4055473-3702604,13.9
,,111-2619476-6081067,16.99
,,114-6987426-4875439,50.0
,,114-6576212-6220217,190.79
,,701-1917709-8586605,30.0
,,701-0776626-2943417,41.99
,,702-5126694-1827467,89.99
,,111-5111656-4137055,21.59
,,113-8639577-7474651,19.99
,,111-0111176-5077044,12.99
,,113-5977713-4797849,30.0
2022-01-10,,113-0162199-9409833,62.99
,,113-2324878-9823418,84.99
,,114-7085381-6443404,5.0
,,701-7910018-8755404,159.99
,,702-8878393-7701035,15.0
,,113-3643467-6078642,40.0
,,112-9826819-8347437,45.49
,,112-0223811-7313852,65.0
,,112-0444829-1424251,12.99
2022-01-11,,112-3001687-9389036,109.2
,,114-6636219-7913060,10.0
,,112-6179569-2263443,9.99
,,701-3674365-8619461,74.99
,,702-1442679-4645868,40.0
,,112-6137829-6908233,110.0
,,114-8569996-1881804,11.99
,,701-5244904-1822650,74.99
2022-01-12,,111-0728182-8171421,30.0
,,113-5978780-2173048,28.19
,,113-7166919-9833814,71.22
,,113-4133942-4796259,26.38
,,113-6766002-7736214,17.65
,,113-2399016-9188244,30.0
2022-01-13,,114-1729877-9175464,20.0
,,113-8142379-6705046,20.0
,,111-9434151-8508208,30.3
,,113-9657825-5192212,19.99
,,112-2147782-3805039,13.9
,,112-0028161-0887466,32.34
,,112-1402412-1131423,18.01
,,113-1408791-3081006,80.0
,,111-5670793-8353802,39.99
,,113-7761442-2792261,10.0
,,112-6818939-3224226,19.07
,,113-9197869-2765054,27.61
2022-01-14,,114-6168498-9380211,20.99
,,112-7833433-3468211,19.32
,,702-9604860-4788208,16.99
,,113-8503087-3325010,50.0
,,111-8633569-8759441,21.84
,,111-9872712-1159406,15.11
,,113-3812336-1740258,32.99
,,113-8130482-6957820,25.0
2022-01-15,,112-0676953-7409804,136.12
,,113-9937136-9289843,149.79
,,112-0676953-7409804,136.12
,,111-7000088-6808250,20.0
2022-01-16,,112-5148115-6012267,12.0
,,112-9281309-2575456,13.99
,,114-8067671-8285002,26.57
,,701-7600553-0528235,40.0
,,113-7229579-1803456,15.0
,,113-0116918-7065839,19.99
,,111-4676587-5616224,31.99
,,114-8408743-2546638,33.05
,,114-2381979-3329812,63.29
,,113-6299751-7033863,15.0
,,113-4219799-9351469,21.74
,,701-0213508-1287436,15.0
2022-01-17,,113-6438778-4937816,40.0
,,701-8591493-2635414,16.99
,,113-7147467-5398661,20.0
,,113-2953879-7801861,45.0
,,114-0976438-7386637,20.0
2022-01-18,,111-6080387-1823461,29.99
,,112-8606239-2533863,22.71
,,111-2261498-2406615,20.0
,,114-2964331-2433824,16.84
,,113-7104288-4145058,45.99
,,112-6915318-2995413,5.0
,,111-7969370-1748242,24.77
,,114-5729825-9893044,25.99
,,111-7889937-5596213,51.52
,,113-7787467-3801848,57.98
2022-01-19,,114-2774641-4945060,129.99
,,114-8055600-0075466,11.3
,,702-1293418-4718606,16.99
,,114-0744278-8493050,15.0
,,112-6683115-3086606,56.85
,,702-6393712-8154625,56.49
,,114-2436352-8495412,30.0
,,112-4808010-4556222,50.0
,,113-4334502-8009012,51.93
,,111-9844730-5157009,62.99
,,114-5413822-6153038,15.04
2022-01-20,,112-3397315-0813047,25.0
,,112-4779079-5792252,35.0
,,111-2392150-1303453,26.95
,,701-6507554-9597004,179.99
,,701-4368014-1082643,189.99
,,701-2543937-3057013,35.69
,,701-0686369-9810643,32.99
,,701-1827773-3785807,4.03
,,111-3564036-3955438,62.99
,,111-1152344-8156262,171.18
,,113-2301517-9079452,200.0
,,113-5124985-3041068,44.32
,,111-4476690-8688203,105.99
,,111-4309188-4163454,95.39
,,113-0968501-7405053,21.44
,,111-3847511-3220267,89.99
,,114-2358846-1674625,63.99
,,112-6993075-6582615,10.94
2022-01-21,,701-4565048-6570631,200.0
,,114-4048463-5517825,5.0
,,702-2403038-3982622,19.99
,,112-1752887-8676262,84.99
,,113-7289226-4257000,40.0
,,702-7341179-9406620,67.78
,,112-5552968-5856220,40.18
2022-01-22,,113-1547625-4356265,56.3
,,701-9923445-9526627,37.79
,,111-3875543-6161820,151.61
,,113-3960946-2063457,25.0
,,113-9588493-6579419,20.13
,,113-9517989-2007432,298.04
,,701-5830334-3201803,139.99
2022-01-23,,114-5267120-6933817,35.0
,,113-5516226-5808236,32.85
,,113-7784453-3705038,5.0
,,113-1441663-0111439,5.0
,,701-3165943-3997825,24.99
,,702-6989748-1294608,44.84
,,113-2975793-2385851,21.26
,,113-0677763-1111424,41.25
2022-01-24,,114-8401218-0085804,21.19
,,113-3367994-4860267,32.01
,,111-3894344-6512229,19.99
,,114-6378209-2368261,30.0
,,112-2254596-5417814,100.0
,,112-0675617-5899429,28.26
,,114-1658026-4557840,49.42
,,702-7397711-0014613,283.49
2022-01-25,,111-6723243-7994603,38.96
,,114-3911189-1825051,23.62
,,114-6000481-5087425,29.32
,,114-7279259-4686656,35.12
,,701-8390686-9504236,56.49
,,111-6031936-4508211,28.01
,,111-8233827-4730622,30.0
,,114-4734798-5382649,19.99
,,114-3562681-9849812,92.0
,,701-9656269-8494614,38.99
2022-01-26,,111-9867412-5245858,30.0
,,114-1363695-4323452,216.08
,,113-4523033-3440261,23.2
,,113-3841379-7835446,15.0
,,112-3660437-0601818,20.52
,,112-8998425-3827432,15.0
,,114-4200649-2648215,10.0
2022-01-27,,114-4400708-8336221,15.11
,,113-5447481-8451436,25.99
,,111-8653767-2109054,15.3
,,113-8007225-6997824,180.0
,,112-9733320-7604221,20.0
,,111-9027003-3304256,12.64
,,113-0691563-6211449,30.02
,,112-5598034-8561029,77.0
,,114-1716067-9201011,11.99
,,112-6043217-2349838,20.0
,,114-8822126-5421056,20.0
,,114-6699855-2437025,25.0
,,112-6658757-7912243,36.19
2022-01-28,,112-1624409-5265007,30.0
,,111-7898230-6228222,19.99
,,113-0457942-6714635,12.99
,,113-1951296-0718654,40.0
,,114-1478596-6228246,132.05
,,114-0690618-1905052,15.0
2022-01-29,,112-2051440-5505065,12.99
,,111-7262612-3655404,27.55
,,111-5305339-5048207,12.99
,,112-9712045-4657819,11.99
,,111-4518467-3829842,11.99
,,702-3242790-8397845,19.99
2022-01-30,,112-3325094-1393807,36.03
,,114-7575724-3978631,5.0
,,112-2530055-6693868,183.59
,,112-3174668-8931401,15.39
,,702-3896283-7708239,47.24
2022-01-31,,111-5199699-8555458,29.99
,,112-4909205-6220224,150.0
,,114-8022064-9945058,69.99
,,114-2639250-0970608,57.17
,,112-6533866-3404224,5.0
,,701-8199399-4703439,180.79
,,112-4037939-8460218,130.0
,,112-8671504-8995437,256.19
2022-02-01,,114-4934785-7428227,45.0
,,114-6434617-3408258,21.99
,,112-1845234-7254644,131.44
,,114-8531457-7609062,350.47
,,111-0976272-2303425,62.99
,,113-6700352-3377833,25.42
,,112-8253856-4243434,80.0
,,702-3194556-9813819,69.99
,,111-5695314-8189011,36.71
,,113-5028630-3595458,95.89
2022-02-02,,113-4540002-6300213,24.21
,,114-9606323-7889822,22.99
,,111-2003596-1421037,17.92
,,111-6153196-1573808,45.0
,,702-1191371-7295416,2.5
,,702-0611775-9701808,18.86
,,114-4343525-3614636,171.01
,,112-9552583-5263441,119.48
,,113-5881537-0206669,105.11
,,113-3838006-1817029,12.99
,,112-6758956-8201856,100.0
,,701-6318695-2146650,192.09
,,111-8465788-8416246,10.0
2022-02-03,,702-7802409-4794661,38.41
,,113-8492231-7009002,75.0
,,114-9638241-6868245,122.95
,,112-9901181-0009857,19.99
,,113-1374747-1443446,2852.0
,,113-9458048-8647432,30.0
,,114-4578277-3767452,12.99
,,702-0320377-9552229,41.99
,,113-3094836-9402620,21.19
2022-02-04,,112-8172662-6601815,25.22
,,111-1983407-3520267,39.95
,,702-6047045-4581833,24.14
,,113-4479299-3632206,28.99
,,112-5638245-7674619,13.0
,,114-7498366-7958654,5.94
,,111-6506871-0285008,62.99
,,111-4144702-8809067,99.99
,,114-4980915-1179429,20.0
,,111-5823855-0513007,20.99
2022-02-05,,111-8376320-6551455,10.0
,,702-1211642-4089046,41.99
,,113-0407835-8725856,54.98
,,111-4571800-9109833,15.99
,,111-5546790-2937065,14.97
,,111-3320013-1654632,99.99
,,702-1926141-9971466,28.95
,,701-9271784-0224248,115.95
2022-02-06,,112-7091975-9181002,117.27
,,112-9117002-4665004,10.84
,,111-2232373-8645860,32.99
,,701-3205835-3081020,69.99
,,701-5986304-7871407,80.0
2022-02-07,,114-5678040-5668227,24.01
,,112-0998038-3553056,15.99
,,112-5499509-7743442,135.47
,,701-7735767-8643419,172.45
,,113-5536564-1005831,33.96
,,112-6584331-0058644,50.0
,,112-2598774-0805036,75.0
,,113-8494032-2150616,15.0
,,111-0464540-8895453,30.65
,,113-3635703-9946622,15.99
,,114-3148447-0524269,394.79
,,114-1234146-5485844,15.0
2022-02-08,,112-3421707-6827427,12.99
,,111-7275083-2689012,35.09
,,114-8073763-8413046,10.0
,,701-3129672-8475452,56.49
,,112-5429083-1653814,50.0
,,112-9197357-8409016,42.39
,,113-2895741-5431443,19.99
,,114-2189497-4031409,13.77
,,701-2439970-1859458,20.48
,,112-3149987-9626620,28.81
,,112-3067682-1271466,30.99
,,113-6054315-7974644,12.0
,,113-7081394-9773039,79.99
,,114-5543974-3932250,225.71
,,113-7998191-6060246,86.66
,,112-4963521-2728231,20.0
2022-02-09,,114-7458547-2570668,219.99
,,112-7786149-9821801,21.05
,,113-2479365-7182632,12.99
,,114-7211010-5196238,15.0
,,111-8214508-4157847,38.45
,,701-6289247-0369820,20.0
,,113-8980448-1275467,28.1
,,111-0288116-6771461,13.59
,,111-4047521-4606618,12.99
2022-02-10,,114-5664703-5965862,45.99
,,114-7087610-9309811,24.98
,,113-3765539-2765062,36.5
,,111-3014472-1160244,20.0
,,113-8192663-9738641,89.95
,,112-3401874-2166621,33.55
,,702-1938224-9901003,41.99
2022-02-11,,111-4993167-8441809,25.0
,,701-6255384-9394624,269.99
,,113-6276127-1411410,33.41
,,111-8393506-6260217,99.99
,,114-3290649-8685067,15.99
,,111-2829739-8253048,13.77
,,112-6606523-5137040,13.99
,,702-5521851-5337815,45.99
2022-02-12,,111-5740111-0575419,90.94
,,113-2454552-2517822,80.0
,,112-1792306-3597009,21.39
,,112-1170061-4337005,69.99
,,701-9127059-1906658,42.54
2022-02-13,,702-3959756-1759467,10.0
,,111-7559001-7243418,6.99
,,113-5484958-8809861,19.84
,,113-2081197-6397848,12.0
,,114-1067258-1580267,30.0
,,113-0041652-9088258,30.0
,,112-5581629-2866659,323.99
,,111-7714258-1505047,75.85
2022-02-14,,113-7985497-7388223,23.0
,,113-0811477-4936237,60.0
,,702-5038066-5275465,44.99
,,702-0936756-2540226,45.99
2022-02-15,,113-0924545-7473816,229.49
,,114-8320939-0909025,26.2
,,113-9114665-7564257,125.92
,,111-5343424-6291432,39.99
,,111-2459194-1794627,30.51
2022-02-16,,701-9457535-8008218,36.99
,,112-6365779-1083429,40.78
,,701-9863547-0418654,22.59
,,111-2580661-2404222,19.99
,,112-8483832-6549000,12.56
,,113-3196163-2038634,39.31
,,113-0968331-2916207,160.86
,,113-2633636-4025049,31.79
2022-02-17,,112-5639143-2033813,38.63
,,114-6378369-6759435,17.03
,,112-9800617-6547435,24.37
,,702-8215897-5649002,89.99
,,112-9793589-3628233,96.96
,,111-7318750-5439448,17.47
,,113-9207040-1946622,62.99
,,114-3323110-0189013,20.13
,,112-0314937-6009805,81.69
,,113-3364743-2690642,5.0
,,114-7981607-2048238,100.0
,,112-0146035-2354605,35.21
2022-02-18,,111-8609369-2381867,24.87
,,111-1399850-6885855,30.73
,,112-0769470-5537812,27.81
,,114-4007614-4291413,13.99
,,112-2141735-7952244,62.99
,,112-2251183-9578653,24.89
,,113-8688197-0303434,79.01
,,114-2749904-5372253,114.47
,,113-9730751-4966649,69.99
,,111-8683095-6529821,16.96
,,114-4674830-5049833,23.82
2022-02-19,,111-8976889-7557850,13.99
,,702-5995529-1344268,26.24
,,113-9637864-1842608,32.09
,,113-6246218-7304214,50.0
,,112-4049892-2125844,49.34
,,111-4050601-0485058,41.99
,,114-7079025-3840261,14.0
2022-02-20,,112-6468987-9381869,20.92
,,111-1629790-1205865,20.0
,,113-3423354-7596203,40.0
,,111-7608218-9405817,25.48
2022-02-21,,111-3130257-5503456,15.02
,,112-4912742-2065819,14.03
,,112-1071626-8116266,15.0
,,114-9951464-5413848,180.19
,,113-8271052-9494616,10.0
,,114-9359061-2752256,26.93
,,112-7885205-6763428,10.0
,,114-4912821-5013824,6.64
,,112-3110789-2353861,50.0
,,114-2275191-8794627,100.0
,,114-9714419-3777847,50.0
2022-02-22,,111-5731132-4255410,16.99
,,111-7873091-2994616,30.0
,,111-2888277-0605043,19.99
,,111-3741777-3227427,15.0
,,113-0099053-8467408,20.0
,,111-2433701-0448245,20.0
,,702-8511788-1313032,69.99
,,114-6753026-8997069,60.0
,,113-4887931-9657036,22.12
2022-02-23,,111-0245694-9894627,11.99
,,111-8744228-1171463,16.79
,,111-4619220-1093058,10.0
,,112-8507352-8927434,16.99
,,113-4706927-8769821,13.99
,,112-4331897-5229816,15.99
,,112-0975899-1691401,30.3
,,114-7165945-7333835,24.22
,,111-1514745-5057069,49.83
2022-02-24,,111-0268652-3571418,123.59
,,113-8801589-9258621,27.92
,,114-8350454-9254617,51.93
,,112-3116874-6449059,19.99
,,112-9691109-1033009,213.49
,,114-3590033-4785058,10.0
,,113-8649942-9523468,30.0
,,112-8644315-0689057,14.0
,,114-8065987-9667439,12.14
,,113-1759834-6746607,72.99
,,112-5452548-5948253,20.0
,,114-2864101-7506614,20.0
,,113-7079261-1008243,24.69
2022-02-25,,112-6499527-8724258,92.22
,,113-4029839-0561855,45.0
,,114-0335947-1101046,31.99
,,114-5434175-0279407,16.99
,,114-5742356-9653009,10.0
,,114-8105276-7530633,5.0
,,112-5689431-4928215,64.49
,,114-9104547-2197035,13.99
,,111-3747082-2729054,23.99
,,113-1873202-7134648,19.99
,,113-5536156-4979424,41.99
,,114-3093105-4581001,20.0
2022-02-26,,114-3380526-5321065,179.22
,,112-7320073-0904224,29.55
,,113-8428851-9167457,5.0
,,702-1420652-1906633,16.99
,,701-9792788-8510662,74.99
,,113-7923974-0773805,99.99
,,112-8404673-2958636,30.23
,,114-7675373-4097802,25.04
,,113-1854926-6452216,19.9
,,111-1257801-7249829,118.79
,,701-7360068-9837031,41.38
,,113-3957159-2430644,11.6
,,112-3071278-8941830,129.99
,,114-1343336-4547465,20.0
,,112-4955629-8534651,20.0
,,112-4041858-9733828,183.08
2022-02-27,,114-8860616-0855421,110.31
,,114-1748956-9874614,75.99
,,112-0012798-4825047,149.26
,,113-3477812-3598638,105.99
,,702-4013568-7141827,76.83
,,702-2171921-5821053,45.19
,,111-9127667-3017058,25.0
,,113-6383292-4749029,163.02
,,114-9408130-9935438,95.03
,,112-5680085-8283411,40.0
,,114-8734938-5305019,85.59
,,112-9335810-7185001,9.2
,,111-6503111-0630626,20.0
,,112-7741490-7166658,20.0
2022-02-28,,114-6918917-1693029,60.0
,,701-3232938-3132257,69.99
,,112-3433339-1617026,30.0
,,112-1714673-9484239,13.8
,,113-8716338-8459464,25.0
,,114-2771772-9981849,19.99
,,113-6611037-9736209,15.0
,,113-5748849-0421837,163.2
2022-03-01,,114-9673528-1477022,65.71
,,112-0812281-0059457,5.0
,,701-0984475-2965065,40.67
,,114-8926628-2542648,70.0
,,112-1662686-2392258,95.39
,,114-0810384-1572267,7.99
,,702-9464658-4981801,46.61
,,701-0795426-6879464,15.0
,,113-1176814-8735413,18.99
,,112-1080180-3355459,119.34
,,114-2878710-9333852,40.0
,,111-2509932-2677833,30.0
,,114-7734756-3877810,19.99
,,111-9707442-7874645,43.67
2022-03-02,,113-1531920-2061821,24.82
,,113-7136745-7512217,27.73
,,701-5245806-7517869,38.99
,,113-8714878-0289004,27.37
,,111-3587892-2761804,60.3
,,112-0133732-3662600,10.0
,,112-8126215-9104228,40.0
,,111-1614839-8683462,23.01
,,114-4456632-2384246,70.11
,,111-9453307-4987468,13.99
,,112-8942242-1035437,19.99
,,113-4385602-3044214,86.39
,,701-8461094-4565806,20.0
2022-03-03,,702-1305941-9954609,67.79
,,114-0909835-6074630,26.23
,,113-9143429-7454620,119.25
,,112-9030129-0163441,31.44
,,112-7448525-9475449,13.99
,,114-2338454-1693051,40.0
,,113-6683448-2924260,28.44
,,111-4044081-5429000,22.18
,,112-3703354-7871432,19.99
,,113-5853010-4868231,60.0
2022-03-04,,114-0073724-9062667,19.99
,,111-3593914-0973835,104.99
,,701-9826261-0851424,16.99
,,114-2955072-0711469,8.0
,,113-0587099-6658643,12.71
,,701-0447471-8979455,15.0
,,111-1267010-8847418,15.0
,,112-1298250-2426664,27.66
,,111-8071634-1716260,16.99
,,112-1630564-7077839,25.0
,,111-4046742-5934628,13.99
,,112-6716089-3449013,19.34
,,111-6940618-0452235,22.04
,,112-5157957-2644240,55.79
,,111-4114064-7732228,49.21
,,111-9749911-1786611,49.21
,,111-7232466-5895404,159.99
2022-03-05,,112-6125583-3669056,11.7
,,113-5021011-3097043,160.11
,,114-0474028-9349814,39.8
,,702-5070157-4379417,41.39
,,111-6524245-7844221,23.1
,,114-0609965-6113802,14.15
,,111-0981387-1484222,7.98
,,113-4003873-0604210,32.64
,,114-5251661-8145065,78.1
,,701-5090068-2210619,10.0
,,702-4827977-1183431,10.0
,,113-8091748-9455430,108.99
,,114-3638373-0253038,29.77
,,111-7984555-6222666,86.99
,,114-5914522-2945039,11.99
2022-03-06,,111-0332592-2212244,40.0
2022-03-07,,113-0113290-6166634,30.2
,,111-6680065-0935458,20.0
,,702-3702263-5666628,84.99
,,114-9829504-9118627,10.0
,,112-4665817-6976269,20.0
,,112-4852205-8247405,39.98
,,114-0940708-0814661,19.34
,,112-6987251-4222601,13.71
,,112-9758989-6034667,45.99
,,112-2722816-5095454,5.0
,,114-8076119-4590668,62.99
,,114-6555281-9389826,65.99
,,113-8856268-9709028,7.98
,,114-9195083-2909005,28.26
,,111-5121519-9661859,49.95
2022-03-08,,112-2949377-9691418,50.0
,,112-9426628-5828267,15.0
,,111-8673312-5241864,16.99
,,114-4645311-8030624,19.99
2022-03-09,,112-0417015-6709869,85.99
,,702-5269417-4186646,20.99
,,112-8149710-7398633,49.78
,,114-7355055-2391413,21.19
,,111-6556591-2917063,28.99
,,113-0419460-4383450,22.63
,,113-5550750-5658650,25.99
,,111-1320796-5339456,16.1
,,114-0151402-6876248,21.19
,,111-9943260-6714629,70.0
,,113-4952894-0536215,17.47
2022-03-10,,114-6411536-6032245,20.0
,,111-5879012-6437820,15.0
,,112-3183350-9777014,29.81
,,112-4561496-5759406,57.43
,,701-7435185-7889048,198.76
,,701-4257980-7086614,40.67
,,112-4251543-4337058,10.0
,,111-0166283-8724217,16.65
,,112-0682131-4286657,19.99
,,111-7509105-0570624,13.99
,,114-0076428-1533030,15.37
,,113-1626033-5881819,39.98
,,702-8283349-5253057,124.99
,,112-1990029-8406612,70.0
,,114-4859117-9383412,26.26
,,112-4856060-5105802,10.0
,,113-0042644-1020267,200.0
2022-03-11,,114-6604143-2229015,5.0
,,111-6526664-3956228,5.0
,,113-8784171-8177022,19.99
,,701-5712853-9533865,37.54
,,702-4479977-0765045,160.95
,,111-0751686-8401832,29.99
,,113-6456473-4209063,27.05
,,112-2544657-6290647,99.99
,,114-8587719-9039423,65.99
,,701-9383796-8260236,60.0
,,701-2304082-1246645,125.99
,,113-6342563-8809046,23.39
2022-03-12,,113-2445456-1663418,21.19
,,701-3642043-7092216,25.75
,,114-3614502-8934661,28.88
,,114-8375041-3846618,23.47
,,113-9013776-6038613,23.64
,,113-2213490-0080225,95.99
,,701-1288496-7587433,40.94
2022-03-13,,112-6363624-8468251,28.91
,,113-7926423-4865010,208.98
,,112-5808074-9039415,24.49
2022-03-14,,113-8090450-6453838,27.23
,,112-4790563-9100257,89.87
,,111-7587828-3945825,13.99
,,111-8490407-6503435,110.45
,,111-7362158-6562611,27.0
,,701-5330281-1007424,39.99
2022-03-15,,111-4900249-1709005,40.0
,,113-1969442-0782601,90.0
,,113-1832186-2518603,24.0
,,114-4919800-1360248,45.0
,,113-4489830-9259465,32.93
,,112-4799126-6285003,74.11
,,113-6299257-0741801,50.59
,,112-4471889-2699403,17.33
,,113-0824865-4663410,117.69
,,113-8148383-8557048,30.0
,,111-7347855-8625816,89.99
,,112-4288871-2867445,22.32
,,701-1884928-1992202,76.99
,,112-4021416-6840257,13.99
,,112-1066429-7351467,85.59
,,111-9863469-3281055,30.0
2022-03-16,,114-1427873-5320205,2682.0
,,112-2409701-1210637,30.59
,,112-4445702-4777012,107.86
,,112-4770961-4019469,8.0
,,113-0369648-9589845,29.22
,,114-0386400-7094635,90.0
,,112-2114464-0454607,16.99
,,111-0773741-7739417,79.99
,,111-7842955-0916236,25.14
,,111-1729907-1770640,10.0
,,702-1498831-0432256,45.0
,,113-7070778-5273856,33.57
,,111-2483721-2333000,118.0
,,111-4680715-7594669,54.98
,,113-6416571-2363449,11.89
2022-03-17,,113-2828387-9244218,40.0
,,111-4650448-3076240,32.43
,,112-3277356-1121035,28.61
,,114-2823591-8689821,15.21
,,111-8158395-0513852,27.47
,,701-3572337-4037026,115.99
,,112-8067727-1217031,25.99
,,113-4783604-4972221,94.15
,,112-0758462-5213024,50.0
,,702-4224806-3744264,141.24
,,112-7451476-0706607,50.0
2022-03-18,,113-6600813-6136212,36.99
,,112-8711428-6577845,19.99
,,114-7224663-9606647,10.0
,,702-5771164-6832223,28.95
,,111-5730605-9433004,19.99
,,702-7483460-2329864,19.2
,,701-9291668-0186642,62.99
,,111-0511760-5236245,9.89
,,113-3944353-6752213,18.01
,,112-5153754-2645041,50.0
,,113-8426575-1787426,40.0
,,114-6430717-6999445,26.99
,,114-1329697-5330631,22.02
,,112-5280942-4409046,19.98
2022-03-19,,114-5415417-9313850,39.99
,,701-4078542-0988268,11.0
,,111-5225406-2759444,54.86
,,112-9689289-1293847,50.0
,,111-2398216-4473006,15.0
,,112-9198927-1126649,79.99
,,111-5503527-1628219,28.49
,,111-5987986-2196209,49.95
,,702-1819635-5121830,37.79
2022-03-20,,114-4609698-7556218,15.0
,,111-2113916-0149047,32.99
,,113-3471332-6977840,42.79
,,111-8592372-6861019,16.81
,,114-9119633-7402636,10.0
,,702-9804331-7068251,51.74
,,111-9507336-8787400,25.0
,,702-1813737-6814638,16.99
,,114-4214430-3299430,12.63
,,112-1061295-4615411,10.0
,,114-3279346-1067403,11.99
,,113-0708988-8545826,19.99
2022-03-21,,113-1530750-4649858,19.99
,,114-3283354-4732266,5.0
,,114-1894929-5337008,20.0
,,112-8124044-9827406,50.0
,,111-1833714-5507400,50.0
,,114-5645371-3708264,15.0
,,702-3102318-0657813,40.99
,,701-9428133-1279446,20.0
,,114-6904156-3300238,8.99
,,112-9545992-8070636,13.99
,,111-6293590-7733801,30.48
,,112-5669778-3042668,80.0
,,112-7562004-0778657,90.0
,,113-0003011-8573809,94.16
2022-03-22,,114-4912183-8468231,26.01
,,111-4518578-0178626,70.35
,,113-6167784-2093014,107.16
,,112-7533850-4755407,21.64
,,113-1229536-0755405,96.74
,,112-1645257-9898650,65.99
,,112-8048873-3445803,7.6
,,112-2318802-3129056,15.0
2022-03-23,,113-0213513-0729855,70.11
,,112-4549893-3065060,60.0
,,114-4600911-8766603,33.3
,,111-5035920-4252213,21.56
,,113-3988265-4437061,32.2
,,114-2208338-2612204,22.05
,,114-1028438-1770636,60.0
,,113-6137821-3362668,10.0
,,702-3385015-9871469,45.19
,,112-8164419-9454604,160.86
2022-03-24,,113-2533709-6417863,30.0
,,113-6748866-3310638,50.0
,,111-1533278-2874615,129.95
,,114-7418454-7669043,65.6
,,111-7890624-1639413,10.0
,,114-8209129-7680217,19.9
,,113-4246786-0533058,50.0
,,113-1658786-4008251,13.99
,,113-7271479-7630638,49.44
,,114-1607266-9591441,40.04
,,112-7327891-0981052,149.99
,,112-2422452-1229810,70.0
,,114-3773443-0439415,73.12
,,701-6860506-0467458,65.0
,,113-2956934-8394626,85.99
,,113-3403333-5908251,65.99
,,111-3316379-2798666,19.19
,,702-8379804-3245850,50.0
2022-03-25,,111-6685671-5945022,20.0
,,111-4359243-8189040,72.75
,,111-1653034-6721823,117.96
,,113-4753313-5493849,24.0
,,114-3002200-0076238,29.99
,,113-2374701-1401043,43.44
,,113-9559102-6111422,28.88
,,111-6911675-3617055,90.99
,,111-4788560-9054661,40.0
,,112-1309289-2037858,15.0
,,111-8230117-9822607,40.0
,,112-7400425-2457838,50.0
,,112-2208962-4118600,127.45
,,702-1606928-6496216,94.49
2022-03-26,,112-2222070-5789802,19.99
,,113-7354825-1934630,80.0
,,112-4791847-5672233,13.99
,,111-5651210-9173811,10.0
,,702-1513610-8874645,141.24
,,114-7531289-5037811,15.0
,,114-7275587-9437824,10.59
,,112-8319162-0919423,71.73
,,114-6951064-4474607,15.0
,,112-4034847-3983427,15.0
,,113-5740285-0015420,15.96
,,113-7545350-4616204,183.58
,,111-2627476-2914639,15.04
,,112-1792718-7741844,61.2
2022-03-27,,111-3007188-2037034,6.99
,,111-8982140-7030663,10.0
,,111-3797793-7749856,144.89
,,114-7913945-5759452,28.85
,,114-7657892-1354644,13.99
,,111-6473880-0759458,10.0
,,111-1740595-4368266,27.81
2022-03-28,,111-4657045-3021810,129.95
,,112-9454618-1291401,85.0
,,702-3783055-7924242,10.0
,,114-5803689-8657063,40.0
,,113-4385663-4097814,45.46
,,111-5844062-2689011,90.0
2022-03-29,,114-3010754-8481029,19.19
,,112-0987605-7899411,8.0
,,112-0296670-7845032,140.0
,,111-2627293-6107429,58.94
,,112-6708999-4911424,70.0
,,701-5430362-2964212,115.0
,,112-2871634-4290648,10.5
,,111-4072976-2197815,19.99
,,113-5275202-4120239,50.0
,,113-0619060-8181005,29.18
,,112-5062884-9837806,125.7
2022-03-30,,114-2899889-4091451,24.52
,,112-7059936-4113046,99.95
,,113-9277249-4761803,38.99
,,113-7440442-5109842,15.0
,,113-6008104-9261865,72.89
,,113-1591242-6080211,20.45
,,111-7149634-1990600,11.63
,,112-2048471-1956229,27.51
,,112-3854830-3720242,40.73
,,114-6498710-5567410,115.99
,,113-3686181-4105069,79.99
2022-03-31,,112-9768236-2965860,119.0
,,113-9076949-9421866,129.95
,,112-7439440-2305065,26.89
,,112-9150237-9221823,27.94
,,111-1615083-0667447,40.0
,,111-0401019-7022611,294.24
,,701-9630836-9697026,25.0
,,701-9796540-0760236,282.49
,,111-8946357-6756222,35.55
,,111-6933495-2679437,119.69
,,113-9596830-2399411,61.23
,,701-8929088-8617815,40.0
,,111-2815514-2605032,23.8
,,113-5805186-5091451,50.0
,,114-7700263-0797804,36.99
2022-04-01,,114-4934856-3933050,34.23
,,112-8355536-3117860,13.99
,,112-2296173-0201014,116.92
,,701-1183515-5334626,22.59
,,702-9149300-1616203,70.0
,,701-5834438-8063449,36.99
,,114-5996144-1445025,98.59
,,111-4819867-3402658,65.99
,,114-9289958-6066629,65.99
,,112-2074880-8047411,30.0
,,114-0194515-0381865,13.93
,,114-2603661-6885815,27.81
,,701-7338908-0769013,40.0
,,111-2468461-9687460,16.62
,,112-2784590-2741037,27.81
2022-04-02,,113-5112057-4509832,10.0
,,114-6934634-2586638,30.0
,,113-1277750-8015464,85.99
,,702-8209172-1079465,203.39
,,111-1118026-3563460,11.0
,,112-2330358-8901818,30.0
,,111-8713421-0711465,106.47
2022-04-03,,111-1445562-9921866,25.57
,,112-2987292-6140229,30.36
,,112-0354330-4006602,79.99
,,111-1032968-6973866,24.24
2022-04-04,,112-6709283-5638661,27.99
,,702-6295401-3998632,10.0
,,701-4935256-1001013,16.99
,,113-3720748-5596207,22.96
,,702-1487863-0260221,15.84
,,702-6103256-9142661,16.99
,,114-0693001-0879411,15.0
,,111-5814260-1918612,11.99
,,113-2343881-5846664,13.99
,,114-1665547-4675429,25.07
,,114-2976222-3642656,20.0
,,111-6545905-0817033,30.0
,,702-7843391-4704227,85.0
2022-04-05,,114-7121518-6453815,23.64
,,113-1062149-9873034,19.74
,,112-4441480-2903435,29.99
,,112-3691821-3692218,20.0
,,114-8125609-1868262,38.78
,,111-8665044-4343416,17.76
,,113-1042515-1435458,36.37
,,114-6573429-8101825,30.0
,,111-5856459-4316233,20.0
,,111-5119321-5281869,101.88
,,114-9729342-7092258,90.81
,,114-1608036-6242659,25.11
,,701-3117404-9341851,69.99
,,112-0440656-6305037,41.45
2022-04-06,,113-6289910-2169056,17.99
,,113-0512427-9033066,105.99
,,113-7338045-9580214,82.2
,,112-5388089-8494637,25.0
,,702-5796918-0226629,135.59
,,113-5201667-3974614,133.84
,,113-6656721-4099447,15.0
,,111-6435380-3715461,161.1
,,111-8757082-3021821,99.99
,,113-8483881-3412260,40.0
,,114-5238674-8549001,75.0
,,114-0423830-0972234,13.99
2022-04-07,,701-5061881-2031452,11.5
,,111-4430701-8021822,19.99
,,113-1546929-3838652,70.0
,,114-7244031-7065001,27.55
,,111-0655912-6470601,99.0
,,112-7243579-3411404,80.0
,,112-2250703-7661039,25.0
,,114-2545845-3840249,30.0
,,113-7897564-9535450,20.46
,,113-0194540-7925824,15.0
,,111-0929941-3789831,25.0
,,113-7712391-4823429,10.0
,,114-7722863-5818632,41.27
,,114-8307224-0421016,79.96
,,113-7765291-4433863,35.38
,,114-8879444-4949863,17.99
2022-04-08,,114-2559032-5117057,10.0
,,113-4619172-6073809,20.0
,,112-1594401-8429825,19.3
,,112-4770628-8127417,10.0
,,702-5613698-5694616,29.96
,,112-6645548-1320258,27.83
2022-04-09,,701-6216230-6037857,20.0
,,111-9895009-3417055,30.0
,,111-6305590-4529002,10.0
,,112-2177763-5118659,30.0
,,113-2640129-4533004,200.0
,,111-6689926-9637033,18.07
,,114-6269063-2745067,30.0
,,113-8306927-3779464,30.02
,,112-7488232-0505053,5.0
,,112-4534378-5280215,65.0
,,114-1309058-1940232,27.01
,,114-3655673-5617011,10.0
2022-04-10,,114-7194333-3082605,40.0
,,112-4777345-1790607,92.99
,,111-5336730-1436249,50.0
,,111-5722779-7717803,13.99
,,702-9395963-3427402,158.19
,,702-1561390-1935454,16.99
,,113-1130147-7790607,70.0
2022-04-11,,114-9081707-5228242,17.99
,,111-3245305-4932266,9.0
,,112-1119132-1784226,19.99
,,113-5940731-6694639,32.38
,,113-8304507-2636239,19.99
,,111-3679335-2162627,7.98
,,112-1050550-5924256,34.97
,,111-0229134-8445068,19.99
,,112-3303264-6925811,10.0
,,112-8020575-5204231,5.0
,,113-4346729-0555433,38.99
,,111-0011004-2357044,21.39
2022-04-12,,114-1403562-1313843,69.99
,,114-0285069-8161011,31.27
,,111-8230745-8657843,5.94
,,111-2593549-3159441,10.0
,,113-0432179-9169034,21.34
,,702-0622986-2409823,48.5
,,702-6179815-8113039,40.94
,,113-8478298-0389021,19.0
,,113-4554294-7316226,10.0
,,113-4403365-9837001,10.0
,,111-3077525-1471460,40.0
,,111-4768587-7252261,50.0
2022-04-13,,113-1865946-4783445,30.0
,,701-1075908-2453002,38.99
,,701-5396379-4545812,150.0
,,702-1225517-0704256,51.97
,,114-8973371-9465841,10.0
,,112-8696754-9591464,136.41
,,114-1585354-7623448,100.0
,,112-6041406-2273800,28.02
,,114-6093893-3468229,66.23
,,111-8290681-2165067,65.99
,,111-2002382-3469845,88.78
,,114-1321372-5765045,20.99
,,112-3618757-7715443,141.17
,,111-9426389-9349859,6.99
,,112-6840574-6049059,79.99
,,111-4522307-1277833,13.99
,,112-4156564-7537822,21.15
,,112-7492116-5840265,40.0
,,702-4822109-7099433,40.0
,,113-3835798-4081852,33.16
,,113-3549445-7024204,78.09
,,112-3754574-2215402,17.99
2022-04-14,,113-9035361-2694638,12.98
,,114-1095500-3738646,30.99
,,113-2569234-1140250,21.56
,,111-6393571-8711469,18.98
,,114-2736879-6495441,15.0
,,113-7550460-4793860,40.0
,,113-3168284-7948264,116.04
,,111-3554170-1596204,80.0
,,114-0552670-3980214,80.0
,,113-8983301-4289046,22.92
2022-04-15,,113-3048973-2462662,28.02
,,111-5980875-7481842,30.0
,,114-8877184-4193830,42.11
,,111-5692590-3954648,27.81
,,111-7085060-3371444,108.24
,,114-4867840-9785868,14.99
,,112-4025343-7082623,101.75
,,112-7041457-5636222,77.57
2022-04-16,,112-0077037-2490605,40.0
,,114-0080740-9370608,70.0
,,113-8304220-8221845,60.0
,,112-9009478-0384202,21.36
,,114-9303039-9307411,130.25
,,111-6071345-0909018,30.0
,,113-2539383-0397034,13.99
2022-04-17,,112-7623319-2550635,126.81
,,112-9709666-6428211,13.99
,,112-9949798-3608216,31.73
,,114-2611235-9493857,42.69
,,112-4916213-9213815,15.21
2022-04-18,,113-2549404-7537012,13.99
,,114-4484269-4942645,15.0
,,114-2211833-2057848,15.0
,,702-1418447-7625001,89.24
,,114-5055265-9684223,50.0
,,112-2280024-5493842,17.99
2022-04-19,,112-4566361-8680254,260.0
,,113-5826576-2345814,30.91
,,112-4952478-7497850,10.0
,,112-1844857-8162633,24.99
,,114-6426524-5305842,18.02
,,111-8391553-8783464,33.62
,,113-4933895-4439449,21.99
,,114-2962652-2433832,39.99
,,113-6314322-9312205,27.0
,,111-1222689-5506644,17.92
,,701-9029773-8957008,50.0
,,112-5558558-1174630,50.0
,,114-4959042-4165060,145.51
2022-04-20,,111-0318380-6671472,80.0
,,113-2889051-1087410,88.99
,,112-5143831-3474656,23.99
2022-04-21,,111-9821745-8622613,14.83
,,702-0177342-7406600,30.0
,,111-9264729-6898660,25.98
,,114-0067781-4082650,27.69
,,114-2356624-8985859,115.54
,,112-8165184-8513815,25.0
,,702-5489496-8105046,60.0
,,702-1631434-6818658,24.99
,,113-4161679-9318655,138.99
,,111-5126567-3273815,31.58
,,112-6766768-7582615,92.99
,,111-2918882-3374658,198.44
,,111-3123804-2848201,32.01
,,701-6977605-7368204,400.0
,,113-6833880-9625820,60.0
,,702-8898465-1126637,68.99
2022-04-22,,112-9545873-8469058,60.0
,,112-6136915-3973854,10.0
,,114-1706582-4453004,80.0
,,701-9485038-8775460,43.99
,,112-2286819-0164219,29.32
,,114-1247564-2078622,64.04
,,114-5351024-7379402,30.0
,,114-7575750-9693017,200.0
,,111-5882567-1896256,60.0
,,702-3648409-4876267,80.0
,,113-8961936-1605015,79.99
,,112-1392090-3909010,85.99
,,111-5609554-5377022,19.99
,,111-7383659-1859468,15.09
,,111-8180506-2346652,10.81
,,111-8617030-7752249,50.0
,,112-8847713-5588263,105.91
,,111-7081896-5921839,85.99
,,114-7819741-6989063,60.0
,,111-0900319-5575427,57.23
,,111-3242495-2810624,27.99
,,112-1176311-3497859,7.98
2022-04-23,,114-9907124-8382614,15.09
,,112-4256673-8198644,10.0
,,111-4810032-6585030,9.67
,,112-2168351-9013849,28.07
,,114-1004748-8254606,40.0
,,113-4657654-3261817,28.23
,,111-0365743-3521802,46.43
2022-04-24,,701-0540137-5216231,50.0
,,114-9800459-9405811,20.0
,,114-7689293-8468216,37.29
,,114-6723361-1765828,108.99
,,111-7262127-7711402,18.12
,,111-8068108-5238635,26.26
2022-04-25,,111-3043665-5379451,20.0
,,111-5365120-7494626,19.91
,,114-6958290-9429061,50.0
,,112-1531904-0933062,86.35
,,111-1177926-3865040,89.95
,,114-2403164-3112224,5.95
,,702-4535780-2949809,160.0
,,112-7078729-5010660,19.99
,,111-8483804-5451425,15.0
,,114-3051514-1365063,81.21
,,702-8999277-9405859,17.58
2022-04-26,,111-0686031-5748235,31.54
,,702-9610232-3269031,159.99
,,113-7317053-7083420,15.0
,,113-8556017-1421064,25.0
,,112-1496277-9305011,32.39
,,112-7930334-3463427,50.0
,,113-4377682-0962627,118.51
,,112-8084767-3091460,50.0
,,701-2311430-9297803,1061.16
,,111-1158037-7738641,15.0
,,114-0625510-8761043,45.72
,,701-8192330-0526614,39.89
2022-04-27,,111-6505376-8905015,32.16
,,702-5623794-2113007,35.69
,,112-4412531-9381068,20.0
,,114-4750798-0691456,13.99
,,114-5384373-2435437,32.99
,,112-8493844-8585035,15.04
,,702-6258797-8707451,16.99
,,702-0847902-0153052,84.99
,,112-5499743-0773058,27.61
,,701-7855819-6304200,80.0
,,112-3443344-3943424,26.33
,,112-1086616-2734604,14.06
,,112-6533131-6061810,20.0
,,112-6169842-8625808,70.0
,,112-0713325-2993807,145.99
,,114-6880752-3583463,158.99
,,114-2948613-6446647,13.99
2022-04-28,,112-5318521-3629833,26.85
,,111-4483420-7116262,39.76
,,114-4402806-0386660,26.63
,,114-7211343-6453821,69.99
,,702-2693910-0181866,45.19
,,112-5835249-0021861,35.18
,,112-9975806-3389826,44.17
,,702-2791084-4961024,79.99
,,701-9788598-7507418,22.0
,,111-9912623-1485855,5.0
,,702-7009091-6559404,148.31
,,114-7797563-5734618,60.0
,,111-9080226-8473002,10.0
,,113-7468177-8064261,64.5
2022-04-29,,114-3796137-6166622,15.0
,,112-8933556-0836213,31.34
,,112-7874688-5379403,23.91
,,113-4139068-1510612,13.66
,,113-2510120-3044229,5.0
,,701-1218552-9013024,79.99
2022-04-30,,111-6549968-6593000,29.06
,,113-4324258-0162606,20.0
,,113-6316254-7616210,179.99
,,112-9737499-0712218,40.0
,,113-6624612-5372213,75.0
,,114-4497188-3113066,28.33
,,113-0777367-5956236,105.99
,,111-1282257-6537849,25.0
,,112-1265369-2806630,15.0
,,111-1782086-2753000,100.0
,,114-4399742-3675442,65.73
,,114-6743667-1257814,85.99
2022-05-01,,112-9375943-8171447,32.95
,,111-7628985-8841822,30.0
,,112-1177855-1196203,40.32
,,111-5613708-7750607,15.0
,,112-0670082-2118627,79.99
,,114-4640209-0213016,38.83
,,112-5921321-3459467,199.9
,,111-7437299-3552250,86.19
,,111-2624568-5160231,13.99
,,113-7303032-8453855,5.0
,,112-9375395-4117032,85.99
,,114-4499147-6883437,35.62
,,111-3885849-6953043,5.0
,,702-4109592-7317062,26.87
2022-05-02,,111-5472612-7526651,30.0
,,111-0028276-1449028,6.0
,,112-9434224-9008238,5.0
,,113-5338149-9310664,7.98
,,113-7454992-7400209,60.0
,,112-7594256-6550601,69.99
,,701-8223488-8347402,104.99
,,111-2011670-0090665,19.07
,,114-2711456-8579455,16.95
2022-05-03,,114-3438048-5709010,20.25
,,114-0252360-4401006,10.93
,,111-3692954-2275408,12.71
,,701-3446123-0212248,16.99
,,112-2691577-6386653,45.61
,,113-9258622-7265019,23.64
,,113-5178808-5622612,85.79
,,114-4472882-1909022,30.77
,,113-4515721-3321014,15.0
2022-05-04,,113-8349588-8048230,25.0
,,114-1174850-0983440,56.94
,,114-2568397-7188214,27.98
,,702-2870155-6007450,70.0
,,113-9577186-2741053,19.99
,,112-6057528-4922632,105.99
,,114-2950844-3539444,13.99
,,111-7879174-8102600,29.47
2022-05-05,,113-1627351-2742625,34.53
,,113-8349588-8048230,21.66
,,112-0742709-3760210,15.0
,,112-7072555-3711468,35.22
,,113-0992039-5924221,20.13
,,111-4283265-7953852,136.73
,,112-3129354-5235451,50.0
,,701-0059879-2552202,21.41
,,113-9188355-9367465,69.99
,,111-2973901-5038600,10.0
,,111-8137670-8123412,10.0
,,112-5633598-2977845,7.98
,,114-3416032-1078607,40.0
,,112-1275370-0705055,10.0
,,111-8258809-0147457,107.99
,,702-4505729-7659436,20.0
,,113-0322437-4537024,54.64
,,701-4421863-0905817,100.0
,,114-4743913-8007418,19.99
,,113-0341765-3263447,50.0
2022-05-06,,114-6319146-7439419,17.57
,,112-6073080-3702616,49.55
,,701-0202251-1541048,45.19
,,114-8941879-8844230,159.34
,,113-3192136-1550610,79.99
,,113-2844369-0581851,69.99
,,112-9803717-0332237,18.99
,,111-9830858-6642602,35.0
,,111-9392586-8853801,30.44
,,112-9367011-6855438,39.99
,,113-2145674-7023430,83.43
,,113-1239527-5525865,10.0
,,111-5120904-4451404,15.0
2022-05-07,,114-0558878-8737022,15.0
,,701-6302132-0921845,51.97
,,701-9506992-9804223,50.0
,,113-3741065-6330634,200.0
,,113-0986675-7421839,200.0
,,111-7738835-8941034,17.33
,,112-1394603-2110669,5.0
,,112-2485640-5290663,21.53
,,113-8320346-1141025,20.0
,,111-9712289-3615406,75.0
,,112-0887930-3059455,10.0
,,114-3377882-8098664,69.99
,,113-5628584-2854659,15.0
2022-05-08,,114-4387958-3728228,10.0
,,112-3739290-9031425,53.99
,,112-0336512-1473807,45.0
,,112-7551732-6485848,45.0
,,113-7059163-9985048,18.01
,,113-6670840-2657834,75.31
,,114-9825612-6157829,93.27
,,112-8332795-9573803,50.4
,,114-1011841-0250601,162.36
,,113-9482859-3718621,17.99
2022-05-09,,111-6496014-4453037,19.99
,,111-8727492-1113067,19.99
,,112-7383198-1641803,38.14
,,111-9651286-3216242,8.0
,,111-4139705-3163428,132.47
,,113-2548909-3308207,23.79
,,112-0110254-9021818,74.99
,,111-8808225-4536213,93.06
,,113-3007137-6337041,19.99
2022-05-10,,702-8930572-2528231,30.0
,,114-7242734-4178638,67.64
,,702-3334239-8930641,32.8
,,114-0428384-8548268,308.0
,,113-8974964-2208262,30.0
,,114-2466348-9273050,25.0
,,113-0052196-6580240,14.43
,,112-2886879-2594656,5.0
,,112-5426147-6176215,150.0
,,111-9778848-4825867,10.0
2022-05-11,,112-2320246-9486643,8.0
,,113-4741532-2161065,21.19
,,114-0320638-6101039,7.51
,,701-3417362-7458603,28.95
2022-05-12,,112-9215427-5497817,8.0
,,112-1913292-6929845,16.38
,,113-1121918-2248238,78.83
,,111-3863940-5493809,12.0
,,113-4780644-7984239,30.0
,,702-2706540-2289061,13.99
,,113-5340943-8669002,32.51
,,113-1341325-3452252,110.4
,,114-5664247-7320223,11.49
,,111-7952082-7112235,8.0
,,111-6243815-0197062,20.0
,,111-4924370-7556247,10.0
,,114-5648350-2477029,5.0
,,111-3661716-4328263,10.0
2022-05-13,,112-6834054-5481841,78.38
,,114-6529762-4713838,13.4
,,113-3992532-2220257,105.99
,,111-0102818-6694631,10.0
,,113-6253773-1500212,5.4
,,111-9024615-0821817,32.73
,,701-5699200-7858611,30.0
2022-05-14,,114-1069960-8409857,30.62
,,113-4218105-8100227,45.57
,,114-9814649-9208222,20.0
,,114-5215617-0918619,53.28
,,114-4711791-8406615,5.0
,,112-4379434-8822633,10.0
,,701-0769389-4423456,180.79
,,111-1824363-6249027,10.0
,,113-2435093-6568265,10.0
,,114-9632269-4661039,25.19
,,112-2848747-4007422,42.21
,,112-5939525-4718613,68.47
,,111-3877900-5851467,27.69
2022-05-15,,114-2016335-1725808,18.99
,,111-9687318-7544224,7.0
,,111-5855949-3382659,13.0
,,113-3267437-8833806,32.84
,,112-2646638-3639444,38.51
,,112-3024240-3783414,27.89
,,113-2498216-9786663,10.0
,,114-6556598-5505803,25.0
,,111-2061559-5101827,18.99
2022-05-16,,702-1371116-0027451,30.0
,,113-2171944-2427428,105.99
,,112-3091967-0485041,28.78
,,114-9009162-9046643,23.91
,,113-1927895-7165822,108.36
,,114-8778815-2253831,55.0
,,112-4832683-4725857,42.23
2022-05-17,,112-5302587-7463423,60.0
,,112-9426167-3446600,15.0
,,113-4305140-0125015,30.0
,,111-0241056-2780244,13.99
,,114-5758340-9345803,120.0
,,114-8213316-2417819,13.99
,,111-6044225-5125044,30.0
,,114-2927403-6535410,14.88
,,111-9688544-2305808,13.99
,,114-1971115-6542616,20.0
,,112-3668753-7010633,91.59
2022-05-18,,114-2399185-4740202,34.17
,,112-6200410-0464243,39.76
,,114-0125180-6901859,12.0
,,114-8867303-3180260,35.99
,,113-6355642-0254644,30.73
,,111-4404266-4835427,105.99
,,111-2960755-0040210,29.74
,,114-4627140-4702658,5.0
,,111-2171920-9632208,10.0
,,111-2134409-6495447,70.0
,,111-1829288-4600265,5.0
,,113-0504684-3568207,117.18
,,702-8801039-8848219,106.24
,,111-6263370-9565066,13.78
2022-05-19,,113-1976135-4925038,6.33
,,111-4681057-5646631,5.0
,,111-3451136-7379465,30.0
,,113-6908236-1402627,15.0
,,111-8077267-2785069,50.0
,,114-0542977-1955442,100.0
,,113-9865204-4778609,16.48
,,111-0782080-1028201,24.92
2022-05-20,,113-6578545-2533862,10.0
,,113-8660974-4497050,38.87
,,112-8357724-7329859,15.0
,,114-3504464-8741046,466.79
,,111-5462285-9539466,42.69
,,111-7915712-2845037,21.09
,,114-9496086-1529010,86.8
,,111-3001882-0202636,19.0
,,111-1968854-2058641,13.99
,,112-4912411-4741828,48.59
,,112-7746540-5580225,5.0
,,113-2592236-0201820,19.99
2022-05-21,,112-0732286-1385802,79.99
,,111-7147966-6261861,60.0
,,113-0667723-0821042,13.99
,,113-9949527-6781021,5.0
,,111-5095416-7113850,18.99
,,111-6744570-3163415,69.99
,,111-5022605-6827437,42.79
,,113-9927221-2790626,6.3
2022-05-22,,113-8635345-2316201,13.99
,,111-5778027-5924253,125.18
,,701-7960175-7917840,10.0
,,113-8803994-9354615,5.94
,,702-1173919-8045039,103.49
,,113-0378475-0402648,53.99
,,113-6807371-5554646,30.3
,,113-8501328-6404261,10.0
,,114-3461300-4179448,42.79
,,114-9434483-9514647,60.0
,,114-1109313-8367439,30.0
,,113-4080607-3162646,15.55
2022-05-23,,114-8915145-1069032,16.08
,,702-6522731-9532269,33.98
,,114-2699851-7359439,189.53
,,113-8155308-1565820,68.99
,,14-7647927-3069038,14.19
,,114-4912202-0132234,114.99
,,701-0220548-7417836,36.15
,,111-4951825-6741048,14.4
2022-05-24,,111-8799835-4097859,30.0
,,114-0180766-9008259,51.17
,,114-0168448-1685066,50.01
,,702-3336427-1137810,74.72
,,113-0000669-0866679,15.0
,,111-0716416-9961840,5.0
,,112-5780245-7647447,16.99
,,702-1688542-6109825,12.0
2022-05-25,,701-5711044-7238617,30.0
,,111-5854493-1551455,25.0
,,114-0482982-8241849,86.59
,,111-8392641-5841020,24.99
,,114-0336125-1554665,26.63
,,113-8506940-1892212,25.91
,,114-4115892-3645866,30.0
,,113-2013675-2684261,15.0
,,114-3720868-7436252,28.33
,,111-1432476-1173018,5.0
,,702-3310131-6986655,158.19
,,111-0062147-5555461,16.99
,,111-4972672-8218602,27.95
,,112-8652160-3555460,30.2
,,702-5285851-3536246,25.0
2022-05-26,,111-5005224-4217857,5.0
,,112-2694126-7601864,5.0
,,113-4235622-0723445,14.38
,,113-2247302-3941827,30.0
,,113-5169431-1205865,13.99
,,112-1396730-3267421,19.31
,,113-1054925-7181805,18.55
,,114-7731348-7838626,21.82
,,111-1605352-1339435,65.99
,,114-9234645-0165816,76.04
,,111-3090267-5048201,40.0
,,113-9186674-8453016,40.0
,,112-1573900-3267461,40.0
,,113-2078649-7451468,15.0
,,114-4232707-4714602,86.19
,,113-8572693-7497846,70.0
2022-05-27,,114-6787152-1536218,7.47
,,114-5542399-9781857,118.5
,,112-1864535-9741852,66.79
,,111-3114104-0537820,18.12
,,114-0021721-4121001,90.09
,,112-4893802-5261046,43.49
,,111-1804048-4176224,24.0
,,114-3738846-5230632,80.0
2022-05-28,,112-3421317-8572216,16.0
,,113-6231793-7605844,32.85
,,111-1663162-2161053,30.0
,,112-7987698-1513806,131.39
,,111-8040811-8226652,30.0
,,114-7732946-9047440,254.39
,,112-6525641-6529808,79.99
,,111-5790308-6530620,26.8
,,114-9407442-6644233,22.6
,,112-3541809-7173865,24.02
,,111-5727338-7848255,27.74
2022-05-29,,111-8825148-1733847,26.83
,,111-9957089-9204230,23.1
,,702-6476884-4994668,40.0
,,112-0894828-7201854,28.13
,,111-7068132-4163412,11.69
,,113-5449740-6088249,10.0
,,113-8258532-9131432,31.77
,,112-2247353-1197011,14.06
,,113-0265746-5941069,74.99
,,114-2653055-2573836,68.99
,,112-1143133-4873826,18.94
,,112-7424125-3754651,18.99
,,111-1335827-1182638,20.0
,,113-6890436-4617865,25.99
2022-05-30,,701-5396379-4545812,154.49
,,702-7274600-8510663,20.99
,,112-5092076-6034649,28.2
,,111-9553408-3813026,9.21
,,111-7083189-7617007,27.55
,,111-9555519-9533823,24.89
,,112-3774372-8358612,16.96
,,114-9283145-7490669,48.59
,,111-8837432-6453854,10.0
,,111-3521126-1873807,68.99
2022-05-31,,114-6213804-2667441,24.43
,,112-5338121-8080223,30.0
,,701-7349616-1449015,141.24
,,112-3139505-7144206,30.0
,,114-4211740-1376241,99.99
,,114-0891449-1374624,38.15
,,111-0773799-1247417,75.0
2022-06-01,,702-3979658-6734663,79.99
,,702-0228223-7602677,70.0
,,114-0215223-4643456,100.0
,,112-6252472-9673857,46.26
,,113-6141744-9338655,29.67
,,111-7289410-2385855,105.99
,,113-6947097-4453029,6.5
,,114-1968830-1531456,31.5
,,111-6720076-6441006,114.02
,,113-3636473-7576232,69.0
,,114-8637250-8596204,26.06
2022-06-02,,111-0612711-7833869,111.49
,,702-6209241-0945837,18.86
,,113-5214026-8435400,5.0
,,112-8246382-9361047,180.76
,,114-9746056-9242643,15.0
,,112-0107328-5701843,24.89
,,113-0822647-2141845,50.0
,,114-4692016-9357006,30.0
,,111-0577132-1735411,204.71
,,112-4170208-7800207,7.99
,,114-0234390-1487459,35.0
,,114-9620667-2279467,216.49
2022-06-03,,114-6346786-7864262,80.0
,,113-8979817-0103403,21.24
,,112-8926113-3790630,15.0
,,111-7031910-9401058,60.0
,,112-4148246-1305823,59.91
,,112-7282173-3373027,11.12
,,114-5646867-5254636,13.99
,,112-5550797-1753049,16.0
,,113-5910292-7637032,60.0
,,114-5693564-6486617,50.0
,,112-8549368-1024210,47.18
,,111-3872791-1869834,10.0
,,111-7170384-3226608,50.0
,,701-3386688-8693041,97.74
2022-06-04,,112-1657925-2459415,10.0
,,701-9154590-0429811,30.0
,,112-0014579-7505865,50.0
,,114-0298287-8979477,15.0
,,702-7885311-7703424,40.67
,,114-7718073-3780214,53.45
,,114-0188010-1812269,117.14
,,114-8871625-2597058,14.11
,,111-9976809-0881007,40.0
,,111-5172793-1705866,50.0
,,111-8004974-8847423,18.31
,,112-4697628-3881037,50.0
2022-06-05,,114-6344615-1708254,10.0
,,702-5293231-5335400,79.99
,,114-9968210-7185836,105.99
,,113-0599784-4266668,25.0
,,702-7941380-2497040,112.99
,,111-5629586-3931441,14.99
,,112-2956231-8346643,10.19
,,112-4143129-0919407,15.28
,,111-1930297-2005869,105.99
,,701-8460230-1432239,41.99
,,111-1264433-6859455,10.0
,,114-7934057-0581813,26.2
2022-06-06,,113-2031236-4421820,35.38
,,113-9187256-4368217,24.76
,,112-7439992-9944264,137.75
,,113-4468816-5013817,96.26
,,114-4666974-2951468,26.17
,,112-4921283-1345837,7.52
,,112-6195386-2304224,65.15
,,111-2823190-1569058,140.0
,,112-7705242-5729008,25.0
,,114-0518781-0609056,145.17
,,114-1520466-9177027,5.0
2022-06-07,,701-7236863-0540263,52.89
,,114-2348682-5311452,42.49
,,112-0939402-7017034,20.0
,,112-1108249-9689002,10.0
,,113-7740081-9445044,27.81
,,112-7648890-6623419,85.99
2022-06-08,,114-2654085-7875415,40.07
,,111-2389088-2643446,59.49
,,111-9041106-4533059,47.98
,,701-0962792-5439436,269.99
,,113-5903481-1703468,5.0
,,114-5511460-0642609,10.0
,,114-2359371-3331442,32.3
,,113-6190682-9760242,5.0
,,114-9757639-6801037,258.51
,,114-6364484-7565012,29.84
,,701-2733428-5749843,129.99
,,112-7811507-6169811,100.0
,,114-6616780-9937043,96.96
,,112-8678880-9832223,22.25
,,702-5367977-2205810,50.0
2022-06-09,,112-2465706-8762608,25.09
,,111-9756527-0853850,10.0
,,111-0780043-4809038,85.59
,,112-7886086-4688233,149.33
,,111-1824502-0899411,25.58
,,111-9839507-9778634,43.01
,,114-1917566-5804250,11.99
,,113-9806564-7383429,20.0
,,113-1807232-1449024,30.0
,,113-3665404-3492209,30.0
,,113-0291919-7755424,65.99
,,111-6435109-0693819,171.98
2022-06-10,,702-8925364-7161009,44.17
,,114-6529748-7426666,83.32
,,114-5325003-7085831,14.83
,,111-0230806-9112220,95.76
,,113-5587339-9565868,11.99
,,113-0911616-3425802,107.24
,,112-9360474-5799400,60.9
,,114-0480853-1063445,86.37
2022-06-11,,114-2859505-5113823,15.0
,,112-3421426-7028215,54.94
,,112-6334159-4696205,30.0
,,114-4931854-0391434,19.99
,,701-9825097-6718616,36.99
,,114-5277258-0624233,10.0
2022-06-12,,111-5431826-6829053,21.32
,,112-8104644-5143456,13.99
,,114-2633844-2819444,80.33
,,114-3676544-5325833,21.76
,,114-2263029-0934609,32.85
,,114-3129012-9341007,8.0
,,701-9235595-0822608,70.0
,,114-2015310-0553864,122.95
2022-06-13,,112-9125400-3641825,32.99
,,114-1070716-9498613,26.68
,,702-7405077-8826613,36.99
,,112-5044700-6013840,74.19
,,114-4592487-1881046,74.99
,,112-1566188-9932245,65.38
,,114-5858828-1836238,23.41
,,113-4086160-3469030,10.0
,,114-4013793-3667405,19.38
2022-06-14,,112-2749608-6825860,69.26
,,113-8860810-9313853,15.0
,,114-4761721-4806600,35.6
,,701-9994862-4248236,15.0
,,113-0122406-1167440,150.0
,,113-7443130-1440266,78.1
,,111-9300269-5632268,23.17
,,113-6004377-9877026,50.0
,,113-3087821-7233066,13.82
,,113-4096153-4845010,10.0
,,111-7053387-5557841,31.82
,,111-4861063-9393824,32.91
,,111-7824559-2279414,89.66
2022-06-15,,113-1874903-6159427,30.0
,,701-9035372-0501041,99.99
,,111-5974794-5329025,159.93
,,112-2545335-9743440,30.0
,,114-4674559-8425846,13.99
,,114-8170967-7871407,12.99
,,112-3249185-4122631,20.0
,,111-2028966-6555464,15.0
,,111-3238838-7126658,10.0
,,112-1137049-0301008,19.38
,,114-7582718-2431418,32.61
,,113-5698051-7697014,40.0
,,113-7142149-0237828,13.99
,,111-4141573-0257052,105.9
2022-06-16,,702-1539717-1629859,16.99
,,702-3780449-8508237,80.0
,,114-2355314-0493050,79.99
,,114-3788262-7649812,15.0
,,112-9322627-9416224,70.0
,,113-1323615-5558643,64.0
,,114-2298347-6724200,20.0
,,701-5626481-9369039,158.19
,,111-3968519-0217858,69.99
,,111-0654725-4538629,13.99
,,111-3368279-8229850,114.71
,,701-0085541-5330652,125.99
2022-06-17,,113-6906963-7000235,66.45
,,112-6517413-5502625,43.67
,,112-3025508-4917868,158.99
,,113-6699498-0466630,60.0
,,114-5204846-6757867,27.27
,,701-8091248-7248229,21.46
,,112-1389881-6199441,5.0
,,111-0446725-0248240,21.39
,,114-4479729-7103443,5.0
,,111-0069296-5689870,5.0
,,114-9619385-8333862,130.64
,,113-4148971-0657842,56.37
,,702-9378319-7834639,143.71
2022-06-18,,113-2078269-2776242,146.19
,,113-2011431-6012217,5.0
,,113-7815183-1959465,10.0
,,114-0844980-3965038,119.99
,,114-4768396-5345013,20.0
,,113-0337639-7532203,5.0
,,113-2190566-3449839,10.0
,,113-8059174-1189847,60.61
,,113-4893118-2593064,109.99
2022-06-19,,112-7865863-0281009,55.0
,,114-3584730-8228205,70.85
,,113-8444227-0393848,50.0
,,113-6882237-2822609,31.83
,,702-5803909-3966640,112.99
,,113-3716047-7033856,17.4
,,111-0085799-2814674,20.0
,,113-0855785-0505028,40.0
2022-06-20,,702-1117695-2395407,51.97
,,114-2472760-6442657,11.86
,,111-5784864-1345866,65.99
,,114-6212380-0446603,18.98
,,114-2757621-1211409,31.64
,,113-2493804-2293014,14.99
,,111-1417804-5144225,10.0
,,114-7589445-4610641,13.99
,,114-0191910-3172269,5.0
2022-06-21,,111-2549778-4191446,22.57
,,113-7654162-4698669,23.9
,,111-4857319-7209835,15.0
,,113-0130021-8491474,30.0
,,112-5220303-1900224,100.0
,,114-9675102-2019456,21.05
,,114-0296968-6910634,15.0
,,112-1665825-5177012,60.0
,,114-0650123-2936218,90.04
,,112-6329108-4582651,8.0
,,112-7465473-7121067,101.99
,,112-2851340-6019456,17.02
,,111-1210262-7464230,27.11
,,112-6872198-4507444,21.64
2022-06-22,,112-5372661-2208266,40.0
,,111-0205321-3151467,31.71
,,114-4899474-3568257,108.05
,,114-4972600-4881800,125.99
,,111-4877636-9225855,15.0
,,112-6863062-4028229,27.63
,,112-5169659-5021008,16.1
,,111-0544435-1137848,20.0
,,114-3471018-1528242,65.99
,,701-6823548-9282625,225.99
,,111-1968906-2944258,21.5
,,112-3631152-0274614,21.54
,,114-8896316-7397839,20.0
2022-06-23,,113-0494895-1161834,5.0
,,112-8149354-0055429,10.0
,,112-0654162-9966624,15.0
,,113-5571387-3092221,5.0
,,114-2612600-8074634,18.32
,,702-0686018-1626660,9.6
2022-06-24,,113-2610077-3554610,113.41
,,111-6639579-4594625,29.95
,,111-0197852-8361839,8.0
,,113-0825469-8249860,13.99
,,111-2832826-9136234,143.09
,,112-1019522-5128246,123.24
,,111-7340452-5553064,38.32
,,702-0250940-5641039,67.79
,,112-9844618-2781023,122.71
,,111-6543681-6577025,14.0
,,112-2943267-8537028,12.0
,,702-8870800-1697010,70.99
,,112-1417387-3424269,101.75
,,111-0685147-8273831,70.0
,,112-3292366-2087408,26.66
2022-06-25,,111-8300368-4485831,60.0
,,113-0213605-4482604,129.12
,,112-8178192-1325027,15.0
,,113-9820515-4572254,30.75
,,112-4467991-7966645,27.55
,,112-2142683-7911457,38.95
,,112-7635562-0307449,16.99
,,113-4901737-3440208,35.0
,,113-6949139-9065855,32.09
,,114-2656597-8823453,60.13
,,114-8171061-7899459,256.79
,,111-3748041-6781068,39.14
2022-06-26,,113-1315658-0798647,44.55
,,111-6195507-7040259,89.49
,,113-8679989-9777055,16.99
,,114-4994896-6450624,50.0
,,114-9226099-2513830,190.97
,,112-9361378-3483441,94.85
,,113-3677953-2891457,168.62
,,112-8853653-4564212,16.99
,,112-0891897-7625000,26.68
,,111-3060140-6455407,27.65
2022-06-27,,111-1871415-0992200,59.19
,,112-6673855-3807459,29.06
,,112-7347729-6129839,94.16
,,111-1345925-0085864,38.31
,,114-5879947-8710651,40.0
,,113-8208089-7227441,25.0
,,112-2445209-7596264,25.92
,,112-6999528-8085835,17.92
,,111-9704833-8867447,29.67
,,113-3849308-0930641,40.0
,,114-8486645-3701864,27.1
,,111-1066490-5164267,25.0
2022-06-28,,111-4600639-0857031,31.24
,,111-9610294-5431420,30.0
,,112-2155357-0703418,35.15
,,112-9822817-4838603,109.89
,,112-3626267-8963424,39.99
,,113-7982035-0275411,25.97
,,113-6368157-7360258,30.0
,,112-5417272-5349809,137.79
,,112-7130948-6239425,15.0
2022-06-29,,701-6972084-7565018,13.5
,,112-3807644-5191466,58.7
,,111-9102279-8997835,8.0
,,114-0034082-0889879,28.07
,,113-1778714-6446612,15.88
,,111-4060609-8469009,50.0
,,114-9819967-4262658,27.98
,,114-1164941-5140244,8.0
,,113-9393212-2427462,50.0
,,111-4299378-0520265,7.2
,,113-5570411-6703461,28.1
,,114-1009945-6262606,20.0
,,113-2574751-9964233,209.02
,,114-3715142-4565017,50.0
,,112-0143833-5082671,128.36
2022-06-30,,112-0001776-5849079,42.89
,,111-1185581-1174640,21.01
,,112-9338660-4791413,38.24
,,114-1865111-8635427,27.42
,,113-6173057-1450618,30.0
,,113-1253204-8772247,159.99
,,113-0295968-2078665,68.47
,,113-3930084-1539404,2.39
,,114-6983661-0461843,46.0
,,112-3908841-1933006,104.51
,,112-2079013-5099432,10.0
,,114-6218302-3636220,20.0
,,113-4993727-4958633,70.0
,,702-5485997-2461819,20.0
,,112-2930168-4158656,48.22
,,114-0411516-8544269,20.68
2022-07-01,,113-8224343-1717020,80.0
,,111-7518625-8963419,55.32
,,113-2878548-1713862,28.42
,,114-6311155-1384269,112.99
,,112-7104103-0853829,10.0
,,112-4910182-0049018,15.0
,,114-4512814-5359402,28.65
,,114-8410768-0564262,5.0
,,111-2234214-7383439,35.52
,,114-1537621-0379446,169.84
,,114-8169554-0834659,248.58
,,111-7254120-6022623,65.99
,,111-6008949-4886636,165.36
,,114-8683148-0792249,8.0
,,114-9403548-6993068,27.61
2022-07-02,,111-7644053-5610624,111.29
,,111-9189857-1300257,32.0
,,111-1044670-7085848,18.01
,,112-9596456-4287427,9.07
,,112-1366026-8676214,169.59
,,114-0953440-7469019,77.37
,,113-2192719-2358608,25.0
,,112-3469661-0127453,100.69
,,701-4051360-2985051,16.99
,,114-1183962-4479424,77.37
,,702-2656529-3457837,50.0
2022-07-03,,112-0451166-4537811,50.0
,,114-9244035-1471453,60.0
,,112-0474385-5682638,27.35
,,111-9590714-3313841,16.19
,,112-7089510-1153838,15.0
2022-07-04,,702-3428983-3089016,16.99
,,111-4907530-2013057,8.29
,,112-7860289-5193019,27.89
,,111-1085103-3865008,22.14
,,113-1013088-4783453,21.59
,,112-9947732-5073038,161.99
,,112-3571623-2536200,23.54
,,113-4786089-7124207,15.0
,,114-7215523-1413845,7.97
,,114-6736221-9135459,60.88
2022-07-05,,113-5482292-3399417,144.44
,,701-4235621-2505003,219.24
,,114-4213870-1261002,119.48
,,114-8604333-1470619,20.0
,,111-4941354-5302611,13.99
,,113-7591580-2749052,27.04
,,112-1955476-0205820,233.25
2022-07-06,,114-7886031-1779442,15.0
,,701-1003071-7026661,124.29
,,112-7379570-2408203,25.0
,,113-3430716-9552248,13.99
,,701-3300176-2052206,141.74
,,113-0301953-9329803,13.4
,,111-2316979-9381018,5.0
,,111-1241207-6832262,10.0
,,112-7144223-4483401,42.39
,,111-8447022-6513047,18.01
,,114-7429354-2600201,19.99
,,114-4253019-8409026,28.99
,,113-7529421-2456225,127.49
2022-07-07,,113-8486386-7369062,60.0
,,702-1081168-8329862,28.0
,,701-6782373-8765011,40.67
,,113-7245518-2085812,46.95
,,702-9383146-2895459,100.0
,,113-6645504-7321866,27.55
,,114-3256379-1380269,25.0
,,112-6246005-8287408,53.99
,,114-8738370-3913809,22.73
,,111-3231172-1341041,15.0
,,702-5876083-9300245,50.0
,,113-4997823-6537858,11.04
2022-07-08,,112-5759665-4026608,50.0
,,113-3181694-3245868,33.21
,,112-2798595-4540221,50.0
,,113-5912164-9553068,28.23
,,114-3733200-4959465,10.0
,,112-1412994-3399421,92.53
,,111-1382261-0728263,37.79
,,111-0613980-5532215,20.0
,,114-5820074-3031408,397.09
,,112-0941738-9514613,38.26
,,114-6923567-6997026,80.0
,,114-3593048-4228225,13.99
,,112-8271603-4971460,8.0
2022-07-09,,112-4918537-0671425,27.81
,,112-0968055-5810619,26.59
,,113-8510847-4929803,10.0
,,112-6308912-9597030,13.99
,,113-6077369-5912269,27.81
,,111-6051820-8613030,45.0
,,112-1328908-2353059,37.9
,,111-5086396-6959461,13.99
,,114-3393964-1613062,5.0
,,113-6236886-2118607,30.0
,,113-6715101-0105010,200.0
,,113-9332345-5491406,15.23
2022-07-10,,113-3063807-9849824,8.0
,,112-8858861-1972203,31.89
,,113-5023783-7935422,48.75
,,114-3520576-3363439,39.34
,,112-7933792-7602627,46.32
,,113-1936488-4100237,22.39
,,112-5707663-5501040,40.27
,,113-7077369-1402650,122.72
,,114-4810802-6175445,18.18
2022-07-11,,111-9684402-0587412,40.0
,,114-9465056-0750602,40.0
,,114-5441311-1530665,77.83
,,113-1587517-9145062,20.0
,,114-7446000-4131457,18.33
,,112-2632445-3961018,2.89
,,113-0336343-1093027,10.0
,,114-8576370-4394658,53.49
,,112-6804462-2237009,5.0
2022-07-12,,113-8095295-2218623,40.0
,,114-7348749-4548210,43.09
,,114-8013258-4121007,65.99
,,111-7374437-4399468,91.2
,,702-5008206-8725811,134.39
,,112-8672976-4625053,6.99
,,113-0524044-3317824,7.79
,,112-2519163-5031444,40.0
,,702-7208731-3277068,184.98
,,111-9898614-0508238,25.0
2022-07-13,,111-8132849-1084262,1.03
,,113-3136388-0486621,38.59
,,111-6161135-5600227,13.02
,,113-2001679-6233021,105.99
,,702-8089534-6120216,202.34
,,112-2584628-2393067,6.3
,,113-9055758-4914637,192.71
,,701-3610163-6051405,89.99
,,112-1919749-7596215,108.61
,,113-4234546-3133011,41.25
,,113-1400064-8413054,79.01
,,113-1770152-7651415,53.5
,,114-9662843-8122631,16.53
,,114-6612547-5319441,90.09
,,702-8586430-8665039,174.29
,,112-9593616-0301005,15.0
,,112-9030783-1451468,22.91
,,114-4822532-0404207,5.0
,,114-7112813-5789012,17.92
,,111-9143251-5853007,30.0
,,111-7968285-8907437,20.0
,,114-2502342-6981067,80.55
2022-07-14,,114-3917900-5460235,16.0
,,113-6610876-3508256,31.99
,,114-3206901-7708252,60.0
,,113-9731532-8433837,27.05
,,114-2346084-1336214,25.0
,,111-9416157-7049008,23.99
,,111-1784571-3391434,49.99
,,113-4493568-3241059,253.19
,,113-8536135-9217002,5.0
,,112-8327635-6985028,32.91
,,111-3123767-1001038,30.0
2022-07-15,,111-1875475-0099408,6.9
,,114-4011204-8921847,93.0
,,114-6549815-2767409,31.79
,,112-1747736-4539449,5.0
,,113-8568671-7548252,10.0
,,114-4987121-0213053,14.45
,,113-0335539-7880212,50.0
,,112-3360337-3561815,15.0
,,114-9167497-0913040,90.09
,,113-3255703-7461821,99.99
,,701-0474973-7487400,100.0
,,111-2034223-4997064,27.55
,,113-5649276-4365842,35.0
,,702-8529409-6536218,139.99
,,111-1028927-5505837,20.0
,,111-0882354-7218669,5.0
,,113-4442862-7779446,15.74
,,114-2255743-4523419,115.99
,,114-6595848-8946600,19.99
,,702-5820859-2331437,42.99
2022-07-16,,114-9666619-5994667,117.69
,,113-3019917-7544233,15.0
,,111-2098180-9975469,46.0
,,701-3963315-7398652,84.99
,,111-4625131-0089834,90.62
,,113-6569726-9426638,17.47
,,114-8602269-9264211,13.99
,,113-9910129-7066640,68.31
2022-07-17,,114-8493717-7541001,113.81
,,701-1825605-2857055,40.0
,,702-2513990-1163449,16.99
,,111-0432365-9204225,77.75
,,113-8544062-6724269,75.0
,,113-7134217-4445022,19.95
,,113-9180334-4833020,30.0
,,702-8800590-2261045,86.23
,,113-9707194-2114629,11.65
,,114-2816948-3117022,10.0
2022-07-18,,113-5319324-5220229,27.61
,,113-1548737-1865008,24.66
,,114-2197184-7178605,93.28
,,113-2089664-4852203,13.99
,,114-0241680-1805003,127.79
,,113-1944015-1457031,127.49
,,114-4601693-1510649,10.0
,,112-1674958-1377046,15.07
,,112-6362647-7802626,136.88
,,114-9349813-1745828,39.25
,,112-0397796-9469005,10.0
,,112-7316621-5209830,10.0
2022-07-19,,702-0328187-5784254,29.82
,,112-3731281-3738632,20.0
,,112-6650194-4039427,127.19
,,114-2665258-7426607,32.24
,,113-0049938-7565060,15.0
,,114-5050680-6725068,21.24
,,114-4021370-3193062,21.82
,,114-7679539-8287430,7.97
,,114-0785048-1933866,15.0
,,113-3271945-5422623,29.0
,,113-0795395-2328250,85.59
,,702-9818539-3057859,115.99
,,114-6705766-7073069,84.78
,,111-1005253-4523415,18.56
,,112-8142437-1645036,10.0
2022-07-20,,111-2043374-6217008,18.61
,,113-2096255-5882640,15.0
,,702-1256384-0705069,40.0
,,111-9556441-2704228,10.0
,,111-9386714-1769803,20.0
,,113-2478078-9750627,5.0
,,111-4073201-1847430,16.33
,,114-9963706-1715417,26.18
,,113-4793311-2680224,35.99
,,111-9314226-2593026,15.0
,,111-1687431-5381869,5.0
,,112-5244350-1929850,109.13
,,111-8661760-0772262,40.55
,,113-3944091-0297058,24.13
,,112-3717285-7191431,44.14
,,113-3636874-4057049,118.18
,,114-8341702-7703418,13.99
,,112-4530904-1937869,33.5
,,114-0273683-7733876,10.0
,,114-1796476-5930635,170.65
2022-07-21,,112-4387920-8641815,10.92
,,701-0646702-7566660,158.98
,,111-2229915-1621861,15.11
,,113-9892625-6571458,25.0
,,114-9675438-9845055,50.0
,,111-2406121-7646609,180.19
,,111-0509721-3660262,18.57
,,111-1578592-4749853,80.61
,,113-8571863-8877858,90.17
,,701-2779574-9348226,149.99
,,114-1906330-7857054,7.97
,,111-7239741-0112227,22.95
,,113-9479820-7928217,105.99
,,112-6118795-2598623,128.39
,,114-7252013-2057055,16.51
2022-07-22,,701-6086915-7540217,28.0
,,114-4920316-8423466,98.09
,,113-5116082-0028254,89.99
,,114-7813933-5654615,21.32
,,112-0433097-2630642,20.0
,,112-9280595-6469021,5.0
,,701-4153780-6013823,93.44
,,113-8485972-4361854,14.05
,,113-2167744-7593028,17.99
,,111-4084002-1525843,25.0
,,111-2566624-0777023,119.36
2022-07-23,,702-4990276-2062654,45.19
,,702-8118634-3551404,525.0
,,112-4017613-9000213,19.17
,,111-8328928-9573007,60.0
,,111-2681196-4342625,13.99
,,113-9518133-6064235,75.58
,,112-0858373-8907411,13.99
,,111-9400887-1836226,30.0
,,114-1059530-5138651,149.93
,,701-5679972-6146606,124.99
2022-07-24,,112-4105008-7774607,34.55
,,114-6899984-1696230,60.0
,,111-0685654-3491430,39.97
,,113-7460981-2766662,47.69
2022-07-25,,112-8744927-4417845,15.99
,,701-4910562-3877023,40.0
,,702-0123122-6625839,43.69
,,112-1975459-6805850,31.88
,,113-0007275-5694640,47.46
,,111-6401191-3297832,13.99
,,113-8451631-5411439,16.99
,,111-3666752-8243457,15.0
,,113-4515693-2896214,15.0
,,114-2547907-4269813,20.0
,,113-5528818-8501061,48.01
,,111-9672189-0567425,35.18
2022-07-26,,112-2028588-3436202,163.86
,,114-2620092-3751413,5.23
,,111-3984286-3497829,15.0
,,114-5716402-9057045,132.29
,,114-1588617-7247452,31.34
,,111-3402294-9656232,127.61
,,113-3000401-4007413,32.46
,,113-3920166-3037856,25.97
,,114-4982797-2069059,10.0
,,114-5739124-2969033,43.24
,,112-1480866-1817020,139.09
2022-07-27,,113-2804778-0792234,113.84
,,112-7975482-9805055,113.41
,,112-4764033-1919415,10.0
,,114-7915031-6537017,162.04
,,113-8636529-5273021,22.67
,,113-7200269-7669850,21.2
,,113-9398822-4302611,28.95
,,112-3762607-8530635,58.96
,,113-7021435-2225810,98.7
,,111-5925569-6555422,15.0
,,114-7765967-8300235,6.06
,,114-2598360-5501813,14.19
,,113-8177226-2982649,48.98
,,113-5334501-3494628,64.19
,,113-8077419-7208212,70.16
,,111-1390410-1231413,20.0
,,113-9211409-7369033,10.0
,,113-4329844-7647437,20.0
,,113-1385146-3792256,39.02
,,112-5692775-3687435,8.0
,,112-2428969-9858600,131.87
,,114-6605522-9999400,40.0
2022-07-28,,113-8738147-3249838,20.0
,,112-2539967-5317008,20.0
,,112-9232532-1660207,39.58
,,702-3136100-2736233,35.0
,,112-7904608-2933017,11.99
,,111-5379971-6275415,16.04
,,112-8074476-1155441,115.99
,,113-3529158-8681066,40.0
,,111-9485747-2854659,16.24
,,111-7330993-7752228,10.0
,,114-4519552-3463400,30.0
,,113-8716192-6152263,40.0
,,701-3168795-5755438,49.34
2022-07-29,,113-7147163-2953817,96.7
,,112-8675734-3085815,9.2
,,114-2458431-5081057,50.0
,,112-3615232-1119426,23.58
,,112-4481394-3064246,20.0
,,701-9419192-9745839,126.49
,,113-0220485-5277806,10.0
,,112-8607627-2469039,32.39
,,111-7559788-4155404,46.11
2022-07-30,,111-3230554-0217019,13.99
,,114-1599365-2748255,26.31
,,113-7061098-4198633,379.9
,,111-0737491-4598625,60.0
,,112-2851278-0440202,182.5
,,113-9115643-9358667,15.0
,,111-6087063-8682636,13.99
,,701-5309601-0666654,15.0
,,111-2411336-8085803,25.0
,,114-3355709-5157034,93.51
,,114-4886800-8589862,117.69
,,114-5799486-2437032,30.0
,,113-0486516-2657058,13.99
,,114-0267441-8066665,13.4
,,112-0429613-4120229,15.0
,,112-7498186-0137042,65.99
,,112-7335929-6699419,119.48
2022-07-31,,112-8109750-7537049,60.0
,,114-4057039-4450637,9.72
,,112-6510805-4461800,13.99
,,112-1851958-7105019,161.39
,,112-7164304-3701047,200.0
,,112-6534200-2711423,20.0
,,113-2456062-7796230,71.27
2022-08-01,,111-4661582-7929008,11.0
,,114-8027273-5021831,20.0
,,112-9015105-9400238,39.7
,,113-4540762-6842616,28.0
,,113-1083201-3401047,20.0
,,112-6054183-5132210,25.0
2022-08-02,,112-8129705-2245014,225.99
,,114-7381517-4567457,20.0
,,112-6534217-4167416,30.0
,,114-6473818-7541853,16.36
,,111-6632055-0092201,18.01
,,113-3143928-3521041,54.94
,,112-8109750-7537049,37.06
2022-08-03,,112-8858784-0557821,15.0
,,113-0214682-2582674,49.67
,,112-4233492-0867405,32.09
,,112-2711046-4717040,27.44
,,112-7482692-9864226,13.99
,,112-9511191-9104256,10.99
,,114-0367207-3920262,9.0
,,113-5464380-2254644,345.59
,,112-2839916-5283469,54.29
,,113-0300882-4285000,23.0
,,113-8141314-2981800,25.17
,,112-1798767-0129022,53.77
2022-08-04,,701-0616450-4919410,35.51
,,114-9266296-3285867,7.46
,,111-7168017-3065048,10.0
,,112-7755074-1454651,25.1
,,112-2364368-4967455,127.19
,,111-2032258-1255430,21.49
,,114-1415730-0031409,99.84
,,702-1184349-6971442,50.84
,,114-4898934-6499464,39.0
,,113-3077260-3445805,8.0
,,113-6223573-5573856,99.99
,,112-8379681-4310650,11.99
,,701-7341023-6004232,73.44
,,112-7622121-7300246,50.0
,,112-5898372-7428253,15.6
,,111-0279030-0182611,25.0
,,112-7604187-5129051,30.0
,,112-7881658-2645049,78.65
,,113-2404972-8953848,58.86
,,114-0598239-0364256,41.41
,,111-2402924-8823443,31.79
2022-08-05,,114-0661522-0062631,17.6
,,111-5866437-1648213,32.65
,,113-7915459-5043465,20.0
,,111-9519382-4149005,74.84
,,111-4491865-7969822,16.04
,,111-6435190-1084254,18.18
,,111-7545707-2174648,108.06
,,112-9307377-5114617,78.25
,,113-0039476-5831461,17.82
,,112-3465883-4702636,45.0
,,113-2758036-2950662,40.0
,,112-5184782-7445069,60.0
,,111-9977289-0812213,15.99
,,111-6416787-6369810,39.14
,,112-9085320-0431432,20.0
,,112-2818681-8114627,60.0
2022-08-06,,701-6117933-1509819,16.99
,,111-0772704-1457047,26.8
,,111-3238416-6660259,16.25
,,114-9785953-3791429,21.24
,,114-3427681-2719451,92.01
,,113-1608114-5201800,21.82
,,112-5377777-3102618,11.99
,,112-6937613-3895454,19.99
,,111-8752207-0867455,15.0
,,111-7721535-8140238,10.85
,,114-4807503-0137851,64.47
,,111-0709320-4733068,12.83
2022-08-07,,111-1200377-7239416,15.33
,,113-4839283-0810659,15.0
,,113-0509738-5449855,115.9
,,113-1159129-8883422,5.0
,,701-8661076-8249041,53.1
,,113-3443693-0468222,30.0
,,111-6651186-5436205,17.92
,,113-7118909-4739447,19.61
,,113-6503293-8608205,67.56
,,113-5214125-3114632,13.87
,,111-5482790-2164212,39.14
,,111-3570721-2948243,40.74
,,113-2357450-1328202,22.67
,,702-2474605-4484208,79.99
2022-08-08,,112-4357810-3349046,48.75
,,702-3422727-5189824,16.99
,,112-8675351-2135454,15.08
,,111-3022796-1229810,15.0
,,112-0067211-8300208,30.99
,,111-3850746-8085064,50.0
,,111-7261935-1412258,11.19
,,112-6245638-9315409,11.25
,,112-0081342-6794659,10.0
,,111-7128593-5965835,30.0
,,112-5194199-4493002,20.38
,,111-9887103-6432237,25.0
2022-08-09,,113-7826377-3256259,11.5
,,111-2923668-6218631,18.6
,,112-5410726-7944216,159.51
2022-08-10,,112-8360746-4737865,40.0
,,113-6802943-8024214,106.47
,,113-2863522-1456228,22.99
,,702-8869028-4847444,95.0
,,114-5443894-3532244,4.0
,,112-8482029-7573858,30.0
,,113-2971337-5094662,151.93
,,112-0398707-5181841,80.55
,,113-2161824-3067404,5.0
,,112-7938876-0837850,614.79
,,701-6756551-2738600,232.77
,,112-8932786-2168269,50.0
,,111-6156175-1693803,25.17
,,112-6620924-6005829,5.0
,,114-4997363-5177843,10.0
2022-08-11,,112-3956818-0091448,10.0
,,113-1511589-0260249,2198.82
,,112-6795466-2562645,63.64
,,112-7017282-3056269,5.76
,,111-3332512-8529065,20.74
,,113-6647160-5946626,20.0
,,112-7297689-5449062,43.19
,,111-0126692-6208258,10.0
,,113-1333879-5539460,60.0
,,114-0737424-1875402,96.4
,,112-3951392-5838610,9.34
,,114-3653264-4145037,163.64
,,113-5230291-7633812,39.02
,,113-1920777-2752211,35.3
,,113-2839389-8404217,60.0
,,114-9179262-4737051,26.82
,,113-9089058-1116248,64.34
,,111-3682118-3337039,16.86
,,113-4063506-5824217,155.81
,,111-8618747-2616237,92.53
,,111-9909495-1193864,5.0
,,702-6677271-5170659,45.98
2022-08-12,,112-3736387-4490629,75.06
,,112-1471611-6841821,18.58
,,112-6500764-9455414,64.15
,,113-0635857-5902658,15.18
,,701-7320814-4298610,11.2
,,112-8648800-1905850,19.99
,,112-1972273-4185003,8.0
,,113-8671269-5107424,90.94
,,112-8380352-1693822,10.0
,,701-6683829-5550634,167.99
,,113-2436191-6297024,5.0
,,111-6999644-4271430,16.14
2022-08-13,,111-3687692-6427405,35.0
,,701-2439890-7313066,81.35
,,111-5832106-8366655,18.01
,,701-4782569-9914621,138.74
,,702-2266548-6336234,135.59
,,114-2741100-6397041,119.99
,,112-5792017-9318616,112.88
,,112-9411498-6745043,99.99
,,114-6226913-6145023,31.79
,,114-8183912-1562627,19.98
,,113-9870486-5537842,16.0
,,111-4597217-6900247,115.49
,,113-0503124-1981038,119.01
,,112-6825461-8779434,13.99
,,111-6241710-5815455,152.99
,,114-6907009-6101064,119.96
,,112-7595163-1945033,46.75
,,112-0967597-7925840,41.03
2022-08-13,,112-3522682-4733007,50.0
,,112-1544607-4703440,17.15
,,113-4830770-0921868,141.03
,,112-9501698-1873865,65.99
,,113-3129259-2289001,25.41
,,112-9237072-0006645,24.63
,,114-9886824-1425031,29.22
,,111-9466534-5571438,10.0
,,113-2200883-9818602,21.19
,,112-5374726-3779405,99.99
2022-08-15,,111-7558214-5500205,58.79
,,111-5059264-2501003,10.0
,,112-1559062-7130606,5.0
,,112-5745152-6021029,50.0
,,113-7964315-9617066,25.0
,,111-6051779-4306627,15.0
,,112-7638633-3401012,39.86
,,702-8693646-7385803,37.79
,,702-8290544-0745848,139.99
,,113-8408012-8309848,39.3
2022-08-16,,112-3030384-7040237,20.0
,,112-1456358-6181049,20.0
,,111-1958651-8733849,30.0
,,111-9747953-1502633,22.06
,,114-7499549-8040214,15.0
,,112-7686458-0145826,116.59
,,114-8285069-0785062,30.0
,,111-7500725-1857056,20.0
,,111-9944156-8166658,9.0
,,112-4969193-9736211,200.4
,,113-3485609-5985014,40.0
,,114-8156315-8979413,28.85
2022-08-17,,113-1439948-6261013,50.0
,,112-2373356-6950641,50.0
,,114-1221396-3343462,107.24
,,113-2444032-7868257,10.0
,,112-9145018-3407462,19.27
,,112-7626092-2351441,5.0
,,112-5833771-9211441,17.58
,,112-7168320-0236262,114.96
,,112-6513194-4776223,70.6
,,113-0280278-3127443,37.46
,,111-0178292-7373810,15.16
,,111-2529493-9131439,10.0
,,111-4531746-8704232,68.27
,,114-8583739-6030639,25.0
2022-08-18,,701-7346408-6957825,37.29
,,111-1083229-3929045,15.0
,,113-6838607-9881856,15.0
,,112-2211264-6869043,11.94
,,111-5156138-5718624,28.79
2022-08-19,,701-3519871-2974662,126.49
,,112-5649090-5555444,243.79
,,701-5553992-4146642,40.0
,,111-9145443-9537837,8.7
,,111-0638239-0484263,28.49
,,114-2384629-6380234,79.99
,,112-8928103-3958651,10.0
,,112-4042032-3804207,7.0
,,702-4283783-0507420,15.0
2022-08-20,,112-5165362-7678653,16.08
,,112-4174813-2862666,41.3
,,114-5822094-6500219,117.99
,,112-6740807-2925026,100.0
,,113-7747806-1965044,96.29
,,111-1683778-1072238,19.96
,,114-8634255-8392217,15.99
,,112-5877730-7617855,20.0
,,112-2443527-5715465,129.99
,,111-9719644-2982606,18.78
,,112-5104512-7697813,99.99
,,701-6216340-9717807,51.97
,,113-0451673-9450621,333.6
,,702-8639139-6421837,78.0
,,112-0018146-9581058,27.16
,,111-4658110-5988240,60.0
2022-08-21,,111-0008927-0539449,17.28
,,111-2995593-7669042,94.0
,,114-7306568-5544210,6.77
,,112-7338352-2511436,60.0
,,112-6958515-4747445,10.0
,,113-6203523-5536226,50.0
,,113-6491772-1281012,24.32
2022-08-22,,113-9330618-2113867,30.0
,,701-5109577-9285812,85.87
,,112-6738894-0281025,30.0
,,111-6696903-1929067,6.0
,,112-6656759-5740225,25.99
,,702-0483780-6144216,20.0
2022-08-23,,111-4630295-8237852,99.99
,,112-8291788-1034636,5.98
,,112-5328927-9957020,7.0
,,114-6133992-0049819,15.0
,,114-9040896-0338648,22.2
,,114-9278906-4563456,102.22
,,112-3792399-6472244,22.0
,,114-2327342-6494653,13.99
,,112-7870150-4229860,13.99
,,114-0613754-6536246,18.18
,,114-3478963-0000260,13.99
,,112-1727048-5570622,20.0
2022-08-24,,113-4091687-7042656,9.0
,,112-6167563-8477027,119.06
,,702-0563815-3094600,56.49
,,113-0265212-5239404,113.39
,,113-7298902-6955456,92.65
,,112-4902864-2020204,126.05
,,113-2111474-1587402,15.99
,,114-2065641-9473009,98.5
,,112-7547371-8775455,15.0
,,112-9146903-6777055,97.36
,,701-8787962-5278665,50.0
,,111-2143874-9449035,21.92
,,114-6462575-2697068,75.18
,,114-4136357-0341056,10.0
2022-08-25,,111-8815113-2967458,15.89
,,111-1347098-1092209,172.83
,,702-5385164-3510649,45.19
,,114-8844457-3041020,16.65
,,113-6814806-2789854,38.73
,,111-7774322-3002650,85.38
,,114-8176735-4288205,85.38
,,113-3715305-6689820,18.18
,,113-0071492-0428271,10.0
,,114-5844318-4885058,34.93
,,112-8394069-7865068,24.79
,,113-1000975-4436261,5.98
,,112-6701349-8019438,69.6
2022-08-26,,112-2266600-3840268,106.61
,,112-4945428-6273827,79.99
,,114-5563066-3077050,19.43
,,112-2584549-8140255,10.0
,,112-6005375-5347445,48.33
,,111-2787160-2169857,53.96
,,113-0350301-3285027,27.05
,,114-6147827-4449040,32.95
,,701-5684290-8105031,14.55
,,112-5472041-6130612,12.92
,,111-7196142-2965014,5.98
2022-08-27,,113-1840190-0350661,21.86
,,111-8640373-8266638,20.05
,,113-3394626-5533022,9.48
,,111-4588440-5234614,81.1
,,111-7352900-5066616,105.99
,,113-6704955-8558659,13.99
,,111-0377765-2731462,119.99
,,114-1615294-5295452,50.0
,,111-6445323-0906659,10.0
,,113-4071767-5966663,158.99
2022-08-28,,114-9706198-6086604,107.05
,,111-8888529-2731415,41.25
,,114-5894012-8660242,131.06
,,112-4859070-9665057,32.09
2022-08-29,,111-9439702-9483456,30.0
,,113-0308798-3513017,15.0
,,112-3042178-0915457,203.29
,,112-6285676-2705028,18.74
,,111-8163478-0826637,13.99
,,113-8446636-7425836,15.09
,,112-1760074-4463435,70.0
,,112-3030672-1189837,80.74
2022-08-30,,112-7903462-1729838,64.34
,,113-9207032-6662629,5.0
,,111-5867821-9470643,8.0
,,702-3232632-6605832,45.19
,,702-9623393-7976265,36.99
,,113-7340199-4173052,45.85
,,113-4343301-3371453,32.46
,,114-4198637-8034627,21.39
,,114-5678057-9372235,14.62
,,111-8795458-4693863,20.75
,,112-3625922-3852246,12.88
,,113-4824189-3348205,129.59
,,114-1427442-1101056,42.01
,,111-4003261-6261024,20.0
,,702-8784887-4221833,69.99
2022-08-31,,112-5027647-4950632,121.26
,,113-6748399-8491410,100.0
,,112-5081020-8862623,31.79
,,111-6145287-8568264,143.99
,,114-2906501-9769034,27.04
,,113-1611671-7273811,10.0
,,113-6881726-7520211,10.0
,,113-4666399-9699451,13.99
2022-09-01,,111-7233976-5403458,32.09
,,113-6172495-4757836,65.99
,,113-9257726-7976225,82.26
,,701-8535291-5105843,20.0
,,114-2870650-6773848,82.67
,,114-6350467-7278613,163.23
,,111-3529762-2701858,32.43
,,112-1216420-8953860,5.0
,,112-3945002-3431438,10.0
,,114-2903060-7473868,28.87
,,112-4952080-8427442,15.99
,,113-6872196-1902619,30.0
,,113-4151876-4599412,86.86
2022-09-02,,701-7554146-9038663,225.99
,,111-6785552-9827451,32.31
,,112-6056955-4567419,19.96
,,112-3780317-2637036,68.47
,,112-6304528-2149865,113.41
,,112-5581160-7675449,11.19
,,114-2743822-9461058,13.33
,,114-8350033-1450634,45.89
,,112-1752276-5677868,18.31
,,113-8898141-2085038,48.14
2022-09-03,,113-0838448-0300231,19.99
,,112-1385983-4612205,27.81
,,114-7909491-0404245,13.66
,,112-5404978-8026621,49.62
,,114-7491354-3194666,29.13
,,111-9604272-8037035,74.36
,,111-5459609-1015406,21.39
,,114-8657374-4332248,35.99
,,113-8392109-5589868,13.99
,,113-5409414-5952237,13.9
,,111-5316113-4544212,20.0
,,114-2219877-4445817,118.79
,,112-5334124-6183438,10.0
,,113-5459169-7529046,75.31
,,113-8172695-1737029,91.45
,,113-1977509-1773813,15.0
,,111-9221770-7897045,7.41
2022-09-04,,114-5138046-8400214,14.93
,,111-8082916-0977842,60.0
,,113-4656475-8972263,153.99
,,111-1193196-9497856,109.24
,,114-2960183-9480254,50.0
,,114-7197412-3485831,15.0
,,113-0356950-5274664,201.62
2022-09-05,,701-4012719-7871465,126.46
,,114-2013187-1365068,79.99
,,114-2198915-6077042,10.0
,,112-8439616-5913825,51.57
,,112-6606259-4513817,86.36
,,111-6858422-2952211,40.65
,,112-5249357-8670639,21.51
,,114-2835880-3807441,10.0
2022-09-06,,114-1801262-8013006,10.0
,,114-4934824-9637005,300.0
,,113-6631819-7877854,21.94
,,111-0537481-2850601,95.39
,,111-5867204-8629850,13.99
,,111-0574407-4832223,70.16
,,114-3489395-0043408,22.0
,,114-3005351-5896216,30.0
,,114-2152678-1935432,15.0
2022-09-07,,111-6005678-8969869,25.0
,,114-1002044-1682603,26.8
,,111-1793305-7788214,7.71
,,113-0732094-7646603,20.0
,,113-6762917-7529816,17.99
,,111-9952367-7375463,119.06
,,114-6294547-4900243,15.04
,,701-7928203-4411467,52.89
,,111-2533826-3917040,12.0
,,701-0917427-8235460,40.67
2022-09-08,,114-6653219-8745826,58.98
,,702-1551217-9175415,15.0
,,702-4643231-8022645,89.99
,,111-9972856-2792211,109.99
,,111-1674774-1210669,20.0
,,112-5248715-6493801,47.5
,,113-7914589-9188250,18.39
,,114-1109302-3873035,80.0
,,112-7825941-8496200,32.84
,,701-5114772-2641046,16.99
,,114-7980958-7145004,15.0
,,114-4461733-7435414,19.99
,,111-6607129-7773853,149.79
2022-09-09,,702-2195997-2905820,48.15
,,114-6134065-1811430,6.98
,,111-8973698-4360262,125.67
,,112-4846770-9803411,117.28
,,113-5414607-1468255,28.2
,,112-3997930-8607455,29.67
,,111-0781174-8377013,22.27
,,701-9166034-7049048,119.99
2022-09-10,,114-6079701-9919432,50.0
,,114-1389291-0433835,10.0
,,112-6921498-4855439,10.0
,,112-3865228-1099450,27.23
,,111-7554664-4854648,10.0
,,112-8309192-9191401,18.18
,,111-3284777-8429851,27.08
,,111-6983028-8150614,8.0
,,112-0703330-1303466,21.54
,,112-6623335-7220259,65.99
,,112-2786037-5781815,75.99
,,114-1199710-7942652,23.99
,,111-1495602-9368237,49.99
,,113-8593889-0581014,5.0
,,113-3640548-4101055,21.81
2022-09-11,,113-8892829-6197065,60.71
,,113-7455604-3719452,67.82
,,113-0031130-2559433,40.0
,,111-9933019-6692204,65.99
,,114-7984657-3756227,84.99
,,114-9711834-7187458,35.0
,,113-3931149-4828230,11.99
,,112-8133202-0548210,79.99
,,111-5072442-9064212,16.99
2022-09-12,,114-6022523-1286652,40.0
,,114-3480938-1928202,31.69
,,114-1059533-4690655,30.0
,,112-7208317-4021852,20.0
,,114-1019863-0142638,27.19
,,111-8167368-1541062,25.0
,,701-5314427-5078622,50.84
,,112-2189986-2353823,106.24
,,702-9322387-1442628,8.0
,,114-2250352-1365825,141.99
,,114-8198905-7144229,45.35
,,114-4019144-3661053,112.86
2022-09-13,,113-4779993-4204250,13.99
,,702-0890164-5045008,21.84
,,112-3704475-2329008,14.62
,,114-8616542-2253827,50.0
,,113-0987827-0510601,91.79
,,113-9565047-6693839,90.0
,,113-0280123-6324248,35.0
,,111-0141653-3249076,38.82
,,111-0110143-0949813,15.0
,,113-5747315-9597023,32.92
,,112-6152302-6175438,16.53
,,113-3040822-0368259,49.99
,,112-1646452-2368258,50.0
2022-09-14,,113-0366238-8249858,22.99
,,111-9237540-3876211,24.77
,,114-4491345-9775412,29.0
,,112-4717199-0702654,5.97
,,111-0942144-8655421,21.64
,,111-8741589-8711406,49.81
,,114-6193669-4137026,38.49
,,112-4385958-6071439,17.97
,,112-1180394-9522667,45.57
,,111-5162796-4109066,10.99
,,112-9030287-7881850,25.0
,,114-1883329-3589841,11.86
,,113-2770740-4281809,35.0
,,112-9348309-5073826,82.75
,,111-7513040-8007414,26.28
2022-09-15,,111-8765490-9593002,8.8
,,111-0304245-8472226,11.97
,,111-9373343-3850652,105.99
,,113-0304190-8313860,40.0
,,113-0180374-1087440,90.0
,,111-2201727-0892201,70.0
,,112-4964164-1007429,26.31
,,701-3586165-4005050,40.67
,,114-5106834-2378627,60.0
,,112-0249189-5843468,125.0
,,111-8898864-1426660,49.73
,,111-5111590-1949042,32.61
,,112-5867498-7038608,35.0
2022-09-16,,114-1595743-7190628,45.94
,,112-7327520-4488262,6.98
,,111-3164227-8048243,18.18
,,113-8322944-2088215,130.64
,,112-2394883-7872254,160.49
,,114-8658193-4069853,30.0
,,112-3049952-0962629,16.66
,,112-8057794-4081847,130.79
2022-09-17,,114-4626638-7694618,30.0
,,111-6126248-2801066,118.31
,,112-9997531-2281044,6.98
,,112-5300346-9176260,15.42
,,111-1510618-1935413,129.59
,,114-8418743-1075456,11.0
,,113-9090363-2589846,25.0
,,111-1300649-3000247,42.79
,,111-7321847-0940231,28.99
2022-09-18,,701-2361568-0966617,76.33
,,112-7094542-8453857,12.9
,,112-9458071-4269868,11.63
,,113-3115478-1014612,13.9
2022-09-19,,112-4289741-1100256,16.95
,,113-6125053-0513855,25.0
,,111-4247478-2507413,129.86
,,112-0827172-7321047,116.59
,,112-5581712-7251423,79.99
,,112-2412984-3865017,22.51
,,113-0745791-6332229,10.0
2022-09-20,,111-8848837-5966664,18.91
,,111-9989789-3721017,74.19
,,113-6000057-4534604,79.99
,,112-2039457-3333027,13.46
,,111-8769402-3921823,15.0
2022-09-21,,701-4796843-8479449,28.95
,,701-0246443-1317044,79.99
,,113-1374779-6319460,119.75
,,113-7787624-8641869,15.0
,,111-3763811-3842661,85.59
,,113-6483101-6071433,45.98
,,111-1801696-1345835,17.31
,,114-9790618-9133001,49.93
2022-09-22,,112-2571879-3773847,30.0
,,111-0050483-2768269,32.99
,,111-5093999-6577029,102.59
,,113-8909204-6378640,7.0
,,113-1923818-7617805,40.65
,,111-6876685-5081831,18.24
,,113-1454953-4276213,11.99
,,111-5123688-3050658,50.0
,,113-2458065-0339409,130.01
,,111-6620033-0173814,60.0
,,113-7272908-6076226,35.71
,,111-5343273-4863421,84.79
,,112-6835167-6369015,367.99
,,114-7944768-0092243,15.0
,,114-6802147-1061800,11.99
,,111-7661401-8819409,38.62
2022-09-23,,702-8503470-4861057,75.0
,,114-1511283-4547450,29.15
,,113-7017795-0597024,54.42
,,113-4650187-9650649,12.08
,,112-0769517-1808222,106.99
,,111-2257672-3723456,106.99
,,112-2592304-5061819,17.2
,,113-7327191-2329805,41.03
,,111-2647537-1185817,48.75
,,111-8470160-3547426,15.0
,,111-9206581-5253024,25.0
,,112-8922747-1263447,15.0
,,113-3720279-2336212,10.79
,,113-7055768-8580207,65.99
2022-09-24,,112-7169687-7383449,107.05
,,111-5069644-9140233,142.45
,,111-7936516-3340200,46.0
,,111-6310590-2652259,21.64
,,114-7867915-4209043,31.79
,,114-1224023-5162613,6.98
2022-09-25,,111-9027189-1769827,25.0
,,114-2053313-0531466,13.99
,,114-7171084-4227450,168.16
,,702-9787430-5130651,138.74
,,702-5189670-3077053,221.47
,,112-8963577-5409065,50.0
,,112-7509209-4784243,27.71
,,114-9424057-3725041,118.24
,,113-7761809-2536238,73.52
,,111-1215054-2531452,13.04
2022-09-26,,113-8674557-9977034,39.96
,,111-1661443-5469055,15.14
,,113-0376973-0014644,10.0
,,113-3538625-9699463,116.33
,,111-5325027-3810623,10.0
,,114-4111769-3045828,18.01
,,114-2503567-4773860,20.0
,,112-3005975-3317049,8.99
,,111-1434321-4214611,85.0
,,112-2298049-9333040,15.0
,,111-1044534-5128247,106.99
,,701-5280239-4139407,46.32
2022-09-27,,113-5628481-1901802,100.0
,,112-9429475-0510605,55.96
,,113-7584848-2784234,10.68
,,114-9970048-6389816,113.65
,,111-2036801-8249068,48.99
,,111-8140998-2068233,43.44
,,113-1367505-2570666,22.98
,,111-6267758-3019413,25.97
,,114-3840448-1666613,112.61
,,111-8894548-5233062,77.26
,,701-1565728-6396235,145.76
2022-09-28,,112-3580262-3763417,39.37
,,113-3333908-0692226,25.0
,,702-4606590-5515423,40.0
,,112-0983757-4377054,30.95
,,113-9175521-8295445,10.0
2022-09-29,,114-8365685-7837859,107.24
,,701-9035750-0032213,40.67
,,113-2415208-6401867,17.03
,,114-0414902-2839458,129.89
,,113-8394696-5443438,10.0
,,112-6379574-8430618,19.99
,,111-2282728-6922667,25.0
,,113-8821885-8258602,34.71
,,113-2172698-2496247,22.67
2022-09-30,,114-4852170-0197848,75.45
,,113-8699137-8762667,29.62
,,702-7595280-9752265,16.99
,,112-8975546-6287406,34.29
,,112-7233036-5965868,38.42
,,111-0164657-3444246,6.98
,,114-7607151-4761858,20.0
,,111-5914929-6861032,274.36
,,112-5220886-1525028,60.0
,,114-3991843-6437868,30.0
2022-10-01,,113-6283893-8282655,65.99
,,113-4118943-4105057,10.12
,,114-6635373-6794604,89.99
,,114-2695107-6399418,119.06
,,112-6530738-0612203,6.98
,,701-6978382-4416228,178.49
,,113-0452716-6135452,18.54
,,112-9204097-5669849,10.0
2022-10-02,,114-9562959-2485848,5.0
,,111-4538114-9703423,67.83
,,113-7005012-5377865,122.77
,,111-9133686-3489845,20.0
,,113-9456133-4993854,10.0
,,701-0176632-7138638,33.89
,,114-4091926-1336224,65.0
2022-10-03,,113-7727813-6281858,20.0
,,114-4958553-5483444,66.84
,,111-0862827-0683431,15.0
2022-10-04,,112-4392143-1049047,16.5
,,112-3551568-7677023,122.31
,,114-2362865-2357827,38.63
,,113-5710415-7998661,71.99
,,113-9475490-7800227,25.0
,,111-5667015-8251411,16.23
,,112-5161661-5213028,24.06
,,114-4304216-7472235,108.09
,,114-9730090-6580205,251.09
,,114-2325434-7712210,55.99
,,114-6880934-4370627,25.0
,,114-9212923-5129042,15.0
,,114-1895211-6414601,32.58
,,111-8650831-1279403,15.21
,,113-7181549-5109807,21.51
2022-10-05,,112-5871043-2281000,80.55
,,111-9903428-3459448,31.2
,,113-8280770-8209053,104.99
,,111-3836266-3870609,37.99
,,113-8551962-0038615,26.15
,,113-6954715-2516217,100.0
,,701-2049666-9311453,25.0
,,114-9562959-2485848,6.4
,,113-7023379-0401813,46.0
,,113-6636206-5794667,16.95
2022-10-06,,112-0009196-7496269,25.0
,,111-0515346-6853046,10.0
,,112-5970427-2652209,5.0
,,111-6146730-7309840,101.59
,,111-9398231-2783404,5.0
,,111-5119908-4830605,79.99
,,113-5626830-7642665,11.3
,,112-8713531-4486651,37.21
,,111-4288964-2204252,21.19
,,113-4765414-6613069,6.4
,,702-5271181-6299419,188.99
2022-10-07,,111-2318685-1021046,25.0
,,114-4191755-6846620,46.54
,,113-0205342-9374670,32.48
,,112-3975701-1298661,5.0
,,701-6619737-8574637,5.0
,,113-5699834-5625025,46.54
,,702-7844493-3083469,124.29
,,111-4378054-0917065,135.99
,,114-5901666-3681066,80.0
,,113-5772963-1648259,20.89
,,112-6116260-7484231,109.99
2022-10-08,,111-8713008-2181806,22.25
,,112-8546976-2884210,10.0
,,114-0872882-4131424,329.26
2022-10-09,,111-5656108-7722650,10.0
,,113-5466188-1729026,29.13
2022-10-10,,702-7192946-4203448,139.99
,,701-8511846-5787464,41.2
,,113-8746256-1105823,42.99
,,701-0172903-7306616,70.0
,,112-3973621-0849831,5.0
,,112-2685730-8372255,18.28
,,111-1964970-9662659,139.74
,,113-2862310-1806663,30.0
2022-10-11,,111-0847199-3105031,17.0
,,112-1098846-2563402,29.98
,,114-4334126-2361806,26.86
,,111-6795240-1553857,32.31
,,113-0858638-3573853,18.01
,,112-1305199-5978612,47.07
,,702-2250816-1020246,229.94
,,113-6881786-1013049,30.2
2022-10-12,,111-6591310-9873821,92.59
,,111-1553319-4253868,30.0
,,111-2924059-5770638,69.99
,,111-7300744-1897850,14.97
,,112-1375953-0950644,40.0
,,701-6497812-6249825,27.0
,,701-7456630-5924252,12.0
2022-10-13,,111-9656441-6290611,54.0
,,114-4479798-0953813,23.02
,,114-5532411-3421824,18.99
,,113-4965663-1150669,128.36
,,114-0002767-5369030,45.42
,,113-0767432-8276224,25.0
,,113-7548054-9174622,46.11
,,111-8976569-7440201,20.0
2022-10-14,,111-6446659-9878646,25.0
,,112-7687578-6078637,80.0
,,114-3096653-4193849,200.0
,,114-4701362-4449817,134.99
,,111-9680642-5680219,19.99
,,701-3962523-4177849,75.03
,,113-1343882-8886636,41.0
,,702-7905306-3590652,356.41
,,111-7291022-7217016,7.6
2022-10-15,,112-2348785-0027412,35.0
,,113-3093457-6934663,79.99
,,111-1315213-6684218,60.0
,,702-5241894-0030622,143.71
,,111-3091613-7180207,12.28
,,112-0521365-9494634,118.79
,,114-5005675-4730620,42.0
,,112-2038115-7427418,8.0
,,111-1773620-2216215,6.98
2022-10-16,,114-9144161-7886605,5.0
,,114-7078955-7708265,256.79
,,112-9561017-8150619,20.0
,,114-0756124-1797833,10.0
,,113-8947517-0564248,7.2
,,701-7477093-5975405,110.0
2022-10-17,,702-8196039-9525817,80.0
,,113-6820629-4930637,10.0
,,114-2761953-4628216,31.58
,,113-1254596-7373814,20.0
,,113-8771714-0437066,40.0
,,113-4846653-9993815,69.99
,,114-8264074-0365819,14.8
,,111-3171338-4077065,10.0
2022-10-18,,701-1822328-8179413,271.19
,,701-4367504-0109806,62.71
,,111-6802072-1017806,119.06
,,113-4468999-5401832,30.0
,,113-2267890-1429865,77.33
,,114-4759008-6511424,16.99
,,113-3212965-4997866,17.99
,,112-5594994-4783424,455.79
,,112-7510490-6003445,20.0
2022-10-19,,113-2209789-8195413,140.05
,,113-1654411-1755443,30.0
,,111-6869597-7424243,35.0
,,112-7432709-2571463,70.73
,,114-5963513-2962633,23.84
,,111-4056107-3070608,108.74
,,701-8069059-2755447,114.96
2022-10-20,,701-1897916-7533838,110.0
,,113-8973001-8141023,18.18
,,111-6512611-8438612,50.0
,,112-5166855-8065848,127.19
,,114-8179961-5076224,35.0
,,112-7480246-8768254,17.23
,,114-5844109-4604210,42.99
,,113-5965871-2501827,50.0
,,113-4462006-0569827,97.87
,,111-1941424-3904265,6.5
,,113-2443661-1713815,50.0
2022-10-21,,111-2541314-4940227,105.49
,,112-0798913-9634668,79.99
,,701-9953957-9612211,94.49
,,113-7452511-1467410,30.0
,,114-0130003-4760260,39.1
,,112-0039878-6178657,54.18
,,112-1162986-0709825,33.91
,,112-1304765-2180203,48.91
,,112-2562707-8904231,80.0
,,113-7386856-8101868,70.0
,,112-2939760-4165015,12.68
,,111-8644312-3669826,148.23
,,112-8843931-8510667,135.99
,,112-3062597-7507466,340.21
,,112-5281293-1686659,5.0
,,111-6892616-2685869,9.99
,,111-8094464-2909867,30.81
2022-10-22,,113-2229742-0027455,19.99
,,702-1195766-3959403,225.99
,,114-7393762-1413065,42.9
,,111-5351779-6769067,27.81
,,112-6664206-1696204,12.71
,,111-4394401-9981051,41.12
,,112-3913547-7709016,253.19
,,113-6242413-0918616,251.26
,,114-1266276-1969812,40.0
,,112-2152469-6945065,30.0
,,111-7538409-3285047,99.99
,,702-5987116-8095406,23.08
,,112-0197069-3636266,21.83
,,111-8408597-0354661,9.94
,,114-4577305-2301801,20.39
,,114-5699995-2283410,85.59
,,113-4645331-7995436,90.94
,,113-0826220-4651412,79.99
,,111-9193832-1664220,10.0
2022-10-23,,702-0859531-0855423,30.0
,,112-7206108-8776227,20.05
,,114-0136516-1377869,70.0
,,114-4311398-3461843,11.65
,,113-2401072-4048219,93.08
,,113-7243949-8249019,19.99
2022-10-24,,113-0658258-9486638,28.04
,,111-7961476-9837837,60.0
,,114-5697624-1713858,23.91
,,112-1178772-3700225,15.0
,,114-1982413-5562621,160.0
,,111-9425476-1672219,109.99
,,114-5718055-4933013,15.83
,,112-2424672-8961815,7.0
,,114-6193710-3691409,10.0
,,111-4468582-5897822,25.0
,,111-6607183-3517821,36.99
,,111-1106653-4218658,37.63
,,114-3965046-0913065,22.78
,,111-9908841-3879452,30.0
2022-10-25,,112-0997428-5296269,19.86
,,701-2538453-5405852,33.33
,,114-5609488-9489010,10.0
,,112-8720925-1564213,13.99
,,114-5209806-4102625,31.79
,,113-9112512-1085864,30.0
,,112-7817333-4597824,31.79
,,114-2920558-0184263,28.46
,,111-9166136-6183419,51.34
,,114-9996750-9783405,29.7
2022-10-26,,114-9227940-0600227,15.0
,,112-4533053-3904216,40.27
,,114-2991297-6164259,13.99
,,702-2608184-6853028,26.87
,,112-7864302-7236238,27.05
,,111-8113151-8055448,31.79
2022-10-27,,114-4475717-8915413,30.0
,,113-4815108-5034629,128.39
,,112-9004482-0492224,5.0
,,114-0639810-4834661,25.0
,,113-3672393-2190641,84.99
,,113-0031376-7892204,35.0
,,113-6183906-4577029,30.0
2022-10-28,,112-4709894-8509005,50.0
,,702-3779388-9408235,10.0
,,112-5808641-2930659,16.3
,,113-9155279-7682630,23.84
,,111-1681298-3576213,21.39
,,111-4285868-8353007,60.0
2022-10-29,,111-6196517-5992217,179.43
,,701-2851190-5253822,217.06
,,702-6435271-7881828,169.49
,,111-5464264-9614611,44.61
,,114-5565212-4657807,40.0
,,114-8425142-6161021,32.87
,,111-8090180-8256249,60.5
,,114-0990381-9841006,14.83
,,114-4543162-0247421,20.0
,,701-7572437-5281867,29.99
2022-10-30,,114-2638692-6724254,90.3
,,111-2908469-6557841,50.0
,,114-0359515-4865006,20.39
,,114-8147900-0522660,45.57
,,113-3359505-6206646,65.99
,,113-5032603-1732267,30.0
,,114-2049567-6813833,33.16
,,114-2671482-2271401,42.99
2022-10-31,,113-8110195-3671459,52.08
,,114-4535496-3105853,13.46
,,114-4579878-3130629,118.05
,,111-8764340-9893054,18.07
,,114-2586464-6183412,50.0
,,112-1702553-1077007,13.99
,,112-1771117-5377055,21.39
,,112-5948976-9697003,16.99
2022-11-01,,112-7404131-0691461,28.76
,,113-0527710-6318648,35.0
,,113-9705401-6290619,21.91
,,112-2021334-2702621,49.44
,,112-6316729-5265845,147.55
,,111-1336272-2091404,27.21
2022-11-02,,113-6989462-2557045,38.01
,,112-8052422-6646655,79.99
,,112-2647006-9441024,23.21
,,112-3296855-8692251,35.0
,,111-8309477-1512249,40.0
,,113-3454853-7567453,35.0
,,111-4376463-1277053,25.0
,,112-3665879-3334654,25.0
,,112-8507237-7897031,21.44
,,114-7716372-7037065,32.09
,,113-3797021-5685825,20.01
,,114-5910492-5310624,87.58
,,111-4924884-0551455,71.17
,,701-7312433-0277003,35.99
,,701-3541901-9051442,28.79
,,701-5184482-5366628,40.79
,,702-3271531-4925832,69.99
,,702-1698374-4273853,69.99
2022-11-03,,114-4724548-4652218,163.32
,,113-1682479-7153854,119.99
,,114-0611978-0616249,45.57
,,114-7744945-2717838,50.0
,,113-0551438-4265064,10.0
,,112-9665531-1565050,25.0
,,111-1011052-6146647,119.06
,,702-9910020-3865801,41.8
,,114-9604563-6836204,20.0
,,112-0024199-8322609,100.54
2022-11-04,,113-7637857-9528256,38.68
,,111-7626416-1472224,240.0
,,111-8812035-9774636,45.89
,,113-5444814-5702611,150.0
,,111-5307684-8108241,27.29
2022-11-05,,112-7402339-6164232,20.0
,,114-0354307-1928265,19.99
,,112-4662799-7554668,34.07
,,113-2086735-5283412,5.0
,,111-9260540-9821056,173.19
,,702-6780612-5838607,158.19
,,114-4554272-1622650,65.0
,,113-7127121-3847420,86.85
,,113-2051121-2390623,89.49
,,701-3721071-4277819,30.23
,,701-1195808-6781869,100.0
,,111-4385127-9698636,53.49
,,111-2855695-5055435,19.99
,,111-2541700-1957808,41.83
2022-11-06,,111-5074540-3697001,5.99
,,112-3504982-2610629,27.05
,,111-4772540-2034650,99.99
,,111-9556102-0813056,32.84
2022-11-07,,111-3741498-9652256,22.38
,,113-7755859-2170631,25.69
,,701-0704919-3577868,50.0
,,113-6306284-2781852,69.99
2022-11-08,,113-8980022-1345846,11.8
,,702-0586322-9673050,30.0
,,113-6922360-5321046,13.35
,,112-0793044-5953006,50.0
,,113-6846329-9191428,40.93
,,114-0639960-3378610,92.43
,,112-4571725-4516241,109.94
,,113-5920240-1825851,28.59
2022-11-09,,113-3194089-0719447,7.55
,,113-7269335-9557006,169.84
,,112-3908832-0841032,117.41
,,112-2251265-9653062,13.99
,,112-9447604-1237040,13.99
,,114-5046009-2645844,111.82
,,111-1388700-2380237,15.0
,,114-0483383-6479462,25.0
,,111-2187334-0784234,18.89
,,114-0947287-3322622,10.0
,,111-0626324-9027402,138.11
2022-11-10,,112-8192612-5246648,34.01
,,113-0989067-2269010,15.11
,,114-3306737-6308226,27.81
,,112-4834612-1481046,30.0
,,113-8272983-8585056,15.0
,,113-4050436-6729016,30.0
,,113-5049604-7709834,65.99
,,112-5889484-4621836,40.0
,,701-8300716-6133064,50.0
2022-11-11,,112-0015865-6368200,118.79
,,112-9506113-3909868,19.63
,,111-4966782-6854607,13.99
,,111-2792278-8121043,24.55
,,112-3009993-0801838,41.49
,,113-9737477-3715451,16.17
,,113-0316670-0785832,31.79
2022-11-12,,111-2643976-1569867,60.0
,,701-5144555-7354618,21.84
,,702-9599605-9236209,146.89
,,113-9061617-5173801,20.34
,,112-8982182-0468204,10.0
,,111-0873713-0725850,25.0
,,114-7492507-7012203,26.12
,,111-3671437-8201064,84.79
,,111-8847644-1875421,83.34
,,113-6458269-0425047,19.99
2022-11-13,,114-3816021-3141866,10.0
,,113-2105379-7210631,174.39
,,112-6036291-7385041,28.5
2022-11-14,,114-7023743-1091450,42.36
,,701-4291725-7143459,150.0
,,114-6139059-4967460,358.01
,,114-3221099-3081028,109.99
,,113-5525465-8653861,109.99
,,113-9996095-5873000,15.0
,,114-5874621-5237802,117.69
,,112-1421384-9898638,38.1
,,111-5836121-3566648,13.99
2022-11-15,,701-3721071-4277819,33.59
,,112-3349099-1237038,19.25
,,702-6098376-3978637,214.69
,,112-2651959-6521802,30.56
,,111-4783711-7944258,60.0
,,113-4702686-8077862,47.07
,,702-2564492-8774643,39.99
,,112-0379291-8637811,26.45
2022-11-16,,113-9010435-5492216,5.0
,,702-6855970-0239458,124.99
,,113-1462917-8729812,40.0
,,113-6809200-1074662,21.26
,,111-7566645-6641015,33.21
,,111-5900275-2417861,26.06
,,111-6916837-1306601,127.16
2022-11-17,,111-0425659-3153838,15.0
,,111-0035175-8937874,69.99
,,702-5707212-6973808,30.0
,,114-6724393-5352213,108.24
,,114-6934423-9943458,10.0
,,113-5722117-0589859,40.09
,,112-8229426-2905022,35.0
,,111-7174287-8793816,24.72
,,114-8432460-8128202,311.26
2022-11-18,,111-5599004-0932221,46.0
,,112-5209213-0332234,11.7
,,111-0139389-8473011,36.03
,,113-8582129-8673002,251.84
,,113-0716518-9961861,14.86
,,114-2695036-4581800,125.55
,,111-7902429-4577069,91.15
2022-11-19,,112-8885747-3497800,19.59
,,114-9998877-9822641,50.0
,,112-8235733-0207408,430.99
,,113-8836135-5141053,26.74
,,112-4909156-0064263,100.0
,,701-4122249-2065031,126.49
,,113-4653767-3365013,13.99
2022-11-20,,111-4162317-4289057,402.79
,,113-2704110-0693812,110.97
,,114-2690268-5717020,86.46
,,111-0316834-5340268,30.0
,,701-7119408-0889859,10.0
,,111-9785533-0403413,42.99
,,701-8175099-9325818,21.46
,,111-6130198-494501,22.46
2022-11-21,,111-6635095-6512257,97.74
,,114-3210934-1753867,16.15
,,114-8842336-1373060,25.0
,,113-3236490-6624202,27.5
,,111-8720624-6779406,5.0
2022-11-22,,114-0356693-3516229,32.09
,,111-3404026-6518605,19.99
,,114-4432783-8784219,19.99
,,111-0190444-4856222,10.0
,,113-3686472-9241051,8.25
2022-11-23,,111-8723829-8009825,199.99
,,111-3914008-2676247,5.99
,,112-8642595-0999454,19.99
,,111-6206314-3238614,19.99
,,111-3864121-9750667,19.84
,,111-5564688-1439460,15.0
2022-11-24,,113-0377363-5901031,119.99
,,113-1891133-0793030,4.2
2022-11-25,,701-8029282-0669801,49.44
,,114-8709446-6392223,30.0
,,113-5962040-7662652,45.93
,,112-5254378-0231408,33.39
,,111-0811192-1764213,6.69
,,111-0863590-0865859,47.4
2022-11-26,,112-9092587-9660257,10.0
,,111-3706985-5985814,10.0
,,113-1766346-7806626,25.99
,,112-1567740-2017830,80.54
,,114-8648481-4309866,14.01
,,701-3938418-2289820,50.0
,,111-7626256-1824244,28.17
,,112-6354577-4354652,27.55
,,111-8076005-5765067,20.0
,,111-6257871-5462628,121.26
,,114-4525491-6222644,64.93
2022-11-27,,701-9797700-2395433,19.03
,,114-7343839-7474645,40.0
,,114-3116265-8420204,40.0
,,114-2324805-0873064,25.0
,,113-0764571-4488209,67.99
2022-11-28,,114-2851714-3232216,50.0
,,112-4514388-4907462,70.0
,,112-0999951-3428267,17.55
,,111-1687271-6212230,30.0
,,113-2700873-0333833,19.99
,,113-6661968-0305819,14.93
,,701-0709184-0039423,19.54
,,702-7951655-4041852,13.0
2022-11-29,,112-6901715-6148232,25.99
,,114-3308876-1236248,20.08
,,112-5348704-7897864,26.49
,,701-8985351-1760207,65.0
,,113-2819459-7885847,127.61
,,112-5887331-7863425,14.97
,,111-0658273-6043405,100.0
,,112-1797519-5251433,63.06
,,111-3620287-0714630,30.98
2022-11-30,,114-9185621-0674636,43.18
,,112-5419498-7922632,32.65
,,701-5299728-1552218,30.0
,,113-4594231-0825000,50.0
,,113-2612748-2125044,118.79
2022-12-01,,112-0627998-8600257,10.0
,,111-4865547-9582656,70.61
,,113-5504353-2951434,11.86
,,112-1185542-2772230,128.39
,,112-8409941-8111454,8.97
,,112-8574927-4900241,69.92
,,112-6644946-9744235,95.0
,,113-5283690-0886625,19.38
,,113-6809215-0177835,22.41
,,111-4799997-0729859,76.99
2022-12-02,,112-1674121-8151460,30.0
,,702-8548371-7017036,41.99
,,114-6928631-5653050,17.99
2022-12-03,,111-3350260-7971458,20.05
,,112-5890574-8263437,22.02
,,111-2904481-3468222,30.99
,,111-3596194-2685818,55.45
,,701-4796577-4835450,16.99
,,113-4930579-9965840,18.99
,,702-8556792-1921860,35.0
2022-12-04,,111-5412128-0595469,5.0
,,114-7127638-5554623,194.39
,,111-1431909-9964237,109.99
,,112-3714844-6388259,19.15
2022-12-05,,701-5029084-8280218,89.99
,,114-2792582-5402610,78.69
,,111-9866229-0708216,15.0
,,113-7286989-3196217,26.61
,,113-8788766-9017047,100.0
,,112-7123850-0537043,69.99
2022-12-06,,701-3825195-3400224,99.99
,,113-6060236-0914643,30.0
,,112-2029832-9456254,20.0
,,114-8666005-7014613,153.99
,,114-2716639-6144234,13.77
,,111-8676886-3677810,15.0
2022-12-07,,111-4669152-8313042,20.0
,,112-5529775-3018610,19.07
,,701-9863313-5998627,29.39
,,111-2370731-3565029,18.61
2022-12-08,,114-3303763-1745822,69.99
,,111-4617964-6098600,17.99
,,111-7396593-1229012,30.0
,,114-6412389-4393028,40.0
,,114-8450750-0934619,114.28
,,113-3170117-4776225,243.79
,,111-6570812-9093827,21.49
,,112-8587499-1884239,31.64
,,111-0493933-2469029,22.54
,,701-6568932-8969815,20.99
,,112-7521650-0896246,41.39
2022-12-09,,701-1217244-7718653,47.47
,,111-7536475-4733054,21.38
,,114-3349485-6369868,16.2
,,114-7579925-0341048,209.91
,,114-4508773-3067423,19.99
,,113-2052656-9125854,139.11
,,111-4112161-6996210,40.93
,,701-7885487-7105856,60.0
2022-12-10,,111-9857152-0961819,42.39
,,111-3908106-5221854,15.0
,,113-4016839-4220240,19.99
2022-12-11,,113-0688118-2111421,100.0
,,113-3250391 2023439,30.0
,,111-3782397-4386663,11.01
,,114-6405741-6088230,192.18
,,113-0549465-1572242,40.46
,,701-6596334-5603469,135.59
2022-12-12,,701-4848144-4581010,51.05
,,111-9015966-5462662,31.22
,,702-1455889-3715421,135.19
,,701-8654221-4377839,36.15
,,111-1746208-1216233,30.0
,,111-1867688-4047413,48.91
,,111-7658568-7762642,13.77
2022-12-13,,112-6690150-7241800,5.0
,,112-9304814-5996253,30.26
,,114-1734943-6751409,69.99
,,113-0344753-5299460,80.0
,,111-9450127-9037811,20.32
2022-12-14,,111-8694098-6818631,13.99
,,111-6653943-2657823,15.0
,,111-1424895-0847443,8.0
,,111-9932739-2922627,30.19
,,112-3864491-6109867,26.74
,,111-3209993-1205059,75.0
,,113-8001361-7496207,70.72
2022-12-15,,111-5964749-5006607,45.0
,,114-5507078-8173065,69.99
,,114-4977166-0008227,25.97
,,114-6688510-2269850,40.0
,,111-7496095-9659419,6.0
2022-12-16,,114-2477032-8859401,12.09
,,112-0885189-4935402,15.0
,,702-0662459-1102639,18.99
,,114-5671504-2332226,289.84
,,702-3385668-0386601,78.74
,,112-9025111-9669831,84.79
,,111-7382647-7760204,95.39
,,701-5780118-0820251,50.0
,,111-1955118-1699429,42.57
2022-12-17,,111-6951245-9268243,50.0
,,114-3724740-1528232,82.73
,,112-2992760-2887407,26.99
,,111-4042980-3025804,21.5
,,114-2407393-3685068,25.0
2022-12-18,,113-2948627-8699443,89.99
,,114-6792149-1757018,30.44
,,114-8769363-6655431,40.0
,,112-0709536-8669864,90.09
,,112-5480044-2895415,25.02
,,113-2608292-2463451,132.11
2022-12-19,,111-9325644-5823463,84.79
,,702-8311782-1355401,149.49
,,111-8930720-5749042,23.47
,,702-9044782-9547420,39.54
,,702-8024967-3387412,15.0
,,113-2903944-1597015,59.99
,,114-6525966-3739404,116.59
2022-12-20,,114-7358054-4868235,17.99
,,112-2740445-8813818,69.99
,,113-6983333-8933838,125.14
,,701-0273454-3396266,35.99
,,112-3136372-0616229,20.04
,,114-1735870-1187417,65.0
,,111-2040849-9119408,130.46
2022-12-21,,112-5017385-3105847,10.0
,,112-3023035-9989053,69.99
,,113-1722521-6521865,116.36
,,112-4838574-7586655,13.99
,,112-8986843-5382661,21.09
,,702-7190750-0090625,18.88
,,114-9844299-8463433,5.0
,,114-6342053-1149817,15.0
,,111-2150679-1597824,63.74
,,111-0631959-6883434,34.23
,,113-5962746-5680220,41.03
,,111-2657931-3802605,36.88
2022-12-22,,112-4846258-4019428,69.99
,,112-1524258-5810607,5.0
,,112-0948014-8458635,118.34
,,114-0058661-8866661,28.2
2022-12-24,,111-9511489-9827462,98.04
,,112-7991290-9289061,19.99
,,112-1529147-8573020,46.0
2022-12-25,,701-0853632-7096233,5.0
,,114-8011785-1563455,35.0
,,111-6241478-4293037,17.67
,,113-2250975-9600237,19.99
,,112-7855008-9209855,43.95
2022-12-26,,112-0636068-2843406,34.8
,,113-3142947-5853819,85.0
2022-12-27,,112-4890903-9136229,45.0
2022-12-28,,113-3176863-3360252,25.0
,,112-8595176-7821866,66.22
,,114-6532873-8337038,25.0
,,111-3645642-1699418,15.0
2022-12-29,,111-7888190-7941856,5.59
,,113-1204445-2217065,91.87
,,112-5906146-5797861,12.99
,,114-1939436-7386642,374.0
,,114-1073964-1961017,500.0
,,111-0428958-4632233,99.99
2022-12-30,,702-8170093-1373844,10.0
,,113-1002568-2243451,69.99
,,114-0134672-3925846,30.86
,,113-4289982-2169816,86.8
2022-12-31,,112-4429630-9949002,10.0
,,114-0403933-2504230,60.0
,,112-0203623-3758615,15.14
,,114-0307726-3796262,15.14
,,111-2705215-8590639,200.0
,,112-0076674-3212261,630.39
,,114-4530855-4215415,29.22
2023-01-01,,114-8846692-3017857,25.0
,,111-0496073-5066621,5.0
,,113-7184083-1841054,50.0
2023-01-02,,111-8644842-9047456,39.39
,,111-3945532-7966600,17.4
,,113-6778151-1084231,30.0
,,112-8589508-2528213,5.0
,,112-5560595-1126629,42.99
,,112-2445473-6632222,25.42
2023-01-03,,114-2306985-8102609,75.0
,,111-4457345-0553851,25.0
,,112-7960107-6841840,5.0
2023-01-04,,114-4354911-2925811,102.83
,,113-6441703-8541058,130.0
,,112-2732289-4941838,50.0
,,113-2579321-7693007,15.0
,,114-5839582-9889020,15.0
,,111-7356060-8107404,26.7
2023-01-05,,113-4692136-6814641,18.32
,,114-7558351-3797868,60.0
,,112-1323442-3320255,52.99
,,114-3190971-4570640,128.69
,,112-3997791-0637042,179.99
2023-01-06,,113-1563757-8630641,60.61
,,112-6705883-5145866,5.0
,,114-4147860-9448207,10.0
,,701-7354363-6227468,148.31
,,702-1324326-8121820,305.09
,,113-9292397-7562622,22.07
,,114-4422287-5301031,131.69
,,112-7345100-1189853,13.88
2023-01-07,,113-7722554-5225064,12.99
,,112-3863781-2135436,15.0
,,112-0080005-5484247,92.19
,,112-1220493-3186636,16.04
,,113-8670908-1104256,30.0
,,701-0337399-7595443,141.24
2023-01-08,,114-7909581-0096264,108.24
,,112-4491473-8910660,55.1
,,111-6335465-1542636,10.0
2023-01-09,,112-5493353-5850623,22.03
,,114-7538515-5318627,27.55
2023-01-10,,114-4295772-5480257,19.99
,,114-2822109-1761805,19.99
,,111-7039769-5850660,35.0
,,114-6175623-8924269,17.99
,,112-8910474-9536205,54.55
,,111-2818774-8009059,10.0
2023-01-11,,112-9219497-1871453,43.29
,,702-9839573-6129831,101.69
,,113-9809481-3501063,25.0
,,701-5313287-1977053,33.89
,,111-7762738-9262628,15.0
,,112-0280260-9880218,22.99
,,114-9207594-9413811,20.0
,,702-8371006-5560207,44.79
2023-01-12,,702-7595142-5715463,48.28
,,111-1514193-4069850,25.0
,,114-0238170-3551462,45.0
,,111-3522285-6525043,10.0
,,111-0175523-1266617,19.99
,,701-4630942-8772226,35.0
,,113-9421261-5941824,326.17
,,702-7624123-3686657,16.99
2023-01-13,,111-1438987-5027412,15.99
,,111-3302717-6118635,29.29
,,111-5898839-0016204,109.99
,,113-5747822-2482664,21.71
,,111-9876810-6238663,8.0
,,113-6812939-5117815,70.25
,,702-6916343-2631406,35.86
,,701-0020591-8059428,50.0
,,111-8502027-4444233,25.61
2023-01-14,,112-9143772-8813030,50.0
,,111-5539115-6963403,18.26
,,111-9770168-6152263,89.99
,,114-5547557-8938624,60.0
,,112-8401587-3394632,191.91
,,113-8214181-8609857,30.0
,,702-8338818-7889038,45.0
2023-01-15,,111-6119088-4850643,50.0
,,114-9738384-2067464,94.16
,,114-4801211-1370665,35.0
,,112-5635680-6043426,145.42
,,114-6644564-5133022,75.0
,,111-3513399-0199452,70.0
,,114-7517520-9348212,14.7
2023-01-16,,114-4114201-4352208,98.99
,,112-8270141-7216235,69.99
,,112-9811174-0438633,59.07
,,112-0722977-4318650,73.17
,,111-4134371-7706607,60.0
,,113-7716926-5023458,29.94
,,112-3500370-0569808,75.0
,,111-4352787-6892244,32.39
,,114-8943822-7308217,16.4
,,114-4081193-7132247,8.0
2023-01-17,,114-7624668-3949860,14.22
,,112-3348176-6195432,13.99
,,114-7062465-5417835,133.55
,,113-2959205-2835404,15.0
,,113-8144806-6390666,20.0
,,111-8834210-8988226,53.98
2023-01-18,,111-0669234-4491437,5.0
,,702-4129562-5646629,124.29
,,111-4493656-9029802,75.0
,,111-5116859-1072240,19.83
,,702-0278499-3882607,12.99
,,113-6146221-8025057,5.0
2023-01-19,,701-8000754-0967430,173.0
,,111-5664131-8998608,24.37
,,112-1083541-0053036,159.74
,,114-4095309-6873021,35.18
,,114-0166295-9091454,100.0
,,114-7436894-4737824,10.11
2023-01-20,,112-6516131-5703455,40.0
,,113-6994172-6009016,23.53
,,113-8508159-6375430,25.0
,,111-3713654-9990650,50.0
,,113-2499183-6166633,160.49
,,111-2716519-6960267,10.0
,,113-9821607-9827458,25.0
,,114-6821797-1921803,24.6
,,111-0170955-0332248,8.0
,,114-3616376-1588236,91.58
,,114-5478101-5720221,15.0
2023-01-21,,113-4421062-0216203,5.0
,,702-4982245-1863456,75.87
,,701-8504442-0494633,194.3
,,112-4793571-9265801,13.99
,,111-2704060-1177858,135.99
,,113-7227630-8627457,7.67
,,702-0140039-7445000,20.0
,,111-0866723-4545816,284.3
,,112-4123642-4724247,28.05
,,702-4601819-6481840,60.0
2023-01-22,,114-8970703-7345862,72.74
,,114-0794854-9859439,109.99
,,113-2886568-3377847,25.05
,,111-7288543-2781857,50.0
,,113-0533645-9125832,40.0
,,112-6009139-5637804,49.43
,,114-2580036-8285040,85.99
,,113-6845881-0628228,25.35
2023-01-23,,111-5306640-1012260,23.73
,,112-8468006-6377817,109.99
,,112-9695360-2472250,90.0
,,702-5842988-5357812,135.99
,,111-9382606-3677805,25.0
,,113-8572486-9357001,49.78
,,111-3566042-9101802,19.52
,,114-6671681-4327403,50.0
2023-01-24,,114-6690241-8205827,159.93
,,112-3326381-8597868,25.0
,,114-9525164-8533024,11.99
,,114-8450497-6746639,10.0
,,113-3501855-0569825,20.88
2023-01-25,,112-8793983-2577832,15.0
,,112-5942560-3981050,85.99
,,113-2678501-8153853,225.12
,,114-8923373-1914600,90.93
,,111-6062451-7189059,31.89
,,113-4868363-3348245,5.0
,,111-1131044-7669052,6.08
,,701-0733381-0149836,24.41
,,114-2955217-7242616,329.24
2023-01-26,,701-7360504-1913046,8.0
,,114-1293988-6032237,50.0
,,112-8567067-7545821,28.07
,,114-0627240-0814617,67.99
,,114-8228217-0069027,29.45
,,114-9527839-0753047,18.91
,,114-9503191-5515462,110.08
,,111-4715453-3348251,10.0
,,111-7345163-5623409,32.31
,,114-6791121-0395448,20.0
,,701-6998071-3464208,37.28
,,111-7150043-5255466,32.82
2023-01-27,,113-1003393-9269063,50.0
,,114-7043199-1321808,11.19
,,114-0550815-3085025,45.0
,,113-0701989-4857854,11.19
2023-01-28,,111-2826165-9492232,28.88
,,114-7284489-6074651,30.52
,,111-5760150-7444205,69.99
,,111-9353505-3669833,25.0
,,112-2134331-0252265,40.0
2023-01-29,,112-9040187-0273022,30.0
,,113-1169594-3112269,24.6
,,111-4700753-0355424,65.0
,,114-3461598-5444224,20.0
,,112-3928850-4087427,27.11
,,112-2763494-7732228,35.0
,,112-6977816-6839410,40.0
,,114-1588143-8865047,50.0
,,111-3023830-2626601,87.73
,,111-8146570-9240203,70.0
,,111-4245833-4491450,11.78
2023-01-30,,112-1732877-9008210,26.17
,,112-1931480-9144204,15.0
,,114-9749566-6526649,20.85
,,702-6301352-6229019,74.57
,,111-5939187-6955462,146.9
,,114-4738421-6491461,10.0
,,113-0633764-2313009,26.57
,,111-8118897-1823407,20.0
2023-01-31,,113-8453969-0085025,38.51
,,113-4106487-8369049,32.39
,,112-7641171-6848256,15.0
,,112-9406673-4962661,151.54
,,113-1980892-0857035,35.0
,,114-4734824-4597805,49.26
,,113-0507661-1497848,50.0
,,111-6866535-3477863,130.64
,,113-4017488-2079414,39.85
2023-02-01,,111-7582798-7462666,15.4
,,112-3348278-6745067,20.99
,,702-6138477-3369801,12.99
,,113-4527468-2199440,28.96
,,112-8367102-7970642,13.0
,,112-7323464-0297040,34.79
2023-02-02,,114-2842216-9613818,101.28
,,113-1426392-7980233,15.0
,,114-1290838-2293861,15.0
,,113-6361875-4404208,60.0
,,113-2216924-3973863,60.0
,,111-0943363-2011412,105.82
,,112-8476815-7241055,70.0
2023-02-03,,114-7441251-5728214,26.49
,,111-1716772-6257854,212.95
,,702-4388329-8496217,45.0
,,114-6152644-2859407,26.0
,,702-4701932-4875443,52.88
,,112-3302151-9488241,35.0
,,111-8113139-7732214,27.43
2023-02-04,,114-4675620-1912244,35.0
,,113-8117125-8575409,39.72
,,112-4967433-7972237,59.35
,,111-5673318-4241844,19.07
,,702-2275211-2950606,22.59
,,112-2789677-3641863,33.04
,,113-9763836-1510653,15.19
2023-02-05,,113-9011468-2796213,24.99
,,112-3409621-6245864,68.19
,,114-2887567-9508231,13.99
,,112-0573445-7564243,95.7
,,112-8756519-3461055,67.46
,,114-1816951-5887455,75.0
2023-02-06,,111-0954745-6954629,5.0
,,111-9722158-1862603,69.99
,,114-5855506-6672211,123.72
,,111-1032914-7109023,17.99
,,111-0350972-0116222,17.99
,,114-5296442-7277048,14.97
,,111-0980412-9874603,44.93
,,111-0778143-0322602,5.0
2023-02-07,,111-6601480-2913841,50.0
,,114-6157549-1940263,23.76
,,114-0101125-2644264,107.03
,,111-8206370-9697833,29.52
,,113-9732992-6190655,219.98
,,111-5723099-4617054,130.46
,,111-9108103-7311459,120.87
,,112-5218299-3582621,32.31
2023-02-08,,112-6158283-8005023,90.09
,,112-9811850-7863434,89.99
,,114-9720831-0420242,90.0
,,701-5526843-8405037,50.0
,,113-8626171-9356214,22.04
,,114-8859508-9633015,60.0
,,113-5290573-0568260,40.0
,,114-5993785-9217055,83.76
,,112-2767250-2087469,26.78
,,112-2613850-2011463,27.1
2023-02-09,,114-9720831-0420242,84.79
,,113-8266932-2797016,10.0
,,112-6192364-2244223,27.86
,,112-9147235-0765854,31.79
,,112-9991313-4765862,50.0
,,114-9329693-2157805,31.86
2023-02-10,,702-6138477-3369801,120.91
,,112-8008326-3439415,32.85
,,114-2991481-1548231,66.14
,,114-0595875-4765040,40.0
,,701-8590870-9827406,64.39
,,112-4558148-8437021,20.0
,,112-0031852-6888224,100.0
,,111-9386637-1129866,42.49
2023-02-11,,113-1600630-6281027,40.0
,,111-8714565-9019467,10.0
,,113-8828918-3715450,50.0
,,113-4756498-6092223,34.52
,,114-5160300-5826641,18.73
2023-02-12,,112-7863590-0057826,50.0
,,111-1830733-6776204,218.55
,,114-8163748-8762601,30.0
,,112-9861201-4552232,148.39
,,114-7340914-1165829,12.23
2023-02-13,,111-6070084-0089020,84.79
,,114-6564024-4981807,77.89
,,113-4117375-2108261,40.0
,,114-7957025-2637818,104.49
,,701-3865508-1233836,33.89
2023-02-14,,701-8475630-9229845,30.0
,,113-6973193-7230639,30.0
,,701-7046998-3809804,141.11
,,113-1615122-2792239,12.0
,,114-3971913-4125854,40.0
,,113-6126591-1961035,37.23
,,112-0754812-3516213,50.0
2023-02-15,,111-5460070-7960268,140.05
,,113-0113402-0583464,21.99
,,111-0478100-2915444,59.99
,,111-3117987-3940259,35.99
,,112-3630926-6954664,622.47
,,112-4651907-3448254,20.99
,,114-8606209-3108231,55.97
,,114-3630743-6608223,35.0
,,112-5338029-4479457,50.0
,,113-7520677-2421054,15.0
,,114-7786897-0127426,119.06
,,114-1059329-7745065,76.11
,,114-9920333-3217848,20.55
2023-02-16,,112-1619061-6401849,25.19
,,111-5964316-4685035,39.67
,,112-3666304-8882604,17.01
,,112-7802008-4311435,25.0
,,111-7740854-2303441,11.97
,,112-3866099-0009001,20.0
,,113-9696893-8434614,27.87
,,114-0081591-8020212,20.99
,,113-3662627-9973048,24.23
,,114-9245065-0606637,26.95
2023-02-17,,113-4421062-0216203,9.62
,,113-2335651-5842617,35.18
,,114-7782224-9376212,20.99
,,112-0354448-5883416,91.15
,,702-2260351-7500265,27.74
,,114-5536866-2413817,23.81
,,113-3383841-2627460,42.49
,,113-9898953-8271466,195.49
,,114-3049165-4292267,15.0
,,114-5662717-6003407,80.0
,,701-8593869-1546649,50.0
2023-02-18,,111-6653350-9380234,14.09
,,114-9422730-4265853,27.11
,,113-0016597-9034620,5.0
,,701-9869769-0383408,44.79
,,111-6929822-0568218,49.76
,,113-3756709-7366626,17.43
2023-02-19,,114-1581817-1656259,22.46
,,114-6199423-0680229,33.38
,,114-5339936-8710655,40.0
,,112-8058721-8240235,8.0
,,114-8153581-4384230,26.23
2023-02-20,,113-3230652-5121867,30.0
,,701-7225528-6005829,27.58
,,111-5624459-9413851,48.28
,,114-7771030-4520218,25.0
,,111-9734929-2626609,19.29
,,113-9209049-8353806,91.36
,,701-2300644-1479448,51.97
,,702-9486541-1157061,5.0
2023-02-21,,113-0728739-4512255,18.39
,,114-7602908-2773842,25.0
,,112-4426636-2589027,38.15
,,114-4386570-0837064,31.31
,,114-7377232-7135459,33.59
,,111-7797133-2604226,25.0
2023-02-22,,112-7988426-9758666,44.99
,,701-0899426-9313067,21.08
,,112-0648271-6617020,15.0
,,113-0866728-0755403,13.99
,,113-8379822-5138642,10.0
,,701-3831118-0918646,305.09
,,112-9191069-1692235,170.12
,,113-1700742-7756234,15.0
,,111-3527505-9922629,12.0
2023-02-23,,112-0350540-3826606,59.34
,,113-4255689-9549065,27.68
,,113-1841841-2364250,17.92
,,114-4347129-1300247,11.78
,,701-6110435-8913042,100.0
,,114-8256326-2239440,50.0
,,111-1077279-2849859,10.0
2023-02-24,,114-8969634-6317818,151.19
,,112-4439588-9197853,7.71
,,701-2938545-7118652,34.93
,,111-7856558-9185056,20.0
,,114-4840114-7382648,17.04
,,111-8371400-4319417,40.0
,,112-2976991-6196210,11.19
,,114-7718542-4706614,19.29
,,111-9990723-3662659,90.79
,,111-6961250-2252212,56.14
,,111-8912256-6735402,28.72
,,111-6592503-9396266,60.46
,,702-6473357-2831418,27.29
,,114-0132152-4943416,15.0
,,113-4621024-7044216,60.0
,,701-2234410-0524259,59.99
2023-02-25,,112-5430362-7688208,11.19
,,701-1019546-6928208,5.0
,,111-3735496-6331408,164.68
,,111-8453172-8120261,40.0
,,111-5651945-8659429,8.0
,,113-6711590-8677038,10.0
,,112-9955686-7733856,17.99
,,702-2016187-6060239,18.88
2023-02-26,,111-4126304-0229851,5.0
,,114-9170509-0733852,74.19
,,114-7001253-7387419,60.0
,,112-0626244-1561021,8.0
,,114-8565886-8666614,88.68
2023-02-27,,114-7838500-9705823,138.76
,,112-6238665-7127431,29.15
,,702-1556565-6785815,16.99
,,114-9211008-6457048,35.99
,,114-9337821-8021061,16.0
,,111-6667367-7920227,20.05
,,112-9684726-4186639,34.02
,,113-2855678-2197830,69.99
,,702-4156033-1657802,195.55
,,113-3980542-5049039,29.66
,,114-7138482-7929858,35.0
,,113-9290426-0949053,50.0
,,701-5162024-2833868,24.99
,,113-6587906-9316260,70.19
,,111-0682457-2304201,120.0
2023-02-28,,114-2793783-7809062,24.66
,,111-5789331-6343465,32.39
,,114-1617490-0985808,32.35
,,111-3164280-2014619,259.69
,,112-3122160-0693022,74.19
,,113-8913112-1314629,13.77
2023-03-01,,702-6491323-6229060,18.85
,,112-1076231-9156265,116.85
,,702-2587859-8025821,192.09
,,112-6501864-5922665,322.55
,,112-6954804-0944220,27.55
,,114-1344537-4933007,54.71
,,112-0631033-2157011,10.0
,,112-4223054-8749814,25.0
,,113-1070388-9823437,25.0
,,111-7184826-8554655,15.0
,,112-7870219-2569843,84.42
2023-03-02,,113-5767666-4704207,15.0
,,111-7070454-1665048,20.0
,,114-1542823-3977814,31.79
,,113-8168425-4732218,5.0
2023-03-03,,114-5424722-6659406,27.05
,,112-5840431-8549039,7.55
,,114-9982712-8408232,53.36
,,111-7820615-6142627,40.0
,,111-9710628-0486627,32.93
,,114-7434105-2000269,131.03
,,112-9548622-5133037,126.31
,,111-3859105-3233800,35.0
,,112-0633984-6624207,104.49
,,702-2049030-0009807,14.94
2023-03-04,,701-4945583-1425013,109.99
,,114-2687661-0005069,3.0
,,111-4936142-9021859,20.0
,,114-2416363-4357844,23.51
2023-03-05,,111-9639894-3057866,89.99
,,701-0260622-5577023,52.49
,,114-1251981-5961842,75.0
,,114-8419998-1095459,5.0
,,111-8380779-8297060,7.55
,,111-3634101-6641026,32.39
,,112-9919502-1703453,25.24
,,113-7649276-2921004,29.57
,,113-5289667-4473050,20.0
2023-03-06,,702-9815393-2967408,33.2
,,114-2146395-0530613,26.09
,,701-0206864-4107444,139.22
,,112-2147601-8077023,25.0
2023-03-07,,112-6780111-4837835,20.99
,,702-2118173-4723415,22.39
,,111-9359957-4525014,137.33
,,114-5877210-5377854,10.0
,,111-3672476-1997864,19.18
,,701-3615543-5347427,15.0
,,111-5671417-5041063,3.0
,,113-9750561-7538667,12.99
,,113-4720477-8797836,7.49
,,114-6628643-7637000,17.84
,,111-9100842-9869059,11.68
,,113-1339874-7425052,20.99
,,114-5208648-6361839,20.51
,,113-9733486-8256226,5.0
,,111-0837366-6511401,30.0
,,111-0580299-4109858,15.0
2023-03-08,,111-4759689-7121067,28.49
,,111-7734331-0517865,49.99
,,701-2963837-6261847,149.99
2023-03-09,,111-5946682-0005056,45.09
,,111-1424133-2641002,35.0
,,114-7910740-8669835,40.0
,,113-4161235-7477821,17.84
,,113-0663972-7680204,90.0
,,113-0316417-9173006,69.99
,,111-4838767-9669829,105.99
,,701-6726110-1146636,49.44
,,111-2551327-4771411,20.52
2023-03-10,,111-6867560-4631401,5.0
,,113-2811807-2493860,79.99
,,702-5373034-0383410,19.03
,,111-5492171-6653031,60.0
,,112-3785427-4977844,17.99
,,113-0180769-0445830,128.36
,,113-4238482-4801849,40.0
,,113-3851142-3844221,116.59
2023-03-11,,111-8366949-1123455,40.0
,,111-8262969-5053815,35.99
,,702-2906956-4801015,287.43
,,114-0126789-8553029,15.0
,,111-4184177-2639441,127.92
,,114-1832530-9421839,118.46
,,112-7480599-3922628,81.56
,,111-9975471-3155451,100.0
2023-03-12,,114-0430068-6391452,23.53
,,112-4047931-6671453,17.99
,,113-2207469-6142630,22.38
,,111-5308718-6835465,40.0
,,112-9576000-9316202,15.99
,,112-8596565-2804229,23.99
,,112-6556067-1626644,67.99
2023-03-13,,702-0947852-2088266,160.99
,,111-1854384-9236245,126.35
,,702-1397557-1157847,30.0
,,112-9320619-5623423,34.74
,,114-9429955-4496262,15.99
2023-03-14,,114-5895202-7723404,10.7
,,114-4102091-7933016,37.32
,,113-1348418-8260249,8.99
,,112-2635461-4366605,65.0
,,112-5448092-2358630,81.65
,,111-2961166-5321021,14.58
,,114-7852822-6705038,214.44
,,111-4193824-8820254,35.0
,,701-0064119-7133813,131.24
,,112-2984938-9448203,119.49
,,112-0972647-1649060,80.74
,,114-0694173-6758628,19.72
,,702-6785814-9492211,56.49
,,114-7476529-3964255,64.55
,,111-7210788-2919465,194.96
,,112-7613611-9899463,17.99
,,112-6594712-2010631,8.69
2023-03-15,,702-0076655-7505871,172.49
,,112-4738954-0597848,15.0
,,112-9888536-3305855,10.0
,,112-1116915-4545054,35.0
,,113-7573493-8411409,28.91
,,111-8886247-9174605,102.82
,,113-7209639-7973846,235.74
,,114-9491539-6685804,12.75
2023-03-16,,111-2601997-6023458,33.99
,,111-7734985-5947401,79.99
,,112-6675712-3725040,106.74
,,113-0146221-9717845,15.0
,,114-3252712-9656213,10.5
,,111-9105388-4783451,10.0
,,112-5576526-9302627,89.97
,,114-3377935-6859439,20.99
,,111-5566589-3522657,20.0
,,114-4155516-4384268,32.09
,,111-8700564-7825802,45.0
,,112-4091363-9933063,38.51
2023-03-17,,114-9950691-2529861,10.52
,,114-9985226-3133056,95.39
,,111-9754861-3226624,17.99
,,113-9686427-7194605,148.39
,,111-9909518-1562601,129.99
,,113-9942256-3886664,40.0
2023-03-18,,114-6229642-2271460,136.55
,,701-5006190-9877040,100.0
,,112-5981976-7547401,464.39
,,113-7022629-1636244,44.11
,,112-9540497-7652256,40.0
,,111-1114395-6436232,149.99
,,111-3251808-3644247,77.0
2023-03-19,,112-0350540-3826606,
,,113-1865251-1901803,31.79
,,113-0091071-7681018,58.17
,,112-2431741-5829003,115.75
,,112-2581886-9229046,18.99
,,111-3237760-4378655,59.99
,,112-2956792-3413804,25.91
,,701-9942047-4009824,28.24
2022-03-20,,114-8185780-5745011,89.99
,,111-5016950-4805042,25.0
,,702-4163127-0002627,133.19
,,111-2695819-2264235,90.0
,,111-7558115-6929062,18.51
,,113-9842382-0413067,20.0
,,113-3479746-0341045,22.99
,,114-5303594-6237812,20.0
,,114-7479809-1451405,109.99
,,113-1223582-7468242,10.0
,,113-2400337-7161002,103.89
,,114-5047278-0638609,79.44
,,114-6288532-2993812,39.72
,,112-0350540-3826606,295.87
2023-03-21,,114-3638335-8429009,109.99
,,114-1506189-8885014,68.49
,,113-2454576-8423403,54.56
,,111-6475578-0779420,20.99
,,111-8258401-7693845,32.31
,,112-3340001-8393039,13.99
,,112-8158874-1416263,10.0
,,114-4909402-4992245,21.19
,,114-3434414-0598623,20.99
2023-03-22,,701-9468085-7907465,15.0
,,114-5605529-4294660,35.0
,,112-5073027-2352216,59.35
,,114-8689191-0505006,15.0
,,114-8265338-4847460,8.0
,,701-6283949-3512208,36.15
,,111-8193939-0433054,29.99
,,112-7217387-9813812,66.9
,,112-6164490-1101003,25.0
2023-03-23,,112-8209312-2070621,80.0
,,114-7212362-7533054,20.44
,,113-9280769-8508236,32.61
,,111-5953790-9294626,50.0
,,112-6976645-5941840,29.91
,,113-5004771-1935439,118.65
,,112-0845198-4159436,10.0
,,112-9149116-1057028,15.0
,,113-5636129-5708253,148.81
,,111-7901829-5613046,90.83
2023-03-24,,114-1203682-6169047,109.99
,,702-7543019-2678625,60.0
,,114-3949631-9554666,35.0
,,114-3438233-3424235,25.0
,,113-9513429-8836261,40.0
,,111-8821384-5090619,30.0
2023-03-25,,114-8140602-1708255,120.0
,,114-1580818-6345013,20.0
,,113-0968570-9614625,23.14
,,114-8281188-6713007,30.0
,,112-3084023-8574644,10.0
,,701-5119588-6705818,50.0
,,113-1899971-9556215,83.45
,,112-6632236-1695409,80.0
,,112-0380940-6278621,150.78
,,111-0487184-5813049,35.0
,,701-6412578-9009816,17.84
2023-03-26,,112-5647139-1232242,10.0
,,114-6374101-0568268,24.21
,,112-8223397-7583459,39.21
,,114-3385134-3397866,4.59
,,111-5620953-9022617,32.5
,,113-2186905-1348213,4.0
,,113-0437322-6966653,4.0
,,111-4364624-5577052,15.0
,,112-6764799-9809866,65.99
,,111-1584799-5545059,23.53
,,702-9669198-9413018,203.39
2023-03-27,,112-2167625-4660255,65.99
,,111-1422160-9385834,75.59
,,111-2535439-842423,97.72
,,112-4608391-6062624,10.0
,,112-0729045-0885008,25.0
2023-03-28,,112-0067211-8300208,30.96
,,114-6752524-9021005,24.29
,,114-5493976-0770612,46.24
,,113-6866458-2116215,17.36
,,114-5548404-9353037,105.57
,,114-5304358-5888266,13.23
,,113-5721394-0103431,172.98
,,111-8266363-0702658,27.81
,,114-3955068-3689853,33.16
,,114-3061533-7757808,100.0
,,111-4721904-5926649,39.02
2023-03-29,,113-5305144-8621036,10.71
,,111-7751388-2049056,50.0
,,112-7112883-3603429,32.16
,,113-2764013-1028258,15.0
,,113-5015875-2387406,23.79
,,114-8456050-2888211,60.0
,,113-0033465-7177820,53.08
,,114-2871222-8764224,30.37
2023-03-30,,111-1827059-9746619,86.89
,,702-1393133-1056245,61.99
,,111-9696920-3196233,45.78
,,112-2863171-8256242,83.57
,,112-0278406-7413858,65.0
,,114-5277338-0897851,31.79
,,111-0283614-4440219,10.0
,,114-3101315-5137046,41.45
,,112-9269428-5953017,19.63
,,112-7152434-5883441,12.06
2023-03-31,,114-6742581-0593056,20.0
,,114-8109032-6105006,19.86
,,111-2051153-8288204,69.99
,,112-8561663-0781833,17.99
,,112-0779011-0805809,144.49
,,111-5433198-1625030,120.0
,,111-0660589-4753002,10.0
,,111-2244246-3670649,25.0
,,111-5474728-2467427,23.54
,,113-3002599-0339453,32.0
,,113-0455107-6291411,13.75
,,113-0310728-1899468,20.99
,,113-1654805-4329803,214.95
,,114-2961593-7258651,5.0
,,112-3933668-8562618,30.91
2023-04-01,,114-9539363-5675464,35.0
,,701-6111458-1731405,70.0
,,114-8343854-6867443,52.99
,,112-2018447-3185840,14.97
,,114-0931366-8448257,17.99
,,114-2094144-7720210,26.02
,,112-4129350-1892201,175.47
,,113-5039004-4253004,110.08
,,113-5756710-9976231,129.89
,,113-1019645-6850612,17.19
,,113-2718186-0353841,158.99
,,113-3750783-1999469,96.96
,,113-2110739-5842648,96.96
2023-04-02,,112-7949314-6488218,119.08
,,113-1626502-6135412,10.0
,,114-5315592-9220234,117.69
,,701-9557820-9767421,73.44
,,114-6388982-7845004,30.0
,,111-6010086-3552219,25.0
,,111-2648260-9713021,123.19
,,113-4793627-9761061,13.01
,,111-3530864-7280261,70.0
2023-04-03,,114-5584930-8089838,39.64
2023-04-04,,111-5141370-9126608,75.0
,,111-9810009-5845836,40.0
,,113-7519875-3322644,35.0
,,111-8066154-2462640,109.99
,,112-5543651-2483426,10.69
,,113-7693613-7629803,72.0
,,113-2416649-4890604,25.0
,,112-9128145-3032255,98.5
,,114-3400283-5909816,80.55
,,111-8692203-5744202,50.0
,,112-8720115-5276229,25.0
,,112-8916106-7716246,13.99
,,113-5291327-1348264,15.0
,,111-3625017-8556202,79.37
2023-04-05,,114-6458473-6193058,36.89
,,111-0729417-0577063,30.0
,,114-6151107-8726615,40.0
,,112-2364810-5757824,21.05
,,113-8744674-8233867,55.0
,,111-6957274-0281801,120.0
,,113-6169125-4145059,11.5
,,701-0183819-5040236,79.99
,,111-7465438-2645821,30.0
,,114-7967866-9937065,35.18
,,111-4840923-3795405,268.98
,,112-2940009-5281817,15.0
2023-04-06,,112-2129834-7895456,15.0
,,114-8121142-4262667,12.42
,,702-0649252-8512205,29.99
,,114-8590033-5461866,144.15
,,111-9506666-5488233,32.48
,,113-7879951-5101856,20.0
,,114-5455062-110986,107.24
,,111-8708906-5913839,107.65
,,112-7894558-2917055,12.0
,,702-3831286-6017068,80.49
,,114-8065096-9736201,10.0
,,702-3360076-9062662,10.0
2023-04-07,,114-7513329-5201059,110.0
,,111-8869241-1048215,32.09
,,111-9191979-1228212,60.0
,,114-7386991-7242603,20.0
,,113-7984887-4291428,39.74
2023-04-08,,112-0141081-7206674,30.81
,,112-5510229-2794617,12.0
,,114-5730613-8302665,73.26
,,114-0367219-9872202,77.21
,,114-0687852-8558630,26.93
,,111-7223124-5504231,131.14
,,112-5429801-6809841,23.47
,,111-7464479-2131421,9.75
2023-04-09,,111-3704920-4963452,25.94
,,701-2957167-5926628,41.99
,,112-1557319-0780226,5.0
,,111-2359566-4545007,17.99
,,113-9821860-4805840,26.43
,,113-2546750-3259445,17.99
,,113-2675151-9143403,157.09
,,112-0055125-8793006,5.0
,,112-2177298-9829044,13.59
2023-04-10,,113-8161001-0083438,109.99
,,113-2909967-8707464,15.0
,,113-8207331-5271420,15.0
,,112-7122801-6093810,161.99
,,702-6533354-7916253,67.19
,,114-1791857-9258666,100.0
,,111-6017666-6212222,15.0
,,113-4672411-2598633,29.81
,,702-9536888-1121055,83.99
,,113-6245666-0035438,107.32
2023-04-11,,114-5707862-8029833,115.0
,,114-8197926-5153042,82.38
,,111-9226356-7707439,40.0
,,113-2262372-7495447,25.0
,,111-3993539-2847405,150.0
2023-04-12,,112-1659337-5928236,100.0
,,701-4031439-3329017,15.0
,,112-4093346-4621028,89.99
,,114-8609878-9116222,11.19
,,114-5055283-7426664,7.0
,,701-0224431-2445042,20.0
,,112-2297650-5254645,5.93
2023-04-13,,113-0504348-7370624,17.0
,,114-2146968-4553802,16.04
,,112-0827145-3037813,99.99
,,111-7437850-2917011,90.0
,,702-7918668-2205056,15.99
,,113-6712067-0977857,20.56
,,113-6751934-0140268,60.0
,,113-2937503-5889831,100.0
,,112-2532913-2919404,10.0
,,111-9954255-7347432,10.0
,,113-7658315-4461827,18.14
,,113-2889369-1635457,127.43
,,114-3671439-0194643,43.54
2023-04-14,,702-0611132-9075409,15.67
,,112-1579226-4218616,65.99
,,113-4172081-3723400,78.25
,,114-4336003-0631423,29.53
,,114-6571764-4592253,19.38
,,112-5327494-5274624,26.19
,,111-3601909-9537803,34.75
,,113-3340039-3856201,40.0
,,112-9213696-7174649,129.26
,,111-7884443-0188206,86.66
2023-04-15,,114-8140602-1708255,42.53
,,114-2879641-7004221,20.05
,,113-2420809-1130620,35.75
,,113-0066404-0890608,30.0
,,114-3711099-5577058,17.99
,,114-6598030-6475462,83.06
,,114-2493203-2344207,23.99
,,111-8879487-6649836,10.0
,,113-2712003-8445050,63.8
,,111-1858602-1452241,25.0
,,113-7009535-5330658,13.99
,,113-1261502-8427455,30.0
2023-04-16,,701-3354948-2993037,26.99
,,114-1341021-0807456,33.04
,,701-8659050-4216260,112.99
,,111-5882882-4432221,89.99
,,112-0375269-8906640,42.49
,,701-5272513-5493030,178.49
,,111-9093653-6153864,5.0
,,111-8418328-3081835,117.65
,,112-6808993-4254627,24.68
2023-04-17,,111-3478531-1029005,8.0
,,111-1805580-5525827,26.0
,,111-9201494-3278632,29.22
,,701-8478530-1921058,56.49
,,114-8613740-3645808,15.0
,,111-5326715-7409002,74.35
2023-04-18,,114-3199544-8277826,35.99
,,113-9093130-0077054,30.0
,,112-7274487-1860248,39.46
,,114-4259467-1909041,10.0
,,113-6286822-3565045,48.14
,,111-9800723-0797039,30.0
,,111-4114344-6040256,16.19
,,113-1649988-2109806,12.12
,,111-2105172-1509069,55.9
,,112-3163090-7076227,15.0
,,701-9370111-1329823,35.0
,,111-9195597-0867407,23.39
,,112-7583476-4134620,203.76
,,112-9683656-3677829,129.29
,,112-3864508-9281052,69.99
,,111-2561828-4481026,38.69
2023-04-19,,111-6410943-3822648,47.37
,,112-8443747-4360267,77.93
,,113-4656256-0093860,10.0
,,112-8278180-0337055,21.19
,,114-8806782-5401868,14.76
,,114-0740905-9012240,35.0
,,112-5984399-0397861,129.99
,,113-9895557-2709063,21.18
,,113-2251145-5331400,6.46
,,111-3707210-0427460,109.99
,,111-1276017-2432215,117.28
,,114-4360842-0249055,69.69
,,701-7820381-4696238,69.99
2023-04-20,,113-1362625-6065839,15.0
,,112-9984035-7353056,109.99
,,114-6751747-5090620,64.94
,,111-0862179-3903406,42.99
,,111-1759224-5773813,60.0
,,111-3191595-3816203,10.0
2023-04-21,,701-0252083-3667428,163.51
,,113-7000750-0704236,100.0
,,114-5010169-7500229,40.0
,,113-4639334-1174609,11.19
,,111-1440373-2534657,32.09
,,111-3889507-1173049,129.66
,,113-5236386-6694629,74.53
,,112-1503790-1167412,82.84
2023-04-22,,114-5179831-9385866,49.99
,,113-3663151-8966636,11.86
,,113-7460455-0321031,11.86
,,113-5585013-7193034,97.37
,,111-7101164-6406600,44.82
,,112-2377037-7473065,24.27
,,112-1941083-8990665,18.78
2023-04-23,,114-4405272-4667443,39.83
,,114-9302782-6297069,20.43
,,114-9699936-5366629,50.0
,,111-6022886-6253805,20.0
,,111-3736912-0307434,224.84
,,111-6412324-1283432,31.96
,,113-0046578-7773069,35.0
2023-04-24,,112-1417843-5897016,129.59
,,111-5706085-5593035,60.0
,,114-0666568-5896250,180.19
,,112-9876636-3611449,102.07
,,111-7950486-7306649,14.99
,,114-7658093-3729046,65.12
,,112-1295335-0968267,18.74
2023-04-25,,112-3185248-1841036,90.0
,,112-8517656-7623440,139.99
,,112-4673700-1723450,19.07
,,112-5340374-3729844,20.0
,,114-3988669-1811461,70.0
2023-04-26,,702-1126189-4888255,15.0
,,701-6557431-1391458,25.0
,,701-6885624-9444232,139.99
,,114-2528025-4917822,52.99
,,114-9816375-4973063,246.09
,,112-0132987-7423467,10.0
,,111-1371019-8272240,35.0
,,111-4159945-7040265,40.0
,,112-2978092-3276223,40.0
,,112-3090486-2189037,15.0
2023-04-27,,113-1630563-8086615,24.63
,,111-3338476-7795460,20.0
,,114-4614164-2206651,60.0
,,114-7188555-2269033,16.05
,,113-3068168-9449036,99.12
,,114-9804800-2862662,104.99
,,112-5624699-8501814,75.64
2023-04-28,,113-5084725-5706632,116.59
,,111-6565274-3330624,14.47
,,701-0417370-5498667,112.66
,,112-3895108-9347419,10.91
,,111-8497547-4541042,27.99
,,113-5052931-4401800,14.99
,,113-6514431-7332223,17.49
,,702-6509523-3446616,19.03
,,114-7282541-0028266,42.49
2023-04-29,,113-1233328-6415427,34.11
,,112-3913475-1121060,17.29
,,113-7508530-2101844,84.99
,,112-1133023-2283411,105.99
,,114-8507915-7965847,85.79
,,113-6673598-9265032,9.87
2023-04-30,,114-0671457-9570657,26.93
,,113-1155935-2521866,640.49
,,114-7807848-6640254,15.0
,,112-1809186-1891460,11.72
,,114-9962132-8042632,68.87
2023-05-01,,111-6287353-1777835,59.39
,,111-6897071-4023445,70.36
,,111-2302527-4378663,74.19
2023-05-02,,113-7153424-8201046,18.0
,,111-3038517-2551440,25.0
,,112-8339920-2149038,13.99
,,111-0693872-5977818,43.29
,,111-9074552-0836228,20.05
,,112-7531112-2258613,20.05
,,114-2398526-4049048,10.0
,,112-7768136-9301860,14.63
,,114-8493231-1221055,20.31
2023-05-03,,112-1385847-2656267,28.81
,,111-8497696-7388247,18.47
,,702-7485899-6081064,8.0
,,114-7728711-4276266,6.99
,,111-6607426-3641817,104.99
,,112-0000096-8281007,48.75
,,111-5232386-0454615,38.05
,,702-6549382-9977001,20.0
,,702-4501398-4910619,139.99
2023-05-04,,114-5719076-4417039,15.0
,,113-5160260-1002620,8.0
,,114-9479343-3232243,10.0
,,114-3863932-4311413,20.0
,,114-2681862-6340237,20.99
,,113-8280421-6307405,91.15
,,114-8038589-1189023,32.69
,,113-5482027-0665822,3.35
,,111-8339624-4654664,63.8
,,112-1972217-5934663,25.0
,,111-7953457-7201022,15.0
2023-05-05,,113-3176793-2234603,34.44
,,113-1193600-8345044,25.99
,,112-1560720-5121852,5.0
,,114-7570457-2065029,45.83
,,113-0805610-1584228,13.0
,,111-7900572-8787432,30.0
,,111-1981808-1619455,21.85
,,702-7497130-1235441,70.0
,,111-7358915-5793861,77.14
2023-05-06,,112-5700796-8144247,21.26
,,702-9701910-1965005,30.0
,,114-7827451-6634603,20.0
,,111-0176078-4464205,25.0
,,702-7644865-3517834,17.58
,,702-0507022-7545860,164.97
,,112-9523931-5552257,80.24
,,111-9377136-3223400,35.0
,,112-4699376-7141845,10.0
,,114-2681993-3965869,14.41
,,702-2741874-7924266,43.67
2023-05-07,,113-1717182-1994653,5.0
,,112-1790831-7576205,66.64
,,112-8013059-9469022,40.0
,,114-2360960-6820218,16.23
,,114-8809374-5551466,25.0
,,113-4247410-3070602,45.89
,,112-9033961-3446643,15.0
,,111-6029426-9324244,43.74
2023-05-08,,113-3670330-4305848,109.45
,,114-4246278-6674616,12.0
,,112-4177659-6599446,15.0
,,112-2894247-4549001,20.99
,,112-1506619-6971426,70.0
,,702-4019359-5777838,21.84
2023-05-09,,112-7485345-4032268,5.0
,,701-1420202-5292210,47.14
,,114-2904063-9488254,26.58
,,112-2225156-7604233,24.99
,,111-7515528-2614648,39.99
,,111-2702593-1561825,8.0
,,701-8626606-4938616,36.74
,,111-9382141-4088225,160.43
,,701-5666473-5322651,225.99
,,112-2723208-9409856,87.19
2023-05-10,,111-1554049-9530617,15.0
,,111-1971222-9989057,10.0
,,113-9214589-1057846,25.0
,,111-0685319-6327444,94.49
,,701-2353551-7841825,114.96
,,112-1360643-2965819,127.19
,,114-4103196-3068236,60.89
2023-05-11,,111-4253011-3505825,40.36
,,111-0255116-4747425,46.43
,,111-4805121-7977056,20.0
,,114-9377758-3233863,26.24
,,112-1513332-4910604,20.46
,,111-0578175-3434628,49.26
,,114-2012689-0227428,72.21
,,113-6080645-8466613,50.81
,,113-2048069-3367403,18.45
2023-05-12,,114-1537139-2287469,15.0
,,113-2182699-7713865,163.23
,,702-1547759-2519455,19.54
,,111-9664851-6008218,50.0
,,114-6844923-4453835,40.0
,,111-2449944-4575405,20.0
,,112-9155835-0393826,20.0
,,702-7750624-6358603,84.74
,,112-1928565-2066611,20.99
,,111-7421235-7017050,30.0
2023-05-13,,113-4703329-4754633,24.18
,,112-1245936-5498640,74.36
2023-05-14,,114-6178858-7406600,109.99
,,113-9634474-5539415,31.24
,,112-3177082-4278614,26.49
,,701-5414467-2645821,18.99
,,111-0304130-6929025,115.86
,,113-2115371-9653040,15.0
,,113-1114600-8388231,126.95
,,114-3066242-5164246,5.98
,,113-5442315-4564232,15.0
,,111-2953831-6706654,100.0
,,114-0889226-0231452,82.57
2023-05-15,,111-3401409-2485860,8.6
,,112-3335122-7945858,60.0
,,111-9951364-0894650,31.1
,,114-1491187-8753803,13.99
,,111-8360506-0395423,98.43
,,111-5631009-0200217,35.0
,,113-0007316-1269013,90.09
,,113-9131525-0220238,100.04
,,113-1848684-2857063,37.61
2023-05-16,,113-6758470-5226619,15.0
,,112-4361749-7800206,10.0
,,702-6313025-2533061,153.67
,,112-8746330-0607454,11.97
,,113-5354949-4481827,33.78
,,111-3067898-4189035,43.87
,,113-8086231-9838635,130.53
,,114-5630647-6488222,20.0
,,113-1825749-8877064,11.86
2023-05-17,,113-7758018-0721019,23.59
,,701-6702819-5789828,41.99
,,114-6294905-1413034,108.74
,,113-3859718-4143438,22.59
,,111-0358469-9391470,46.43
,,114-1238894-4293854,33.72
,,114-3080872-8753802,10.0
2023-05-18,,113-3755098-1910607,85.35
,,112-1981276-2742643,91.15
,,111-2356474-0573048,77.28
,,114-3550777-9530635,104.11
,,113-4263495-8203454,25.0
,,702-2730503-3337024,46.36
,,111-4142029-8974644,50.0
2023-05-19,,114-5203203-6256225,30.0
,,113-7611465-8045817,60.0
,,112-6742849-6240237,14.39
,,111-0112994-9376217,20.12
,,111-9577891-8063433,30.0
,,113-2825021-6713062,25.0
,,114-2241440-7223423,20.0
,,111-7315126-8611468,25.0
,,111-1119703-7512249,109.99
,,111-1160996-5462612,10.0
,,112-3382280-9004259,25.0
,,113-3411502-9334621,113.36
,,114-6068836-5117009,129.36
,,113-7678972-7154606,60.0
,,702-1870111-0773843,139.99
,,114-2082104-3223445,15.0
,,113-9544166-9369853,30.0
2023-05-20,,114-7304312-2166619,5.0
,,112-5446905-7523462,36.28
,,112-3657631-6337036,40.0
,,113-0600881-8933067,40.0
,,111-4115838-6817006,16.31
,,114-2750811-7257803,89.99
2023-05-21,,113-5310898-3254624,34.8
,,111-1207428-5523457,15.0
,,114-2295325-3279437,30.88
,,702-7555520-0040200,30.19
,,113-0784759-1386618,12.16
,,112-4357528-5357853,20.0
,,114-0902691-4384205,66.24
,,111-0103748-7892228,69.99
,,111-4352898-6702616,25.0
2023-05-22,,702-7217326-7330603,15.0
,,111-3118195-2889838,42.49
,,111-5467044-2749018,43.54
,,112-0931765-7174613,22.89
,,112-9958873-7917854,
,,112-7244121-6935440,11.19
,,114-9363158-9468227,10.0
,,111-9006136-1491443,84.99
,,112-6783635-4081853,97.53
,,112-4684639-0600244,105.52
,,111-8551940-7477859,36.8
,,113-7159588-9929811,19.86
,,114-9000962-6717069,5.0
,,111-9640604-1280244,15.0
,,112-1359444-5033846,27.99
,,112-8701303-7628207,100.0
,,701-1049274-2771432,10.0
2023-05-24,,111-2057490-0964221,28.6
,,701-0120622-4959474,36.15
,,114-6744896-4856205,22.25
,,111-0689714-3733043,30.0
,,111-8808687-4816226,10.79
,,113-0153712-9265816,10.0
,,112-9818141-4257858,38.73
,,111-1656899-0342636,64.8
2023-05-25,,111-4374534-2669858,11.0
,,114-7669624-7231466,5.0
,,113-3907827-5410642,105.49
,,112-7892467-6175467,10.91
,,114-0187765-4193009,32.29
,,114-8546341-5408269,34.47
,,113-3160703-1579432,53.64
,,114-5133715-4765062,63.17
,,111-4376502-2661007,25.0
,,111-0803542-7474642,39.41
,,113-4015304-3838660,29.99
,,112-7607755-3988223,25.0
,,702-9921145-4273069,160.99
2023-05-26,,113-5954098-9707437,15.29
,,702-6365431-8574634,15.0
,,113-9535243-8249040,109.99
,,112-1856705-3624218,12.83
,,114-0581074-3560243,40.84
,,111-5777034-0907420,32.39
,,114-8846692-3017857,70.61
,,113-5780236-9614668,60.0
,,113-7265082-2915462,70.0
,,111-1554049-9530617,30.0
,,114-5545665-9263419,10.0
,,112-8863254-3712247,42.89
2023-05-27,,113-5033152-7415437,57.25
,,112-9935240-7345821,25.0
,,114-2328911-9627413,15.34
,,113-0812560-7551451,53.45
,,114-6891067-2416200,17.3
2023-05-28,,111-2940694-3443403,5.0
,,111-6911690-1770608,30.0
,,113-6948480-0800215,85.19
,,111-7279310-7138629,42.89
,,113-4725286-9576202,104.06
,,114-5550602-2828219,13.0
,,114-0820897-2873845,79.79
,,111-6282270-4448262,13.99
,,111-1774807-5192236,20.28
2023-05-29,,701-6478637-9398610,50.0
,,111-9226547-3459458,51.62
,,111-5129180-0593039,112.34
,,113-9943668-3945813,35.0
,,111-8281436-9891449,20.0
,,113-0152111-5159423,32.39
,,113-5901851-0913027,79.68
,,111-9678645-3786637,23.67
2023-05-30,,113-1208071-5665017,105.49
,,113-2438010-9969807,35.0
,,114-7188735-4223457,40.0
,,113-2464069-4745814,268.7
,,114-1098005-2097041,35.0
,,111-0855170-2951431,34.07
,,701-1834293-9998639,356.41
,,111-9663259-1453062,33.15
2023-05-31,,114-4120583-3517019,16.67
,,111-6058354-6420208,127.61
,,114-6752836-4973856,100.0
,,112-9235083-5600244,14.76
,,113-4486223-9177855,43.29
2023-06-01,,701-4679833-9910635,28.73
,,112-3882991-0978604,27.55
,,111-9676301-2588254,30.0
,,702-2564477-6621008,159.99
,,111-1659116-7397031,237.02
,,113-0025030-9387458,237.02
,,111-9924914-5936200,28.78
,,114-3531701-7202656,18.52
2023-06-02,,111-3822723-3740222,48.98
,,112-7527428-7376218,120.65
,,114-6624323-6030665,60.0
,,112-5854117-6423412,69.99
,,113-2466018-4746645,7.37
,,112-9117299-9197830,29.16
,,111-5024738-7721010,47.69
,,112-4456971-8952225,239.57
2023-06-03,,701-8014650-3918653,21.46
,,114-8300746-4963402,33.91
,,114-1955049-7554666,30.0
,,701-5577673-8505055,81.62
,,111-5874625-9585054,40.35
,,112-8783224-5045067,60.0
,,114-5109042-2395459,19.56
2023-06-04,,112-6073212-0524235,243.79
,,112-9428480-1628226,39.0
,,113-2620792-6990613,22.41
,,113-9126177-2281855,8.0
,,113-0196365-4024220,28.7
2023-06-05,,112-5681121-1042618,223.73
,,111-4854504-2354623,65.0
,,112-1776585-8701857,40.55
,,111-8073699-3053862,15.99
,,111-0485231-8885025,38.58
,,114-6893243-3192217,115.92
,,112-8992344-6673862,31.86
,,111-4687537-5485042,13.99
2023-06-06,,113-4269153-0493844,91.36
,,113-2654691-3060268,10.0
,,112-1666396-8490668,13.99
,,114-3015618-0550651,25.0
,,112-2140792-9920217,107.99
,,114-7302114-4569826,13.99
2023-06-07,,701-3842885-4193049,27.99
,,113-1645897-9081834,10.0
,,114-9639195-0686628,25.0
,,111-5841942-2985840,14.49
,,114-7842458-4073017,92.01
,,114-9956112-7421867,106.99
,,114-7804370-7209811,25.0
,,112-7555641-4619456,158.99
,,113-5604748-8925827,38.65
,,113-2179206-4613001,90.09
,,111-0089173-8845005,20.99
,,111-7480095-0488200,131.27
,,113-6135768-4741832,6.08
2023-06-08,,113-1645897-9081834,10.0
,,114-3452382-9931459,31.29
,,111-0611454-6218626,29.95
,,111-8860030-4870635,28.95
,,113-5251998-2567418,7.0
,,113-1682371-8438636,100.0
,,112-8705175-7441041,107.24
,,702-7975373-8482644,356.41
,,112-7123560-6949017,40.0
2023-06-09,,114-5384674-6892218,52.99
,,111-3265454-4923412,46.99
,,113-4420298-2857834,44.03
,,702-4380585-5716222,18.86
,,112-0013034-8708210,17.99
,,111-7400393-7781856,53.36
,,112-0808477-2857823,39.7
,,702-0438926-4695459,36.0
2023-06-10,,111-6515990-9336264,10.0
,,701-8009185-0608235,109.24
,,114-3951525-1074635,22.25
,,112-8928174-8500257,39.99
,,114-6581327-1261035,45.0
,,114-5887194-9754637,95.0
,,701-1983882-2593058,30.0
,,113-8522593-4045048,115.52
,,112-5412537-5060220,26.98
,,114-9240703-7317016,12.84
,,112-7868413-1567456,19.33
,,113-0084133-1059465,19.33
2023-06-11,,113-8247451-0300267,46.53
,,113-3976566-6118613,60.0
,,111-4051766-0112208,42.72
,,112-2506952-1933007,21.39
2023-06-12,,702-1769163-1349865,90.39
,,111-6773071-5131411,45.27
,,112-6734736-9794634,116.59
,,111-8033171-9594638,21.19
,,113-0151632-6695442,16.3
,,114-0101757-5790611,97.41
,,114-2569204-5910630,123.42
2023-06-13,,111-6964318-9621824,31.49
,,113-4032809-5706621,50.0
,,111-1002780-8111463,15.0
,,114-7516308-9737805,21.19
,,112-6042707-3206605,38.89
,,111-6992854-9975462,104.0
,,113-0464017-6951427,40.65
,,113-5536113-0171449,28.17
,,701-2251624-5022665,67.19
,,113-0672500-7882646,35.0
2023-06-14,,112-4041157-3717027,50.0
,,111-1428309-1554662,23.41
,,112-9434050-6623444,57.65
,,112-1929060-1880235,38.51
,,113-1662702-6395452,78.11
,,702-9293300-6092208,35.69
,,701-7082618-4249069,114.99
2023-06-15,,114-8440593-1108201,160.05
,,111-0415834-6475463,84.59
,,112-2347044-3471414,40.3
,,112-0715526-7805032,10.0
,,111-7333653-2711415,19.93
,,701-4797520-3404254,12.43
,,112-8870600-4412230,25.82
,,113-6644588-4201861,15.02
,,114-1351782-2365046,30.0
2023-06-16,,113-1872043-7809853,48.86
,,114-0957973-3665009,30.0
,,113-7336953-5809828,132.26
,,111-2560761-7804262,119.49
,,112-4976140-7013018,5.94
,,113-8048275-9946641,127.94
,,113-9389472-9751402,39.99
,,112-9560533-9497865,11.54
2023-06-17,,113-2811303-3679450,51.4
,,111-9126229-6264255,15.0
,,114-2406649-4705031,11.19
,,112-5612890-1285025,88.15
2023-06-18,,112-3544972-7851454,67.83
,,111-4729913-7312202,89.99
,,113-4212936-1715425,70.0
,,111-8200521-2482637,86.8
,,114-0570905-9528254,130.67
2023-06-19,,111-4039810-0847400,8.79
,,702-2390037-3963467,10.0
,,113-5148633-9103411,40.36
,,111-4297328-8057867,8.0
,,114-3952114-7200266,35.0
,,114-1705562-4098603,18.74
2023-06-20,,113-7971948-1587462,48.52
,,112-3553982-7793017,11.69
,,114-2216130-4553001,89.24
,,113-0480050-8334629,20.99
,,114-1667207-0098667,20.0
,,114-7873730-3745056,137.79
,,112-3068246-5158651,30.0
2023-06-21,,113-3129543-4998650,86.66
,,113-5068553-5263461,5.0
,,112-9137065-0631436,106.34
,,114-4090955-6357839,20.99
,,111-2205347-1793816,117.54
,,112-1289098-0967408,80.0
2023-06-22,,111-7431629-2506631,44.99
,,114-1724182-7322667,70.0
,,114-3827287-0500260,54.11
,,701-6932952-6037020,15.22
,,114-5434802-5029840,84.79
,,702-3243655-4351446,139.99
,,113-7817092-2620251,10.0
,,114-1762451-6991406,339.19
,,112-4911726-4630619,120.0
2023-06-23,,702-5234673-8724207,45.19
,,113-5917013-0096259,84.52
,,114-8458044-7311445,97.19
,,113-1027970-0177024,8.39
,,112-7835435-2797046,121.53
,,111-0734504-6379432,67.43
,,114-9288084-1505069,54.74
,,111-8931173-7396243,119.99
,,111-5779521-6314624,119.99
,,111-2760540-9044255,50.0
2023-06-24,,114-5556076-5269060,20.0
,,111-7931439-1300229,150.0
,,112-3921993-6709825,21.03
,,112-9208460-5324246,79.99
,,112-1824121-2741860,35.0
,,112-8819862-6310663,91.79
2023-06-25,,112-8594640-6533816,18.01
,,112-4559955-2781020,43.43
,,113-9624745-4382653,142.41
2023-06-26,,113-3169298-0973800,15.0
,,112-8479381-6221013,27.02
,,113-3999089-2865048,15.0
,,111-4995739-5793021,15.99
,,702-1664451-4667441,52.89
,,112-6909570-3375427,47.96
,,113-0065359-8225000,131.53
,,112-6058336-3969865,25.0
,,702-0537482-9821813,86.22
,,113-7912040-2702648,32.5
,,113-8251917-3551438,103.65
2023-06-27,,701-4734735-7550626,19.2
,,112-7480136-5649041,119.96
,,114-2222249-7570603,
,,113-8711769-7175460,30.66
,,111-4594389-5877066,38.78
2023-06-28,,112-9801809-9550634,128.39
,,702-1435357-4177816,248.59
,,111-8054479-9296232,48.25
,,112-8857678-7369859,69.99
,,113-3442517-2865027,64.49
,,111-7141589-6498663,7.61
,,113-5211471-6426621,26.09
2023-06-29,,114-5182183-2073817,121.95
,,114-6839160-2445858,171.19
,,111-6386742-5581846,49.04
,,113-4668320-1483431,60.87
,,114-9946272-6191413,45.57
,,114-2406128-6109843,60.0
,,114-2101746-2146620,6.11
,,112-6900783-7625822,52.67
2023-06-30,,112-1952886-5511412,27.77
,,702-9357965-8583405,153.67
,,701-0507109-3205048,139.99
,,114-4845459-9567426,17.49
,,111-4720996-5468200,104.73
,,113-7199497-1423455,6.43
2023-07-01,,111-1236218-0050649,127.16
,,111-5446083-7389853,25.0
,,113-9108776-0047416,11.0
,,701-7734486-8437819,182.48
,,113-7795750-5046660,22.24
2023-07-02,,111-5370550-4286667,20.0
,,113-2543113-4731463,15.72
,,112-7471442-4182634,199.99
,,112-7909702-8118633,25.0
2023-07-03,,114-1843101-6689015,35.0
,,702-7397227-7093868,158.19
,,114-2070689-0272268,33.16
,,702-1656245-3458662,30.0
2023-07-04,,112-8435701-1276224,85.59
,,114-1403918-1639447,50.0
,,112-5994335-3049024,16.99
2023-07-05,,114-4560870-6417810,35.61
,,112-6808708-4088209,31.99
,,111-8341644-1105809,41.03
,,114-6468922-2858643,25.0
2023-07-06,,111-9122780-0497033,17.15
,,701-4536282-9531404,15.0
,,114-2002360-7011452,20.0
,,111-0369663-2049867,21.54
,,112-5537404-1196211,65.0
,,112-9889478-4107468,106.24
,,112-0730180-8393068,45.0
,,114-4251674-2382601,15.0
,,111-6766774-3539432,30.0
,,114-0870254-7062669,127.19
2023-07-07,,113-7800507-8228207,119.48
,,113-7374918-3015421,21.81
,,701-5996228-3589848,96.04
,,114-5728985-0061035,84.99
2023-07-08,,111-8666669-5887468,43.47
,,114-9548435-8785013,30.0
,,114-7620740-4048212,148.73
,,114-4193827-6955453,36.45
,,114-8755597-4503407,23.88
2023-07-09,,111-2540925-2469054,75.99
,,112-8920029-0314627,34.75
,,111-2958310-7597014,32.09
,,112-7574984-9828267,32.09
,,112-8231495-1085818,30.0
,,112-1821902-7747462,18.01
,,114-8593351-5466638,35.99
,,702-0161519-2436272,17.84
2023-07-10,,114-4559610-4121863,80.0
,,114-3978582-6093826,24.47
,,112-2723146-2429016,3.79
,,112-6402707-7608260,14.0
,,113-8962549-3663423,159.36
,,113-7775688-3185821,38.73
2023-07-11,,111-1478433-3324219,26.49
,,702-9074682-1141831,15.0
,,113-3074449-1389006,100.0
,,113-0534212-9764269,80.0
,,114-0450295-5079450,50.0
,,112-9504653-4100205,25.0
,,114-7719444-4565032,20.0
,,114-7405936-7311465,193.09
,,113-0061269-1523436,95.39
,,114-0917309-7814612,17.4
,,111-0870713-6885849,10.0
,,114-8888252-2165854,130.64
,,114-0070552-4299453,31.94
2023-07-12,,114-8493032-6536257,106.24
,,112-3414802-0357813,209.33
,,701-3420306-4128252,259.98
,,113-9875458-0626622,119.49
,,701-2012344-9381024,50.0
,,112-8024441-1510661,38.69
,,111-1147962-1775404,42.39
,,111-1339892-2750641,30.0
,,113-4771673-6447468,12.87
,,111-3448637-9551446,20.46
,,114-4588708-8736257,46.32
,,111-3064465-8668263,30.0
2023-07-13,,111-6185270-3993024,78.79
,,112-5556038-8465040,42.39
,,111-3495724-8003465,60.0
,,111-4135512-1378651,38.88
,,111-8161813-5415443,21.46
,,113-0397979-6631468,15.0
,,114-2350014-7938660,56.72
,,111-6935207-7834631,55.0
,,112-1924253-9159409,48.0
,,112-1671159-8605833,50.0
,,113-3260031-1876216,12.96
,,112-5395599-7188212,142.99
,,114-8679455-4323439,13.99
,,114-3759598-1474634,106.34
2023-07-14,,111-2904725-5097002,66.45
,,111-3597072-6707401,48.52
,,112-1726184-7877042,127.61
,,111-0827553-2325837,29.37
,,112-1209197-3145804,31.26
,,114-3272485-4762627,26.86
,,114-6094526-2050658,10.0
,,113-5535657-3101046,60.0
,,112-5077604-8859402,60.0
,,113-3565965-9567444,27.82
2023-07-15,,113-1711244-2073002,117.55
,,111-8829022-0144242,158.99
,,114-9973637-7552242,42.49
,,111-3677618-4597865,69.99
,,112-9083124-1670622,30.24
,,113-4144840-2390661,78.54
,,111-4899641-8681035,28.13
,,113-3082567-6680201,138.76
2023-07-16,,113-4478949-2435428,40.0
,,112-5898208-2937860,624.14
,,113-0433378-6771422,104.39
,,112-7429926-3632204,25.14
2023-07-17,,111-6059591-6852219,50.0
,,112-3252855-7452228,43.19
,,112-2708017-9151461,19.7
,,114-4423387-4286667,12.99
,,113-9878977-8033841,7.0
,,112-9556441-8393035,30.99
2023-07-18,,112-4556347-2397819,25.0
,,112-4372717-6563465,10.0
,,113-4872588-6778662,45.95
,,113-7015048-4733062,89.99
,,111-3647256-3514620,35.22
,,113-4510413-4778603,21.79
,,113-0309547-9806648,41.45
,,112-1125458-9280218,15.0
,,113-0694493-5026600,13.99
,,113-7652183-9902633,30.33
,,112-9080742-3472220,20.0
2023-07-19,,114-9922545-5706646,38.51
,,113-0378867-6063403,25.0
,,113-9747452-4033000,40.65
,,113-7394038-1049011,35.0
,,114-8200360-7283469,21.64
,,113-4711654-4425865,5.0
,,111-1268493-7171402,95.97
,,701-4631512-0935434,39.99
,,113-5074359-3021012,17.23
,,114-8716838-9528256,50.0
,,112-3951844-7422639,253.56
,,111-3323433-5934648,20.37
,,112-4829747-6468216,52.35
2023-07-20,,111-3402042-5874661,21.4
,,114-1668079-2001813,
,,112-8019644-4227453,15.86
,,111-8162367-9439441,42.14
,,112-5024665-2132254,108.06
,,111-5135816-3456239,5.0
,,113-0027504-6051455,39.95
,,111-9838426-7655435,10.0
,,114-8945536-4765825,47.73
,,112-3349680-1765035,34.98
2023-07-21,,111-1452408-4108236,20.0
,,111-1116330-4202631,123.1
,,111-2916260-2733825,53.36
,,111-8863847-5811444,42.03
,,702-1317107-6594602,52.49
,,114-4634703-2321841,74.89
,,112-9417548-9353866,139.41
,,114-4168489-6541014,22.71
,,112-8453027-0536207,27.06
2023-07-22,,112-6233043-5248229,15.0
,,112-7342819-1743440,135.99
,,111-2243588-3516203,89.99
,,702-0631649-9396262,192.09
,,112-4451111-5871452,42.79
,,113-3554006-7007422,12.14
,,113-6890502-5598639,107.99
,,111-5205185-0504235,20.03
,,111-6380779-7325804,10.0
,,113-8593492-6908217,12.99
2023-07-23,,701-8889292-1745869,50.0
,,113-0731824-8577025,20.0
,,112-6810095-4108211,28.78
,,114-7633326-0836222,20.0
,,114-9256900-4324261,15.0
,,113-3188795-4743466,30.95
,,113-6675253-4589824,40.0
,,113-0904161-0617025,38.6
2023-07-24,,113-0670268-8919400,8.0
,,111-6096319-8004202,12.0
,,113-8203600-4873048,20.0
,,112-5755772-2473036,74.19
,,114-3508178-2788222,111.29
,,112-6897750-8409003,96.29
,,112-6433781-4546649,30.0
,,112-8391194-5651445,30.0
,,113-6478079-8322638,12.06
2023-07-25,,112-5174520-6751411,75.06
,,113-7773467-0328236,35.0
,,111-9963645-7170625,105.91
,,701-9013196-6525022,25.0
,,112-7092524-7908206,39.99
,,114-7823557-7698607,37.63
,,112-6892514-0568234,50.98
,,114-9826404-2149029,10.0
2023-07-26,,113-4062791-1377034,290.24
,,111-1470931-7919465,104.25
,,113-1129508-0313830,43.01
,,114-3346561-7177038,37.97
,,114-2165449-7516211,3.5
,,111-3221062-8211428,33.22
,,111-5170786-0797022,35.0
,,702-9285301-5800239,80.0
,,112-6982410-1439458,21.75
,,112-7384175-8554651,8.0
,,114-5925342-9141024,130.04
,,701-0825976-2775400,25.0
,,114-7298685-4735444,80.0
,,113-8363791-9799444,85.64
2023-07-27,,112-8928800-5738628,10.0
,,111-8200391-4690661,5.0
,,701-1292372-3309061,187.57
,,113-2541679-2930660,52.99
,,111-3973642-5314609,32.75
,,112-9223905-0445023,206.61
,,113-0898701-8437811,10.0
,,114-4156815-1703416,35.0
,,114-1616269-3655452,35.0
,,114-2463164-9905850,35.0
2023-07-28,,114-9449820-9171409,5.14
,,114-2824967-0337027,50.0
,,114-4841214-6216234,25.0
,,113-3077077-9180235,36.71
,,113-3617454-6491437,12.99
,,111-5301114-5478604,84.99
,,112-5760382-5993053,69.99
,,111-1889690-8392247,30.0
,,114-7045720-3169019,43.89
,,113-4607232-3745039,46.73
,,111-7482657-0777808,25.0
,,113-3945580-1298645,149.79
,,112-4146804-5667439,98.54
2023-07-29,,114-1163813-6701018,16.0
,,702-8034330-9893059,51.97
,,701-7658443-1565053,51.74
,,111-1823885-7273065,42.79
,,114-5070595-7678649,22.0
,,113-3152952-5484216,12.99
,,112-0495544-4798603,18.01
,,114-7994526-7234647,20.0
,,114-7587799-1721860,20.0
,,111-0915612-1669824,20.0
,,113-0016222-8616248,10.99
,,113-4737053-0017866,19.18
2023-07-30,,112-2535259-2553042,20.0
,,114-5970672-9996224,84.79
,,112-7740035-3906602,46.16
,,113-7753670-4079440,42.11
,,111-9929818-2430666,40.0
,,111-0746582-0722631,20.0
,,112-1651307-0924255,22.32
,,113-9607966-4259414,50.0
2023-07-31,,702-3735033-2157030,41.38
,,111-1081777-7596200,349.49
,,111-2461491-2550607,116.7
,,701-8393751-4085857,51.05
,,114-5709409-8710664,113.78
,,114-2785791-2605011,19.91
,,112-8532171-9329027,129.7
2023-08-01,,113-2181528-3574659,28.78
,,702-6890111-8384217,39.3
,,113-9932734-8672262,125.67
,,113-3328925-6414620,50.0
,,114-0843477-7993825,19.99
,,111-5414007-6557809,14.65
,,113-3353459-1914647,91.58
,,114-1847186-3897852,40.0
2023-08-02,,113-4421377-4445857,50.0
,,114-4858378-9580228,19.07
,,111-4561149-0217828,35.0
,,113-0258882-6115423,35.0
,,113-7093594-0373805,42.45
2023-08-03,,113-0967756-7454669,12.99
,,111-5810231-1362601,45.01
,,114-9879119-8205811,29.62
,,113-4597437-7073049,53.75
,,113-7698363-6839401,79.99
,,113-3388390-6212247,15.0
,,114-9351394-3905063,29.1
,,114-4001143-3693813,20.0
,,112-7098963-4983430,10.0
,,112-8591387-3584224,45.61
2023-08-04,,114-3368131-9842617,38.37
,,114-7865363-0555412,116.86
,,114-4096565-1696260,260.0
,,113-7052415-0161044,40.0
,,112-9478940-7785862,12.99
,,112-8817478-0601067,139.09
,,113-8776804-7804217,6.99
,,111-9361923-7178603,10.0
,,112-7392361-4992211,15.0
,,113-3300521-1669021,10.0
,,111-2442407-4321864,15.0
,,111-1286682-5926646,69.99
2023-08-05,,114-6455629-9665863,148.39
,,702-7333978-5002615,14.0
,,113-8947004-7671428,8.57
,,113-3368141-4931432,85.59
,,114-3320276-5420233,25.6
,,111-9464961-1766633,30.0
,,113-0465268-3539447,41.45
,,111-8603512-3805068,22.3
,,111-9164726-3542651,32.84
2023-08-06,,113-2166729-7573857,28.78
,,114-1170480-3079424,30.0
,,112-9851616-5236210,50.0
,,113-3967621-6687415,160.49
,,111-4455190-3165842,33.06
,,114-1972386-1205005,104.85
,,114-0308782-9102673,9.99
2023-08-07,,113-1958508-3623467,167.3
,,113-7731455-1906652,104.99
,,111-0501686-9471467,129.99
,,114-7302011-2984252,35.0
,,114-4464960-4224232,29.62
,,114-1714930-9763430,20.0
,,112-6497881-7771463,66.96
,,701-6115032-7612265,19.0
2023-08-08,,112-6332200-3946638,39.3
,,113-9275541-5759461,40.0
,,111-7196355-2270600,45.78
,,114-7774714-9721037,70.0
,,112-2820847-4402655,98.88
,,114-1488732-0324266,35.0
,,112-8078904-7002653,160.99
,,111-6608931-0741863,169.87
2023-08-09,,114-5640589-7223416,118.48
,,113-6516837-9467421,110.0
,,113-4582125-2853063,34.62
,,112-5415283-0041852,11.99
,,111-2096087-4122663,13.92
,,114-8787879-3681821,70.0
,,112-1048396-7389818,10.0
,,111-6341896-2429844,39.09
,,114-4239244-0239417,25.0
2023-08-10,,113-8213918-9417053,80.17
,,113-8457315-7358613,37.51
,,701-5937759-7574606,10.0
,,112-2213196-9812234,36.06
,,113-4721836-5069066,138.69
,,113-6386684-2100205,15.0
,,113-5349129-1672254,15.0
2023-08-11,,113-6841829-2518667,15.0
,,112-5220924-0395418,64.33
,,111-4905819-0729868,50.0
,,114-1531345-0041821,68.53
,,113-3444271-5418607,43.17
,,701-6927200-3996218,15.0
,,112-0506936-7805023,57.36
,,114-4501219-1716258,68.47
,,111-5380194-2026635,40.46
2023-08-12,,701-8511487-3604238,27.11
,,113-8657066-1137822,30.0
,,113-0180508-0384264,84.79
,,111-0725369-4564251,37.18
,,113-8169078-5059427,32.46
,,112-9842352-1969065,33.14
2023-08-13,,113-4803917-3101817,35.0
,,112-0426221-7173824,18.99
,,112-7194731-0377867,24.37
,,112-8112527-4517008,6.04
,,114-8561671-4743450,13.77
,,112-0011888-1561069,18.18
,,112-6105517-3897826,50.0
,,114-2116957-3225037,30.0
,,113-0517125-2797059,5.0
,,112-9788881-8938664,43.19
,,112-3456359-8440233,79.99
,,113-1810127-4653863,23.42
2023-08-14,,113-5634467-2837047,42.99
,,112-7062650-5824265,20.0
,,114-7124449-9230640,121.31
,,702-8635374-4822662,45.0
,,111-4442692-8694603,25.0
2023-08-15,,111-6620929-6789802,49.99
,,701-4407223-9457055,45.99
,,112-1123135-4870607,80.0
,,114-8666526-8968265,23.53
,,702-2791072-9289069,45.19
,,701-1267731-7466634,192.09
,,112-5163104-7459425,34.44
,,112-9392403-8185839,37.31
,,111-1866802-1529813,22.62
,,112-0004220-9075426,109.99
,,702-2241154-2178616,51.51
,,112-7181730-7408204,6.76
,,114-9627183-9465030,47.67
2023-08-16,,113-4417334-3297858,54.15
,,114-4847980-4990650,31.79
,,111-1828115-8928229,97.04
,,114-6706858-8769838,30.37
,,113-5498651-6503425,25.1
,,112-3796965-7336264,50.0
,,701-6935932-2840212,107.94
,,113-5037740-1057835,54.11
2023-08-17,,112-5084528-6711419,6.99
,,111-1946171-8037049,95.99
,,113-7412312-1495435,86.59
,,114-4689145-8146622,89.99
,,114-8772507-4699407,30.0
,,111-4459394-3761008,119.74
,,112-6600266-9046646,30.34
,,111-9932554-5717028,13.99
,,112-3638819-1073029,16.21
,,112-3959091-3654613,44.03
,,114-9144981-0483464,53.99
,,113-8765036-2099423,24.54
,,113-3889167-1578641,73.86
,,111-7005280-6560229,46.32
2023-08-18,,113-6365323-9904268,27.93
,,111-5668580-9309058,15.0
2023-08-19,,111-2184145-2768250,96.06
,,112-9396625-8915447,29.47
,,112-2273339-3775414,362.94
,,112-9529558-0882668,31.89
,,113-7426220-8957866,20.0
,,111-4963530-8569866,42.99
,,114-5389183-2321035,29.37
,,112-0093874-3348279,388.23
,,112-3635618-7774637,34.23
,,112-2021905-5381815,99.99
,,112-3957410-3593036,81.31
,,111-7178498-3431425,21.71
,,112-6790032-6151464,35.0
,,111-5258347-9479443,99.68
2023-08-20,,112-3187245-6667450,10.39
,,114-2690852-3577804,12.95
,,113-7479986-1584244,20.99
,,113-8456469-9251414,154.34
2023-08-21,,112-5355239-3823405,10.0
,,114-9868195-0150616,23.53
2023-08-22,,113-7845040-2610652,49.99
,,111-5477800-3529063,85.07
,,702-6548668-7001819,34.64
,,113-3330870-3331404,35.0
,,114-5676153-4199405,67.99
2023-08-23,,111-6518133-0712237,81.31
,,112-6299180-7561061,37.72
,,114-2632987-9745047,49.56
,,113-9485391-4771428,18.22
,,114-2089078-8165840,43.17
,,114-5273693-0272256,26.45
,,114-4118092-5956206,15.0
,,114-0443801-9909014,30.8
,,113-0162058-9882677,78.16
,,113-6216895-8312259,35.0
2023-08-24,,111-6094390-0566643,100.68
,,112-9961368-7937052,15.0
,,702-4230241-0402660,36.78
,,113-5692215-6161844,15.0
,,113-8725149-0724223,53.99
,,113-5060337-7560252,75.59
,,112-2792334-1919437,138.11
,,111-6935897-7567410,126.97
,,112-8375943-0364203,119.56
,,112-3954637-3457061,25.0
,,113-4381002-0926637,27.64
,,114-3075147-8412217,92.96
,,114-5781568-4109826,8.0
,,112-5214794-4843431,70.0
2023-08-25,,114-5824247-1974646,19.09
,,112-5084420-4171457,25.0
,,112-8435569-8848262,18.99
,,112-4233957-3750616,41.17
,,112-2626862-2344269,43.59
,,112-4529219-8153804,119.83
,,113-1665458-8979447,20.51
,,111-8448375-6677800,32.46
,,114-3571885-7745810,69.99
,,113-7505924-4235453,7.99
,,113-3155593-5257043,7.99
,,113-0496479-4509866,7.99
,,112-9574106-3767432,14.24
,,112-9337305-4844245,427.99
,,112-4311285-1379413,59.99
2023-08-26,,114-8034066-6661003,18.99
,,114-0358242-4177823,28.43
,,111-4302445-8441833,30.0
,,113-0734134-1261044,21.69
,,111-5645816-9326624,21.19
,,702-8062601-2057069,56.49
,,112-8240822-8187442,42.92
2023-08-27,,112-1817432-5814626,33.41
,,112-4505307-5702620,28.39
,,111-9135098-7494647,28.39
,,112-4825852-4316241,86.65
,,111-4987433-0770655,10.0
,,111-9327194-0657032,60.0
2023-08-28,,114-8016460-3921006,28.75
,,114-1871176-0923447,79.99
,,112-5545101-5942646,84.99
2023-08-29,,111-2206544-9139432,30.79
,,111-5604847-9676217,25.0
,,111-6962972-8747445,31.88
,,114-8145107-3837032,121.57
2023-08-30,,701-2860364-6956263,86.43
,,113-0277309-0036229,25.0
,,112-0068645-0525823,90.73
,,114-2210865-5039459,85.59
,,111-1955187-2126668,177.6
,,111-5040695-3253847,15.0
,,112-9432034-5884245,5.0
2023-08-31,,112-6656471-9447458,25.97
,,114-6545551-7478645,35.0
,,111-6064978-1121815,104.99
,,112-7780216-6393824,109.99
,,113-3435832-1517065,15.0
,,111-8102355-7428230,11.99
,,112-9797883-9273004,20.0
,,111-8126845-1565821,18.99
2023-09-01,,111-0499815-6620212,62.0
,,111-4873709-4401024,30.73
,,112-4825735-3118628,43.19
,,114-4768999-3416234,169.99
,,111-2590842-5105001,76.11
,,114-5991620-8871404,28.88
,,111-5045126-7809021,11.99
,,114-0461368-7100211,5.0
,,114-1562056-6552217,115.51
,,113-7988063-3014669,58.62
2023-09-02,,114-9955025-3730653,39.82
,,112-3612716-2260220,93.27
,,114-8784762-7518655,79.99
2023-09-03,,113-5230767-6921825,23.39
,,113-1473144-9517049,88.87
,,111-6725381-7096252,80.55
,,114-4438916-3995452,54.0
,,112-3292477-9621055,21.65
,,111-7198116-9241042,16.87
,,112-4356233-2665835,30.0
,,114-5621160-4536252,69.54
,,113-3287954-2355459,31.57
,,111-4037847-2744230,26.99
,,113-0647078-7122629,29.6
,,114-8388557-9261015,129.99
,,111-4119958-2753043,60.89
2023-09-04,,114-2765163-9986603,46.96
,,111-1914298-2077810,5.0
2023-09-05,,114-2354317-8587438,87.79
,,114-1588058-0475408,21.29
,,113-9179166-2046655,15.0
,,702-2829153-3434655,73.49
2023-09-06,,112-3258942-8601018,18.12
,,113-0414184-0236222,5.0
,,113-8442276-6059425,36.5
,,701-5005981-3972212,100.0
,,112-5458582-0299417,38.78
,,114-5851415-9469030,80.0
,,114-1885436-1668212,39.27
,,112-4434305-0837057,11.99
,,113-0748329-2026634,24.07
2023-09-07,,112-3642426-2181012,22.45
,,113-4779098-9463440,95.39
,,111-2641279-9439449,42.94
,,113-5955027-3231408,35.0
,,112-0683968-5149059,20.0
,,111-6625325-3859417,41.86
,,112-4023367-3064245,45.0
,,112-1946228-9535426,6.02
,,111-8089053-3173809,98.09
,,114-2712320-0476217,79.99
,,113-5911488-6592249,45.0
,,114-0066452-5773032,38.4
,,111-1629662-0391425,29.25
,,112-3088818-6071405,25.0
,,112-4368186-7573862,5.0
,,111-1627465-5709066,31.64
2023-09-08,,112-3136079-9585004,35.0
,,111-4848547-6530610,28.84
,,112-4120308-5431418,76.49
2023-09-09,,113-8604270-7261837,10.0
,,112-1507606-8463450,21.18
,,111-6257628-2129061,21.19
,,112-1208309-2261824,19.07
,,112-0803330-4773036,49.99
,,111-3174603-2417816,57.77
,,111-4659792-9911400,35.0
,,112-5948084-3783438,38.4
,,702-6558409-0252259,141.24
,,112-1785350-8533865,92.21
,,113-9051863-9313053,30.0
2023-09-10,,114-0615723-5785816,20.0
,,113-9850787-0022628,11.99
,,112-4286777-8954667,97.19
,,702-8969548-0503431,50.84
2023-09-11,,114-5858952-8167431,35.0
,,114-5866338-7573016,28.26
2023-09-12,,111-9387527-1526609,48.87
,,111-9976140-8125814,7.87
,,112-8903722-1582614,42.31
,,113-4344136-5793820,76.49
,,113-6724983-5339453,10.0
,,112-6172749-1578662,25.0
,,112-1831965-9809014,35.9
,,114-4675188-7025846,119.51
,,113-4678938-4755429,21.64
,,701-8539619-3477854,99.99
2023-09-13,,113-3362198-7367422,103.24
,,113-0263375-7406636,19.13
,,113-9481052-2198615,121.49
,,111-2920215-1255437,74.36
,,113-4105816-6162615,36.03
,,111-6549608-1037830,98.43
2023-09-14,,702-3347984-4935412,25.28
,,114-4349454-9461839,15.0
,,111-3858850-0492229,34.55
,,113-2959315-9290618,14.97
,,113-5299595-3547455,90.3
,,114-9730032-9362641,10.86
,,111-8392206-7077051,97.28
,,112-0973443-5114617,89.99
2023-09-15,,113-4708147-7053036,149.79
,,113-3138173-0546612,45.0
,,112-5183147-6679430,20.0
,,702-5169034-6453008,51.97
,,112-4040180-4417849,6.29
,,112-2770946-2627415,69.99
,,114-7438291-1999427,5.0
,,111-2156043-8478604,42.39
2023-09-16,,701-6486740-7709836,50.0
,,114-3533707-2906620,12.8
,,113-3249508-5783455,17.52
,,114-5310928-5811424,15.99
,,114-9271989-8869867,100.0
,,111-8134361-9925025,46.27
2023-09-17,,113-2401233-9445817,42.69
,,112-6006374-0887423,59.99
,,113-7443901-0074610,41.27
,,114-4556395-6529849,32.54
,,114-0762918-4105856,40.0
2023-09-18,,113-7715115-4599434,82.09
,,113-7419187-9913862,20.0
,,111-8897001-6922646,70.58
,,113-1850499-2962634,42.94
,,114-3888818-0084258,11.83
,,114-2517716-9115407,109.59
,,112-5106888-4569821,30.0
,,112-3542448-4611426,18.31
,,113-1265591-2441816,35.0
2023-09-19,,112-0595843-1374624,89.99
,,112-9519095-3258612,34.43
,,112-3828192-8241008,20.0
,,113-4681204-4725867,78.1
,,112-1188426-7542629,16.99
,,113-1348501-1171461,31.99
2023-09-20,,114-3442933-1088203,24.99
,,113-6779814-2827412,65.87
,,113-7412647-8559428,49.32
,,112-3484649-2437030,40.0
,,114-5634965-8925869,40.96
,,112-0164161-5421028,20.0
,,701-9351059-2118666,32.53
,,114-2183839-2347446,22.16
2023-09-21,,114-1003621-3971426,41.3
,,114-6700333-9942641,20.98
,,112-3562534-4063426,15.58
,,111-1173221-3269032,19.67
,,112-5135234-6277056,31.1
,,112-2114301-2745047,149.79
,,111-8574606-8751455,40.9
,,112-1363046-9305805,109.49
,,113-8376234-2389035,10.0
2023-09-22,,111-5526254-2937041,94.17
,,114-8155872-9086627,43.09
,,112-6164669-0782601,50.0
,,112-4395115-2961804,126.25
,,113-3792767-8141806,41.0
,,112-1648741-6732209,105.29
,,701-3123798-0471427,158.19
2023-09-23,,113-6590788-8417030,24.55
,,114-8158011-7383425,35.05
,,114-6734361-0979421,70.0
,,701-2160696-8595403,225.99
,,111-4430171-6182607,57.23
,,114-4086815-4365063,20.18
,,113-1299135-6207464,32.09
,,113-6275466-4023420,131.84
2023-09-24,,112-5632774-7038665,43.29
,,114-0939968-0981801,35.99
,,111-5150193-8835468,42.19
,,113-5892757-8701868,14.29
,,701-8418529-1698660,211.66
,,112-5861094-3174619,86.66
,,113-1797450-3361006,161.24
2023-09-25,,111-1468410-6979456,11.99
,,112-1182285-5648218,10.41
2023-09-26,,114-3286528-9165804,41.79
,,111-5230728-7089022,21.71
,,114-2365356-5025814,16.44
,,112-4552441-5355468,8.0
,,114-3545853-5316266,50.0
,,113-7934937-9445866,169.75
,,113-8176980-3123444,34.96
,,113-3724946-5659422,38.15
,,114-5773775-7479425,15.89
2023-09-27,,111-0812203-2695467,41.62
,,113-7668760-3929042,12.46
,,113-8406947-8350668,27.85
,,113-2957956-3805836,99.52
2023-09-28,,111-8678463-5477042,58.13
,,113-9176374-7411464,86.89
,,111-0065027-4288244,39.99
,,113-5047448-1605845,40.0
,,112-9655045-9497868,74.19
,,702-2513818-7641062,30.0
,,112-6967553-2685022,49.83
,,111-1632341-3121853,10.99
,,111-5783191-9772239,34.95
,,114-1354571-2797836,106.34
,,112-0173332-1038600,144.49
,,701-5160129-4432204,10.0
,,114-1783077-5970604,29.99
,,113-9930287-9884247,20.0
,,113-6928006-8461040,50.0
,,114-2990674-4215424,7.0
,,112-2682337-6137046,10.99
2023-09-29,,702-5422136-3299412,73.91
,,114-1114292-6069011,24.6
,,112-4931411-2866669,31.98
,,113-5632407-3810622,7.39
,,113-8259196-1808252,30.0
,,113-5676254-7576266,34.8
,,112-1181936-5925063,70.27
,,112-4835574-8411452,36.13
,,114-5018446-4433839,42.94
,,114-3933869-3954605,25.67
,,111-5174648-7873039,88.92
2023-09-30,,112-6062173-5342637,42.53
,,111-2158466-2281855,68.68
,,114-2446249-7316262,7.39
,,112-9777375-3161857,10.0
,,111-3048745-6577061,93.93
,,702-7923116-2309032,125.99
,,114-3421368-2909064,40.0
2023-10-01,,112-0929835-5233009,8.0
,,701-7671704-8224230,19.2
,,112-9986198-2714660,58.84
,,111-3241758-4433022,66.77
2023-10-02,,111-9045059-1094665,165.35
,,702-0567289-2561027,203.38
,,112-6153372-9925029,15.0
,,111-5060717-1178649,43.48
,,112-8188787-1193846,91.31
,,111-7779986-7767421,96.29
,,113-6506687-3404257,206.46
,,112-8980590-7898664,94.91
,,114-3091450-8496205,41.31
,,112-7687796-4521828,97.21
,,702-6838790-5921013,15.0
2023-10-03,,111-3858638-0792230,35.0
,,113-2381464-3356251,21.8
,,701-5729017-6973068,13.0
,,114-2914151-8927413,97.64
,,114-6434552-9521867,35.71
,,111-5381893-6700218,35.0
,,114-6316946-4029057,16.19
2023-10-04,,702-3523907-2933814,41.99
,,111-9887859-3121056,98.5
,,112-0535761-2016227,72.95
,,113-7792650-7398647,25.0
2023-10-05,,702-9219865-9549013,19.03
,,112-7358318-8873804,8.0
,,112-5732178-9781866,5.0
,,114-1721072-8173853,42.21
,,702-7026687-6655441,56.49
,,111-2498431-6773025,13.99
,,113-9464905-3439432,127.19
,,111-0654791-3434653,60.0
,,113-7058873-5211428,17.32
,,112-4795968-8627423,56.97
,,112-3976006-0957803,51.22
,,111-1800954-5955407,30.95
,,114-2715585-0965836,31.53
,,112-6987883-2891422,97.35
,,111-3491831-8698655,152.59
,,114-0514526-6632244,112.39
2023-10-06,,112-9914942-9045040,43.29
,,112-1944022-9609005,48.7
,,702-2394652-3090641,109.28
,,114-8732106-7261858,43.2
,,113-5488190-7367449,25.49
2023-10-07,,111-3694468-7485847,24.97
,,111-3326000-0375469,25.0
,,113-2906359-6223449,7.0
,,114-4240534-9183461,70.77
,,112-4892153-3533845,89.99
,,111-5055380-6013824,49.63
,,114-7921418-6618663,20.0
,,113-8515595-3782621,76.08
,,114-9721410-6892209,38.96
,,111-7868620-9597827,64.64
,,114-0819211-2383406,20.0
,,113-4395261-1605853,118.51
2023-10-08,,114-1419616-1656214,45.85
,,112-8320083-9609816,16.67
,,112-1855093-5455404,42.11
,,111-8400141-4194653,19.14
2023-10-09,,113-5871820-8081847,60.0
,,114-7253192-7451467,15.0
,,111-6640611-8075429,15.0
,,111-6487421-3254620,40.0
2023-10-10,,114-5153289-4161810,13.59
,,111-2767034-7441014,85.04
,,111-7935707-7164242,160.49
,,113-8608088-9697851,29.36
,,114-8853702-3125016,32.54
,,111-1520359-5936236,198.12
,,113-3355411-3565854,21.94
2023-10-11,,114-5185315-1311433,79.55
,,113-0315998-7297800,19.65
,,702-7393598-4757001,18.53
,,114-6144828-0545026,80.0
,,111-8101317-4549014,112.0
,,701-6912574-9099450,9.99
,,113-9306901-0954666,45.0
,,702-8212203-5157848,60.0
2023-10-12,,112-6092504-5264200,116.59
,,111-3381537-5936204,69.33
,,114-7160855-1894637,96.83
,,113-1776849-5606601,45.45
,,702-8286179-1130663,100.79
,,113-9076438-0784229,23.77
,,112-9278411-9680227,25.0
,,112-9706074-6166635,39.84
,,113-2043165-4833027,55.11
,,112-6293444-4229803,93.09
,,702-0973369-5609018,100.79
,,113-3232947-8866645,40.0
2023-10-13,,111-1097581-0702634,5.17
,,702-3933092-6361853,248.63
,,112-3964403-7967450,93.3
,,113-4163169-1762627,15.0
,,113-5432390-0233812,34.66
,,111-6095929-1141830,42.39
,,114-8021390-9469032,10.99
,,111-5549470-8091458,19.47
,,701-5141743-7041046,45.19
,,113-5676392-9841040,21.73
,,111-1163579-7785061,20.79
2023-10-14,,112-0157297-4020265,36.75
,,113-9753711-6153041,109.99
,,113-6111363-3686617,89.99
,,114-0849085-0653852,15.0
,,112-0452800-5669047,38.97
2023-10-15,,701-6159231-9224223,20.0
,,111-6821261-5813049,3.41
,,114-9778904-0995430,36.76
,,114-6349859-8040252,10.0
2023-10-16,,112-5618018-7422610,37.9
,,113-1179253-5736238,25.0
,,114-4003680-4200223,30.0
,,702-3473835-4483442,33.59
,,113-5693291-2145828,35.0
,,113-4883004-0773812,7.22
2023-10-17,,112-7017904-8061049,13.99
,,112-3230769-5127410,67.4
,,112-0441113-3914661,27.71
,,114-8749382-1405809,102.71
,,701-9838613-3839416,44.62
,,113-6475250-2021026,13.25
,,112-3052537-1764222,15.0
,,111-9526207-4469841,35.99
,,112-6875584-6786664,25.0
2023-10-18,,113-7628322-8893828,79.99
,,112-3184015-6162627,59.99
,,113-5329912-7842610,8.0
,,113-6797679-3473030,37.55
,,701-7143578-0610653,59.99
,,112-7699345-0897841,36.15
,,113-4413219-3953012,25.0
2023-10-19,,112-3841347-0493807,30.81
,,112-7033559-6583412,11.64
,,111-9470294-1315430,55.86
,,113-8600350-9359416,29.08
,,111-0420488-6368250,8.0
,,112-4551424-7474624,35.79
,,114-4337595-5627458,226.79
,,114-7104559-8811436,53.21
,,114-3890162-8961022,26.37
,,112-8454048-2173065,20.57
,,113-9429543-9481808,116.15
,,114-8317894-8215421,122.84
,,113-0719893-6855465,41.17
,,702-6960902-2045838,49.43
,,113-1165181-7104206,9.6
2023-10-22,,114-1652213-3805852,128.69
,,113-6292926-7225853,20.51
,,111-5881117-4134634,35.0
,,111-9739750-0117822,10.0
,,113-2595516-9076247,160.99
,,114-3325324-3142625,10.99
,,112-1390796-3947413,30.0
,,112-8822876-3473819,25.0
,,112-2032997-0781001,43.73
,,112-9086447-4561854,19.74
,,113-4324667-7294669,33.92
,,112-7017904-8061049,7.42
,,112-5095582-3013822,14.83
2023-10-23,,111-6040656-9445831,85.0
,,113-4483209-9596245,10.0
,,111-1550004-6381006,17.03
,,111-9446741-1584247,18.09
2023-10-24,,113-6066936-4218644,42.39
,,702-3842578-9707456,15.0
,,114-0800083-2064268,60.0
,,113-9823693-9977818,89.99
,,112-6899312-1000254,31.58
,,112-6914979-2820235,21.86
,,113-9064109-2482659,15.0
2023-10-25,,112-7859058-6201814,39.7
,,114-9029342-6886633,10.0
,,112-8851011-5110614,42.99
,,114-2163576-1649860,40.54
,,113-2333240-9246613,43.29
,,113-7564485-0209022,10.0
,,114-6549952-6275414,85.85
,,114-7016434-4205818,69.27
,,113-8019122-0861060,25.0
,,112-1993055-3497803,32.61
,,112-6652736-5517830,10.0
,,111-8189250-4254607,36.08
,,114-8608449-4465835,30.19
,,113-1674564-4857028,18.36
2023-10-26,,701-9346489-1021812,40.67
,,113-6295055-9315464,59.05
,,113-8706263-0598606,15.0
,,112-9435651-0153848,104.99
,,111-8242035-0424254,63.77
,,114-5092173-0009032,19.99
2023-10-27,,112-1179370-0152201,15.0
,,113-7869831-9617011,34.19
,,114-0566211-5505022,32.09
,,111-6269359-4674656,41.33
,,113-9337006-8670666,15.0
,,112-8376678-2283455,38.86
,,114-9037128-4503461,79.99
,,112-8374836-4947400,38.97
2023-10-28,,111-9415189-3736241,18.01
,,112-3774007-9850632,20.7
,,111-3950426-8505803,35.99
,,112-3684148-1793831,89.99
,,112-6310406-6521024,32.09
,,112-7433670-3015403,7.39
,,113-9685538-0925867,89.99
2023-10-29,,114-1569184-9928214,28.19
,,111-6790347-1002669,15.0
,,701-2196541-4637037,23.72
,,114-7169470-5600268,42.39
,,111-0640772-6440225,30.18
,,113-3306970-7965047,43.42
2023-10-30,,112-7464954-0654645,77.89
,,114-8437043-7526627,15.0
,,113-6307058-1225031,43.73
2023-10-31,,701-1548928-1617805,45.19
,,112-6829646-5886636,15.0
2023-11-01,,114-6241880-9782638,42.5
,,114-0463229-0113849,28.7
,,112-3635864-6377819,10.0
,,114-8878704-7139403,128.54
,,112-3022314-0333021,10.0
,,111-9222258-3014664,30.58
,,114-3623053-7021838,132.79
,,112-6737044-6514657,37.29
2023-11-02,,114-6449438-7158657,72.31
,,111-7411142-9019411,13.2
,,114-5146026-6231440,50.0
,,114-1592528-8618669,43.34
,,112-2497462-3076244,15.0
,,114-8650270-7170652,31.17
,,111-0203278-6681825,69.98
2023-11-03,,114-0688013-1477042,76.53
,,111-2159317-9176232,43.14
,,113-3087100-0221006,30.0
,,111-4386571-3443435,75.41
,,114-2030608-2906630,102.33
,,112-0766625-5686638,45.99
,,114-7699562-2130658,18.18
,,112-3330957-5823400,25.0
,,701-9845492-3364248,18.0
,,114-6761562-8143425,84.79
,,114-1280884-9785054,8.95
,,113-5756868-2363441,8.95
,,113-4795999-6991403,42.39
,,114-8424508-3346642,59.73
2023-11-04,,114-8178649-5255449,80.43
,,114-2343586-5627452,28.98
,,113-5165004-7013857,30.0
,,114-8156150-0962656,77.89
,,113-8004798-9718617,25.43
,,113-3879851-3457035,191.91
,,114-7864860-6627426,25.0
,,111-4075563-1103410,20.0
,,113-2913650-9461845,19.52
,,114-4524855-2911433,38.25
,,113-5782292-1801056,21.39
2023-11-05,,113-7176303-7866621,35.06
,,701-5038665-3032216,114.49
,,111-3590632-9909058,40.0
2023-11-06,,111-0945555-3569810,15.0
,,113-7776793-9148207,18.05
,,114-7190295-4118648,29.99
,,111-3927785-9523464,30.0
,,112-6953524-3349813,96.0
2023-11-07,,113-9079790-6403464,137.79
,,702-7850117-7253822,134.39
,,111-6987470-2363465,50.0
,,114-8531263-4470655,42.48
,,112-7850356-6876257,24.01
2023-11-08,,111-7344737-9939409,82.96
,,113-6446465-2210627,42.39
,,113-4341060-6281016,20.0
,,113-4751555-9353012,9.0
,,111-2974405-5704229,13.5
,,111-5499327-0513048,96.0
,,114-3401042-4160203,115.55
,,113-7961934-8917035,45.0
,,114-2540610-5064220,31.94
,,113-3537016-2865865,19.83
,,114-0637475-2782646,42.11
,,113-6955586-7691459,68.19
,,111-4867451-5605020,35.0
,,114-3602142-7142667,20.0
2023-11-09,,112-7500990-0705041,8.95
,,701-6813791-2355402,68.99
,,111-3144815-4651438,149.79
,,701-8255522-1646616,35.0
,,112-1334989-5057822,118.9
,,114-3958997-2624233,9.0
,,111-3797544-7694636,28.92
,,114-1823312-1257809,35.99
,,113-7489884-1379430,15.0
2023-11-10,,112-2770502-5194664,21.54
,,113-1821766-6125016,526.49
,,114-9709998-8097022,8.0
,,112-6004762-4421862,68.47
,,111-3506757-6157862,79.99
,,111-1063502-9890626,79.99
2023-11-11,,113-8226561-8881840,119.06
,,113-1609345-0197859,21.61
,,112-1752333-0114609,30.0
,,111-0061660-4500279,37.0
,,113-8102692-0515427,42.11
,,113-9522519-0313802,70.0
,,111-0240817-5904238,38.42
2023-11-12,,114-6189634-0820229,41.06
,,111-5743364-7525038,38.0
,,113-7154286-6757820,25.0
,,113-6406635-0989855,184.86
,,111-0981237-8127433,179.99
,,114-7922117-1265035,100.0
2023-11-13,,112-9879840-8009835,105.92
,,114-0127615-3176231,10.0
,,112-4649643-5922669,39.99
,,701-7980619-9403402,30.0
2023-11-14,,114-1754182-0391412,24.44
,,113-5760844-1799451,7.0
,,113-5035714-8924226,36.88
,,111-7680423-9221018,30.0
,,702-5590711-7896237,40.0
2023-11-15,,113-0750760-2553808,106.74
,,701-6115412-6037016,40.0
,,701-1576282-4051422,25.0
,,112-8674787-3168222,25.0
,,113-4294447-9623439,64.19
2023-11-16,,113-3715290-4194665,21.5
,,113-5609893-1194623,19.0
,,111-9833308-2593839,169.59
,,702-7618640-0661861,27.83
,,113-2339216-9850656,39.7
,,113-2571875-2176246,20.56
,,113-7694901-4353820,31.99
2023-11-17,,111-8146902-9936220,43.19
,,114-2927103-2252255,42.39
,,112-3750073-8787442,40.04
,,701-3681070-9957847,554.99
,,111-0232937-9537828,104.99
,,113-4690764-0629858,53.49
,,702-1097090-8008255,67.18
,,702-9920005-1765068,31.35
,,111-3151012-1859407,38.91
,,113-6574184-8661831,48.79
,,111-6882453-5308237,51.93
,,112-9902960-2189033,46.89
,,112-3255963-5949846,8.95
,,111-7959592-2813049,29.99
,,114-7169006-7938614,89.99
2023-11-18,,114-3620142-9536233,18.4
,,112-9756029-7795417,55.99
,,114-6938354-8755465,69.99
,,112-5847906-8097802,20.0
,,114-2167394-7201043,43.0
2023-11-19,,701-6018646-9824229,180.79
,,113-7426673-8557838,79.47
,,111-8000219-4786621,38.03
2023-11-20,,702-2941469-0966640,67.19
,,114-0351791-0938667,10.0
,,113-8444891-8009037,79.99
,,113-6924993-7315401,75.68
,,113-0171858-8538623,24.13
,,113-4456262-9635412,38.73
2023-11-21,,114-0232300-7612266,27.0
,,111-1933506-3236209,48.13
,,111-4208338-6517848,43.31
,,113-0553446-9753805,36.92
,,114-5375636-4958622,43.0
,,114-3046013-4830665,7.76
2023-11-22,,112-6006173-6087450,10.0
,,112-4635617-6393049,37.3
,,114-9622264-5509830,92.11
,,113-1486398-4797000,103.69
,,114-3727061-7417801,108.41
,,113-7309022-7981840,79.99
,,111-5326375-8874641,20.0
2023-11-23,,112-9245854-4746618,103.76
,,111-0626853-5435462,20.0
,,113-2342687-8472215,123.67
,,113-1756638-4426616,26.74
,,702-9456731-5751404,20.72
,,113-3942873-4497059,64.78
,,702-3275761-0409048,33.59
,,702-6868025-0580242,31.35
,,111-4460145-1133011,47.46
,,111-9955644-5575469,45.0
,,111-1847243-0989848,12.81
,,111-0136262-7988272,75.24
,,113-1016044-6617832,18.71
,,113-0569335-3305065,71.34
,,112-0145885-1843444,7.16
,,114-8174155-3323468,43.93
,,114-3775362-7409824,2.2
,,112-4641923-6953059,25.0
2023-11-24,,113-8319693-6136204,10.67
,,111-6121919-6461029,8.43
,,114-6670202-9679464,118.99
,,112-9355126-3725840,42.79
,,113-8138404-6558640,42.64
,,113-0228027-7336278,18.99
,,114-0124106-3901034,25.76
,,112-6669623-8862614,11.99
2023-11-25,,701-0955555-6801829,20.0
,,702-0672327-2857051,5.0
,,112-1339189-1012207,30.0
,,114-6633529-4139452,27.83
,,112-8707872-2213806,75.0
,,114-1846800-0369864,28.95
,,701-4975191-3926655,23.72
,,113-5359387-9974660,132.99
,,111-4892650-9774612,42.39
2023-11-26,,114-3235888-7411405,11.52
,,114-3235888-7411405,1.1
,,701-3814050-2693804,10.0
,,112-1412885-3229031,48.2
2023-11-27,,113-4997854-5007416,36.33
,,113-2049586-8313849,25.43
,,701-1880675-6449829,81.35
,,111-9477266-3534600,42.39
,,111-8678492-6651464,35.0
,,113-8491685-0706643,29.99
,,114-5288025-3772207,22.14
,,113-4829999-7215418,52.64
,,701-4813850-1445047,192.09
,,702-9861110-3885020,59.99
2023-11-28,,114-3237877-9727428,113.97
,,113-5217023-2285067,25.0
,,114-8216782-6538645,43.71
,,113-3909744-1924231,162.63
,,112-9231854-3997826,84.52
,,113-7307352-0298664,25.49
2023-11-29,,702-0392471-8970634,31.35
,,702-2034633-3937004,33.59
,,112-9305609-4889836,7.16
,,113-0125090-1737806,6.29
,,113-9550505-7800236,8.95
2023-11-30,,112-4728947-7097028,15.0
,,113-2473509-1995402,27.05
,,702-5640846-1657836,43.78
,,112-8974028-5982651,20.0
,,702-7647835-6779405,26.64
,,112-2152424-7831410,56.77
,,112-9138938-9500224,25.67
,,111-2356324-0592213,28.98
,,112-6856101-0768265,59.99
,,111-9541977-4321800,17.32
,,113-2066893-5362641,8.04
,,111-5332809-4874663,128.69
,,112-8805134-8373865,40.0
,,112-8221811-1561814,21.59
,,111-7165322-2887459,70.0
,,111-2542446-5108235,32.99
2023-12-01,,114-6188235-3357037,89.99
,,111-3590455-2293035,13.05
,,112-7693304-8940268,81.27
,,111-4344844-1445010,37.98
,,114-0465129-0563435,80.0
,,111-2399692-8309829,20.0
,,702-8628428-2967447,84.74
,,111-3447024-0409012,7.64
,,113-7090481-8901834,15.0
,,114-1769425-9741847,130.31
2023-12-02,,112-8792979-9309031,54.81
,,114-1166041-3977057,25.29
,,111-6848250-9383433,50.0
,,112-4764115-1689012,31.59
,,114-6967641-3452247,14.99
,,114-9803518-9377021,15.0
,,113-7938530-5430636,12.52
,,112-6401057-3224220,104.8
,,702-9028369-4891428,41.99
,,112-0139721-9947458,40.65
,,112-3526091-2554660,13.29
,,114-9104911-9886654,7.34
,,113-1608649-4254647,10.61
2023-12-03,,702-4754211-6793866,46.99
,,114-0490103-9877011,150.91
,,114-6562525-8553023,32.35
,,111-5107111-0496231,89.99
,,114-6666486-0769010,50.0
,,112-0097889-5382679,29.15
,,113-1422669-0065857,22.56
,,113-2951110-4682628,136.7
2023-12-04,,114-4455488-4845024,75.55
,,112-1976056-2089053,23.99
,,112-3144184-3861014,49.99
,,111-0203410-7141817,92.52
,,112-6538347-8754658,40.0
2023-12-05,,701-4069758-3096218,57.49
,,114-4317202-1849017,101.75
,,114-8844215-8637846,38.55
,,114-8576697-1020209,52.03
,,702-1828350-0058658,67.52
,,112-2889570-6917811,8.0
,,112-2700938-9381819,53.49
,,113-9570330-9471440,50.0
,,112-1030815-6111446,42.64
,,112-5468906-0021835,118.15
,,114-9879872-7219467,32.09
,,112-5817190-7825025,21.18
,,701-8956493-9282615,321.92
,,113-9478504-3052253,25.0
2023-12-06,,113-9421879-5291461,18.99
,,114-4031039-6061037,25.72
,,113-5160368-3165004,18.99
,,111-0681791-0905854,37.97
,,113-3479175-5369069,34.77
,,112-4953830-6757812,11.99
,,113-1600464-0834659,45.77
,,111-0953015-6013855,225.74
,,701-3858305-9349028,69.99
,,702-9622805-9637067,73.59
,,113-1395047-0882663,9.48
2023-12-07,,112-7378394-3667434,289.9
,,114-3484574-1565026,45.0
,,112-0354306-1289867,111.77
,,112-5011232-9289826,33.24
,,111-8893322-5015464,75.33
,,112-4514376-9593042,29.99
,,114-7894279-3449865,29.39
,,113-2929324-2546663,75.96
,,701-1394069-1840265,10.0
,,114-5076604-3044204,89.99
,,114-9191953-3511410,69.99
,,112-2822436-5110647,14.93
,,113-8905845-7185841,159.74
2023-12-08,,114-5216481-5915413,10.0
,,111-6536325-4299442,42.69
,,112-5346030-6228225,146.53
,,112-4440065-2206601,63.59
,,113-4610607-6517041,86.44
,,114-1603090-2901056,8.95
,,113-3454956-5599405,40.0
,,113-7254837-3622667,7.0
,,112-8672303-0988261,30.95
,,702-5006498-1378653,40.0
,,111-7009980-7730638,20.0
,,112-6162903-6342606,84.08
,,113-9413419-5532252,40.0
,,702-4622416-0639413,36.78
,,113-4464843-7817842,10.0
,,113-1211363-9614607,39.99
,,702-2793169-1924243,52.49
,,113-5394594-9624205,38.87
,,114-5520276-0407444,66.05
2023-12-09,,114-9095280-0942605,30.0
,,114-0198644-7818657,10.0
,,113-9551769-4257010,20.32
,,112-5143339-5236247,50.0
,,111-8792581-4198657,8.95
,,114-7093251-5105801,89.99
,,113-5537185-9581820,49.32
2023-12-10,,701-9883094-1545017,45.99
,,111-4857842-7585857,38.15
,,114-7817584-0725827,38.74
,,112-8963937-8266631,125.41
,,114-2495316-6020233,20.0
,,114-9535574-0965826,69.99
,,701-0807633-3504241,50.84
,,114-2816941-4444216,25.0
,,111-0445539-5903466,18.5
2023-12-11,,112-5539368-5653831,15.0
,,112-0277878-8868205,47.84
,,701-4577777-4053810,57.48
,,112-1631863-7561828,15.0
2023-12-12,,111-2711060-8569013,79.99
,,111-7453304-8891406,50.0
,,111-5310800-2023464,8.0
,,114-1349644-6645036,107.96
,,114-5776232-8022649,127.01
,,113-5817812-5844221,43.11
,,114-0674618-4177002,40.0
,,701-6786742-6265820,8.0
2023-12-13,,112-7427079-7837046,24.7
,,111-6145719-4846632,20.98
,,114-6012567-7196240,15.0
,,111-9820434-2071464,15.0
,,112-8008007-8522636,15.0
,,114-0734644-1886640,46.27
,,111-8909094-5898601,15.0
,,111-9063837-2245047,40.0
,,111-6626871-8360253,51.99
,,702-9726548-2103416,56.49
,,112-8051921-7160229,140.23
,,113-7062861-0210619,52.48
,,113-0775741-9097803,124.99
,,113-8316644-9462620,89.99
2023-12-14,,701-6862555-8213003,249.72
,,113-8768508-6693017,38.15
,,113-7637231-8318637,69.99
,,111-2306796-9061837,95.39
,,111-6681488-6288249,40.4
,,112-1407710-5324245,40.0
,,701-0728724-8650650,42.53
,,113-0260804-2183465,30.0
,,111-6991846-7712247,30.0
,,113-1053750-9648242,43.29
,,113-9386372-9266624,68.37
,,112-2519837-1213011,105.99
2023-12-15,,113-8701194-0357015,89.99
,,114-0847617-7441011,38.68
,,111-8771743-1245003,16.99
,,111-3896841-2003466,15.0
,,111-0465913-8886618,18.99
,,114-1544948-6083453,58.29
,,111-6008906-3984226,50.0
,,112-7726663-1868258,15.0
2023-12-16,,112-3049295-1346637,42.39
,,114-8993105-5331400,6.79
,,114-5925201-6355418,23.45
2023-12-17,,701-8927631-4569025,35.02
,,112-6450061-9913814,71.1
,,112-3782712-8369852,5.0
,,114-6514575-1299409,99.99
,,113-7729504-4024221,104.99
,,111-5948523-8118653,5.84
2023-12-18,,114-4220993-8253013,22.78
,,112-8097794-6613061,38.41
,,114-1792484-3416257,30.0
,,111-1266536-2895452,19.99
,,112-3753194-0116248,15.0
,,113-8498471-6997054,81.36
,,114-6308330-1792222,54.18
2023-12-19,,111-0099097-8877821,39.3
,,113-9692963-9762615,3.0
,,114-0852238-9419457,39.09
,,112-0481126-0321007,25.0
,,112-0974979-3089046,35.68
,,113-9712142-0770628,24.79
2023-12-20,,111-9084498-7482658,181.25
,,113-1007415-1440241,98.0
,,112-6000334-1100240,5.0
,,114-1924551-9824233,82.54
,,111-4490336-4592223,32.01
,,114-1516139-6085848,27.14
,,113-0358509-9282638,32.5
,,702-0023234-5006602,115.49
,,111-4455386-7207401,10.0
,,113-3148245-1097863,40.0
,,111-4018315-5629030,18.18
,,111-8986225-9092200,39.41
,,112-1768239-2201811,110.24
2023-12-21,,112-7021016-4189825,32.01
,,114-6916122-3432255,69.99
,,111-4631044-6773823,14.0
,,113-7999198-4162668,9.74
,,111-3991059-5311404,101.49
,,112-7505120-5793867,39.99
,,112-5745056-4981035,52.89
2023-12-22,,112-3939357-1906654,591.14
,,111-6059591-6852219,60.0
,,113-0654409-4385000,35.0
,,113-0038086-4489879,7.99
,,701-4410897-9145065,24.0
2023-12-23,,111-9997820-4528208,27.66
,,114-4783898-4207414,30.0
,,112-9476843-4647448,40.0
,,114-8103411-6233040,95.39
,,111-2967919-7990618,31.86
,,111-4661218-5433838,64.34
2023-12-24,,111-8745728-6126620,38.9
,,114-4012155-5746664,40.53
,,701-5009691-5176209,47.13
,,114-6178222-1094627,21.19
,,114-7405452-4951425,45.0
,,113-0584623-6696226,79.99
2023-12-26,,111-1075180-3848238,5.0
,,113-6918973-3345048,110.0
,,111-4153595-9119403,139.99
,,114-3862246-3972257,97.41
,,112-4951184-0955440,12.14
2023-12-27,,113-0090914-4945849,38.79
,,702-5029664-1496239,107.94
,,702-4788149-2779416,38.07
2023-12-28,,702-6727433-6771435,526.39
,,113-5566748-0214608,6.4
,,112-6768137-7729828,38.61
,,701-4268510-2161827,241.44
,,113-7257123-2253024,18.99
,,111-2940899-7529009,30.0
,,113-0848013-2773000,286.19
,,113-9842763-0350663,50.0
2023-12-30,,112-6111291-5493052,35.0
,,702-2765133-4761005,50.0
,,111-3833311-8908203,50.0
,,114-8526517-6220254,3.33
,,701-4999488-8261063,22.59
,,113-5524985-7545042,173.55
,,114-7821249-7499428,40.88
2023-12-31,,114-8643818-2481029,20.0
,,111-5653957-4429823,32.0
,,112-8345621-9889824,89.06
,,702-2130430-5911455,111.99
,,112-4472021-3453825,32.61
,,112-5581890-1325843,36.08
2024-01-01,,111-6208189-8541066,18.65
,,114-0541836-4711423 ,35.0
,,112-4136026-4956246,5.82
,,114-6867586-1645837,32.84
,,114-7636042-1870634,14.65
,,112-1276074-9037021,29.81
2024-01-02,,111-3513219-2925869,40.32
,,701-7355265-8810621,35.02
,,114-9988034-5295466,59.91
,,114-2284887-3600243,32.63
2024-01-03,,112-7427079-7837046,89.99
,,113-7073315-2127458,417.29
,,114-0213869-3225002,9.95
,,112-8759898-4037828,41.39
,,113-5934897-4360252 ,27.15
,,112-4912870-3749028,6.0
,,111-7007763-4425812,82.8
,,112-2352238-7281062,75.0
,,111-0946573-1223449,21.42
2024-01-04,,112-7119643-5963413,38.14
,,112-4714689-0653842,5.99
,,111-4377184-9877005,82.76
,,702-7494556-9010608,5.0
,,114-9248281-8813067,40.85
,,111-7403908-5685052,10.0
,,114-1550932-9672240,10.0
,,111-3522905-8209802,25.0
,,112-1875423-1013013,36.0
,,111-0445499-9241805,25.0
,,112-2301230-2121850,25.0
,,112-7119643-5963413,32.05
,,113-8116592-0845012,38.91
,,112-8185286-8705868 ,45.0
2024-01-05,,113-8390181-9153855,129.02
,,113-9602579-7865064,45.73
,,702-2188698-6181041,25.0
,,111-1466675-6986631,29.13
,,112-2851933-2896255,131.39
,,112-1743406-2312211,106.99
,,111-8252807-9470624,45.99
,,113-5033562-8466645,91.02
,,111-8419854-0451463,87.79
,,702-4190781-2436253,30.0
,,111-7405186-9530668,48.21
2024-01-06,,112-0521631-3769820,5.0
,,114-7416562-2417868,20.71
,,114-6509471-7563424,31.79
,,112-4257390-3593822,30.21
,,112-0293255-9245030,45.99
,,114-2656361-9005837,18.99
,,112-4655888-5745839,41.52
2024-01-07,,111-1818932-8201033,69.99
,,111-5308212-0877065,19.56
,,111-5961975-1127430,125.13
,,112-3562245-1687405,129.99
,,111-7305788-3257051,17.8
,,111-0214446-7795434,15.88
,,111-9499745-4316212,114.47
2024-01-08,,113-2256282-2945031,74.36
,,112-6782563-5072265,32.09
,,114-1218787-0649866,84.79
,,111-2293401-8553056,35.99
2024-01-09,,112-9930879-5745857,94.81
,,112-3694044-2360221,35.0
,,114-3727173-6900258,78.74
,,113-1331550-0042662,30.0
,,113-1835021-5005000,69.99
,,112-9302571-2948233,85.39
,,114-1932688-9229869,15.0
,,113-1533107-4388228,17.11
,,112-8989466-5649847,79.99
,,113-7157719-6426646,31.01
2024-01-10,,112-7129167-4101018,105.64
,,702-9988456-8163400,13.99
,,113-2387868-6409816,50.0
,,702-5265686-2173848,50.0
,,111-3142522-0522607,23.08
,,112-6141387-3901029,69.99
,,111-2300144-6065017,25.73
,,112-3114845-2858601,15.0
2024-01-11,,114-2160695-6713010,10.55
,,702-2956635-1249849,92.0
,,112-4153963-9633043,18.55
,,114-0061980-3225876,35.24
,,114-5385856-6127453,143.64
,,114-6565244-4008242,20.14
,,114-8186608-7385014,28.88
2024-01-12,,111-1543780-0272245,69.7
,,114-9724380-9449027,14.57
,,114-0189220-0613878,32.6
,,111-6534488-0447402,93.87
,,114-6189035-2651441,60.0
,,113-1310839-8023449,34.97
,, 111-4008227-6788237,18.23
2024-01-13,,111-4441442-1949018,39.99
,,112-9235426-1560255,41.11
,,114-2437801-2413030,5.0
,,114-1440142-0726613,10.0
,,112-6776427-3693848,51.35
2024-01-14,,113-4112015-9714669,38.81
,,111-1087854-5473002,42.63
,,111-0966749-1890663,5.0
,,114-7365480-3828216,29.99
,,113-2560496-7409042 ,54.11
,,113-4972849-8945039,10.67
,,112-6497899-1313804,80.55
,,111-5554176-0475438,46.78
,, 701-4283694-3989860 ,63.27
,,112-5325106-2685837,31.89
2024-01-15,,701-3287782-7615458,67.22
,,702-4128020-5194610,144.86
,,114-4558795-7436202,14.99
,,114-3560596-8118660,25.0
,,701-9593021-4909014,9.9
,,111-9104289-8693003,79.99
2024-01-16,,111-8670590-7302603,15.0
,,112-1201416-7967416,30.52
,,114-7665133-2992268,9.95
,,114-3866925-6533837,18.35
,,112-5339612-2292257,87.39
,,113-1867560-5012265,88.19
,,112-2420934-0877011,105.92
,,112-7475134-2442618,15.0
,,702-5347959-5537038,29.88
2024-01-17,,111-1218883-2634646,10.67
,,112-8025356-2323426,52.99
,,114-2418195-5220202,50.0
,,111-7413835-3885826,42.64
,,112-6406599-5646601,15.0
,,112-1839006-6826646,10.0
,,113-3160988-3357026,19.99
2024-01-18,,701-5426902-4168234,16.99
,,113-3696940-8535438,20.25
,,112-3179840-3427437,40.0
,,113-2375119-2454617,59.99
,,113-7021472-6325045,126.13
,,111-9520745-2561838,44.3
,,112-4615485-2058663,100.0
,,113-9205916-2192246,32.82
,,114-3029968-8945046,40.0
,,114-7886884-8983415,43.45
,,112-2771628-4496207,7.99
,,112-8357711-1564248,18.99
,,112-7369816-2123451,1731.16
,,112-3948017-2073801,42.39
2024-01-19,,111-1341930-2931461,42.92
,,701-4315210-5402635,18.07
,,112-5744901-8510660,45.0
,,114-9877022-4725030,137.91
,,114-6312628-8389058,15.0
,,112-3385426-3201853,38.0
,,113-8812857-8167412,10.2
,,113-1894482-5461043,10.2
2024-01-20,,113-0391222-0377802,43.19
,,114-2500101-6295407,20.0
,,113-8310217-7781000,40.79
,,114-4700325-4197847,50.0
,,701-1075753-6429034,47.24
,,113-3391102-3581008,32.75
,,111-1449371-9150654,14.0
,,112-7417097-6668238,20.0
2024-01-21,,111-5703686-5814611,39.99
,,114-8406517-4089061,10.0
,,702-6809128-2582623,100.0
,,701-8318613-2713856,16.79
,,112-1020620-4000203,149.44
,,114-5232385-8949006,27.64
2024-01-22,,114-0134312-1844204,13.49
,,114-4504196-7988207,79.99
,,111-1667242-9533867,21.54
,,112-2606741-9958612,25.58
,,701-9325272-6454648,156.79
,,113-6563595-5488257,9.95
,,113-8454280-2421061,21.59
,,111-3204180-0325031,5.0
,,701-7086397-7206653,41.8
,,113-0121110-2736228,105.94
2024-01-23,,702-3148832-6043415,19.2
,,111-0485224-6085017,26.45
,,114-6619027-7092215,38.24
,,114-0276762-9435442,25.88
,,111-7289866-7528263,32.98
,,111-6192741-6331418,95.39
,,114-6582042-7705854,63.59
,,113-0048806-1012275,32.69
,,112-8330717-2591435,
,,113-7449552-2277038,20.0
,,113-5983208-1526646,17.71
,,112-2180319-7829855,13.49
,,111-9210897-8120231,53.36
,,113-7268586-1279421,4.52
,,114-4100997-6401834,150.31
,,701-0364224-7792269,56.49
,,113-4194195-7696201,45.99
,,111-5793764-5095412,31.79
2024-01-24,,114-7983499-3758633,129.89
,,112-1351127-9720234,30.0
,,112-3652378-2328244,20.99
,,111-6913982-0424249,27.42
,,113-9227854-4232200,45.0
,,114-2369957-1070665,10.0
,,111-8442499-9248265,29.4
,,111-0006846-7145000,30.95
,,114-7055413-7304250,85.79
,,112-7864110-0654606,19.86
,,111-3981310-8049840,19.86
,,114-8478427-3669803,87.99
,,112-5591835-3049046,50.0
,,114-4349029-9328225,37.09
,,113-1739590-4119450,56.6
,,113-2172135-5500227,66.77
2024-01-25,,113-1398017-6777834,224.69
,,114-2680147-4718607,135.93
,,112-4858265-0802622,42.79
,,111-3834275-7641012,210.59
,,702-8476007-8890654,15.0
,,113-3673873-6282608,84.14
,,112-9756673-5491429,58.29
,,112-9469832-2453811,58.62
,,114-4292574-7430626,27.82
,,113-1522298-6493012,40.0
,,112-4014687-4401809,7.78
,,111-7667432-8072251,25.0
,,702-8836017-2124223,15.0
,,112-3517191-3885048,39.09
,,114-8074836-6966656,43.49
2024-01-26,,112-6626241-9413039,229.22
,,112-1433817-2379437,15.0
,,114-5062892-9847438,14.41
,,111-6308737-2655452,42.84
,,114-1156160-0423464,98.05
,,111-0118001-3243453,22.25
,,111-3442259-7462619,32.93
,,112-1347066-9872248,9.8
,,112-5975956-2687451,80.0
2024-01-27,,113-0876828-9855465,20.24
,,113-4754271-6801064,69.99
,,113-1811842-2777009,42.53
,,111-4412486-8876263,40.0
,,112-5630632-3059413,12.71
,,111-4032777-1701834,92.11
,,702-4781755-1177852,30.0
,,114-4973626-6804213,45.46
,,701-0748056-6652229,73.49
,,112-8537687-3189069,5.0
,,112-7906142-3626620,94.94
,,113-6415361-6836248,28.42
,,111-4749775-4231452,59.99
,,114-2495416-6181818,18.39
,,113-3065598-1449812,15.0
2024-01-28,,111-1227351-7335418,18.89
,,701-6109563-0169000,10.0
,,114-3150707-1040251,30.71
,,114-1267505-3012242,7.99
,,111-0485685-0842603,29.99
,,111-8937425-0127440,10.0
,,114-0578905-0454624,69.93
,,114-9593888-7337856,36.03
,,113-8977711-3118650,66.33
,,113-9562491-0129040,43.09
,,113-8722876-3845850,50.0
,,114-7460957-2127416,8.63
,,111-8469085-0095434,13.99
,,114-8861539-7731451,20.99
2024-01-29,,113-5181489-0844245,60.0
,,113-7685429-8745809,96.51
,,111-8093992-9999458,59.49
,,111-5488691-0393050,44.99
,,114-5258811-4429057,35.0
,,112-3151476-7188255,18.98
,,114-7144015-5757056,48.59
,,112-2398982-6373023,14.99
,,114-4730055-0923403,115.75
,,111-7100474-5445860,40.79
2024-01-30,,702-9745983-7270604,25.0
,,112-9736768-1573837,35.99
,,111-7430183-0698620,18.99
,,113-0959674-6396265,20.58
,,702-1466638-8701062,15.0
,,701-4226486-1589060,31.35
2024-01-31,,112-2628855-2167429,25.0
,,111-0604773-6487454,34.33
,,114-6384878-2211431,74.19
,,111-8020938-5705063,59.98
,,112-8145924-7015463,43.11
,,111-0108272-6142600,141.69
,,112-7429897-4724245,79.99
,,112-9828277-0368204,59.99
2024-02-01,,112-7866443-2420252,89.99
,,702-4331638-5830654,183.95
,,113-0682785-8885010,10.0
,,114-4279692-7651465,70.0
,,113-3405841-6405843,32.26
,,113-0074801-5881879,10.0
,,113-5073181-8854615,15.0
,,701-6551346-4211450,50.0
,,114-7346311-4861014,5.0
,,111-3700085-1114656,96.51
,,112-4367991-7018608,38.51
2024-02-02,,114-8988824-2557043,69.8
,,113-6034547-8693046,135.3
,,114-5546790-3647428,33.14
,,702-1281597-9060263,48.29
,,112-6409121-5321847,159.93
,,112-4366997-3371445,61.69
2024-02-03,,113-5180616-5253818,24.17
,,112-9720647-3675468,39.75
,,114-6318905-6673868,39.99
,,113-8570808-1774602,25.0
,,112-0467959-2649802,70.0
,,113-2554370-3937043,29.99
,,113-6227932-1507447,7.99
,,701-0052304-5830675,23.72
,,111-8278771-2120202,33.22
2024-02-04,,114-9916947-2228218,45.99
,,114-1508483-1166625,5.0
,,114-7013046-0331412,40.0
,,702-4284919-4894645,146.5
,,701-3759715-6174623,16.99
,,114-4566074-4631462,15.0
,,111-6805890-4533005,100.0
,,111-9725273-7170639,15.69
2024-02-05,,111-6736760-3342663,64.19
,,112-6036686-7741859,70.0
,,113-7161288-9962626,75.55
,,111-7807226-9520241,31.4
,,111-9285807-0049056,41.86
,,111-0735365-3254667,18.8
,,113-4800743-3922652,129.99
,,114-1148603-9131439,120.88
,,113-6233146-3681845,35.99
,,114-1513334-1153824,41.22
,,111-9310728-1121838,35.96
,,114-6251584-2280208,38.73
,,113-2594129-5159445,144.15
,,701-6798083-8933828,34.57
,,113-6246097-2576231,43.29
,,113-5923628-0743424,41.97
2024-02-06,,112-5419972-5629068,30.99
,,113-9074729-8110642,116.59
,,113-9682719-7233851,9.8
,,112-2982155-8471415,42.39
,,114-4993015-5325029,40.0
,,111-2993547-3249055,19.77
,,114-6005333-3066651,79.99
,,111-2245411-0413823,38.96
2024-02-07,,113-6934980-0444207,21.99
,,114-8574039-0701001,106.69
,,111-6829552-3439468,86.15
,,114-7217990-1421866,38.78
,,113-2532606-8738609,21.66
,,113-9489309-4953056,26.84
,,113-8053100-8377844,68.89
,,113-2327566-8769041,9.99
,,113-0396824-6130607,122.82
,,113-0163141-4188257,45.45
2024-02-08,,111-2934305-5193026,10.0
,,113-8419920-5968252,62.64
,,112-7557478-6525801,81.61
,,112-6622470-9405815,19.13
,,113-1316330-6564261,40.0
,,114-6959275-4403426,50.47
,,112-7278621-2394645,30.0
,,113-4291176-8183409,18.18
,,114-2541513-8742610,89.99
,,114-0337432-3587416,28.1
,,701-6716410-5775438,20.68
2024-02-09,,114-7072438-2655414,38.15
,,112-9306321-6473042,42.19
,,114-2715562-7364267,25.99
,,112-7571280-3703456,17.27
,,111-3687665-7001051,37.88
,,112-7447044-0355469,28.0
,,114-1354780-4409864,29.78
,,111-4321709-3709049,82.07
,,113-5116572-6900226,5.98
2024-02-10,,112-3867131-2934657,10.0
,,113-6805508-5155429,20.0
,,114-0845303-0677042,23.97
,,112-2689318-5429039,29.15
,,113-6249271-7170666,34.23
,,113-5217491-2300248,25.0
,,112-1118065-5615448,15.0
,,114-5395603-4149037,45.99
,,111-3409034-9663431,15.0
,,112-0955762-5757031,70.0
,,114-2236633-4688226,15.0
2024-02-11,,111-2076018-6502666,31.79
,,111-1550605-5828214,31.64
,,113-0014118-1140250,15.0
,,112-1958820-2017831,43.23
,,112-2537369-1297026,25.0
,,111-4660446-9114605,197.9
,,111-2613633-2607411,45.67
,,111-8265978-1342654,137.79
2024-02-12,,114-5902693-8813012,150.49
,,113-2564828-8280201,35.0
,,111-1517233-9999445,18.74
,,114-2797823-2747416,250.69
,,111-8498257-7697024,40.11
,,701-2577134-7913818,79.09
,,114-6072397-6669026,38.15
,,112-7390006-8943448,74.88
,,114-9509745-8938608,20.0
,,114-9429233-2692224,51.16
,,701-8203481-5911421,25.0
,,112-1388911-8231427,12.83
2024-02-13,,112-1101047-8267469,68.23
,,111-9499059-4093817,113.21
,,112-8670147-1399443,20.59
,,112-6623934-6269863,11.98
2024-02-14,,114-3832179-9045864,80.0
,,113-7898738-4040221,35.99
,,702-5543515-3181043,21.27
,,111-1335318-4872236,45.99
,,113-3827328-2073843,32.5
,,112-4149242-2861835,25.0
,,111-4933979-9701846,20.56
,,111-6243120-1215466,43.59
2024-02-15,,112-6708043-3076222,9.95
,,113-2631332-9997830,45.99
,,111-6427973-9733037,32.69
,,111-2644640-9625866,15.0
,,111-1492687-5901850,25.0
,,114-2880833-3669049,20.96
,,112-8988105-3572208,50.0
,,113-0186152-9886601,25.0
,,112-5812939-9437033,28.74
,,111-1849454-6210662,32.82
2024-02-16,,111-7712639-5111464,29.99
,,111-2777185-7212256,32.43
,,111-7767341-5521800,32.09
,,111-0059874-8553877,179.99
,,112-2908293-2583423,110.76
,,114-8866492-5683426,128.23
,,111-7922045-1053067,16.21
,,113-8043347-3334667,92.5
,,114-9344522-6744256,23.99
,,113-5559067-2072257,53.86
,,114-2498307-2793027,15.0
,,112-6885524-6203429,32.01
,,111-2264140-4518660,20.0
,,112-7454844-7792207,75.85
,,111-8907263-6487446,45.99
,,111-3187628-3525055,29.05
,,111-4145658-0274628,76.3
,,111-8928207-1957024,73.43
,,114-3122524-1348207,229.0
,,114-1638720-6873865,27.05
,,114-6130455-2093000,365.49
2024-02-17,,112-9155141-3275427,26.0
,,112-0988523-1642613,29.32
,,112-7689133-3299437,123.24
,,113-7031242-9394606,39.3
,,112-6648100-8669008,20.0
,,113-6103216-1955426,50.0
,,112-7542254-6468261,52.99
2024-02-18,,702-4412139-9895434,99.99
,,113-5479646-2859439,162.78
,,113-7987937-8587434,8.54
,,111-6320485-4616256,45.99
,,113-8479412-6354635,117.71
,,112-8400455-266984,45.99
,,113-0676535-9525023,20.0
,,113-0234809-6352277,43.64
,,112-5643615-1252264,69.3
2024-02-19,,111-1640298-1826655,40.96
,,113-9911105-6977819,93.7
,,112-8188559-2312235,10.0
,,702-2454056-5031415,69.92
,,113-0309824-1349839,6.56
,,113-9172834-0041801,20.0
,,112-3059383-5220211,32.65
2024-02-20,,111-2768980-6433040,42.39
,,111-4433169-9472234,12.82
,,114-8095213-6284254,23.51
,,113-1494812-6640223,13.07
,,114-9809496-3391464,47.62
,,114-3108290-2020214,139.99
,,113-1442797-1809002,120.03
,,701-5811922-8560241,93.12
,,113-8794374-3675431,32.99
,,112-6818471-6848230,20.43
,,111-4105750-6601804,40.0
,,112-0458853-9595444,37.9
,,111-6126923-5139469,42.64
,,113-8732142-0088223,43.67
2024-02-21,,111-4665020-8701800,127.78
,,114-2479679-0285068,42.89
,,114-5802981-3493869,21.44
,,114-6587051-2644249,23.34
,,112-3648772-9543418,36.89
,,113-6818060-3189026,31.89
,,114-1366771-9805855,89.99
,,112-5502293-5245828,32.5
,,114-2206472-6505844,49.97
,,701-9310049-4468212,49.44
,,112-1073189-1057820,25.0
,,114-1139153-1918656,79.99
,,112-2138784-6651444,31.79
,,111-2250205-2824247,8.0
2024-02-22,,113-2726969-7627415,31.79
,,113-7099788-7853065,43.18
,,113-2936014-9620223,32.39
,,701-8638341-5913838,15.0
,,113-2699897-3071463,68.39
,,701-6568097-6052228,31.07
,,113-3415874-6542645,18.99
,,114-8532010-3125062,65.0
,,113-9361837-4880221,5.0
,,702-7654584-5046641,40.23
,,113-3352346-0092249,32.0
,,111-4875907-4897053,35.0
,,112-5953399-7389069,10.0
,,111-9526238-6312237,42.39
,,113-3418852-7870666,32.24
2024-02-23,,114-6269237-6529821,51.45
,,114-8438005-2297011,27.37
,,114-8938021-6578631,29.67
,,113-7078075-3058626,84.79
,,112-4530545-3249038,25.0
,,113-0309680-5593869,8.55
,,112-4883591-4207441,31.79
,,114-4695454-7601815,37.69
,,702-2352705-7534607,223.99
,,112-6716448-7836266,9.95
,,112-0050989-0946617,25.0
2024-02-24,,114-4324357-1189045,29.49
,,113-7954081-5253812,19.68
,,111-4142868-3190612,34.66
,,112-1353595-2889057,38.87
,,114-8871211-4097034,100.0
,,113-9013577-0553844,80.0
,,702-0283103-0278646,41.57
,,111-3511833-0186649,108.75
,,111-7213303-1833038,26.53
,,114-1394920-1013065,39.16
,,114-8748800-4509034,5.0
,,111-2476164-8908265,32.39
,,111-1535108-8002630,24.86
,,112-3538321-4662621,30.0
2024-02-25,,114-9280649-3553844,38.87
,,112-4806663-8997814,7.99
,,114-2618250-5493815,146.19
,,112-6404162-8233830,20.0
,,114-5071856-7712207,27.43
,,112-8153778-5474625,30.0
,,112-5923594-8653813,79.99
,,113-9008691-7797057,18.99
,,111-8554573-2611455,8.43
,,112-9607932-0243420,15.0
,,114-1349783-4491416,59.55
,,112-9888811-7465845,39.99
2024-02-26,,112-8667684-7373000,96.57
,,111-1433633-5768202,47.69
,,702-2270056-3340221,72.31
,,114-3229451-8573000,17.15
,,112-3141460-3918629,37.0
,,114-0425126-4047459,8.95
,,114-2618081-2305866,27.02
,,114-3903241-2200245,18.99
,,111-9003345-3985851,46.43
,,702-6020959-4861867,15.22
2024-02-27,,111-3855474-9653057,20.0
,,111-3881885-0673859,8.0
,,701-7246496-5861023,26.63
,,114-0343981-2553810,20.0
,,114-1595552-0137804,10.0
,,114-4616489-2429024,98.65
,,114-8658801-9153805,32.01
2024-02-28,,112-7813299-5700232,25.0
,,112-0375613-5961039,32.24
,,701-3308998-2353823,23.99
,,113-5544829-3697842,95.66
,,111-4637704-0334632,64.49
2024-02-29,,702-6536538-6840231,104.99
,,702-2028501-8142634,72.31
,,113-5695172-0586632,32.23
,,113-7343364-9979406,25.0
,,702-1408899-5411415,22.39
,,113-2968842-7006649,20.21
,,702-8121590-9559408,195.49
,,111-7538352-0778652,59.99
,,114-701 5060-2411463,17.99
,,114-8911611-9658612,30.0
,,113-9453881-2048223,54.86
,,701-1442765-3477824,41.2
2024-03-01,,114-8236210-0110611,40.0
,,111-0373740-2186617,23.99
,,701-3947957-6456242,11.86
,,112-7509414-5235434,73.82
,,114-3274321-6433801,85.39
,,114-1432329-8977004,84.39
,,111-3449669-2778604,40.27
,,702-3675440-8814618,51.51
,,114-0298578-4294633,89.99
2024-03-02,,113-7367972-9447430,130.49
,,112-5560190-6626652,80.0
,,113-9004677-9303407,40.78
,,111-1744246-3243403,45.99
,,112-9487960-3691459,32.09
,,112-8673049-0075430,14.99
,,113-6914445-0205026,42.65
,,114-5079658-1655438,30.0
,,113-2166050-2443413,32.5
,,112-0524404-0232221,48.5
,,112-6553001-2914625,25.29
,,114-4553153-4657018,71.27
2024-03-03,,702-6899414-4195440,20.0
,,114-1557979-0405854,26.73
,,113-5693858-2125013,25.0
,,113-9039587-8025863,28.74
,,112-3192530-9717809,31.31
,,114-8560698-5452208,9.95
,,111-5288294-0460257,30.0
,,111-5678710-2511403,6.95
,,114-0267295-9357837,91.46
,,111-5748048-9113037,30.4
,,114-6536267-4786649,48.12
2024-03-04,,111-3855474-9653057,109.98
,,701-2619041-6315407,18.81
,,111-3450573-9636258,95.99
,,701-1924893-9050633,21.27
,,702-3390885-6790658,50.39
,,111-8723264-0855428,21.31
,,112-0400045-7632200,32.43
,,114-0122689-5303468,67.99
,,114-3092628-9378612,15.0
,,701-1800598-2761054,137.96
,,112-4906812-7297035,25.32
,,114-1252401-0962653,5.0
,,111-1238692-5853865,12.5
,,702-9696298-4691464,50.84
2024-03-05,,112-0754328-0922643,42.99
,,112-6126431-2193836,135.99
,,112-0014824-5745854,119.55
,,112-0050501-4381802,31.79
,,111-3873064-4897841,13.41
,,112-0961071-4493015,99.05
,,701-5358555-4091404,22.39
,,114-1709038-6564241,67.71
,,113-3195636-0129037,58.29
2024-03-06,,112-6530569-1541848,20.0
,,113-3066402-2786612,12.81
,,114-8382854-7337010,15.0
,,112-7759413-0848242,45.99
,,111-2627777-6448266,31.37
,,111-7868267-0181038,14.99
,,112-0125970-6369878,2.0
,,114-8728251-3397003,55.0
,,113-8252934-9547447,45.99
,,112-8330204-8430614,50.0
,,111-6714098-6029816,129.99
,,111-4552210-1892204,43.58
,,113-0471342-4494635,10.0
,,114-0225933-8663449,50.0
2024-03-07,,114-0923396-6727407,69.54
,,113-8362918-1856241,25.0
,,114-8183598-9581066,199.99
,,112-2124993-3184261,25.0
,,112-5000764-5624218,40.53
,,113-4230438-2022627,25.41
,,114-9888561-6361061,43.14
,,112-1437128-1951411,43.06
,,113-8985966-7961822,52.02
,,112-7260969-8337806,36.89
,,113-0241140-8719449,35.0
,,113-1796663-0524212,15.0
,,112-1976339-8345038,58.29
2024-03-08,,702-5810679-4013017,49.99
,,111-2230668-1190669,32.46
,,111-7320744-3826612,90.0
,,113-8883414-8151465,139.99
,,111-4953084-5781012,12.83
,,113-2593925-9045060,84.79
,,113-8754803-5653841,40.0
,,112-2788720-1441844,45.99
,,111-2348533-5597843,14.99
,,111-4457921-2272244,42.19
,,112-5456935-5927461,48.7
,,111-6297357-7486610,14.99
,,111-9630235-2122651,42.78
2024-03-09,,701-9834330-3372251,34.71
,,113-0991831-4561847,45.99
,,701-9603912-0265849,32.76
,,701-1495098-8732227,11.29
,,111-8349301-2161813,90.99
,,113-2515590-5500230,57.39
,,112-4565376-6946618,15.74
,,114-5459455-5957859,36.28
,,111-3480396-9437827,28.17
,,112-8181211-6293823,5.0
2024-03-10,,112-6252576-7326656,148.39
,,114-2914362-9137805,7.66
,,111-9363735-0102654,9.77
,,111-0197135-4400253,25.43
2024-03-11,,113-7067238-0929020,20.0
,,114-4114812-0617823,30.0
,,114-3150081-4733026,97.36
,,113-7784622-5152214,42.39
,,113-0975779-6781867,18.99
,,114-9597264-6948229,10.64
,,113-9598472-9718613,25.0
,,113-2846544-5905023,20.0
,,111-9167164-0698664,49.99
,,111-0789438-9266654,25.0
,,701-7571366-7851453,28.21
,,113-0600539-9965806,10.0
,,701-9603999-1414617,123.19
2024-03-12,,111-5570786-5143432,9.95
,,701-1596332-8852226,33.95
,,111-1759774-3814620,50.0
,,111-8540683-0233008,50.0
,,112-6598487-1009822,32.65
,,114-4567421-7941013,150.49
2024-03-13,,114-5120986-1005808,27.37
,,113-0687592-5726618,25.97
,,112-4452655-9166633,43.19
,,113-3005041-7893827,20.25
,,113-0045944-1770673,15.0
,,114-1374419-6386613,6.0
,,701-1887968-3361834,26.87
,,112-0893813-2248214,50.0
,,111-5562412-3301047,43.18
2024-03-14,,114-5384658-3796255,25.0
,,113-6971997-3780255,32.64
,,113-8450356-8961827,43.39
,,114-0711347-5625069,33.06
,,112-1084914-9398641,149.99
,,111-2556190-0034617,39.67
,,701-5329881-5931463,15.0
,,112-9952606-0195431,54.11
2024-03-15,,701-7661350-6476227,27.43
,,701-0785458-3113829,44.99
,,113-2561356-7668230,50.0
,,112-8981995-4104227,79.99
,,112-3626033-0897060,160.11
,,111-8067169-6382657,15.0
2024-03-16,,111-1014873-7768262,40.0
,,113-5813507-8573824,69.54
,,111-5163276-4682665,5.0
,,114-9829528-9661836,67.56
,,112-4659340-4828212,10.0
,,111-4438650-0651442,72.48
,,112-2335419-3825815,43.78
,,113-5095461-0164218,69.99
2024-03-17,,702-1087556-3633853,22.98
,,112-0196273-1284221,42.39
,,112-0897568-3830600,30.51
,,111-6455356-1070638,58.29
,,114-7229649-3670603,10.0
,,113-1270132-2348262,20.0
,,112-9166361-0791415,86.59
,,112-1839186-6765028,27.15
,,114-3875028-044024,15.0
,,111-4028987-0069829,15.0
,,112-0245707-8146611,74.7
,,111-1289482-9490633,27.48
,,114-2482337-5133856,20.0
,,111-8621848-8342611,38.51
,,114-1043599-0441819,20.0
,,112-6713281-7202662,13.49
,,113-9722501-6994612,60.47
2024-03-18,,112-6599364-8450662,30.0
,,112-9627932-5090606,15.0
,,111-5661505-1374653,45.99
,,112-4504524-2349017,25.0
,,111-6918607-0621805,2.0
,,112-9634300-5733867,69.99
,,114-3875028-0440243,89.96
,,114-5019820-3216206,38.99
,,112-1577397-4521025,32.65
,,111-5720487-1554668,65.09
,,114-4672361-9588227,74.19
,,114-3874335-1886646,45.0
,,112-9633439-7774610,8.0
,,111-0727599-9678622,20.0
,,111-8832572-8480255,35.99
2024-03-19,,114-1236407-4677022,79.99
,,701-1127567-5318604,8.99
,,111-1818684-1045047,10.0
,,114-7858925-5609828,7.99
,,702-7235244-3939448,19.94
,,113-8080736-8752226,40.65
,,111-8296256-5652210,14.22
,,114-1120177-3352225,139.26
,,114-6951941-3211438,40.93
,,702-8736748-4684232,49.99
,,111-0449579-1421054,45.99
,,114-7116498-3265833,54.36
,,701-1966627-4951447,24.13
,,113-4930961-0122645,18.99
,,113-8256208-4185835,86.95
,,113-6140254-0201858,21.39
,,113-6557993-8012251,75.15
,,702-5839164-1133051,41.39
,,111-4236614-2358657,35.99
,,112-0888772-0646654,43.3
,,112-1347569-0001044,38.91
2024-03-20,,114-1364310-3150617,30.0
,,112-1610890-2613059,36.79
,,111-2307978-7310623,37.57
,,113-6197645-2193810,81.79
,,114-7735255-0396228,32.85
,,112-6458032-6901043,8.0
,,111-4517582-7591400,18.99
,,114-9132612-4150652,14.99
,,112-0057292-6667432,21.99
2024-03-21,,112-0667696-9083409,45.0
,,114-2015811-8128214,64.33
,,111-8778043-2977844,46.0
,,112-7202331-9057035,33.56
,,114-6878019-4212252,26.63
,,112-6150668-2777028,37.83
,,113-1013964-7980202,69.99
,,112-9186874-9288205,25.0
,,114-7161951-1421813,29.99
,,113-4567596-6226661,95.39
,,114-8231120-6219407,28.78
,,111-3135630-3949806,45.99
,,113-9959112-4505040,10.0
,,114-2064228-2369858,85.59
,,112-9163046-4278637,104.99
,,114-7871733-2767452,5.99
,,112-0035089-7769842,28.98
,,702-8291287-2896251,40.67
2024-03-22,,111-8799351-7175412,129.59
,,113-4107044-8009020,86.66
,,111-9491872-9647411,3.0
,,111-2675543-9848236,25.0
,,112-0534675-2291452,61.69
,,114-8519537-5669026,75.94
,,113-8505997-4025800,108.99
,,701-9149897-1672251,19.99
,,114-6622212-4068262,15.0
,,114-2163034-5311427,59.99
,,111-8100737-3089867,98.09
,,111-4673352-4902659,66.81
,,111-2585254-1680213,149.26
,,113-3696111-9076212,39.99
,,114-3604982-7522650,42.79
2024-03-23,,114-9630914-7825014,31.79
,,114-9532827-3546633,20.0
,,112-9436048-0743455,41.43
,,701-0668896-8248248,79.09
,,112-7094066-5187403,7.99
,,113-3943691-0842617,30.0
,,111-7165508-4726609,29.08
,,111-8057628-0518608,50.0
,,114-5976578-1747419,50.0
,,114-7101125-0073025,328.49
,,113-6565049-4833858,15.0
,,111-2310812-7601861,91.99
,,112-1218521-6149801,28.62
,,111-0858905-9229031,102.59
,,111-1248762-4941838,74.88
,,113-1032873-1541054,31.79
,,702-1307537-7923424,49.99
2024-03-24,,114-3503615-5961013,10.0
,,113-6177090-7629065,123.39
,,112-6599364-8450662,20.0
,,113-0677497-4270649,22.5
,,113-2884319-9963410,45.99
,,114-1631547-8697837,22.72
,,113-5134888-7133056,31.79
,,112-1023091-8087438,80.0
,,114-0503891-9426636,14.76
,,111-3615150-0430600,53.8
,,113-7601021-4257029 ,41.44
2024-03-25,,112-8797784-0784236,42.58
,,111-6749797-7537052,45.99
,,111-9326594-5781012,131.69
,,112-6840051-9038626,53.61
,,112-0730206-6473024,10.0
,,701-6246796-4601066,20.71
,,112-4438141-4843430,8.95
,,113-0961447-0332202,20.22
2024-03-26,,112-7870270-5939448,45.0
,,702-3807527-8577066,83.61
,,112-2931149-0497820,29.29
,,111-7167389-2660230,50.0
,,113-2978647-0958609,27.02
,,112-6786504-9001029,35.99
,,702-9162364-8922629,57.48
,,113-8965902-1713028,79.99
,,113-7684498-1405057,97.64
,,111-4148718-0943462,39.28
,,111-4207881-3485838,36.83
,,112-7579826-3058616,16.19
,,113-8062304-9403449,25.99
,,112-2625018-6340219,14.99
,,113-1981066-8209835,45.99
,,112-6846744-6944268,29.99
,,114-8384446-3121052,28.73
,,111-2375506-3177832,33.64
,,701-6399392-1669031,30.0
,,114-0349840-3110624,18.99
,,111-6168814-3477037 ,50.0
,,112-0279177-4770636,33.0
2024-03-27,,112-3566866-0419410,80.8
,,111-9593758-7625068,20.0
,,111-1340943-7195422,63.06
,,112-0318590-4498605,20.0
,,112-8788257-3117856,40.0
,,114-3181848-1469033,98.35
,,112-1840336-1325061,20.0
,,111-5999074-5653021,52.42
,,112-6169539-7491442,42.39
,,113-6313864-3543455,39.33
,,701-9163379-4531433,19.53
,,702-5317189-7321054,30.0
,,111-6140474-0567436,76.45
,,112-5787810-5362614,45.99
2024-03-28,,112-6452486-8241053,26.18
,,114-5271091-7607466 ,45.99
,,701-9956571-1272237,23.39
,,114-2217715-8332221,43.44
,,114-7983622-6605842,43.44
,,111-4470140-4857865,37.0
,,112-6463455-0525850,39.98
,,111-3026585-1485068,13.49
,,112-2581978-9693825,25.0
,,112-0373825-2230601,32.09
,,112-1795117-2260209,45.99
,,113-1121266-2251447,45.99
,,114-3570256-1655407,97.98
2024-03-29,,702-5076001-2446645,51.97
,,114-5832893-6367466,34.0
,,113-9166029-4757869,42.69
,,114-6823904-3075409,86.39
,,113-6089657-1073817,87.99
,,111-1027011-8240217,5.0
,,114-1902476-3363449,59.6
,,111-0384767-8134666,29.99
,,701-4151865-8613836,57.48
,,111-1610811-3298669,31.79
,,112-9086271-3604205,35.6
2024-03-30,,113-3426217-6262613,166.91
,,111-9990632-7044257,45.99
,,112-4953783-1312220,32.01
,,114-9660446-2598638,42.57
,,111-9664940-5247464,45.99
,,111-0440982-9828241,36.79
,,111-8457554-1982633,18.98
,,111-6515990-9336264,26.39
,,113-9814713-7343442,25.67
,,112-8278312-3367457,127.49
,,702-1441227-5373063,49.94
2024-03-31,,113-8473710-6298630,31.77
,,113-3807006-7345809,31.47
,,112-3740871-5311440,35.99
,,114-1441917-6351449,30.0
,,114-7159447-3109060,97.41
,,111-7814369-4809000,42.89
,,114-7386232-9484241,7.99
,,112-9165471-3641010,9.6
,,112-2816852-5661836,21.08
,,111-4359742-5520227,39.95
,,113-7527752-0411410,27.71
,,113-5046838-6173804,44.71
,,113-8757127-4548248,76.56
2024-04-01,,113-2072298-9403434,45.99
,,113-3535748-9201061,29.99
,,113-8383264-8231457,31.79
,,114-8063362-8886604,45.99
,,111-7054082-0083456,79.99
,,111-6843009-0200261,45.99
,,111-9303587-5511443,485.99
,,112-6989306-0300266,32.09
,,111-2215138-9945011,20.0
2024-04-02,,114-5361322-7373852,159.99
,,112-0069490-5777801,25.89
,,111-5987807-2504247,31.3
,,113-0405887-4645843,27.62
,,114-1778957-4313801,45.99
,,114-4249910-9909003,21.99
,,114-3159406-4134658,50.0
,,114-6055668-8956215,25.67
,,111-8796757-2121062,45.0
,,701-7516344-0398621,13.99
2024-04-03,,111-5573539-0551402 ,40.77
,,112-3167148-5577032,35.63
,,111-5437897-5457008,14.99
,,114-9620674-5023417,127.56
,,114-4061736-3834604,65.0
,,114-8084309-8151424,171.17
,,113-1273868-9618666,43.49
,,113-2372191-0523410,42.89
,,111-7437130-2220254,23.56
,,111-1392122-8617003,45.99
,,111-5871331-5280222,180.19
,,112-7208855-5725843,41.86
,,111-1810351-8753813,30.09
,,113-1227525-3700268,13.49
,,112-4886063-6601811,159.74
,,112-1255796-6496247,11.98
2024-04-04,,112-0089440-8398629,25.0
,,114-3117029-8810620,43.24
,,114-1773016-5421804,45.99
,,113-7109691-5560207,45.99
,,701-4218923-3916201,19.2
,,111-6440924-4443462,34.45
,,111-8989184-4560256,66.99
,,701-0254177-0629021,44.99
,,113-6206962-6917839,30.0
,,113-2091108-2770665,112.57
,,114-7974801-6120266,106.17
,,112-7515856-7594661 ,21.99
,,112-2674572-7237014,30.0
,,111-3210162-2305856,40.91
,,114-4031846-9595467,189.99
,,111-8160581-7203413,15.0
,,114-3467336-2009865,48.54
2024-04-05,,114-3747395-5296206,10.0
,,111-8248152-5982663,75.05
,,114-8267331-8257029,15.0
,,114-6276424-1319452,25.0
,,113-7025061-1709004,39.09
,,113-0601581-5446621,81.31
,,113-4996256-4489809,45.0
,,113-8476084-9364210,40.0
,,114-8376728-2124204,16.62
,,112-9727736-8740225,37.88
,,113-5761591-3093800,89.71
,,112-6671588-5064216,42.68
,,111-6499319-3697837,15.0
2024-04-06,,111-9772487-0656218,42.39
,,111-9736563-7006615,42.78
,,113-6764160-9688268,10.0
,,702-0368276-5555416,27.99
,,112-6154626-2434669,141.07
,,112-4778041-0874605,133.76
,,113-6012265-6715430,59.99
,,114-2174881-1439430,30.0
,,111-4773394-9129822,181.89
,,114-4458884-8130649,19.7
,,112-0016256-8161048,35.22
,,114-5395371-7126613,154.07
2024-04-07,,112-8520591-7865002,14.99
,,114-9979559-0777030,19.11
,,112-0235863-1033049,31.79
,,114-4151402-7385806 ,53.97
,,113-2394690-6949816,10.0
,,113-1200313-4440247,15.0
,,113-5459499-5011411,31.37
,,111-3626458-9048260,34.06
,,111-8723313-2029048,34.06
,,114-8044571-7302667,10.0
,,114-1124716-6360235,150.0
,,114-9588285-2584239,20.0
,,114-9752055-5213831,52.05
,,111-1757223-6091441,19.07
,,701-8506390-5277826,5.0
2024-04-08,,111-7707179-9653001,49.21
,,114-1236407-4677022,79.99
,,114-1581578-6335467,45.99
,,114-4203114-3209015,76.03
,,111-7067277-8791468,43.69
,,114-8185513-3905004,35.99
,,114-8311718-5269846,45.0
2024-04-09,,112-8705429-2949844,189.99
,,112-1266896-5579429,43.23
,,112-0553620-8405016,166.91
,,112-0267282-9227413,32.99
,,111-3634249-7749822,14.99
,,112-5666692-7833844,8.0
,,112-6923031-8335438,15.09
,,111-0327953-3300214,48.62
,,114-1584558-5418631,20.0
,,113-5650703-9805855,97.64
,,112-5907538-6245020,78.69
2024-04-10,,112-9315469-9838622 ,32.5
,,114-0798303-1369055,172.39
,,702-4438559-1212212,44.79
,,113-7813064-4605009,15.0
,,114-9649848-9497854,32.2
,,113-8024887-8894636,45.99
,,114-5492761-2331440,53.99
,,113-0339619-2867451,27.08
,,113-0755935-7804222,86.69
,,112-6164805-8590630,21.99
,,111-9296196-6877033,31.16
,,114-1420580-1718653,32.31
,,111-4024011-4325049,5.0
,,114-8142155-8700208,25.0
,,111-6924573-7487402,30.49
,,112-4045989-1969009 ,43.19
2024-04-11,,112-6075094-3637844,8.0
,,111-4801092-5333067,116.99
,,112-1974012-0145044,249.35
,,114-1552597-2661016 ,157.49
,,113-7129801-8857043,65.0
,,113-1462394-5543450,145.51
,,111-3441442-0666653,83.91
,,112-1996559-8457810,64.34
,,114-3771257-1093839,35.0
,,112-5266373-3991467,43.47
,,111-2690548-5583419,96.99
,,701-3227604-8500232,35.0
2024-04-12,,113-7516556-1819421,128.39
,,112-6025432-8759400,9.9
,,111-5217910-0456234,191.91
,,113-9582633-0389812,53.36
,,111-3029120-1858647,9.95
,,114-8458262-6107448,15.0
,,111-7218844-3078612,55.0
,,114-1295939-3289029,33.06
,,114-1368095-331140,45.99
,,111-5986446-6146606,45.99
,,112-4046176-2591414,35.0
2024-04-13,,113-1014727-4369026,87.1
,,111-6230933-0826638,45.99
,,111-4231307-6434666,15.18
,,112-8978280-3678632,64.19
,,114-7912577-3628253,80.0
,,113-0351003-5574604,32.76
,,114-9943969-4351411,129.99
,,701-4366937-9925060,30.0
,,114-7421567-1879406,49.21
,,114-0941885-5797850,70.0
,,111-7167907-5859437,34.12
,,113-3707120-3426647,40.0
,,111-7550582-2694601,89.99
,,112-9037610-4309042,30.0
,,111-7997308-2682604,15.0
,,113-0797161-3605035,60.0
,,114-4783713-4258601,40.0
2024-04-14,,113-6601440-7363412,117.06
,,114-1752005-8210628,39.58
,,114-8237729-4647441,35.13
,,113-7812023-9453042,11.98
,,114-5718452-7318623,27.66
,,113-3819667-6349009,10.0
,,114-2565025-7614635,32.31
,,114-8934116-4230603,11.98
2024-04-15,,112-4326635-8039431,32.83
,,112-0039620-2153075,38.33
,,111-8004878-4597813,119.2
,,112-2163746-3036217,25.0
,, 701-7205226-1765037,131.03
,,112-4020766-4796265,32.0
2024-04-16,,112-0988351-4981824,15.0
,,114-3783949-2802622,32.01
,,113-7586333-6916262,30.99
,,111-1765059-3628227,20.31
,,113-0474072-8122601,79.99
,,114-0872554-6540201,25.83
,,702-3257867-6485065,20.0
,,114-2723299-5097852,14.49
,,112-7026619-3297040,103.77
,,113-3857025-0195465,67.01
2024-04-17,,112-2983663-2070628,10.0
,,114-9341553-7703453,50.0
,,112-6659261-0050631,13.0
,,112-4697015-2866638,25.49
,,113-4454349-7606664,43.39
,,114-9187280-3334634,99.21
,,112-3725359-7048236 ,59.46
,,111-7700311-3940266,20.0
,,702-4301067-1710660,204.52
,,111-9675487-9769816,20.0
,,114-1359544-4953807,30.0
,,113-9563525-4685009,55.04
2024-04-18,,114-3857872-8586612,124.59
,,113-3676152-7968214,5.0
,,113-1399740-2489833,89.99
,,114-7935708-8005015,59.99
,,112-2296366-4709043,181.04
,,112-2531603-1149829,74.19
,,114-6529064-0286642,65.69
,,114-1888226-9037029,25.0
,,114-7543517-8253034,159.66
,,111-3589099-8009005,159.66
,,111-6068079-7289024,32.55
,,111-7458013-9576212,8.47
,,111-5530815-8360209,20.0
,,111-0716948-1519430,20.0
,,111-9773939-6837035,112.78
,,114-8424035-7677832,28.98
,,112-4645473-9199402,27.45
,,702-8696263-3554645,49.99
2024-04-19,,111-3673411-4230643,29.99
,,113-0857895-6003408,75.06
,,114-7334599-3885810,62.99
,,111-4231910-3804204,37.26
,,112-2983663-2070628,69.99
,,111-8648572-0341823,42.39
,,114-6443034-1003458,99.99
,,114-1683683-2396233,68.47
,,111-8421918-3777852,22.96
,,113-4795804-7939468,64.1
,,112-6985788-3317829,25.0
,,114-3449712-2289835,105.99
,,113-5933971-3505828,161.99
,,111-2916668-6473036,139.77
,,112-2011845-9078629,19.99
,,112-4389744-7847461,50.0
,,111-7054999-6369846,79.99
,,112-1742498-9321049,37.57
,,112-2805068-9698645,42.94
,,111-0078467-4901064,43.33
,,114-8909137-8489803,48.7
,,111-9175438-8720215,79.99
2024-04-20,,702-3026576-2625059,19.41
,,702-3913768-0901869,109.69
,,111-8545043-4230657,25.0
,,114-7693561-1342645,65.0
,,114-9713097-7072257,12.09
,,111-8009067-5831409,5.0
,,111-7500394-0013854,43.23
,,113-2428412-5841842,80.17
,,114-8976499-1664256,25.61
,,111-9230639-0615407,98.09
,,114-7222298-1961859,80.84
,,111-5317958-5470653,79.99
,,111-6372295-6705041,29.99
,,111-2984409-2860252,40.0
,,111-4241132-1592241,45.99
,,114-7748312-8974610,18.37
,,112-2760580-8788208,37.31
,,114-6540786-1481857,32.53
,,114-7090779-0818634,32.03
,,111-8851381-2673028,128.27
,,113-7750923-4305050,31.96
,,112-3341641-1677046,32.37
2024-04-21,,111-3180583-5386607,43.18
,,113-1067782-2633832,93.14
,,112-9331914-1184237,29.99
,,111-7020371-1837043,20.0
,,114-5284179-0328211,113.18
,,111-9796159-9885005,39.41
,,112-8025438-4601805,29.53
,,113-4779040-2706665,35.21
,,113-4074070-9759407,49.81
2024-04-22,,113-6718415-8877064,38.86
,,112-3891317-7689005,39.95
,,113-3394278-8235460,30.0
,,111-4204936-8381063,171.05
,,112-0795178-3278623,63.59
,,111-0263332-7152267,47.62
,,114-0179260-5390666,160.3
2024-04-23,,112-1810343-7627408,41.9
,,111-9966105-5429836,21.64
,,114-9067604-1455405,170.79
,,114-8295637-4914664,35.0
,,113-0040027-2924277,28.45
,,112-0674318-2851419,83.33
,,114-0069204-4354666,61.62
,,114-1872007-9705036,6.0
,,113-8623050-8730650,69.99
,,112-6852581-5767448,71.35
,,111-5328274-1683421,60.0
,,701-8486382-5791414,15.0
,,113-1545978-1778620,10.0
2024-04-24,,114-0761424-3249065,35.0
,,114-3774010-8845060,49.55
,,111-2827896-9124214,34.33
,,111-3959398-6573856,96.51
,,111-1659656-5614650,50.0
,,113-2103026-2715433,20.71
,,114-0594153-1381069,15.0
,,113-6703829-5986662,39.98
2024-04-25,,111-7048833-7468228,41.44
,,112-7079466-3919404,32.82
,,114-9948910-0469819,48.7
,,114-4238577-9056221,63.59
,,113-9918885-5874632,72.95
,,111-2834455-6313029,45.46
,,111-9943050-1581039,117.69
,,112-9132779-9251431,40.53
,,112-4163583-5037049,75.55
,,111-6247481-9483455,63.12
2024-04-26,,111-9769770-0110660,32.99
,,112-4953295-6868261,369.99
,,114-0760423-6089004,15.0
,,114-6656772-0536216,38.78
,,112-6504182-2069869,35.99
,,112-3083782-2460244,30.0
,,111-4484542-8670610,65.21
,,701-2818472-8153819,57.48
,,112-2178707-0809812,31.58
,,702-0293788-4342634,14.0
,,114-5603796-9461034,40.0
,,112-7204302-9182669,25.67
,,111-5627785-7795444,22.6
,,114-4142268-2258635,32.2
,,114-9796308-6669062,17.75
,,114-5459865-0987454,15.0
,,112-7919418-8001036,32.01
2024-04-27,,113-4250047-7572237,45.88
,,114-5293354-1418608,15.0
,,702-6264209-7785047,49.99
,,111-9465102-8243443,45.99
,,114-5206799-9162665,8.0
,,112-7267815-1245037,192.59
,,114-0467471-0058618,8.61
,,113-2432690-6583431,12.59
,,111-1393980-1201865,5.0
,,112-7062568-3932220,10.41
,,112-4158254-4253821,36.79
2024-04-28,,113-8317481-8261823,30.0
,,112-2913084-1392228,131.91
,,114-9202623-8215456,369.99
,,111-3581120-2073052,60.21
,,111-7432328-1311403,109.99
,,114-4997123-6994626,47.99
,,113-3284496-9207462,45.99
,,112-4913047-0780219,42.47
,,113-8253463-6420267,17.28
2024-04-29,,113-6309625-2263404,32.65
,,702-1477270-7677806,58.79
,,701-0370487-5247460,24.13
,,111-5451901-6625015,29.99
,,114-1558811-2139415,31.98
,,113-7307787-6989820,69.99
,,702-3191168-0367411,158.19
2024-04-30,,113-2030100-1538643,48.36
,,111-5916906-4161021,44.93
,,113-6975967-6095449,18.99
,,113-4389174-3024259,10.0
,,114-3354372-3839416,30.91
,,113-9946942-4342668,85.9
,,114-3163661-7941835,10.0
,,111-9110004-1970624,8.0
,,114-0606933-0923462,30.0
,,112-8777455-5624228,10.0
,,113-3160722-6506621,30.0
,,113-3562025-7378650,86.23
,,114-9929803-3676248,25.71
,,113-3742513-7120260,12.0
,,113-9054255-8443404,39.12
,,113-9711204-3011443,114.73
2024-05-01,,702-8339987-8494662,45.0
,,114-2801980-5758621,15.0
,,112-6069315-8855423,80.55
,,112-8711280-6237816,17.33
,,111-1158986-8741002,189.99
,,111-2195543-7076202,36.96
,,112-8592188-7251441,95.83
,,114-5823962-2966605,50.0
,,701-8248350-3960248,21.27
,,111-8507368-3267469,99.1
,,114-9269516-3236201,139.99
,,701-8397060-2880251,114.44
,,701-5749299-0359455,55.99
,,114-3790921-3225864,15.0
,,114-7865012-4177066,20.0
,,111-9043784-5957060,62.99
,,702-8392626-9885815,25.0
,,113-0995878-8936217,6.0
,,114-0674731-9697058,28.95
2024-05-02,,111-5910552-2660237,49.99
,,111-9884466-1025828,10.0
,,113-4972256-2047461,62.53
,,114-9843051-7702614,32.79
,,111-5061109-4997017,31.79
,,114-9115784-7713018,12.86
,,112-2706591-2789056,180.7
,,113-2935389-9084237,39.98
,,111-8168115-0579443,18.87
,,111-9496256-4397003,79.99
,,113-3613473-6325005,6.47
,,113-1369883-6341827,50.0
,,112-8210704-0757047,89.99
,,114-4337174-1110667,82.11
,,701-5200950-1924267,21.26
,,114-7725296-3159465,136.68
,,111-7995620-6880260,25.0
,,114-7093683-8817058,59.67
2024-05-03,,111-5692858-8721024,36.92
,,113-2489007-8417805,37.64
,,113-3851353-5664269,31.98
,,112-8779316-4612233,34.03
,,111-9272831-6908207,39.42
,,114-3911083-7632264,31.86
,,111-3718306-6839408,15.0
,,111-1222899-6651428,25.0
,,113-3835930-9441003,15.0
,,111-7862646-3723437,30.0
,,113-6729549-2716214,25.0
2024-05-04,,112-0133855-7471423,29.99
,,113-6018632-1264234,20.65
,,111-6411313-8764225,50.0
,,112-7483353-3212244,39.21
,,113-2365987-8573862,29.99
,,113-9859225-7277063,47.37
,,111-6126432-2870644,65.0
,,114-2214829-2810630,45.99
,,114-0027518-9782625,50.0
,,114-3318618-4072238,126.78
,,112-7628928-5181868,32.99
,,114-7714208-5335402,41.28
,,114-7017965-2502629,5.0
,,111-2648141-4643406,26.43
,,111-2650675-4963439,29.99
,,114-6145502-7526664,32.61
,,112-8402119-9562649,32.63
,,111-4004466-3692253,32.63
,,112-0573468-3691441,89.99
,,112-8277752-3794643,40.0
2024-05-05,,112-2278268-4381003,10.0
,,113-6202141-0473864,35.99
,,111-8161285-3316236,14.38
,,114-9962202-9750667,14.92
,,112-4222872-1889866,11.93
,,111-5354247-5655406,47.07
,,114-8826848-7461000,29.22
,,114-5313996-8811414,11.81
,,111-3095242-4771409,32.07
,,701-3882430-4317054,35.0
,,112-0971991-6321864,32.31
,,701-1144786-8956224,69.99
2024-05-06,,114-2971927-0015469,5.0
,,114-8361349-0544212,35.74
,,701-0668567-3570665,69.99
,,113-6435155-1777802,57.23
,,113-0088475-6026617,57.63
,,111-8372275-0209023,12.85
,,113-8674123-8820214,32.0
,,701-9546599-5297032,56.49
,,111-9007241-8007425,196.73
,,702-5481873-9324249,49.44
2024-05-07,,112-2414091-0433846,87.19
,,111-3254943-5578662,32.39
,,111-6500882-8633827,10.0
,,701-6455862-5574652,40.67
,,112-7835250-4936251,5.0
,,702-5959891-0069854,27.29
,,114-5498741-9869025,15.99
,,112-5216850-4785012,80.0
,,114-2301742-1361031,97.15
,,111-7179890-4833069,17.99
,,113-6060337-5489061,19.02
,,114-8473601-1661004,15.0
2024-05-08,,113-2898761-3249048,17.92
,,113-5348358-1857860,97.92
,,111-1627321-0345050,98.76
,,112-0428575-2718607,39.98
,,114-2095374-2329057,39.98
,,111-4225026-8055448,32.48
,,114-0872379-2190644,32.24
,,111-7164862-3867415,
,,114-7864204-2068219,16.01
,,701-6862098-8024247,32.99
,,112-4823523-8729044,35.99
,,111-1515130-1735446,37.55
,,111-7186426-8178669,8.0
,,114-8741218-4095463,45.0
,,111-7030770-2821029,42.89
,,113-6209478-4585046,39.98
,,112-7335415-9768202,158.99
,,114-3418858-4534637,34.49
,,113-5628099-6785004,44.03
2024-05-09,,114-2033683-6375425,45.99
,,112-4903400-5890669,122.95
,,112-8758070-0892268,20.83
,,113-4704517-1455464,86.89
,,701-8638095-4722639,15.0
,,111-2242715-8065060,19.07
,,111-1354068-6958625,24.79
,,112-2284966-3603409,7.99
,,111-6301227-2090631,45.99
,,114-8009140-2627451,30.61
,,114-4479518-3476230,27.54
,,111-4334322-1135438,58.36
,,113-5636179-1182660,25.49
,,111-0488999-4358620,32.39
2024-05-10,,111-2077721-9669821,53.89
,,701-9393225-9640204,139.99
,,111-7253943-6110657,11.98
,,113-3642362-2117805,32.39
,,111-9189143-7913835,31.25
,,113-3761106-8676231,15.0
,,112-4392818-8863460,70.0
,,701-4852546-7227404,64.37
,,112-5882443-7144208,45.99
,,113-8525589-6839417,98.09
,,113-6280683-1890657,31.79
,,111-4974089-1907406,95.95
2024-05-11,,111-4152086-6331448,27.7
,,701-2739661-3042666,25.0
,,113-9068521-5497061,12.95
,,114-1617419-6654643,195.74
,,111-3852238-4235441,109.99
,,112-7758406-9376247,9.95
,,112-0315986-3329857,47.78
,,111-9614796-6197826,15.0
2024-05-12,,112-8945649-0514652,73.86
,,112-8945649-0514652,21.59
,,114-8896512-4010632,15.0
,,113-8747170-6694621,146.13
,,112-2793916-9908212,95.39
,,113-5184698-0292237,35.99
,,111-1926721-1893026,
,,111-9225696-6491449,25.0
,,111-3442125-9668204,19.61
,,113-5699408-6377002,17.43
,,701-8442756-7991435,132.2
,,112-1253998-0313031,23.88
,,114-1687119-1517035,38.05
,,113-9547026-5508201,48.91
,,111-7548258-1761009,21.59
,,114-9345796-9508244,89.99
,,113-9548729-4067406,84.47
,,701-3074611-2511424,62.71
,,114-1996184-2360220,79.99
,,407-4524049-8633136,30.82
2024-05-13,,111-4314706-2246620,25.0
,,114-4286593-4429053,20.51
,,114-6248547-6141005,33.99
,,702-1408889-6190620,69.64
,,111-0779410-9874664,105.49
,,114-0540568-7268268,45.99
2024-05-14,,114-7928835-5485825,42.92
,,113-6138709-8121057,20.47
,,111-3721444-9197044,70.0
,,111-6670795-4508201,199.0
,,113-5539394-3028246,75.0
,,114-7906758-5062609,5.0
2024-05-15,,112-3511732-4186659,31.79
,,111-8475661-7489050,15.0
,,701-3411511-8731446,19.53
,,701-1257118-3195444,45.99
,,112-1695354-7662611,42.63
,,114-6613912-8769043,30.0
,,111-1657126-4825058,26.33
,,113-6625647-1136213,52.55
,,112-5214705-8070613,45.99
,,114-0760611-5787426,50.0
,,114-1239841-0740260,29.99
,,111-0864014-3856260,30.0
,,112-1831434-7008219,10.0
2024-05-16,,111-7274486-8351408,64.32
,,111-3956874-7647403,34.75
,,113-0715879-8818654,35.99
,,112-2844216-6760214,190.79
,,111-2161160-8185863,36.99
,,111-6938081-0988206,19.99
,,111-4427110-3480203,23.53
,,114-5896292-4804218,33.55
,,111-7133458-6114627,30.0
,,113-6842364-4862625,194.84
,,111-8257062-3994629,30.0
,,702-2718151-2569809,79.09
,,113-0106237-4461866,9.99
,,114-8989068-1022635,18.91
2024-05-17,,114-3952249-6519469,43.05
,,113-2503898-8827423,18.87
,,114-4481677-2865809,105.98
,,112-0185394-0825857,10.83
,,113-6956296-1401050,106.91
,,112-8844910-5509016,36.5
,,113-2742254-8941015,38.83
,,114-6989007-3029831,42.39
,,114-8409397-2349019,9.95
,,114-7513956-4010657,161.24
2024-05-18,,112-2585322-5265837,42.11
,,112-8923948-1494653,15.0
,,111-8303841-1524240,150.49
,,114-0877298-6535416,5.0
,,112-9441091-5609017,42.99
,,111-0221617-9032241,10.0
,,702-7561823-5882635,20.0
,,113-6423885-1724264,19.99
,,701-3642229-4411412,119.99
,,113-0076730-1687467,25.0
2024-05-19,,702-4879158-2773046,35.0
,,111-6543798-6183458,20.0
,,113-7856819-0161042,29.99
,,701-0060330-8490639,49.71
,,701-2614731-8990611,8.0
,,702-4776915-0815428,55.0
,,111-7351769-6006666,52.99
,,112-9007292-2364200,9.95
,,112-4240530-1980202,30.0
,,111-6760070-8305849,15.0
,,114-0288574-0799439,29.6
2024-05-20,,114-3628647-2886657,13.01
,,112-5139058-4303424,91.57
,,111-0327718-7105072,14.92
,,111-2109205-4992209,35.0
,,111-2726298-2373048,27.54
,,113-4530761-8143406,81.61
,,113-0462805-0430635,102.35
,,114-7599918-7335438,
,,114-5234783-2970646,21.99
2024-05-21,,113-5580264-5269862,158.19
,,702-1248691-3361848,44.62
,,114-5496782-9559431,10.0
,,112-9049049-8891448,45.0
,,114-1165916-8304237,45.99
,,112-7701719-8700224,129.99
,,113-5100207-0709855,45.99
,,112-5659403-1905060,45.99
,,114-9247033-4723413,37.98
,,114-7861451-7623441,37.89
,,111-3903743-6609823,86.59
2024-05-22,,112-2011055-4037050,6.56
,,111-0032673-0831458,31.82
,,111-3361866-3473012,38.84
,,114-3297349-2905817,59.39
,,112-9670692-6554634,27.93
,,111-8678332-1476257,15.0
,,113-3358117-0857046,10.0
,,702-7861155-2252219,35.0
,,701-5222864-6534619,112.99
,,111-5457657-0698615,150.57
,,114-1188078-1758627,38.47
,,113-0648914-0557024,25.0
,,111-5462938-6574606,45.99
,,113-8872610-5508256,73.06
,,112-0399906-0372254,22.09
,,112-4137791-8134662,45.99
2024-05-23,,113-7738247-5252256,45.68
,,112-4675645-7197003,52.46
,,112-3758680-4152242,39.0
,,114-6013307-8079406,25.0
,,112-7579403-1941003,21.59
,,111-6259441-3215420,7.52
,,111-4625042-9921050,18.99
,,111-3281172-1500250,18.99
,,111-3378978-4915460,18.99
,,114-8093588-1962664,32.46
,,113-3070568-5540210,39.99
2024-05-24,,701-7628104-9655417,10.0
,,701-1430694-0237001,25.98
,,111-3309384-6098658,100.0
,,111-8671695-0908219,50.0
,,112-5563193-6904239,52.99
,,702-3993486-3959420,85.87
,,702-5321460-1621006,10.0
,,111-5856470-9741030,32.39
2024-05-25,,702-1274969-7896235,18.99
,,114-3067209-7873066,30.0
,,111-4568845-9599439,123.67
,,113-0663439-1350661,5.96
,,111-0812072-4401019,89.99
,,113-8402759-2713861,42.79
,,113-7276234-8978612,7.59
,,111-5015370-3576260,31.79
2024-05-26,,114-5752778-9274631,46.99
,,701-0644479-4910603,30.0
,,114-9685826-1265064,21.23
,,114-1423794-4133869,96.45
,,111-8930376-0077046,22.46
,,111-9299608-5138664,105.59
,,112-3105115-5711407,39.09
,,702-3884603-0297061,101.31
,,112-1573655-2556224,19.38
,,112-5163653-6861858,29.12
,,114-2979416-5447450,300.0
2024-05-27,,114-1413961-3590663,7.49
,,111-6821897-4870653,35.0
,,113-9916166-8250650,45.99
,,111-2030302-1043460,40.1
,,113-0233469-4365031,36.37
,,111-8836157-1862613,36.75
,,302-3326928-0243546,79.82
,,113-8498212-7853805,74.89
,,111-4903844-9851417,21.71
,,152290204787248743,378.41
2024-05-28,,111-6976658-4794602,97.19
,,112-0439005-3019451,43.32
,,702-1809035-7013859,119.99
,,114-2369006-7437008,21.75
,,112-2480911-6263454,89.99
,,112-7131943-3795428,28.74
,,701-3664871-4009856,55.43
,,113-6055150-0000204,93.74
,,702-5740184-6793858,65.0
,,702-4417016-4465812,63.27
,,114-6429366-5408268,10.0
2024-05-29,,113-0629670-5826604,20.3
,,113-9179494-1469805,40.0
,,702-0918065-8087408,27.11
,,114-5724964-2450606,86.23
,,114-5320310-5370610,30.58
,,111-9087649-0194617,101.99
,,701-6394368-2280241,77.28
,,111-9699009-5077043,29.99
2024-05-30,,702-5950939-8161859,19.03
,,113-8402618-4068223,41.97
,,114-7061642-2258656,77.06
,,702-8884213-1778653,10.0
,,302-9809204-1245963,17.0
,,112-5731920-0564269,31.58
,,113-0540578-2457816,25.0
,,113-0583304-8920242,32.23
,,111-1394213-7304206,8.95
,,114-3330895-0899420,29.99
,,113-1406529-4761001,77.75
,,112-7479405-9931460,19.99
,,114-6354221-3074649,54.3
2024-05-31,,114-0025208-1679455,32.43
,,113-6572076-8317806,20.0
,,112-8942531-1114659,62.82
2024-06-01,,113-7663998-7589819,36.32
,,111-1317665-3253030,43.28
,,114-3184269-8405813,15.11
,,111-0451997-9089835,127.99
,,702-4701268-0925031,40.0
,,114-8976438-3221022,5.33
,,112-4922888-9773028,36.08
,,111-6209957-6699461,50.73
,,114-5307913-8261016,153.13
2024-06-02,,114-9279709-2521031,60.0
,,112-0478007-4442628,25.0
,,112-8537163-6766602,102.59
,,113-7760445-6973003,42.99
,,111-4787502-4277835,50.0
,,114-8366177-7830653,45.99
,,111-6076939-7495457,10.0
,,112-8370219-6041059,47.91
,,112-7042338-1890647,79.99
,,113-7139396-7089858,25.0
,,111-2202430-8631420,137.43
,,114-4523920-1740227,5.0
2024-06-03,,113-6221790-5213048,54.09
,,111-0419105-3516202,50.0
,,111-0784088-0673068,8.0
,,701-7720310-9050612,51.73
,,112-5272074-4323447,70.0
,,114-7253997-4756232,69.99
,,112-6943335-4153820,
,,114-4483550-3831453,29.95
,,111-4243848-6673862,101.64
,,113-0692276-3526633,30.0
,,111-9304465-7547449,6.97
,,113-9840763-1311401,30.0
,,111-9192212-2500249,21.26
,,114-7693313-4820230,16.37
,,114-9672231-3734621,60.0
,,114-0071856-9304210,37.64
,,113-9317654-6989043,24.8
2024-06-04,,114-6794951-9802632,100.45
,,112-1684050-6231432,44.63
,,112-6347153-7663443,15.0
,,112-8029879-6665843,45.99
,,112-1972463-8044260,39.12
,,112-1743490-7869003,19.13
,,113-0560726-3001054,173.39
,,113-1757531-9780267,140.16
,,114-8024157-9545067,15.0
2024-06-05,,112-1989702-3060235,28.93
,,114-7484580-2965845,30.0
,,111-3212172-1197039,7.99
,,112-4822965-1412230,43.09
,,112-1878037-3754601,168.47
,,114-7789478-4112222,32.16
,,113-5922410-1380260,12.0
,,114-3416555-5513024,29.99
,,111-1033631-4946647,32.99
,,701-0814736-4910606,18.96
,,114-7284740-2733854,29.99
,,113-0057838-6256240,45.99
,,113-1740136-6065038,10.79
,,114-4755047-6302602,21.99
,,111-6199137-1401849,5.77
,,113-2872524-8155403,25.0
,,113-0796178-9631411,15.3
2024-06-06,,112-4166337-8217008,63.59
,,112-8418725-3111452,74.19
,,114-7637881-4391466,32.31
,,111-9338062-9378642,21.19
,,114-2132631-7183423,40.37
,,113-8732958-5240207,86.69
,,113-7132163-6462657,98.4
,,112-9523501-4866627,32.9
,,112-4670743-9833003,38.0
,,114-5124155-6786648,21.0
,,702-3704154-0423425,46.9
,,701-6238681-8811420,52.89
,,112-4983164-9918600,29.99
,,112-9707848-1535454,50.0
2024-06-07,,112-8462528-4056236,33.64
,,113-8669619-3894613,86.86
,,114-2508992-6436255,45.4
,,114-8690335-1832209,42.58
,,112-0056948-9642666,60.0
,,111-0200749-2857013,27.52
,,111-3247219-2978661,45.99
,,113-8560140-2340217,40.0
,,112-9231869-6693052,25.0
,,113-5297994-2840222,53.32
,,114-2518583-5582642,7.0
,,111-3908453-9528268,25.0
2024-06-08,,114-0096635-0557856,14.14
,,114-2822835-7029028,20.41
,,111-4535507-6610617,42.38
,,114-0398969-9104207,73.44
,,701-9801855-1077017,30.0
,,114-0952120-3836217,29.31
,,112-1751931-3410616,13.9
,,114-4239321-1351462,75.27
,,112-8863185-6653044,30.0
,,114-7743802-0728221,10.0
,,112-7550215-3364245,98.18
,,113-1405015-6433824,11.99
,,701-6811811-1991464,70.0
,,114-7242501-7968248,27.46
,,113-6204498-3169050,30.0
,,113-3977295-0659414,58.84
,,111-6741376-8467458,84.79
2024-06-09,,111-5445058-0418650,50.0
,,111-5658398-7287427,121.62
,,113-5580264-5269862,84.79
,,701-5272325-7911424,57.49
,,111-9777798-5457055,44.37
,,111-9658482-8793822,85.0
,,111-5136998-8145049,18.99
,,112-2504783-2544238,50.08
,,113-7912831-9924221,21.9
,,112-7525850-4770666,37.2
2024-06-10,,112-5099907-1477821,59.66
,,114-4133347-3511409,60.0
,,114-3601360-6976210,100.0
,,111-0023309-9021061,45.99
,,701-4025294-5177039,190.39
,,701-8950380-9210622,21.26
,,114-7698962-7709054,15.0
,,113-0560115-7141006,37.06
,,111-4932488-6687409,45.99
,,113-8226465-5047457,87.79
,,114-0527700-0065065,
2024-06-11,,113-5532839-9867421,32.09
,,114-7223735-0985812,99.06
,,111-9636552-4684235,25.0
,,111-4117424-7617008,42.52
,,112-4231143-8432258,39.94
,,113-4894466-4804266,29.99
,,114-4489022-8785833,
,,111-8516579-3812261,35.67
2024-06-12,,111-1785885-0781851,15.0
,,702-4632102-0059462,56.49
,,113-7481736-5316225,91.37
,,111-4025383-6595434,32.15
,,113-4621583-4753815,80.0
,,112-9458211-4193064,195.29
,,114-9607494-6946606,32.09
,,112-4626243-7344250,60.29
,,112-6145926-8073068,69.99
,,114-7874428-3569813,29.99
,,114-8828326-3836203,115.14
2024-06-13,,701-6977835-6083406,55.99
,,114-0823033-1835423,29.99
,,111-2113502-0597854,15.0
,,112-4458028-6285860,112.6
,,114-7601864-3716239,6.49
,,113-6132618-3211438,121.93
,,113-7889903-2447446,50.7
,,112-0764084-3724215,32.65
,,113-1308275-8091428,127.18
,,112-2027580-5395458,63.59
,,702-0844003-5145809,22.39
,,113-2688660-6165855,
,,112-5521644-2837013,75.41
2024-06-14,,112-5060960-4732214,35.0
,,113-1027877-3370637,10.0
,,701-7454770-1346628,25.0
,,112-5134618-5036217,25.0
,,112-7695071-7432230,34.52
,,112-0833699-7613868,79.99
,,114-1519149-2959431,48.65
,,702-9839356-6093030,18.07
,,702-1134777-4060203,101.69
,,702-2023100-9278669,101.69
,,112-7672992-2329848,190.79
,,702-5677350-7691455,69.99
,,111-9100168-4340219,39.21
,,114-7824267-1882668,149.99
,,111-1579922-0077024,89.99
,,113-1265190-8699428,16.0
,,114-0426002-8333029,15.0
2024-06-15,,112-5274092-5813011,42.38
,,113-7424403-2193068,18.11
,,114-7200719-6265045,14.99
,,112-0845562-9785004,45.49
,,111-7201943-6465039,21.99
,,112-5333830-6361017,150.14
,,112-4764151-9461857,71.39
,,113-8513828-1050639,30.0
,,111-7213369-4319414,48.93
,,114-7947728-0159443,64.37
,,113-7196916-9549066,34.09
,,112-1428136-2269849,128.21
,,111-6649371-0894644,33.72
,,112-7385238-3387419,85.29
,,113-9433789-5239443,45.99
2024-06-16,,702-7983270-1741815,15.0
,,113-9045107-4329860,129.89
,,114-3103097-9227434,31.59
,,111-9803565-2280260,32.43
,,113-0890360-8910610,31.44
2024-06-17,,113-4227850-5220234,8.99
,,701-2695394-7353022,80.47
,,111-7051146-8081867,9.95
,,112-9612149-6317829,35.0
,,114-2422476-9189017,29.99
,,114-1261109-0132254,27.81
,,112-3942421-9149800,32.31
,,113-2300854-2538610,32.54
,,702-2053330-7697819,25.0
2024-06-18,,113-9615013-2375430,47.62
,,114-9645390-2175456,102.35
,,111-7789274-1073010,64.79
,,113-7263798-7294659,26.08
,,113-2650729-9193829,50.0
,,113-4728468-3186634,32.39
,,112-7206975-7306661,32.5
,,114-0792980-3904206,10.0
,,114-2682800-6429861,8.0
,,114-0958569-3027448,29.99
,,114-3535059-5202632,10.0
,,114-1473756-0840210,50.0
,,702-0054877-1275400,15.0
2024-06-19,,701-4975480-2429020,69.99
,,702-4757497-9369815,38.28
,,111-6593933-2258667,129.99
,,112-9947762-3620234,75.99
,,113-5582162-4730611,96.29
,,111-7443063-4563407,32.65
,,113-4152853-8254622,139.92
,,112-1708419-7628201,20.56
,,701-8273027-5871415,51.74
,,112-3118814-1534603,96.96
,,112-7325888-1761862,20.6
,,113-4676134-9879432,35.99
,,113-4860646-8706644,104.99
,,112-7359076-6222646,27.72
,,114-7149765-9209024,82.61
,,111-6641853-2950669,105.32
,,112-4867756-8272246,5.5
,,114-6279008-7445062,108.1
2024-06-20,,113-4113834-4987458,27.55
,,114-5500813-2757837,25.0
,,113-2274635-4902601,33.64
,,113-0337706-3045015,73.07
,,114-7793475-7429835,43.53
,,114-8554418-1368223,43.54
,,111-6824398-2765848,18.99
,,113-0394010-1045035,66.05
,,114-3033555-8095468,25.0
,,114-5613823-0416259,42.88
,,112-2172467-1739457,64.04
,,111-4867239-3818661,79.99
,,113-8251424-2291428,95.61
2024-06-21,,114-7940765-3628230,35.99
,,114-9373620-6247444,39.58
,,113-5947585-9547419,42.88
,,112-2382716-3630629,97.81
,,114-5569137-2291409,21.03
,,113-5250011-2576206,10.0
,,114-6395187-1269818,42.94
2024-06-22,,111-7272274-7117823,38.15
,,112-6213581-5353060,45.0
,,112-5300227-6545024,27.64
,,114-8920269-8855413,29.99
,,111-6813977-3325042,30.0
,,113-9937551-7624266,10.0
2024-06-23,,113-8916374-8945012,59.99
,,114-7020148-4920216,46.63
,,701-7246334-2749804,101.69
,,114-4758615-0117000,68.05
,,112-0631401-1493034,12.75
,,113-3251633-5215401,99.3
,,111-4423638-5886629,74.63
2024-06-24,,113-3171591-2675406,97.36
,,112-0453225-8376224,129.74
,,113-8417078-3573016,14.83
,,112-7891271-7736251,66.99
,,114-1059570-1240204,32.5
,,114-1098134-1725846,10.62
,,111-6842633-1664246,32.16
2024-06-25,,113-9977267-6126609,69.99
,,113-9196263-5824268,13.17
,,701-0662151-3628251,162.99
,,112-5832639-2561835,33.64
,,111-9517658-7611427,39.92
,,111-5912359-1334656,18.71
,,112-7992242-4694664,86.69
,,112-5043189-2401002,182.32
,,113-3595995-9876223,20.0
2024-06-26,,111-1414647-3805835,75.06
,,114-4367911-2845044,137.79
,,114-9988893-8101816,58.31
,,111-0261431-6354630,5.0
,,113-9346986-6490666,50.0
,,113-1620866-8617023,29.2
,,111-0304943-3705813,50.0
,,111-4896045-3331411,31.79
,,113-2596280-8865807,65.71
2024-06-27,,114-9747132-5208254,184.46
,,112-4957577-1783402,10.2
,,111-6063171-6313854,25.0
,,112-3352692-1206641,25.58
,,112-4513885-6856230,25.0
,,113-3431983-8261847,19.99
,,701-1898352-5401866,112.94
2024-06-28,,111-6470958-9623469,20.32
,,113-0118027-3419438,15.0
,,112-8710167-9813868,40.04
,,113-6947352-1725024,29.99
,,114-4502513-0220268,39.23
,,114-6247878-9145815,21.89
2024-06-29,,702-0118593-0014675,39.19
,,113-2146613-3745838,53.2
,,113-5846733-8369801,103.91
,,111-9702287-4400219,49.21
,,111-8825903-8843434,49.21
,,111-1198525-7687428,20.0
,,112-8422319-7545827,115.82
,,112-9997523-6398616,149.99
,,114-4545873-5195425,15.0
2024-06-30,,112-3736919-0951453,40.95
,,114-7920254-2917824,133.59
,,114-4168159-8917809,62.99
,,702-7256112-7508205,45.98
,,114-4365033-6648263,10.0
,,111-0024614-7454650,28.93
2024-07-01,,114-3985615-9061029,40.0
,,113-9328772-3737832,87.3
,,111-0196319-5697843,107.74
2024-07-02,,112-4180222-0897066,80.0
,,114-1549167-8656213,94.49
,,113-3501404-3001052,43.88
,,112-6085636-7440266,37.96
,,112-5069247-6997804,15.0
,,114-1468922-6402644,42.79
,,111-7072892-5460234,39.68
,,112-4532081-1281807,70.0
2024-07-03,,114-9117687-0861062,112.87
,,702-5126424-3032204,15.0
,,111-4310296-7659414,35.99
,,112-7924196-5191468,43.88
,,112-8924025-1120249,96.24
,,113-7374044-0844269,45.99
,,111-5114291-1277005,32.39
,,114-1373393-6284241,32.91
,,114-5565207-5929812,50.0
,,111-6114375-0180215,80.71
,,112-2367948-0701021,15.0
,,113-6399260-3179449,20.0
,,113-2290814-6144202,54.87
2024-07-04,,113-3303725-7739463,32.31
,,111-4080100-8273049,81.56
,,111-8243687-2248243,48.98
,,701-8653014-3985826,67.79
,,113-8091407-7403415,31.79
,,111-4754444-3462633,7.46
,,113-9450749-4779445,19.38
,,112-4676043-0933067,37.09
,,113-0965527-6945006,15.0
,,111-7281595-4568240,18.99
,,114-1498358-5064215,17.47
2024-07-05,,111-1965006-4540259,41.97
,,701-6499734-8745065,180.79
,,111-2422996-8793014,43.19
,,114-1453003-3796265,8.0
,,111-6365679-4105803,75.8
2024-07-06,,112-3607827-9238630,30.16
,,111-6717973-1189806,30.0
,,702-2264423-2321042,40.0
,,114-7144086-3953029,47.78
,,111-8418505-3522649,124.0
,,701-6989986-5709029,25.99
,,113-2453622-3969057,19.38
,,114-3731236-6129811,53.49
,,702-4670239-3185862,69.99
,,114-3153202-0397804,23.1
,,114-9961138-1683437,69.99
,,701-0437449-4549050,75.99
2024-07-07,,111-9534584-5173865,45.99
,,114-3256458-5609012,32.33
,,114-6545807-5265025,173.19
,,114-3127257-0562625,173.19
,,702-4991967-0169002,16.99
,,112-1219872-0219468,69.99
2024-07-08,,113-8916374-8945012,30.0
,,702-9830597-2448226,49.99
,,111-2652473-3751425,35.99
,,112-2965592-4912214,10.0
,,702-0238680-3791430,56.49
,,113-4706682-4833054,42.52
,,112-7804436-1193846,15.31
,,305-3467299-4309964,40.0
,,111-8915266-5224267,31.79
,,113-0955035-6649809,75.5
2024-07-09,,114-7250713-0156239,42.39
,,113-3296053-0089852,25.66
,,111-1731248-9404257,25.03
,,112-9993122-5361803,28.37
,,111-4880377-5575435,31.02
,,112-2232057-6669822,109.49
,,111-9585713-1625812,39.8
2024-07-10,,111-3644061-2739469,20.0
,,702-5896119-9738668,45.19
,,113-9666866-8241842,30.0
,,114-1863361-5876249,19.47
,,112-9303564-9128249,146.57
,,111-7369821-8445823,43.18
,,113-3732654-9382638,20.0
,,113-9813148-6990659,21.99
,,701-0951862-9212246,200.0
,,112-1116748-2215400,73.29
,,111-1988186-8791411,15.0
,,112-0724666-2397832,10.0
,,112-9183531-4319444,30.0
,,113-9237359-0350626,29.99
,,111-0312017-5557831,30.0
,,113-6513294-2557814,46.79
,,113-2281843-9630628,39.98
,,112-1519414-3300228,32.65
2024-07-11,,112-5674941-8461813,30.0
,,113-8283487-4369866,40.74
,,111-6918975-9774632,65.23
,,111-2700400-7461012,34.45
,,112-2237631-5634611,10.0
,,114-1970344-0938603,10.0
,,702-5810142-1176216,36.15
,,111-1229466-3293067,69.99
,,114-3908935-5704214,27.71
,,112-2660338-5735412,21.99
,,114-2006423-2797008,42.89
,,112-4216215-8133850,34.0
,,111-6643527-6959424,21.54
2024-07-12,,114-8569951-5639412,25.0
,,112-4048898-1568262,35.0
,,114-3252358-5780232,39.83
,,111-6432313-9628230,185.17
,,113-3512271-2118617,9.95
,,701-4986324-5981865,64.39
,,114-6486169-7938611,113.39
,,112-5498117-5368212,32.39
,,114-1164049-9622660,64.63
2024-07-13,,112-4142855-1736250,29.99
,,114-5326013-3101826,46.96
,,113-6397624-3997849,17.78
,,701-2628031-8058603,55.99
,,111-8298470-3941812,21.99
,,112-4265687-3453840,32.24
,,113-3209978-4841816,29.99
,,114-7404095-5033864,48.86
2024-07-14,,111-3104252-6985816,39.39
,,112-5826671-2292235,28.0
,,112-1859225-4016208,31.58
,,111-8571323-3236250,42.79
,,112-8435356-6517025,30.0
,,112-1291330-9162669,31.89
,,112-4620486-9564264,19.45
,,114-0556960-0163425,10.0
,,701-2837975-0536215,60.0
,,112-2885439-1676223,45.84
,,114-9711018-5861854,20.56
,,112-5629752-6021034,35.0
,,112-2684839-0625051,126.59
,,028-1902316-7681956,30.0
2024-07-15,,112-2059923-5621060,61.35
,,113-5555809-2308258,98.2
,,114-8605734-4109822,32.39
,,114-2973915-5830634,40.0
,,111-1289229-1769824,36.72
2024-07-16,,111-0717016-6362609,30.0
,,112-5800131-8737034,10.0
,,113-0718963-6083423,29.99
,,112-0565185-9097813,9.99
,,112-2201748-8516238,69.99
,,111-3550647-5446621,33.88
,,111-9473089-4545052,42.64
,,113-2937561-2900225,131.93
2024-07-17,,114-1079824-7446614,119.2
,,113-1276064-0239430,32.4
,,112-6339019-6196221,32.46
,,113-8473783-4146658,21.29
,,114-8869712-2456205,41.72
,,113-0023449-2816247,30.0
,,114-4886732-7069850,153.67
,,112-4131748-0013850,42.39
,,112-0824177-8837060,25.84
,,112-7832226-5865827,15.0
,,112-8067790-5348224,17.99
,,114-4667071-3735455,108.24
,,114-0206256-8431455,30.0
,,114-0818402-1326660,11.0
,,114-2933214-4703436,15.0
,,304-1697402-2477905,16.0
2024-07-18,,114-7954485-5409804,23.1
,,113-2212995-9411467,15.0
,,701-7033892-8903447,85.87
,,113-4747756-3159433,63.99
,,114-8483164-2912219,25.0
,,114-8085519-9314613,67.56
,,111-4710789-7428252,95.39
,,111-4926029-8789867,148.38
,,701-3019239-6064230,49.99
,,111-4682138-0230627,50.0
,,113-1097862-3325868,43.44
,,701-2221146-3164232,120.0
2024-07-19,,112-5759067-416982,58.01
,,114-0819219-8304243,43.28
,,701-8160871-5167449,104.99
,,112-5939928-4166649,26.07
,,111-5879074-8227465,107.79
,,113-9094647-0301848,35.99
,,113-8555064-4657035,45.99
2024-07-20,,114-7019580-7849837,73.7
,,112-8688794-6597029,20.79
,,114-9700549-3646623,43.0
,,113-3511445-0891406,63.59
,,112-9982746-1544237,39.44
,,111-8075812-7545811,32.84
,,114-8291700-5919402,32.24
,,701-3905541-1508239,15.0
,,112-2992856-7844253,26.8
,,112-5762467-9921821,37.09
,,113-2807879-5414637,10.0
,,114-5280178-9158660,87.99
,,114-4704002-0769818,39.99
,,114-7199986-4739428,40.0
,,113-7575458-3955416,78.18
,,113-4697586-8468232,52.99
2024-07-21,,304-8614105-5141933,49.0
,,701-1759689-5930608,24.13
,,113-4346904-8004262,10.0
,,112-4971542-3215468,69.0
,,112-8144791-5089053,20.81
,,113-6377452-0283461,12.99
,,113-0114463-3221819,28.79
,,113-8717967-5221048,106.99
,,111-9644631-3349034,10.0
,,113-6791423-2929031,21.99
2024-07-22,,114-0130685-8395440,151.19
,,113-4094256-1921013,32.78
,,111-6356547-2287403,69.99
,,112-7659141-2965803,73.82
,,113-7918500-3577065,79.99
,,111-6757791-7146635,98.99
,,114-5366305-5146632,21.4
,,114-1037631-6617056,40.33
,,111-1064286-9529844,15.0
,,113-4751977-3496257,19.34
,,112-4883797-7093855,31.54
,,114-8391897-7362663,3.0
,,114-5255488-4810606,15.0
2024-07-23,,112-4323502-8432253,6.35
,,112-0229120-7022647,21.55
,,114-8613125-0278640,90.09
2024-07-24,,113-1788303-2136259,20.0
,,305-5708345-9307508,15.0
,,112-4593835-9337067,26.89
,,112-1869298-4629850,57.97
,,114-9234842-9021024,26.81
,,112-3561020-9473008,79.99
,,114-2230614-1216228,92.0
,,112-0040430-4652243,45.99
,,114-1931837-7617811,40.0
,,111-1391712-2440203,26.12
,,113-6172041-8793844,41.86
,,113-4214124-1309059,15.0
,,112-4625861-4925834,15.0
2024-07-25,,111-4462806-1481014,19.66
,,111-8872325-1172221,133.55
,,114-2016876-8481802,40.0
,,111-4372747-2785854,92.99
,,113-9726173-5993867,90.03
,,111-0238586-2317824,29.99
,,114-7731818-5033801,59.91
,,701-4890887-1884247,24.13
,,114-4775132-1946603,45.99
,,111-2002243-2091409,107.74
,,114-9703649-5653061,84.99
,,111-2416948-0057854,63.74
,,112-4990465-9919420,100.69
,,112-4768439-4642649,25.67
2024-07-26,,701-2534540-0693015,49.99
,,112-5569642-2850647,17.11
,,701-1498460-8521822,56.49
,,113-7612614-7641003,90.0
,,702-9967920-2608224,101.69
,,702-0794992-1812205,55.49
,,112-2009669-1329867,20.0
,,111-1393663-3273863,15.0
,,114-1582296-4338658,10.0
,,112-3307699-0002614,86.87
,,112-6703711-0357003,76.0
,,111-3618278-4912251,92.29
2024-07-27,,112-6238982-7837028,15.0
,,113-3775927-2494642,32.76
,,111-0186603-3890612,31.94
,,113-6068469-7605806,77.21
,,112-0992385-6689829,43.94
,,114-3197532-2351444,53.16
,,113-5631399-2633863,54.18
,,113-3043318-8449012,40.0
,,112-1245554-3605052,16.47
2024-07-28,,112-8051735-3467442,79.99
,,702-2982796-3682645,56.49
,,111-7311580-1175452,20.0
,,701-0185838-8283409,100.0
,,112-6984216-1582605,60.0
,,112-7104558-5148209,5.79
,,111-3161814-2222607,29.49
,,111-7014398-3350646,30.81
,,111-6973333-9345801,72.68
,,111-4007737-3213845,30.0
,,112-1856070-0753065,45.99
2024-07-29,,113-7732866-8697804,38.24
,,113-8380483-3227426,33.31
,,112-3989418-3435455,116.59
,,113-1237182-3876243,19.82
,,112-2255044-5153037,10.0
2024-07-30,,113-7467935-7346609,20.0
,,112-1060613-3936235,25.0
,,112-3221747-3594615,15.0
,,112-9460673-8040225,67.24
,,113-7767541-1859456,82.42
,,114-0786216-0099426,15.88
,,112-4685341-5508245,93.08
,,114-6267162-4183464,121.54
,,113-0634468-8895403,13.24
,,114-5735350-5386664,17.99
,,112-1632202-1008222,517.79
,,111-4406231-3569835,155.44
,,113-4906231-5210653,14.39
2024-07-31,,111-6853251-7345812,216.49
,,113-9566766-9073000,25.92
,,112-4270971-5116254,45.24
,,111-4328892-4486630,33.93
,,111-3711128-7713833,43.6
,,702-6497775-0888219,16.0
,,702-6982309-1847416,25.0
,,111-5188866-4490652,14.62
,,114-8020451-9929067,50.0
,,114-5650507-1610633,19.47
,,114-2838501-1974639,20.32
,,113-8485516-7120220,104.89
,,702-8760447-9417816,62.71
,,113-5729099-9170628,8.0
2024-08-01,,114-0052171-5945024,45.99
,,112-1032996-4392228,20.27
,,113-5211619-0343408,35.0
,,113-2298987-2683454,31.79
,,114-1817343-5370649,43.49
,,112-0483887-8304266,15.0
,,112-4553771-4013067,21.34
,,112-2348540-8578664,129.58
,,111-8498703-2049819,15.0
,,114-8860596-9236245,15.99
,,112-5698945-5011417,78.18
,,112-4201578-3425821,75.85
,,113-2730300-9198617,79.99
,,112-4071242-1699420,20.0
,,113-8097725-6778602,82.4
2024-08-02,,114-8371053-0895433,79.99
,,114-1885483-5126634,60.0
,,114-3918308-6508256,20.68
,,113-6646978-0571449,20.0
,,113-3812366-7868257,10.0
,,114-4047518-3675401,7.57
,,112-8048885-9704216,34.23
,,113-3438099-4441837,32.16
,,112-6891947-9444201,19.5
,,112-7665888-5953831,75.78
2024-08-03,,112-9170078-0713863,513.59
,,114-1572090-6648258,64.19
,,111-5203553-1396265,8.0
,,111-4342180-5206624,18.13
,,113-0010724-8440276,31.79
,,112-8777771-1548218,85.99
,,111-5539772-3500248,120.0
,,111-0497827-8098654,20.0
,,112-4012464-1113053,14.16
,,112-2833796-6207406,116.59
,,112-8523925-9753834,90.29
,,114-5972871-9640210,100.0
,,114-9025923-3954600,162.03
,,114-8102865-6984213,60.33
,,111-5385109-6171401,96.29
,,114-9365138-4589017,38.24
2024-08-04,,111-8773467-7597051,19.51
,,111-3035512-0735409,80.0
,,112-7971097-1888224,16.95
,,114-7019238-5761047,10.0
,,112-3766154-5149008,26.99
,,113-9924541-1432229,20.0
,,114-6795223-288821,43.19
,,112-4961378-7404255,50.0
,,114-6603297-6302669,20.0
,,701-0886555-3625841,21.46
2024-08-05,,112-9240436-5465069,42.39
,,112-5127064-4780212,54.88
,,112-0092162-2085042,104.17
,,114-6131385-4922602,25.67
,,111-5094631-9259428,10.65
,,113-8304576-3865061,54.11
2024-08-06,,702-1027859-5457043,27.58
,,112-0927959-4551454,28.88
,,112-2017882-5273814,10.0
,,111-2330253-3096223,34.95
,,113-7343289-0286614,50.57
,,702-1318695-3281063,65.98
,,112-3057597-6057866,64.02
,,112-3039016-6682603,30.0
,,112-2154009-2083410,45.99
,,701-0852980-0309841,5.0
,,112-2960164-6566629,40.0
,,111-9666117-1115401,10.0
,,111-6080974-3045065,7.41
,,114-5537857-0205010,32.73
,,111-0188611-0022666,21.59
2024-08-07,,111-1331860-9054620,42.1
,,114-0306449-7305864,115.99
,,113-0219090-7086621,30.0
,,111-9659209-0319415,70.0
,,114-2048725-5772237,120.22
,,111-5334950-6432248,6.97
,,111-7201905-1525055,32.31
,,114-2137476-0401001,21.66
,,702-0020910-7157874,90.39
,,113-6623038-2107404,38.98
,,112-2966187-5413845,54.0
2024-08-08,,701-4125302-8137845,42.99
,,114-4817899-5100252,45.99
,,111-5749401-9802661,57.9
,,112-4357572-9031448,18.46
,,114-8102339-6963420,30.83
,,114-3127522-6683442,69.99
,,113-2990685-2301832,107.96
,,112-7559149-3669827,40.0
,,112-7152633-8449049,46.53
,,114-8880935-3632249,39.18
,,702-7577981-6569051,50.0
,,114-0489564-1741030,9.95
,,112-3641315-6628217,104.99
,,111-7990715-9391405,31.98
,,112-8344122-0493812,39.99
,,112-3200270-7242633,31.64
2024-08-09,,112-0376508-9429825,71.99
,,111-2628736-1911440,23.53
,,701-0661716-1227406,10.0
,,114-9034260-0414606,77.73
,,112-2940960-7285801,42.79
,,701-6943903-4685023,96.04
,,702-8908671-3057862,128.78
,,114-8432739-2833066,28.95
,,114-5745036-9582612,37.88
,,702-3573744-3879428,89.99
,,702-7424032-8533855,49.99
,,702-5991010-5493010,68.97
,,114-3076706-2306626,20.0
,,112-1488742-3588245,41.73
,,112-2430277-4142626,31.79
2024-08-10,,113-4447471-2319434,19.57
,,113-6641568-5179431,40.5
,,112-8779605-9672242,14.99
,,111-3090943-1390657,59.25
,,111-9055168-9285013,43.28
,,702-3732044-3005013,15.0
,,113-1629185-3674668,69.99
,,112-8101317-8379442,20.0
,,113-9398023-9793050,8.99
,,111-1872832-4834616,20.0
,,113-5234291-4075402,20.13
,,113-6596365-3995413,42.68
,,112-7884624-8389053,24.79
,,111-0574406-2965816,39.99
,,702-8942727-8749829,39.37
,,113-0946783-1986654,64.85
,,305-2820696-7300362,34.99
,,701-4544926-6551451,189.99
2024-08-11,,114-5537229-3880205,108.24
,,112-0924731-8134613,38.19
,,113-4734532-7378668,20.32
,,112-2947034-6837832,27.4
,,111-9572111-0885039,20.0
,,113-0965245-3255422,183.16
,,114-5939055-5309059,29.22
,,114-9858870-2796203,32.46
,,111-2806209-3615461,34.07
,,111-8297162-7075410,31.79
,,112-4244694-2413030,35.79
2024-08-12,,113-7156002-5601800,92.63
,,112-2578294-6739418,42.29
,,114-0412295-8044230,8.0
,,112-8726083-0193835,9.52
,,114-3254410-4296247,59.99
,,113-5483387-2339418,69.99
,,112-4267819-7262647,423.99
,,113-2317693-4355467,8.0
,,701-6898356-8485034,50.0
,,112-3599379-9606649,50.0
,,111-2942053-8650621,15.0
,,114-1191330-5304203,60.61
,,112-7301054-9814623,29.99
2024-08-13,,113-4159748-2121048,25.43
,,113-6499805-9630668,31.98
,,114-5499051-9886630,203.29
,,112-4530359-9647433,54.61
,,112-0968617-6986653,25.0
,,702-6899867-9825021,47.45
,,114-6783728-6482625,32.16
,,112-5904112-7421840,29.66
,,113-9507791-7312227,32.55
,,114-0208115-8932269,45.99
,,113-9929480-3784235,25.86
,,112-2588557-5325031,48.53
2024-08-14,,111-8169664-2170649,32.32
,,112-3230053-3259427,19.15
,,114-7134493-5559468,69.99
,,112-2049272-9987463,25.0
,,113-6391895-1489030,29.99
,,113-1410508-4151412,43.09
,,114-3657653-6395426,96.29
,,701-0085489-3373038,9.59
,,113-3797521-3009847,21.19
2024-08-15,,702-4526195-7741036,52.49
,,111-0504505-3293869,29.99
,,112-5750548-0553051,76.31
,,111-3086217-4246660,6.39
,,112-4142626-0808244,32.46
,,113-9389378-3676201,45.99
,,113-2154326-7820248,49.65
,,111-7678929-4781046,10.0
,,113-5841355-868585,45.99
,,112-9517305-8096263,19.07
,,111-9975785-8137820,86.59
,,701-9145943-8021804,52.49
,,305-6440532-144351,11.12
,,114-3049743-1367404,79.49
2024-08-16,,701-4950877-3440206,50.84
,,113-9474689-3189821,42.39
,,114-5278883-7192243,39.58
,,113-5156442-3117012,15.0
,,114-8773156-9251416,15.0
,,114-5113759-2428210,43.38
,,114-7457903-3414613,20.0
,,112-6921838-4679443,84.79
,,114-8356087-6416252,33.13
,,114-2331195-7709826,91.79
,,111-7099369-9092225,9.87
2024-08-17,,111-3062745-1169842,45.99
,,113-2947864-6310632,19.25
,,113-6255574-5866648,27.87
,,114-3986846-2810625,31.94
,,112-4961893-5446604,42.69
,,114-9964149-2382661,29.99
,,112-5367015-4489020,138.76
,,112-9444201-6003423,58.84
,,702-2111819-5104225,197.53
,,111-4642057-9737043,31.79
,,111-9087919-3237051,20.0
,,112-5602514-9684261,38.24
,,114-3049858-3537012,103.91
2024-08-18,,112-4450549-9081049,9.99
,,114-7461681-4237802,6.0
,,111-0512217-0518606,28.37
,,111-0071198-9921028,12.11
,,114-8651887-2655440,125.0
,,114-2871998-5657057,53.68
,,702-4935217-7670605,20.0
,,113-1319274-0781021,25.41
,,113-4729745-6814660,43.28
,,113-6855374-1056268,36.86
,,113-5798497-5345829,39.99
2024-08-19,,701-0566774-0610645,34.57
,,114-5316306-6765063,81.71
,,111-2159451-6171465,17.31
,,114-1466377-9249869,509.99
,,114-0837149-1401038,20.13
,,701-7023565-0957061,20.0
,,112-7858709-4282604,43.33
,,702-6292212-9741059,49.71
,,701-7186235-3757032,63.22
,,111-4388746-7279425,40.0
,,112-4517066-1605804,27.37
,,111-2005401-6757003,32.43
,,114-5813288-6797847,6.99
2024-08-20,,112-5110211-7724251,39.14
,,111-6112685-1491429,23.99
,,701-8231613-7850647,44.79
,,114-0473134-2961838,36.08
,,113-9721000-7392200,29.85
,,113-7492842-9550615,43.89
,,114-0213851-7401078,58.01
,,114-1652029-0198623,21.71
,,114-6814586-2975408,26.99
2024-08-21,,114-7461681-4237802,25.0
,,112-0268318-7314653,45.99
,,112-8884551-0491436,50.47
,,112-9507284-6093046,32.0
,,111-3878763-0205809,74.19
,,111-4917210-7507421,42.39
,,113-6752794-4854600,30.0
,,112-1190035-6487422,45.99
,,113-8123191-5914611,58.7
,,114-7131335-9205037,23.68
,,111-5541248-3717021,7.41
,,114-5062674-2071465,49.57
,,113-6798311-0579448,45.99
,,111-5209682-6576250,40.0
2024-08-22,,113-5867234-2276256,56.7
,,112-9120740-1772244,132.13
,,111-8695225-0293000,43.34
,,114-8566117-6584233,52.74
,,702-8108675-5684209,114.96
,,112-0376469-4497826,2.99
,,111-1575955-5502624,86.59
2024-08-23,,111-6816698-1678629,339.99
,,114-2587120-0604266,58.02
,,112-0670852-8500224,38.7
,,113-7053773-2748218,7.99
,,112-3331748-2769817,25.0
,,113-0727120-3466635,27.36
,,112-5949237-2593862,142.01
,,112-6176779-4209030,7.84
,,113-5789827-6251468,32.31
,,111-8496154-9205066,84.79
,,113-6539909-2164265,18.75
,,113-7683126-6118642,128.09
2024-08-24,,113-5044500-5427424,28.85
,,111-6430959-4660224,19.7
,,112-0714596-7328240,30.0
,,111-8164571-6174619,79.99
,,701-4283711-6924247,50.84
,,701-2685317-0629861,40.0
,,113-5229063-3873838,10.0
,,113-4445903-5529843,10.0
,,114-6532486-8023455,42.53
,,113-1493321-6317052,23.98
,,114-2959870-7417842,27.37
2024-08-25,,112-2202252-9590660,37.69
,,112-0641024-3555434,31.4
,,113-3148978-1116238,126.35
,,114-5497722-7211417,33.64
,,111-8854388-0297034,27.55
,,112-3940326-4449829,40.0
,,112-5943523-6941823,32.46
,,111-1640310-7042633,20.0
,,114-5870836-0451465,19.82
2024-08-26,,111-8614908-7763416,34.9
,,114-2541921-4089055,84.79
,,114-4490176-6709803,42.79
,,111-2455196-6991408,33.08
,,111-5314994-3146648,25.0
,,701-0568355-1820211,20.0
,,112-1555128-2471425,27.2
,,114-4000756-5141044,30.0
2024-08-27,,112-7413042-1527434,29.22
,,113-4823804-3034652,97.82
,,114-5162767-9218625,35.0
,,111-7226500-2660217,19.77
,,114-8866629-8285833,43.18
,,114-0643209-1841042,57.23
,,702-4991622-7828223,83.99
,,113-1017075-9681009,15.0
,,701-4940901-0081069,8.0
,,111-0517850-0260230,69.99
2024-08-28,,111-6080664-2564256,47.69
,,112-7960935-1692256,40.27
,,112-0903899-9248267,33.1
,,111-3644061-2739469,35.99
,,111-6343726-2226605,154.07
,,114-1118680-6393046,27.44
,,114-6751094-399225,32.33
,,112-1935371-1551422,160.0
,,112-1386243-7109864,39.83
,,113-8900165-0743409,129.99
,,113-8772042-7774668,32.69
,,113-2780918-8266621,79.99
,,112-2023136-6502667,47.07
,,112-8000520-3045003,64.54
,,114-6370358-9324241,54.24
,,112-7603186-1292208,36.0
,,112-6565950-7991426,36.0
,,306-3624413-8101149,49.99
2024-08-29,,113-6063335-1461041,42.99
,,113-3604073-4693811,85.59
,,114-6453414-8903452,46.59
,,702-7444639-8313023,169.49
,,112-2254275-0248250,19.38
,,111-2668155-5303454,29.63
2024-08-30,,113-8254920-7803453,32.2
,,113-9622107-3216245,16.63
,,111-3642964-9519441,561.34
,,111-1594812-4910627,59.99
,,111-2874155-3560268,15.3
,,112-9151004-8645839,15.0
2024-08-31,,111-2607253-6488245,45.99
,,111-2054071-4153807,59.55
,,702-2103249-6216244,21.26
,,702-0725292-7419437,14.99
,,112-0142995-0784271,17.99
,,114-0089841-8387431,52.99
,,114-4860065-7345831,93.18
,,114-1800242-7841010,129.29
,,114-4200131-5945835,85.29
,,112-7635150-6445867,69.99
,,111-2529748-0569052,5.0
,,701-5926268-0751412,135.59
2024-09-01,,111-6580127-1840201,19.55
,,112-8410241-1869066,6.0
,,114-4335127-5176211,45.99
,,113-1108897-4776201,45.99
2024-09-02,,111-0991600-0873010,65.3
,,405-0598365-9821944,15.0
,,113-3166517-1197830,159.99
,,114-3111713-9409821,76.81
,,114-2869523-4586640,69.64
,,114-1621828-8465810,29.99
,,113-3787230-7785865,34.49
,,112-0175982-6906666,158.99
,,114-8436264-2502668,50.0
,,112-3483777-5249001,33.88
,,113-9610088-5242654,40.0
,,701-5944578-5559425,23.51
,,701-9039235-5717035,56.19
,,113-7383262-6207458,10.0
2024-09-03,,701-6903593-3907445,45.19
,,113-3300820-1983453,117.69
,,113-9214806-2196228,37.99
,,702-8475476-1635401,101.69
,,114-1216794-2833818,15.0
,,111-9435034-9825814,105.0
2024-09-04,,114-5265579-6801063,5.0
,,111-8173501-5197030,44.99
,,114-2844194-7878622,140.39
,,701-3814997-9563414,10.0
,,701-0496466-9955410,49.99
2024-09-05,,114-3658552-5077836,50.0
,,111-6201809-0894631,45.46
,,112-5996936-1043430,16.79
,,113-4307935-7780261,33.41
,,112-8389488-1388213,75.99
,,112-4237835-9942603,92.0
,,112-7004292-3924255,32.46
2024-09-06,,113-2563502-9091416,29.31
,,111-2885336-9616225,30.0
,,111-2380174-4275444,69.99
,,111-2831241-8147434,44.99
,,702-3817956-1660242,39.54
,,112-6664991-3255463,41.99
,,112-2820666-2642640,9.95
,,114-5424941-4282636,42.89
,,113-4528292-9393003,32.46
,,112-4389374-0296236,116.59
,,114-8734591-8048226,82.82
,,702-2021146-1892227,19.03
,,113-2753508-0353004,39.99
,,114-0363910-5269878,26.38
,,114-0962707-3307402,50.53
2024-09-07,,112-0658992-6482616,22.04
,,112-5350289-8691463,98.99
,,701-1544304-1158632,51.72
,,113-8627319-7057045,33.59
,,111-1245002-2153860,116.99
,,113-0826755-6185000,32.49
,,111-3584383-3073005,142.01
,,113-8146181-2592246,39.99
,,114-7524857-8177828,50.0
,,111-7116950-5165062,79.99
,,028-8703066-5917162,8.49
,,114-9615110-7069044,69.3
2024-09-08,,114-0603347-4764205,5.0
,,111-9904116-5819439,16.95
,,701-0882421-2342617,25.0
,,114-6274987-0962657,5.0
,,112-8511007-6957065,60.0
2024-09-09,,113-6371548-7389855,7.0
,,111-2674344-8880259,17.85
,,114-0338323-9225847,38.8
,,113-8336184-7017016,28.7
,,701-9821856-1611469,90.29
,,112-6591118-9230644,64.78
,,112-7546527-6010656,42.22
,,114-7582269-2289008,23.31
2024-09-10,,113-3820900-4877854,79.99
,,113-7311472-4645849,45.99
,,111-1281400-5331463,108.41
,,111-3493756-1650607,31.77
2024-09-11,,113-8124487-2522619,146.87
,,114-9894908-6198653,81.51
,,114-6811915-3808206,19.38
,,113-0222732-8005058,40.0
,,113-4682671-1834634,26.65
,,112-4587958-1677066,45.99
,,111-6619013-7654631,74.89
,,701-6223480-1652258,11.99
,,114-3733764-7451422,50.0
,,112-0659009-5461805,9.9
,,111-9452826-6349865,61.98
,,702-8598794-5575402,69.99
,,113-3242836-6061827,29.62
,,111-3286232-4921049,100.44
,,114-3513203-5085006,40.0
2024-09-12,,113-3459499-6679432,9.52
,,113-3692358-1585009,86.59
,,114-4950030-7664257,28.7
,,113-9301918-6049802,47.62
,,113-2426278-8793859,42.99
,,114-3063490-2958637,59.98
2024-09-13,,113-5050192-3831448,9.95
,,111-7294624-6575411,47.18
,,701-6664922-6930611,22.9
,,112-5356917-2821020,44.99
,,113-9676559-7587423,50.14
,,112-1711740-2502620,45.99
,,111-8194831-8000208,10.0
2024-09-14,,114-0394728-7724254,10.0
,,701-1647975-5409803,169.49
,,114-0592384-3174655,14.53
,,112-3216357-0409011,39.99
,,114-3607224-5046637,29.34
,,113-3134450-5594606,68.41
,,111-8300818-5933857,15.0
,,113-9348862-8651446,36.81
,,114-5324531-2097830,33.96
2024-09-15,,113-2256636-5469022,25.49
,,111-0631904-8483401,80.0
,,702-2294285-9849859,55.99
,,111-5433217-3385814,29.35
,,114-0083074-5773861,129.59
,,112-7245662-2563453,39.58
,,112-7455797-6475427,29.15
,,112-4485323-2025830,36.08
,,111-6299379-5211404,8.47
2024-09-16,,114-3845509-9465867,42.79
,,701-5830943-1399411,22.98
,,111-3572030-3737062,398.74
,,111-0093110-8962616,104.93
,,113-9025881-9593012,82.66
,,111-2032192-2354627,106.91
,,114-7192883-5125861,45.99
,,113-6073964-9558611,20.0
2024-09-17,,112-3486093-2378618,155.87
,,114-4888354-7139440,8.0
,,114-3709178-5541017,74.99
,,112-3356281-4685857,45.99
,,112-6907850-5287424,68.03
,,113-1656920-8500220,38.29
,,113-0528310-3957816,113.5
2024-09-18,,112-2010090-5786650,99.98
,,114-4160429-7659411,17.16
,,111-4720674-6860228,45.99
,,114-0005895-5296250,57.9
,,304-0951339-4174744,10.0
,,114-4733518-3810610,21.71
,,114-8147910-8657802,53.68
,,112-7450567-6424214,58.7
,,112-6318665-7319406,24.27
,,113-8295859-3081850,28.81
,,111-4501042-6489842,32.73
,,114-1774132-6137002,381.45
2024-09-19,,114-1940349-2799421,42.52
,,112-3754020-2077813,85.99
,,113-7067812-2569048,5.0
,,701-7411575-8343450,135.59
,,114-6450582-5697800,35.0
,,114-3851483-7495468,225.0
,,113-3672606-170660,19.11
,,111-0778735-2113835,11.37
,,113-5033596-0061831,104.49
2024-09-20,,112-3656104-2001021,16.15
,,113-9848662-1097023,29.22
,,112-9107973-5430636,55.0
,,114-0839089-8671426,80.38
,,112-3511984-9343459,15.0
,,111-4335695-5117044,11.38
,,113-8720291-6267442,13.93
,,113-8076020-5750608,10.0
,,112-0750109-8361839,46.0
,,112-2080080-4257801,34.66
,,113-7427829-7252243,28.04
,,114-0344162-5811448,141.3
,,302-3902035-9370732,60.0
2024-09-21,,702-3630277-0369062,10.91
,,112-7559637-2965024,20.81
,,111-0189233-1988256,6.8
,,701-8518245-8038655,16.99
,,113-2905188-1082658,5.0
,,112-7822959-9869025,42.78
2024-09-22,,114-5993319-9722611,10.0
,,306-9830193-8204310,35.0
,,114-0219453-5601044,47.07
,,113-6579941-9917853,360.39
,,112-0168796-8805042,78.76
,,702-5493818-2601053,10.0
2024-09-23,,112-9683736-1435453,51.41
,,113-2268504-2721864,123.0
,,111-9800184-0118646,96.03
,,111-3805818-7302651,43.67
,,111-1439882-2488232,10.0
2024-09-24,,112-9141013-8513020,35.33
2024-09-25,,112-5705124-2483459,25.63
,,702-9737873-7373809,45.98
,,111-0812004-8682661,9.74
2024-09-26,,701-4299421-4302618,85.87
,,113-8790861-4584234,62.76
,,112-2540652-6377047,15.0
,,112-2343904-1168267,8.0
,,112-6252781-1646654,38.69
,,114-9828287-0151434,19.38
,,113-9538791-1809033,24.6
,,113-8417746-5284223,119.75
,,114-9370155-3545067,21.78
2024-09-27,,113-0016453-8506639,69.33
,,112-5600310-9293067,77.3
,,112-1835850-9588209,12.74
,,701-5361413-9037819,30.0
,,112-3512548-1858621,42.89
,,111-3806258-4542654,36.0
,,114-8325671-4225852,9.0
,,111-2802688-7229802,36.79
,,702-8016826-7781067,55.0
,,113-2166052-7929000,317.99
2024-09-28,,112-3246962-3992209,40.0
,,111-5869069-3142648,43.47
,,111-9854308-3888237,50.0
,,302-9635878-1534710,64.5
2024-09-29,,702-3736591-6618615,16.99
,,028-2927574-3259560,90.0
,,112-1947470-6443405,17.87
,,113-5641111-4905009,14.54
,,113-6457427-6873047,20.0
,,113-4277285-9622653,19.16
,,111-8343304-2720252,72.46
2024-09-30,,303-6111463-7890731,15.0
,,113-7567504-6513061,30.0
,,112-0930209-0932269,59.52
,,113-1513344-6717812,31.79
,,114-4897692-2159439,25.0
2024-10-01,,111-9450376-8941035,139.99
,,111-9208509-8491417,55.06
,,113-5026967-3217052,100.0
,,702-8250726-7816238,72.19
,,111-9803070-0477810,48.87
,,701-6586382-3852207,15.0
,,702-5589281-1695419,95.18
,,112-7915417-4393051,50.0
,,114-0831109-9169038,10.66
,,113-4097512-7254601,35.0
,,702-7859505-8240234,27.11
2024-10-02,,111-4434623-5898610,28.78
,,113-7057863-5259422,76.0
,,114-0806561-7363423,28.88
,,112-9389021-8882658,7.99
,,113-9139438-3228241,25.0
,,112-3163895-2345004,19.47
,,113-6381549-3966636,39.99
,,111-6586917-9505802,94.61
,,112-4787768-2677827,58.84
,,112-4432378-5658664,44.99
,,111-3515153-6047421,20.15
,,113-1154332-5612245,20.0
,,113-0320602-7812274,80.0
2024-10-03,,113-3383865-3193065,31.79
,,113-7965430-5976202,39.2
,,113-4682970-3836263,32.09
,,702-0518142-0589027,41.99
,,113-7099041-0977027,371.87
,,112-1095942-9488207,41.25
,,112-1941711-0021036,24.97
,,111-1863786-5109816,49.89
,,112-7741023-2005053,33.06
,,112-0476375-6722656,33.06
,,701-2967869-9334645,41.99
,,111-2265230-9704219,74.19
2024-10-04,,114-6357259-0218646,14.99
,,112-9121265-2210658,42.78
,,112-3452536-4345019,19.54
,,111-3597073-6058601,20.0
,,702-1656975-3665025,17.99
,,111-1738966-0444251,69.54
,,111-0990696-4894616,20.56
,,114-4281579-9344235,17.73
,,113-0561810-6237821,5.0
,,113-1053231-6851452,15.0
,,113-7606871-7405842,30.0
2024-10-05,,111-0823303-1122641,40.0
,,702-8451844-8721846,58.82
,,112-9922023-2969014,86.39
,,114-1772280-8730653,42.49
,,114-5346764-9114629,20.0
2024-10-06,,114-6836488-2485040,40.04
,,114-0626328-4953025,155.51
,,114-7138107-8567439,68.19
,,113-1334129-8976203,65.24
,,113-3484931-6287433,26.61
,,701-0805812-0074610,32.76
,,114-5590352-7880207,28.98
2024-10-07,,114-0868028-1556223,128.09
,,111-2552324-0307444,38.05
,,112-2768820-7493832,79.67
,,701-0046263-1861874,16.79
,,702-2390338-5313837,81.57
,,114-8636168-9547444,21.51
,,112-4165933-1574653,5.0
,,112-8486072-4371433,13.96
,,028-0212698-4478764,100.0
2024-10-08,,113-3730768-5786636,27.47
,,303-5862004-5914753,19.99
,,702-3609864-8303420,20.0
,,112-5263598-5263466,10.0
,,112-9136237-1528209,45.99
2024-10-09,,028-4392904-0141154,49.99
,,113-4245102-9713820,54.68
,,114-5527282-5868228,53.99
,,114-9287236-6275444,42.39
,,113-6038471-9450640,15.0
,,113-0989241-0209000,98.04
,,113-6753342-0260214,7.0
,,701-0569010-1389855,41.99
,,114-5933518-6021828,32.84
,,111-9894295-2857856,74.19
,,114-4146962-3058645,118.21
,,113-3527928-5813838,50.0
,,702-4248509-3004242,66.14
,,113-7103378-2736211,59.99
,,114-5712279-1373044,31.4
,,114-4704840-1602622,7.0
,,112-6114468-3478645,26.06
,,113-3701122-3320226,77.87
2024-10-10,,702-2326155-6540248,35.2
,,702-8830085-1261000,112.99
,,111-7829825-2129018,30.0
,,113-6471582-0416227,42.73
,,112-7739144-8885057,35.35
,,702-2246973-2415463,80.0
,,114-4242561-2400266,19.0
,,113-8618373-3001868-1,32.31
,,112-2878473-8981040,43.34
,,113-4995368-5649848,50.0
2024-10-11,,111-5981211-1838630,40.78
,,114-4267944-4016250,15.0
,,112-5405048-3991451,113.39
,,306-0430933-6663528,15.0
,,111-7491647-4291413,86.79
,,111-0625200-0959424,58.74
,,112-6667856-0745864,40.74
2024-10-12,,701-7518724-2499437,50.0
,,701-2598451-7912261,50.84
,,114-6371460-9924221,75.5
,,111-7451854-0941817,28.88
,,113-9162202-3704252,45.49
,,114-4204045-7324234,15.0
2024-10-13,,114-8272652-9685801,28.61
,,112-9993117-4823421,65.0
,,114-0947414-2124221,49.69
,,113-5551993-6078641,13.98
,,701-0389348-5549034,9.99
,,112-5681477-5258641,134.77
2024-10-14,,111-4187156-0215433,25.0
,,111-0030794-0180212,81.12
,,112-5646065-8554638,105.92
,,114-9053294-9532235,20.0
,,112-3129702-0395411,60.57
,,701-6141950-4257837,39.99
2024-10-15,,112-5540291-3970649,39.5
,,113-4689047-4816213,20.0
,,111-5581310-9016240,15.0
,,114-0580392-2483461,23.39
,,112-7978773-1370654,14.99
,,113-3014874-5449021,29.76
,,111-0041987-6453819,31.98
,,113-1111474-5628230,64.49
,,114-6951743-5001830,111.27
,,114-0312738-2815436,53.63
2024-10-16,,111-5250002-8941057,45.99
,,111-8144385-9274604,25.9
,,111-1366904-7821005,20.56
,,113-0580605-3873069,44.99
,,111-0561429-5870624,15.0
,,111-9147837-7002633,21.75
,,112-0078642-3408277,25.49
,,113-5340344-7097049,10.0
,,114-9810080-2780257,26.74
,,114-8782487-6812207,60.0
2024-10-17,,114-8097647-5167457,12.75
,,113-7261290-0934645-1,53.77
,,111-4021152-2138631,103.54
,,112-0627575-7544258,23.31
,,112-1410296-9575403,19.25
,,701-7606697-6517022,8.0
,,111-5965574-9848218,18.0
,,701-2099802-2261052,99.99
,,113-8997745-4353858,33.69
,,111-9755847-2973000,45.99
,,114-7929915-9945060,52.09
2024-10-18,,113-5752774-7144231,59.99
,,112-2133947-4575440,16.14
,,113-1719957-2581014,14.99
,,112-4366098-3774667,158.99
,,112-9593308-6901865,35.71
,,114-6760637-6856233,15.0
2024-10-19,,701-5338510-9359425,30.84
,,114-1527462-6424203,15.0
,,112-0273559-8191439,49.8
,,113-1779561-3111465,14.99
,,114-1432596-3373832,80.0
,,702-9184878-4538661,59.99
2024-10-20,,701-3241173-1833845,167.99
,,112-6559780-1520224,25.26
,,114-2352861-9618633,40.0
2024-10-21,,113-4012016-1646601,40.08
,,114-2537930-5881027,31.89
,,111-9769982-8948234,64.19
,,702-5290137-6515408,45.14
,,113-4048498-0145006,17.21
,,111-2859583-9844259,71.84
,,112-1427065-6796257,64.34
2024-10-22,,702-0015964-2855410,23.28
,,112-1740856-5869005,96.29
,,114-2518786-3646637,64.19
,,112-1068939-8738638,15.0
,,113-1673058-8833001,16.22
,,701-6596068-3066659,8.0
,,112-7436798-9208221,40.0
,,702-6334045-3377836,200.0
,,113-4700880-4495466,20.0
2024-10-23,,112-2424833-4205065,36.79
,,113-9198016-4688245,45.99
,,111-0202159-3969840,54.44
,,112-8596370-8189830,25.0
,,701-4895111-9711452,16.99
,,114-0620316-6163439,9.99
,,701-7648298-5438655,85.87
,,111-9662876-6171435,16.44
,,701-6619308-8075425,35.0
,,701-0411945-7258600,17.91
,,113-4254601-3022615,24.32
2024-10-24,,111-5768437-6416258,76.59
,,702-4524005-1541821,56.49
,,111-2422873-1728265,20.0
,,113-0098351-0244258,50.0
,,112-5852018-5015456,19.11
,,114-7543560-1053040,86.8
,,111-3089996-3481822,29.99
,,111-1401494-1666658,36.35
,,113-6401818-0541018,46.49
,,114-5310432-4171428,162.36
,,112-4115000-2705839,42.1
2024-10-25,,112-6337060-3523458,40.0
,,114-3080167-0893825,32.15
,,111-0643968-7474624,97.01
,,112-4876384-5300205,203.76
,,701-3245715-2654614,95.6
,,113-9404709-8545046,59.49
,,112-4080900-9054668,42.44
,,112-3885755-7244251,15.0
2024-10-26,,701-7849701-7305011,10.0
,,114-7458320-0309011,38.46
,,113-8065261-5865817,20.0
,,113-0047147-7432223,7.0
,,114-7878940-9377820,15.0
,,113-5216504-0921027,31.98
,,114-6320983-2686640,15.0
,,111-2554936-5864222,35.0
,,113-8668881-4911405,20.96
,,111-2960772-4640211,15.0
,,113-5408166-7342631,80.0
,,114-0983281-0137003,77.48
2024-10-27,,114-7564361-8900231,50.0
,,112-9808714-5571400,50.0
,,113-0308654-1522602,40.0
,,111-6885908-8516205,99.99
,,112-1775212-9945026,86.91
,,113-1969608-1711442,8.0
2024-10-28,,111-3887417-2087446,31.99
,,113-9260818-8313844,139.09
2024-10-29,,113-6090987-1292235,30.0
,,112-7578499-9721837,20.0
,,112-0274335-9104260,69.59
,,111-7252561-1483446,74.19
,,112-1163370-0271447,74.19
,,305-4859691-3712325,60.0
2024-10-30,,111-6583168-8953013,90.55
,,701-9854330-5265861,19.43
,,111-3787375-3705065,10.0
,,113-9325639-4449006,21.61
,,113-7067327-1832258,43.34
,,113-6712258-4652237,39.98
,,112-5167643-9964238,43.49
,,112-4324242-8870658,43.49
,,113-2488296-1215416,19.48
,,701-8302061-7811447,111.28
,,114-0584046-0772211,44.7
,,111-1603761-1619436,90.94
,,702-8036902-8465047,169.9
,,113-7934854-2860213,9.33
2024-10-31,,114-1846283-1246658,10.0
,,113-9070009-6188265,14.73
,,702-6725748-9537866,5.0
,,113-3696651-0029846,35.0
,,112-2336818-9633850,25.0
,,112-2273597-9497857,30.0
,,114-8001505-8277048,48.52
,,111-3994319-3699415,36.91
,,112-4362971-0200246,54.61
2024-11-01,,113-4145223-4600240,9.99
,,114-6048538-9537056,180.19
,,113-9089690-5279451,33.37
,,112-0953769-9483415,30.0
,,112-0252561-3041034,21.24
,,701-3564844-1756232,50.39
,,111-7251483-7986623,53.74
,,112-5419584-4781810,25.0
,,112-9113536-1197012,44.99
,,114-6408495-3823467,31.88
,,114-2846361-9303410,96.06
,,111-0935441-5198665,133.52
2024-11-02,,112-2869037-2134630,19.5
,,112-0669346-3041809,21.64
,,114-1695225-0735443,10.0
,,112-9561000-6549802,15.0
,,113-7290511-9395467,60.0
,,113-9297168-0694649,10.0
,,111-9220145-5487442,39.98
,,111-3013233-6684246,113.65
2024-11-03,,111-4547952-5982631,113.65
,,111-9023637-4109014,52.81
,,114-7242119-7050647,12.0
,,114-2587075-1309846,20.0
2024-11-04,,114-5366132-5441849,32.16
,,113-5271314-2902665,10.0
,,112-7728563-0631456,60.0
,,112-7799198-0243445,20.0
,,112-3998740-9061807,15.0
,,111-0905431-2375447,76.31
,,111-8682864-1454634,119.99
,,114-2569173-4383418,19.59
2024-11-05,,113-2934984-5409806,53.36
,,114-7476394-6845036,128.05
,,113-5574448-0490603,42.1
,,114-0086535-9011432,80.54
,,112-3730393-7609039,48.75
,,112-1367173-7635442,10.19
,,701-0270093-1713846,237.99
,,114-0868151-8685851,21.59
,,112-7283634-4553019,100.0
,,701-7176406-5215417,100.0
,,303-2422276-0964359,151.0
2024-11-06,,111-0977454-4357004,31.79
,,113-4313931-7915448,33.33
,,111-5995654-1487409,43.88
,,114-4056063-6089850,41.72
,,111-9336866-5617867,18.35
,,113-2546438-2846607,21.99
2024-11-07,,114-5910599-9065812,29.08
,,113-1756248-6977053,44.99
,,113-8058475-0133047,40.27
,,113-0140411-4195442,45.99
,,112-4845928-5038645,50.0
,,114-1366488-1855405,6.0
,,113-4091496-5291448,53.8
2024-11-08,,112-6699300-3757831,48.59
,,113-9264835-3108200,43.5
,,113-0504652-1200209,38.5
2024-11-09,,113-3839795-4112212,15.0
,,702-0559078-0329018,55.04
,,112-9771625-5120247,99.59
,,114-9177572-9559410,41.13
,,111-6201423-8486641,50.0
,,114-1034116-5299430,19.25
,,113-8671872-4892268,52.71
,,701-0141394-8606668,11.29
,,112-7987270-1120207,30.15
,,702-7174628-5852269,80.0
2024-11-10,,114-2144159-2129067,25.0
,,113-8349890-9929834,21.39
,,305-9628365-4845909,15.0
,,114-0949502-4300208,40.0
,,111-4519819-7968202,15.0
,,113-3389558-5912259,15.0
2024-11-11,,112-7382078-6073032,40.0
,,112-6242947-1593825,12.39
,,111-0882703-4933821,352.31
,,113-7428294-4806643,86.99
,,702-3406666-8885828,20.0
,,111-8204752-5201844,45.0
2024-11-12,,113-7269174-9079455,75.59
,,113-5757571-9569809,259.19
,,111-4788177-2533815,29.68
,,114-8322276-9929016,15.0
,,111-6722095-7494637,8.8
,,112-6117622-3650668,20.0
,,113-9694816-2973064,25.49
2024-11-13,,111-9206749-8725804,584.06
,,111-7810451-8450616,551.0
,,114-2458058-9742621,60.0
,,111-5823128-5177066,95.84
,,113-2416265-4438645,69.99
,,111-7076092-7520265,45.99
,,114-7485340-7010625,31.78
,,114-4072356-5789822,139.98
,,114-5521161-4357011,31.98
,,112-0524494-2489868,15.0
,,111-8307653-6404256,30.0
,,113-1286567-6600202,50.0
,,111-6559006-3884229,24.55
,,111-7737852-3032206,40.51
,,113-8222945-4865845,126.14
2024-11-14,,701-0187370-6490677,50.39
,,113-2200675-6348206,45.99
,,114-0759006-2785034,33.0
,,113-7895420-8380258,79.99
,,112-0220290-7089055,6.0
,,114-5629319-8666640,75.0
,,113-2524304-4381841,81.69
,,111-8974216-3417034,15.0
,,113-9306953-5123405,40.0
2024-11-15,,111-4296239-0301024,20.56
,,114-3756170-4560227,20.63
,,701-3176288-4957851,41.57
,,113-2717216-9832208,130.79
,,114-9833344-0663451,47.07
,,112-8000949-3129815,20.0
,,111-4613400-9062620,45.99
,,113-8123500-8719432,40.65
,,701-2084451-6595461,50.84
,,111-3344307-3580264,33.38
,,112-0536549-0141022,18.63
,,113-2084432-5857864,28.51
,,111-7502379-0575468,72.0
2024-11-16,,114-7788253-4391455,75.59
,,112-8591971-6953812,13.04
,,114-1237039-1927444,34.03
,,113-7266849-0002640,40.0
,,112-6538696-7640239,12.98
,,113-6663142-7891456,26.42
,,113-3361590-3370661,27.75
2024-11-17,,702-7922134-8261046,30.0
,,113-8779362-5879415,64.49
,,113-0158513-7615426,29.99
,,113-2432155-1473068,65.39
,,114-9886092-7012229,9.73
,,114-1904026-2957024,95.61
,,112-2568007-5837830,32.5
,,112-6296336-2208263,20.0
,,114-4210766-1535413,92.01
,,114-2304498-4822615,76.31
,,112-0455903-9615441,45.99
2024-11-18,,112-2040710-8644243,80.0
,,701-6566495-2992233,99.99
,,303-0086002-7500372,899.99
,,114-6953833-1514655,41.6
,,112-2153648-8115463,20.0
2024-11-19,,113-3363053-5369832,25.0
,,113-1600102-8309007,32.91
,,702-6295435-9533822,17.0
,,112-5398270-3708259,15.0
,,112-1802311-9840231,18.99
,,111-6230413-1059426,5.0
,,114-0935500-3974662,7.0
,,203-3735239-4569938,36.79
2024-11-20,,114-1211409-0119466,9.99
,,113-4452798-9283426,32.01
,,114-7979187-8893855,96.92
,,111-8695149-0751403,42.5
2024-11-21,,112-7133206-0818606,46.54
,,112-2784625-4662648,15.0
,,114-3243285-1171415,73.6
,,113-2293634-7173840,37.18
,,113-5025496-3494656,38.87
,,112-8613671-0461804,32.61
2024-11-22,,113-1005912-1091455,14.99
,,111-1051150-1193012,10.0
,,114-0273050-3878653,191.53
,,113-2280204-7169827,45.99
,,112-1841028-2737014,10.0
,,114-5342046-2769822,21.99
,,112-9942599-2433815,45.99
,,111-1139860-7200245,63.58
,,112-5435301-2621053,38.58
,,114-8285409-0383434,38.96
,,113-5095328-8986628,40.0
,,112-1744423-1741006,50.0
,,702-9231890-8285043,18.99
,,114-8207723-1448243,66.77
,,113-1149716-6899414,18.77
,,114-1444416-4286612,19.34
,,112-4686359-3770645,35.11
2024-11-23,,112-8007136-3468215,49.09
,,114-6527224-3766669,5.0
,,114-1331679-1485005,42.59
,,112-6647325-7493021,50.0
,,112-5560700-0621824,40.0
,,111-8668152-6541865,98.76
,,701-6862249-1187464,63.27
,,701-5176364-0377003,125.89
,,111-0518033-4426655,20.99
,,114-3478735-4252225,42.78
,,112-7824426-3600266,27.02
2024-11-24,,113-1239994-3882669,27.99
,,113-0197279-2803464,9.99
,,111-4268321-2170635,29.68
,,113-4971278-1787427,23.98
,,702-6758406-2671434,10.0
,,112-5023697-6525043,17.29
,,112-7349220-1148232,50.0
,,111-0161717-3448215,100.0
2024-11-25,,113-2200141-2742640,91.86
,,111-9606967-6260215,94.03
,,114-4117401-2655427,77.03
,,113-4861749-2730608,8.43
,,114-6920626-2082641,41.44
,,112-0452104-6207462,6.0
,,112-0980680-6639462,28.18
,,111-9484228-9201015 ,14.14
,,112-0850012-1824224,53.49
,,702-7829295-5419448,100.79
,,701-8240767-6500207,332.99
,,114-1544518-9746620,62.99
,,111-3121048-2166644,50.0
2024-11-26,,114-0400175-6181860,94.92
,,701-6566763-1739416,29.88
,,701-6566763-1739417,34.48
,,701-6566763-1739418,45.96
,,701-6566763-1739419,26.43
,,114-6132907-5146643,37.51
,,112-7264762-5258634,40.0
,,113-0749309-8493869,162.17
,,701-8642952-8825834,50.0
2024-11-27,,111-0178559-6084227,60.0
,,114-2983370-4612204,89.01
2024-11-28,,111-8313283-1777049,33.87
,,114-1090724-6283448,19.38
,,111-4768952-3001813,40.0
,,111-0464686-9201002,27.53
,,114-5911985-5049026,35.0
,,113-8107152-2441068,30.0
,,111-1168548-5769853,74.19
,,303-9222479-5174745,899.99
2024-11-29,,702-7405033-8975436,30.0
,,114-9128290-8358602,86.36
,,113-6989675-9553052,36.21
,,113-1872849-4415469,10.0
,,113-4381754-4410620,47.07
2024-11-30,,702-2612664-8445851,30.0
,,114-3623428-7532234,5.69
,,112-4005424-4545006,107.74
,,702-0166929-9981856,10.0
,,111-0652126-1865859,27.47
,,112-0225238-9510653,23.98
2024-12-01,,113-7943788-0958641,15.0
,,111-7574838-3743433,27.99
,,12-8992110-3789800,30.0
,,112-2938904-5166613,51.04
,,112-4171650-6037827,50.0
,,112-1822924-3339456,26.12
,,112-0588652-8061021,20.0
,,114-0690363-9080221,20.27
2024-12-02,,111-5155017-7931455,15.65
,,304-3697020-6099549,70.0
,,113-9125565-5965833,26.49
,,028-5928415-2714758,9.0
,,111-6123423-1882663,42.61
2024-12-03,,114-4403100-5033865,508.45
,,113-5157404-7157032,42.99
,,113-0815310-6733057,30.0
,,113-0185784-1723403,17.0
,,112-3245682-8026602,20.0
,,113-9640749-1435469,30.0
,,111-2089540-5945845,114.99
,,111-9209968-8928267,50.34
,,702-1321233-4075424,29.99
,,113-1491579-4879441,10.0
,,111-8289415-9921804,31.86
,,112-6901028-4431413,30.0
2024-12-04,,112-5370358-0006601,35.85
,,113-5387175-1112237,30.0
,,112-6742402-1922612,50.0
,,112-2834736-6148256,30.0
,,111-9037607-2803402,21.33
,,113-9470811-3997821,35.0
,,111-1282864-4171439,46.63
,,114-9667798-5194602,19.64
,,113-8179040-5671427,70.0
2024-12-05,,111-3061891-4885042,68.19
,,304-8512896-8965951,50.0
,,111-6808362-3645060,14.49
,,112-9524334-9065035,8.0
,,113-1901063-7046629,40.0
,,701-7031244-4790625,24.04
,,114-8013566-1486629,57.99
,,113-9113397-4221837,30.0
,,111-9662001-3809017,64.19
,,111-7967400-3520237,100.0
,,112-6775738-2941808,5.29
,,113-2258099-7606620,499.69
,,113-6008181-9866666,29.99
2024-12-06,,701-4734522-9187453,42.31
,,702-7769542-4320213,55.54
,,112-8398424-0693819,25.0
,,112-3867939-8436268,30.0
,,111-9292663-3894656,5.0
,,111-5579294-9153813,42.92
,,114-6191224-9553815,32.66
,,111-1648128-2164249,52.31
,,114-1624966-5477026,45.99
,,113-0779042-4721849,16.0
2024-12-07,,111-3022750-1082615,24.99
,,111-4562040-3117003,25.0
,,114-5077177-9901025,30.0
,,114-3552805-3117818,42.39
,,113-2571122-0618604,81.3
,,111-9479656-8125012,42.39
,,114-9266565-9003453,12.0
,,112-5564935-8389044,13.99
,,113-1756427-3237801,32.09
,,112-3965075-9913038,33.64
2024-12-08,,113-3184019-0320240,66.74
,,114-0149571-3799476,11.99
,,112-0355394-0317025,41.44
,,111-1159178-8507467,35.0
,,113-6394988-2149050,60.0
,,114-3149638-3033808,50.0
,,111-6053194-2685853,30.0
2024-12-09,,306-1834246-5761136,80.7
,,702-3284068-4608238,72.31
,,114-8033511-3212209,40.0
,,112-3884705-3866624,20.0
,,112-9635007-1622649,20.0
2024-12-10,,111-3168068-1965056,25.0
,,112-8419751-4753854,45.0
,,111-1947840-7249022,10.0
,,112-8951001-8953811,114.41
,,111-8354364-4888217,30.0
,,111-8721588-9509041,74.78
,,113-0473687-3191422,93.6
,,112-9648704-6188206,37.35
2024-12-11,,112-8552808-3555424,590.49
,,701-0769727-9901821,45.19
,,113-7288862-2482611,15.0
,,112-3529704-7286668,50.81
,,702-1453427-2978604,63.04
,,111-5035168-8337869,53.79
,,111-9784910-9348257,56.7
,,114-4246749-1415452,89.99
,,113-9717849-4926623,65.69
,,113-0900053-9185804,25.0
,,114-7172944-4029800,30.0
2024-12-12,,408-3904796-9348357,15.0
,,113-1302547-5033834,26.49
,,111-4293181-1641845,34.97
,,114-3125738-2998668,9.67
,,112-1937297-2258627,8.0
2024-12-13,,114-0207261-6132276,49.99
,,112-0150644-7024201,128.39
,,113-5007807-7305015,86.39
,,112-4805699-0942649,44.71
,,113-1234980-6517033,45.99
,,114-6820108-2790616,7.0
,,112-3269109-8319416,25.0
,,112-2441477-4198610,283.8
2024-12-14,,111-3070428-5738615,10.0
,,113-1145118-9038666,84.79
,,111-9182955-8149808,35.0
,,112-8484037-6697044,20.0
,,111-7231947-0721812,506.52
,,702-9769688-3444211,135.99
,,114-6305041-1755402,7.02
2024-12-15,,112-0222517-5397820,28.49
,,701-0084106-6432239,15.0
,,114-7573943-0784200,27.99
,,113-7774541-6565067,20.0
,,112-6179605-7283407,100.0
2024-12-16,,114-3081358-5879417,75.41
,,114-3506661-4544230,35.0
,,112-2723013-7777018,10.0
,,114-7842357-9449825,77.57
,,112-2906313-0421037,37.19
2024-12-17,,114-0952477-0747407,60.0
,,114-4753444-0500266,15.0
,,112-8507236-9450654,38.69
,,114-5032139-4973838,16.01
,,701-0756752-1177069,17.31
2024-12-18,,114-5747542-2024219,39.99
,,112-9878890-2234619,45.0
,,113-2903241-7249053,84.39
2024-12-19,,702-1740224-9741831,5.0
,,701-5569446-9981026,45.19
,,111-3246808-3922632,34.58
,,701-0599592-0774666,51.51
,,113-1776293-9904207,32.24
,,113-8792083-0221824,45.99
,,114-1921261-1785810,24.89
2024-12-20,,114-2146255-0473833,25.67
,,112-1013044-7789851,43.19
,,114-8755818-9307447,107.7
,,111-4035400-4737059,88.19
2024-12-21,,114-6409258-4754664,48.75
,,113-6839751-9389037,19.15
,,702-4063923-7872214,78.63
2024-12-22,,112-6189519-8149040,34.97
,,112-5100555-8521812,12.74
,,113-2790588-1953065,50.0
2024-12-23,,111-9713119-8949059,131.99
,,112-8954943-4929013,85.59
2024-12-24,,111-4963658-8961865,18.29
,,111-7804524-9273059,59.99
,,701-0648637-5556241,50.0
,,028-9645174-2547559,69.99
,,112-1540447-8284207,38.6
,,111-6608947-7592203,75.06
,,702-8858714-8074656,42.53
2024-12-25,,111-2931387-6053822,18.99
,,114-0525783-5631460,29.82
,,111-0358796-4129018,97.19
,,111-6455152-8173847,30.0
,,111-3574825-9257817,84.39
,,113-8805973-4246646,11.25
2024-12-26,,114-4536425-0421869,17.87
,,113-6033492-3858620,12.0
,,112-7717892-4217055,60.0
2024-12-27,,112-6403990-3006644,30.0
,,112-5878218-6461016,10.0
2024-12-28,,113-8515174-4561829,36.83
,,111-4548457-6781851,122.24
,,111-1417296-9173009,52.46
,,113-1597739-9445059,50.0
,,112-0349826-3409050,30.0
,,114-1080428-5631401,88.99
,,113-1248956-7582652,91.14
2024-12-29,,114-8716223-6182641,10.0
,,112-6939308-1511416,39.99
2024-12-30,,112-5174970-0259404,10.0
,,114-1752935-9456259,45.0
,,111-6109095-6726612,32.5
,,114-4105157-1910603,30.0
,,114-9371769-9463430,85.79
2024-12-31,,114-7980675-3502606,15.0
,,702-4757725-2958602,62.99
,,112-7098719-1098628,60.0
,,114-2007041-0129061,14.0
2025-01-01,,111-8189706-6709063,69.41
,,111-5202343-8464232,201.75
,,114-3766624-2813817,215.49
,,112-1668282-6726661,120.0
2025-01-02,,112-8254909-1501044,30.0
2025-01-03,,111-3919356-4521001,34.17
,,702-5542587-2901058,48.01
,,114-0537798-5781035,8.0
2025-01-04,,111-7311846-2957803,20.58
2025-01-05,,111-9330703-0285842,32.5
,,113-7513035-7338617,85.49
,,113-8739997-3765053,100.0
,,112-7079835-9845055,35.0
2025-01-06,,113-4165826-2948213,19.98
,,114-8196642-9041803,85.79
,,114-4258280-0361811,104.99
,,113-8845915-1721026,52.99
,,114-5283665-1608211,17.79
2025-01-07,,114-3417836-7158607,30.0
,,403-6534099-4397929,10.39
2025-01-08,,112-7106133-2841835,14.99
,,112-4209179-0941833,20.0
,,113-2724906-3692206,49.58
,,113-9853555-2378659,5.0
,,702-6802435-0789869,20.0
,,112-9095659-2289047,68.41
,,112-0504323-2755465,20.0
,,112-7739949-2688251,407.06
2025-01-09,,114-8552989-8630622,634.94
2025-01-10,,113-4605769-9933863,21.62
,,112-4829044-0718615,42.98
,,305-7037289-4261911,41.78
,,114-1116615-5327435,18.03
,,111-6149404-3333860,203.29
,,113-3780071-6326655,95.39
2025-01-11,,028-3657844-5236340,60.0
,,701-4309013-8314632,19.2
,,701-3422356-7037808,52.89
,,111-6208397-1524251,64.19
,,112-7586467-5259456,20.0
,,112-5336187-6629019,45.0
,,113-0252800-7523424,20.56
,,111-0221683-8297006,20.0
,,701-9550829-6978619,91.52
,,701-1678452-2121025,15.0
2025-01-12,,113-5961383-9568255,50.0
,,112-7465312-8828261,15.0
,,701-4019733-2981856,23.38
2025-01-13,,113-3793300-7660235,45.0
,,112-3867469-1352215,34.97
2025-01-14,,112-4348847-6338610,42.79
,,111-4377450-7987465,85.59
,,113-2169200-3897836,99.99
,,113-6909516-1502617,30.3
,,111-3702108-3082643,10.0
,,112-5081005-9559460,8.0
,,302-9945514-0120317,50.0
2025-01-15,,113-0219090-7086621,29.98
,,701-2046217-6659450,149.99
,,113-7709530-5635405,35.0
,,702-5006476-6896263,18.07
,,"112-9484578-1105832
",10.0
,,112-7784704-3857054,3.0
2025-01-16,,113-1864974-4999433,75.0
,,702-1352002-4983423,114.99
,,114-3539257-5849025,199.12
,,112-4345071-6858641,49.78
,,702-5209811-5806638,70.0
,,112-5496413-6265859,70.27
2025-01-17,,206-5396684-8248315,20.0
,,112-0202196-8893017,90.49
,,113-7966660-9400206,10.0
,,702-7195638-2975463,50.0
,,112-3152049-7919429,5.0
2025-01-18,,113-3055933-3912214,32.09
,,112-0906856-5293865,169.99
,,701-9088818-3938634,30.0
,,113-5208517-5395467,50.75
,,111-9035697-8833013,150.57
,,112-4299021-1836237,26.27
,,114-7860547-5676241,117.96
,,114-5732233-0233853,30.0
,,112-1038668-1057065,75.83
,,702-8867743-0165011,27.5
,,701-3077772-9117065,19.03
2025-01-19,,114-1724392-4259402,10.0
,,113-4745904-9653054,26.49
,,113-7283151-9290632,15.0
,,111-7597343-6671408,31.95
,,114-6463503-6633050,32.16
,,111-7964275-7686617,40.0
,,113-6777450-6729843,71.8
,,701-2699244-9053814,15.0
,,702-3700658-7153819,22.0
,,112-4509048-8599424,49.32
,,113-7417150-9822627,42.79
2025-01-20,,702-4377497-4995418,241.44
2025-01-21,,701-5903525-0308242,15.0
,,701-3371355-6839423,19.2
2025-01-22,,111-6908800-8612216,25.0
,,112-4544653-7344215,12.86
,,702-5432378-8472235,45.19
,,113-5813709-747300,15.0
,,114-5021309-2409834,33.54
,,701-6693047-7717042,68.69
,,111-6605160-2398629,15.0
,,113-5517177-0100223,25.0
,,113-7425527-7709854,20.0
2025-01-23,,114-3076655-4569845,79.06
,,702-5421921-9307443,15.0
,,114-7078944-9496231,43.19
,,112-2597189-1741013,45.0
,,114-0691763-4541007,48.7
,,113-4773319-7829034,10.81
,,112-1545588-9228228,17.99
,,113-3182363-2793864,10.0
,,113-2746947-2526635,15.0
2025-01-24,,113-8489474-3621002,64.44
,,702-5750744-0950617,38.45
,,113-5354409-9490636,65.0
,,701-2321992-9333039,3.0
,,111-7662371-9705851,15.0
,,112-5778717-6357855,15.0
,,114-5026141-0597011,51.59
,,114-6776258-3549855,42.41
,,111-6182712-7851457,32.58
2025-01-25,,113-8294735-2713823,40.0
,,702-2840011-3069865,23.17
,,113-9511737-8993055,42.79
,,113-3127137-5411446,10.0
2025-01-26,,702-8696945-9848241,111.99
,,111-1899579-0029825,45.84
,,112-7710244-1530605,141.04
,,114-1573739-0243419,40.0
,,702-3960176-5725020,30.0
,,701-0025661-6951449,103.46
,,111-1972970-0964220,15.0
,,112-6394238-7741048,175.82
2025-01-27,,702-9896215-3816203,146.99
,,702-6352742-6055410,29.99
,,114-8566598-8092258,18.99
,,702-8479046-1257038,17.84
,,701-9143333-8678657,151.41
,,112-3272008-1402607,62.0
,,111-5014124-4417854,50.0
2025-01-28,,304-2693228-1465153,17.0
,,112-1780489-4165828,30.0
,,112-2050682-9634631,20.53
,,113-8500041-0736203,18.12
,,114-6644106-3653802,78.0
,,114-0712954-9628202,59.99
,,113-8367309-2454655,60.0
,,111-5847935-9250644,30.0
,,114-4633355-3550663,18.99
,,114-6573079-6661066,35.0
2025-01-29,,111-4422081-0617840,26.0
,,111-7992262-5537068,35.0
,,113-2563821-5505022,32.3
,,113-7838274-7229000,32.31
,,113-5636818-9287402,43.08
,,111-1851953-5486611,108.49
,,113-5896010-3185801,19.3
,,114-2163947-2458648,30.0
,,113-5399294-7541814,20.0
,,701-9328775-5290616,34.0
,,112-6577537-2763451,31.26
,,113-1335829-4308245,44.51
,,113-0423514-4537867,17.05
,,111-0390805-5103451,10.0
,,113-9270132-3437866,38.64
,,302-9737266-0841942,679.99
,,113-7858887-9585811,599.0
2025-01-30,,302-1763685-3581944,51.0
,,111-8638910-7045005,15.0
,,113-2601047-4862624,27.27
,,114-6619636-2949824,41.69
,,112-0901698-3973050,134.36
,,112-1747947-4146627,80.49
,,112-7746431-7570635,35.0
,,111-5371779-4803420,31.79
,,701-7626686-2537011,33.51
2025-01-31,,113-7751321-4882612,111.23
2025-02-01,,113-8017236-8725069,32.7
,,112-0397562-4605839,10.0
,,113-0566633-7381805,15.0
2025-02-02,,111-6250344-0821039,7.95
,,114-7077511-6253035,10.0
,,111-3157718-4981823,10.0
,,113-8174549-7934655,20.52
,,113-2064644-7323406,16.02
2025-02-03,,702-3801910-4101009,151.41
,,113-9433384-4386640,74.19
2025-02-04,,702-0707346-7005800,192.09
,,113-7213697-9429022,16.08
,,111-6612075-2573849,90.0
,,114-2155168-5241801,25.0
,,111-7725907-2725046,30.0
,,112-5758855-1833039,93.71
,,113-2360397-8921817,57.6
,,113-2039545-1674644,57.6
2025-02-05,,303-0323892-8305153,25.99
,,701-9049673-8104237,169.49
,,702-8355345-2854605,84.99
,,113-4996585-9832250,234.62
,,112-5247345-5382656,30.0
,,111-9585861-4849009,8.47
,,701-3324522-5148233,271.19
,,114-2104596-0761859,31.79
,,114-6780626-7117038,59.35
,,113-4646725-3222626,74.12
,,114-3017705-6695463,20.56
,,113-0178630-9801068,25.0
2025-02-06,,114-5373981-3256200,20.0
,,113-6500098-4137812,80.0
,,112-8825693-6249039,83.27
,,112-2286024-1983467,116.19
,,114-9081560-1905832,65.1
2025-02-07,,701-2739358-7208221,20.0
,,702-5960641-1132218,31.63
2025-02-08,,112-1438409-5632245,8.0
,,112-0686930-2403402,73.78
,,113-0573332-5941009,15.0
2025-02-09,,111-5115933-6844200,20.36
,,112-1077756-9369851,70.0
,,113-0103021-3974664,8.0
,,702-4161960-1497830,36.79
,,702-8978937-1940239,15.0
2025-02-10,,111-5364050-5713867,211.67
,,111-6209721-8943404,193.94
,,113-8961417-8769853,69.21
,,111-5797053-2901001,33.12
,,701-5587261-5061818,90.71
2025-02-11,,114-8544607-1657863,40.34
,,702-6075325-5327452,81.35
,,112-3580249-0610659,34.99
,,114-6166148-9609065,55.11
,,112-6444277-3702660,35.0
,,702-1089394-7353849,10.0
,,111-7119203-8716218,10.0
,,114-6288247-1137810,53.93
2025-02-12,,701-5473495-1351409,60.0
,,112-3984168-6971469,20.58
,,702-6190293-3199468,129.99
,,113-5077771-1463443,33.96
,,112-5521706-1825030,5.0
,,114-5720104-6592203,15.07
,,111-3079613-5693805,40.53
2025-02-13,,114-3062334-8103459,48.31
,,113-3544122-7088258,25.0
,,702-9440805-0001851,62.14
,,701-9726645-7973800,36.78
,,112-8488158-6529002,8.64
,,702-9581814-4033060,17.83
,,113-6004467-9789062,201.39
,,114-0484500-1568221,15.0
2025-02-14,,111-8237285-0185028,33.16
,,702-0294241-4492279,52.31
2025-02-15,,112-0024325-5144275,10.75
,,112-8707316-7202622,15.0
,,112-1080207-0584246,67.32
,,112-9053008-6541030,32.01
2025-02-17,,111-5681954-2624263,190.79
,,113-5722894-3097021,20.0
,,111-9677326-7931428,39.99
2025-02-18,,113-2685787-7513010,53.99
,,113-3637267-8033067,34.55
,,114-5574406-7733852,45.36
,,111-2814888-3617000,69.99
,,112-2457890-9151426,35.0
,,113-1258523-6718663,32.09
,,113-0651099-8780233,33.14
,,113-4774992-3522635,35.62
,,114-0401025-8723462,90.19
,,111-7787847-6956220,15.0
2025-02-19,,111-4142405-0713034,22.35
,,111-0106720-4794673,25.0
,,112-0770407-4426628,5.0
,,114-3746998-8393837,50.0
,,112-8794701-2445018,69.11
,,111-9960378-3337809,71.99
,,113-4004631-5809800,31.93
,,111-5294722-0899426,35.3
,,112-8725880-6481805,5.0
2025-02-20,,112-3299622-6307429,5.0
,,113-7184212-5557807,263.95
,,113-9009435-6988245,53.99
,,701-4381482-8016235,112.99
,,113-0889279-4751427,63.59
,,113-3287500-2785824,30.02
,,111-6107067-5462636,80.0
,,701-5943763-6793012,15.0
2025-02-21,,113-3502958-4089858,35.0
,,"114-1170444-9620228
",37.51
2025-02-23,,111-4824636-3674645,20.0
,,113-1745664-9777847,15.0
,,111-9222011-0281863,50.0
,,701-8048649-9538618,68.97
,,701-3885337-8921856,427.68
,,701-6459082-1651414,62.99
,,113-2917479-9020246,51.93
2025-02-24,,113-5802769-1983417,40.0
2025-02-25,,113-0938400-5505034,89.99
,,701-5315352-2347448,38.41
,,113-2254446-6065061,69.99
,,113-8671754-4573840,6.19
,,114-9306938-5677848,53.61
,,113-4752037-9069011,5.0
,,113-2730315-6426654,26.74
,,113-4016084-1647458,34.15
,,114-9060687-2289024,29.15
2025-02-26,,701-4729049-4647451,27.11
,,111-9579301-6052203,42.09
,,113-9490529-6459459,43.77
,,114-5476287-4393814,29.15
,,113-9077975-7920227,35.79
,,701-5902537-9083460,203.39
,,112-8233857-0477807,118.71
2025-02-27,,113-7184212-5557807,120.0
,,112-8666091-6925002,21.42
,,114-2634339-2726650,53.3
,,113-1134507-5856253,89.98
,,114-1582760-4391429,58.1
,,305-1120315-7356335,25.61
,,701-2961401-3916232,45.99
,,113-1820736-7772229,40.0
,,113-8237533-9704249,29.32
,,111-1205565-5082603,106.95
,,114-8875642-8237060,41.44
,,113-9237085-3193822,25.7
,,112-6568115-4411426,25.0
,,113-6232387-6097049,8.0
,,702-7961399-9382611,37.23
,,114-1262769-6921864,19.68
,,114-3049607-6868250,44.99
,,113-1944798-7936259,5.0
,,112-8742737-2347422,10.0
2025-02-28,,111-9539771-6972205,8.0
2025-03-01,,028-1523707-2949960,679.99
,,113-4714064-6372240,27.05
2025-03-02,,113-7901232-9117827,60.0
,,114-1980080-6547408,12.96
,,113-6877051-5125848,34.99
2025-03-03,,111-4429010-7420253,145.79
,,111-7909811-5736245,173.19
,,702-0587463-3648258,35.0
,,114-2693738-8693847,33.46
,,114-5985852-2741003,50.0
,,113-1931860-5478646,96.96
,,701-6761282-4540262,56.49
2025-03-04,,113-2971813-2065822,40.0
,,111-4798010-3265045,31.79
,,111-9832999-5269841,43.78
2025-03-05,,111-9353975-3818635,31.89
,,114-8970767-4402621,32.45
,,114-4907592-4509805,10.0
,,111-2694396-1821858,96.51
,,111-8855198-2301026,10.0
,,112-8791565-6406606,15.0
,,111-4334946-5666634,14.64
,,112-9843650-6921054,23.69
,,111-9420171-4951424,15.0
,,111-6926170-8794666,20.79
,,113-4593793-4348224,38.74
,,114-8024814-0108211,43.0
,,113-3129758-9645064,28.61
,,114-6971880-2674640,100.34
2025-03-06,,114-5284790-1521064,67.95
,,112-8087923-7483466,48.59
,,113-1671083-3824209,29.18
,,114-2485769-4173029,30.0
,,114-0398766-0007465,28.07
,,112-0021191-4892220,42.53
,,114-8348390-8187413,49.38
,,114-0521285-4541840,148.15
,,113-6044956-3574643,25.84
,,111-4521576-9005809,15.0
,,111-5633699-0956231,55.0
,,113-3816633-0129806,45.99
2025-03-07,,114-2779438-3623438,5.0
,,112-9639554-3023463,64.79
,,113-5218522-1554603,84.99
2025-03-08,,114-2829015-8682668,60.75
2025-03-09,,403-1685000-7961960,49.99
,,113-8600480-6623448,269.98
,,113-2155493-1622601,20.79
,,114-6340054-0005816,54.11
,,113-8716906-5296228,24.57
,,702-3437927-6282634,30.58
,,112-8206183-0084236,28.88
2025-03-10,,111-6641997-7159411,25.93
,,111-8320481-0633863,43.79
,,305-0225808-3116354,60.0
2025-03-11,,113-6214354-4651400,82.75
,,701-9303395-0793865,80.47
,,114-8974980-7293801,27.15
,,113-4654319-8147407,480.36
,,113-1538679-9481842,226.78
,,702-9445417-7849811,50.0
,,113-1013070-6981045,76.64
,,114-2093246-4343419,127.18
,,114-0346462-8417842,63.59
,,111-4108256-0875464,20.0
,,112-4402503-9817839,10.0
2025-03-12,,112-5507318-3335442,15.0
,,113-8916390-5693813,25.0
,,111-3760776-6425858,31.58
,,111-8888106-8537824,47.37
,,113-9323728-0678630,47.69
,,114-4125952-8057820,30.71
2025-03-13,,114-3827470-2259448,134.83
,,114-5696837-2584250,20.0
,,113-5194331-5945038,15.0
,,111-0088615-5573008,48.7
,,702-6753287-0357045,10.0
2025-03-14,,111-9063002-0122666,5.0
,,305-2026024-7196358,18.99
,,112-0089686-3353853,35.99
2025-03-16,,701-9239486-6053849,70.0
,,113-9056367-4045037,68.42
,,114-8615541-9487433,10.0
,,114-7160046-8153010,53.24
2025-03-17,,111-8323998-5764229,64.94
,,114-1058542-0461868,48.99
,,303-7896265-4183551,21.84
,,028-4142713-8059559,219.99
,,028-7168092-1338763,679.99
2025-03-18,,111-0473222-4699469,15.0
,,114-3822727-8544218,19.16
,,113-2637841-7683424,86.39
,,114-1331267-5543423,27.49
,,701-5869304-6204262,24.54
2025-03-19,,111-0826914-0014618,20.56
,,113-9052541-2315423,91.39
,,111-2098732-2046605,20.0
,,112-5240401-4491429,25.57
,,113-8803296-2650614,42.39
,,114-6205391-7593001,23.53
,,114-8977254-2709807,122.25
2025-03-20,,113-8061140-8236249,10.59
,,113-5038705-3717017,18.19
,,111-1112599-0664211,24.4
,,113-6474296-4233059,27.08
,,111-7798220-7529809,29.15
,,114-4828746-7072203,34.94
,,114-3537571-7165868,24.94
,,114-8309122-3051443,77.13
,,111-0159626-1347413,20.0
,,111-9407168-2777050,26.45
2025-03-21,,302-0153845-8366777,62.99
,,111-9508216-5415449,40.0
2025-03-22,,304-2197625-2813123,155.99
,,111-0476065-7857841,136.75
2025-03-23,,111-7185617-8920229,16.87
,,702-8679975-0785060,44.79
,,028-9171455-1509130,13.59
,,113-5012482-1689821,20.46
,,028-5897037-8913130,679.99
2025-03-24,,111-3457233-9993828,50.0
,,112-8620034-0332240,168.38
2025-03-25,,111-5127003-1534652,39.4
2025-03-26,,112-9370157-1242619,32.09
,,702-6771248-8689856,57.48
,,111-4856394-7807431,108.59
2025-03-27,,303-4059265-0955549,14.7
,,114-44739148165812,35.0
,,404-0022176-2038763,51.63
,,112-3532849-3599430,17.07
,,114-4579505-7786624,34.05
,,114-6308926-7801063,60.0
,,114-5916520-4692255,20.0
2025-03-28,,114-5594812-1261828,60.0
,,112-1925288-3397052,106.15
,,112-0313686-6305024,50.0
,,113-6862825-4279458,35.99
,,114-6584472-8053839,30.0
,,111-3014834-0470600,19.43
,,111-2741834-3037020,10.69
,,114-1470647-0181803,20.32
,,113-0381263-5025007,49.6
2025-03-30,,702-1936527-6112202,3.0
,,111-6747788-7179437,29.15
,,114-1324701-2765819,95.61
,,114-9896033-7364269,96.06
,,702-4933902-1877064,52.96
2025-03-31,,702-8325108-7221062,24.83
,,112-3705525-1448250,644.52
,,028-2263747-1312342,31.5
,,112-9362719-5157057,2.4
2025-04-01,,302-1340336-0182704,35.99
,,114-3276932-6201057,48.25
,,112-5765076-7725819,70.61
,,111-0204681-7409822,27.11
,,702-5280334-5049835,140.0
,,113-6280976-3537855,48.7
,,111-1250899-9992237,20.0
,,702-5945402-0424237,25.0
,,113-8818604-1801063,52.99
,,114-2822679-5216201,20.0
,,113-5830590-8401858,38.15
,,702-4781144-0213000,10.0
,,113-0198174-7897813,24.41
,,113-4196609-4476204,166.75
,,701-2033768-8439461,80.47
,,114-7543093-1229068,77.3
,,112-4825928-2450638,35.0
2025-04-02,,111-9636552-4684235,35.0
,,202-9399611-7920366,48.19
,,113-9926392-2250607,9.62
,,111-0798389-0113037,6.0
,,303-2910922-0980323,679.99
,,111-9104689-0657859,10.0
,,701-3800958-1437016,85.49
,,114-8832024-0543409,96.51
2025-04-03,,112-6991104-0438625,12.59
,,028-1677898-5173918,21.84
,,114-0541049-2729052,100.0
,,303-8405896-3143555,22.94
,,112-9138063-8264220,37.35
,,112-6250103-0870636,47.85
2025-04-04,,702-2140509-5063440,26.18
,,113-1988242-0722657,32.9
,,111-3799181-2015457,20.0
,,407-0287548-3889112,30.0
,,114-2836328-0419453,100.0
2025-04-05,,701-7599849-0049062,20.0
,,405-6295773-1725943,11.99
,,113-9173325-9929868,143.99
2025-04-06,,114-1589939-1912249,32.15
,,112-2854608-7546644,30.0
,,111-5734694-8442653,20.13
,,114-5571073-6962600,5.0
2025-04-07,,114-7302526-6405816,26.09
2025-04-08,,114-7183135-2603448,188.98
,,113-1289575-6201021,318.72
,,111-2727160-7338616,143.09
,,111-8166568-9105008,47.94
,,112-0462132-3429816,161.61
,,112-0671111-5057032,161.61
,,112-4098229-3928253,20.0
,,113-2306714-5806612,140.69
,,111-6913568-6648236,50.0
,,111-3560217-0743416,8.0
,,112-1721780-6525043,149.02
,,702-9598600-0549805,38.41
2025-04-09,,305-7188446-4098745,71.85
,,112-2738314-2555441,10.0
,,113-4484645-4253020,30.0
,,114-6543438-1971417,94.15
,,113-1176035-2993850,10.0
,,114-5806557-6244220,89.99
,,111-4825483-3257857,29.98
,,701-1143235-9421812,40.0
,,113-8809931-5553001,10.0
,,702-4400433-5141845,45.19
,,113-3372831-1514600,162.93
,,112-7326035-0726615,50.0
,,114-0543016-3633002,10.0
,,114-5857125-5181000,48.65
,,113-0240408-7881853,21.67
2025-04-10,,111-8945500-9553069,37.88
,,114-3216990-5096243,57.5
,,112-4449070-9111443,31.79
,,701-9893558-7097058,22.99
,,112-5461093-4149860,60.81
,,111-0752467-1279401,65.0
,,111-4852763-2953025,50.0
2025-04-11,,702-6849103-5872215,19.03
,,701-2065673-6891468,20.0
2025-04-12,,702-3538514-4373009,19.03
2025-04-13,,114-5985852-2741003,94.1
,,114-9710074-1626659,48.03
,,028-7964710-4760367,23.99
,,114-5800458-5821018,11.0
,,114-0494856-7511459,27.94
2025-04-14,,701-5779515-2420254,160.95
2025-04-15,,114-6683563-6319417,74.28
,,702-2475344-8307455,56.49
,,701-8502024-2295429,82.77
,,111-8054309-2995440,35.7
,,114-8609362-3847435,20.32
,,111-0196771-9861872,22.25
,,112-9608437-6262616,29.99
,,114-3033207-0758632,66.77
,,114-4695409-8357029,29.99
,,111-1412934-7636262,68.58
,,114-8965115-6706645,145.11
,,111-4452211-6810615,48.36
,,114-3466130-1747449,44.15
,,111-8793208-5721849,19.07
,,306-9474130-9761142,10.0
,,114-7529846-9014601,14.16
2025-04-16,,114-8724108-5213867,15.0
,,114-4412656-5945035,25.0
,,113-2439978-8562611,100.69
,,111-1780562-7274653,18.05
,,114-5604822-9043469,128.69
,,111-2785861-9655417,63.59
,,028-7373623-6160359,20.79
,,114-8972223-7909012,47.69
,,701-3631418-7479450,46.71
,,114-2521531-6229849,139.41
2025-04-17,,112-0785521-2348248,50.92
,,114-4894482-7184247,19.38
,,114-1543344-8280215,20.82
,,112-9241758-5908227,20.0
,,114-9465108-4617046,40.0
,,112-3929191-7465016,81.08
,,113-4069718-9071435,27.4
,,112-3843070-219866,10.0
,,114-4035117-3493018,96.9
,,114-0079043-7046640,63.59
,,113-5827379-4079457,100.0
,,113-6411541-0773060,30.0
,,302-0402845-1201904,559.99
,,202-1322993-7305142,18.99
,,111-2143753-3035426,39.2
2025-04-19,,114-3362934-8928204,60.63
2025-04-20,,305-1065986-1818746,35.99
,,205-0439358-0370753,49.99
,,114-6507356-0411439,18.75
,,702-5897787-1047430,90.39
2025-04-21,,028-1677898-5173918,21.84
2025-04-22,,303-9024778-0963563,23.99
,,702-4030126-3102604,10.0
,,701-6770179-3257801,27.74
,,701-2574255-8610633,25.98
,,111-0053372-6505040,15.0
,,112-3961779-1801031,127.79
,,111-4615457-1838645,28.59
,,113-2670281-2580233,36.37
,,114-7883579-1935407,26.1
,,114-9557444-7977844,32.58
,,114-1594254-8425846,39.08
,,112-4489106-0200210,32.58
,,114-1952281-2016203,75.4
,,113-8297676-0449865,15.0
,,701-0247445-3306667,57.11
2025-04-23,,114-1425838-2887433,116.28
,,113-3930040-9193046,23.2
,,111-4328243-9203431,11.99
,,113-9733784-4661842,71.1
,,701-9307065-1165826,125.99
,,111-6377789-0649041,31.26
,,111-7730793-2712206,25.91
,,304-9771868-1370731,579.99
,,305-9939080-5286710,20.0
,,026-1254778-9923548,13.0
,,112-6253767-2353814,60.0
,,111-8705338-5888264,54.25
,,113-5700635-5421854,87.39
,,112-0816600-8941817,26.53
,,114-2675439-3434618,98.31
,,111-3016485-4627441,18.98
2025-04-24,,114-4858571-5456206,4.2
,,112-0751826-2262668,20.0
,,113-0751281-2307428,53.36
,,304-9194424-8725963,23.99
2025-04-25,,304-3520667-9817950,25.99
2025-04-26,,028-5902672-3158709,25.99
,,702-0831586-3798669,30.0
,,112-7049267-1097036,91.16
2025-04-27,,408-1142748-2243555,9.38
,,702-2258075-0111416,14.94
2025-04-28,,114-7471041-7924240,25.0
,,111-5726571-2098643,28.07
2025-04-29,,114-0629980-2793032,40.99
,,702-1395912-0364241,20.99
,,111-7143931-2325815,25.0
,,111-7128350-2018661,47.69
,,111-4590813-3994632,21.39
,,113-8039492-1369048,8.0
,,113-2371789-9439404,32.84
,,112-9905423-4401049,8.0
,,702-6160644-0135432,47.59
,,113-1170320-0653006,20.44
2025-04-30,,111-8689432-6785032,21.87
,,113-5371451-2249800,118.24
,,111-9658559-2118632,25.99
,,114-4728247-2940204,116.59
,,113-1150913-4890606,6.03
,,114-7108312-8563466,49.44
,,112-6435777-7588211,8.0
,,111-1680926-9557868,50.0
,,113-8546030-7496201,15.0
,,113-8628596-1841827,10.0
,,112-9410995-7736209,64.39
,,112-4805969-7781825,28.95
,,112-7579505-8009845,27.34
,,111-0143055-4319452,10.0
,,112-7305952-8627469,27.04
2025-05-01,,302-7582046-2657102,23.99
,,113-9617325-9913016,145.79
,,111-1359599-5543451,15.0
,,702-3501354-4638663,132.2
,,111-0500450-2061845,69.99
,,702-5100433-9948251,30.0
,,112-3592850-5572237,50.0
,,112-3630343-6241802,39.99
,,111-4474061-5413802,42.99
,,112-0064457-4039428,263.72
,,114-8931299-0953811,21.01
,,114-1923908-0175434,42.38
,,113-6632769-2252250,20.2
,,112-1346549-9477847,92.28
2025-05-02,,113-6183815-9763428,41.43
,,111-9402812-1489065,64.79
2025-05-03,,206-0399916-8615540,18.99
,,304-7268518-7566766,25.99
,,113-6927862-2779462,8.0
2025-05-04,,112-5611688-6185844,10.0
,,701-1144632-1564226,31.49
,,112-8316904-6997004,40.0
,,112-3476312-8944211,79.99
,,114-8223253-5926611,22.67
,,111-9303677-6143449,34.0
,,113-4163623-8811423,20.0
,,112-4885774-3380217,79.99
,,111-2514440-4464225,163.64
,,114-4428837-6985842,68.47
,,702-3676217-1975427,45.19
,,112-7154483-9811464,44.99
,,114-8511805-7553058,25.0
2025-05-05,,114-5690966-8798649,40.0
,,114-1611587-3878620,64.94
2025-05-06,,113-0615155-9593843,263.6
,,114-9367013-8252267,30.0
,,702-3140064-6944265,20.0
,,302-9976125-3747550,23.99
,,112-8889280-4205013,108.74
,,112-2595750-6624213,54.36
,,114-9180589-7429050,30.0
,,114-5840746-6766664,70.84
,,112-8260483-2453009,17.54
,,114-1231967-1113053,72.07
,,304-4046322-9108348,24.99
,,702-0016325-7439402,10.0
,,702-3020843-1050629,67.19
2025-05-07,,303-6755982-3493107,799.99
,,113-6301091-5392239,69.95
,,111-0821948-3149827,20.0
,,114-7320336-9061844,116.59
,,112-4925422-9474631,8.0
,,306-7234493-4900345,54.99
2025-05-08,,112-4764935-7061857,18.99
,,114-6199749-9201808,49.26
,,112-1761302-6133006,18.49
,,112-2555284-8485856,79.99
,,112-5394987-2626612,8.0
,,305-3625834-5534703,139.99
,,01-4971215-6614651,80.0
,,114-5338260-2734653,66.19
,,114-5811716-1200220,8.0
,,114-4385886-4669051,37.61
,,702-5943466-7757834,20.0
,,114-8018120-7985815,65.91
,,112-2731380-2555455,8.59
2025-05-09,,111-4391338-1541855,30.0
,,113-8854776-1873009,20.13
,,701-1479147-8409867,79.09
2025-05-10,,112-6070665-2655418,43.65
,,112-0091063-1092268,55.62
2025-05-11,,114-8132667-3485856,20.32
,,114-8266096-8058637,86.87
,,303-7380088-2136324,25.99
,,028-1093004-3144338,25.99
,,304-3275550-3906763,10.0
,,112-8368965-3793802,144.44
2025-05-12,,028-6461562-5232335,27.99
,,111-3281590-5377834,10.0
,,112-1899800-8329037,25.0
,,112-5273093-6805064,44.14
,,114-0101828-9969038,97.41
,,112-1031878-5458640,10.0
,,702-8017303-4801837,20.0
2025-05-13,,302-5445714-7565943,17.99
,,112-4549393-6537051,45.0
,,111-4119915-5283414,145.79
,,701-4345676-9013012,93.12
,,111-9255506-8106628,146.87
,,111-9296913-3788261,37.51
,,112-2618386-4077865,63.59
2025-05-14,,111-5075863-6875405,50.0
,,111-6909461-9785803,27.27
,,112-3170296-0661045,10.0
,,113-7691349-7301817,77.3
,,111-3057912-2211458,15.0
,,112-5707697-6821863,20.0
,,111-2330352-8310630,27.55
,,702-3673820-0489869,33.89
,,302-5149316-7287566,27.99
,,701-5053823-8480258,55.49
,,112-6680643-3825849,86.46
,,114-6207764-1342603,10.0
2025-05-15,,114-3918158-2179416,50.0
,,113-9559381-2933036,32.39
,,114-5370043-2206662,54.49
,,114-0043637-3855468,5.0
,,114-2019578-8995406,20.0
,,702-0472650-2030661,80.0
,,114-8369098-6134607,76.31
,,111-6668917-2408241,144.49
,,112-8245838-9583423,15.0
,,113-1927484-3496245,20.0
,,306-6053269-0538723,54.99
,,111-6361830-8865863,30.88
2025-05-16,,702-6360745-2297067,68.97
,,111-9441276-7237810,33.8
,,306-3711163-0030768,25.99
,,306-4159041-8823521,29.99
2025-05-18,,306-9290432-7481105,56.97
,,111-8026031-5161822,56.99
2025-05-19,,113-6397108-0110632,30.0
,,114-9166910-6517021,23.45
,,112-1601926-7552205,53.84
,,114-9576456-4581026,28.3
,,702-7797414-6989867,10.0
,,112-7543574-0162642,41.72
,,112-1031292-1671450,49.71
,,113-6217527-9292205,50.0
,,114-9778086-7485054,43.09
2025-05-20,,304-4342999-0833149,21.24
,,111-3360730-7349004,53.11
,,112-0104355-9723431,30.0
,,702-7015943-1164231,49.99
,,702-6339927-1474668,55.98
,,702-8963725-1749863,26.2
,,113-3814138-4778619,15.0
,,111-0128399-4622658,20.0
,,702-2117622-6563421,135.59
,,111-1009185-2961064,93.48
,,113-6118286-1697003,60.0
,,112-4728178-9689807,52.99
,,302-5750674-6880355,356.98
2025-05-21,,114-3741875-8177014,292.26
,,701-5474093-2259451,104.99
,,112-7268630-8719406,21.99
,,114-9103319-5658607,10.0
,,112-0686836-6782608,65.23
,,113-8948319-9673040,40.0
,,111-5597042-8356209,99.42
,,112-7296267-3269818,108.24
,,304-5611579-8941161,18.99
,,112-6082323-4459462,79.01
,,302-6568118-8025138,23.99
,,114-7618313-7193038,133.43
,,114-2073150-2580238,35.0
,,114-3406534-4092241,64.94
,,111-6015377-3785814,154.34
,,113-5286290-8283443,103.52
,,114-0095962-6105062,69.86
,,112-5185067-3118615,76.57
,,112-4965367-7650642,80.0
2025-05-22,,114-4816480-6048269,75.06
,,113-5457890-3861038,18.0
,,111-0655227-0184202,10.0
,,304-5050785-5455562,25.99
2025-05-23,,701-6449908-8709040,79.09
,,303-8870719-8285128,94.99
,,111-2789393-1956229,21.64
,,701-1850611-1088236,54.03
,,701-2542036-3882651,43.68
,,111-6667203-2110630,73.7
,,114-3173792-0523406,22.35
2025-05-24,,111-5946672-9105064,15.0
,,114-9586236-9310620,18.35
,,114-3096894-1517834,45.0
,,113-7118675-4714610,6.0
2025-05-25,,111-5682077-3017823,96.06
,,114-4133111-6545827,54.99
,,113-1905942-3890654,24.6
,,701-3492388-2408208,134.39
,,111-7917360-9670637,20.0
,,304-1877064-9312306,21.84
,,305-7511793-4057102,679.99
2025-05-26,,112-8532017-2861069,52.1
,,114-3665466-6165014,49.04
,,111-8444314-3571404,10.0
,,111-6354079-2701865,169.59
,,111-8997304-5642633,15.0
,,114-0959517-1321828,25.43
,,112-8624786-9848252,63.74
,,702-3281460-3921040,60.0
2025-05-27,,114-3014646-7602636,10.0
,,111-3368149-8129825,20.02
,,114-0890993-4242639,48.43
,,112-4839274-2661800,32.24
,,113-5253023-9724201,32.24
,,112-4338732-2330612,61.48
,,701-0324138-5472261,18.07
,,113-0530440-5053860,15.89
,,702-0917414-9261859,110.22
,,113-224-5984-8845008,25.43
2025-05-28,,112-2283315-2480243,80.11
,,111-0016960-4390617,15.0
,,113-1349950-3676245,189.99
,,112-6060435-2612241,31.58
,,113-3009901-4367413,24.54
,,701-2664541-0289063,158.19
,,114-2963642-9131468,17.11
,,028-0789549-4202720,54.99
,,028-1351305-3617924,24.99
,,113-2171664-2094665,32.09
,,113-2662279-4405827,30.8
,,114-7717574-7434666 ,10.0
,,113-9452117-7787450,21.31
,,112-1369712-8735414,77.37
,,111-9184385-8341855,34.14
,,701-7418110-3037808,125.99
2025-05-29,,112-2815643-3485823,40.0
,,111-5216821-2434668,10.0
,,112-4962779-3948233,48.58
,,111-6779741-7985027,73.84
,,111-3000935-7409859,20.0
,,113-5199769-7765013,27.53
,,111-4812409-2373857,8.0
,,111-7295574-1560221,37.55
,,112-6046840-8557010,25.0
,,112-3208325-6378635,42.39
,,702-8968842-7409831,37.99
,,114-4239289-3230625,27.27
,,702-4898155-1761036,146.89
,,702-0225215-4497030,15.0
,,113-6003978-0668265,80.54
,,114-6728868-1201063,24.37
,,113-8841752-0056244,50.0
,,701-0775391-0301024,259.99
,,112-8999658-1952206,39.46
,,112-5694100-7858634,55.99
,,113-5722925-4461835 ,15.0
,,111-7337920-6006634,48.14
,,111-3099481-8291405,84.99
,,114-8254432-1686658,16.2
,,701-6047087-9587445,79.09
2025-05-30,,112-2670424-9119443,139.41
2025-05-31,,114-3237426-6021020,60.0
,,111-7630738-4896228,25.79
,,028-2080321-9453103,20.99
,,702-2516831-9343413,94.48
,,702-8707860-5257065,43.69
,,304-7981269-6689947,575.99
,,111-6437760-7878639,77.83
,,407-6275336-1969164,35.51
,,407-5404732-5502727,34.4
,,111-7087238-2953031,366.34
,,111-0710509-1697809,51.93
,,111-0965217-7341821,20.0
,,113-4841951-7189038,36.37
,,111-1675049-1781042,26.87
,,701-3283094-5526634,32.76
2025-06-01,,028-6415664-3160316,679.99
,,305-3855106-4017169,46.74
,,114-3862885-7287469,59.99
,,407-6356952-0224342,13.4
,,112-4758573-8256243,15.0
,,112-0573851-5506652,42.39
,,304-8432085-1050748,21.24
,,114-6561545-2372224,37.89
,,112-9214893-8701010,118.79
,,114-5958008-3059466,24.54
,,112-8435149-7499440,92.0
2025-06-02,,113-7782289-8312230,90.0
,,112-1189151-9754648,69.99
,,111-2512174-6740242,80.55
,,111-6799235-0610667,68.47
,,114-8032815-3965809,60.0
,,112-9425945-2097053,14.66
,,114-5331145-3040206,58.7
2025-06-03,,114-2965498-0081023,30.0
,, 112-0695578-4307407,12.59
,,114-9475149-9427410,153.36
,,111-2861735-5231401,5.0
,,114-7836074-1339443,30.12
,,113-3068319-0168203,95.84
2025-06-04,,303-0565275-6391508,8.99
,,026-9428364-4728323,23.99
,,306-0398060-4335519,26.99
,,112-1929208-5641058,32.58
,,702-3262126-3966647,50.0
,,113-4431061-4000236,75.59
,,112-0056535-6138676,50.0
,,111-6526897-1389014,63.96
,,702-9920165-3953826,116.0
,,112-5692413-2998652,20.37
,,114-8510421-1473025,109.99
,,112-6035808-6050606,77.51
,,114-6075387-4045866,76.08
,,304-3425149-3642761,17.49
2025-06-05,,302-3617858-1123545,16.99
,,113-0850421-4463432,116.59
,,112-5275310-4356268,12.71
,,112-0965926-0243460,143.94
,,112-0688373-3650629,33.88
,,113-6630008-0519406,20.13
,,304-5522685-0103511,760.48
,,304-0510471-3218740,23.99
,,112-2771950-2007416,149.99
,,113-2826647-6658658,48.14
,,114-7128396-7753004,30.55
,,114-8587728-3701840,96.51
,,112-2348201-2986654,181.89
,,306-5611262-4871512,139.99
,,112-8295208-1176263,64.15
,,112-6946658-8116248,9.25
,,701-8369080-3510605,159.99
,,113-6353423-2745837,30.94
,,113-8875895-0671427,49.04
,,112-8187741-3576267,95.61
,,111-7560415-4818611,73.77
,,112-8641462-8313825,14.06
2025-06-06,,113-2684396-0472235,89.99
,,403-1877214-7026754,284.43
2025-06-07,,306-5291794-6023563,29.99
2025-06-08,,303-1068728-3326728,54.99
,,302-8029339-8453167,15.0
,,028-7960563-7513151,9.49
,,203-5623365-8563539,2.0
,,302-4822296-6908317,577.99
,,113-6072834-0316203,10.42
2025-06-09,,111-0839220-1165808,86.39
,,701-0396632-5881022,80.0
,,112-8692227-0827411,45.0
,,113-5282606-4361854,35.0
,,112-4746475-3245816,7.99
,,113-9959692-8609826,15.0
,,112-5309305-2312212 ,20.21
,,111-3742312-3822666,65.24
,,303-3575177-5535506,11.99
,,114-5531634-0322629,24.86
,,112-4580125-7248209,47.24
,,114-9759027-3270627,10.0
,,112-4676746-7887417,10.0
,,112-5641338-5277843,19.56
2025-06-10,,113-7510368-6894615,15.0
,,112-1586582-2734630,105.99
,,113-5343229-8797839,86.39
2025-06-11,,114-1558388-1838652,68.27
,,112-1154843-0049850,77.92
,,114-0697292-1683447,74.89
,,701-2537047-1178642,85.87
,,113-1870393-3722663,28.78
,,111-3209991-8317039,47.69
,,111-3073798-9150620,47.69
,,111-2871803-7748231 ,47.69
,,111-7231427-4685015,20.56
,,701-2998576-6369863,212.7
,,112-6453901-8500222,43.51
,,113-2101711-1448217,146.8
,,305-6977920-4938737,18.99
,,113-9591531-2672250,38.87
,,112-4648547-7577023,8.0
,,112-1025707-2739458,52.99
,,111-9375182-3845865,90.94
,,112-5182365-0453067,95.95
,,702-5134927-4249820,64.36
,,702-6207090-3688220,29.99
,,112-9601589-2649044,32.31
,,113-5936306-6853029,16.23
,,701-0938181-7570649 ,45.19
,,113-6054770-6525851,162.86
,,114-8336155-1761809,43.89
,,112-3821210-8137834,24.6
2025-06-12,,113-3493480-3192262,46.11
,,113-8585025-0509832,70.0
,,112-9730940-6327434,32.93
,,112-1886261-6572214,12.45
,,113-3810868-4535458,15.0
,,702-2077549-1221001,10.0
,,112-8664084-6477857,29.43
,,113-9950507-2292248,54.36
,,113-7513000-3677832,66.44
,,111-7825667-4114656,32.16
,,114-1622000-4419438,22.25
,,701-1245470-6196235,20.0
,,701-7377037-9092204,45.0
,, 113-9396331-0412237,64.94
,,028-5023678-5499537,24.99
,,111-6426702-8084240,28.34
,,113-1643710-5940242,79.19
,,114-3768724-5671448,25.99
,,206-1939023-0746752,8.0
,,113-2115921-4541055,49.02
,,112-0335082-1516273,75.76
,,113-1628400-7373065,75.76
,,702-0737250-7485837,20.0
,,112-4089562-0466601,20.0
2025-06-13,,112-8168231-7194615,50.49
,,303-2676646-0240357,9.49
,,306-4930874-2658727,5.0
2025-06-14,,114-6829743-0588260,39.58
2025-06-15,,113-0647609-9428253,32.24
,,112-7275090-9938620,108.24
2025-06-16,,113-5159103-7955422,42.39
,,111-4738931-3065038,197.54
,,111-1276000-4617852,151.19
,,112-9296123-7783457,8.61
,,701-3334422-9715414,158.19
,,112-7696733-0841866,31.8
,,701-9765164-4496241,51.97
,,111-1276305-4590644,27.68
,,702-7953037-3405033,14.69
,,112-0169333-2175449,119.2
,,303-5695246-0085915,20.99
,,111-2636412-5702614,643.93
,,112-6405870-8617834,48.25
,,111-0523436-6598647,33.64
,,112-8215089-0757860,5.0
2025-06-17,,111-4713613-9038615,89.99
,,112-9452914-1422604,5.0
,,112-3792363-1925866,30.0
,,701-1806401-4756216,30.0
2025-06-18,,302-7442477-0561957,9.49
,,028-3982083-7771544,25.99
,,112-7356537-0898626,87.59
,,302-5880849-8561917,23.99
,,113-8955726-0387448,184.01
,,114-2379603-8045809,25.36
,,114-8438319-6255457,53.74
,,111-4643698-5268234,64.79
,,111-9646379-4319444,30.0
,,111-2182333-1999415,79.38
,,114-3644240-4175469,23.36
,,111-0826232-6697035,27.49
,,702-7199508-4869003,10.0
,,112-3107084-8773067,7.0
,,114-8810627-9590658,123.11
,,111-7991967-6715414,142.41
,,113-0759542-0669824,5.0
,,114-1972410-6221842,32.09
,,111-3270186-8633041,20.0
,,111-1969504-0848217,15.0
,,303-9169568-9236353,23.99
2025-06-19,,113-9264980-8009812,29.99
,,408-7169506-2349141,42.49
,,205-6563744-4077959,9.95
,,111-0879945-7029009,5.0
,,113-1668668-9253841,10.59
,,702-6571207-6453004,30.0
,,702-3341082-0670600,55.99
,,701-2333442-6461031,124.31
,,111-8784129-6934617,48.63
,,114-4697074-6592212,60.0
,,114-6503747-8097024,6.1
,,701-0055772-8558662,56.39
,,111-3755656-9263461,57.23
,,114-0757877-2506650,15.11
,,701-3238141-0725860,36.15
,,306-3364588-8147561,98.59
,,305-5214138-2829141,119.99
,,303-4049941-3865904,54.99
2025-06-20,,113-0561947-6710646,28.29
,,113-9214849-5705853,63.59
2025-06-21,,114-8692040-9541024,20.0
,,113-3644726-6242664,21.04
2025-06-22,,302-2027445-2280325,109.99
,,114-9150654-4469002,10.0
,,111-9132660-7537830,30.0
,,114-6471349-7256264,69.11
2025-06-23,,111-0045863-8414602,85.19
,,111-6185444-7930652,9.53
,,701-0326267-6266625,122.09
,,111-7093504-4987414,66.48
,,111-6263713-2900249,37.44
,,028-5230472-7045909,54.99
,,112-9780642-1557857,64.19
,,701-2761139-7907407,77.28
,,113-5535116-7256211,107.28
2025-06-24,,702-1022614-6811433,45.19
,,113-7682198-0709068,10.0
,,111-7738252-7953802,42.89
,,113-2786128-8563430,10.0
,,113-6293872-8376266,30.0
,,111-6997048-1813066,60.0
,,111-5103720-1969866,32.39
,,113-7965261-8944255,33.21
,,114-6178657-6759415,101.64
,,111-6377632-4621054,68.03
,,306-9770312-5738708,50.0
,,112-7149333-1470661,126.64
,,112-9510372-9208262,53.49
,,111-8312088-4800233,25.31
,,702-1868165-4201035,31.49
,,113-7614734-8660234,46.64
,,113-5080278-9464236,15.0
,,111-2973042-8071434,96.29
,,111-7626490-7154628,89.63
,,112-5864925-0701034,10.0
,,114-3221385-8743457,112.44
2025-06-25,,114-1566988-9734657,55.72
,,114-5812866-4351415,55.0
,,702-4318556-1246644,20.0
,,114-8704346-6147421,48.7
,,112-1981750-7840227,48.63
,,702-7451199-6843465,36.78
,,114-0721225-0533019,120.45
,,407-5044025-1901909,52.69
,,306-0914680-8140353,39.91
,,305-0915262-6624340,20.0
2025-06-26,,114-3258504-1398649,8.61
,,701-4101871-6135426,94.49
,,114-5899610-5399425,63.8
,,113-1487047-1145800,177.19
,,113-5338933-1286637,99.63
,,111-8609122-6126630,20.7
,,701-0546181-4758633,45.19
,,111-4137590-0810653,77.73
,,111-2226270-2249819,97.23
,,701-9386845-3389007,24.85
,,111-6919372-8074627,18.01
,,113-0550290-8420219,139.09
,,114-2152767-3167427,32.45
,,111-1386708-4624224,46.89
2025-06-28,,111-0496856-0507407,6.0
,,701-8214840-6088219,52.01
,,112-0005150-9882621,32.09
,,702-2260485-8145853,51.97
2025-06-29,,113-8033036-1149826,27.55
,,114-3947751-4361836,24.6
,,702-9070479-8862615,29.37
,,701-5247234-2571418,57.48
,,113-4624467-4492226,10.0
,,113-8391689-2831409,82.26
2025-06-30,,408-1056916-6766727,6.29
,,114-3424538-4285063,40.08
,,113-9588075-2879400,20.0
,,111-9051315-8849063,63.59
,,112-5437003-9192231,35.0
,,111-7279474-8631428,86.91
,,702-9857758-8847465,101.69
,,111-4216215-9207467,24.6
,,302-1506092-8007567,29.99
,,111-5809686-2957816,21.34
,,701-5424598-8925008,59.99
,,112-9980682-6049018,18.01
,,112-7777277-9364268,116.97
2025-07-01,,302-5038374-3705166,20.0
,,112-8929238-2626652,150.74
,,113-4410166-5509816,26.42
,,304-9205986-1776341,10.0
,,111-3879564-8925816,84.79
,,114-3997155-1196251,10.81
,,112-1559705-6038634,81.25
,,114-4157538-4529065,65.37
,,112-3006400-3985063,58.7
2025-07-02,,111-1222740-3567420,54.55
,,702-0148158-2321017,53.66
,,113-9627064-2606609,7.37
,,113-5429613-4586610,67.16
,,114-2126234-8633854,166.91
,,113-3877010-3031422,86.49
,,114-8076118-6646618,92.91
,,114-1902950-5575445,3.0
,,113-3387889-0869860,64.18
,,206-4974108-5356357,42.48
2025-07-03,,113-7012762-4652237,9.99
,,112-7957504-9778604,121.68
,,111-8999921-1600254,137.79
,,112-7787241-1858663,20.69
,,111-3851043-7879400,27.05
,,405-4000761-8679528,190.0
,,112-3263128-1170615,32.69
,,702-9283062-9461800,20.51
2025-07-05,,112-9020051-9177052,43.69
,,112-1194300-0176223,68.03
,,112-8240502-4000205,10.69
,,114-8485896-0655446,60.0
,,114-8447569-7628216,137.79
,,111-3168198-4711443,20.15
,,111-3773680-3692264,90.99
,,112-9004256-3508205,52.99
,,114-1351073-1249038,68.47
,,701-3500408-4015422,159.99
,,028-4921628-7218721,577.99
,,111-6350664-9046619,76.11
,,305-7553979-9990717,2.0
,,113-9395936-9185850,8.0
,,111-0650599-4995454,61.83
,,112-1261099-4328242,15.0
,,113-0718156-0137864,15.0
,,113-8109595-1666657,22.14
2025-07-06,,112-4548989-6013012,28.61
,,111-8418195-6961813,9.21
,,111-3465240-7255456,24.37
,,114-0402966-9175440,28.61
,,111-0134771-8901836,109.99
,,113-5268527-8934645,107.99
,,302-6953715-5921926,93.49
2025-07-07,,113-2888157-6911431,30.0
,,111-1806917-8959424,44.43
,,112-1901071-2702640,20.51
,,113-3653052-2422601,53.02
,,114-6289601-0424213,18.59
,,701-3317673-1392203,30.0
,,701-9366313-1551400,30.0
,,111-5277249-9490655,50.0
,,114-3614630-3439441,45.0
,,701-0880867-3057021,109.99
,,113-8521424-1711435,104.49
,,112-9953814-0928238,143.63
,,701-0046813-6099454,103.47
,,114-3047925-2289830,22.46
,,114-5895237-4044249,20.0
,,113-6019337-0559438,30.0
,,113-9921426-7141828,38.69
,,111-3484594-5013847,57.74
2025-07-08,,701-9423586-7657847,218.44
,,112-5901670-6652229,143.36
,,114-5154138-4942653,32.92
,,305-0948791-8084335,3.0
,,113-5548930-5454611,13.17
,,702-5679241-8165805,59.88
,,111-0302329-1733804,29.95
2025-07-09,,113-4888673-4890629,17.0
,,111-3694553-9841812,12.0
,,112-7461056-0758622,1.2
,,113-0606984-0984227,110.24
,,113-5780627-5385030,34.63
,,114-6639567-9152231,3.0
,,028-7832891-9710738,25.99
,,114-5496991-8265010,58.29
,,114-1241682-0262641,108.61
,,113-5945009-2954625,10.0
,,702-0781961-0229048,79.09
,,111-0835900-1368229,38.58
,,112-6904486-4152244,5.0
,,701-4899632-0737850,137.96
,,702-0788305-7890638,80.84
2025-07-10,,702-6523887-5639441,158.19
,,113-1780182-7279469,79.99
,,701-4055189-6985008,169.49
,,112-1208922-4565011,129.59
,,114-5326899-0389051,63.71
,,202-0775296-7217906,23.99
,,113-5790901-4834637,47.69
,,"114-6168086-6995438
",74.63
2025-07-11,,305-9967523-5052352,22.09
,,304-9513543-4505149,6.78
,,305-3001892-3433164,34.99
,,302-7236264-3354747,679.99
,,111-9913198-6697043,125.06
2025-07-12,,111-4620770-9684247,17.49
,,303-9961061-5947558,34.99
,,111-0475662-6869802,117.14
,,113-4504926-5555441,343.43
,,113-7782289-8312230,79.59
2025-07-13,,114-2280574-2437054,20.0
,,113-3446274-6635439,20.0
,,028-0629510-4551534,29.74
,,113-4954596-6393807,18.92
,,113-1138826-4827467,152.41
,,112-2246576-1310653,97.98
,,112-9343802-7240203,45.0
,,112-5106485-3239427,24.63
,,113-2043602-4864218,49.81
,,113-0879158-4796222,25.0
2025-07-14,,206-7214636-6917946,16.14
,,305-3893099-2473148,23.79
,,702-6077960-1072256,50.27
,,302-5683186-5097162,38.24
,,114-7197821-7796250,74.89
2025-07-15,,304-6919975-8411505,34.99
,,111-2737612-8081042,74.19
,,111-4330602-1102627,90.0
,,114-2612226-1105823,35.0
,,111-0892739-8349817,18.01
,,111-7091157-0180254,64.64
,,113-2493365-3198647,66.77
,,113-9906770-3616202,95.7
,,026-3363579-8729910,18.99
,,702-7934189-0760253,10.0
2025-07-16,,113-9063520-4093818,100.0
,,303-1424889-3999547,29.99
,,304-6335375-5979516,56.0
,,112-4630079-3043400,17.47
,,114-9790940-9782635,21.59
,,114-5570357-3643411,28.07
,,306-2467265-5475518,19.79
,,114-8434305-5317850,25.43
,,111-2289013-6703435,5.0
,,404-6104353-5665126,34.99
,,112-2835437-4869854,129.29
,,702-0716834-9155441,79.99
,,111-2382582-8535412,65.54
,,112-4562123-4768245,52.67
,,701-0991170-3305023,19.03
,,114-8820154-4617821,42.39
,,111-7513080-1693013,20.0
,,111-6076507-5581057,31.79
,,112-7445340-1080222,24.21
2025-07-17,,112-2862062-1973854,128.99
,,028-3853109-2186732,5.29
,,028-5206993-0071521,34.99
,,113-5878601-4400219,6.64
,,303-2762701-2442712,24.99
,,112-4334800-1917027,21.39
,,113-8067093-6469023,3.0
,,113-3158946-0586642,27.11
,,702-6543248-5572214,87.14
,,113-2517048-1393034,54.88
,,113-1304161-9408212,50.0
,,114-6774268-3980206,98.54
,,111-3235923-8171432,8.0
,,113-4916724-5352245,24.48
,,702-0515145-9182650,20.0
,,112-1806203-6239413,10.0
,,113-2417155-1188255,157.66
,,111-9552401-0493803,74.19
,,111-9529540-4925030,24.37
,,114-9530402-3733052,10.94
,,111-8645862-9688245,8.0
2025-07-18,,206-9345871-1317917,16.14
,,305-8146968-3680337,50.0
,,306-4872020-5923556,12.99
,,305-0023019-9338735,12.99
,,302-7648671-6595510,12.99
,,302-6856955-8785962,44.99
,,028-9340506-1797164,5.0
,,702-0442617-0153068,37.73
,,114-6410321-3298613,84.99
2025-07-19,,702-3045497-2832218,33.95
,,111-6724974-5386657,40.0
,,702-1096081-7518624,46.77
,,113-8118006-5911443,29.52
,,305-8246061-4393959,150.0
,,305-8729266-1541165,36.99
,,111-0409001-6278629,69.27
,,113-4854551-8175444,5.0
,,701-4226012-7345033,146.89
2025-07-20,,113-8623900-4661859,43.19
,,114-2037015-3325040,32.39
,,302-5334087-6188363,229.99
,,305-7138184-5321933,40.0
,,028-1430284-3200316,45.83
,,113-6059893-4565001,64.64
,,112-0187176-2658622,30.86
,,702-3016505-7233836,24.14
2025-07-21,,111-8007280-5769849,15.0
,,407-0491235-6311538,24.99
,,112-2222549-0231415,10.0
,,701-9116963-3153030,23.09
,,304-2329938-7201140,38.24
,,028-7391808-4736308,10.58
,,305-9415235-7649125,9.89
,,114-1917923-0485025,102.11
,,113-3549878-3465833,15.0
,,114-5382354-7816206,94.76
2025-07-22,,305-0025073-8123511,219.99
,,114-2787385-4033864,29.31
,,111-7562382-9435454,74.71
,,306-2723875-5524337,10.0
,,305-2465604-9955546,38.24
,,306-0297641-0484344,44.99
2025-07-23,,111-4189280-6905049,92.21
,,113-1845511-6490618,15.0
,,113-7473248-7748261,48.7
,,113-4824825-0128217,49.9
,,702-8397784-6791427,15.0
,,404-5977438-5885148,12.31
,,303-4929594-6288320,18.69
,,305-5374317-5884321,2.0
,,028-6688062-8541127,6.0
,,112-6297668-6301810,76.86
,,407-3895412-9569158,87.98
,,028-7435450-9005130,300.0
,,112-0471854-9598659,15.42
,,113-7808264-2038630,10.0
,,114-4714646-2837032,300.27
,,306-6142977-9773110,20.0
,,702-5228428-7810649,17.91
,,114-1628090-7715456,31.82
,,114-7985957-4341833,24.6
,,113-7426140-1186637,28.61
,,114-0250634-8245074,19.68
,,114-9810756-8449819,71.68
,,114-5172792-9949028,138.55
2025-07-24,,113-6737673-5305066,43.59
,,111-8659036-9925057,42.89
,,113-6822343-9457046,8.0
,,112-8767869-1755469,12.0
,,112-9491931-4491432,31.49
,,113-0356508-7709007,20.0
,,112-7783800-0410621,25.0
,,114-6760585-8875410,100.0
,,113-3409565-4449004,42.89
,,111-4587051-6120234,24.89
,,114-0468135-2154651,89.85
,,114-5421678-7661860,40.0
,,114-1512418-7457802,104.25
,,702-0324870-6361059,120.0
,,111-9245870-8482665,35.99
,,305-7086685-0852310,9.89
,,305-0986851-5324337,14.44
,,302-8908501-2366722,158.94
2025-07-25,,114-6833733-7286641,62.99
,,113-7764828-5002658,41.67
,,113-7344556-5816239,135.75
,,702-8677956-4647400,148.23
,,112-1416489-0805867,40.0
,,303-8082707-2062715,85.53
,,028-6504048-8669926,349.99
,,303-6337226-1966750,16.99
2025-07-26,,111-1435224-1198632,109.0
,,701-3217505-0480229,331.66
,,"114-1791318-0397805
",10.0
,,114-1136917-8405043,599.0
,,305-0514716-7247506,12.99
,,028-1742542-5679568,16.99
,,112-5544132-0495412,32.06
,,303-8064136-4134734,14.44
,,111-4989536-9997069,37.45
,,304-2161531-6397158,34.99
,,114-0214272-6937022,139.62
,,111-8665026-4387428.,60.61
,,701-5132861-1426614,253.81
,,112-2413024-6663459,159.99
,,112-2634577-1637833,10.59
,,114-1662951-4943438,18.5
2025-07-27,,701-4632269-9687450,223.33
,,701-1574156-1247404,105.64
,,112-0393849-0728210,39.21
,,114-5807103-7795433,180.19
2025-07-28,,701-1333670-6695416,59.88
,,113-4773177-1362666,95.84
,,112-6751152-1997005,61.12
,,112-5742843-7922649,20.89
,,114-4699574-8021026,15.0
,,304-7189307-3281925,3.0
,,112-7153503-8415402,81.5
,,111-8833091-3234666,69.99
,,113-6082363-0782617,19.18
,,702-8923439-8073862,134.39
,,403-0334916-7241158,12.99
,,111-1075777-7861049,137.14
,,111-0368801-7840237,42.79
,,111-8148660-2603448,42.79
,,114-1980441-3989822,40.84
2025-07-29,,114-0371757-5179444,41.16
,,114-7259297-3666635,35.13
,,701-6322512-8929838,45.07
,,111-9726791-6349864,21.26
,,112-9814750-1630605,84.99
,,113-6604597-6754626,30.48
,,114-1260374-9099421,89.98
,,111-4834783-1110641,46.74
,,114-2852131-9051425,10.0
,,112-6186288-9138622,87.09
,,112-5511998-2941028,15.0
,,305-8007156-7791516,22.09
2025-07-30,,112-5915922-4767465,46.62
,,112-4849899-9854639,28.78
,,112-7363907-9176200,21.2
,,113-1743289-4953001,5.0
,,406-6538281-6447534,17.44
,,114-6895020-2059406,28.0
,,701-3165164-7211418,60.0
,,702-9146906-1419400,13.55
,,113-8972519-9092237,42.39
,,114-4888280-6129830,25.85
,,111-7334341-9713026,27.08
,,111-2677866-6658626,49.6
,,112-9902652-1181061,60.0
,,112-5218623-3744233,50.0
,,112-6199369-0528222,8.0
,,303-0417002-3711523,12.99
,,701-3115399-8948245,45.19
,,303-5550515-5554719,219.99
,,304-1305528-1776317,56.99
2025-07-31,,701-4226639-4332239,126.46
,,702-8247703-2269060,41.29
,,114-7612829-2637066,24.37
,,702-5685110-6779405,79.09
,,111-5269935-4693854,40.0
,,111-1523749-6181013,15.07
,,114-5401454-1520232,145.45
,,111-6137687-2935421,15.0
,,111-1895860-6377800,38.24
2025-08-01,,306-3849039-3750709,6.0
,,028-9448970-1488351,12.99
,,306-5114527-0411565,12.99
,,114-1415896-3790627,93.79
,,113-0909120-8869054,64.04
,,112-3897250-1301039,149.79
,,114-6469960-4593808,25.0
2025-08-02,,305-6024780-7804345,44.99
,,028-1116454-7638767,44.99
,,112-5521040-8250629,28.07
,,305-4586052-5016351,16.99
,,303-9046061-3353136,44.99
,,113-2905576-0572228,48.42
,,114-6481345-8390610,20.32
2025-08-03,,028-2618980-2405925,29.74
,,402-4040639-5601906,12.31
,,702-2412083-4589857,41.2
,,114-7431297-9673839,95.39
,,112-8072861-6270616,23.04
2025-08-04,,113-0169839-9924276,29.91
,,111-4483628-8631405,29.67
,,113-8355761-0901854,50.0
,,304-0326220-2720348,12.31
,,114-1068784-0915457,115.28
,,113-6838684-1659442,163.7
2025-08-05,,304-4194095-0039550,10.39
,,113-9432879-6177014,48.14
,,302-5867625-0684320,54.99
,,304-6700179-3765901,3.0
,,112-7087506-0403425,24.32
2025-08-06,,701-1620161-9298624,58.92
,,111-8027267-4217061,20.0
,,111-0752563-7620267,53.98
,,113-7323104-2479447,21.44
,,702-4304281-0950645,20.0
,,114-0318588-2633818,73.26
,,112-4314561-0645009,26.65
,,111-4421387-0941035,49.04
,,112-9356564-5309830,222.27
,,403-1278939-2875557,36.28
,,407-9419262-6833954,12.31
2025-08-07,,302-0808435-9899512,9.89
,,206-7807569-4021168,23.99
,,701-8171193-8428226,450.0
,,113-5426137-5805806,39.99
,,701-2756153-2205030,39.22
,,304-8433072-6033147,239.98
,,701-7046330-1477026,15.0
,,701-8395544-3451434,45.75
,,111-1235208-9324258,21.19
,,114-3927859-9953022,30.44
,,111-8667951-7185803,49.04
,,112-0162736-0061874,10.0
,,112-1439604-6517061,24.99
,,112-6686572-6922663,18.49
,,113-6227130-0670653,29.76
2025-08-08,,202-6586574-0906705,159.96
,,112-5838788-8810622,30.0
,,303-3898592-9408349,25.49
,,112-0850860-1788250,36.0
,,114-0114180-2253012,48.03
,,114-4055161-8455421,32.38
,,303-4050818-0581101,5.0
2025-08-10,,028-4417621-7388329,15.0
,,112-9218881-4793062,96.29
,,113-0251918-1501827,39.08
,,112-5723135-4175463,84.94
,,112-4030451-8778637,97.64
,,111-1993047-2828236,18.99
,,112-4300598-4875416,23.69
,,112-3216752-8458600,19.5
,,113-7594366-7650655,18.0
,,111-9168921-0373059,20.68
,,111-7980492-0897838,65.98
,,114-9324850-6413813,71.09
,,113-8842937-7218605,3.0
2025-08-11,,304-0824764-8202766,30.0
,,306-6522615-6809911,89.99
,,112-8425772-2325025,7.46
,,114-1361348-9171423,86.59
,,305-3929231-6569156,13.99
,,113-5219766-3545805,26.38
,,111-9300770-4451410,107.24
,,112-3184463-8629820,7.0
2025-08-12,,113-4290486-3601835,34.43
,,111-5325108-3149837,32.09
,,114-1314579-4717852,37.22
,,113-3306184-8202626,32.55
,,111-2813825-3450627,53.49
,,306-3019914-3039522,27.99
,,701-6833385-0467433,135.59
,,114-3654418-4986656,8.0
,,114-0211653-4713043,78.1
,,701-8877733-8585062,45.19
,,112-4575504-9309038,194.84
,,112-8929639-2908221,24.79
,,302-8204003-9680338,89.99
2025-08-13,,111-9627865-4124233,95.95
,,305-3810819-7089116,10.0
,,304-4430472-7184337,219.99
,,112-0254203-2749831,15.0
,,305-4576464-2533913,11.99
,,113-4290486-3601835,34.43
,,111-0472183-5329850,20.0
,,306-5829430-3021168,639.99
,,305-7031914-5176322,118.99
,,303-0295773-6201939,229.99
,,305-0139584-0740348,69.98
2025-08-14,,113-4496477-3421018,47.97
,,304-2593455-6441140,50.0
,,113-0548359-9392247,107.24
,,113-1495378-6717830,189.99
,,113-1528353-4649060,50.87
,,114-0389863-9045025,29.22
,,702-9034231-0553003,39.95
,,114-4780671-8319436,2.4
,,114-7291146-3579431,38.5
2025-08-15,,112-4784478-7297828,76.29
,,112-2328620-4547420,76.29
,,112-3686545-1253055,98.09
,,306-9213404-1708361,89.99
,,303-5866408-6329149,13.99
2025-08-16,,306-7504468-4622718,11.04
,,302-8417875-8307525,35.69
,,305-1311636-4648348,194.99
,,305-6677217-7995558,61.0
,,114-1736737-1857844,10.0
,,113-9831269-5591409,40.65
2025-08-17,,111-7443553-8991439,8.0
,,114-5995762-2799442,26.74
,,306-0410353-6078750,46.74
,,026-8567228-0801150,125.76
2025-08-18,,112-5173655-5364229,50.0
,,112-2056670-1676238,42.11
,,111-9072382-2376260,15.0
,,028-6749009-7205927,89.99
,,028-0849724-5736363,119.99
2025-08-19,,306-6499020-0495511,12.99
,,303-9193619-4548304,101.99
,,303-8371234-6473133,89.99
,,701-8892964-3277058,32.47
,,702-4986478-4032266,37.79
,,111-0564329-0430641,95.61
,,111-2214777-0923411,99.99
,,111-1424048-6260211,192.59
,,113-8116619-2150628,32.06
,,113-5014630-8624229,8.0
2025-08-20,,171-5260479-9142739,27.99
,,304-9980919-3093927,28.99
,,113-8041929-0899413,31.79
,,302-7031572-2764342,119.99
,,112-3858897-9017829,64.19
,,113-1131358-0136235,54.11
,,304-0666729-7313917,63.52
,,112-6949810-7410658,39.58
,,111-4870024-4298606,509.15
2025-08-21,,113-9319208-3097019,90.52
,,113-5751956-5781037,101.88
,,701-7706925-9187409,126.46
,,114-6228434-8803450,69.99
,,113-3866268-6920255,10.0
,,114-0010710-2463413,10.0
,,112-8533772-5789004,60.0
,,112-4305997-3953057,89.99
2025-08-22,,302-9492273-4174703,100.0
2025-08-24,,114-0916566-7339405,169.99
,,303-0826673-5138703,15.0
,,112-9782789-4238625,10.0
,,112-4520036-1105859,53.2
,,112-2773210-3487466,19.99
,,112-1173097-1406623,65.16
,,114-2060644-3605045,8.0
,,112-6769599-5582601,25.0
,,305-9183344-1927557,54.99
,,111-7376607-9379430,20.41
,,206-8169314-4050754,23.99
,,303-4011433-7014722,
2025-08-25,,304-9229661-8515507,239.99
,,114-0425705-5527402,5.0
,,111-5447928-6433044,19.99
,,111-4135681-6792212,201.38
,,111-2733722-9344240,201.38
2025-08-26,,113-2020184-8621838,199.99
,,111-5864617-3890641,30.0
,,114-5728279-0736244,99.99
,,304-2059704-9758746,23.52
,,114-4618852-9410658,30.0
,,303-6528279-8401959,24.99
,,304-1495060-5363557,
2025-08-27,,114-9318361-5759425,200.0
,,114-9079756-2463467,26.93
,,303-9087988-6709112,16.99
2025-08-28,,113-6457089-3883411,10.0
,,701-8641425-3650667,32.76
,,113-1893889-2365823,46.31
,,111-2609169-7366606,38.4
,,112-7262666-4431432,15.0
,,111-2660313-7117830,319.99
,,303-5389072-5456368,25.49
,,113-0415553-7689817,42.64
,,111-6978344-4475438,20.0
,,111-6856879-6659463,25.0
,,112-0871161-0696259,19.56
,,112-8826874-8430613,22.55
,,111-1291528-9440224,101.64
,,302-5624082-0702764,49.99
2025-08-30,,111-0106866-0403432,117.41
,,114-0852682-3946606,38.51
,,305-1983061-4480320,24.69
,,114-4449171-3388231,105.99
2025-08-31,,113-7261910-5233061,33.39
,,114-3242757-1029050,84.79
,,114-2717600-9009014,68.38
,,113-9910476-3473008,30.0
,,305-0574598-2473908,119.99
2025-09-01,,303-0904200-6935506,30.39
2025-09-02,,205-9638183-3910741,71.99
,,112-0668921-3481055,149.79
,,111-6150169-9825035,82.62
,,701-7566885-2180243,79.09
,,113-8936814-2479447,52.99
,,161570472703164702,51.89
,,114-1709083-6131469,42.39
,,702-7654472-1914646,282.49
,,303-9123825-9752351,109.99
,,114-1493293-8702631,25.97
,,702-4656363-9316239,40.31
,,114-4585563-9809806,27.43
,,028-5321896-3884330,93.49
2025-09-03,,114-4276246-6161800,24.9
,,701-5840758-1862630,17.5
,,113-4392834-1116233,20.37
,,114-8986299-6571446,30.0
,,112-3184360-5846640,142.83
,,113-0060782-2279409,40.0
,,111-6763548-4466646,73.72
,,113-1233212-6382669,86.23
2025-09-04,,303-3142677-4265165,34.99
,,114-1864532-8079454,129.25
,,111-0844106-9321854,26.85
,,111-8045342-1768258,11.34
2025-09-05,,306-8303371-0761149,17.98
2025-09-06,,114-4820989-1347453,62.53
,,701-6033126-8147435,264.41
2025-09-07,,304-0395364-1699509,46.99
,,206-0823317-0138702,119.99
,,114-7433212-4024249,8.0
2025-09-08,,113-3005573-1616267,20.0
,,113-6675573-5640262,91.25
,,114-2613060-9212209,17.58
2025-09-09,,111-8370828-5407455,30.0
,,701-2979704-0145818,15.0
,,306-6144320-5126767,10.0
2025-09-10,,304-5584901-2960360,43.99
,,702-4306327-2528223,23.51
,,305-4047648-2315505,5.0
,,114-6685072-7004235,24.6
,,306-8367776-9559502,25.98
,,303-4434796-6702760,9.87
2025-09-11,,114-4439135-2845009,10.61
,,701-3572401-4299455,172.45
,,306-6663739-1209913,29.99
,,112-7901320-7081000,31.81
,,111-1765734-8370612,74.02
,,702-7413968-0000220,33.89
,,112-4215726-1773038,22.96
,,114-7786032-2163407,21.84
2025-09-12,,112-5173655-5364229,100.0
,,112-4170006-1845806,19.99
,,112-2811495-6617060,50.0
,,114-4376720-6324209,70.48
,,113-5588329-6557015,60.0
,,304-7942097-4780346,219.99
2025-09-13,,408-0599621-3040319,95.1
,,408-0599621-3040320,1.55
,,408-0599621-3040321,1.55
,,408-0599621-3040322,1.64
,,112-5807698-1770633,271.55
,,028-8002898-3827535,104.99
2025-09-14,,114-0576098-9036269,85.58
,,112-3852193-6656220,27.43
,,114-1710895-3793053,32.16
,,204-6026257-5701961,30.66
,,111-8309920-6779417,30.6
,,111-7942066-9129860,32.46
,,113-8303808-4337808,50.46
,,304-2826813-1353968,
,,111-6050006-5036214,267.49
,,112-2613549-8097004,62.99
,,111-1858243-6758625,7.79
,,702-8058849-9146609,89.24
,,113-7405339-6022608,152.99
2025-09-15,,114-3852939-9043445,35.0
,,111-8185198-2986609,19.79
,,111-7141865-2529840,35.99
,,114-2177074-3485029,26.68
,,306-4299614-4985134,20.79
,,114-2841558-4673863,35.99
,,163148527977975642,5.0
,,163193537087874251,16.26
,,162986550265623712,3.0
2025-09-16,,305-4266925-2125101,19.99
,,111-0046931-7424236,65.99
,,113-1800107-3997055,10.99
,,114-1506961-3099453,74.19
,,305-9796626-2581140,43.7
,,306-6197142-1379512,100.0
,,113-5290037-6925822,7.17
,,112-6208194-8686638,6.11
,,114-8261058-2020254,43.85
,,111-7015297-9732232,23.45
,,701-7560712-2415402,20.73
2025-09-17,,304-4113018-4252358,799.99
,,113-2000714-5911431,99.99
,,702-5692367-7182642,37.93
,,113-7203562-6028246,38.33
,,702-3890403-5548265,45.19
,,114-7675653-5170666,5.0
,,113-9922002-7969859,38.37
,,111-2155641-7050622,179.99
,,702-6243731-3503468,21.83
,,112-0332797-6401807,
,,114-9148066-6704242,29.72
,,112-1778992-1181021,16.26
,,304-9976825-1836359,22.79
,,028-2007678-3021128,5.0
,,113-2779728-2457039,39.49
,,112-5356989-3810629,5.0
,,112-8863318-4139440,50.34
,,702-8534585-7717048,
,,114-3935421-9548210,32.42
,,113-0785348-7580239,136.49
2025-09-18,,701-8779717-6049028,28.34
,,111-8926811-9373009,17.59
,,114-2602190-5697821,25.4
,,111-6671814-2425809,20.0
,,701-6117309-4689827,135.59
,,114-4620301-0509822,20.56
,,113-7322747-6993827,41.08
,,112-6603253-4070606,75.76
,,114-1069813-5600238,25.55
,,113-0015434-4663405,7.23
,,303-8731285-7456315,250.06
,,114-1905391-6886665,30.0
,,114-0320733-0841873,70.29
,,114-4274319-9804242,15.0
,,113-2094839-9347448,21.64
2025-09-19,,306201PVC-8-EU,101.99
2025-09-20,,111-0663765-9453827,27.55
,,205-4048266-7351548,35.99
,,306-0159211-1718705,44.99
,,112-6319442-8495440,119.11
,,112-2833697-0949035,101.99
,,112-0563130-7466616,79.49
,,112-4721292-5433825,20.47
,,702-3599001-5469033,169.09
2025-09-21,,305-6250484-3016360,135.99
,,114-7506500-2147456,54.21
,,111-4735014-8897821,39.38
,,111-2344136-4662601,27.35
,,111-9541206-1472215,15.0
,,112-5570571-4681012,30.0
,,114-9295028-3691452,163.7
2025-09-22,,702-4394370-0645010,31.04
,,111-7436488-2281835,11.57
,,113-5639766-4132205,87.09
,,111-2526809-8987416,26.74
,,112-2739750-2470648,26.73
,,304-9283977-8369145,25.99
2025-09-23,,111-1955435-0178651,24.83
,,111-1056126-7723422,363.79
,,112-7940125-4105810,17.09
,,112-1193862-3656258,30.43
,,112-2616570-0857011,149.44
,,701-4335847-1300263,80.47
,,114-5504592-3725858,32.3
,,113-2304961-8318658,65.27
,,111-2239730-5661845,30.98
,,114-9313095-3947433,96.06
,,701-4847157-3737866,158.19
2025-09-24,,306-7152374-3334743,130.0
,,113-2360577-2418630,27.18
,,028-7399183-7837160,22.09
,,113-5655755-7793828,20.56
2025-09-25,,306-8135177-8577118,195.49
,,114-2727860-3828253,32.45
,,111-7462950-2550637,50.0
,,303-8241673-5176303,151.98
,,114-0197206-8513035,24.1
,,111-9905179-5297806,47.69
2025-09-26,,112-7098240-2671455,529.99
,,303-2150631-5453114,10.0
,,111-3860180-4934621,65.91
,,702-4313743-0202618,171.39
,,112-9601517-3267400,37.79
2025-09-27,,306-4055877-5129950,24.99
,,113-9719348-2039451,548.74
2025-09-28,,203-1125167-9903530,59.99
,,302-6579557-9101102,34.99
,,303-7267621-5084327,119.99
2025-09-29,,303-5433941-9497146,45.99
,,114-7614495-7305852,
,,114-3185458-7551435,26.74
,,112-5467544-6527450,15.0
,,112-8370013-7427436,67.12
,,112-6743526-3894628,161.39
,,112-6349272-9305066,27.43
2025-09-30,,302-8600201-6160321,39.99
,,112-0696866-0498650,60.76
,,114-5796103-4148260,100.0
,,112-9801064-6839410,82.0
2025-10-01,,112-6406911-4307418,108.24
,,112-0828302-7982651,23.53
,,114-0911546-7352241,40.0
,,113-0261512-8769879-1,20.0
,,111-3381419-7978651,110.0
,,304-7630635-8905958,25.99
,,304-5959087-6452320,50.41
,,114-0759771-0173805,132.64
2025-10-02,,113-3157479-8270666,499.0
,,112-9671014-1677869,23.75
,,303-5019809-7434721,19.99
,,113-5667378-3681038,160.0
,,028-0828735-1469117,24.99
,,111-3387284-9608254,26.74
,,028-4342524-7771550,14.99
,,305-1116131-9211544,18.69
,,113-1902343-9577852,271.86
,,304-9422221-8238758,49.59
2025-10-03,,114-9812960-4689813,5.0
,,306-2255402-2513103,30.0
,,113-6439700-7760265,193.49
,,114-2374522-0096223,18.31
,,111-4008535-0980260,17.92
2025-10-04,,028-0432198-2943554,27.99
,,303-5071850-0977919,15.19
,,305-7111600-3765157,33.61
,,404-8965238-5003528,24.99
2025-10-05,,305-6091275-3441126,45.99
,,408-6719556-5419528,10.0
,,026-6320099-3156364,219.99
,,111-7944764-9150624,28.88
,,113-3890353-4761039,
,,405-3846880-4891516,79.99
2025-10-06,,702-5481898-5701832,31.69
,,112-9352760- 7610615,
,,114-6913051-2188255,43.54
,,701-7374440-4257866,19.2
,,303-5326013-7504325,119.99
2025-10-07,,113-6247590-2991427,10.64
,,112-5814478-0237818,109.44
,,701-7714450-5676235,3.0
,,112-8730644-2812210,50.99
,,302-4802480-3985950,32.28
2025-10-08,,112-2144982-0144241,29.99
,,408-9654381-2827559,4.0
,,113-1582020-4688258,100.0
,,111-4924899-6665023,22.56
,,303-1342895-9964344,23.99
,,111-3266521-8396203,11.0
,,112-7469187-3760257,25.67
,,114-8608252-9518640,25.49
,,111-2303701-6433006,80.0
,,701-6944178-1482600,67.19
,,113-1157958-4895412,62.53
2025-10-09,,303-6278518-5482726,59.98
,,304-9731344-0097163,59.99
,,302-2744392-1896328,
,,111-2882740-7730630,18.0
,,114-7876769-6765825,55.24
,,112-8579527-2133007,74.99
,,112-0834876-0985064,3.0
,,113-4209265-2209851,18.37
,,113-8840011-8469052,50.0
2025-10-10,,306-7283732-3551536,49.98
,,306-5027035-5404309,79.99
,,113-3786320-7713007,8.0
,,305-3871758-5488336,5.0
,,113-5745262-4933829,48.0
2025-10-11,,028-8109448-3999506,59.99
,,111-8106576-4293867,3.0
,,304-9098270-1742736,14.99
,,112-9747093-9613829,173.39
,,111-7868245-2889849,85.85
,,114-7279637-2923430,25.55
,,305-3824933-2351542,59.99
2025-10-12,,302-3124157-4839555,61.36
,,113-2262343-7685814,38.05
,,702-3988157-0005042,50.61
,,305-8467427-2329104,59.99
,,112-6307861-5450656,37.79
,,111-2181425-5499456,542.49
2025-10-13,,303-8530185-8561949,21.24
,,303-1410743-0887557,30.0
,,114-4323456-7837824,248.96
,,113-8322275-6781020,24.99
,,113-5292607-0738641,118.68
,,113-2058282-4100241,25.43
,,111-3828106-6954652,26.83
,,111-6251306-0537836,53.98
,,111-7005380-7330608,32.09
2025-10-14,,111-7623429-1129041,59.76
,,111-5474977-2693064,7.55
,,112-9073281-7333059,59.85
,,111-6530298-7479437,59.91
,,112-2743916-0344223,229.99
,,111-5512363-7045021,110.68
,,702-6041830-1721866,403.14
,,111-4064151-1377061,38.4
,,702-6513968-5350647,30.0
2025-10-15,,111-9963964-3721812,225.63
,,114-8050194-0825803,20.0
,,113-1107694-9495453,30.87
,,114-2747612-8827432,44.58
,,113-8138862-7532210,6.59
,,702-3899082-3032221,1300.05
,,701-7004444-9121053,30.0
,,305-4590856-8919508,69.19
2025-10-16,,306-9336358-3455545,59.99
,,305-6368460-5576339,39.99
,,113-0937787-9156243,50.0
,,114-7884380-6272247,19.99
,,114-4707476-0933832,50.99
,,114-9628057-4610638,
,,112-2452013-9661011,16.95
,,111-7503650-9626658,76.49
,,113-6958496-8354636,75.76
,,112-2226463-3329833,130.0
,,112-1150147-5257848,24.6
,,028-8809631-4939512,9.49
,,304-1422552-9642706,21.24
,,303-8205700-0263557,23.99
,,303-9270813-1769146,23.99
,,112-1662842-5037825,64.04
,,112-5168669-3253031,34.97
2025-10-17,,114-5056935-4253014,59.77
,,113-0487546-5143455,10.91
,,112-1729984-4260206,544.62
2025-10-18,,303-4121161-6090766,3.0
,,,
2025-10-19,,112-5326436-5229058,41.99
,,114-5230699-9470664,9.77
,,302-9816902-9138726,499.99
,,302-4790019-5344358,80.74
,,305-7472870-0745969,47.99
,,112-9200891-6516206,541.24
,,111-1169494-8527464,5.0
,,113-3014898-244237,40.0
,,111-2716113-7637824,64.47
,,113-2464438-1612231,20.74
,,304-3009480-4267554,21.24
2025-10-20,,112-4465423-1674640,26.65
,,111-1333078-5654601,29.88
,,111-1784645-0963434,20.41
,,304-8875395-7927569,5.0
,,112-5466127-4199411,38.05
2025-10-21,,302-8562079-6574742,12.99
,,113-2572062-2967429,239.24
,,404-9471384-2137941,64.99
,,112-7845737-9891466,48.75
,,111-8235152-0331466,12.0
,,111-7851196-6930646,104.49
,,114-4581983-7287415,109.74
2025-10-22,,302-0978041-7453100,23.99
,,112-3162156-4115460,26.74
,,701-8375654-4681069,54.0
,,112-8768052-9114610,15.0
,,111-4182484-0186635,28.49
,,112-3708179-0979449,77.37
,,112-1056293-6377819,72.07
,,701-3436792-9622669,78.39
,,113-9616087-5818641,8.12
2025-10-23,,407-2746576-7147516,109.99
,,305-7852161-2089116,389.99
,,702-5199062-9603415,20.0
,,112-7934550-7512213,86.91
,,112-5055585-7818631,18.01
,,114-3327820-5000202,
,,113-9490258-1425842,149.79
,,205-6241778-3694729,139.99
,,112-3298182-6313039,
,,112-0938298-0345038,654.59
2025-10-24,,112-1370016-5361817,13.99
,,114-0049284-4678634,26.17
,,303-1298754-8537964,14.99
,,113-1190210-7189038,14.58
,,306-7059805-4937102,71.99
2025-10-25,,111-8529831-4760243,26.58
,,113-9346158-4007413,24.99
2025-10-26,,304-7087664-7513954,229.99
,,302-6849088-0401914,42.48
,,702-1945220-8093843,367.91
,,113-8638299-5326626,33.75
,,112-1028011-2195447,12.64
,,111-9436770-5165811,26.86
,,112-7848584-4921043,203.5
2025-10-27,,305-8328393-2502700,24.69
,,407-0399398-8788300,20.0
,,204-7207627-0631552,119.99
,,303-4890321-0842744,27.99
2025-10-28,,112-8240163-3212216,538.74
,,112-9563921-8378607,63.59
,,113-5669672-1706604,125.99
,,702-7713603-2465064,76.84
,,112-3868869-4669860,36.99
,,114-2699626-8865869,37.9
,,111-1619989-8204218,18.53
,,114-3168513-1965018,120.95
,,114-7364946-9098648,42.39
,,112-1836429-1349001,99.74
,,028-0012192-7825152,44.99
,,114-3941889-6603438,39.5
,,303-1061060-3197900,12.99
,,026-2387789-8746724,8.46
,,111-2026786-5776230,27.68
,,111-0305916-1364236,45.3
2025-10-29,,701-2773343-0443432,35.0
,,112-4909717-3947412,264.99
,,113-2235267-6452245,17.11
2025-10-30,,114-6217736-8513027,40.0
,,701-9205051-0404234,62.99
,,302-5012139-7846702,159.99
,,114-7808354-1733027,15.0
,,701-8924357-1391444,167.99
,,111-5241692-8461822,
,,112-8101396-6894646,20.0
,,111-4059469-6317803,31.98
,,304-4530519-4228317,159.99
,,113-5983070-7081023,69.99
,,113-7398500-1893031,27.05
,,111-8911598-8001840,63.59
,,111-9422778-9059402,15.0
2025-10-31,,114-1849186-2244237,40.87
,,112-5057966-0138648,38.69
,,406-8970593-0169159,123.54
,,112-9248464-6349869,20.0
,,114-6988616-1725847,6.07
,,028-6427682-7601118,24.99
,,111-4783976-1972225,74.99
,,701-4797948-4855467,20.0
,,112-0764527-3610611,529.99
2025-11-02,,114-3192782-0445041,59.53
,,114-0728252-8901844,80.0
2025-11-03,,112-3569341-0502618,9.59
,,112-4532330-8678618,40.0
2025-11-04,,112-5246206-6545046,10.0
,,112-5636450-7643419,32.5
,,113-3486419-9181802,32.5
,,111-4110496-2182644,8.73
,,112-4176008-9495413,100.69
,,305-1029332-3009930,39.99
,,113-2127325-9039454,443.33
,,403-4384333-9443527,25.99
,,304-1740264-4952369,14.0
,,112-6385933-9779415,35.0
,,111-6245597-9157821,264.99
,,113-6511426-1552266,80.55
,,113-6956902-5704215,14.72
2025-11-05,,111-3899552-7855462,20.98
,,114-8705891-0709036,6.35
,,111-2361976-4005860,27.21
,,112-9097305-3557851,50.0
,,114-7362972-8840266,10.0
,,306-0290745-5757936,24.99
,,302-1098283-6861959,12.99
,,114-9946275-7697049,63.89
,,111-1377861-5827457,18.01
2025-11-06,,403-8663048-1813912,20.0
,,302-3091424-2033964,39.99
,,408-3286455-6684301,26.99
,,111-0319619-6360259,42.39
,,701-9744461-6066646,52.3
,,112-2411044-9023421,21.66
,,028-7364366-4457902,52.15
2025-11-07,,306-3228442-2156321,27.99
,,028-9138605-4447526,15.0
,,304-5712142-0905117,
,,406-2311920-3103554,109.99
,,028-6822091-4566760,39.98
2025-11-08,,303-1747323-5630706,8688.0
,,404-0935610-0894754,5.0
,,113-2155990-2843421,21.61
,,303-3919045-0071563,24.99
,,171-1706863-0445118,4.0
,,306-7031499-3575528,8.0
2025-11-09,,113-9649514-3136207,12.62
,,111-5634143-7275448,60.62
,,306-7423746-0364354,44.99
,,112-0583967-1021034,41.16
,,114-8960452-8139459,16.21
,,113-3611139-9331460,42.99
2025-11-10,,302-9737833-2987521,36.99
,,028-5796106-3535533,47.38
,,112-1642631-9221036,10.88
,,303-6535286-9545159,13.0
,,306-7479466-2821145,35.0
,,304-0824764-8202766,30.0
,,113-3756502-4725041,21.0
,,302-2286212-9096311,13445.0
2025-11-11,,028-9128734-4520350,56.99
,,114-8818644-7202636,159.99
,,112-1299205-2777019,16.65
,,112-6699331-4135415,41.54
,,113-6889759-1333005,36.49
,,112-2203924-6292221,22.4
,,303-4459590-6913966,40.49
,,303-7903621-0559519,319.99
,,114-6763480-6916239,50.0
,,113-0703732-1396267-1,367.19
,,028-6043523-4628351,319.99
2025-11-12,,112-6266912-7729824,60.0
,,113-0472279-3020202,63.74
,,304-4198824-0557904,12.99
,,112-3496341-4657850,53.08
,,113-4363055-2788239,40.84
2025-11-13,,407-6326021-3288323,20.0
,,404-4313450-6073901,104.99
,,302-8480904-7628348,10.0
,,111-1608776-7677055,125.56
,,112-8876050-2657044,59.99
,,111-6444806-5873814,551.24
,,113-5622883-7946618,543.74
,,303-4145183-6182751,10.39
,,408-5936202-1443561,119.99
,,114-9086812-3473845,68.47
,,701-4086530-1020258,183.05
,,114-6888989-5197036,
,,701-2337493-2903463,20.0
,,306-4856300-0346759,519.99
2025-11-14,,028-3630081-8622761,10.0
,,113-0904877-6899451,79.99
,,305-6527722-9481933,30.0
,,112-9751736-9780265,241.86
2025-11-15,,701-5241498-0457866,8.0
,,114-6800683-7877818,74.85
2025-11-16,,302-1187899-2790735,119.99
,,305-0921166-4499508,12.99
,,114-6553000-8095460,105.29
,,202-7746172-0557963,22.4
,,305-6091656-0694706,36.99
,,305-9288889-9165117,14.99
,,028-2484777-4813116,36.99
,,304-0735019-7944356,27.19
,,114-1901598-7609860,534.99
,,113-7565612-9414630,27.19
,,111-9320732-2082611,76.06
,,112-0474574-7699412,271.49
,,701-9021575-0512261,73.49
,,112-2670544-0263419,10.0
,,112-3490716-1827424,45.99
,,113-0558805-9125851,7.0
,,114-5288175-5805854,36.54
,,302-4879621-6315531,20.0
2025-11-17,,113-1394176-4989808,20.0
,,206-4506254-5772369,100.79
,,113-8490571-7716236,65.05
,,112-6153394-2605825,190.79
,,304-2978871-9863527,59.99
,,028-3967749-0843544,11.99
2025-11-18,,113-1209636-0665044,50.0
,,113-9494728-1054606,15.3
2025-11-19,,114-7440082-0841848,84.94
,,112-0843818-0246660,30.0
,,113-4079159-4293812,149.41
2025-11-18,,113-9494728-1054606,15.3
,,111-4072305-2509043,31.79
,,113-9735364-0144208,50.0
,,402-2526493-4109131,34.79
,,303-6341675-9559562,
,,112-3307079-0805823,30.0
,,114-3303324-1725040,10.0
,,306-6951215-5935506,16.26
,,114-6695632-3553835,86.66
,,305-4472068-3228361,59.99
,,701-4192683-2734630,85.87
2025-11-20,,113-5150403-7982620,70.84
,,113-9310497-4027410 ,97.41
,,408-1590223-4411523,48.49
,,306-6791292-1110750,119.99
,,028-1783708-3520327,458.99
,,111-3680913-7569020,57.58
,,112-4743759-5126653,40.27
,,111-0636843-4993011,125.27
,,114-7957703-7334612,68.89
,,303-4849602-0117904,104.99
,,112-5519597-2596216,75.68
,,306-7940462-7802709,138.73
,,303-1390375-6253165,229.99
,,114-1119376-0667443,30.0
2025-11-21,,113-2401158-6554645,8.0
,,304-2608187-7990761,44.99
,,026-6724900-3356336,123.08
,,113-2060378-8741849,40.65
,,304-1426328-2107509,24.69
,,111-4974038-8020211,16.11
,,112-0928695-1709052,161.93
2025-11-22,,113-4199663-1794638,4.0
,,304-5048675-7853913,35.0
,,304-4002086-5537946,7.0
,,306-0158552-6686730,10.99
,,114-0069839-1322632,10.61
,,303-4491054-5166762,59.99
,,114-3538868-8228221,8.0
,,408-0563665-2983510,33.0
,,303-4784346-0649942,6.0
,,111-8506621-2245056,7.0
2025-11-23,,112-3932201-9806608,20.32
,,112-3932201-9806608,15.0
,,112-0736903-5051446,20.0
,,112-9826637-5049032,50.0
,,112-3743947-6520211,45.0
,,302-9274933-4484330,12.0
,,113-7467543-0266647,60.68
,,305-9656643-8377958,319.99
,,304-1367466-2460363,20.99
,,306-8171854-1837117,23.74
,,306-9542776-1531551,12.99
,,113-7112488-4713867,21.74
2025-11-24,,113-4189078-3469838,47.01
,,113-6909761-5745030,75.0
,,112-0564451-2286618,86.47
,,302-7382523-2702714,39.99
,,306-4906632-6950730,35.99
,,112-0175304-4666661,125.76
,,112-5583620-4643405,55.46
,,SST-1-0001-EU-M,
,,114-9464020-3222654,43.34
2025-11-25,,114-5154306-8837067,90.94
,,407-9086653-3400355,16.99
,,304-3563454-8581924,5.4
2025-11-26,,028-3323774-8401931,64.0
,,304-4497902-8021154,16.99
,,303-2594494-8022755,5.0
,,113-1396495-0385813,26.99
2025-11-27,,114-4873760-6719415,95.39
,,304-1576475-4451508,27.99
,,304-2293975-6361131,38.24
,,303-2610628-6309167,319.99
,,111-9799993-0325845,130.0
,,028-5213900-5094744,32.39
,,701-0548122-6547425,80.47
,,114-4024913-3674614,15.0
,,305-3738308-0641927,4.0
,,028-7325668-1814756,319.99
2025-11-28,,302-6938245-4741957,24.99
,,171-4579319-0845950,20.0
,,302-5229322-4413924,17.09
,,302-9467772-1295502,20.0
,,028-1453960-3269168,23.99
,,304-0719473-0834749,85.0
,,302-8119192-1686704,51.0
2025-11-29,,305-6512824-4481959,23.99
,,114-2733572-4074655,4.0
,,114-8140467-2407409,191.0
,,028-7047854-4048338,47.99
,,303-8353303-7465909,43.98
,,305-9511694-1697134,24.99
,,111-2130479-5150645,267.49
,,303-0481586-2267546,71.99
,,302-9178123-2473918,59.99
,,303-7965945-9230707,38.24
,,306-9189339-2239501,23.79
,,306-1940717-6008355,32.18
,,111-8338307-9966612,10.0
2025-11-30,,306-2345315-5620313,6.0
,,304-2893241-8772333,53.98
,,113-4568293-1598639,14.0
,,306-6267798-1096363,50.0
,,405-2856042-7333100,340.0
,,112-9058106-6901038,40.65
2025-12-01,,113-7067348-3421051,29.76
,,306-0096669-9769146,29.59
2025-12-02,,112-6813388-5481834,71.99
,,113-8640226-0721811,136.07
,,305-8273213-9503543,15.0
,,306-3199732-7681125,79.19
,,304-6206830-1391556,55.98
,,028-6069714-1736343,9.34
,,407-5291051-1248308,3599.0
,,028-8947576-1566747,21.24
,,026-2252149-5469147,9.95
,,112-1466750-8309039,48.49
,,111-6071791-4490630,100.0
,,111-0006792-9601801,92.86
,,112-6638056-8363434,125.56
,,113-0010868-4418602,37.01
,,113-5155185-8155419,28.45
,,114-1614248-5129839,27.08
2025-12-03,,114-0117210-5209816,30.0
,,112-2632537-6764214,30.0
2025-12-18,,304-3724640-5889154,94.99
2025-12-18,,114-8156116-4130602,
2025-12-04,,111-1252420-6623413,10.0
,,113-9570072-6226640,
2025-12-06,,304-9787836-5738728,259.99
,,405-6382264-8476349,5.0
2025-12-11,,203-1772888-1912358,127.49
,,305-7629598-0901957,79.19
2025-12-14,,112-2710778-8609841,148.88
,,304-3698830-8425130,5.0
2025-12-17,,306-6808992-2026728,93.26
,,302-0485709-0025159,5.0
,,702-4616463-6592267,8.0
2025-12-18,,702-4616463-6592267,8.0
2025-12-30,,702-1064004-3014668,14.88
2025-12-25,,701-6995412-9121047,282.49
,,701-1841449-0169001,5.0
2025-12-06,,405-6382264-8476349,5.0
,,306-7121511-5576354,21.24
2025-12-11,,305-7629598-0901957,79.19
2025-12-26,,303-4006269-1635543,21.0
,,305-3724244-5903540,31.99
2025-12-29,,303-2617986-9532332,
2026-01-06,,302-3900721-9197910,175.99
2025-12-17,,302-0485709-0025159,5.0
,,702-9607861-7454668,18.62
,,202-7229726-5752300,10.0
,,404-1445392-2626752,29.59
,,114-8156116-4130602,80.0
,,111-0730800-8877049,53.79
2026-01-09,,111-0044615-8373837,76.11
2026-01-14,,112-1467728-3492239,179.99
2025-12-04,,113-9570072-6226640,129.74
2025-12-03,,112-2632537-6764214,30.0
,,302-6434429-9784346,22.09
,,306-3679317-9860302,79.99
,,302-4613643-7383524,0.0
,,303-8825206-4210760,175.99
,,112-9012925-0649852,269.99
,,028-7416967-3917166,22.09
,,306-9824713-1270767,45.89
,,302-5677557-0021957,22.09
,,304-0814652-2205127,79.19
,,303-1377475-9341941,5.0
,,304-5181896-5197949,15.11
,,302-8496383-2545933,38.98
,,303-3735397-3499527,3.0
,,304-0064871-6745151,13.99
,,114-1258477-9965840 ,26.55
,,114-8174054-8023426 ,75.06
,,111-1252420-6623413,10.0
,,302-5143430-5110715,18.69
,,112-6941571-2036269,9.0
,,306-3573132-6457146,29.99
,,304-0621601-0071523,27.71
,,405-1010957-0346731,45.13
,,304-0260117-2045122,27.99
2025-12-05,,114-4119428-1202664,20.13
,,303-0600340-2843539,12.23
,,114-0848689-0692249,73.3
,,113-5723383-5693855,289.56
,,302-7489555-7825115,33.98
,,304-5528571-8378713,22.09
,,306-6917417-3456320,45.89
,,303-3073257-8195517,24.99
,,702-0490346-5643400,103.48
,,304-1318036-0129121,16.14
,,112-6769699-3640200,8.0
,,113-2020617-2693851,74.99
,,306-6498193-4201941,10.39
,,305-9011764-4625927,150.0
,,304-1454848-4583532,70.0
,,304-3700276-2787527,84.99
,,304-3651709-2700361,10.08
,,112-2634665-7041846,74.19
,,114-3719270-7791438,409.26
,,111-1197381-0624211,64.86
,,702-9576187-4843439,104.99
,,113-9119605-2299442,63.17
,,113-8115261-8287431,32.6
,,112-6627797-8125803,63.29
,,304-9787836-5738728,259.99
,,305-0728496-2118752,10.39
,,113-9177305-4609041,10.0
,,306-9045129-0147519,101.99
,,304-6729527-1186712,16.14
,,304-1783550-1063562,34.99
,,302-9104972-3555536,639.99
,,111-0430029-6628213,27.18
,,114-6085267-9645836,269.36
,,305-9590494-9525918,104.99
,,114-5055275-0582627,529.99
,,112-1694506-3856246,70.18
2025-12-07,,407-4554406-0595564,62.99
,,305-7682545-2858724,872.08
,,113-7370170-3286647,32.5
,,701-6542520-4836206,269.99
,,113-9061374-6976263,42.48
,,303-5315851-3442710,101.99
,,304-0271322-0100320,33.29
,,302-6935511-2458720,38.24
2025-12-08,,303-3549503-2355525,15.33
,,111-2502844-0117054,26.36
,,113-4940388-2805044,28.7
,,113-8861818-2091462,26.61
,,111-7995813-7966630,69.53
,,112-4908841-6262640,37.18
,,112-8494026-5333835,37.79
,,303-3136507-0185952,119.99
,,306-6746720-9016304,9.34
,,306-3550920-1131519,87.99
2025-12-09,,304-3302668-7489109,119.99
,,303-2688000-3431544,145.34
,,304-8420857-0287540,22.09
,,111-9056502-6906649,8.0
,,112-8862806-5736228,87.79
,,114-4741408-0069868,31.21
,,113-0811650-1397014,53.61
,,112-1237615-4961027,33.76
,,304-1604672-9130705,31.44
,,306-2004859-5011569,87.99
2025-12-10,,111-0666603-7350625,38.21
,,303-8621496-6561930,12.99
,,112-1041792-4049828,74.49
,,203-1772888-1912358,127.49
,,112-0866803-2257034,64.94
,,303-7442819-4903519,29.94
,,028-7326582-8701148,59.43
,,306-8800624-6305122,26.99
,,305-4071383-8194721,139.99
,,302-8109328-5669942,23.79
,,302-3765135-6916345,33.27
,,304-7226396-4343500,100.79
,,304-0163737-8141136,175.99
,,028-4762626-4738742,50.99
,,306-6281694-6410742,167.99
,,028-4660544-4504330,101.99
,,304-0912510-5662725,13.0
,,114-0018162-2361823,32.0
2025-12-12,,111-7333644-6212212,454.74
,,112-2685896-6518636,75.59
,,204-9837266-9615532,22.09
,,305-4365444-1388318,87.99
,,026-4232086-6964327,29.99
,,114-2305875-5452216,71.48
,,111-5367165-4567448,71.0
,,114-5894498-4564226,72.15
,,303-6998031-2969914,64.79
,,028-4624639-5382718,12.99
,,305-9215094-9229921,3.0
,,303-4589610-0653902,67.99
,,306-7091969-2443512,50.99
,,111-2941840-6061047,99.21
,,702-3865072-5151449,79.09
,,112-8362132-5374646,28.88
,,112-3995293-3368202,53.49
,,112-6824548-1917801,5.0
,,112-3075635-5976263,69.62
,,113-4342082-1727401,80.0
2025-12-13,,305-5605937-6908362,30.24
,,305-7116027-4092330,101.99
,,303-7784269-3676361,8.0
,,112-9299832-1709864,41.36
,,302-5276007-4269104,29.59
,,303-5535118-0487559,29.59
,,114-1458469-1369046,69.11
,,302-4102131-2824324,47.99
,,202-3497932-8280307,33.99
,,305-2150719-1164320,9.34
,,302-7818737-4555561,21.24
2025-12-14,,304-3698830-8425130,5.0
,,028-9685623-0043501,9.34
,,303-2132700-7262718,8.0
,,306-2707625-3205945,35.99
,,111-9133949-5362626,8.0
,,113-4401679-7155439,34.64
,,028-1745831-5564345,16.14
,,113-4386471-4880242,100.97
,,111-3488634-0782609,19.36
,,112-0078225-6220228,39.63
,,113-3952747-6143444,54.3
2025-12-15,,111-5922030-2134652,304.49
,,304-0814550-0717901,37.81
,,113-2187964-7583443,41.33
,,408-5598252-2819534,35.99
,,112-8276787-1484237,97.98
,,114-2570723-3031454,29.84
,,112-8968957-2167435,69.99
,,114-2344628-4265021,16.57
,,302-8601417-3413961,22.09
,,302-1897252-6638707,17.99
,,306-8007732-2832350,199.99
2025-12-16,,112-5402786-4643411,15.0
,,112-0027580-4158610,8.0
,,114-9979253-5798600,31.0
,,112-2710778-8609841,148.88
,,111-4378784-8965023,76.56
,,304-0268511-7365945,12.99
,,114-9696841-8600204,26.49
,,114-2119293-8335400,54.05
,,114-5070231-4550606,70.51
,,114-0756818-5266651,65.16
,,114-5501458-8403423,64.94
,,113-0060211-7345048,126.58
,,111-3433430-3809032,450.49
,,028-6248917-1655520,29.59
,,305-2316094-2729156,161.49
,,171-0357735-8481178,25.99
,,302-3099429-0438757,22.09
,,304-5223664-6309166,36.99
,,303-3812887-0854729,10.0
,,304-1192140-0632332,26.99
,,114-5825870-4831467,68.89
,,306-6808992-2026728,93.26
,,111-4054039-6221048,424.99
,,114-3224140-3528261,40.0
,,111-1361405-8769013,26.82
,,406-7341653-1870766,120.76
,,113-3691039-7903411,64.44
,,028-0726274-7503535,29.0
,,114-2423206-8087460,84.79
,,112-2301186-0013867,17.27
,,114-6768114-2200217,19.29
,,114-6528233-7466606,19.68
,,114-7636473-3993803 ,97.53
,,305-8594098-7767556,127.99
,,113-0274723-2300254,35.0
,,113-9005736-4823422,30.0
,,303-0765450-2807525,76.48
,,701-8040603-3333020,171.66
,,111-7131984-0853825,71.23
,,114-1856540-8395451,15.0
,,304-3724640-5889154,94.99
,,028-9167145-4196335,24.99
,,111-9803293-0407420,64.79
,,111-8609358-6320210,39.27
2025-12-19,,304-0824764-8202766,585.45
,,302-7261019-2524347,219.99
,,112-1161227-2159418,245.3
,,304-0983599-0192309,33.27
,,303-9274451-7998704,11.99
,,203-4957542-8749142,31.29
,,303-3785793-5725167,22.09
,,113-0163763-1327404,233.19
,,111-8749431-9945006,10.0
,,304-5143786-7599547,10.99
2025-12-20,,303-8356292-1035532,209.99
,,306-9269511-8582730,175.99
,,303-0214488-1514770,71.99
,,303-1210529-4068364,33.27
,,302-4663955-0206760,35.99
,,111-1004289-3018634,16.48
,,302-5279314-1299556,
,,302-0881669-5278730,32.39
,,306-6241412-2702727,35.99
,,111-8715872-8537867,38.03
,,111-9761141-8176261,29.08
2025-12-21,,113-3823228-0756243,20.0
,,114-6135937-5276219,42.79
,,028-2111071-3313919,14.99
,,403-5326505-7862702,49.98
,,305-8124106-6163552,13.99
,,302-0022203-8921108,269.99
,,702-4613187-3147417,111.54
,,302-4236286-9773912,23.79
2025-12-22,,701-4786634-5713814,37.28
,,702-1974399-8983441,35.79
,,111-5206614-6717812,38.42
,,305-1148344-7449111,16.14
,,304-9928029-4240311,99.99
,,306-6322698-3994708,139.31
,,702-0754262-0175439,67.79
,,113-1810556-7837823,10.0
,,407-1675967-8972304,34.99
,,305-7220424-2659565,161.49
,,304-1019396-7343560,40.0
2025-12-23,,113-4634139-1936224,67.99
,,114-4607303-1481043,168.79
,,701-3103830-4181812,15.0
,,113-3690018-3131456,30.0
,,112-2941946-7219405,43.19
2025-12-24,,304-4384246-1609126,2520.0
,,112-6871272-8450653,35.0
,,702-0213840-5793000,68.69
,,111-0168084-4827470,26.49
,,111-8620871-2632265,87.43
,,302-3559474-5661907,21.99
,,111-8264541-2098604,43.69
2025-12-25,,306-7121511-5576354,21.24
,,111-3811817-0946659,81.02
2025-12-26,,305-7629598-0901957,6655.0
,,303-4006269-1635543,21.0
,,114-6056774-7153817,47.35
,,112-4719329-3940238,15.0
,,114-2966092-7171413 ,132.13
2025-12-27,,302-3448148-1289951,14.99
,,702-8686087-9186666,30.0
,,114-4791772-4330664  ,20.0
,,112-9512133-8228224,20.0
,,028-5861140-7862732,2339.0
,,113-9144255-9222627,472.8
,,111-3577521-4757855,59.99
,,304-9929969-8718708,71.99
,,302-4871184-4604367,22.09
,,111-8717902-0809807,95.61
,,304-3179778-9051522,2959.0
,,028-6695123-3641950,46.7
,,028-1974363-5105926,10.99
,,111-3874024-4304228,202.58
,,171-9329972-0944361,
,,206-5790766-9701946,23.99
,,113-4003493-5328230,34.17
,,304-8090093-4325925,20.0
,,701-6995412-9121047,282.49
,,402-0754750-2737132,29.99
,,306-1004696-3253101,11.04
,,113-8703565-3876244,218.39
,,113-4715518-6984218,70.0
2025-12-28,,114-9617144-0129024,23.18
,,404-3254492-9658720,79.99
,,112-8127955-6659466,72.31
,,404-5297308-8087501,599.99
2025-12-29,,702-9607861-7454668,18.62
,,303-2617986-9532332,
2025-12-30,,404-1445392-2626752,29.59
,,302-1833422-2345144,9.34
,,305-6464902-9125932,33.27
,,702-1064004-3014668,14.88
,,111-9035034-1886638,171.19
,,113-2033975-3781047,5.0
,,404-4476583-3302719,10.0
,,702-1313812-0912228,27.08
,,202-5633480-0448337,25.49
,,113-8265189-9803422,66.69
2025-12-31,,113-7829445-7815431,39.99
,,028-0983141-8817117,67.22
,,701-9964450-8221815,52.49
,,111-0241231-3765803,130.64
2026-01-01,,113-9117438-9561862,552.32
,,114-2681270-5335439,175.99
,,302-7410523-2203514,27.96
2026-01-02,,113-9564656-1740249,50.0
,,204-5841074-7638737,699.99
,,112-5192272-5754653,54.11
,,111-8825093-2537050,238.49
,,114-6617214-7316238,41.99
2026-01-03,,303-9394454-9557128,10.99
2026-01-04,,111-4282774-2918658,95.39
,,113-3828640-6345822,77.37
2026-01-05,,113-7821924-7637852,10.0
,,114-8279491-9770667,32.08
,,111-3987012-2764251,5.0
2026-01-06,,111-0730800-8877049,53.79
,,113-4779804-8917065,103.99
,,111-5227411-1693813,24.77
,,114-3427264-7156229,15.0
,,111-7228934-9868252,66.17
,,114-1589686-6064226,543.74
,,302-3900721-9197910,101.99
,,113-6987313-5239460,26.61
2026-01-07,,114-7928871-8302649,13.5
,,112-6572845-7388241,24.99
,,204-5440328-5968325,21.99
,,111-1046676-4718602,129.99
,,204-6863386-2005116,66.41
2026-01-08,,404-4152574-6149108,15.0
,,171-2077389-6591543,175.99
,,113-0179789-1938643,29.99
,,114-6262080-4173030,119.61
,,702-7634437-1429027,20.0
2026-01-09,,113-4779804-8917065,103.99
,,111-0044615-8373837,76.11
,,111-2559193-7941816,164.38
,,113-4969572-1503432,20.51
2026-01-10,,205-9319196-3581940,6.0
,,408-3135284-6389165,129.99
,,114-5498294-7664254,48.98
,,113-0316018-1754622,65.24
,,114-5665223-0888219,42.76
,,112-5387481-0841814,58.84
2026-01-12,,114-1579885-6924203,27.0
,,111-9922855-2221841,26.82
,,113-1280502-9302668,10.15
,,111-1456614-2139461,42.79
,,111-4038068-0497043,32.35
,,111-4093604-1296249,32.35
,,111-1562789-2289801,42.94
2026-01-13,,406-1779108-7183559,15.0
,,112-0521405-0206624,19.88
,, 113-6857067-9058656,31.65
,,702-3375869-1778610,25.8
,,113-5505230-9461814,53.16
2026-01-14,,112-2301186-0013867,17.27
,,112-1467728-3492239,179.99
,,113-8097625-5979456,32.16
,,111-4099236-1485040,42.43
2026-01-15,,407-7518122-7573108,12.0
2026-01-16,,113-7752221-1038659,80.0
,,702-3603067-1315429,124.29
,,114-1087157-7283468 ,63.59
,,702-6907109-5624241,32.18
,,302-6313846-4401115,6799.0
,,114-9401599-4266621,66.29
,,111-0804966-6351436,77.03
,,113-4280737-8406652,130.0
,,111-0891069-8971445,30.0
,,702-6961997-4148201,284.75
,,113-3246586-2209037,86.25
,,113-3835637-4649818,57.23
,,114-2039023-7422651,38.47
,,111-7207781-0249800,15.0
,,406-0148100-0499502,63.99
,,206-0804809-5403544,3.0
,,114-3416493-8789818,113.99
,,114-3105399-5311467 ,31.79
,,113-7095680-3761052,49.73
,,112-7933527-6168207,45.0
,,701-0663213-6474648,32.99
,,302-6793772-5021132,134.97
2026-01-17,,204-5325202-2607548,9.95
,,026-4247298-3153154,25.49
,,114-0591149-9476237,447.17
,,114-0621025-5857836,447.17
2026-01-18,,114-3366564-6528237,8.0
2026-01-19,,114-0873569-1782624,143.31
,,113-0197590-6218630,10.0
,,111-7810811-7988221,272.74
,,701-9305361-9522607,112.99
,,113-9710773-5208256,35.0
,,113-7661851-8761844,15.0
,,202-1993741-8517143,17.49
,,113-2339344-9740265,16.29
,,113-0699822-5796245,15.0
,,112-2854545-8593803,188.99
2026-01-20,,112-6026942-9892222,76.31
,,113-1236081-3600238,63.89
,,113-7703208-1161066,65.24
,,113-1904748-8085067,32.61
,,113-1489250-8377016,58.64
,,112-2317591-5819452  ,38.51
,,112-9125576-0353819,227.15
,,701-2114339-6967401,35.9
,,028-1928718-9813143,134.99
,,303-1551566-2323527,159.99
2026-01-21,,404-2671909-1604323,95.99
,,408-9706448-2841163,652.75
,,112-8400748-0702612,35.99
,,114-0916441-9695408,63.59
2026-01-22,,402-0577812-4378710,106.39
,,403-1395797-9421935,30.99
,,112-0345425-1650654,76.31
,,114-1109307-3212241,53.49
,,112-2274287-9886633,3.0
,,113-0175956-5216256,73.51
,,112-1139669-0182657,6.0
,,113-2759317-5240268,180.0
,,701-4844441-7841860,19.53
,,114-0213270-3989814,9.05
,,113-0505118-0885865,451.98
2026-01-23,,701-8875428-5398611,70.0
,,114-3642928-0317801,37.79
,,113-8149164-0386660 ,7.75
,,304-5242374-5575560,109.99
2026-01-24,,111-4619040-8330606,43.99
,,114-2503792-5669016,8.0
2026-01-25,,112-7335055-7763452,21.17
,,114-3658552-5077836,12.0
,,111-7797766-1431433,78.28
2026-01-26,,702-2134934-9935455,72.79
,,112-8879114-6628201,21.64
,,112-1357638-2026609 ,7.69
,,113-7903448-9739415,15.0
2026-01-27,,303-9159381-2417159 ,119.99
2026-01-28,,171-0304907-0571547,824.98
,,112-5852022-8632231,60.0
,,111-7618290-7544219,40.0
2026-01-29,,114-7677716-6694630,20.0
,,111-0967404-0730660,238.13
,,113-8298627-9499415,36.24
,,111-8684110-2767451,60.0
,,111-1917048-6407464,307.05
,,114-6391064-0981046,24.48
2026-01-30,,112-8950445-2936228,28.0
,,203-4864914-6477114,30.59
2026-02-02,,028-9859616-8831503,10.39
,,402-0365356-8235500,19.99
,,205-9364584-9221902,149.99
,,206-0323959-7043515,99.99
,,171-4939992-5497940,10.0
,,112-1246381-6719419,24.37
,,112-4169855-0259460,20.13
,,111-0396432-0953052,87.59
,,111-7186629-8251463,45.79
,,114-1641302-5389861,10.28
,,203-2678227-3250705,6.0
,,112-2878074-7178629,20.0
,,111-1683471-8625853,86.59
,,111-4964868-6149040,20.0
,,701-1275029-2280256,1304.85
,,406-7441034-6373914,93.49
,,113-3344067-4545036,8.0
,,111-6092786-0641041,35.0
,,305-2502826-0742715,458.99
2026-01-31,,302-7462166-3439518,14.99
,,405-7443837-4300349,16.14
,,171-9365108-8595558,109.99
,,202-0608618-0357108,139.99
2026-02-01,,113-4563753-7409030,30.0
,,112-3504325-0124227,26.49
,,407-4260089-6521904,157.25
,,114-6203864-4217062,74.68
,,112-9894158-9020253 ,5.0
,,114-3803873-8350632,15.0
,,305-5737240-1417918,35.81
,,113-7786117-8217027,152.54
,,028-7609878-9641133,80.0
,,114-8139973-2272269,271.55
2026-02-03,,113-8966341-8370644,43.18
,,112-0968838-2300257,8.0
,,028-7451638-2706741,24.99
,,302-7447100-2680343,149.99
2026-02-04,,028-4340853-3350707,55.99
,,028-6373790-2793106,5.0
,,113-8214742-9337006,18.67
,,112-0352178-1020276,20.0
,,111-3074944-6197031,43.58
,,114-6393455-0412269,76.27
,,204-6934320-3345933,22.09
2026-02-05,,114-9102444-4717808,59.8
,,206-9650559-8468363,699.99
2026-02-06,,304-0714340-3625108,25.99
,,404-5718250-5993962,95.99
2026-02-07,,111-2415265-6758630,60.0
,,026-5974877-3654755,6.0
,,111-6535569-3166668,15.0
,,403-3393547-4157900,35.69
,,402-7208087-4581906,29.99
,,114-4965169-3109011,171.95
,,113-8003369-4826624,26.8
,,112-3831592-7017004,43.87
,,701-4757434-9746613,45.59
,,113-7514733-7062619,30.9
,,303-0961770-0858702,32.39
2026-02-08,,112-7994171-1169858,77.03
,,302-8168292-2041954,12.0
,,114-7662461-4309853,15.0
,,113-8235770-4593853,544.63
,,113-8697339-7428205,12.71
2026-02-09,,113-2288577-0474619,312.73
,,304-9987014-6648353,36.99
,,701-7634144-0855420,5.0
,,114-5240299-5817815,86.19
,,304-7162326-0565931,30.0
2026-02-10,,111-3814611-4849033,30.0
,,303-5462639-0657946,17.0
,,114-9092176-4770638,28.73
,,302-7954512-6185158,24.99
,,111-1459810-2041806,559.71
2026-02-11,,112-0127415-4062679,63.59
,,112-0169512-5559406,160.2
,,702-9107009-7997855,116.99
,,404-5643028-8561102,82.94
,,112-6094019-6616257,99.99
2026-02-12,,112-8887809-9426601,8.0
,,113-1541958-1177800,64.49
,,305-1014198-4098765,3.0
,,304-9323895-2179526,25.19
,,112-7509630-5382650,172.99
,,113-2128517-0266648,15.0
,,302-0905338-2281923,113.99
2026-02-13,,112-5365943-6147437,67.64
,,114-3926692-2859452,24.0
2026-02-14,,114-2886035-9044206,14.71
,,306-7666246-8502769,10.0
,,114-8678444-6757064,59.99
,,111-4839862-2244208,147.55
,,111-5904997-8539435,30.0
,,114-7547644-8181865,73.7
,,702-1305757-6340203,10.0
2026-02-15,,111-4526253-8303442,25.06
2026-02-16,,112-5470750-1497068,14.0
,,304-9533679-1750763,79.99
,,113-0619918-8113051,17.41
2026-02-17,,112-9146408-9019441,12.0
,,112-6549548-0597007,49.08
2026-02-18,,701-3393608-1354604,57.48
,,111-6201634-8518611,76.31
,,111-5606748-2135465,12.92
,,408-5655798-4285966,17.98
,,112-4848202-7849000,7.0
,,408-6984596-2338721,114.99
,,112-4643967-4406657,189.99
,,111-8112975-1439438,107.0
,,114-3408476-3930660,30.0
2026-02-19,,114-3455475-0342603,408.49
,,113-6175030-1996221,20.0
,,114-9189211-8937851,64.79
,,111-8113937-1045843,49.99
,,114-3281260-8076267,20.0
,,302-3041832-3987551,40.0
,,112-9663798-4465033,100.0
,,403-4425242-5198721,517.83
2026-02-20,,112-7068600-7537068,65.29
,,111-4611937-6568221,29.15
,,111-8989485-2200231,37.21
,,114-0864687-5538641,26.74
2026-02-21,,303-8440176-6964308,9.34
,,113-4930978-7010663,73.6
2026-02-22,,114-0903848-0945845,29.55
,,204-8902378-3774716,73.6
2026-02-23,,111-5570768-9025018,26.67
,,112-5023328-2096235,17.99
2026-02-24,,702-9172803-0762664,5.0
,,202-4872080-5489138,134.99
,,113-3753860-4819400,15.0
,,701-1015691-5631427,40.3
2026-02-25,,112-6209880-2738658,29.98
,,111-8933076-1760204,15.0
,,113-8637918-9857058,10.0
,,111-7672795-8976241,91.6
2026-02-26,,112-5324151-2424267,26.74
,,202-9074779-6017959,45.99
,,402-7181021-6095567,91.44
,,305-7098802-9432343,33.99
2026-02-27,,112-2436794-9944233,20.66
,,112-2869835-0770629,15.0
2026-02-28,,113-6199349-0362623,50.08
,,304-8956919-7706769,9.34
,,114-9617077-8043462,90.0
,,114-8534467-2764220,90.09
2026-03-01,,113-3744213-5065023,9.0
,,114-6861916-9272255,31.98
,,113-0301322-3261848,37.79
,,112-8057107-0156253,17.0
,,111-6137321-9157821,3.0
,,114-1270215-7030649,15.0
,,113-3506919-0885021,149.79
,,112-1006464-0658644,20.0
,,114-7367409-9749059,19.99
2026-03-02,,303-6742737-8257908,36.99
2026-03-03,,113-8542987-1440225,64.34
,,111-7022348-2397038,43.45
,,205-9707997-1770751,19.99
,,204-5606896-3515565,33.99
,,701-1430792-5621040,50.0
2026-03-04,,113-2854569-9876259,47.24
,,111-4870328-0531421,8.0
,,114-3405667-1017038,545.84
,,305-4318363-3345103,15.0
,,113-0234824-5524271,70.9
,,113-8050855-6738645,17.5
2026-03-05,,303-7910039-8897956,49.99
2026-03-06,,028-5563096-0413153,18.99
,,305-5238002-2508301,24.99
,,114-6913157-5902631,13.25
,,302-9594467-1230766,39.0
,,113-8689407-1123436,10.0
,,113-7500259-8879448,11.65
,,113-7763695-2781814,5.0
,,114-3625745-4200224,97.28
,,111-2723774-8980248,70.35
,,111-0901774-8501844,26.62
,,113-1003002-0058600,84.76
,,111-0551556-5745862 ,10.0
,,113-1742691-9953815 ,215.13
,,112-1715876-7009811,20.0
,,203-0173509-2009101,23.99
,,114-6084398-2482669,7.59
,,113-7051573-1665835,7.8
2026-03-07,,304-9355494-9701165,15.0
,,404-7278959-3706727,89.98
2026-03-08,,304-5372388-1366709,34.99
,,112-9767853-9645032,32.39
,,111-5879057-1423411,38.53
,,113-2928324-2225018,84.99
,,701-4519530-0518655,44.0
,,701-4276346-0878642,241.49
2026-03-09,,202-0380306-9136350,129.99
,,113-9685735-7609857,43.09
,,304-7359699-2496328,92.43
,,028-3248360-0109902,269.99
2026-03-10,,111-7781998-7760262,73.82
,,113-9399263-0779434,151.61
,,303-0708838-2255512,33.24
,,701-1453749-4619429,19.97
,,171-6473853-5007568,799.99
,,113-1066284-1998639,7.45
,,028-6132044-6982749,319.99
,,111-9635637-0459445,100.0
2026-03-11,,112-3370841-6329856,49.99
,,112-3878565-0542629,10.0
,,305-9267476-7881911,10.99
2026-03-12,,112-7886759-3809062,15.0
,,302-8265737-4487544,23.79
,,113-8495426-4877832,8.0
,,112-8057355-5278661,79.01
2026-03-13,,702-8381018-1469042 ,8.0
,,306-9712462-8001932,8.99
2026-03-15,,303-8095271-5745101,14.49
,,303-8128628-9095516,14.49
,,171-8505427-3275500,117.17
,,111-2838848-8204261,15.0
,,113-8589953-2139430,5.0
,,306-9655676-0429115,24.99
,,113-3180556-6245823,31.89
,,112-6242371-8871400,56.04
,,111-6779626-8425067,29.34
2026-03-16,,702-1333923-2825846,39.93
,,113-8605238-7469052,16.1
,,112-0606842-2777806,20.0
,,114-9723847-1241062,37.53
,,112-3263106-7773047,10.0
2026-03-18,,114-9754793-7997040,8.0
,,305-3017267-7650729,619.99
,,304-8470484-5913154,17.59
,,303-9146289-0124325,47.59
,,113-2412363-4728259,69.11
2026-03-17,,111-5908797-9914605,9.0
,,112-8030288-3903410,5.0
,,111-9381649-9877815,24.77
,,112-7767442-6289018,27.47
,,114-7957319-4832204,13.1
,,702-1735202-4685050,16.91
,,112-4397401-1080258,7.77
,,407-3413330-7426708,120.0
,,406-2801890-1142768,11.04
,,111-4748179-0622668,10.0
2026-05-18,US,114-7818660-7388228,378.21
2026-05-17,US,112-9743762-9193802,86.69
2026-05-16,DE,305-2391819-1961115,35.0
2026-05-15,UK,203-5293917-5510734,20.99
2026-05-14,IT,405-2712618-7518726,319.99
2026-05-13,US,113-8456390-6241035,89.99
2026-05-12,US,114-6824183-7291435,77.93
2026-05-11,CA,702-4163326-3037827,114.96
2026-05-10,US,113-9565570-4873800,32.0
2026-05-09,US,112-2705512-0880239,89.99
2026-05-08,DE,304-1432224-0681969,230.39
2026-05-07,US,114-4589097-9036226,264.61
2026-05-06,DE,302-9368696-2711568,220.98
2026-05-05,ES,407-7454322-2487524,26.99
2026-05-04,US,112-1528048-7278652:,25.0
2026-05-03,US,114-9174493-2382653,43.69
2026-05-02,DE,302-6717082-9540316,67.99
2026-05-01,US,111-7744105-5890604,49.55
2026-04-30,UK,205-3431680-2850727,149.99
2026-04-29,CA,701-7885126-1550636,8.0
2026-04-28,US,114-8316115-2493007,148.81
2026-04-27,DE,028-5333380-2938741,53.99
2026-04-26,US,114-3214599-7320268,76.11
2026-04-25,US,113-2452796-8800205,127.3
2026-04-24,US,111-8018570-7278607,7.0
2026-04-23,US,111-8772577-6025849,86.59
2026-04-22,US,111-8622459-6161836,61.41
2026-04-21,CA,702-4756094-4946640,59.99
2026-04-20,US,113-6461052-2187423,12.74
2026-04-19,US,114-0404210-8912203,84.5
2026-04-18,US,111-7204756-0899418,10.0
2026-05-18,US,114-7818660-7388228,378.21
,US,112-0282278-6107471,116.7
,US,111-4917319-5353059,36.07
,US,113-2730902-4787465:,21.19
2026-05-17,US,112-9743762-9193802,86.69
,US,114-1104883-4364206,86.69
,US,114-8597548-9738635,139.99
,US,114-8950146-0445849,162.31
,FR,404-8475306-6478710,5.0
,US,113-8671198-5853001,63.29
,US,113-0259164-4574652,64.04
,US,113-2213102-0909868,80.84
2026-05-16,DE,305-2391819-1961115,35.0
,US,112-7722078-0436269,10.0
,ES,407-1225580-9139525,18.99
,US,111-1361955-9549053,84.01
,US,113-4939123-8429805,139.99
,DE,303-6063837-1557911,10.19
,US,113-0079870-9564216,65.01
,US,114-7716552-5257821,31.86
,DE,305-8355720-5838761,9.5
,DE,305-2000451-2664348,75.99
2026-05-15,UK,203-5293917-5510734,20.99
,DE,304-2867601-8296335,511.99
,US,114-8899675-0127418,64.79
,US,114-6695233-7152216,78.67
,DE,304-1500232-8171512,158.39
,FR,405-6756062-1382731,13.99
,US,113-5185639-8969016,70.61
,US,111-1598567-5454611,64.19
2026-05-14,IT,405-2712618-7518726,319.99
,US,112-4367997-1884268,6.41
,US,114-4756503-5830636,7.64
,CA,701-3159641-0333842,68.99
,US,113-7339339-1802603,63.17
,US,114-8573055-8464201,10.27
,US,111-1630664-0186604,22.46
,DE,302-0434334-2759536,51.19
,DE,028-9276261-7803518,37.99
,US,111-4695618-0662624,15.19
,CA,701-4324039-7740217,18.07
2026-05-13,US,113-8456390-6241035,89.99
,US,111-0733698-3492233,3.0
,US,114-7780080-1835411,108.49
,US,113-9338598-5815431,108.24
,CA,701-7098529-8349051,43.72
,US,112-0578935-1445811,55.11
,US,111-6312387-0246645,21.27
,CA,701-5599681-9315465,101.69
2026-05-12,US,114-6824183-7291435,77.93
,US,203-3620770-2462732,14.99
,US,112-0773365-6210632,25.26
,US,112-3730513-9994608,279.49
,DE,303-8269314-1397134,83.99
,US,114-8265927-7504241,454.74
,US,111-3632441-2859426,29.79
,DE,305-5877871-0471536,65.99
,DE,305-1931594-7909911,10.39
2026-05-11,CA,702-4163326-3037827,114.96
,US,113-8445584-3942626,21.75
,US,113-3827688-1289006,9.72
,US,112-8807667-1810631,88.89
,US,112-2437102-4201056,9.62
,US,114-0360972-8412267,10.0
,DE,028-1578648-8177956,12.0
2026-05-10,US,113-9565570-4873800,32.0
,US,113-1977711-7105028,31.02
,US,701-9384243-2674651,29.39
,US,114-9853049-1179440,63.89
2026-05-09,US,112-2705512-0880239,89.99
,US,113-4128423-3284230,49.99
,US,111-1484681-3282668,19.29
,DE,304-4330646-5417950,463.99
,US,114-0417262-0051439,64.04
,CA,701-2398657-2070646,19.2
,FR,405-7555938-5455554,17.5
2026-05-08,DE,304-1432224-0681969,230.39
,ES,303-0241225-9827571,86.18
,DE,028-9607818-4713118,11.99
,US,112-7741365-3065815,16.0
,DE,028-6493735-6808355,45.99
,US,114-3365622-6281039,81.99
,US,113-9409372-5999435,534.99
2026-05-07,US,114-4589097-9036226,264.61
,US,112-9234872-0130600,83.15
,US,114-3439124-8022664,63.74
,FR,404-2414375-3805122,5.0
,CA,701-0363012-4805024,12.0
,US,114-7924267-9371464,13.5
,US,114-6011810-2513035,6.0
,DE,302-2294615-1958706,10.0
,US,114-0864819-8897810,85.59
2026-05-06,DE,302-9368696-2711568,220.98
,CA,701-9416317-9188247,171.38
,US,111-0711267-3848266,165.61
,US,112-9796708-0914655,77.21
,US,113-0246129-5660200,71.75
,US,304-8598694-2713143,135.98
,US,305-3133009-7488350,53.99
,US,303-3307020-2664303,379.99
2026-05-05,ES,407-7454322-2487524,26.99
,US,113-0867407-3098652,367.19
,US,114-3202649-9231406,53.86
2026-05-04,US,112-1528048-7278652:,25.0
,CA,701-3537061-4335450,51.74
,DE,306-1095127-4257118,49.99
,US,111-2973326-6213857,52.99
,DE,302-0870545-7859560,15.12
2026-05-03,US,114-9174493-2382653,43.69
,US,111-7814412-4173824,16.67
,DE,304-1083958-4377108,36.99
,US,113-4885301-8301056,41.0
,US,114-7496550-3221837,270.0
,US,113-0156997-2769025,49.05
,US,111-4069350-0801021,7.03
,US,306-8699138-3792327,5.0
,IT,407-7468271-6951550,95.99
,US,112-7876315-4873061,108.86
,US,114-2225013-5594661,30.0
2026-05-02,DE,302-6717082-9540316,67.99
,US,113-6590331-9687461,75.95
,UK,204-7157929-3456316,7.96
,DE,028-2108731-6873139,12.99
,NL,407-2366608-2145929,41.52
,DE,303-0432293-3969913,14.44
,US,114-2486636-5075436,42.79
,CA,702-2193745-2657051,156.79
,US,113-6516831-1395443,10.0
,DE,028-7402772-0930705,249.99
2026-05-01,US,111-7744105-5890604,49.55
,US,113-3535023-5965854,91.77
,CA,701-2008461-7185048,10.0
,US,113-2051131-6578626,68.89
,IT,402-0513398-0046738,36.99
,DE,304-4614242-4302746,639.98
,US,113-4203629-4664212,86.86
,US,113-0520328-2925828,50.93
2026-04-30,UK,205-3431680-2850727,149.99
,US,112-7456957-8011420,49.99
,ES,403-0130664-2337165,175.99
,US,111-9051517-9199429,85.29
,US,111-1301926-7855434,7.0
,CA,701-7668583-7111400,8.0
,US,112-9320403-4190654,26.74
2026-04-29,CA,701-7885126-1550636,8.0
,US,112-8635389-7730621,31.54
,US,112-7810647-1756211,30.0
,US,111-8389896-9072217,37.7
,US,113-9376730-0773831,93.73
,US,111-5195213-8361042,16.3
,DE,305-9939080-5286710,89.0
,US,111-8254513-9905801,10.0
,CA,701-5672894-5449837,102.59
,CA,702-9080167-9621003,76.83
,US,113-2456001-4786632,49.99
,US,112-5680975-6560212,22.14
,BE,408-1347959-1994743,64.88
2026-04-28,US,114-8316115-2493007,148.81
,US,112-5521088-7037004,86.69
,US,113-9137534-1453001,20.41
,US,111-8949150-1493806,47.0
,ES,407-1387257-4205113,24.99
,ES,403-5414137-2905167,31.99
,US,113-4997646-7997068V,163.64
,CA,702-1034788-1756223,49.0
,US,114-1230615-4469818,25.67
,US,112-4643999-9185808,20.0
,DE,028-1648651-7770753,25.98
,DE,302-8859582-4761142,12.59
,US,112-0628281-2477027,61.55
,US,113-0882357-6899400,67.4
,US,112-5588957-3993045,462.71
,DE,303-1299946-1057115,3.0
2026-04-27,DE,028-5333380-2938741,53.99
,US,113-3412831-2321064,89.0
,US,112-9131570-7141821,89.99
,US,113-5306475-0397868,67.83
,US,111-6921735-7582655,36.1
,UK,204-3954056-1295514,23.99
,DE,304-4881406-3148346,39.99
,US,111-2436772-8873800,37.99
,DE,302-3228518-4197965,219.99
,DE,304-7808239-4150740,79.99
2026-04-26,US,114-3214599-7320268,76.11
,DE,305-3918534-9655558,11.19
,UK,202-0854017-8504311,11.89
,US,111-7905283-8685830,30.3
,UK,206-8968204-5872361,39.99
,US,112-7065647-7439407,503.49
,US,114-1077238-1849823,73.24
2026-04-25,US,113-2452796-8800205,127.3
,CA,702-3094424-8937861,67.19
,US,111-4224665-7934661,14.3
,CA,702-9024100-8589061,34.02
,ES,408-2137832-5714700,5.0
,US,111-6557072-5191420,3.0
,DE,305-3127250-7871540,33.29
,DE,304-7174101-0794739,14.28
2026-04-24,US,111-8018570-7278607,7.0
,DE,304-8461007-7094731,44.99
,US,111-4241865-8089846,32.5
,US,114-5990498-3720258,88.23
,US,111-2644293-2210612,5.0
,UK,202-4092793-6038757,3.0
,DE,305-4620019-6503551,10.39
2026-04-23,US,111-8772577-6025849,86.59
,IT,404-5607558-1441102,24.0
,US,112-5818033-0967410,20.0
,IT,407-4403026-0760304,79.99
,US,111-2512962-5571422,59.99
,DE,306-0868404-8724310,21.69
,DE,302-9112689-3665930,13.06
,IT,407-0780037-1962706,219.99
,ES,404-8139018-1668341,39.99
,US,111-9678227-7477826,762.59
,US,111-4599629-2065816,76.31
,IT,402-4714149-9111525,20.0
,US,111-4029169-3394624,20.13
,ES,407-1486005-1481912,229.99
,ES,403-5872220-9663545,219.99
2026-04-22,US,111-8622459-6161836,61.41
,US,111-8573575-2926660,39.59
,US,112-6429519-1621867,65.06
,US,112-4399893-6227416,40.0
,US,113-0048269-9578674,7.0
,US,113-0961610-9705830,38.6
,US,113-2083310-6598632,169.59
,US,305-9150524-9143506,15.99
,US,113-0944711-3247435,65.16
2026-04-21,CA,702-4756094-4946640,59.99
,US,112-6892251-8607440,6.0
,DE,306-9419493-4926743,25.0
,CA,701-4393909-9925807,15.0
,US,111-0494170-2221839,108.74
,US,113-2955257-0685828,37.3
,US,113-7211808-5529849,68.27
2026-04-20,US,113-6461052-2187423,12.74
,US,113-3309537-9717804,15.0
,DE,028-7921851-6722704,103.97
,DE,305-2582695-5484336,10.39
2026-04-19,US,114-0404210-8912203,84.5
,ES,408-3953140-9418701,24.84
,US,302-3195063-5186726,51.98
,US,112-8187453-2688249,456.86
,ES,406-6417284-3934754,15.0
2026-04-18,US,111-7204756-0899418,10.0
,CA,702-3568535-5530623,45.19
,UK,206-6718302-7313906,79.29
,DE,028-5759678-7831555,46.2
,US,114-7435554-9239436,179.99
,US,113-6697834-2596220,45.0
