"asin","fnsku","product_name","fulfillment_center","country_code","longest_side","median_side","shortest_side","measurement_units","weight","weight_units","item_volume","volume_units","product_size_tier","average_quantity_on_hand","average_quantity_pending_removal","estimated_total_item_volume","month_of_charge","storage_utilization_ratio","storage_utilization_ratio_units","base_rate","utilization_surcharge_rate","avg_qty_for_sus","est_vol_for_sus","est_base_msf","est_sus","currency","estimated_monthly_storage_fee","dangerous_goods_storage_type","eligible_for_inventory_discount","qualifies_for_inventory_discount","total_incentive_fee_amount","breakdown_incentive_fee_amount","average_quantity_customer_orders"
"B0BMTK8J3P","X004R4A853","VIVOSUN T6 6"" Inline Duct Fan & Temperature Humidity Controller, E42A+ WiFi-App Control AeroZesh Grow Tent Fan& Smart Thermostat, 408 CFM EC Motor Exhaust Fan for Heating Cooling, Greenhouse Accessory","'YYZ9'","CA","33.0","26.0","26.0","centimeters","3.18","kilograms","0.0223","cubic meters","Oversize","0.07","0.0","0.0015","2026-04","9.6","weeks","28.0","0.0","0.07","0.0015","0.0416","0.0","CAD","0.0416","--","N","N","0.0","--","0.0"
"B0CQ4FFJX9","X004DA243P","VIVOSUN 3-Tier Metal Raised Garden Bed, 46"" x 46"" x 24"" Galvanized Steel Metal Outdoor Planter Box with Gloves and Scissors to Grow Flowers, Vegetables and Herbs for Outdoor Gardening, Green","'YYZ9'","CA","124.0","28.3","7.0","centimeters","12.86","kilograms","0.0246","cubic meters","Oversize","5.33","0.0","0.131","2026-04","9.6","weeks","28.0","0.0","0.0","0.0","3.6683","0.0","CAD","3.6683","--","N","N","0.0","--","0.0"
"B0CYZPJMJR","X004GPQEA1","VIVOSUN AeroStream H19 Intelligent Environmental 19L Humidifier with Temp & Humidity Probe, Top Control Panel, Smart Remote Control, Designed Specifically for Use with Grow Tents","'YYZ9'","CA","75.5","34.0","31.0","centimeters","6.64","kilograms","0.0796","cubic meters","Oversize","0.2","0.03","0.0133","2026-04","9.6","weeks","28.0","0.0","0.17","0.0133","0.3714","0.0","CAD","0.3714","--","N","N","0.0","--","0.0"
"B0CYZPJMJR","X004GPQEA1","VIVOSUN AeroStream H19 Intelligent Environmental 19L Humidifier with Temp & Humidity Probe, Top Control Panel, Smart Remote Control, Designed Specifically for Use with Grow Tents","'YYZ9'","CA","75.5","34.0","31.0","centimeters","6.64","kilograms","0.0796","cubic meters","Oversize","0.13","0.0","0.0106","2026-04","9.6","weeks","28.0","0.0","0.0","0.0","0.2971","0.0","CAD","0.2971","--","N","N","0.0","--","0.0"
"B0DPFYQGVD","X004HJ0Z2T","VIVOSUN Lumaray LED Grow Light Bars 16”(8-Bar), Full Spectrum Side Lighting with 60% Red Light up to 25% Yields for Grow Tents, Greenhouses, Magnet Reliability Upgraded, SGS Compatible","'YYZ9'","CA","50.17","24.13","11.43","centimeters","2.81","kilograms","0.0138","cubic meters","Oversize","3.37","0.0","0.0466","2026-04","9.6","weeks","28.0","0.0","0.07","9.0E-4","1.3043","0.0","CAD","1.3043","--","N","N","0.0","--","0.0"
"B0DPFXS6PT","X004HJ6Q95","VIVOSUN Lumaray LED Grow Light Bars 16”(4-Bar), Full Spectrum Side Lighting with 60% Red Light up to 25% Yields for Grow Tents, Greenhouses, Magnet Reliability Upgraded, SGS Compatible","'YYZ9'","CA","50.01","20.29","6.5","centimeters","1.4","kilograms","0.0066","cubic meters","Oversize","4.2","0.0","0.0271","2026-04","9.6","weeks","28.0","0.0","0.27","0.0018","0.7577","0.0","CAD","0.7577","--","N","N","0.0","--","0.1"
"B0DPGZM859","X004HK93Z3","VIVOSUN 2’’ Depth Ground Grid, 6.5 x 17 ft, High-Density HDPE Geo Cell, 1885 lb per sq ft Load, Foldable & Tensile, Easy Installation with Gloves, Ideal for Gardens, Driveways, Pathways, Slopes","'YYZ9'","CA","108.59","26.67","6.99","centimeters","6.77","kilograms","0.0202","cubic meters","Oversize","9.57","0.0","0.1915","2026-04","9.6","weeks","28.0","0.0","9.47","0.1915","5.3619","0.0","CAD","5.3619","--","N","N","0.0","--","0.1"
"B0DSD11B76","X004IWTW1P","VIVOSUN 1.6 Gal/6L Pump Sprayer, Garden Water Sprayer for Plants, Weeds & Lawn Care, with 3 Nozzles, 50'' Long Hose & Pressure Relief Valve","'YYZ9'","CA","48.0","18.5","18.5","centimeters","1.4","kilograms","0.0164","cubic meters","Oversize","9.6","0.0","0.1561","2026-04","9.6","weeks","28.0","0.0","0.23","0.0038","4.3699","0.0","CAD","4.3699","--","N","N","0.0","--","0.1"
"B0D7HNXMGL","X004J3PXHF","VIVOSUN 4-Pack FlexFeed Self-Watering Pots, Auto Irrigation Fabric Pot Base with Water Meter & Maintenance Window, for Use Indoors/Outdoors in Grow Tents, Greenhouses, Gardens","'YYZ9'","CA","38.86","38.61","20.07","centimeters","4.63","kilograms","0.0301","cubic meters","Oversize","27.67","0.0","0.833","2026-04","9.6","weeks","28.0","0.0","0.07","0.002","23.3227","0.0","CAD","23.3227","--","N","N","0.0","--","0.0"
"B0FGZYYJ48","X004R42SFL","VIVOSUN Smart Air Filtration PRO Kit 8"", AeroZesh T8 Inline Duct Fan with GrowHub E42A+, Temperature Humidity Controller, Carbon Filter & Ducting Ventilation System for Grow Tent, Hydroponics","'YYZ9'","CA","68.81","56.49","34.11","centimeters","15.67","kilograms","0.1326","cubic meters","Oversize","3.6","0.0","0.4773","2026-04","9.6","weeks","28.0","0.0","0.0","0.0","13.3654","0.0","CAD","13.3654","--","N","N","0.0","--","0.0"
"B0FGN1G489","X004R42SXD","VIVOSUN AeroZesh T8 8-Inch 832 CFM Inline Duct Fan with GrowHub Controller E42A+, Programmable PWM-Controlled EC Fan Ventilation Exhaust Fan for Grow Tent, Low Noise","'YYZ9'","CA","35.56","27.94","25.4","centimeters","4.49","kilograms","0.0252","cubic meters","Oversize","7.73","0.0","0.1952","2026-04","9.6","weeks","28.0","0.0","0.0","0.0","5.4645","0.0","CAD","5.4645","--","N","N","0.0","--","0.0"
"B0CBPHLMKY","X004R497JL","VIVOSUN Smart Air Filtration PRO T4 Kit 4"", AeroZesh T4 Inline Duct Fan w/GrowHub E42A+ Temp. Humidity WiFi-Controller, Carbon Filter & Ducting, Cooling & Ventilation System for Grow Tent, Hydroponics","'YYZ9'","CA","56.9","35.56","22.61","centimeters","6.55","kilograms","0.0457","cubic meters","Oversize","0.13","0.0","0.0061","2026-04","9.6","weeks","28.0","0.0","0.13","0.0061","0.1708","0.0","CAD","0.1708","--","N","N","0.0","--","0.0"
"B0CBPHLMKY","X004R497JL","VIVOSUN Smart Air Filtration PRO T4 Kit 4"", AeroZesh T4 Inline Duct Fan w/GrowHub E42A+ Temp. Humidity WiFi-Controller, Carbon Filter & Ducting, Cooling & Ventilation System for Grow Tent, Hydroponics","'YYZ9'","CA","56.9","35.56","22.61","centimeters","6.55","kilograms","0.0457","cubic meters","Oversize","7.8","0.0","0.3552","2026-04","9.6","weeks","28.0","0.0","0.3","0.0137","9.9463","0.0","CAD","9.9463","--","N","N","0.0","--","0.03"
"B0CBPK262W","X004R497RD","VIVOSUN Smart Air Filtration PRO T6 Kit 6"", AeroZesh T6 Inline Duct Fan w/GrowHub E42A+ Temp. Humidity WiFi-Controller, Carbon Filter & Ducting, Cooling & Ventilation System for Grow Tent, Hydroponics","'YYZ9'","CA","93.98","27.64","26.67","centimeters","9.48","kilograms","0.0693","cubic meters","Oversize","3.6","0.0","0.2494","2026-04","9.6","weeks","28.0","0.0","0.0","0.0","6.982","0.0","CAD","6.982","--","N","N","0.0","--","0.0"
"B0CBRPS1N8","X004R498QX","VIVOSUN Smart Air Filtration PRO G6 Kit 6"", AeroZesh G6 Inline Duct Fan w/GrowHub E42A Temp. Humidity WiFi-Controller, Carbon Filter & Ducting, Cooling & Ventilation System for Grow Tent, Hydroponics","'YYZ9'","CA","93.22","27.43","26.67","centimeters","9.75","kilograms","0.0682","cubic meters","Oversize","5.93","0.0","0.4046","2026-04","9.6","weeks","28.0","0.0","0.67","0.0455","11.3302","0.0","CAD","11.3302","--","N","N","0.0","--","0.0"
"B0CNVJL7KH","X004DA239F","VIVOSUN 3.6 x 1.3Ft Wooden Raised Garden Bed, 43.5 x 16 x 14 Inches, Outdoor Wood Planter Box with Screwdriver and a Liner for Gardening, Patio, Balcony, Backyard and Outdoors","'YYZ9'","CA","112.0","38.0","12.0","centimeters","7.12","kilograms","0.0511","cubic meters","Oversize","45.93","0.0","2.3459","2026-04","9.6","weeks","28.0","0.0","3.03","0.1549","65.6855","0.0","CAD","65.6855","--","N","N","0.0","--","0.0"
"B0BMTK8J3P","X004R4A853","VIVOSUN T6 6"" Inline Duct Fan & Temperature Humidity Controller, E42A+ WiFi-App Control AeroZesh Grow Tent Fan& Smart Thermostat, 408 CFM EC Motor Exhaust Fan for Heating Cooling, Greenhouse Accessory","'YYZ9'","CA","33.0","26.0","26.0","centimeters","3.18","kilograms","0.0223","cubic meters","Oversize","20.8","0.0","0.464","2026-04","9.6","weeks","28.0","0.0","0.0","0.0","12.9922","0.0","CAD","12.9922","--","N","N","0.0","--","0.0"
"B0C6SCF6R1","X004R4A9AR","VIVOSUN AeroZesh G8 Inline Duct Fan, Quiet 8"" 807 CFM Ventilation Exhaust Fan w/EC Motor and GrowHub E42A Temperature Humidity WiFi-Controller for Heating Cooling Booster, Grow Tents, Hydroponics","'YYZ9'","CA","39.37","30.48","28.58","centimeters","4.78","kilograms","0.0343","cubic meters","Oversize","12.33","0.0","0.4229","2026-04","9.6","weeks","28.0","0.0","0.0","0.0","11.8415","0.0","CAD","11.8415","--","N","N","0.0","--","0.0"
"B0CBRSM7H7","X004R4AHSB","VIVOSUN Smart Air Filtration PRO G4 Kit 4"", AeroZesh G4 Inline Duct Fan w/GrowHub E42A+ Temp. Humidity WiFi-Controller, Carbon Filter & Ducting, Cooling & Ventilation System for Grow Tent, Hydroponics","'YYZ9'","CA","57.15","35.56","21.59","centimeters","6.83","kilograms","0.0439","cubic meters","Oversize","11.0","0.0","0.4826","2026-04","9.6","weeks","28.0","0.0","0.0","0.0","13.5139","0.0","CAD","13.5139","--","N","N","0.0","--","0.0"
"B08GPTLSZH","X004RRU8TB","VIVOSUN VS4000 LED Grow Light with Samsung LM301 Diodes &Brand Driver Dimmable Lights Sunlike Full Spectrum for Seedling Veg & Bloom Plant Grow Lamp for 4x4/5x5 Grow Tent","'YYZ9'","CA","67.56","67.31","13.72","centimeters","9.98","kilograms","0.0624","cubic meters","Oversize","0.1","0.0","0.0062","2026-04","9.6","weeks","28.0","0.0","0.1","0.0062","0.1747","0.0","CAD","0.1747","--","N","N","0.0","--","0.0"
"B08GPTLSZH","X004RRU8TB","VIVOSUN VS4000 LED Grow Light with Samsung LM301 Diodes &Brand Driver Dimmable Lights Sunlike Full Spectrum for Seedling Veg & Bloom Plant Grow Lamp for 4x4/5x5 Grow Tent","'YYZ9'","CA","67.56","67.31","13.72","centimeters","9.98","kilograms","0.0624","cubic meters","Oversize","31.2","0.0","1.9358","2026-04","9.6","weeks","28.0","0.0","0.1","0.0062","54.2013","0.0","CAD","54.2013","--","N","N","0.0","--","0.17"
"B09LQCSC8P","X004RS11J1","VIVOSUN VS1500 LED Grow Light with Samsung LM301 Diodes & Daisy Chain Driver Dimmable Lights Sunlike Full Spectrum for Indoor Plants Seedling Veg and Bloom Plant Grow Lamps for 3x3 Grow Tent","'YYZ9'","CA","43.82","41.28","8.89","centimeters","3.88","kilograms","0.0161","cubic meters","Oversize","0.77","0.33","0.007","2026-04","9.6","weeks","28.0","0.0","0.43","0.007","0.1951","0.0","CAD","0.1951","--","N","N","0.0","--","0.0"
"B09LQCSC8P","X004RS11J1","VIVOSUN VS1500 LED Grow Light with Samsung LM301 Diodes & Daisy Chain Driver Dimmable Lights Sunlike Full Spectrum for Indoor Plants Seedling Veg and Bloom Plant Grow Lamps for 3x3 Grow Tent","'YYZ9'","CA","43.82","41.28","8.89","centimeters","3.88","kilograms","0.0161","cubic meters","Oversize","7.1","0.0","0.1141","2026-04","9.6","weeks","28.0","0.0","0.1","0.0016","3.1962","0.0","CAD","3.1962","--","N","N","0.0","--","0.0"
"B0BY7PSQ69","X004T1FC2X","VIVOSUN GIY Smart Grow Tent System 2x2, WiFi-Integrated Grow Tent Kit, with Automate Ventilation and Circulation, Schedule Full Spectrum 100W LED Grow Light, and GrowHub E42A+ Controller","'YYZ9'","CA","75.18","38.1","37.08","centimeters","17.58","kilograms","0.1062","cubic meters","Oversize","2.23","0.0","0.2372","2026-04","9.6","weeks","28.0","0.0","0.33","0.0354","6.6428","0.0","CAD","6.6428","--","N","N","0.0","--","0.0"
"B08LGQ3XDZ","X004T1G9EN","VIVOSUN Grow Tent Kit, 2.7 × 2.7ft Complete Grow System, WiFi-Controlled Grow System with Full Spectrum LED Grow Light, Automatic Ventilation, GrowHub Outlet A22 with Temperature and Humidity Sensor","'YYZ9'","CA","86.36","43.18","35.56","centimeters","20.62","kilograms","0.1326","cubic meters","Oversize","3.2","0.0","0.4243","2026-04","9.6","weeks","28.0","0.0","0.0","0.0","11.8813","0.0","CAD","11.8813","--","N","N","0.0","--","0.0"
"B08LGP2N34","X004T1IIUL","VIVOSUN Grow Tent Kit, 2 × 2ft 1-Plant System, WiFi-Controlled Grow System with Full Spectrum LED Grow Light, Automatic Ventilation, GrowHub Outlet A22 with Temperature and Humidity Sensor","'YYZ9'","CA","69.34","42.42","35.56","centimeters","15.76","kilograms","0.1046","cubic meters","Oversize","2.53","0.0","0.265","2026-04","9.6","weeks","28.0","0.0","0.07","0.007","7.4192","0.0","CAD","7.4192","--","N","N","0.0","--","0.0"
"B0BY7SRP8R","X004T1KAPH","VIVOSUN Smart Grow Tent Kit 2.7 × 2.7ft WiFi-Integrated Automatic Complete Grow System with Full Spectrum LED Grow Light, Efficient Ventilation System with GrowHub E42A+ Controller","'YYZ9'","CA","86.36","51.56","31.24","centimeters","21.48","kilograms","0.1391","cubic meters","Oversize","2.17","0.0","0.2968","2026-04","9.6","weeks","28.0","0.0","0.07","0.0093","8.31","0.0","CAD","8.31","--","N","N","0.0","--","0.03"
"B0CMQ5FG7K","X004X66QBP","VIVOSUN GIY Plus Smart Grow Tent Kit, 2x2ft 1-Plant System, WiFi-Integrated Automatic Grow System with 2000D Mylar Grow Tent, Full-Spectrum Programmable Grow Light, Enhanced Ventilation & Circulation","'YYZ9'","CA","67.31","52.07","36.83","centimeters","21.86","kilograms","0.1291","cubic meters","Oversize","1.2","0.0","0.1549","2026-04","9.6","weeks","28.0","0.0","0.0","0.0","4.3372","0.0","CAD","4.3372","--","N","N","0.0","--","0.0"
"B0G4MBQ2VD","X004XK33XZ","VIVOSUN Grow Tent High CFM Kit, Heavy-Duty Mounting Bars, High Airflow Support Pole Kit 24""-36"" Adjustable, Suitable for 2’×2’, 2.3’×2.3’, 2.7’×2.7’, and 3’×3’ Tents, 4-Pack","'YYZ9'","CA","39.29","11.61","9.6","centimeters","1.14","kilograms","0.0044","cubic meters","Standard-Size","2.0","0.0","0.0086","2026-04","7.5","weeks","40.0","0.0","0.03","1.0E-4","0.3456","0.0","CAD","0.3456","--","N","N","0.0","--","0.03"
"B0CRDP18Q6","X00440KG3T","VIVOSUN Window Duct Kit, Portable AC Window Seal Kit with 5.9"" Diameter 59"" Length Hose, Fit with 4""/6"" Ducting for Sliding Window, Adjustable AC Vent Kit for Duct Fans, Air Conditioner, Dryer","'YYZ9'","CA","45.2","19.9","19.7","centimeters","2.48","kilograms","0.0177","cubic meters","Oversize","0.37","0.0","0.0065","2026-04","9.6","weeks","28.0","0.0","0.37","0.0065","0.1819","0.0","CAD","0.1819","--","N","N","0.0","--","0.0"
"B0CBRQKVVN","X003ZPI6GX","VIVOSUN Smart Air Filtration G6 Kit 6"", AeroZesh G6 Inline Duct Fan with E12 Speed Controller, Carbon Filter & 8' Ducting, Cooling & Ventilation System for Grow Tents, Indoor Gardening, Hydroponics","'YYZ9'","CA","51.9","51.9","31.1","centimeters","10.2","kilograms","0.0838","cubic meters","Oversize","1.47","0.0","0.1229","2026-04","9.6","weeks","28.0","0.0","0.03","0.0028","3.4402","0.0","CAD","3.4402","--","N","N","0.0","--","0.0"
"B0CBRQW2KW","X003ZPT0J5","VIVOSUN Smart Air Filtration G8 Kit 8"", AeroZesh G8 Inline Duct Fan with E12 Speed Controller, Carbon Filter & 25' Ducting, Cooling & Ventilation System for Grow Tents, Indoor Gardening, Hydroponics","'YYZ9'","CA","71.12","58.42","31.75","centimeters","15.83","kilograms","0.1319","cubic meters","Oversize","3.63","0.0","0.4793","2026-04","9.6","weeks","28.0","0.0","0.33","0.044","13.4203","0.0","CAD","13.4203","--","N","N","0.0","--","0.0"
"B0BZNYBZ1R","X0040NEVHR","VIVOSUN 2’’ Depth Ground Grid, 9x17 ft, High-Density HDPE Geo Cell, 1885 lbs per sq ft Load, Foldable & Tensile, Easy Installation with Gloves, Perfect for Gardens, Driveways, Pathways, Slopes","'YYZ9'","CA","109.0","30.2","7.2","centimeters","8.88","kilograms","0.0237","cubic meters","Oversize","0.97","0.0","0.0221","2026-04","9.6","weeks","28.0","0.0","0.93","0.0221","0.6194","0.0","CAD","0.6194","--","N","N","0.0","--","0.03"
"B0BYNCZJ63","X00413DX6V","VIVOSUN 2.1 Gal/8L Pump Sprayer, Garden Water Sprayer for Plants, Weeds & Lawn Care, with 3 Nozzles, 50'' Long Hose & Pressure Relief Valve","'YYZ9'","CA","57.0","18.5","18.5","centimeters","1.68","kilograms","0.0195","cubic meters","Oversize","0.63","0.13","0.0098","2026-04","9.6","weeks","28.0","0.0","0.5","0.0098","0.2731","0.0","CAD","0.2731","--","N","N","0.0","--","0.0"
"B0BYNCZJ63","X00413DX6V","VIVOSUN 2.1 Gal/8L Pump Sprayer, Garden Water Sprayer for Plants, Weeds & Lawn Care, with 3 Nozzles, 50'' Long Hose & Pressure Relief Valve","'YYZ9'","CA","57.0","18.5","18.5","centimeters","1.68","kilograms","0.0195","cubic meters","Oversize","82.53","0.0","1.5971","2026-04","9.6","weeks","28.0","0.0","0.47","0.0091","44.7182","0.0","CAD","44.7182","--","N","N","0.0","--","0.67"
"B0BYNC8H6J","X00413JWCZ","VIVOSUN 1.8 Gallon Pump Pressure Sprayer, 7L Pressurized Lawn & Garden Water Spray Bottle with 3 Water Nozzles, Adjustable Shoulder Strap, Pressure Relief Valve, for Plants and Cleaning","'YYZ9'","CA","53.8","18.7","18.5","centimeters","1.52","kilograms","0.0186","cubic meters","Oversize","64.5","0.0","1.1906","2026-04","9.6","weeks","28.0","0.0","0.67","0.0124","33.3356","0.0","CAD","33.3356","--","N","N","0.0","--","0.53"
"B0CBPGTTYW","X00417RTWL","VIVOSUN Smart Air Filtration T6 Kit 6"", AeroZesh T6 Inline Duct Fan with E12 Speed Controller, Carbon Filter & 8' Ducting, Cooling & Ventilation System for Grow Tents, Indoor Gardening, Hydroponics","'YYZ9'","CA","92.2","27.2","26.8","centimeters","9.44","kilograms","0.0672","cubic meters","Oversize","0.37","0.03","0.0224","2026-04","9.6","weeks","28.0","0.0","0.33","0.0224","0.6273","0.0","CAD","0.6273","--","N","N","0.0","--","0.0"
"B0CBPGTTYW","X00417RTWL","VIVOSUN Smart Air Filtration T6 Kit 6"", AeroZesh T6 Inline Duct Fan with E12 Speed Controller, Carbon Filter & 8' Ducting, Cooling & Ventilation System for Grow Tents, Indoor Gardening, Hydroponics","'YYZ9'","CA","92.2","27.2","26.8","centimeters","9.44","kilograms","0.0672","cubic meters","Oversize","3.27","0.0","0.2196","2026-04","9.6","weeks","28.0","0.0","0.2","0.0134","6.1475","0.0","CAD","6.1475","--","N","N","0.0","--","0.0"
"B0CBPDTSKS","X004181EZD","VIVOSUN Exhaust Kit Duct Fan 100 mm 357m³/h E12 Carbon Filter & Duct 240 cm AeroZesh T4 Cooling Ventilation System for Grow Tent Growbox","'YYZ9'","CA","48.51","47.75","23.11","centimeters","6.69","kilograms","0.0535","cubic meters","Oversize","14.2","0.0","0.7586","2026-04","9.6","weeks","28.0","0.0","0.23","0.0125","21.2403","0.0","CAD","21.2403","--","N","N","0.0","--","0.03"
"B0CG1NKCC6","X0041I557B","VIVOSUN Outdoor Handrail, 3 Step Stair Handrail, 40"" x 36"" Fits 1 to 3 Steps, Wrought Mattle Iron Stair Railing with Curved End and Balusters for Concrete Step, Porch Steps, One-step Assembly, Black","'YYZ9'","CA","105.0","22.0","14.0","centimeters","8.58","kilograms","0.0323","cubic meters","Oversize","0.6","0.0","0.0194","2026-04","9.6","weeks","28.0","0.0","0.6","0.0194","0.5433","0.0","CAD","0.5433","--","N","N","0.0","--","0.0"
"B0CP52SNYH","X00429E8RR","VIVOSUN Smart Air Filtration S6 Kit 6"", AeroZesh S6 Inline Duct Fan with E12 Speed Controller, Carbon Filter & 8' Ducting, Cooling & Ventilation System for Grow Tents, Indoor Gardening, Hydroponics","'YYZ9'","CA","52.07","51.82","31.62","centimeters","8.91","kilograms","0.0853","cubic meters","Oversize","0.07","0.0","0.0057","2026-04","9.6","weeks","28.0","0.0","0.03","0.0028","0.1593","0.0","CAD","0.1593","--","N","N","0.0","--","0.0"
"B0CL6FWGN7","X0043S0IKD","VIVOSUN 20 x 25 Feet Pond Liner, 14.5 Mil Durable LLDPE Pond Liners for Koi Ponds, Aquaculture and Water Gardens, Black","'YYZ9'","CA","47.0","45.6","21.0","centimeters","13.08","kilograms","0.045","cubic meters","Oversize","45.57","0.0","2.0493","2026-04","9.6","weeks","28.0","0.0","0.33","0.015","57.3813","0.0","CAD","57.3813","--","N","N","0.0","--","0.03"
"B0CFX9CQ4H","X0043SID3H","VIVOSUN Window Duct Kit, Portable AC Window Seal Kit, Fit with 4”/6” Ducting & 5.9” Hose for Sliding Window, Adjustable AC Vent Kit for Duct Fans, Air Conditioner, Dryer","'YYZ9'","CA","44.1","18.1","9.8","centimeters","1.73","kilograms","0.0078","cubic meters","Standard-Size","1.0","0.0","0.0078","2026-04","7.5","weeks","40.0","0.0","0.17","0.0013","0.3139","0.0","CAD","0.3139","--","N","N","0.0","--","0.0"
"B0CBRLZJHL","X003ZPI66N","VIVOSUN Smart Air Filtration G4 Kit 4"", AeroZesh G4 Inline Duct Fan with E12 Speed Controller, Carbon Filter & 8' Ducting, Cooling & Ventilation System for Grow Tents, Indoor Gardening, Hydroponics","'YYZ9'","CA","57.63","36.04","23.01","centimeters","6.49","kilograms","0.0478","cubic meters","Oversize","4.57","0.0","0.2071","2026-04","9.6","weeks","28.0","0.0","0.17","0.008","5.8","0.0","CAD","5.8","--","N","N","0.0","--","0.23"
"B0CP5QJC7C","X0047NY5LR","VIVOSUN 15Amp Electric Wood Chipper/Shredder with Wheels, Equipped with 50L Collection Bag, Additional Blades & Carbon Brushes, Cleaning Rod, Gloves & Goggles, Green","'YYZ9'","CA","68.0","36.4","28.2","centimeters","11.3","kilograms","0.0698","cubic meters","Oversize","1.0","0.33","0.0465","2026-04","9.6","weeks","28.0","0.0","0.67","0.0465","1.3029","0.0","CAD","1.3029","--","N","N","0.0","--","0.0"
"B0D4Q8TYQX","X0048ZOEBZ","VIVOSUN 5-Layer Worm Compost Bin, 50L Worm Composter, Easy Setup Inclusive Worm Farm Kit for Recycling Food Waste","'YYZ9'","CA","41.15","33.02","28.7","centimeters","3.4","kilograms","0.039","cubic meters","Oversize","0.33","0.0","0.0104","2026-04","9.6","weeks","28.0","0.0","0.03","0.0013","0.2912","0.0","CAD","0.2912","--","N","N","0.0","--","0.07"
"B0CBRRD7SP","X004AB1OPB","VIVOSUN Smart Air Filtration PRO G8 Kit 8"", AeroZesh G8 Inline Duct Fan w/GrowHub E42A Temp. Humidity WiFi-Controller, Carbon Filter & Ducting, Cooling & Ventilation System for Grow Tent, Hydroponics","'YYZ9'","CA","70.2","56.2","32.8","centimeters","16.03","kilograms","0.1294","cubic meters","Oversize","0.5","0.33","0.0216","2026-04","9.6","weeks","28.0","0.0","0.17","0.0216","0.6039","0.0","CAD","0.6039","--","N","N","0.0","--","0.0"
"B0C6SCF6R1","X004AB7JB9","VIVOSUN AeroZesh G8 Inline Duct Fan, Quiet 8"" 807 CFM Ventilation Exhaust Fan w/EC Motor and GrowHub E42A Temperature Humidity WiFi-Controller for Heating Cooling Booster, Grow Tents, Hydroponics","'YYZ9'","CA","39.37","30.48","28.58","centimeters","4.78","kilograms","0.0343","cubic meters","Oversize","0.23","0.0","0.008","2026-04","9.6","weeks","28.0","0.0","0.23","0.008","0.224","0.0","CAD","0.224","--","N","N","0.0","--","0.0"
"B0D8318TRS","X004ASXMOF","VIVOSUN AeroLight Wing AW400SE with E25 Controller","'YYZ9'","CA","80.01","43.18","13.34","centimeters","8.21","kilograms","0.0461","cubic meters","Oversize","3.0","0.0","0.1382","2026-04","9.6","weeks","28.0","0.0","3.0","0.1382","3.8699","0.0","CAD","3.8699","--","N","N","0.0","--","0.0"
"B0CGL8SV7B","X004AUSWJD","VIVOSUN Outdoor LED Grow Lights, Waterproof String Grow Light, Full Spectrum Plant Growing Lights with 44Ft Adjustable Cord for Seedling, Veg, Flower in Greenhouse, Garden, Backyard, Farm (12-Light)","'YYZ9'","CA","53.34","35.56","10.16","centimeters","2.94","kilograms","0.0193","cubic meters","Oversize","0.2","0.03","0.0032","2026-04","9.6","weeks","28.0","0.0","0.17","0.0032","0.0899","0.0","CAD","0.0899","--","N","N","0.0","--","0.0"
"B0CGL8SV7B","X004AUSWJD","VIVOSUN Outdoor LED Grow Lights, Waterproof String Grow Light, Full Spectrum Plant Growing Lights with 44Ft Adjustable Cord for Seedling, Veg, Flower in Greenhouse, Garden, Backyard, Farm (12-Light)","'YYZ9'","CA","53.34","35.56","10.16","centimeters","2.94","kilograms","0.0193","cubic meters","Oversize","3.43","0.0","0.0636","2026-04","9.6","weeks","28.0","0.0","0.0","0.0","1.7807","0.0","CAD","1.7807","--","N","N","0.0","--","0.13"
"B0CRRDDRVG","X004AUWH8F","VIVOSUN 1.59-Gallon Pump Pressure Sprayer, Pressurized Lawn & Garden Water Spray Bottle with Adjustable Shoulder Strap, for Plants Spraying, Garden Watering and Household Cleaning","'YYZ9'","CA","49.6","18.8","18.8","centimeters","1.38","kilograms","0.0175","cubic meters","Oversize","1.2","0.53","0.0117","2026-04","9.6","weeks","28.0","0.0","0.67","0.0117","0.3272","0.0","CAD","0.3272","--","N","N","0.0","--","0.0"
"B0CRRFQFB5","X004AUZNP9","VIVOSUN 2.64-Gallon Pump Pressure Sprayer, Pressurized Lawn & Garden Water Spray Bottle with Adjustable Shoulder Strap, for Plants Spraying, Garden Watering and Household Cleaning","'YYZ9'","CA","64.0","18.5","18.0","centimeters","1.84","kilograms","0.0213","cubic meters","Oversize","20.47","0.0","0.4362","2026-04","9.6","weeks","28.0","0.0","0.0","0.0","12.2132","0.0","CAD","12.2132","--","N","N","0.0","--","0.0"
"B0DCBLL6KN","X004CHXAD7","VIVOSUN Herbal Decarboxylation and Infusion Machine, Botanical Extractor and Infuser for Making Butter, Oil, and Tinctures, Includes Recipes and Complete Accessories","'YYZ9'","CA","36.2","24.8","24.6","centimeters","3.64","kilograms","0.0221","cubic meters","Oversize","0.07","0.03","7.0E-4","2026-04","9.6","weeks","28.0","0.0","0.03","7.0E-4","0.0206","0.0","CAD","0.0206","--","N","N","0.0","--","0.0"
"B0DCBLL6KN","X004CHXAD7","VIVOSUN Herbal Decarboxylation and Infusion Machine, Botanical Extractor and Infuser for Making Butter, Oil, and Tinctures, Includes Recipes and Complete Accessories","'YYZ9'","CA","36.2","24.8","24.6","centimeters","3.64","kilograms","0.0221","cubic meters","Oversize","23.37","0.0","0.508","2026-04","9.6","weeks","28.0","0.0","0.13","0.0029","14.2227","0.0","CAD","14.2227","--","N","N","0.0","--","0.37"
"B0CNVHWJ3T","X004D9Y7LN","VIVOSUN 3-Tier 3-Grid Wooden Raised Garden Bed, 42.5 x 34.5 x 15 Inches, Outdoor Elevated Wood Planter Box with Screwdriver for Gardens, Patios, Backyards, Balcony and Outdoors","'YYZ9'","CA","102.0","35.5","7.0","centimeters","6.26","kilograms","0.0253","cubic meters","Oversize","32.37","0.0","0.8162","2026-04","9.6","weeks","28.0","0.0","0.07","0.0017","22.8529","0.0","CAD","22.8529","--","N","N","0.0","--","0.17"
"B0CQ4HLG96","X004D9YAC9","VIVOSUN 3-Tier Metal Raised Garden Bed, 46"" x 46"" x 24"" Galvanized Steel Metal Outdoor Planter Box with Gloves and Scissors to Grow Flowers, Vegetables and Herbs for Outdoor Gardening, Dark Gray","'YYZ9'","CA","122.6","28.0","7.0","centimeters","12.94","kilograms","0.024","cubic meters","Oversize","14.63","0.0","0.35","2026-04","9.6","weeks","28.0","0.0","0.1","0.0024","9.8009","0.0","CAD","9.8009","--","N","N","0.0","--","0.07"
"B086V9MW2Q","X002JO972X","VIVOSUN 328 Feet (100m) PE-Coated Twist Ties, Garden Plant Ties with Cutter for Gardening, Outdoor Garden Twine Reuseable for Climbing Supporting Plants Tomatoes, Office Home Organization (Green)","'YOW3'","CA","21.0","18.5","3.2","centimeters","0.18","kilograms","0.0012","cubic meters","Standard-Size","3.2","0.0","0.004","2026-04","7.5","weeks","40.0","0.0","3.2","0.004","0.1591","0.0","CAD","0.1591","--","N","N","0.0","--","0.0"
"B08227NGWJ","X002JPFWKN","VIVOSUN 4-in-1 Digital pH Meter with ATC, pH/TDS/EC/Temp Function, ±0.1 pH Accuracy, 0-14.0 pH Measurement Range","'YOW3'","CA","20.9","8.3","4.9","centimeters","0.18","kilograms","9.0E-4","cubic meters","Standard-Size","3.5","0.0","0.003","2026-04","7.5","weeks","40.0","0.0","0.4","3.0E-4","0.119","0.0","CAD","0.119","--","N","N","0.0","--","0.0"
"B07ZR9ZMS7","X002K0ZUIB","VIVOSUN 3567 GPH Submersible Water Pump, 130W Pond Pump, Ultra Quiet Aquarium Pump with 14.8FT Lift Height for Pond, Waterfall, Fish Tank, Statuary, Hydroponic","'YOW3'","CA","39.29","20.6","17.5","centimeters","3.03","kilograms","0.0142","cubic meters","Standard-Size","1.13","0.0","0.0156","2026-04","7.5","weeks","40.0","0.0","1.1","0.0156","0.6232","0.0","CAD","0.6232","--","N","N","0.0","--","0.03"
"B07ZR9VNCP","X002K1PH8X","VIVOSUN 1982 GPH and Submersible Water Pump, 110W Pond Pump, Ultra Quiet Aquarium Pump with 14.8FT Lift Height for Pond, Waterfall, Fish Tank, Statuary, Hydroponic","'YOW3'","CA","39.5","20.4","17.6","centimeters","3.27","kilograms","0.0142","cubic meters","Standard-Size","1.63","0.0","0.0232","2026-04","7.5","weeks","40.0","0.0","1.63","0.0232","0.9266","0.0","CAD","0.9266","--","N","N","0.0","--","0.0"
"B086QJQK8N","X002L7NT81","VIVOSUN 1150GPH 100W Submersible Pump for Fish Tank, Pond, Aquarium, Hydroponic Systems with 5ft Power Cord and 4 Nozzles Blue","'YOW3'","CA","18.9","18.0","14.8","centimeters","1.96","kilograms","0.005","cubic meters","Standard-Size","2.73","0.0","0.0136","2026-04","7.5","weeks","40.0","0.0","0.03","2.0E-4","0.5438","0.0","CAD","0.5438","--","N","N","0.0","--","0.03"
"B086QJPQ6X","X002L7NT8B","VIVOSUN 850GPH 60W Submersible Pump for Fish Tank, Pond, Aquarium, Hydroponic Systems with 5ft Power Cord and 4 Nozzles Blue","'YOW3'","CA","17.1","14.4","11.4","centimeters","1.05","kilograms","0.0028","cubic meters","Standard-Size","2.3","0.0","0.006","2026-04","7.5","weeks","40.0","0.0","0.0","0.0","0.2395","0.0","CAD","0.2395","--","N","N","0.0","--","0.17"
"B086QHTGZ5","X002L7RLJ9","VIVOSUN 660GPH 40W Submersible Pump for Fish Tank, Pond, Aquarium, Hydroponic Systems with 5ft Power Cord and 4 Nozzles Blue","'YOW3'","CA","15.4","14.1","11.3","centimeters","0.84","kilograms","0.0025","cubic meters","Standard-Size","3.0","0.0","0.0074","2026-04","7.5","weeks","40.0","0.0","0.0","0.0","0.2944","0.0","CAD","0.2944","--","N","N","0.0","--","0.0"
"B0823MGXXD","X002M1C0PJ","VIVOSUN Reptile Heating Pad 6x8 Inch with Thermostat Combo Under Tank Terrarium Heating Mat Surface Waterproof for Turtles, Lizards, Frogs and Other Reptiles","'YOW3'","CA","24.0","16.2","4.9","centimeters","0.6","kilograms","0.0019","cubic meters","Standard-Size","2.47","0.0","0.0044","2026-04","7.5","weeks","40.0","0.0","0.27","5.0E-4","0.1778","0.0","CAD","0.1778","--","N","N","0.0","--","0.13"
"B08889K4D2","X002NT8NJ7","VIVOSUN 7 Day Programmable Timer Indoor Digital Electronic Timer with Dual Outlet, 20 On/Off Program Setting, and Countdown Setting, 2 Pack","'YOW3'","CA","10.5","9.9","7.5","centimeters","0.3","kilograms","8.0E-4","cubic meters","Standard-Size","0.03","0.0","0.0","2026-04","7.5","weeks","40.0","0.0","0.03","0.0","0.001","0.0","CAD","0.001","--","N","N","0.0","--","0.0"
"B0887SFLMR","X002NTA8NL","VIVOSUN 7 Day Programmable Timer Indoor Digital Electronic Timer with Dual Outlet, 20 On/Off Program Setting, and Countdown Setting","'YOW3'","CA","10.4","7.1","7.0","centimeters","0.12","kilograms","5.0E-4","cubic meters","Standard-Size","0.03","0.0","0.0","2026-04","7.5","weeks","40.0","0.0","0.03","0.0","7.0E-4","0.0","CAD","7.0E-4","--","N","N","0.0","--","0.0"
"B08KXRND9X","X002OW173H","VIVOSUN PH Meter TDS Meter and Soil Tester Combo","'YOW3'","CA","34.6","13.2","4.6","centimeters","0.28","kilograms","0.0021","cubic meters","Standard-Size","3.33","0.0","0.0069","2026-04","7.5","weeks","40.0","0.0","0.0","0.0","0.2745","0.0","CAD","0.2745","--","N","N","0.0","--","0.07"
"B08KQ58T54","X002P1XTCJ","VIVOSUN 5-Pack 7 Gallon Potato Grow Bags with Handles, Non-Woven Fabric Bags for Carrots Tomato","'YOW3'","CA","29.7","20.5","15.2","centimeters","1.04","kilograms","0.0093","cubic meters","Standard-Size","2.0","0.0","0.0185","2026-04","7.5","weeks","40.0","0.0","2.0","0.0185","0.7404","0.0","CAD","0.7404","--","N","N","0.0","--","0.0"
"B0885SVNRQ","X002PDMXN3","VIVOSUN 5-Pack 25 Gallon Grow Bags Heavy Duty 300G Thickened Nonwoven Plant Fabric Pots with Handles Tan","'YOW3'","CA","42.7","32.29","9.8","centimeters","1.69","kilograms","0.0135","cubic meters","Standard-Size","10.53","0.0","0.1329","2026-04","7.5","weeks","40.0","0.0","9.17","0.1239","5.3147","0.0","CAD","5.3147","--","N","N","0.0","--","0.7"
"B088666QZF","X002PDVG6N","VIVOSUN 5-Pack 2 Gallon Grow Bags Heavy Duty 300G Thickened Nonwoven Plant Fabric Pots with Handles Tan","'YOW3'","CA","22.2","14.7","5.7","centimeters","0.32","kilograms","0.0019","cubic meters","Standard-Size","4.5","0.0","0.0083","2026-04","7.5","weeks","40.0","0.0","4.43","0.0082","0.3323","0.0","CAD","0.3323","--","N","N","0.0","--","0.03"
"B08869D3HP","X002PDVLJZ","VIVOSUN 5-Pack 1 Gallon Grow Bags Heavy Duty 300G Thickened Nonwoven Plant Fabric Pots with Handles Tan","'YOW3'","CA","25.4","15.2","6.9","centimeters","0.25","kilograms","0.0027","cubic meters","Standard-Size","25.9","0.0","0.0689","2026-04","7.5","weeks","40.0","0.0","25.87","0.0689","2.7563","0.0","CAD","2.7563","--","N","N","0.0","--","0.03"
"B0885S2TDF","X002PDW103","VIVOSUN 5-Pack 20 Gallon Grow Bags Heavy Duty 300G Thickened Nonwoven Plant Fabric Pots with Handles Tan","'YOW3'","CA","42.1","29.8","8.4","centimeters","1.49","kilograms","0.0105","cubic meters","Standard-Size","100.17","0.0","1.0458","2026-04","7.5","weeks","40.0","0.0","48.53","0.5115","41.8304","0.0","CAD","41.8304","--","N","N","0.0","--","0.93"
"B08NT2DMZJ","X002R57ZFZ","VIVOSUN 12 PCS Retractable Plant Yoyo with Stopper for Grow Support in Tent Garden or Hydroponics,Yellow","'YOW3'","CA","24.8","19.4","5.8","centimeters","0.24","kilograms","0.0028","cubic meters","Standard-Size","0.03","0.0","1.0E-4","2026-04","7.5","weeks","40.0","0.0","0.03","1.0E-4","0.0037","0.0","CAD","0.0037","--","N","N","0.0","--","0.0"
"B08NT5CBYP","X002R57ZPF","VIVOSUN 12 PCS Retractable Plant Yoyo with Stopper for Grow Support in Tent Garden or Hydroponics,White","'YOW3'","CA","24.8","21.6","6.2","centimeters","0.24","kilograms","0.0033","cubic meters","Standard-Size","0.03","0.0","1.0E-4","2026-04","7.5","weeks","40.0","0.0","0.03","1.0E-4","0.0044","0.0","CAD","0.0044","--","N","N","0.0","--","0.0"
"B08M3G5TH3","X002SUO6LF","VIVOSUN 4 Inch Air Carbon Filter Smelliness Control with Australia Virgin Charcoal for Inline Fan, Grow Tent Smelliness Scrubber, Pre-Filter Included, Reversible Flange 4"" x 12"", Black","'YOW3'","CA","38.79","19.6","19.1","centimeters","3.08","kilograms","0.0145","cubic meters","Standard-Size","1.13","0.0","0.016","2026-04","7.5","weeks","40.0","0.0","0.2","0.0029","0.6389","0.0","CAD","0.6389","--","N","N","0.0","--","0.03"
"B082M7FNK6","X00305V0TN","VIVOSUN 480GPH Submersible Pump(1800L/H, 25W), Ultra Quiet Water Pump with 7.2ft High Lift, Fountain Pump with 5ft Power Cord, 3 Nozzles for Fish Tank, Aquarium, Statuary, Hydroponics","'YOW3'","CA","15.4","10.7","9.5","centimeters","0.67","kilograms","0.0016","cubic meters","Standard-Size","13.47","0.0","0.0209","2026-04","7.5","weeks","40.0","0.0","9.73","0.0152","0.8349","0.0","CAD","0.8349","--","N","N","0.0","--","0.13"
"B097HF98WF","X00305V1U1","VIVOSUN 660GPH Submersible Water Pump, 2500L/H 35W Aquarium Pump, Ultra Quiet Fountain Pump with 8.2ft/2.5m High Lift for Fish Tank, Pond, Aquarium, Statuary, Hydroponics","'YOW3'","CA","15.2","10.9","9.2","centimeters","0.71","kilograms","0.0015","cubic meters","Standard-Size","2.6","0.0","0.0036","2026-04","7.5","weeks","40.0","0.0","0.0","0.0","0.1443","0.0","CAD","0.1443","--","N","N","0.0","--","0.23"
"B08HRW31D4","X003ASDM2D","VIVOSUN 10-Pack 15 Gallon Grow Bags Heavy Duty 300G Thickened Nonwoven Plant Fabric Pots with Handles","'YOW3'","CA","34.5","28.8","16.3","centimeters","2.44","kilograms","0.0162","cubic meters","Standard-Size","3.83","0.0","0.0556","2026-04","7.5","weeks","40.0","0.0","0.2","0.0032","2.2242","0.0","CAD","2.2242","--","N","N","0.0","--","0.4"
"B097PJS964","X003ASERIL","VIVOSUN 10-Pack 30 Gallon Grow Bags Heavy Duty 300G Thickened Nonwoven Plant Fabric Pots with Handles","'YOW3'","CA","44.5","29.69","21.11","centimeters","3.67","kilograms","0.0279","cubic meters","Oversize","4.33","0.0","0.1051","2026-04","9.6","weeks","28.0","0.0","0.83","0.0232","2.9423","0.0","CAD","2.9423","--","N","N","0.0","--","0.57"
"B08HRS2TDC","X003DPYMSL","VIVOSUN 10-Pack 2 Gallon Grow Bags Heavy Duty 300G Thickened Nonwoven Plant Fabric Pots with Handles","'YOW3'","CA","23.09","14.5","11.91","centimeters","0.76","kilograms","0.004","cubic meters","Standard-Size","3.63","0.0","0.0132","2026-04","7.5","weeks","40.0","0.0","0.23","9.0E-4","0.5266","0.0","CAD","0.5266","--","N","N","0.0","--","0.33"
"B08HRVMPX9","X003DPYQNH","VIVOSUN 10-Pack 7 Gallon Grow Bags Heavy Duty 300G Thickened Nonwoven Plant Fabric Pots with Handles","'YOW3'","CA","27.41","25.7","15.09","centimeters","1.54","kilograms","0.0106","cubic meters","Standard-Size","7.7","0.0","0.0765","2026-04","7.5","weeks","40.0","0.0","1.67","0.0177","3.0611","0.0","CAD","3.0611","--","N","N","0.0","--","0.53"
"B08HRVR5TV","X003DQEIJN","VIVOSUN 10-Pack 1 Gallon Grow Bags Heavy Duty 300G Thickened Nonwoven Plant Fabric Pots with Handles","'YOW3'","CA","20.6","14.91","10.8","centimeters","0.54","kilograms","0.0033","cubic meters","Standard-Size","0.33","0.0","0.001","2026-04","7.5","weeks","40.0","0.0","0.03","1.0E-4","0.0398","0.0","CAD","0.0398","--","N","N","0.0","--","0.03"
"B08HRR1ZJM","X003DQEK5P","VIVOSUN 10-Pack 3 Gallon Grow Bags Heavy Duty 300G Thickened Nonwoven Plant Fabric Pots with Handles","'YOW3'","CA","28.4","18.21","12.5","centimeters","0.97","kilograms","0.0065","cubic meters","Standard-Size","0.03","0.0","2.0E-4","2026-04","7.5","weeks","40.0","0.0","0.0","0.0","0.0086","0.0","CAD","0.0086","--","N","N","0.0","--","0.0"
"B097PJW1QP","X003DQEKYL","VIVOSUN 10-Pack 20 Gallon Grow Bags Heavy Duty 300G Thickened Nonwoven Plant Fabric Pots with Handles","'YOW3'","CA","43.51","30.71","16.1","centimeters","2.93","kilograms","0.0215","cubic meters","Standard-Size","3.2","0.0","0.0595","2026-04","7.5","weeks","40.0","0.0","0.87","0.0186","2.3812","0.0","CAD","2.3812","--","N","N","0.0","--","0.47"
"B097PHG8PV","X003DQFPYZ","VIVOSUN 10-Pack 25 Gallon Grow Bags Heavy Duty 300G Thickened Nonwoven Plant Fabric Pots with Handles","'YOW3'","CA","44.78","32.59","17.6","centimeters","3.29","kilograms","0.0257","cubic meters","Standard-Size","1.0","0.0","0.0223","2026-04","7.5","weeks","40.0","0.0","0.1","0.0026","0.8905","0.0","CAD","0.8905","--","N","N","0.0","--","0.13"
"B08HRTY8PY","X003DQFS9R","VIVOSUN 10-Pack 5 Gallon Grow Bags Heavy Duty 300G Thickened Nonwoven Plant Fabric Pots with Handles","'YOW3'","CA","26.49","19.3","12.5","centimeters","1.28","kilograms","0.0064","cubic meters","Standard-Size","1.17","0.0","0.0072","2026-04","7.5","weeks","40.0","0.0","0.03","2.0E-4","0.2897","0.0","CAD","0.2897","--","N","N","0.0","--","0.03"
"B08HRSGQV7","X003DQFSFV","VIVOSUN 10-Pack 10 Gallon Grow Bags Heavy Duty 300G Thickened Nonwoven Plant Fabric Pots with Handles","'YOW3'","CA","32.4","25.0","14.6","centimeters","1.85","kilograms","0.0118","cubic meters","Standard-Size","7.0","0.0","0.0792","2026-04","7.5","weeks","40.0","0.0","4.07","0.0481","3.1693","0.0","CAD","3.1693","--","N","N","0.0","--","0.3"
"B0BG2FG4H5","X003FGR1CH","VIVOSUN Commercial Air Pump 1427 GPH 55W 90L/min 12 Outlet for Aquarium and Hydroponic Systems","'YOW3'","CA","24.3","16.3","15.9","centimeters","3.48","kilograms","0.0063","cubic meters","Standard-Size","1.77","0.0","0.0111","2026-04","7.5","weeks","40.0","0.0","0.0","0.0","0.445","0.0","CAD","0.445","--","N","N","0.0","--","0.0"
"B0BG2HJRGB","X003FGV0TR","VIVOSUN Commercial Air Pump 634GPH, 25W, 40L/min 6 Outlet for Aquarium and Hydroponic Systems","'YOW3'","CA","17.5","14.1","10.2","centimeters","1.19","kilograms","0.0025","cubic meters","Standard-Size","2.63","0.0","0.0061","2026-04","7.5","weeks","40.0","0.0","0.03","1.0E-4","0.245","0.0","CAD","0.245","--","N","N","0.0","--","0.2"
"B0BG2GFRQJ","X003FGVA7J","VIVOSUN Commercial Air Pump 1110 GPH 8 Outlet 40W 70L/min for Aquarium and Hydroponic Systems","'YOW3'","CA","21.4","15.5","11.1","centimeters","1.81","kilograms","0.0037","cubic meters","Standard-Size","4.33","0.0","0.0158","2026-04","7.5","weeks","40.0","0.0","0.0","0.0","0.6333","0.0","CAD","0.6333","--","N","N","0.0","--","0.03"
"B0BG2BT9RX","X003FGVA7T","VIVOSUN 317GPH Air Pump 15W 6 Outlet 20 L/Min for Aquarium and Hydroponic Systems","'YOW3'","CA","17.4","13.9","10.3","centimeters","1.08","kilograms","0.0025","cubic meters","Standard-Size","3.2","0.0","0.0076","2026-04","7.5","weeks","40.0","0.0","0.0","0.0","0.3056","0.0","CAD","0.3056","--","N","N","0.0","--","0.13"
"B0BCVQ9CNP","X003FHBNCF","VIVOSUN 5 x 30 ft. Plant Trellis Netting, Heavy-Duty Polyester Grow Net, Garden Trellis Netting with Square Mesh for Climbing Plants, Vegetables, Fruits, and Flowers, 1-Pack","'YOW3'","CA","18.4","18.2","2.9","centimeters","0.22","kilograms","0.001","cubic meters","Standard-Size","72.3","0.0","0.0698","2026-04","7.5","weeks","40.0","0.0","60.57","0.0588","2.7904","0.0","CAD","2.7904","--","N","N","0.0","--","0.47"
"B0BCVM2P9K","X003FHDSOL","VIVOSUN 5 x 15 ft. Plant Trellis Netting, Heavy-Duty Polyester Grow Net, Garden Trellis Netting with Square Mesh for Climbing Plants, Vegetables, Fruits, and Flowers, 1-Pack","'YOW3'","CA","18.6","17.3","1.5","centimeters","0.12","kilograms","5.0E-4","cubic meters","Standard-Size","29.4","0.0","0.0141","2026-04","7.5","weeks","40.0","0.0","29.2","0.0141","0.5638","0.0","CAD","0.5638","--","N","N","0.0","--","0.2"
"B0BKPKKWYK","X003LX886H","VIVOSUN Smart Grow System with the AeroLight A150SE, 150W LED Grow Light w/Integrated Circulation Fan & GrowHub Controller E25, Establish an Intelligent Grow Environment","'YOW3'","CA","40.89","34.49","8.41","centimeters","3.15","kilograms","0.0119","cubic meters","Standard-Size","0.4","0.0","0.0028","2026-04","7.5","weeks","40.0","0.0","0.07","8.0E-4","0.1107","0.0","CAD","0.1107","--","N","N","0.0","--","0.17"
"B0BKPK5CKW","X003LXO2RV","VIVOSUN AeroLight A150SE, 150W LED Grow Light with an Integrated Circulation Fan, Compatible with App, Must Be Used wth Growhub Controller E42/E42A/E25 to Achieve Many Functions","'YOW3'","CA","40.89","34.7","8.31","centimeters","3.13","kilograms","0.0118","cubic meters","Standard-Size","0.33","0.0","8.0E-4","2026-04","7.5","weeks","40.0","0.0","0.0","0.0","0.0314","0.0","CAD","0.0314","--","N","N","0.0","--","0.27"
"B0BKPH1CZ6","X003LXOB1X","VIVOSUN Smart Grow System with the AeroLight A200SE, 200W LED Grow Light w/Integrated Circulation Fan & GrowHub Controller E25, Establish an Intelligent Grow Environment","'YOW3'","CA","41.0","34.7","9.2","centimeters","4.76","kilograms","0.0131","cubic meters","Standard-Size","0.03","0.0","4.0E-4","2026-04","7.5","weeks","40.0","0.0","0.03","4.0E-4","0.0175","0.0","CAD","0.0175","--","N","N","0.0","--","0.0"
"B0BM8SK9QY","X003RDJ6ZN","VIVOSUN Gardening Scissors 6.5 Inch Hand Pruner Pruning Shear with Straight Stailess Steel Blades, Black and Green, 2-Pack","'YOW3'","CA","23.9","9.3","2.7","centimeters","0.14","kilograms","6.0E-4","cubic meters","Standard-Size","26.3","0.0","0.0155","2026-04","7.5","weeks","40.0","0.0","23.0","0.0138","0.6209","0.0","CAD","0.6209","--","N","N","0.0","--","0.43"
"B0BKZTQZCN","X003RDK5Z3","VIVOSUN Gardening Scissors 6.5 Inch Hand Pruner Pruning Shear with Straight Stailess Steel Blades, Black and Green, 1-Pack","'YOW3'","CA","21.5","7.0","1.3","centimeters","0.06","kilograms","2.0E-4","cubic meters","Standard-Size","25.37","0.0","0.0049","2026-04","7.5","weeks","40.0","0.0","8.47","0.0017","0.1951","0.0","CAD","0.1951","--","N","N","0.0","--","0.47"
"B0BVMBGMLK","X003RRA1AN","VIVOSUN 5 x 30 ft. Plant Trellis Netting, Heavy-Duty Polyester Grow Net, Garden Trellis Netting with Square Mesh for Climbing Plants, Vegetables, Fruits, and Flowers, 2-Pack","'YOW3'","CA","28.7","21.5","5.5","centimeters","0.44","kilograms","0.0034","cubic meters","Standard-Size","32.73","0.0","0.1109","2026-04","7.5","weeks","40.0","0.0","32.67","0.1109","4.4345","0.0","CAD","4.4345","--","N","N","0.0","--","0.07"
"B0BVM964Z8","X003RRCXQD","VIVOSUN 5 x 15 ft. Plant Trellis Netting, Heavy-Duty Polyester Grow Net, Garden Trellis Netting with Square Mesh for Climbing Plants, Vegetables, Fruits, and Flowers, 2-Pack","'YOW3'","CA","20.9","19.8","3.0","centimeters","0.24","kilograms","0.0012","cubic meters","Standard-Size","72.83","0.0","0.0903","2026-04","7.5","weeks","40.0","0.0","72.77","0.0903","3.6135","0.0","CAD","3.6135","--","N","N","0.0","--","0.07"
"B0BB799H1L","X003RS3C9J","VIVOSUN 7 x 10 Feet Pond Liner, 14.5 Mil Durable LLDPE Pond Liners for Koi Ponds, Aquaculture and Water Gardens, Black","'YOW3'","CA","35.5","28.0","7.1","centimeters","1.86","kilograms","0.0071","cubic meters","Standard-Size","3.73","0.0","0.0263","2026-04","7.5","weeks","40.0","0.0","2.87","0.0202","1.0539","0.0","CAD","1.0539","--","N","N","0.0","--","0.0"
"B0BB7C3V4H","X003RS5ONV","VIVOSUN 10 x 13 Feet Pond Liner, 14.5 Mil Durable LLDPE Pond Liners for Koi Ponds, Aquaculture and Water Gardens, Black","'YOW3'","CA","39.4","30.4","10.2","centimeters","3.86","kilograms","0.0122","cubic meters","Standard-Size","9.13","0.0","0.1083","2026-04","7.5","weeks","40.0","0.0","1.43","0.0175","4.333","0.0","CAD","4.333","--","N","N","0.0","--","0.27"
"B0BB78XGNK","X003RS5PCB","VIVOSUN 13.5 x 20 Feet Pond Liner, 14.5 Mil Durable LLDPE Pond Liners for Koi Ponds, Aquaculture and Water Gardens, Black","'YOW3'","CA","45.4","34.9","17.0","centimeters","7.28","kilograms","0.0269","cubic meters","Oversize","3.33","0.0","0.0808","2026-04","9.6","weeks","28.0","0.0","0.7","0.0189","2.2632","0.0","CAD","2.2632","--","N","N","0.0","--","0.37"
"B0BY2CLYQQ","X003SYKRVN","VIVOSUN 2ft. x 4ft. Elastic Trellis Netting with 4 Hooks for Climbing Plants, Vegetables, Fruits, and Flowers, 1-Pack","'YOW3'","CA","19.2","12.2","3.0","centimeters","0.13","kilograms","7.0E-4","cubic meters","Standard-Size","0.03","0.0","0.0","2026-04","7.5","weeks","40.0","0.0","0.03","0.0","9.0E-4","0.0","CAD","9.0E-4","--","N","N","0.0","--","0.0"
"B0BY2JKXC7","X003SZ0I25","VIVOSUN 4 x 4Ft. Elastic Trellis Netting with 4 Hooks for Climbing Plants, Vegetables, Fruits, and Flowers, 1-Pack","'YOW3'","CA","19.7","18.3","4.5","centimeters","0.22","kilograms","0.0016","cubic meters","Standard-Size","6.0","0.0","0.0097","2026-04","7.5","weeks","40.0","0.0","6.0","0.0097","0.3893","0.0","CAD","0.3893","--","N","N","0.0","--","0.0"
"B0BY2DZJ8J","X003SZ0P73","VIVOSUN Elastic 5 x 5Ft. Trellis Netting with 4 Hooks for Climbing Plants, Vegetables, Fruits, and Flowers, 1-Pack","'YOW3'","CA","19.6","18.0","5.9","centimeters","0.27","kilograms","0.0021","cubic meters","Standard-Size","4.4","0.0","0.0092","2026-04","7.5","weeks","40.0","0.0","0.13","3.0E-4","0.3663","0.0","CAD","0.3663","--","N","N","0.0","--","0.0"
"B0BY2CVFB9","X003SZ13H9","VIVOSUN 3 x 3Ft. Elastic Trellis Netting with 4 Hooks for Climbing Plants, Vegetables, Fruits, and Flowers, 1-Pack","'YOW3'","CA","19.1","12.1","3.2","centimeters","0.14","kilograms","7.0E-4","cubic meters","Standard-Size","0.07","0.0","0.0","2026-04","7.5","weeks","40.0","0.0","0.03","0.0","0.001","0.0","CAD","0.001","--","N","N","0.0","--","0.03"
"B0C6QG963B","X003UH0P5V","VIVOSUN AeroZesh G4 4-inch 195 CFM Inline Duct Fan with E12 Speed Controller, Entirely Programmable PWM-Controlled EC Fan for Grow Tent Ventilation","'YOW3'","CA","40.6","25.1","19.7","centimeters","2.46","kilograms","0.0201","cubic meters","Standard-Size","2.33","0.0","0.0388","2026-04","7.5","weeks","40.0","0.0","1.93","0.0388","1.5525","0.0","CAD","1.5525","--","N","N","0.0","--","0.4"
"B0C4S397J4","X003UXKIBB","VIVOSUN Quiet Register Booster Fan for 𝟒"" 𝐱𝟏𝟎"" Holes, Cooling Heating Vent with Intelligent Thermostat Control, 10-Speeds Increase Airflow Booster Fan for Bedroom & Attic, Matte White","'YOW3'","CA","38.79","15.8","6.9","centimeters","1.12","kilograms","0.0042","cubic meters","Standard-Size","1.83","0.0","0.0075","2026-04","7.5","weeks","40.0","0.0","1.77","0.0075","0.2988","0.0","CAD","0.2988","--","N","N","0.0","--","0.07"
"B0BZRX7BL8","X003VJH1EB","VIVOSUN Water Transfer Pump, 1/10HP 330 GPH 115V Auto Portable Utility Pump with ON/Off Switch, Water Hose Kit for Removing Water from Gardens, Hot Tubs, Rain Barrels, Pools, Ponds, Aquariums","'YOW3'","CA","22.4","20.4","15.2","centimeters","2.78","kilograms","0.0069","cubic meters","Standard-Size","1.83","0.0","0.0127","2026-04","7.5","weeks","40.0","0.0","0.03","2.0E-4","0.5094","0.0","CAD","0.5094","--","N","N","0.0","--","0.0"
"B0875SPZT4","X003VVNEHR","VIVOSUN 4 Inch 16 Feet Non-Insulated Flex Air Aluminum Ducting for HVAC Ventilation with 2 Stainless Steel Clamps","'YOW3'","CA","30.6","12.0","11.4","centimeters","0.67","kilograms","0.0042","cubic meters","Standard-Size","7.6","0.0","0.0317","2026-04","7.5","weeks","40.0","0.0","0.03","1.0E-4","1.267","0.0","CAD","1.267","--","N","N","0.0","--","0.03"
"B07WT519SL","X003VVNGPR","VIVOSUN 6 Inch 8 Feet Black Non-Insulated Flex Air Aluminum Ducting for Ventilation w/ 2pcs 6 Inch Stainless Steel Clamps","'YOW3'","CA","17.7","17.1","15.0","centimeters","0.6","kilograms","0.0045","cubic meters","Standard-Size","5.07","0.0","0.023","2026-04","7.5","weeks","40.0","0.0","0.07","3.0E-4","0.9201","0.0","CAD","0.9201","--","N","N","0.0","--","0.0"
"B087632ZS3","X003VVNLEX","VIVOSUN 4 Inch 16 Feet Black Non-Insulated Flex Air Aluminum Ducting for HVAC Ventilation w/Two 4 Inch Stainless Steel Clamps","'YOW3'","CA","35.79","12.3","12.0","centimeters","0.86","kilograms","0.0053","cubic meters","Standard-Size","2.83","0.0","0.015","2026-04","7.5","weeks","40.0","0.0","0.03","2.0E-4","0.5987","0.0","CAD","0.5987","--","N","N","0.0","--","0.0"
"B07B7HCHR2","X003VVPM3V","VIVOSUN 6 Inch 8 Feet Non-Insulated Flex Air Aluminum Ducting for HVAC Ventilation w/Two 4 Inch Stainless Steel Clamps","'YOW3'","CA","17.2","16.9","14.6","centimeters","0.47","kilograms","0.0042","cubic meters","Standard-Size","4.97","0.0","0.0205","2026-04","7.5","weeks","40.0","0.0","0.07","3.0E-4","0.8205","0.0","CAD","0.8205","--","N","N","0.0","--","0.13"
"B07WT4VNC1","X003VVPZ3D","VIVOSUN 6 Inch 25 Feet Black Non-Insulated Flex Air Aluminum Ducting for HVAC Ventilation w/Two 6 Inch Stainless Steel Clamps","'YOW3'","CA","41.79","17.1","16.7","centimeters","1.73","kilograms","0.0119","cubic meters","Standard-Size","6.23","0.0","0.0728","2026-04","7.5","weeks","40.0","0.0","1.73","0.0207","2.9119","0.0","CAD","2.9119","--","N","N","0.0","--","0.13"
"B07WW7CY9F","X003VVQ0EV","VIVOSUN 4 Inch 8 Feet Black Non-Insulated Flex Air Aluminum Ducting for HVAC Ventilation w/Two 4 Inch Stainless Steel Clamps","'YOW3'","CA","19.1","12.1","11.7","centimeters","0.16","kilograms","0.0027","cubic meters","Standard-Size","4.53","0.0","0.0118","2026-04","7.5","weeks","40.0","0.0","1.77","0.0048","0.4723","0.0","CAD","0.4723","--","N","N","0.0","--","0.17"
"B0BY2HRPWQ","X003X2AGC5","VIVOSUN Small Grow Tent for Aerogarden, Hydroponics Growing System, 20”x14”x21” Highly Reflective Mylar Indoor Grow Tent with Sealed Bottom Design, Ventilation Window and Cable Hole Port","'YOW3'","CA","34.4","19.8","15.7","centimeters","1.73","kilograms","0.0107","cubic meters","Standard-Size","1.3","0.0","0.0135","2026-04","7.5","weeks","40.0","0.0","1.1","0.0118","0.5418","0.0","CAD","0.5418","--","N","N","0.0","--","0.03"
"B0BTD3HZLX","X003XUW017","VIVOSUN 6-Pack Seed Starter Trays, 240-Cell Seed Starter Kit with 2 Set of LED Lights, 3.6"" Higher Cover, Adjustable Vents, Drainage Holes, Green Propagation Tray for Planting Seed, 40 Cells x 6 Packs","'YOW3'","CA","38.1","25.3","15.39","centimeters","2.15","kilograms","0.0148","cubic meters","Standard-Size","1.07","0.0","0.0148","2026-04","7.5","weeks","40.0","0.0","0.07","0.001","0.5934","0.0","CAD","0.5934","--","N","N","0.0","--","0.07"
"B0BTD741R3","X003XUW3S7","VIVOSUN 1-Pack 40-Cell Seed Starter Trays with 1 Set of LED Lights and 10""x20.75"" Seedling Heat Mat, 3.6"" Higher Cover, Adjustable Vents, Drainage Holes, Green Propagation Tray for Planting Seeds","'YOW3'","CA","39.1","25.4","13.9","centimeters","1.13","kilograms","0.0138","cubic meters","Standard-Size","1.33","0.0","0.0161","2026-04","7.5","weeks","40.0","0.0","0.1","0.0014","0.6442","0.0","CAD","0.6442","--","N","N","0.0","--","0.17"
"B0BVPYH3WM","X003Y811ZT","VIVOSUN Inline Booster Duct Fan 8” 430 CFM with Speed Controller, HVAC Exhaust Ventilation Fan with Low Noise for Basements, Bathrooms, Kitchens, Attics, Grow Tents","'YOW3'","CA","23.3","21.2","19.8","centimeters","1.63","kilograms","0.0098","cubic meters","Standard-Size","1.2","0.0","0.0111","2026-04","7.5","weeks","40.0","0.0","1.13","0.0111","0.4434","0.0","CAD","0.4434","--","N","N","0.0","--","0.07"
"B0B9GVFMCD","X003Y9MGZR","VIVOSUN 2-Pack Clamp Lamp Light with Detachable 5.5 Inch Aluminum Reflector up to 60W E26 Socket (No Bulb Included), 6 Feet Cord, UL Listed","'YOW3'","CA","21.3","18.4","12.7","centimeters","0.78","kilograms","0.005","cubic meters","Standard-Size","1.43","0.0","0.0038","2026-04","7.5","weeks","40.0","0.0","0.13","7.0E-4","0.1526","0.0","CAD","0.1526","--","N","N","0.0","--","1.0"
"B0B96R2RC3","X003Y9YNC1","VIVOSUN Professional Automatic Drip Irrigation Kits, 15W Output, All in One Professional Grow Kit- Includes Pump, Timer and Regulator, 8 Drip Emitters Garden Plant Watering System Indoor Outdoor","'YOW3'","CA","19.0","17.5","16.1","centimeters","1.14","kilograms","0.0054","cubic meters","Standard-Size","0.03","0.0","2.0E-4","2026-04","7.5","weeks","40.0","0.0","0.0","0.0","0.0071","0.0","CAD","0.0071","--","N","N","0.0","--","0.0"
"B09SZ9VS93","X003YG5X19","VIVOSUN 10""x20.75"" Seedling Heat Mat with Built-in Temperature Controller, UL & MET-Certified Waterproof Plant Heating Pad for Germination, Hydroponics, Brewing, Breeding, and Greenhouses","'YOW3'","CA","26.7","7.2","6.9","centimeters","0.43","kilograms","0.0013","cubic meters","Standard-Size","55.73","0.0","0.0727","2026-04","7.5","weeks","40.0","0.0","17.37","0.023","2.9093","0.0","CAD","2.9093","--","N","N","0.0","--","0.9"
"B0B7HXBR75","X003YK5EK5","Unknown","'YOW3'","CA","22.4","13.6","3.5","centimeters","0.02","kilograms","0.0011","cubic meters","Standard-Size","0.03","0.0","0.0","2026-04","7.5","weeks","40.0","0.0","0.03","0.0","0.0014","0.0","CAD","0.0014","--","N","N","0.0","--","0.0"
"B0C1BHDKRL","X003ZPKQ25","VIVOSUN USB-C Splitter with 1 Male to 2 Female, 2-in-1 Type C Splitter, Daisy-Chain Adapter Dongle for GrowHub Controller E42A","'YOW3'","CA","17.7","12.7","0.8","centimeters","0.02","kilograms","2.0E-4","cubic meters","Standard-Size","0.97","0.0","2.0E-4","2026-04","7.5","weeks","40.0","0.0","0.97","2.0E-4","0.007","0.0","CAD","0.007","--","N","N","0.0","--","0.0"
"B0BZY3BT6R","X0040NVN37","VIVOSUN 2600 GPH Submersible Water Pump with Barrier Bag, Ultra Quiet 200W Pond Pump for Pond, Waterfall, Fish Tank, Statuary, Hydroponic, 20Ft. Lift Height","'YOW3'","CA","35.29","25.4","18.4","centimeters","4.04","kilograms","0.0165","cubic meters","Standard-Size","5.53","0.0","0.0907","2026-04","7.5","weeks","40.0","0.0","5.5","0.0907","3.6285","0.0","CAD","3.6285","--","N","N","0.0","--","0.03"
"B0BZXJGT3Z","X0040NVO9P","VIVOSUN 3700 GPH Submersible Water Pump with Barrier Bag, Ultra Quiet 300W Pond Pump for Pond, Waterfall, Fish Tank, Statuary, Hydroponic, 21Ft. Lift Height","'YOW3'","CA","35.7","25.8","18.2","centimeters","4.16","kilograms","0.0168","cubic meters","Standard-Size","6.83","0.0","0.1134","2026-04","7.5","weeks","40.0","0.0","6.77","0.1134","4.5372","0.0","CAD","4.5372","--","N","N","0.0","--","0.07"
"B0BLBHZ6CS","X0041E9T7R","VIVOSUN 5-Pack 5 Gallon Grow Bags, 500G Thick Nonwoven Fabric Pots with Strap Handles, Multi-Purpose Rings, for Low Stress Plant Training Fruits, Vegetables, and Flowers","'YOW3'","CA","26.8","19.9","8.1","centimeters","0.95","kilograms","0.0043","cubic meters","Standard-Size","0.23","0.0","6.0E-4","2026-04","7.5","weeks","40.0","0.0","0.13","6.0E-4","0.023","0.0","CAD","0.023","--","N","N","0.0","--","0.1"
"B0BLBQJ5J7","X0041EANFT","VIVOSUN 5-Pack 7 Gallon Grow Bags, 500G Thick Nonwoven Fabric Pots with Strap Handles, Multi-Purpose Rings, for Low Stress Plant Training Fruits, Vegetables, and Flowers","'YOW3'","CA","28.2","20.8","11.7","centimeters","1.0","kilograms","0.0069","cubic meters","Standard-Size","6.97","0.0","0.0462","2026-04","7.5","weeks","40.0","0.0","6.63","0.0455","1.8484","0.0","CAD","1.8484","--","N","N","0.0","--","0.23"
"B0BL8TRX3H","X0041EANR7","VIVOSUN Pack of 5 Plant Bags 40L Non-Woven Fabric Plant Bag 500 g/m² Thickness, Fabric Pots with Handles and Versatile Rings, Ideal for LST, Fruits, Vegetables and Flowers","'YOW3'","CA","36.1","24.9","11.8","centimeters","1.48","kilograms","0.0106","cubic meters","Standard-Size","8.57","0.0","0.0859","2026-04","7.5","weeks","40.0","0.0","7.73","0.082","3.4366","0.0","CAD","3.4366","--","N","N","0.0","--","0.47"
"B0BLB36L7K","X0041ECFCX","VIVOSUN 5-Pack 3 Gallon Grow Bags, 500G Thick Nonwoven Fabric Pots with Strap Handles, Multi-Purpose Rings, for Low Stress Plant Training Fruits, Vegetables, and Flowers","'YOW3'","CA","27.3","16.8","7.6","centimeters","0.65","kilograms","0.0035","cubic meters","Standard-Size","14.53","0.0","0.0495","2026-04","7.5","weeks","40.0","0.0","13.47","0.0469","1.9798","0.0","CAD","1.9798","--","N","N","0.0","--","0.33"
"B0BLBJ3YN1","X0041ECHHL","VIVOSUN 5-Pack 15 Gallon Grow Bags, 500G Thick Nonwoven Fabric Pots with Strap Handles, Multi-Purpose Rings, for Low Stress Plant Training Fruits, Vegetables, and Flowers","'YOW3'","CA","33.4","28.8","11.91","centimeters","1.51","kilograms","0.0115","cubic meters","Standard-Size","1.9","0.0","0.0187","2026-04","7.5","weeks","40.0","0.0","1.63","0.0187","0.7488","0.0","CAD","0.7488","--","N","N","0.0","--","0.27"
"B0BL9XDQZL","X0041EH3LV","VIVOSUN 5-Pack 25 Gallon Grow Bags, 360G Thick Nonwoven Fabric Pots with Strap Handles, Multi-Purpose Rings, for Low Stress Plant Training Fruits, Vegetables, and Flowers","'YOW3'","CA","42.29","32.5","10.5","centimeters","2.05","kilograms","0.0144","cubic meters","Standard-Size","6.03","0.0","0.0827","2026-04","7.5","weeks","40.0","0.0","5.73","0.0827","3.3096","0.0","CAD","3.3096","--","N","N","0.0","--","0.3"
"B0C5MD1DW5","X0043RS1LR","VIVOSUN Self-Watering Planters, 6-Pack 10.5 Inch Compact Rectangular Window Herb Planter Box with 10 PCS Plant Labels, Plant Container for Basil, Flowers, Succulents, Indoor & Outdoor","'YOW3'","CA","38.4","29.69","14.4","centimeters","1.95","kilograms","0.0164","cubic meters","Standard-Size","2.13","0.0","0.0318","2026-04","7.5","weeks","40.0","0.0","0.37","0.006","1.27","0.0","CAD","1.27","--","N","N","0.0","--","0.2"
"B0C5MBVTR9","X0043S1AWX","VIVOSUN Self-Watering Planters, 4-Pack 10.5 Inch Compact Rectangular Window Herb Planter Box with 10 PCS Plant Labels, Plant Container for Basil, Flowers, Succulents, Indoor & Outdoor","'YOW3'","CA","30.1","29.3","14.2","centimeters","1.35","kilograms","0.0125","cubic meters","Standard-Size","0.33","0.0","0.0029","2026-04","7.5","weeks","40.0","0.0","0.23","0.0029","0.1169","0.0","CAD","0.1169","--","N","N","0.0","--","0.13"
"B0BW94JFT3","X0043SEDG3","VIVOSUN 1.6"" Rockwool Cubes, 112 Plugs Stonewool Starter Grow Cubes for Cuttings, Cloning, Plant Propagation, Seed Starting, Hydroponic Grow Media for Vigorous Plant Growth, 4 Sheets of 112 Plugs","'YOW3'","CA","30.99","18.59","16.41","centimeters","0.61","kilograms","0.0095","cubic meters","Standard-Size","4.83","0.0","0.0454","2026-04","7.5","weeks","40.0","0.0","0.0","0.0","1.8151","0.0","CAD","1.8151","--","N","N","0.0","--","0.03"
"B0B8HW3N9G","X0043SHF3V","VIVOSUN 1.6"" Rockwool Cubes, 28 Plugs Stonewool Starter Grow Cubes for Cuttings, Cloning, Plant Propagation, Seed Starting, Hydroponic Grow Media for Vigorous Plant Growth, 1 Sheets of 28 Plugs","'YOW3'","CA","30.1","17.4","4.7","centimeters","0.15","kilograms","0.0025","cubic meters","Standard-Size","0.37","0.0","8.0E-4","2026-04","7.5","weeks","40.0","0.0","0.33","8.0E-4","0.0328","0.0","CAD","0.0328","--","N","N","0.0","--","0.03"
"B08S6V7D1V","X0043SHGP3","VIVOSUN 30X Rechargeable Loupe Magnifier with White LED Light and UV Light, Portable Magnifying Glass with Optical Glass Lens & Scale for Jewelry, Textile, Gems, Stamps, Coins and Plants","'YOW3'","CA","7.3","6.3","6.2","centimeters","0.2","kilograms","3.0E-4","cubic meters","Standard-Size","0.33","0.0","0.0","2026-04","7.5","weeks","40.0","0.0","0.03","0.0","4.0E-4","0.0","CAD","4.0E-4","--","N","N","0.0","--","0.4"
"B0BW95Z36Q","X0043SI9CH","VIVOSUN 1"" Rockwool Cubes, 200 Plugs Stonewool Starter Grow Cubes for Cuttings, Cloning, Plant Propagation, Seed Starting, Hydroponic Grow Media for Vigorous Plant Growth","'YOW3'","CA","29.7","15.4","10.0","centimeters","0.28","kilograms","0.0046","cubic meters","Standard-Size","0.03","0.0","2.0E-4","2026-04","7.5","weeks","40.0","0.0","0.03","2.0E-4","0.0061","0.0","CAD","0.0061","--","N","N","0.0","--","0.0"
"B0CFX9CQ4H","X0043SID3H","VIVOSUN Window Duct Kit, Portable AC Window Seal Kit, Fit with 4”/6” Ducting & 5.9” Hose for Sliding Window, Adjustable AC Vent Kit for Duct Fans, Air Conditioner, Dryer","'YOW3'","CA","44.1","18.1","9.8","centimeters","1.73","kilograms","0.0078","cubic meters","Standard-Size","43.7","0.0","0.3379","2026-04","7.5","weeks","40.0","0.0","31.33","0.2451","13.5171","0.0","CAD","13.5171","--","N","N","0.0","--","0.5"
"B0CNPP4JFD","X0043U1JNL","VIVOSUN 2700 GPH Submersible Water Pump with Barrier Bag, 120W Pond Pump, Ultra Quiet Aquarium Pump with 15FT. Lift Height for Pond, Waterfall, Fish Tank, Statuary, Hydroponic","'YOW3'","CA","32.2","18.6","16.8","centimeters","3.38","kilograms","0.0101","cubic meters","Standard-Size","8.13","0.0","0.0808","2026-04","7.5","weeks","40.0","0.0","5.2","0.0523","3.2332","0.0","CAD","3.2332","--","N","N","0.0","--","0.1"
"B0CQJG8YCH","X0043U4LEP","VIVOSUN 2700 GPH Submersible Water Pump with Barrier Bag, 120W Pond Pump with 15FT. Lift Height, Ultra Quiet Aquarium Pump for Pond, Waterfall, Fish Tank, Statuary, Hydroponic","'YOW3'","CA","32.5","18.6","16.9","centimeters","3.36","kilograms","0.0102","cubic meters","Standard-Size","8.83","0.0","0.0896","2026-04","7.5","weeks","40.0","0.0","7.67","0.0783","3.5824","0.0","CAD","3.5824","--","N","N","0.0","--","0.07"
"B0CQJDT91K","X0043U4OJR","VIVOSUN 1800 GPH Submersible Water Pump with Barrier Bag, 100W Pond Pump with 14FT. Lift Height, Ultra Quiet Aquarium Pump for Pond, Waterfall, Fish Tank, Statuary, Hydroponic","'YOW3'","CA","32.5","18.5","16.6","centimeters","3.33","kilograms","0.01","cubic meters","Standard-Size","2.0","0.0","0.0196","2026-04","7.5","weeks","40.0","0.0","1.97","0.0196","0.7851","0.0","CAD","0.7851","--","N","N","0.0","--","0.03"
"B0CQJCG61Q","X0043U75K7","VIVOSUN 3000 GPH Submersible Water Pump with Barrier Bag, 150W Pond Pump with 18FT. Lift Height, Ultra Quiet Aquarium Pump for Pond, Waterfall, Fish Tank, Statuary, Hydroponic","'YOW3'","CA","32.5","18.5","16.9","centimeters","3.43","kilograms","0.0102","cubic meters","Standard-Size","5.63","0.0","0.0559","2026-04","7.5","weeks","40.0","0.0","5.5","0.0559","2.2354","0.0","CAD","2.2354","--","N","N","0.0","--","0.13"
"B0CNPPL1HG","X0043U7FL1","VIVOSUN 1600 GPH Submersible Water Pump with Barrier Bag, 100W Pond Pump, Ultra Quiet Aquarium Pump with 14FT. Lift Height for Pond, Waterfall, Fish Tank, Statuary, Hydroponic","'YOW3'","CA","32.41","18.8","16.89","centimeters","3.35","kilograms","0.0103","cubic meters","Standard-Size","7.13","0.0","0.0724","2026-04","7.5","weeks","40.0","0.0","4.8","0.0494","2.8948","0.0","CAD","2.8948","--","N","N","0.0","--","0.1"
"B0CP7H9LS3","X0043U8YKH","VIVOSUN 3000 GPH Submersible Water Pump with Barrier Bag, 150W Pond Pump, Ultra Quiet Aquarium Pump with 18FT. Lift Height for Pond, Waterfall, Fish Tank, Statuary, Hydroponic","'YOW3'","CA","32.29","18.4","16.9","centimeters","3.41","kilograms","0.01","cubic meters","Standard-Size","2.93","0.0","0.0288","2026-04","7.5","weeks","40.0","0.0","1.1","0.011","1.1513","0.0","CAD","1.1513","--","N","N","0.0","--","0.07"
"B0CRDP18Q6","X00440KG3T","VIVOSUN Window Duct Kit, Portable AC Window Seal Kit with 5.9"" Diameter 59"" Length Hose, Fit with 4""/6"" Ducting for Sliding Window, Adjustable AC Vent Kit for Duct Fans, Air Conditioner, Dryer","'YOW3'","CA","45.2","19.9","19.7","centimeters","2.48","kilograms","0.0177","cubic meters","Oversize","0.87","0.0","0.0142","2026-04","9.6","weeks","28.0","0.0","0.8","0.0142","0.397","0.0","CAD","0.397","--","N","N","0.0","--","0.07"
"B0BXP3XLLR","X0045ZP87H","VIVOSUN AeroLab THB1S Bluetooth Hygrometer Thermometer, Indoor Temp & Humidity Gauge with LCD, App Control, 2 Years Data Storage, Alert Notifications & Dual Channels, External Sensor Probe Included","'YOW3'","CA","14.6","12.6","2.9","centimeters","0.22","kilograms","5.0E-4","cubic meters","Standard-Size","0.13","0.0","0.0","2026-04","7.5","weeks","40.0","0.0","0.07","0.0","0.0014","0.0","CAD","0.0014","--","N","N","0.0","--","0.07"
"B0CYPFLPML","X0046BLS2T","VIVOSUN AeroWave E9 Grow Tent Fan 9”, Black","'YOW3'","CA","29.11","29.01","18.49","centimeters","1.52","kilograms","0.0156","cubic meters","Standard-Size","6.83","0.0","0.1056","2026-04","7.5","weeks","40.0","0.0","0.83","0.013","4.2259","0.0","CAD","4.2259","--","N","N","0.0","--","0.07"
"B0C3LK4RZC","X0047DSAY5","VIVOSUN Peat Pots, 120 Packs 3.15-Inch Seed Starting Pots with Drainage Holes, Round Nursery Pot, 20 Plant Labels for Flowers, Plants, Vegetables, 120Pcs","'YOW3'","CA","34.9","31.4","8.3","centimeters","1.03","kilograms","0.0091","cubic meters","Standard-Size","20.0","0.0","0.1819","2026-04","7.5","weeks","40.0","0.0","20.0","0.1819","7.2765","0.0","CAD","7.2765","--","N","N","0.0","--","0.0"
"B0C3LM52N5","X0047DSCR5","VIVOSUN Peat Pots, 60 Packs 3.15-Inch Seed Starting Pots with Drainage Holes, Round Nursery Pot, 20 Plant Labels for Flowers, Plants, Vegetables, 60Pcs","'YOW3'","CA","34.11","15.6","7.9","centimeters","0.55","kilograms","0.0042","cubic meters","Standard-Size","7.1","0.0","0.0298","2026-04","7.5","weeks","40.0","0.0","7.1","0.0298","1.1935","0.0","CAD","1.1935","--","N","N","0.0","--","0.0"
"B0CQ7TDJ9S","X0047E0DF3","VIVOSUN 1.6 Inch Rockwool Cubes, Grow Cubes for Hydroponics, Cuttings, Cloning, Plant Propagation, Seed Startling, 8 Sheets 224 Plugs","'YOW3'","CA","36.4","31.5","16.31","centimeters","1.14","kilograms","0.0187","cubic meters","Standard-Size","1.0","0.0","0.0181","2026-04","7.5","weeks","40.0","0.0","0.17","0.0031","0.7228","0.0","CAD","0.7228","--","N","N","0.0","--","0.03"
"B0D3PMBVV1","X0048F98VB","VIVOSUN 400 GPH 20W Submersible Water Pump, with Adjustable Water Flow, 4.9 ft Tubing, Additional Ceramic Shaft, and Outlet Adapters, for Fish Tanks, Aquariums, Hydroponics, Fountains","'YOW3'","CA","15.2","13.6","11.6","centimeters","0.76","kilograms","0.0024","cubic meters","Standard-Size","1.8","0.0","0.0043","2026-04","7.5","weeks","40.0","0.0","0.0","0.0","0.1727","0.0","CAD","0.1727","--","N","N","0.0","--","0.0"
"B0D3PLFYCQ","X0048FIP0B","VIVOSUN 660 GPH 35W Submersible Water Pump, with Adjustable Water Flow, 4.9ft Tubing, Additional Ceramic Shaft, and Outlet Adapters, for Fish Tanks, Aquariums, Hydroponics, Fountains","'YOW3'","CA","15.8","15.7","13.0","centimeters","1.24","kilograms","0.0032","cubic meters","Standard-Size","1.6","0.0","0.0052","2026-04","7.5","weeks","40.0","0.0","0.0","0.0","0.2064","0.0","CAD","0.2064","--","N","N","0.0","--","0.0"
"B0D59VNTDN","X00497N1ED","VIVOSUN Air Pump Kit, with 40 W 1110 GPH Commercial Air Pump, 8-Way Splitter, 2 Pcs Air Stones, 25 ft Air Tubing, 2 Pcs Check Valves, for Aquarium, Fish Tank & Hydroponics","'YOW3'","CA","22.2","18.1","17.8","centimeters","3.12","kilograms","0.0072","cubic meters","Standard-Size","0.97","0.0","0.0069","2026-04","7.5","weeks","40.0","0.0","0.1","7.0E-4","0.2766","0.0","CAD","0.2766","--","N","N","0.0","--","0.0"
"B0D59VNTDN","X00497UXJT","VIVOSUN Air Pump Kit, with 40 W 1110 GPH Commercial Air Pump, 8-Way Splitter, 2 Pcs Air Stones, 25 ft Air Tubing, 2 Pcs Check Valves, for Aquarium, Fish Tank & Hydroponics","'YOW3'","CA","22.1","18.11","17.4","centimeters","3.06","kilograms","0.007","cubic meters","Standard-Size","2.6","0.0","0.0176","2026-04","7.5","weeks","40.0","0.0","2.53","0.0176","0.7056","0.0","CAD","0.7056","--","N","N","0.0","--","0.1"
"B0D2MMVCL4","X004AUWESN","VIVOSUN 4-Pack Self Adhesive Zipper Door for Debris Barriers, 3In. x 7Ft. Peel & Stick, Heavy-Duty & Double-Sided Zipper for Tarp, Greenhouse, Indoor Outdoor Tent, Black","'YOW3'","CA","18.9","18.69","9.4","centimeters","0.52","kilograms","0.0033","cubic meters","Standard-Size","8.87","0.0","0.0291","2026-04","7.5","weeks","40.0","0.0","3.1","0.0103","1.1642","0.0","CAD","1.1642","--","N","N","0.0","--","0.1"
"B0D3TKZJDH","X004AUZMRX","VIVOSUN Handheld Garden Sprayer, 1L Pump Sprayer, 34oz Water Spray Bottle with Safety Valve, Adjustable Nozzle, Extended Spray Rod & Additional Seals, Ideal for Watering, Fertilizing, Cleaning","'YOW3'","CA","30.4","15.2","11.9","centimeters","0.46","kilograms","0.0055","cubic meters","Standard-Size","2.93","0.0","0.0161","2026-04","7.5","weeks","40.0","0.0","0.0","0.0","0.6452","0.0","CAD","0.6452","--","N","N","0.0","--","0.0"
"B0CFZWSP22","X004AUZN63","VIVOSUN 0.5Gal Handheld Garden Sprayer, 2L Pump Sprayer, 68 Oz Water Spray Bottle with Safety Valve, Adjustable Nozzle, Extended Spray Rod & Additional Seals, Ideal for Watering, Fertilizing, Cleaning","'YOW3'","CA","32.7","15.1","14.8","centimeters","0.55","kilograms","0.0073","cubic meters","Standard-Size","7.47","0.0","0.0531","2026-04","7.5","weeks","40.0","0.0","0.1","7.0E-4","2.1241","0.0","CAD","2.1241","--","N","N","0.0","--","0.2"
"B0BDRXF76P","X004B6LYY1","VIVOSUN AeroLight Expandable H-bar, Spacing Adjustable H-Bracket for Multiple Lights Connection","'YOW3'","CA","17.2","11.99","1.09","centimeters","0.07","kilograms","2.0E-4","cubic meters","Standard-Size","1.0","0.0","2.0E-4","2026-04","7.5","weeks","40.0","0.0","1.0","2.0E-4","0.009","0.0","CAD","0.009","--","N","N","0.0","--","0.0"
"B0D9K3X49G","X004BND0K5","VIVOSUN 1.35-Gallon Pump Sprayer, Pressurized Lawn & Garden Sprayer with Adjustable Shoulder Strap, for Plants Spraying, Garden Watering and Household Cleaning, Green","'YOW3'","CA","43.9","18.8","18.6","centimeters","1.34","kilograms","0.0154","cubic meters","Standard-Size","41.23","0.0","0.6309","2026-04","7.5","weeks","40.0","0.0","41.1","0.6309","25.2368","0.0","CAD","25.2368","--","N","N","0.0","--","0.13"
"B0DCFNHLNM","X004CJQDZ7","VIVOSUN Reinforced Clear Nursery Pots, 4/5/6 Inch, Pack of 36","'YOW3'","CA","35.61","16.21","16.21","centimeters","1.29","kilograms","0.0094","cubic meters","Standard-Size","0.1","0.0","9.0E-4","2026-04","7.5","weeks","40.0","0.0","0.0","0.0","0.0374","0.0","CAD","0.0374","--","N","N","0.0","--","0.0"
"B0DCG2W5TX","X004CJYH4B","VIVOSUN GrowHub Outlet Controller A10, Smart WiFi Outlet, Smart Plug, 15A 1800W, Remote Control, Compatible with Vivosun App for Grow Tent","'YOW3'","CA","6.8","6.0","4.2","centimeters","0.07","kilograms","2.0E-4","cubic meters","Standard-Size","31.4","0.0","0.0054","2026-04","7.5","weeks","40.0","0.0","30.53","0.0052","0.2148","0.0","CAD","0.2148","--","N","N","0.0","--","0.07"
"B0DCHFZN65","X004CJYH4L","VIVOSUN GrowHub A22 with Temperature & Humidity Sensor Probe","'YOW3'","CA","13.41","8.51","6.2","centimeters","0.25","kilograms","7.0E-4","cubic meters","Standard-Size","4.27","0.0","0.0014","2026-04","7.5","weeks","40.0","0.0","0.0","0.0","0.0547","0.0","CAD","0.0547","--","N","N","0.066","FBA_NEW_SELECTION:0.066","0.0"
"B0CGZYKSGK","X004CYKMQX","VIVOSUN Digital pH and TDS Meter Kits, 0.01pH High Accuracy Pen Type pH Meter ± 2% Readout Accuracy 3-in-1 TDS EC Temperature Meter for Hydroponics, Pool and Aquarium, Black White, UL Certified","'YOW3'","CA","17.5","10.0","3.4","centimeters","0.2","kilograms","6.0E-4","cubic meters","Standard-Size","6.0","0.0","0.0036","2026-04","7.5","weeks","40.0","0.0","0.0","0.0","0.1428","0.0","CAD","0.1428","--","N","N","0.0","--","0.0"
"B0DDKLX3FZ","X004D5EDED","VIVOSUN Portable AC Sliding Door Vent Kit, 16.9""/21.2""-88.6"" Length Adjustable, Fits 5.1"" & 5.9"" Exhaust Hose for Sliding Doors or Windows, 5.9” Exhaust Hose Included","'YOW3'","CA","43.9","19.2","18.4","centimeters","3.06","kilograms","0.0155","cubic meters","Standard-Size","2.67","0.0","0.0398","2026-04","7.5","weeks","40.0","0.0","2.57","0.0398","1.5922","0.0","CAD","1.5922","--","N","N","0.0","--","0.1"
"B0DDKNBV3D","X004D5EDLL","VIVOSUN Portable AC Sliding Door Vent Kit, 16.9""/21.2""-88.6"" Length Adjustable, Fits 5.1” & 5.9” Exhaust Hose for Sliding Doors or Windows","'YOW3'","CA","44.1","18.3","11.1","centimeters","2.37","kilograms","0.009","cubic meters","Standard-Size","13.4","0.0","0.12","2026-04","7.5","weeks","40.0","0.0","13.4","0.12","4.8015","0.0","CAD","4.8015","--","N","N","0.0","--","0.0"
"B0BZYSC7TB","X004DZVTZT","VIVOSUN AeroWave E6 Grow Tent Fan 6”, EC Motor, Smart Wifi Control, US Patented Auto Oscillating Clip fan, Weatherproof IP-54, Strong Airflow but Quiet for Hydroponic Ventilation Circulation, 1-Pack","'YOW3'","CA","25.1","24.2","18.9","centimeters","1.12","kilograms","0.0115","cubic meters","Standard-Size","0.4","0.0","0.0046","2026-04","7.5","weeks","40.0","0.0","0.4","0.0046","0.1837","0.0","CAD","0.1837","--","N","N","0.0","--","0.0"
"B0BP1Y3CRM","X004DZX6P5","VIVOSUN AeroWave E6 Gen2, Grow Tent Clip Fan 6”, EC Motor, Smart Control, Powerful Oscillating Fan, Local Timer, Weatherproof IP54, for Hydroponics Circulation Cooling, Black","'YOW3'","CA","24.8","24.0","18.8","centimeters","1.08","kilograms","0.0112","cubic meters","Standard-Size","16.17","0.0","0.1499","2026-04","7.5","weeks","40.0","0.0","0.17","0.0019","5.9977","0.0","CAD","5.9977","--","N","N","0.0","--","2.83"
"B0BZYVVKQB","X004DZX821","VIVOSUN 2-Pack AeroWave E6 Gen2, Grow Tent Clip Fan 6”, EC Motor, Smart Control, Powerful Oscillating Fan, Local Timer, Weatherproof IP54, for Hydroponics Circulation Cooling, Black","'YOW3'","CA","48.2","24.2","19.0","centimeters","2.06","kilograms","0.0222","cubic meters","Oversize","1.43","0.0","0.0318","2026-04","9.6","weeks","28.0","0.0","0.0","0.0","0.8897","0.0","CAD","0.8897","--","N","N","0.0","--","0.0"
"B0DJV658NX","X004FAP10V","VIVOSUN AeroStream H09 Intelligent Wi-Fi Humidifier, 2.38 Gal / 9 L Humidifier with Temp & Humidity Probe, Smart Remote Control, Designed for Growers","'YOW3'","CA","44.6","35.1","19.0","centimeters","3.33","kilograms","0.0297","cubic meters","Oversize","1.03","0.0","0.0297","2026-04","9.6","weeks","28.0","0.0","0.7","0.0208","0.8331","0.0","CAD","0.8331","--","N","N","0.0","--","0.03"
"B0DNSXKN4G","X004H4F04H","VIVOSUN 4” Inline Booster Duct Fan with Speed Regulator, 130 CFM Quiet Exhaust Fan for HVAC Ventilation in Grow Tents, Basements, Bathrooms, Kitchens, and Attics","'YOW3'","CA","17.3","16.7","11.9","centimeters","0.53","kilograms","0.0034","cubic meters","Standard-Size","0.9","0.0","0.003","2026-04","7.5","weeks","40.0","0.0","0.07","2.0E-4","0.1192","0.0","CAD","0.1192","--","N","N","0.0","--","0.03"
"B0DQ81NLQL","X004HYAJ93","Maygrove 3-Pack 48” Bendable Moss Pole Monstera Plant Support for Climbing Indoors Plants, Coir Moss Poles Moss Sticks Plant Pole DIY, Plant Support Stake for Potted Plants","'YOW3'","CA","32.41","12.29","10.59","centimeters","0.64","kilograms","0.0042","cubic meters","Standard-Size","0.07","0.0","1.0E-4","2026-04","7.5","weeks","40.0","0.0","0.03","1.0E-4","0.0056","0.0","CAD","0.0056","--","N","N","0.0","--","0.03"
"B0DQ7VCK55","X004HYAOQL","Maygrove 3-Pack 28” Bendable Moss Pole Monstera Plant Support for Climbing Indoors Plants, Coir Moss Poles Sticks DIY, Plant Support Stake for Potted Plants","'YOW3'","CA","34.82","10.19","7.49","centimeters","0.45","kilograms","0.0027","cubic meters","Standard-Size","0.03","0.0","1.0E-4","2026-04","7.5","weeks","40.0","0.0","0.03","1.0E-4","0.0035","0.0","CAD","0.0035","--","N","N","0.0","--","0.0"
"B0CQYD6HK5","X004KRHCV5","VIVOSUN 72 Rockwool Cubes & Net Pots Set for Hydroponics, 1.2” x 1.2” x 1.6” Cubes, 72 Plugs & 72 2” Net Cups for Hydroponic Growing, Seed-Starting, Cloning, Tower Gardens","'YOW3'","CA","32.59","19.3","16.41","centimeters","0.74","kilograms","0.0103","cubic meters","Standard-Size","0.2","0.0","0.0021","2026-04","7.5","weeks","40.0","0.0","0.0","0.0","0.0826","0.0","CAD","0.0826","--","N","N","0.0","--","0.0"
"B0DY71KW95","X004L5TDO5","VIVOSUN Growing Room Glasses Gray Full Spectrum 2pcs Glasses Case + Glasses Cloth","'YOW3'","CA","17.5","13.49","8.99","centimeters","0.23","kilograms","0.0021","cubic meters","Standard-Size","0.03","0.0","1.0E-4","2026-04","7.5","weeks","40.0","0.0","0.03","1.0E-4","0.0028","0.0","CAD","0.0028","--","N","N","0.0","--","0.0"
"B0FBWDWK4R","X004PK5917","VIVOSUN Automatic Drip Irrigation Kit, Smart Watering System with 16 Drip Emitters, 4mm Fast Flow, App-Controlled A10 GrowHub, Quiet 15W Pump, Anti-Siphon & Filtered for Indoor & Outdoor Plants","'YOW3'","CA","27.89","18.49","8.71","centimeters","1.07","kilograms","0.0045","cubic meters","Standard-Size","3.43","0.0","0.0","2026-04","7.5","weeks","40.0","0.0","0.0","0.0","0.0","0.0","CAD","0.0","--","N","N","0.617","FBA_NEW_SELECTION:0.617","0.0"
"B0FGHGBPC3","X004QXNAEB","VIVOSUN 70oz Pump Sprayer, Portable Water Spray Bottle for Spraying Plants, Flowers, Weeds and Cleaning, Hand Pump with Side Filling Port, Measuring Cup, Adjustable Nozzles","'YOW3'","CA","34.1","21.5","14.8","centimeters","0.74","kilograms","0.0109","cubic meters","Standard-Size","7.23","0.0","0.077","2026-04","7.5","weeks","40.0","0.0","0.47","0.0051","3.0816","0.0","CAD","3.0816","--","N","N","0.0","--","0.13"
"B0BS2BVL3Q","X004R4A7VX","VIVOSUN GrowHub Controller E42A+ for Grow Tent, Smart Environmental WiFi-Controller with Temperature, Humidity, VPD, Timer, Cycle, Schedule Controls, Cooling Ventilation Lighting Programming","'YOW3'","CA","18.69","11.61","7.39","centimeters","0.7","kilograms","0.0016","cubic meters","Standard-Size","2.43","0.0","0.0037","2026-04","7.5","weeks","40.0","0.0","0.0","0.0","0.1497","0.0","CAD","0.1497","--","N","N","0.0","--","0.1"
"B0BQF568WN","X004R4ADCV","VIVOSUN T4 4"" Inline Duct Fan & Temperature Humidity Controller, E42A+ WiFi-App Control AeroZesh Grow Tent Fan& Smart Thermostat, 210 CFM EC Motor Exhaust Fan for Heating Cooling, Greenhouse Accessory","'YOW3'","CA","32.5","24.8","19.7","centimeters","2.58","kilograms","0.0159","cubic meters","Standard-Size","13.77","0.0","0.2175","2026-04","7.5","weeks","40.0","0.0","13.7","0.2175","8.7012","0.0","CAD","8.7012","--","N","N","0.0","--","0.07"
"B0C6QK97P2","X004R4F5Y7","VIVOSUN G4 4"" Inline Duct Fan & Temperature Humidity Controller, E42A+ WiFi-App Control AeroZesh Grow Tent Fan& Smart Thermostat, 195 CFM EC Motor Exhaust Fan for Heating Cooling, Greenhouse Accessory","'YOW3'","CA","32.79","24.1","19.81","centimeters","2.85","kilograms","0.0157","cubic meters","Standard-Size","0.57","0.0","0.0078","2026-04","7.5","weeks","40.0","0.0","0.5","0.0078","0.3132","0.0","CAD","0.3132","--","N","N","0.0","--","0.07"
"B0DLKWJXSV","X004R4QJQ5","VIVOSUN 3-Pack Jewelry Loupe, 30X/60X/90X Eye Loupe with UV/LED Lights, Foldable Magnifiers for Jewelry, Gems, Watches, Coins, and Stamps","'YOW3'","CA","10.31","6.81","5.99","centimeters","0.15","kilograms","4.0E-4","cubic meters","Standard-Size","0.03","0.0","0.0","2026-04","7.5","weeks","40.0","0.0","0.03","0.0","6.0E-4","0.0","CAD","6.0E-4","--","N","N","0.0","--","0.0"
"B0FHQ7WGSX","X004RIQXCV","VIVOSUN 4 Inch Flexible Aluminum Ducting, 25 Feet Long Flex Air Duct with 2 Clamps, Heavy-Duty Multi-Layer Dryer Hose Vent Kit for Heating Cooling Ventilation and Exhaust","'YOW3'","CA","39.29","12.6","12.2","centimeters","1.08","kilograms","0.006","cubic meters","Standard-Size","8.77","0.0","0.0527","2026-04","7.5","weeks","40.0","0.0","0.43","0.0026","2.1098","0.0","CAD","2.1098","--","N","N","0.0","--","0.03"
"B0FHQ5RMQ2","X004RISGFD","VIVOSUN 8'' Flexible Aluminum Duct, 8 FT Long Heavy-Duty Multi-Layer Air Hose for HVAC Ventilation, Dryer Vent Hose for Grow Tents and Duct Fan Systems, 2 Clamps Included","'YOW3'","CA","24.7","22.2","11.9","centimeters","0.65","kilograms","0.0065","cubic meters","Standard-Size","1.9","0.0","0.0113","2026-04","7.5","weeks","40.0","0.0","0.03","2.0E-4","0.4524","0.0","CAD","0.4524","--","N","N","0.0","--","0.17"
"B08GNZ7M74","X004RRMMEF","VIVOSUN VS2000 LED Grow Light with Samsung LM301 Diodes & Brand Driver Dimmable Lights Sunlike Full Spectrum for Seedling Veg & Bloom Plant Grow Lamps for 4x2/3x3 Grow Tent","'YOW3'","CA","35.51","35.28","12.09","centimeters","4.2","kilograms","0.0151","cubic meters","Oversize","0.33","0.0","0.005","2026-04","9.6","weeks","28.0","0.0","0.0","0.0","0.1414","0.0","CAD","0.1414","--","N","N","0.0","--","0.0"
"B08JG8F18N","X004RRMNFX","VIVOSUN 2-Pack VS1000 LED Grow Light with Samsung LM301 Diodes & Sosen Driver Dimmable Lights Sunlike Full Spectrum for Indoor Plants Seedling Veg and Bloom Plant Grow Lamps for 2x2/3x3 Grow Tent","'YOW3'","CA","37.29","35.51","16.21","centimeters","5.47","kilograms","0.0215","cubic meters","Oversize","0.27","0.0","0.0057","2026-04","9.6","weeks","28.0","0.0","0.23","0.005","0.1602","0.0","CAD","0.1602","--","N","N","0.0","--","0.0"
"B0D8PQQWM3","X004S2Z7H3","VIVOSUN GrowCam C4, 2K QHD WiFi Smart Camera for Grow Tent & VGrow Smart Grow Box, Timelapse, Night Vision, SD Card Storage, 2-Way Audio, App Control","'YOW3'","CA","10.49","9.4","6.2","centimeters","0.27","kilograms","6.0E-4","cubic meters","Standard-Size","0.03","0.0","0.0","2026-04","7.5","weeks","40.0","0.0","0.03","0.0","8.0E-4","0.0","CAD","8.0E-4","--","N","N","0.0","--","0.0"
"B0FLX5613D","X004SO59HJ","VIVOSUN Battery Powered Sprayer 0.5Gallon, Electric Spray Bottle USB Rechargeable, Automatic Water Pump Plant Mister with Adjustable Pressure, Easy to Refill, 2.2 Ah Battery","'YOW3'","CA","21.2","19.4","17.2","centimeters","0.62","kilograms","0.0071","cubic meters","Standard-Size","0.1","0.0","0.0","2026-04","7.5","weeks","40.0","0.0","0.0","0.0","0.0","0.0","CAD","0.0","--","N","N","0.0283","FBA_NEW_SELECTION:0.0283","0.0"
"B0G2L2YNCT","X004X0I7V3","VIVOSUN T5 Grow Lights for Indoor Plants, 5000K Full Spectrum 56W (8 x 7W), 1FT LED Plant Light Strip with Timer & Dimming Controller for Seed Starting, Hydroponics, SGS Compatible, Linkable, 8-Pack","'YOW3'","CA","31.5","20.09","6.1","centimeters","1.12","kilograms","0.0039","cubic meters","Standard-Size","0.93","0.0","0.0036","2026-04","7.5","weeks","40.0","0.0","0.0","0.0","0.144","0.0","CAD","0.144","--","N","N","0.0","--","0.0"
"B0G2KSYQFB","X004X0SPHT","VIVOSUN T5 Grow Lights for Indoor Plants, 5000K Full Spectrum 28W (4 x 7W), 1FT LED Plant Light Strip with Timer & Dimming Controller for Seed Starting, Greenhouse, SGS Compatible, Linkable, 4-Pack","'YOW3'","CA","30.71","10.11","6.2","centimeters","0.54","kilograms","0.0019","cubic meters","Standard-Size","1.87","0.0","0.0036","2026-04","7.5","weeks","40.0","0.0","0.0","0.0","0.1437","0.0","CAD","0.1437","--","N","N","0.0","--","0.0"
"B0G4MBQ2VD","X004XK33XZ","VIVOSUN Grow Tent High CFM Kit, Heavy-Duty Mounting Bars, High Airflow Support Pole Kit 24""-36"" Adjustable, Suitable for 2’×2’, 2.3’×2.3’, 2.7’×2.7’, and 3’×3’ Tents, 4-Pack","'YOW3'","CA","39.29","11.61","9.6","centimeters","1.14","kilograms","0.0044","cubic meters","Standard-Size","0.3","0.0","0.0013","2026-04","7.5","weeks","40.0","0.0","0.0","0.0","0.0526","0.0","CAD","0.0526","--","N","N","0.0","--","0.0"
"B0D977XGTM","X004XNASKD","VIVOSUN 240 L/64 Gal Water Bladder, Foldable and Portable Water Storage Bag for RV, Camping, Garden Watering, Agricultural Irrigation, Drought Resistance, Firefighting","'YOW3'","CA","26.7","24.31","17.2","centimeters","2.59","kilograms","0.0112","cubic meters","Standard-Size","0.27","0.0","0.003","2026-04","7.5","weeks","40.0","0.0","0.0","0.0","0.119","0.0","CAD","0.119","--","N","N","0.0","--","0.0"
"B0D97767J9","X004XNFHMH","VIVOSUN 540 L/143 Gal Water Storage Bladder, Foldable and Portable Water Tank, Water Storage Bag Containers for RV, Camping, Garden, Irrigation, Drought Resistance, Firefighting","'YOW3'","CA","39.9","28.4","19.0","centimeters","4.51","kilograms","0.0215","cubic meters","Standard-Size","0.13","0.0","0.0029","2026-04","7.5","weeks","40.0","0.0","0.0","0.0","0.1148","0.0","CAD","0.1148","--","N","N","0.0","--","0.0"
"B0D976XCDW","X004XNLJFV","VIVOSUN 110 L/30 Gal Water Storage Bladder, Foldable and Portable Water Tank, Water Storage Bag Containers for RV, Camping, Garden, Irrigation, Drought Resistance, Firefighting","'YOW3'","CA","27.79","23.6","12.4","centimeters","1.86","kilograms","0.0081","cubic meters","Standard-Size","0.33","0.0","0.0027","2026-04","7.5","weeks","40.0","0.0","0.0","0.0","0.1084","0.0","CAD","0.1084","--","N","N","0.0","--","0.0"
"B0GC67FFYW","X004YEPG0D","VIVOSUN AeroWave A6 Grow Tent Clip Fan, 6"" Auto Oscillating Fan, Secure Non-Slip Clamp, Strong Air Circulating, and Low Noise, for Hydroponic Ventilation, 1-Pack","'YOW3'","CA","25.91","21.41","19.3","centimeters","1.47","kilograms","0.0107","cubic meters","Standard-Size","0.47","0.0","0.0","2026-04","7.5","weeks","40.0","0.0","0.0","0.0","0.0","0.0","CAD","0.0","--","N","N","0.1428","FBA_NEW_SELECTION:0.1428","0.13"
"B00VWU37QG","X000WAEDU7","VIVOSUN 5-Pack 15 Gallon Grow Bags Heavy Duty 300G Thickened Nonwoven Plant Fabric Pots with Handles","'YVR2'","CA","33.0","28.6","9.4","centimeters","1.25","kilograms","0.0089","cubic meters","Standard-Size","10.13","0.0","0.0866","2026-04","7.5","weeks","40.0","0.0","0.47","0.0041","3.4661","0.0","CAD","3.4661","--","N","N","0.0","--","0.37"
"B016MKY7C8","X000Y40U1R","VIVOSUN 10""x 20.75"" Seedling Heat Mat and Digital Thermostat Combo Set, UL & MET-Certified Warm Hydroponic Heating Pad for Germination, Indoor Gardening, Greenhouse","'YVR2'","CA","26.8","11.4","11.1","centimeters","0.74","kilograms","0.0034","cubic meters","Standard-Size","0.83","0.2","0.0021","2026-04","7.5","weeks","40.0","0.0","0.63","0.0021","0.0859","0.0","CAD","0.0859","--","N","N","0.0","--","0.0"
"B01C82SZRM","X00168MM39","VIVOSUN 6 Inch Inline Duct Fan 240 CFM, HVAC Exhaust Ventilation Fan with Low Noise for Basements, Bathrooms, Kitchens and Attics, Silver","'YVR2'","CA","19.7","17.3","16.3","centimeters","1.29","kilograms","0.0056","cubic meters","Standard-Size","0.47","0.0","0.0011","2026-04","7.5","weeks","40.0","0.0","0.1","6.0E-4","0.0444","0.0","CAD","0.0444","--","N","N","0.0","--","0.27"
"B00VWU2UDC","X0016HFB8N","VIVOSUN 5-Pack 20 Gallons Grow Bags Heavy Duty Thickened Nonwoven Fabric Pots with Handles","'YVR2'","CA","40.4","28.2","6.5","centimeters","1.52","kilograms","0.0074","cubic meters","Standard-Size","38.73","0.0","0.2819","2026-04","7.5","weeks","40.0","0.0","9.87","0.0731","11.2764","0.0","CAD","11.2764","--","N","N","0.0","--","0.67"
"B010UCCMW6","X0018L0WB3","VIVOSUN 6 Inch 25 Feet Non-Insulated Flex Air Aluminum Duct for Ventilation, 2 Clamps Included","'YVR2'","CA","33.02","17.02","16.51","centimeters","1.24","kilograms","0.0093","cubic meters","Standard-Size","7.27","0.0","0.0674","2026-04","7.5","weeks","40.0","0.0","1.3","0.0121","2.6971","0.0","CAD","2.6971","--","N","N","0.0","--","0.0"
"B01EWH83FU","X0018MEL55","VIVOSUN 6.5 Inch Gardening Scissors Hand Pruner Pruning Shear with Straight Stainless Steel Blades Orange 1-Pack","'YVR2'","CA","22.2","8.0","1.4","centimeters","0.07","kilograms","2.0E-4","cubic meters","Standard-Size","2.93","0.0","7.0E-4","2026-04","7.5","weeks","40.0","0.0","0.33","1.0E-4","0.0275","0.0","CAD","0.0275","--","N","N","0.0","--","0.17"
"B01EUURUVM","X0018MPHIZ","VIVOSUN 4 Inch 25 Feet Non-Insulated Flex Air Aluminum Duct for Ventilation, 2 Clamps Included","'YVR2'","CA","43.94","11.68","11.43","centimeters","0.84","kilograms","0.0059","cubic meters","Standard-Size","0.23","0.0","0.001","2026-04","7.5","weeks","40.0","0.0","0.0","0.0","0.0391","0.0","CAD","0.0391","--","N","N","0.0","--","0.07"
"B00UBLDUBO","X001BA59YB","VIVOSUN 5-Pack 2 Gallons Heavy Duty Thickened Nonwoven Fabric Pots Grow Bags with Handles","'YVR2'","CA","35.29","23.2","3.4","centimeters","0.32","kilograms","0.0028","cubic meters","Standard-Size","0.23","0.0","6.0E-4","2026-04","7.5","weeks","40.0","0.0","0.23","6.0E-4","0.026","0.0","CAD","0.026","--","N","N","0.0","--","0.0"
"B00UBLDSAW","X001BBLIKT","VIVOSUN 5-Pack 1 Gallon Heavy Duty Thickened Nonwoven Fabric Pots Grow Bags with Handles","'YVR2'","CA","22.5","16.2","4.0","centimeters","0.29","kilograms","0.0015","cubic meters","Standard-Size","0.27","0.0","4.0E-4","2026-04","7.5","weeks","40.0","0.0","0.2","3.0E-4","0.0156","0.0","CAD","0.0156","--","N","N","0.0","--","0.0"
"B01M7S46YZ","X001KCU7VP","VIVOSUN D4 4 Inch 195 CFM Inline Duct Ventilation Fan HVAC Vent Blower for Hydroponics Grow Tent","'YVR2'","CA","20.6","19.4","17.6","centimeters","1.16","kilograms","0.007","cubic meters","Standard-Size","13.53","0.0","0.0933","2026-04","7.5","weeks","40.0","0.0","4.57","0.0321","3.7327","0.0","CAD","3.7327","--","N","N","0.0","--","0.27"
"B06Y1XVD1Q","X001M1SRCP","VIVOSUN 2-Pack Curved Gardening Scissors 6.5 Inch Hand Pruner Shear with Titanium Coated Precision Blades (Curved Blades)","'YVR2'","CA","24.2","9.4","2.5","centimeters","0.15","kilograms","6.0E-4","cubic meters","Standard-Size","0.2","0.0","1.0E-4","2026-04","7.5","weeks","40.0","0.0","0.1","1.0E-4","0.0045","0.0","CAD","0.0045","--","N","N","0.0","--","0.0"
"B06Y1XVD1P","X001M23OUT","VIVOSUN 6.5 Inch Gardening Scissors Hand Pruner Pruning Shear with Titanium Coated Curved Precision Blades 1-Pack","'YVR2'","CA","21.7","7.1","1.4","centimeters","0.07","kilograms","2.0E-4","cubic meters","Standard-Size","2.3","0.0","5.0E-4","2026-04","7.5","weeks","40.0","0.0","1.8","4.0E-4","0.0187","0.0","CAD","0.0187","--","N","N","0.0","--","0.13"
"B074FV367K","X001QWLSR1","VIVOSUN 4 Inch 8 Feet Non-Insulated Flex Air Aluminum Ducting for HVAC Ventilation w/Two 4 Inch Stainless Steel Clamps","'YVR2'","CA","17.7","11.7","11.6","centimeters","0.34","kilograms","0.0024","cubic meters","Standard-Size","1.27","0.0","0.003","2026-04","7.5","weeks","40.0","0.0","0.0","0.0","0.1217","0.0","CAD","0.1217","--","N","N","0.0","--","0.0"
"B01M4K63LJ","X001RKA0VH","VIVOSUN Indoor Hydroponics LED Grow Room Glasses with Glasses Case","'YVR2'","CA","17.9","9.3","6.5","centimeters","0.14","kilograms","0.0011","cubic meters","Standard-Size","0.07","0.0","1.0E-4","2026-04","7.5","weeks","40.0","0.0","0.07","1.0E-4","0.0029","0.0","CAD","0.0029","--","N","N","0.0","--","0.0"
"B01DNUIHWG","X001S0NH93","VIVOSUN 164 Feet (50m) PE-Coated Twist Ties, Garden Plant Ties with Cutter for Gardening, Outdoor Garden Twine Reuseable for Climbing Supporting Plants Tomatoes, Office Home Organization (Green)","'YVR2'","CA","17.4","11.0","2.4","centimeters","0.1","kilograms","5.0E-4","cubic meters","Standard-Size","0.1","0.0","0.0","2026-04","7.5","weeks","40.0","0.0","0.1","0.0","0.0018","0.0","CAD","0.0018","--","N","N","0.0","--","0.0"
"B07L4FWW1F","X0026R0BV9","VIVOSUN 6 Inch 100-Pack Garden Stakes, Galvanized Steel Landscape Stapes 11 Gauge U-Shaped Pins for Weed Barrier Fabric, Ground Cover, Soaker Hose, Irrigation Tubing, Holding Fence","'YVR2'","CA","16.7","16.4","4.5","centimeters","1.84","kilograms","0.0012","cubic meters","Standard-Size","0.6","0.0","7.0E-4","2026-04","7.5","weeks","40.0","0.0","0.43","5.0E-4","0.0263","0.0","CAD","0.0263","--","N","N","0.0","--","0.07"
"B01I1D9OT0","X0027LF9U7","VIVOSUN 5-Pack 30 Gallon Grow Bags Heavy Duty 300G Thickened Nonwoven Plant Fabric Pots with Handles Tan","'YVR2'","CA","40.0","31.0","8.5","centimeters","1.68","kilograms","0.0105","cubic meters","Standard-Size","0.1","0.0","0.0011","2026-04","7.5","weeks","40.0","0.0","0.0","0.0","0.0422","0.0","CAD","0.0422","--","N","N","0.0","--","0.0"
"B073PTZCJ4","X0028CCR9L","VIVOSUN 3x20 Inches Durable Waterproof Seedling Heat Mat Warm Heating Pad for Kombucha Tea, Beer Brewing, Fermentation and Plant Germination","'YVR2'","CA","14.0","5.7","5.6","centimeters","0.18","kilograms","4.0E-4","cubic meters","Standard-Size","0.5","0.0","2.0E-4","2026-04","7.5","weeks","40.0","0.0","0.5","2.0E-4","0.0089","0.0","CAD","0.0089","--","N","N","0.0","--","0.0"
"B07SHBMBT4","X0028MO1RR","VIVOSUN #11 High-Carbon Steel Blades for Cutting Plants and Propagation","'YVR2'","CA","20.3","6.3","3.9","centimeters","0.1","kilograms","5.0E-4","cubic meters","Standard-Size","0.07","0.0","0.0","2026-04","7.5","weeks","40.0","0.0","0.07","0.0","0.0013","0.0","CAD","0.0013","--","N","N","0.0","--","0.0"
"B07NRWZ9TY","X0028UITJP","VIVOSUN Garden Hose Splitter 4 Way Heavy Duty Water Hose Connector, Water Hose Manifold, Faucet Adapter with Comfortable Rubberized Grip for Drip Irrigation, Lawns","'YVR2'","CA","23.3","12.6","6.2","centimeters","0.58","kilograms","0.0018","cubic meters","Standard-Size","0.17","0.0","3.0E-4","2026-04","7.5","weeks","40.0","0.0","0.17","3.0E-4","0.0121","0.0","CAD","0.0121","--","N","N","0.0","--","0.0"
"B00W386VV4","X00295TR77","VIVOSUN 50-Pack 1 Gallon Grow Bags for Plants, Black-and-White Material for Potting Up Seedlings and Rooting","'YVR2'","CA","18.2","17.0","4.2","centimeters","0.54","kilograms","0.0013","cubic meters","Standard-Size","0.73","0.0","0.001","2026-04","7.5","weeks","40.0","0.0","0.67","9.0E-4","0.0381","0.0","CAD","0.0381","--","N","N","0.0","--","0.0"
"B07QTHF9ZT","X0029LVMNN","VIVOSUN 0.2 Gallon Handheld Garden Pump Sprayer, 27 oz Gallon Lawn & Garden Pressure Water Spray Bottle with Adjustable Brass Nozzle, for Plants and Other Cleaning Solutions (0.8L Green)","'YVR2'","CA","31.3","15.7","14.5","centimeters","0.37","kilograms","0.0071","cubic meters","Standard-Size","0.07","0.0","5.0E-4","2026-04","7.5","weeks","40.0","0.0","0.03","2.0E-4","0.019","0.0","CAD","0.019","--","N","N","0.0","--","0.0"
"B07SVYP3V5","X0029QTUX7","VIVOSUN 1 Pack 50 Gallon Grow Bag, Fabric Pot with Handles for Growing Vegtables and Plants","'YVR2'","CA","38.1","28.0","6.5","centimeters","0.49","kilograms","0.0069","cubic meters","Standard-Size","0.1","0.0","7.0E-4","2026-04","7.5","weeks","40.0","0.0","0.03","2.0E-4","0.0277","0.0","CAD","0.0277","--","N","N","0.0","--","0.0"
"B06XKMH86J","X002AO9XN5","VIVOSUN pH and TDS Meter Combo, 0.05ph High Accuracy Pen Type pH Meter ± 2% Readout Accuracy 3-in-1 TDS EC Temperature Meter for Hydroponics, Household Drinking, and Aquarium, UL Certified","'YVR2'","CA","17.7","9.9","3.2","centimeters","0.19","kilograms","6.0E-4","cubic meters","Standard-Size","0.1","0.0","0.0","2026-04","7.5","weeks","40.0","0.0","0.03","0.0","7.0E-4","0.0","CAD","7.0E-4","--","N","N","0.0","--","0.07"
"B07FJWM52K","X002B0KFFN","VIVOSUN 2700 GPH Submersible Water Pump, 120W Pond Pump, Ultra Quiet Aquarium Pump with 15FT. Lift Height for Pond Waterfall, Fish Tank, Statuary, or Hydroponics","'YVR2'","CA","29.0","21.6","20.8","centimeters","3.28","kilograms","0.013","cubic meters","Oversize","1.03","0.0","0.013","2026-04","9.6","weeks","28.0","0.0","1.0","0.013","0.3645","0.0","CAD","0.3645","--","N","N","0.0","--","0.03"
"B01DNUIHGM","X002D2ERET","VIVOSUN 3 inch x 7 ft Heavy Duty Double-Side Indoor Outdoor Dust Barriers Peel & Stick Zipper for Tarp One Pack Black","'YVR2'","CA","9.1","9.1","9.1","centimeters","0.16","kilograms","8.0E-4","cubic meters","Standard-Size","0.1","0.0","1.0E-4","2026-04","7.5","weeks","40.0","0.0","0.1","1.0E-4","0.003","0.0","CAD","0.003","--","N","N","0.0","--","0.0"
"B01IHAYTV0","X002HBR8DN","VIVOSUN Hydroponics CO2 Regulator Emitter System with Solenoid Valve Flowmeter for Grow Room Grow Tent Garden House","'YVR2'","CA","23.2","17.3","15.2","centimeters","1.25","kilograms","0.0061","cubic meters","Standard-Size","1.33","0.0","0.0081","2026-04","7.5","weeks","40.0","0.0","0.4","0.0024","0.3254","0.0","CAD","0.3254","--","N","N","0.0","--","0.0"
"B07XZ915VW","X002HNPU9F","VIVOSUN Slide-Out Jewelry Loupe Magnifier 30X 60X 90X LED Lighted Eye Loupe with UV Light for Jewelry, Diamonds, Gems, Coins, Stamps, Rocks, Black","'YVR2'","CA","9.0","4.9","2.4","centimeters","0.04","kilograms","1.0E-4","cubic meters","Standard-Size","0.4","0.0","0.0","2026-04","7.5","weeks","40.0","0.0","0.4","0.0","0.0017","0.0","CAD","0.0017","--","N","N","0.0","--","0.0"
"B081N6NQ7B","X002IK09KH","VIVOSUN 6 Inch 50-Pack Garden Stakes, Galvanized Steel Landscape Stapes 11 Gauge U-Shaped Pins for Weed Barrier Fabric, Ground Cover, Soaker Hose, Irrigation Tubing, Holding Fence","'YVR2'","CA","16.7","10.9","3.3","centimeters","0.73","kilograms","6.0E-4","cubic meters","Standard-Size","0.47","0.0","3.0E-4","2026-04","7.5","weeks","40.0","0.0","0.37","2.0E-4","0.0112","0.0","CAD","0.0112","--","N","N","0.0","--","0.0"
"B086V9MW2Q","X002JO972X","VIVOSUN 328 Feet (100m) PE-Coated Twist Ties, Garden Plant Ties with Cutter for Gardening, Outdoor Garden Twine Reuseable for Climbing Supporting Plants Tomatoes, Office Home Organization (Green)","'YVR2'","CA","21.0","18.5","3.2","centimeters","0.18","kilograms","0.0012","cubic meters","Standard-Size","0.2","0.0","2.0E-4","2026-04","7.5","weeks","40.0","0.0","0.2","2.0E-4","0.0099","0.0","CAD","0.0099","--","N","N","0.0","--","0.0"
"B08KQ4BY9Y","X002P1TVA3","VIVOSUN 5-Pack 10 Gallon Potato Grow Bags, Fabric Pots with Handle and Roll-up Window, Green","'YVR2'","CA","29.59","24.61","11.1","centimeters","1.37","kilograms","0.0081","cubic meters","Standard-Size","0.03","0.0","3.0E-4","2026-04","7.5","weeks","40.0","0.0","0.0","0.0","0.0108","0.0","CAD","0.0108","--","N","N","0.0","--","0.0"
"B088666QZF","X002PDVG6N","VIVOSUN 5-Pack 2 Gallon Grow Bags Heavy Duty 300G Thickened Nonwoven Plant Fabric Pots with Handles Tan","'YVR2'","CA","22.2","14.7","5.7","centimeters","0.32","kilograms","0.0019","cubic meters","Standard-Size","0.07","0.0","1.0E-4","2026-04","7.5","weeks","40.0","0.0","0.07","1.0E-4","0.005","0.0","CAD","0.005","--","N","N","0.0","--","0.0"
"B08869D3HP","X002PDVLJZ","VIVOSUN 5-Pack 1 Gallon Grow Bags Heavy Duty 300G Thickened Nonwoven Plant Fabric Pots with Handles Tan","'YVR2'","CA","25.4","15.2","6.9","centimeters","0.25","kilograms","0.0027","cubic meters","Standard-Size","0.2","0.0","5.0E-4","2026-04","7.5","weeks","40.0","0.0","0.2","5.0E-4","0.0213","0.0","CAD","0.0213","--","N","N","0.0","--","0.0"
"B0885S2TDF","X002PDW103","VIVOSUN 5-Pack 20 Gallon Grow Bags Heavy Duty 300G Thickened Nonwoven Plant Fabric Pots with Handles Tan","'YVR2'","CA","42.1","29.8","8.4","centimeters","1.49","kilograms","0.0105","cubic meters","Standard-Size","17.13","0.0","0.1792","2026-04","7.5","weeks","40.0","0.0","2.83","0.0299","7.1665","0.0","CAD","7.1665","--","N","N","0.0","--","0.13"
"B08HRW31D4","X003ASDM2D","VIVOSUN 10-Pack 15 Gallon Grow Bags Heavy Duty 300G Thickened Nonwoven Plant Fabric Pots with Handles","'YVR2'","CA","34.5","28.8","16.3","centimeters","2.44","kilograms","0.0162","cubic meters","Standard-Size","0.03","0.0","5.0E-4","2026-04","7.5","weeks","40.0","0.0","0.03","5.0E-4","0.0216","0.0","CAD","0.0216","--","N","N","0.0","--","0.0"
"B097PJW1QP","X003DQEKYL","VIVOSUN 10-Pack 20 Gallon Grow Bags Heavy Duty 300G Thickened Nonwoven Plant Fabric Pots with Handles","'YVR2'","CA","43.51","30.71","16.1","centimeters","2.93","kilograms","0.0215","cubic meters","Standard-Size","1.3","0.0","0.0036","2026-04","7.5","weeks","40.0","0.0","0.17","0.0036","0.1435","0.0","CAD","0.1435","--","N","N","0.0","--","1.13"
"B0BCVQ9CNP","X003FHBNCF","VIVOSUN 5 x 30 ft. Plant Trellis Netting, Heavy-Duty Polyester Grow Net, Garden Trellis Netting with Square Mesh for Climbing Plants, Vegetables, Fruits, and Flowers, 1-Pack","'YVR2'","CA","18.4","18.2","2.9","centimeters","0.22","kilograms","0.001","cubic meters","Standard-Size","0.3","0.0","3.0E-4","2026-04","7.5","weeks","40.0","0.0","0.23","2.0E-4","0.0117","0.0","CAD","0.0117","--","N","N","0.0","--","0.0"
"B0BCVM2P9K","X003FHDSOL","VIVOSUN 5 x 15 ft. Plant Trellis Netting, Heavy-Duty Polyester Grow Net, Garden Trellis Netting with Square Mesh for Climbing Plants, Vegetables, Fruits, and Flowers, 1-Pack","'YVR2'","CA","18.6","17.3","1.5","centimeters","0.12","kilograms","5.0E-4","cubic meters","Standard-Size","0.2","0.0","1.0E-4","2026-04","7.5","weeks","40.0","0.0","0.2","1.0E-4","0.0039","0.0","CAD","0.0039","--","N","N","0.0","--","0.0"
"B0BM8SK9QY","X003RDJ6ZN","VIVOSUN Gardening Scissors 6.5 Inch Hand Pruner Pruning Shear with Straight Stailess Steel Blades, Black and Green, 2-Pack","'YVR2'","CA","23.9","9.3","2.7","centimeters","0.14","kilograms","6.0E-4","cubic meters","Standard-Size","0.4","0.0","2.0E-4","2026-04","7.5","weeks","40.0","0.0","0.13","1.0E-4","0.0096","0.0","CAD","0.0096","--","N","N","0.0","--","0.0"
"B0BKZTQZCN","X003RDK5Z3","VIVOSUN Gardening Scissors 6.5 Inch Hand Pruner Pruning Shear with Straight Stailess Steel Blades, Black and Green, 1-Pack","'YVR2'","CA","21.5","7.0","1.3","centimeters","0.06","kilograms","2.0E-4","cubic meters","Standard-Size","0.87","0.0","2.0E-4","2026-04","7.5","weeks","40.0","0.0","0.5","1.0E-4","0.0065","0.0","CAD","0.0065","--","N","N","0.0","--","0.03"
"B0BY2JKXC7","X003SZ0I25","VIVOSUN 4 x 4Ft. Elastic Trellis Netting with 4 Hooks for Climbing Plants, Vegetables, Fruits, and Flowers, 1-Pack","'YVR2'","CA","19.7","18.3","4.5","centimeters","0.22","kilograms","0.0016","cubic meters","Standard-Size","0.4","0.0","6.0E-4","2026-04","7.5","weeks","40.0","0.0","0.4","6.0E-4","0.026","0.0","CAD","0.026","--","N","N","0.0","--","0.0"
"B0C4S397J4","X003UXKIBB","VIVOSUN Quiet Register Booster Fan for 𝟒"" 𝐱𝟏𝟎"" Holes, Cooling Heating Vent with Intelligent Thermostat Control, 10-Speeds Increase Airflow Booster Fan for Bedroom & Attic, Matte White","'YVR2'","CA","38.79","15.8","6.9","centimeters","1.12","kilograms","0.0042","cubic meters","Standard-Size","4.0","0.0","0.0168","2026-04","7.5","weeks","40.0","0.0","3.97","0.0168","0.671","0.0","CAD","0.671","--","N","N","0.0","--","0.03"
"B0875SPZT4","X003VVNEHR","VIVOSUN 4 Inch 16 Feet Non-Insulated Flex Air Aluminum Ducting for HVAC Ventilation with 2 Stainless Steel Clamps","'YVR2'","CA","30.6","12.0","11.4","centimeters","0.67","kilograms","0.0042","cubic meters","Standard-Size","0.47","0.0","0.002","2026-04","7.5","weeks","40.0","0.0","0.1","4.0E-4","0.0781","0.0","CAD","0.0781","--","N","N","0.0","--","0.0"
"B07WT519SL","X003VVNGPR","VIVOSUN 6 Inch 8 Feet Black Non-Insulated Flex Air Aluminum Ducting for Ventilation w/ 2pcs 6 Inch Stainless Steel Clamps","'YVR2'","CA","17.7","17.1","15.0","centimeters","0.6","kilograms","0.0045","cubic meters","Standard-Size","0.8","0.0","0.0036","2026-04","7.5","weeks","40.0","0.0","0.07","3.0E-4","0.1453","0.0","CAD","0.1453","--","N","N","0.0","--","0.0"
"B07B7HCHR2","X003VVPM3V","VIVOSUN 6 Inch 8 Feet Non-Insulated Flex Air Aluminum Ducting for HVAC Ventilation w/Two 4 Inch Stainless Steel Clamps","'YVR2'","CA","17.2","16.9","14.6","centimeters","0.47","kilograms","0.0042","cubic meters","Standard-Size","0.2","0.0","6.0E-4","2026-04","7.5","weeks","40.0","0.0","0.0","0.0","0.0226","0.0","CAD","0.0226","--","N","N","0.0","--","0.07"
"B07WT4VNC1","X003VVPZ3D","VIVOSUN 6 Inch 25 Feet Black Non-Insulated Flex Air Aluminum Ducting for HVAC Ventilation w/Two 6 Inch Stainless Steel Clamps","'YVR2'","CA","41.79","17.1","16.7","centimeters","1.73","kilograms","0.0119","cubic meters","Standard-Size","9.47","0.0","0.113","2026-04","7.5","weeks","40.0","0.0","3.23","0.0386","4.5192","0.0","CAD","4.5192","--","N","N","0.0","--","0.0"
"B07WW7CY9F","X003VVQ0EV","VIVOSUN 4 Inch 8 Feet Black Non-Insulated Flex Air Aluminum Ducting for HVAC Ventilation w/Two 4 Inch Stainless Steel Clamps","'YVR2'","CA","19.1","12.1","11.7","centimeters","0.16","kilograms","0.0027","cubic meters","Standard-Size","0.9","0.0","0.0024","2026-04","7.5","weeks","40.0","0.0","0.4","0.0011","0.0973","0.0","CAD","0.0973","--","N","N","0.0","--","0.0"
"B0BY2HRPWQ","X003X2AGC5","VIVOSUN Small Grow Tent for Aerogarden, Hydroponics Growing System, 20”x14”x21” Highly Reflective Mylar Indoor Grow Tent with Sealed Bottom Design, Ventilation Window and Cable Hole Port","'YVR2'","CA","34.4","19.8","15.7","centimeters","1.73","kilograms","0.0107","cubic meters","Standard-Size","1.63","0.0","0.0175","2026-04","7.5","weeks","40.0","0.0","0.6","0.0064","0.6987","0.0","CAD","0.6987","--","N","N","0.0","--","0.0"
"B0BTD741R3","X003XUW3S7","VIVOSUN 1-Pack 40-Cell Seed Starter Trays with 1 Set of LED Lights and 10""x20.75"" Seedling Heat Mat, 3.6"" Higher Cover, Adjustable Vents, Drainage Holes, Green Propagation Tray for Planting Seeds","'YVR2'","CA","39.1","25.4","13.9","centimeters","1.13","kilograms","0.0138","cubic meters","Standard-Size","0.17","0.0","0.0023","2026-04","7.5","weeks","40.0","0.0","0.17","0.0023","0.092","0.0","CAD","0.092","--","N","N","0.0","--","0.0"
"B0BVPYH3WM","X003Y811ZT","VIVOSUN Inline Booster Duct Fan 8” 430 CFM with Speed Controller, HVAC Exhaust Ventilation Fan with Low Noise for Basements, Bathrooms, Kitchens, Attics, Grow Tents","'YVR2'","CA","23.3","21.2","19.8","centimeters","1.63","kilograms","0.0098","cubic meters","Standard-Size","6.47","0.0","0.0632","2026-04","7.5","weeks","40.0","0.0","6.0","0.0587","2.53","0.0","CAD","2.53","--","N","N","0.0","--","0.0"
"B09SZ9VS93","X003YG5X19","VIVOSUN 10""x20.75"" Seedling Heat Mat with Built-in Temperature Controller, UL & MET-Certified Waterproof Plant Heating Pad for Germination, Hydroponics, Brewing, Breeding, and Greenhouses","'YVR2'","CA","26.7","7.2","6.9","centimeters","0.43","kilograms","0.0013","cubic meters","Standard-Size","21.2","0.0","0.0278","2026-04","7.5","weeks","40.0","0.0","3.33","0.0044","1.1107","0.0","CAD","1.1107","--","N","N","0.0","--","0.27"
"B0BZY3BT6R","X0040NVN37","VIVOSUN 2600 GPH Submersible Water Pump with Barrier Bag, Ultra Quiet 200W Pond Pump for Pond, Waterfall, Fish Tank, Statuary, Hydroponic, 20Ft. Lift Height","'YVR2'","CA","35.29","25.4","18.4","centimeters","4.04","kilograms","0.0165","cubic meters","Standard-Size","0.07","0.0","0.0011","2026-04","7.5","weeks","40.0","0.0","0.07","0.0011","0.044","0.0","CAD","0.044","--","N","N","0.0","--","0.0"
"B0BLBQJ5J7","X0041EANFT","VIVOSUN 5-Pack 7 Gallon Grow Bags, 500G Thick Nonwoven Fabric Pots with Strap Handles, Multi-Purpose Rings, for Low Stress Plant Training Fruits, Vegetables, and Flowers","'YVR2'","CA","28.2","20.8","11.7","centimeters","1.0","kilograms","0.0069","cubic meters","Standard-Size","0.03","0.0","2.0E-4","2026-04","7.5","weeks","40.0","0.0","0.03","2.0E-4","0.0092","0.0","CAD","0.0092","--","N","N","0.0","--","0.0"
"B08S6V7D1V","X0043SHGP3","VIVOSUN 30X Rechargeable Loupe Magnifier with White LED Light and UV Light, Portable Magnifying Glass with Optical Glass Lens & Scale for Jewelry, Textile, Gems, Stamps, Coins and Plants","'YVR2'","CA","7.3","6.3","6.2","centimeters","0.2","kilograms","3.0E-4","cubic meters","Standard-Size","0.03","0.0","0.0","2026-04","7.5","weeks","40.0","0.0","0.03","0.0","4.0E-4","0.0","CAD","4.0E-4","--","N","N","0.0","--","0.0"
"B0CQJDT91K","X0043U4OJR","VIVOSUN 1800 GPH Submersible Water Pump with Barrier Bag, 100W Pond Pump with 14FT. Lift Height, Ultra Quiet Aquarium Pump for Pond, Waterfall, Fish Tank, Statuary, Hydroponic","'YVR2'","CA","32.5","18.5","16.6","centimeters","3.33","kilograms","0.01","cubic meters","Standard-Size","2.9","0.0","0.0286","2026-04","7.5","weeks","40.0","0.0","2.87","0.0286","1.1445","0.0","CAD","1.1445","--","N","N","0.0","--","0.03"
"B0CQJCG61Q","X0043U75K7","VIVOSUN 3000 GPH Submersible Water Pump with Barrier Bag, 150W Pond Pump with 18FT. Lift Height, Ultra Quiet Aquarium Pump for Pond, Waterfall, Fish Tank, Statuary, Hydroponic","'YVR2'","CA","32.5","18.5","16.9","centimeters","3.43","kilograms","0.0102","cubic meters","Standard-Size","3.3","0.0","0.0332","2026-04","7.5","weeks","40.0","0.0","3.27","0.0332","1.3278","0.0","CAD","1.3278","--","N","N","0.0","--","0.03"
"B0CRDP18Q6","X00440KG3T","VIVOSUN Window Duct Kit, Portable AC Window Seal Kit with 5.9"" Diameter 59"" Length Hose, Fit with 4""/6"" Ducting for Sliding Window, Adjustable AC Vent Kit for Duct Fans, Air Conditioner, Dryer","'YVR2'","CA","45.2","19.9","19.7","centimeters","2.48","kilograms","0.0177","cubic meters","Oversize","2.63","0.0","0.0467","2026-04","9.6","weeks","28.0","0.0","2.63","0.0467","1.3055","0.0","CAD","1.3055","--","N","N","0.0","--","0.0"
"B0DCG2W5TX","X004CJYH4B","VIVOSUN GrowHub Outlet Controller A10, Smart WiFi Outlet, Smart Plug, 15A 1800W, Remote Control, Compatible with Vivosun App for Grow Tent","'YVR2'","CA","6.8","6.0","4.2","centimeters","0.07","kilograms","2.0E-4","cubic meters","Standard-Size","0.4","0.0","1.0E-4","2026-04","7.5","weeks","40.0","0.0","0.3","1.0E-4","0.0027","0.0","CAD","0.0027","--","N","N","0.0","--","0.0"
"B088NSTT2R","X004CZVBKN","VIVOSUN 5 x 15 ft. Plant Trellis Netting, Heavy-Duty Polyester Grow Net, Garden Trellis Netting with Square Mesh for Climbing Plants, Vegetables, Fruits, and Flowers, 2-Pack","'YVR2'","CA","18.8","16.0","1.7","centimeters","0.14","kilograms","5.0E-4","cubic meters","Standard-Size","0.1","0.0","1.0E-4","2026-04","7.5","weeks","40.0","0.0","0.1","1.0E-4","0.002","0.0","CAD","0.002","--","N","N","0.0","--","0.0"
"B0FHQ7WGSX","X004RIQXCV","VIVOSUN 4 Inch Flexible Aluminum Ducting, 25 Feet Long Flex Air Duct with 2 Clamps, Heavy-Duty Multi-Layer Dryer Hose Vent Kit for Heating Cooling Ventilation and Exhaust","'YVR2'","CA","39.29","12.6","12.2","centimeters","1.08","kilograms","0.006","cubic meters","Standard-Size","0.53","0.0","0.0032","2026-04","7.5","weeks","40.0","0.0","0.07","4.0E-4","0.1289","0.0","CAD","0.1289","--","N","N","0.0","--","0.0"
"B0FHQ5RMQ2","X004RISGFD","VIVOSUN 8'' Flexible Aluminum Duct, 8 FT Long Heavy-Duty Multi-Layer Air Hose for HVAC Ventilation, Dryer Vent Hose for Grow Tents and Duct Fan Systems, 2 Clamps Included","'YVR2'","CA","24.7","22.2","11.9","centimeters","0.65","kilograms","0.0065","cubic meters","Standard-Size","0.27","0.0","0.0017","2026-04","7.5","weeks","40.0","0.0","0.07","4.0E-4","0.0696","0.0","CAD","0.0696","--","N","N","0.0","--","0.0"
"B0FLX5613D","X004SO59HJ","VIVOSUN Battery Powered Sprayer 0.5Gallon, Electric Spray Bottle USB Rechargeable, Automatic Water Pump Plant Mister with Adjustable Pressure, Easy to Refill, 2.2 Ah Battery","'YVR2'","CA","21.2","19.4","17.2","centimeters","0.62","kilograms","0.0071","cubic meters","Standard-Size","15.17","0.0","0.0285","2026-04","7.5","weeks","40.0","0.0","4.03","0.0285","1.1413","0.0","CAD","1.1413","--","N","N","3.1503","FBA_NEW_SELECTION:3.1503","0.0"
"B00P7U259C","X000U6HQI9","VIVOSUN Durable Waterproof Seedling Heat Mat 10"" x 20.75"" UL & MET-Certified Warm Hydroponic Heating Pad for Germination, Indoor Gardening, Greenhouse","'YVR3'","CA","26.4","5.9","5.8","centimeters","0.36","kilograms","9.0E-4","cubic meters","Standard-Size","1.53","0.0","0.0014","2026-04","7.5","weeks","40.0","0.0","1.53","0.0014","0.0554","0.0","CAD","0.0554","--","N","N","0.0","--","0.0"
"B00P7U259C","X000U6HQI9","VIVOSUN Durable Waterproof Seedling Heat Mat 10"" x 20.75"" UL & MET-Certified Warm Hydroponic Heating Pad for Germination, Indoor Gardening, Greenhouse","'YVR3'","CA","26.4","5.9","5.8","centimeters","0.36","kilograms","9.0E-4","cubic meters","Standard-Size","0.27","0.0","2.0E-4","2026-04","7.5","weeks","40.0","0.0","0.27","2.0E-4","0.0096","0.0","CAD","0.0096","--","N","N","0.0","--","0.0"
"B00P7U259C","X000U6HQI9","VIVOSUN Durable Waterproof Seedling Heat Mat 10"" x 20.75"" UL & MET-Certified Warm Hydroponic Heating Pad for Germination, Indoor Gardening, Greenhouse","'YVR3'","CA","26.4","5.9","5.8","centimeters","0.36","kilograms","9.0E-4","cubic meters","Standard-Size","0.8","0.0","7.0E-4","2026-04","7.5","weeks","40.0","0.0","0.8","7.0E-4","0.0289","0.0","CAD","0.0289","--","N","N","0.0","--","0.0"
"B00TF9E6XE","X000WAEDQV","VIVOSUN 5-Pack 5 Gallons Grow Bags Heavy Duty Thickened Nonwoven Fabric Pots with Handles","'YVR3'","CA","25.4","19.3","7.0","centimeters","0.56","kilograms","0.0034","cubic meters","Standard-Size","0.27","0.0","9.0E-4","2026-04","7.5","weeks","40.0","0.0","0.27","9.0E-4","0.0366","0.0","CAD","0.0366","--","N","N","0.0","--","0.0"
"B00TF9E4UO","X000WAEDTD","VIVOSUN 5-Pack 3 Gallons Grow Bags Heavy Duty Thickened Nonwoven Fabric Pots with Handles","'YVR3'","CA","31.4","26.3","5.4","centimeters","0.45","kilograms","0.0045","cubic meters","Standard-Size","0.4","0.0","0.0018","2026-04","7.5","weeks","40.0","0.0","0.4","0.0018","0.0713","0.0","CAD","0.0713","--","N","N","0.0","--","0.0"
"B00VWU37QG","X000WAEDU7","VIVOSUN 5-Pack 15 Gallon Grow Bags Heavy Duty 300G Thickened Nonwoven Plant Fabric Pots with Handles","'YVR3'","CA","33.0","28.6","9.4","centimeters","1.25","kilograms","0.0089","cubic meters","Standard-Size","1.9","0.0","0.0169","2026-04","7.5","weeks","40.0","0.0","1.9","0.0169","0.6742","0.0","CAD","0.6742","--","N","N","0.0","--","0.0"
"B00VWU37QG","X000WAEDU7","VIVOSUN 5-Pack 15 Gallon Grow Bags Heavy Duty 300G Thickened Nonwoven Plant Fabric Pots with Handles","'YVR3'","CA","33.0","28.6","9.4","centimeters","1.25","kilograms","0.0089","cubic meters","Standard-Size","0.37","0.0","0.0033","2026-04","7.5","weeks","40.0","0.0","0.37","0.0033","0.1301","0.0","CAD","0.1301","--","N","N","0.0","--","0.0"
"B00VWU37QG","X000WAEDU7","VIVOSUN 5-Pack 15 Gallon Grow Bags Heavy Duty 300G Thickened Nonwoven Plant Fabric Pots with Handles","'YVR3'","CA","33.0","28.6","9.4","centimeters","1.25","kilograms","0.0089","cubic meters","Standard-Size","0.03","0.0","3.0E-4","2026-04","7.5","weeks","40.0","0.0","0.0","0.0","0.0118","0.0","CAD","0.0118","--","N","N","0.0","--","0.0"
"B015F4VFGI","X000WH4G61","VIVOSUN Digital Seedling Heat Mat Thermostat Controller 40-108℉","'YVR3'","CA","20.2","10.2","10.0","centimeters","0.34","kilograms","0.0021","cubic meters","Standard-Size","1.43","0.0","0.003","2026-04","7.5","weeks","40.0","0.0","1.43","0.003","0.1181","0.0","CAD","0.1181","--","N","N","0.0","--","0.0"
"B016MKY7C8","X000Y40U1R","VIVOSUN 10""x 20.75"" Seedling Heat Mat and Digital Thermostat Combo Set, UL & MET-Certified Warm Hydroponic Heating Pad for Germination, Indoor Gardening, Greenhouse","'YVR3'","CA","26.8","11.4","11.1","centimeters","0.74","kilograms","0.0034","cubic meters","Standard-Size","3.57","0.0","0.0121","2026-04","7.5","weeks","40.0","0.0","3.57","0.0121","0.4838","0.0","CAD","0.4838","--","N","N","0.0","--","0.0"
"B00VWU30EK","X000YNXR27","VIVOSUN 5-Pack 25 Gallons Grow Bags Heavy Duty Thickened Nonwoven Fabric Pots with Handles","'YVR3'","CA","43.2","32.7","13.3","centimeters","1.7","kilograms","0.0188","cubic meters","Standard-Size","0.8","0.0","0.015","2026-04","7.5","weeks","40.0","0.0","0.8","0.015","0.6012","0.0","CAD","0.6012","--","N","N","0.0","--","0.0"
"B00VWU30EK","X000YNXR27","VIVOSUN 5-Pack 25 Gallons Grow Bags Heavy Duty Thickened Nonwoven Fabric Pots with Handles","'YVR3'","CA","43.2","32.7","13.3","centimeters","1.7","kilograms","0.0188","cubic meters","Standard-Size","0.43","0.0","0.0081","2026-04","7.5","weeks","40.0","0.0","0.43","0.0081","0.3256","0.0","CAD","0.3256","--","N","N","0.0","--","0.0"
"B00VWU30EK","X000YNXR27","VIVOSUN 5-Pack 25 Gallons Grow Bags Heavy Duty Thickened Nonwoven Fabric Pots with Handles","'YVR3'","CA","43.2","32.7","13.3","centimeters","1.7","kilograms","0.0188","cubic meters","Standard-Size","0.13","0.0","0.0025","2026-04","7.5","weeks","40.0","0.0","0.0","0.0","0.1002","0.0","CAD","0.1002","--","N","N","0.0","--","0.0"
"B01DXYMGOM","X000ZYIJ7N","VIVOSUN T4 4 Inch 190 CFM Inline Duct Ventilation Fan with Variable Speed Controller for Grow Tent","'YVR3'","CA","32.0","22.86","22.86","centimeters","2.29","kilograms","0.0167","cubic meters","Oversize","0.43","0.0","0.0072","2026-04","9.6","weeks","28.0","0.0","0.03","6.0E-4","0.2029","0.0","CAD","0.2029","--","N","N","0.0","--","0.0"
"B01731MNJE","X00167E9EP","VIVOSUN 4x4 Grow Tent, 48""x48""x80"" High Reflective Mylar with Observation Window and Floor Tray for Hydroponics Indoor Plant Growing for VS4000/VS4300","'YVR3'","CA","124.0","25.5","15.5","centimeters","14.58","kilograms","0.049","cubic meters","Oversize","0.4","0.03","0.018","2026-04","9.6","weeks","28.0","0.0","0.37","0.018","0.5031","0.0","CAD","0.5031","--","N","N","0.0","--","0.0"
"B01731MNJE","X00167E9EP","VIVOSUN 4x4 Grow Tent, 48""x48""x80"" High Reflective Mylar with Observation Window and Floor Tray for Hydroponics Indoor Plant Growing for VS4000/VS4300","'YVR3'","CA","124.0","25.5","15.5","centimeters","14.58","kilograms","0.049","cubic meters","Oversize","0.6","0.0","0.0294","2026-04","9.6","weeks","28.0","0.0","0.03","0.0016","0.8233","0.0","CAD","0.8233","--","N","N","0.0","--","0.0"
"B01C82SYZ0","X0016A2N7H","VIVOSUN 4 Inch Inline Duct Fan 100 CFM, HVAC Exhaust Ventilation Fan with Low Noise for Basements, Bathrooms, Kitchens and Attics, Silver","'YVR3'","CA","16.6","15.2","12.0","centimeters","0.77","kilograms","0.003","cubic meters","Standard-Size","0.07","0.0","2.0E-4","2026-04","7.5","weeks","40.0","0.0","0.0","0.0","0.0081","0.0","CAD","0.0081","--","N","N","0.0","--","0.0"
"B00VWU35F4","X0016G57GP","VIVOSUN 5-Pack 30 Gallons Grow Bags Heavy Duty Thickened Nonwoven Fabric Pots with Handles","'YVR3'","CA","43.5","29.0","14.5","centimeters","1.72","kilograms","0.0183","cubic meters","Standard-Size","1.23","0.0","0.0226","2026-04","7.5","weeks","40.0","0.0","1.23","0.0226","0.9023","0.0","CAD","0.9023","--","N","N","0.0","--","0.0"
"B00VWU2UDC","X0016HFB8N","VIVOSUN 5-Pack 20 Gallons Grow Bags Heavy Duty Thickened Nonwoven Fabric Pots with Handles","'YVR3'","CA","40.4","28.2","6.5","centimeters","1.52","kilograms","0.0074","cubic meters","Standard-Size","1.33","0.0","0.0099","2026-04","7.5","weeks","40.0","0.0","1.33","0.0099","0.3949","0.0","CAD","0.3949","--","N","N","0.0","--","0.0"
"B00VWU2UDC","X0016HFB8N","VIVOSUN 5-Pack 20 Gallons Grow Bags Heavy Duty Thickened Nonwoven Fabric Pots with Handles","'YVR3'","CA","40.4","28.2","6.5","centimeters","1.52","kilograms","0.0074","cubic meters","Standard-Size","0.1","0.0","7.0E-4","2026-04","7.5","weeks","40.0","0.0","0.1","7.0E-4","0.0296","0.0","CAD","0.0296","--","N","N","0.0","--","0.0"
"B015PD8I7I","X0016VM6S7","VIVOSUN 2 Pack Durable Waterproof Seedling Heat Mat 10"" x 20.75"" UL & MET-Certified Warm Hydroponic Heating Pad for Germination, Indoor Gardening, Greenhouse","'YVR3'","CA","26.6","8.2","7.8","centimeters","0.72","kilograms","0.0017","cubic meters","Standard-Size","0.4","0.0","7.0E-4","2026-04","7.5","weeks","40.0","0.0","0.4","7.0E-4","0.0272","0.0","CAD","0.0272","--","N","N","0.0","--","0.0"
"B015PD8I7I","X0016VM6S7","VIVOSUN 2 Pack Durable Waterproof Seedling Heat Mat 10"" x 20.75"" UL & MET-Certified Warm Hydroponic Heating Pad for Germination, Indoor Gardening, Greenhouse","'YVR3'","CA","26.6","8.2","7.8","centimeters","0.72","kilograms","0.0017","cubic meters","Standard-Size","0.23","0.0","4.0E-4","2026-04","7.5","weeks","40.0","0.0","0.23","4.0E-4","0.0159","0.0","CAD","0.0159","--","N","N","0.0","--","0.0"
"B01EMXI6VA","X0016X79E1","VIVOSUN Durable Waterproof Seedling Heat Mat 48"" x 20.75"" UL & MET-Certified Warm Hydroponic Heating Pad for Germination, Indoor Gardening, Greenhouse","'YVR3'","CA","56.0","11.4","11.0","centimeters","1.3","kilograms","0.007","cubic meters","Oversize","2.03","0.73","0.0091","2026-04","9.6","weeks","28.0","0.0","1.3","0.0091","0.2556","0.0","CAD","0.2556","--","N","N","0.0","--","0.0"
"B01EMXI6VA","X0016X79E1","VIVOSUN Durable Waterproof Seedling Heat Mat 48"" x 20.75"" UL & MET-Certified Warm Hydroponic Heating Pad for Germination, Indoor Gardening, Greenhouse","'YVR3'","CA","56.0","11.4","11.0","centimeters","1.3","kilograms","0.007","cubic meters","Oversize","0.03","0.0","2.0E-4","2026-04","9.6","weeks","28.0","0.0","0.03","2.0E-4","0.0066","0.0","CAD","0.0066","--","N","N","0.0","--","0.0"
"B010UCCMW6","X0018L0WB3","VIVOSUN 6 Inch 25 Feet Non-Insulated Flex Air Aluminum Duct for Ventilation, 2 Clamps Included","'YVR3'","CA","33.02","17.02","16.51","centimeters","1.24","kilograms","0.0093","cubic meters","Standard-Size","0.2","0.0","0.0019","2026-04","7.5","weeks","40.0","0.0","0.2","0.0019","0.0742","0.0","CAD","0.0742","--","N","N","0.0","--","0.0"
"B00P7RUI3U","X001BA006X","VIVOSUN Heavy-Duty Polyester Plant Trellis Netting 5 x 15ft, 1 Pack","'YVR3'","CA","14.2","13.3","1.6","centimeters","0.07","kilograms","3.0E-4","cubic meters","Standard-Size","0.17","0.0","1.0E-4","2026-04","7.5","weeks","40.0","0.0","0.17","1.0E-4","0.002","0.0","CAD","0.002","--","N","N","0.0","--","0.0"
"B00UBLDUBO","X001BA59YB","VIVOSUN 5-Pack 2 Gallons Heavy Duty Thickened Nonwoven Fabric Pots Grow Bags with Handles","'YVR3'","CA","35.29","23.2","3.4","centimeters","0.32","kilograms","0.0028","cubic meters","Standard-Size","0.1","0.0","3.0E-4","2026-04","7.5","weeks","40.0","0.0","0.1","3.0E-4","0.0111","0.0","CAD","0.0111","--","N","N","0.0","--","0.0"
"B01DXYMSMM","X001JE5Y9J","VIVOSUN S848 4x8 Grow Tent 96""x48""x80"" High Reflective Mylar Tents with Observation Window and Floor Tray for Hydroponics Indoor Plant for VS4000/VSF4300","'YVR3'","CA","125.0","34.0","18.5","centimeters","19.85","kilograms","0.0786","cubic meters","Oversize","10.37","0.0","0.8151","2026-04","9.6","weeks","28.0","0.0","0.77","0.0603","22.8202","0.0","CAD","22.8202","--","N","N","0.0","--","0.0"
"B01DXYMM2I","X001JINFFZ","VIVOSUN T8 8 Inch 720 CFM Inline Duct Ventilation Fan with Variable Speed Controller for Grow Tent","'YVR3'","CA","33.4","28.0","27.8","centimeters","4.34","kilograms","0.026","cubic meters","Oversize","0.6","0.33","0.0069","2026-04","9.6","weeks","28.0","0.0","0.27","0.0069","0.1941","0.0","CAD","0.1941","--","N","N","0.0","--","0.0"
"B01DXYMJ94","X001JINFG9","VIVOSUN T6 6 Inch 390 CFM Inline Duct Fan with Variable Speed Controller HVAC Blower for Ventilation","'YVR3'","CA","31.2","26.2","25.8","centimeters","3.02","kilograms","0.0211","cubic meters","Oversize","1.23","0.1","0.0239","2026-04","9.6","weeks","28.0","0.0","1.13","0.0239","0.6692","0.0","CAD","0.6692","--","N","N","0.0","--","0.0"
"B01DXYMJ94","X001JINFG9","VIVOSUN T6 6 Inch 390 CFM Inline Duct Fan with Variable Speed Controller HVAC Blower for Ventilation","'YVR3'","CA","31.2","26.2","25.8","centimeters","3.02","kilograms","0.0211","cubic meters","Oversize","0.83","0.0","0.0176","2026-04","9.6","weeks","28.0","0.0","0.83","0.0176","0.4921","0.0","CAD","0.4921","--","N","N","0.0","--","0.0"
"B01M7S46YZ","X001KCU7VP","VIVOSUN D4 4 Inch 195 CFM Inline Duct Ventilation Fan HVAC Vent Blower for Hydroponics Grow Tent","'YVR3'","CA","20.6","19.4","17.6","centimeters","1.16","kilograms","0.007","cubic meters","Standard-Size","0.47","0.0","0.0033","2026-04","7.5","weeks","40.0","0.0","0.47","0.0033","0.1313","0.0","CAD","0.1313","--","N","N","0.0","--","0.0"
"B01M7S46YZ","X001KCU7VP","VIVOSUN D4 4 Inch 195 CFM Inline Duct Ventilation Fan HVAC Vent Blower for Hydroponics Grow Tent","'YVR3'","CA","20.6","19.4","17.6","centimeters","1.16","kilograms","0.007","cubic meters","Standard-Size","0.47","0.0","0.0033","2026-04","7.5","weeks","40.0","0.0","0.47","0.0033","0.1313","0.0","CAD","0.1313","--","N","N","0.0","--","0.0"
"B01I1D9N9Q","X001LWDR2F","VIVOSUN 5-Pack 3 Gallon Grow Bags Heavy Duty 300G Thickened Nonwoven Plant Fabric Pots with Handles Tan","'YVR3'","CA","27.2","15.7","6.2","centimeters","0.43","kilograms","0.0026","cubic meters","Standard-Size","0.57","0.0","0.0015","2026-04","7.5","weeks","40.0","0.0","0.57","0.0015","0.06","0.0","CAD","0.06","--","N","N","0.0","--","0.0"
"B01I1D9OOU","X001LWFZ9D","VIVOSUN 5-Pack 5 Gallon Grow Bags Heavy Duty 300G Thickened Nonwoven Plant Fabric Pots with Handles Tan","'YVR3'","CA","31.0","18.8","6.0","centimeters","0.56","kilograms","0.0035","cubic meters","Standard-Size","0.13","0.0","5.0E-4","2026-04","7.5","weeks","40.0","0.0","0.13","5.0E-4","0.0186","0.0","CAD","0.0186","--","N","N","0.0","--","0.0"
"B01I1D9OOU","X001LWFZ9D","VIVOSUN 5-Pack 5 Gallon Grow Bags Heavy Duty 300G Thickened Nonwoven Plant Fabric Pots with Handles Tan","'YVR3'","CA","31.0","18.8","6.0","centimeters","0.56","kilograms","0.0035","cubic meters","Standard-Size","0.27","0.0","9.0E-4","2026-04","7.5","weeks","40.0","0.0","0.27","9.0E-4","0.0373","0.0","CAD","0.0373","--","N","N","0.0","--","0.0"
"B01I1D9IF0","X001LWGBN7","VIVOSUN 5-Pack 10 Gallon Grow Bags Heavy Duty 300G Thickened Nonwoven Plant Fabric Pots with Handles Tan","'YVR3'","CA","28.0","23.0","13.1","centimeters","0.89","kilograms","0.0084","cubic meters","Standard-Size","0.53","0.0","0.0045","2026-04","7.5","weeks","40.0","0.0","0.53","0.0045","0.18","0.0","CAD","0.18","--","N","N","0.0","--","0.0"
"B06Y1XVD1P","X001M23OUT","VIVOSUN 6.5 Inch Gardening Scissors Hand Pruner Pruning Shear with Titanium Coated Curved Precision Blades 1-Pack","'YVR3'","CA","21.7","7.1","1.4","centimeters","0.07","kilograms","2.0E-4","cubic meters","Standard-Size","0.53","0.0","1.0E-4","2026-04","7.5","weeks","40.0","0.0","0.53","1.0E-4","0.0046","0.0","CAD","0.0046","--","N","N","0.0","--","0.0"
"B074FV367K","X001QWLSR1","VIVOSUN 4 Inch 8 Feet Non-Insulated Flex Air Aluminum Ducting for HVAC Ventilation w/Two 4 Inch Stainless Steel Clamps","'YVR3'","CA","17.7","11.7","11.6","centimeters","0.34","kilograms","0.0024","cubic meters","Standard-Size","0.47","0.0","0.0011","2026-04","7.5","weeks","40.0","0.0","0.47","0.0011","0.0448","0.0","CAD","0.0448","--","N","N","0.0","--","0.0"
"B01DNUIHWG","X001S0NH93","VIVOSUN 164 Feet (50m) PE-Coated Twist Ties, Garden Plant Ties with Cutter for Gardening, Outdoor Garden Twine Reuseable for Climbing Supporting Plants Tomatoes, Office Home Organization (Green)","'YVR3'","CA","17.4","11.0","2.4","centimeters","0.1","kilograms","5.0E-4","cubic meters","Standard-Size","0.13","0.0","1.0E-4","2026-04","7.5","weeks","40.0","0.0","0.13","1.0E-4","0.0024","0.0","CAD","0.0024","--","N","N","0.0","--","0.0"
"B07HQRGL6P","X0024W23M1","VIVOSUN D548 2-in-1 5x4 Grow Tent, 60""x48""x80"" High Reflective Mylar with Multi-Chamber and Floor Tray for Hydroponic Indoor Plant","'YVR3'","CA","126.0","35.0","19.0","centimeters","19.0","kilograms","0.0838","cubic meters","Oversize","2.0","0.0","0.1676","2026-04","9.6","weeks","28.0","0.0","0.73","0.0614","4.6918","0.0","CAD","4.6918","--","N","N","0.0","--","0.0"
"B07HQMX3S1","X0024YWNPL","VIVOSUN D436 2-in-1 4x3 Grow Tent, 48""x36""x72"" High Reflective Mylar with Multi-Chamber and Floor Tray for Hydroponic Indoor Plant","'YVR3'","CA","124.59","34.29","16.26","centimeters","14.86","kilograms","0.0695","cubic meters","Oversize","0.3","0.13","0.0116","2026-04","9.6","weeks","28.0","0.0","0.17","0.0116","0.3241","0.0","CAD","0.3241","--","N","N","0.0","--","0.0"
"B07HQMX3S1","X0024YWNPL","VIVOSUN D436 2-in-1 4x3 Grow Tent, 48""x36""x72"" High Reflective Mylar with Multi-Chamber and Floor Tray for Hydroponic Indoor Plant","'YVR3'","CA","124.59","34.29","16.26","centimeters","14.86","kilograms","0.0695","cubic meters","Oversize","1.0","0.0","0.0695","2026-04","9.6","weeks","28.0","0.0","0.03","0.0023","1.9449","0.0","CAD","1.9449","--","N","N","0.0","--","0.0"
"B07L54HB83","X0026O3WMR","VIVOSUN 800GPH Submersible Pump(3000L/H, 24W), Ultra Quiet Water Pump with 10ft High Lift, Fountain Pump with 5ft Power Cord, 3 Nozzles for Fish Tank, Pond, Aquarium, Statuary, Hydroponics","'YVR3'","CA","15.0","12.5","8.5","centimeters","0.88","kilograms","0.0016","cubic meters","Standard-Size","2.2","0.0","0.0035","2026-04","7.5","weeks","40.0","0.0","2.2","0.0035","0.1402","0.0","CAD","0.1402","--","N","N","0.0","--","0.0"
"B07L54HB83","X0026O3WMR","VIVOSUN 800GPH Submersible Pump(3000L/H, 24W), Ultra Quiet Water Pump with 10ft High Lift, Fountain Pump with 5ft Power Cord, 3 Nozzles for Fish Tank, Pond, Aquarium, Statuary, Hydroponics","'YVR3'","CA","15.0","12.5","8.5","centimeters","0.88","kilograms","0.0016","cubic meters","Standard-Size","0.3","0.0","5.0E-4","2026-04","7.5","weeks","40.0","0.0","0.3","5.0E-4","0.0191","0.0","CAD","0.0191","--","N","N","0.0","--","0.0"
"B07L4Q3MVY","X0026OYY4R","VIVOSUN 1.35-Gallon Pump Sprayer, Pressurized Lawn & Garden Sprayer with Adjustable Shoulder Strap for Plants, Garden Watering and Household Cleaning","'YVR3'","CA","43.0","18.6","18.4","centimeters","1.38","kilograms","0.0147","cubic meters","Standard-Size","0.03","0.0","5.0E-4","2026-04","7.5","weeks","40.0","0.0","0.03","5.0E-4","0.0196","0.0","CAD","0.0196","--","N","N","0.0","--","0.0"
"B01I1D9OT0","X0027LF9U7","VIVOSUN 5-Pack 30 Gallon Grow Bags Heavy Duty 300G Thickened Nonwoven Plant Fabric Pots with Handles Tan","'YVR3'","CA","40.0","31.0","8.5","centimeters","1.68","kilograms","0.0105","cubic meters","Standard-Size","0.2","0.0","0.0021","2026-04","7.5","weeks","40.0","0.0","0.0","0.0","0.0843","0.0","CAD","0.0843","--","N","N","0.0","--","0.0"
"B07QVWQ1HC","X00289XUJZ","VIVOSUN 2-Gallon Pump Pressure Sprayer, Pressurized Lawn & Garden Water Spray Bottle with Adjustable Shoulder Strap, Pressure Relief Valve, for Spraying Plants, Garden Watering and Household Cleaning","'YVR3'","CA","55.6","18.6","18.6","centimeters","1.72","kilograms","0.0192","cubic meters","Oversize","0.5","0.07","0.0083","2026-04","9.6","weeks","28.0","0.0","0.43","0.0083","0.2334","0.0","CAD","0.2334","--","N","N","0.0","--","0.0"
"B07QTHHGZL","X00289XXFL","VIVOSUN 0.8-Gallon Pump Sprayer, Pressurized Lawn & Garden Sprayer with Adjustable Shoulder Strap for Plants, Garden Watering and Household Cleaning","'YVR3'","CA","36.7","18.5","18.4","centimeters","1.19","kilograms","0.0125","cubic meters","Standard-Size","0.03","0.0","4.0E-4","2026-04","7.5","weeks","40.0","0.0","0.03","4.0E-4","0.0167","0.0","CAD","0.0167","--","N","N","0.0","--","0.0"
"B07QSCTT31","X0028B1A8L","VIVOSUN 0.4 Gallon Handheld Garden Pump Sprayer, 50 oz Gallon Lawn & Garden Pressure Water Spray Bottle with Adjustable Brass Nozzle, for Plants and Other Cleaning Solutions (1.5L Red)","'YVR3'","CA","34.5","15.0","15.0","centimeters","0.48","kilograms","0.0078","cubic meters","Standard-Size","0.77","0.0","0.006","2026-04","7.5","weeks","40.0","0.0","0.77","0.006","0.238","0.0","CAD","0.238","--","N","N","0.0","--","0.0"
"B07QTHF3QK","X0028BZNWZ","VIVOSUN 0.4 Gallon Handheld Garden Pump Sprayer, 50 oz Gallon Lawn & Garden Pressure Water Spray Bottle with Adjustable Brass Nozzle, for Plants and Other Cleaning Solutions (1.5L Green)","'YVR3'","CA","34.0","16.0","14.5","centimeters","0.48","kilograms","0.0079","cubic meters","Standard-Size","0.07","0.0","5.0E-4","2026-04","7.5","weeks","40.0","0.0","0.07","5.0E-4","0.021","0.0","CAD","0.021","--","N","N","0.0","--","0.0"
"B07QTHF3QK","X0028BZNWZ","VIVOSUN 0.4 Gallon Handheld Garden Pump Sprayer, 50 oz Gallon Lawn & Garden Pressure Water Spray Bottle with Adjustable Brass Nozzle, for Plants and Other Cleaning Solutions (1.5L Green)","'YVR3'","CA","34.0","16.0","14.5","centimeters","0.48","kilograms","0.0079","cubic meters","Standard-Size","0.07","0.0","5.0E-4","2026-04","7.5","weeks","40.0","0.0","0.0","0.0","0.021","0.0","CAD","0.021","--","N","N","0.0","--","0.0"
"B07RZKRM13","X0028L19J1","VIVOSUN 400GPH Submersible Pump(1500L/H, 15W), Ultra Quiet Water Pump with 5.2ft High Lift, Fountain Pump with 5ft Power Cord, 3 Nozzles for Fish Tank, Pond, Aquarium, Statuary, Hydroponics","'YVR3'","CA","12.0","11.7","8.9","centimeters","0.53","kilograms","0.0012","cubic meters","Standard-Size","0.7","0.0","9.0E-4","2026-04","7.5","weeks","40.0","0.0","0.7","9.0E-4","0.035","0.0","CAD","0.035","--","N","N","0.0","--","0.0"
"B07RZKRM13","X0028L19J1","VIVOSUN 400GPH Submersible Pump(1500L/H, 15W), Ultra Quiet Water Pump with 5.2ft High Lift, Fountain Pump with 5ft Power Cord, 3 Nozzles for Fish Tank, Pond, Aquarium, Statuary, Hydroponics","'YVR3'","CA","12.0","11.7","8.9","centimeters","0.53","kilograms","0.0012","cubic meters","Standard-Size","0.37","0.0","5.0E-4","2026-04","7.5","weeks","40.0","0.0","0.37","5.0E-4","0.0183","0.0","CAD","0.0183","--","N","N","0.0","--","0.0"
"B07RVHDZN1","X0028MLG4X","VIVOSUN 130GPH Submersible Pump(500L/H, 6W), Ultra Quiet Water Pump with 2.6ft High Lift, Fountain Pump with 5ft Power Cord, 2 Nozzles for Fish Tank, Pond, Aquarium, Statuary, Hydroponics","'YVR3'","CA","13.1","7.1","6.8","centimeters","0.3","kilograms","6.0E-4","cubic meters","Standard-Size","0.67","0.0","4.0E-4","2026-04","7.5","weeks","40.0","0.0","0.67","4.0E-4","0.0169","0.0","CAD","0.0169","--","N","N","0.0","--","0.0"
"B07QQX9C9H","X0028MN7QD","VIVOSUN 210GPH Submersible Pump(800L/H, 8W), Ultra Quiet Water Pump with 3.3ft High Lift, Fountain Pump with 5ft Power Cord, 2 Nozzles for Fish Tank, Pond, Aquarium, Statuary, Hydroponics","'YVR3'","CA","13.0","7.2","7.0","centimeters","0.34","kilograms","7.0E-4","cubic meters","Standard-Size","1.0","0.0","7.0E-4","2026-04","7.5","weeks","40.0","0.0","1.0","7.0E-4","0.0262","0.0","CAD","0.0262","--","N","N","0.0","--","0.0"
"B07QQX9C9H","X0028MN7QD","VIVOSUN 210GPH Submersible Pump(800L/H, 8W), Ultra Quiet Water Pump with 3.3ft High Lift, Fountain Pump with 5ft Power Cord, 2 Nozzles for Fish Tank, Pond, Aquarium, Statuary, Hydroponics","'YVR3'","CA","13.0","7.2","7.0","centimeters","0.34","kilograms","7.0E-4","cubic meters","Standard-Size","0.5","0.0","3.0E-4","2026-04","7.5","weeks","40.0","0.0","0.5","3.0E-4","0.0131","0.0","CAD","0.0131","--","N","N","0.0","--","0.0"
"B07SHBMBT4","X0028MO1RR","VIVOSUN #11 High-Carbon Steel Blades for Cutting Plants and Propagation","'YVR3'","CA","20.3","6.3","3.9","centimeters","0.1","kilograms","5.0E-4","cubic meters","Standard-Size","0.53","0.0","3.0E-4","2026-04","7.5","weeks","40.0","0.0","0.53","3.0E-4","0.0106","0.0","CAD","0.0106","--","N","N","0.0","--","0.0"
"B07H8G6PKX","X0028TRIQB","VIVOSUN 2-Pack Clamp Lamp Light with Detachable 8.5 Inch Aluminum Reflector up to 150 Watt E26 Socket (No Bulb Included), 6 Feet Cord, UL Listed, Type A Bulb Only","'YVR3'","CA","24.1","24.1","15.0","centimeters","0.91","kilograms","0.0087","cubic meters","Standard-Size","0.8","0.0","0.007","2026-04","7.5","weeks","40.0","0.0","0.8","0.007","0.2788","0.0","CAD","0.2788","--","N","N","0.0","--","0.0"
"B07SVYP3V5","X0029QTUX7","VIVOSUN 1 Pack 50 Gallon Grow Bag, Fabric Pot with Handles for Growing Vegtables and Plants","'YVR3'","CA","38.1","28.0","6.5","centimeters","0.49","kilograms","0.0069","cubic meters","Standard-Size","0.1","0.0","7.0E-4","2026-04","7.5","weeks","40.0","0.0","0.1","7.0E-4","0.0277","0.0","CAD","0.0277","--","N","N","0.0","--","0.0"
"B07SVYP3V5","X0029QTUX7","VIVOSUN 1 Pack 50 Gallon Grow Bag, Fabric Pot with Handles for Growing Vegtables and Plants","'YVR3'","CA","38.1","28.0","6.5","centimeters","0.49","kilograms","0.0069","cubic meters","Standard-Size","0.1","0.0","7.0E-4","2026-04","7.5","weeks","40.0","0.0","0.0","0.0","0.0277","0.0","CAD","0.0277","--","N","N","0.0","--","0.0"
"B07SQQQPYY","X0029QTYJH","VIVOSUN 1 Pack 100 Gallon Grow Bag, Fabric Pot with Handles for Growing Vegtables and Plants","'YVR3'","CA","35.4","30.0","9.0","centimeters","0.7","kilograms","0.0096","cubic meters","Standard-Size","0.73","0.0","0.007","2026-04","7.5","weeks","40.0","0.0","0.73","0.007","0.2803","0.0","CAD","0.2803","--","N","N","0.0","--","0.0"
"B07SQQQPYY","X0029QTYJH","VIVOSUN 1 Pack 100 Gallon Grow Bag, Fabric Pot with Handles for Growing Vegtables and Plants","'YVR3'","CA","35.4","30.0","9.0","centimeters","0.7","kilograms","0.0096","cubic meters","Standard-Size","0.03","0.0","3.0E-4","2026-04","7.5","weeks","40.0","0.0","0.03","3.0E-4","0.0127","0.0","CAD","0.0127","--","N","N","0.0","--","0.0"
"B07SQQQPYY","X0029QTYJH","VIVOSUN 1 Pack 100 Gallon Grow Bag, Fabric Pot with Handles for Growing Vegtables and Plants","'YVR3'","CA","35.4","30.0","9.0","centimeters","0.7","kilograms","0.0096","cubic meters","Standard-Size","0.03","0.0","3.0E-4","2026-04","7.5","weeks","40.0","0.0","0.0","0.0","0.0127","0.0","CAD","0.0127","--","N","N","0.0","--","0.0"
"B07SN2JKSZ","X0029YJ3KT","VIVOSUN 5 Pack 7 Gallon Square Grow Bags, Thick Fabric Bags with Handles","'YVR3'","CA","32.9","32.5","5.5","centimeters","0.95","kilograms","0.0059","cubic meters","Standard-Size","0.03","0.0","2.0E-4","2026-04","7.5","weeks","40.0","0.0","0.0","0.0","0.0078","0.0","CAD","0.0078","--","N","N","0.0","--","0.0"
"B07SJRBYGR","X0029YLQAJ","VIVOSUN 5 Pack 10 Gallon Square Grow Bags, Thick Fabric Bags with Handles","'YVR3'","CA","36.2","34.6","4.6","centimeters","1.24","kilograms","0.0058","cubic meters","Standard-Size","0.1","0.0","6.0E-4","2026-04","7.5","weeks","40.0","0.0","0.0","0.0","0.023","0.0","CAD","0.023","--","N","N","0.0","--","0.0"
"B01M5IASHD","X002ALDC3Z","VIVOSUN Digital pH Meter, 0.01pH High Accuracy Pen Type pH Tester for Hydroponics, Household Drinking, Pool and Aquarium, Yellow, UL Certified","'YVR3'","CA","16.8","5.4","3.2","centimeters","0.11","kilograms","3.0E-4","cubic meters","Standard-Size","1.2","0.0","3.0E-4","2026-04","7.5","weeks","40.0","0.0","1.2","3.0E-4","0.0139","0.0","CAD","0.0139","--","N","N","0.0","--","0.0"
"B01M5IASHD","X002ALDC3Z","VIVOSUN Digital pH Meter, 0.01pH High Accuracy Pen Type pH Tester for Hydroponics, Household Drinking, Pool and Aquarium, Yellow, UL Certified","'YVR3'","CA","16.8","5.4","3.2","centimeters","0.11","kilograms","3.0E-4","cubic meters","Standard-Size","0.2","0.0","1.0E-4","2026-04","7.5","weeks","40.0","0.0","0.2","1.0E-4","0.0023","0.0","CAD","0.0023","--","N","N","0.0","--","0.0"
"B01M5IASHD","X002ALDC3Z","VIVOSUN Digital pH Meter, 0.01pH High Accuracy Pen Type pH Tester for Hydroponics, Household Drinking, Pool and Aquarium, Yellow, UL Certified","'YVR3'","CA","16.8","5.4","3.2","centimeters","0.11","kilograms","3.0E-4","cubic meters","Standard-Size","0.2","0.0","1.0E-4","2026-04","7.5","weeks","40.0","0.0","0.2","1.0E-4","0.0023","0.0","CAD","0.0023","--","N","N","0.0","--","0.0"
"B06XKMH86J","X002AO9XN5","VIVOSUN pH and TDS Meter Combo, 0.05ph High Accuracy Pen Type pH Meter ± 2% Readout Accuracy 3-in-1 TDS EC Temperature Meter for Hydroponics, Household Drinking, and Aquarium, UL Certified","'YVR3'","CA","17.7","9.9","3.2","centimeters","0.19","kilograms","6.0E-4","cubic meters","Standard-Size","0.7","0.0","4.0E-4","2026-04","7.5","weeks","40.0","0.0","0.7","4.0E-4","0.0157","0.0","CAD","0.0157","--","N","N","0.0","--","0.0"
"B07FJWM52K","X002B0KFFN","VIVOSUN 2700 GPH Submersible Water Pump, 120W Pond Pump, Ultra Quiet Aquarium Pump with 15FT. Lift Height for Pond Waterfall, Fish Tank, Statuary, or Hydroponics","'YVR3'","CA","29.0","21.6","20.8","centimeters","3.28","kilograms","0.013","cubic meters","Oversize","0.37","0.0","0.0048","2026-04","9.6","weeks","28.0","0.0","0.37","0.0048","0.1338","0.0","CAD","0.1338","--","N","N","0.0","--","0.0"
"B07FJWM52K","X002B0KFFN","VIVOSUN 2700 GPH Submersible Water Pump, 120W Pond Pump, Ultra Quiet Aquarium Pump with 15FT. Lift Height for Pond Waterfall, Fish Tank, Statuary, or Hydroponics","'YVR3'","CA","29.0","21.6","20.8","centimeters","3.28","kilograms","0.013","cubic meters","Oversize","0.37","0.0","0.0048","2026-04","9.6","weeks","28.0","0.0","0.37","0.0048","0.1338","0.0","CAD","0.1338","--","N","N","0.0","--","0.0"
"B07FFXXRCT","X002B5A689","VIVOSUN 4500 GPH Submersible Water Pump, 220W Pond Pump, Ultra Quiet Aquarium Pump with 19 FT. Lift Height for Pond Waterfall, Fish Tank, Statuary, or Hydroponics","'YVR3'","CA","33.5","22.8","21.8","centimeters","4.58","kilograms","0.0167","cubic meters","Oversize","0.03","0.0","6.0E-4","2026-04","9.6","weeks","28.0","0.0","0.03","6.0E-4","0.0155","0.0","CAD","0.0155","--","N","N","0.0","--","0.0"
"B07FFXXRCT","X002B5A689","VIVOSUN 4500 GPH Submersible Water Pump, 220W Pond Pump, Ultra Quiet Aquarium Pump with 19 FT. Lift Height for Pond Waterfall, Fish Tank, Statuary, or Hydroponics","'YVR3'","CA","33.5","22.8","21.8","centimeters","4.58","kilograms","0.0167","cubic meters","Oversize","0.17","0.0","0.0028","2026-04","9.6","weeks","28.0","0.0","0.17","0.0028","0.0777","0.0","CAD","0.0777","--","N","N","0.0","--","0.0"
"B07FJV5MWP","X002B5JSUL","VIVOSUN 1600 GPH Submersible Water Pump, 100W Pond Pump, Ultra Quiet Aquarium Pump with 14FT. Lift Height for Pond, Waterfall, Fish Tank, Statuary, Hydroponic","'YVR3'","CA","27.9","20.7","19.2","centimeters","2.88","kilograms","0.0111","cubic meters","Standard-Size","0.33","0.0","0.0037","2026-04","7.5","weeks","40.0","0.0","0.33","0.0037","0.1478","0.0","CAD","0.1478","--","N","N","0.0","--","0.0"
"B07FJZ55Y9","X002B5KMRJ","VIVOSUN 9000 GPH Submersible Water Pump, 620W Pond Pump, Ultra Quiet Aquarium Pump with 26.5 FT. Lift Height for Pond Waterfall, Fish Tank, Statuary, or Hydroponics","'YVR3'","CA","32.0","24.2","23.5","centimeters","7.04","kilograms","0.0182","cubic meters","Oversize","0.27","0.0","0.0049","2026-04","9.6","weeks","28.0","0.0","0.07","0.0012","0.1359","0.0","CAD","0.1359","--","N","N","0.0","--","0.0"
"B07YZKWNG5","X002CQ9SH7","VIVOSUN Ventilation Kit 4 Inch 190 CFM Inline Fan with Speed Controller, 4 Inch Carbon Filter and 8 Feet of Ducting for Grow Tent","'YVR3'","CA","45.0","44.4","24.6","centimeters","6.62","kilograms","0.0492","cubic meters","Oversize","0.4","0.0","0.0164","2026-04","9.6","weeks","28.0","0.0","0.0","0.0","0.4587","0.0","CAD","0.4587","--","N","N","0.0","--","0.07"
"B0823BFW6P","X002EE3AFN","VIVOSUN Insulated Spiral Pipe Wrap Insulation Bubble Film 6-Inch by 25-Feet, 2 Pack","'YVR3'","CA","38.29","20.1","15.6","centimeters","0.74","kilograms","0.012","cubic meters","Standard-Size","0.27","0.0","0.0032","2026-04","7.5","weeks","40.0","0.0","0.27","0.0032","0.1281","0.0","CAD","0.1281","--","N","N","0.0","--","0.0"
"B0823BFW6P","X002EE3AFN","VIVOSUN Insulated Spiral Pipe Wrap Insulation Bubble Film 6-Inch by 25-Feet, 2 Pack","'YVR3'","CA","38.29","20.1","15.6","centimeters","0.74","kilograms","0.012","cubic meters","Standard-Size","0.77","0.0","0.0092","2026-04","7.5","weeks","40.0","0.0","0.77","0.0092","0.3682","0.0","CAD","0.3682","--","N","N","0.0","--","0.0"
"B07WYDG3XB","X002HMCIJB","VIVOSUN Bamboo Plant Stand 3 Tier for Indoor Plants, Hanging Plant Rack Foldable Tall Plant Shelf Indoor Plant Rack Outdoor Multiple Flower Pot Holder","'YVR3'","CA","106.0","39.5","5.0","centimeters","4.88","kilograms","0.0209","cubic meters","Oversize","0.83","0.0","0.0174","2026-04","9.6","weeks","28.0","0.0","0.0","0.0","0.4884","0.0","CAD","0.4884","--","N","N","0.0","--","0.0"
"B07Y81DTTJ","X002IRQ01R","VIVOSUN 1 Gallon Pump Pressure Sprayer, 4L Pressurized Lawn & Garden Water Spray Bottle with 3 Water Nozzles, Adjustable Shoulder Strap, Pressure Relief Valve, for Plants and Cleaning","'YVR3'","CA","40.9","18.8","18.6","centimeters","1.17","kilograms","0.0143","cubic meters","Standard-Size","0.13","0.0","0.0019","2026-04","7.5","weeks","40.0","0.0","0.13","0.0019","0.0763","0.0","CAD","0.0763","--","N","N","0.0","--","0.0"
"B0827B591D","X002L7NS37","VIVOSUN 20"" Cordless Hedge Trimmer, 20V Electric Bush Trimmer, 1400 RPM Shrub Trimmer, Dual-Action Laser Blade, 3/5"" Cutting Capacity, Lightweight & Compact Trimmer, Battery and Fast Charger Included","'YVR3'","CA","87.0","19.0","18.0","centimeters","3.38","kilograms","0.0298","cubic meters","Oversize","0.77","0.0","0.0228","2026-04","9.6","weeks","28.0","0.0","0.77","0.0228","0.6387","0.0","CAD","0.6387","--","N","N","0.0","--","0.0"
"B083XMPXGB","X002MBSJ9F","VIVOSUN 5 Tier Vertical Gardening Stackable Planter for Strawberries, Flowers, Herbs, Vegetables Ivory","'YVR3'","CA","35.0","35.0","21.0","centimeters","2.38","kilograms","0.0257","cubic meters","Oversize","1.1","0.5","0.0154","2026-04","9.6","weeks","28.0","0.0","0.6","0.0154","0.4321","0.0","CAD","0.4321","--","N","N","0.0","--","0.0"
"B083XMPXGB","X002MBSJ9F","VIVOSUN 5 Tier Vertical Gardening Stackable Planter for Strawberries, Flowers, Herbs, Vegetables Ivory","'YVR3'","CA","35.0","35.0","21.0","centimeters","2.38","kilograms","0.0257","cubic meters","Oversize","0.1","0.0","0.0026","2026-04","9.6","weeks","28.0","0.0","0.0","0.0","0.072","0.0","CAD","0.072","--","N","N","0.0","--","0.0"
"B081ZPC2M7","X002P7LAER","VIVOSUN 20"" x 20.75"" Seedling Heat Mat and Digital Thermostat Combo Set, UL & MET-Certified Warm Hydroponic Heating Pad for Germination, Indoor Gardening, Greenhouse","'YVR3'","CA","52.0","9.5","9.0","centimeters","0.98","kilograms","0.0044","cubic meters","Oversize","0.27","0.0","0.0012","2026-04","9.6","weeks","28.0","0.0","0.27","0.0012","0.0332","0.0","CAD","0.0332","--","N","N","0.0","--","0.0"
"B0885SVNRQ","X002PDMXN3","VIVOSUN 5-Pack 25 Gallon Grow Bags Heavy Duty 300G Thickened Nonwoven Plant Fabric Pots with Handles Tan","'YVR3'","CA","42.7","32.29","9.8","centimeters","1.69","kilograms","0.0135","cubic meters","Standard-Size","1.0","0.0","0.0135","2026-04","7.5","weeks","40.0","0.0","1.0","0.0135","0.5404","0.0","CAD","0.5404","--","N","N","0.0","--","0.0"
"B088666QZF","X002PDVG6N","VIVOSUN 5-Pack 2 Gallon Grow Bags Heavy Duty 300G Thickened Nonwoven Plant Fabric Pots with Handles Tan","'YVR3'","CA","22.2","14.7","5.7","centimeters","0.32","kilograms","0.0019","cubic meters","Standard-Size","0.57","0.0","0.0011","2026-04","7.5","weeks","40.0","0.0","0.57","0.0011","0.0422","0.0","CAD","0.0422","--","N","N","0.0","--","0.0"
"B07VRSCVVC","X002PDVK69","VIVOSUN S223 2x2 Grow Tent, 24""x24""x36"" High Reflective Mylar with Observation Window and Floor Tray for Hydroponics Indoor Plant for VS1000","'YVR3'","CA","94.8","25.8","13.6","centimeters","5.2","kilograms","0.0333","cubic meters","Oversize","0.5","0.33","0.0055","2026-04","9.6","weeks","28.0","0.0","0.17","0.0055","0.1552","0.0","CAD","0.1552","--","N","N","0.0","--","0.0"
"B0885S2TDF","X002PDW103","VIVOSUN 5-Pack 20 Gallon Grow Bags Heavy Duty 300G Thickened Nonwoven Plant Fabric Pots with Handles Tan","'YVR3'","CA","42.1","29.8","8.4","centimeters","1.49","kilograms","0.0105","cubic meters","Standard-Size","0.77","0.0","0.0081","2026-04","7.5","weeks","40.0","0.0","0.77","0.0081","0.3231","0.0","CAD","0.3231","--","N","N","0.0","--","0.0"
"B0885S2TDF","X002PDW103","VIVOSUN 5-Pack 20 Gallon Grow Bags Heavy Duty 300G Thickened Nonwoven Plant Fabric Pots with Handles Tan","'YVR3'","CA","42.1","29.8","8.4","centimeters","1.49","kilograms","0.0105","cubic meters","Standard-Size","0.77","0.0","0.0081","2026-04","7.5","weeks","40.0","0.0","0.77","0.0081","0.3231","0.0","CAD","0.3231","--","N","N","0.0","--","0.0"
"B08X9Y8W7N","X002UGRDCL","VIVOSUN 2-Pack 5 Tier Vertical Gardening Stackable Planter for Strawberries, Flowers, Herbs, Vegetables Ivory","'YVR3'","CA","34.5","34.0","31.5","centimeters","4.08","kilograms","0.0369","cubic meters","Oversize","0.23","0.0","0.0086","2026-04","9.6","weeks","28.0","0.0","0.23","0.0086","0.2414","0.0","CAD","0.2414","--","N","N","0.0","--","0.0"
"B08XBRTR3P","X002UR5OUX","VIVOSUN 2-Pack 5 Tier Vertical Gardening Stackable Planter for Strawberries, Flowers, Herbs, Vegetables Brown","'YVR3'","CA","34.0","34.0","31.0","centimeters","4.06","kilograms","0.0358","cubic meters","Oversize","0.17","0.0","0.006","2026-04","9.6","weeks","28.0","0.0","0.07","0.0024","0.1672","0.0","CAD","0.1672","--","N","N","0.0","--","0.0"
"B082M7FNK6","X00305V0TN","VIVOSUN 480GPH Submersible Pump(1800L/H, 25W), Ultra Quiet Water Pump with 7.2ft High Lift, Fountain Pump with 5ft Power Cord, 3 Nozzles for Fish Tank, Aquarium, Statuary, Hydroponics","'YVR3'","CA","15.4","10.7","9.5","centimeters","0.67","kilograms","0.0016","cubic meters","Standard-Size","0.13","0.0","2.0E-4","2026-04","7.5","weeks","40.0","0.0","0.13","2.0E-4","0.0083","0.0","CAD","0.0083","--","N","N","0.0","--","0.0"
"B097HF98WF","X00305V1U1","VIVOSUN 660GPH Submersible Water Pump, 2500L/H 35W Aquarium Pump, Ultra Quiet Fountain Pump with 8.2ft/2.5m High Lift for Fish Tank, Pond, Aquarium, Statuary, Hydroponics","'YVR3'","CA","15.2","10.9","9.2","centimeters","0.71","kilograms","0.0015","cubic meters","Standard-Size","0.73","0.0","0.0011","2026-04","7.5","weeks","40.0","0.0","0.73","0.0011","0.0447","0.0","CAD","0.0447","--","N","N","0.0","--","0.0"
"B08HRW31D4","X003ASDM2D","VIVOSUN 10-Pack 15 Gallon Grow Bags Heavy Duty 300G Thickened Nonwoven Plant Fabric Pots with Handles","'YVR3'","CA","34.5","28.8","16.3","centimeters","2.44","kilograms","0.0162","cubic meters","Standard-Size","0.07","0.0","0.0011","2026-04","7.5","weeks","40.0","0.0","0.07","0.0011","0.0432","0.0","CAD","0.0432","--","N","N","0.0","--","0.0"
"B097PJW1QP","X003DQEKYL","VIVOSUN 10-Pack 20 Gallon Grow Bags Heavy Duty 300G Thickened Nonwoven Plant Fabric Pots with Handles","'YVR3'","CA","43.51","30.71","16.1","centimeters","2.93","kilograms","0.0215","cubic meters","Standard-Size","0.57","0.0","0.0122","2026-04","7.5","weeks","40.0","0.0","0.57","0.0122","0.4877","0.0","CAD","0.4877","--","N","N","0.0","--","0.0"
"B097PHG8PV","X003DQFPYZ","VIVOSUN 10-Pack 25 Gallon Grow Bags Heavy Duty 300G Thickened Nonwoven Plant Fabric Pots with Handles","'YVR3'","CA","44.78","32.59","17.6","centimeters","3.29","kilograms","0.0257","cubic meters","Standard-Size","0.27","0.0","0.0068","2026-04","7.5","weeks","40.0","0.0","0.27","0.0068","0.274","0.0","CAD","0.274","--","N","N","0.0","--","0.0"
"B08HRSGQV7","X003DQFSFV","VIVOSUN 10-Pack 10 Gallon Grow Bags Heavy Duty 300G Thickened Nonwoven Plant Fabric Pots with Handles","'YVR3'","CA","32.4","25.0","14.6","centimeters","1.85","kilograms","0.0118","cubic meters","Standard-Size","0.03","0.0","4.0E-4","2026-04","7.5","weeks","40.0","0.0","0.03","4.0E-4","0.0158","0.0","CAD","0.0158","--","N","N","0.0","--","0.0"
"B0BCVM2P9K","X003FHDSOL","VIVOSUN 5 x 15 ft. Plant Trellis Netting, Heavy-Duty Polyester Grow Net, Garden Trellis Netting with Square Mesh for Climbing Plants, Vegetables, Fruits, and Flowers, 1-Pack","'YVR3'","CA","18.6","17.3","1.5","centimeters","0.12","kilograms","5.0E-4","cubic meters","Standard-Size","0.37","0.0","2.0E-4","2026-04","7.5","weeks","40.0","0.0","0.37","2.0E-4","0.0071","0.0","CAD","0.0071","--","N","N","0.0","--","0.0"
"B0BCVM2P9K","X003FHDSOL","VIVOSUN 5 x 15 ft. Plant Trellis Netting, Heavy-Duty Polyester Grow Net, Garden Trellis Netting with Square Mesh for Climbing Plants, Vegetables, Fruits, and Flowers, 1-Pack","'YVR3'","CA","18.6","17.3","1.5","centimeters","0.12","kilograms","5.0E-4","cubic meters","Standard-Size","0.03","0.0","0.0","2026-04","7.5","weeks","40.0","0.0","0.03","0.0","6.0E-4","0.0","CAD","6.0E-4","--","N","N","0.0","--","0.0"
"B0BJNS85PG","X003IE3W1Z","VIVOSUN Wooden Raised Garden Bed, 48 x 24 x 30 Inches, Outdoor Wood Planter Box with Gloves and a Liner, with Trellis for Vine Climbing for Garden, Patio, Balcony, Backyard and Outdoors","'YVR3'","CA","123.0","27.5","15.6","centimeters","13.46","kilograms","0.0528","cubic meters","Oversize","2.67","0.0","0.1407","2026-04","9.6","weeks","28.0","0.0","0.83","0.044","3.9396","0.0","CAD","3.9396","--","N","N","0.0","--","0.0"
"B0BVB8VCYS","X003R0YZLL","VIVOGROW Bio Pressure Pond Filter, up to 1000 Gallons, Pond Filter System with Convenient Cleaning Crank Handle for Garden, Pool, Fishpond, Black","'YVR3'","CA","40.01","32.21","27.0","centimeters","3.43","kilograms","0.0348","cubic meters","Oversize","0.3","0.03","0.0093","2026-04","9.6","weeks","28.0","0.0","0.27","0.0093","0.2597","0.0","CAD","0.2597","--","N","N","0.0","--","0.0"
"B0BVB8FJKH","X003R1C5U3","VIVOGROW Bio Pressure Pond Filter, up to 1600 Gallons, Pond Filter System with Convenient Cleaning Crank Handle for Garden, Pool, Fishpond, Black","'YVR3'","CA","43.97","33.02","31.75","centimeters","5.01","kilograms","0.0461","cubic meters","Oversize","0.2","0.0","0.0092","2026-04","9.6","weeks","28.0","0.0","0.2","0.0092","0.2581","0.0","CAD","0.2581","--","N","N","0.0","--","0.0"
"B0BML5NPXC","X003RDIDCZ","VIVOSUN 300 Gallon Outdoor Compost Bin, Expandable Composter, Easy to Setup & Large Capacity for Backyard, Lawn (Black with Gloves)","'YVR3'","CA","93.0","12.5","12.0","centimeters","4.48","kilograms","0.0139","cubic meters","Oversize","0.2","0.0","0.0028","2026-04","9.6","weeks","28.0","0.0","0.0","0.0","0.0781","0.0","CAD","0.0781","--","N","N","0.0","--","0.0"
"B0BML5MRRN","X003RDIP3H","VIVOSUN 220 Gallon Outdoor Compost Bin, Expandable Composter, Easy to Setup & Large Capacity for Backyard, Lawn (Black with Gloves)","'YVR3'","CA","93.0","13.0","12.2","centimeters","4.26","kilograms","0.0147","cubic meters","Oversize","0.33","0.0","0.0049","2026-04","9.6","weeks","28.0","0.0","0.2","0.0029","0.1377","0.0","CAD","0.1377","--","N","N","0.0","--","0.0"
"B0BM8SK9QY","X003RDJ6ZN","VIVOSUN Gardening Scissors 6.5 Inch Hand Pruner Pruning Shear with Straight Stailess Steel Blades, Black and Green, 2-Pack","'YVR3'","CA","23.9","9.3","2.7","centimeters","0.14","kilograms","6.0E-4","cubic meters","Standard-Size","0.37","0.0","2.0E-4","2026-04","7.5","weeks","40.0","0.0","0.37","2.0E-4","0.0088","0.0","CAD","0.0088","--","N","N","0.0","--","0.0"
"B0BB7C3V4H","X003RS5ONV","VIVOSUN 10 x 13 Feet Pond Liner, 14.5 Mil Durable LLDPE Pond Liners for Koi Ponds, Aquaculture and Water Gardens, Black","'YVR3'","CA","39.4","30.4","10.2","centimeters","3.86","kilograms","0.0122","cubic meters","Standard-Size","0.23","0.0","0.0029","2026-04","7.5","weeks","40.0","0.0","0.2","0.0024","0.114","0.0","CAD","0.114","--","N","N","0.0","--","0.0"
"B0BB78XGNK","X003RS5PCB","VIVOSUN 13.5 x 20 Feet Pond Liner, 14.5 Mil Durable LLDPE Pond Liners for Koi Ponds, Aquaculture and Water Gardens, Black","'YVR3'","CA","45.4","34.9","17.0","centimeters","7.28","kilograms","0.0269","cubic meters","Oversize","0.3","0.0","0.0081","2026-04","9.6","weeks","28.0","0.0","0.3","0.0081","0.2262","0.0","CAD","0.2262","--","N","N","0.0","--","0.0"
"B0BY2DZJ8J","X003SZ0P73","VIVOSUN Elastic 5 x 5Ft. Trellis Netting with 4 Hooks for Climbing Plants, Vegetables, Fruits, and Flowers, 1-Pack","'YVR3'","CA","19.6","18.0","5.9","centimeters","0.27","kilograms","0.0021","cubic meters","Standard-Size","0.93","0.0","0.0019","2026-04","7.5","weeks","40.0","0.0","0.93","0.0019","0.0777","0.0","CAD","0.0777","--","N","N","0.0","--","0.0"
"B0C1MHLZSC","X003T0MGGP","VIVOSUN 7Ft. Arch Trellis for Climbing Plants, 7 x 6 x 7ft Tall Metal Tunnel Trellis, Lightweight Metal Plant Support Archway with Nylon Netting for Climbing Vine, Vegetables, Fruits, Flowers, Black","'YVR3'","CA","116.0","33.5","9.0","centimeters","7.8","kilograms","0.035","cubic meters","Oversize","0.03","0.0","0.0012","2026-04","9.6","weeks","28.0","0.0","0.03","0.0012","0.0326","0.0","CAD","0.0326","--","N","N","0.0","--","0.0"
"B0C6QKDG53","X003UGXQSZ","VIVOSUN AeroZesh G6 Inline Duct Fan, Quiet 6"" 388 CFM Ventilation Exhaust Fan w/EC Motor and GrowHub E42A Temperature Humidity WiFi-Controller for Heating Cooling Booster, Grow Tents, Hydroponics","'YVR3'","CA","33.5","26.5","23.0","centimeters","3.66","kilograms","0.0204","cubic meters","Oversize","0.73","0.0","0.015","2026-04","9.6","weeks","28.0","0.0","0.73","0.015","0.4192","0.0","CAD","0.4192","--","N","N","0.0","--","0.0"
"B0BZRX7BL8","X003VJH1EB","VIVOSUN Water Transfer Pump, 1/10HP 330 GPH 115V Auto Portable Utility Pump with ON/Off Switch, Water Hose Kit for Removing Water from Gardens, Hot Tubs, Rain Barrels, Pools, Ponds, Aquariums","'YVR3'","CA","22.4","20.4","15.2","centimeters","2.78","kilograms","0.0069","cubic meters","Standard-Size","0.1","0.0","7.0E-4","2026-04","7.5","weeks","40.0","0.0","0.1","7.0E-4","0.0278","0.0","CAD","0.0278","--","N","N","0.0","--","0.0"
"B0875SPZT4","X003VVNEHR","VIVOSUN 4 Inch 16 Feet Non-Insulated Flex Air Aluminum Ducting for HVAC Ventilation with 2 Stainless Steel Clamps","'YVR3'","CA","30.6","12.0","11.4","centimeters","0.67","kilograms","0.0042","cubic meters","Standard-Size","0.77","0.0","0.0032","2026-04","7.5","weeks","40.0","0.0","0.77","0.0032","0.1284","0.0","CAD","0.1284","--","N","N","0.0","--","0.0"
"B0875SPZT4","X003VVNEHR","VIVOSUN 4 Inch 16 Feet Non-Insulated Flex Air Aluminum Ducting for HVAC Ventilation with 2 Stainless Steel Clamps","'YVR3'","CA","30.6","12.0","11.4","centimeters","0.67","kilograms","0.0042","cubic meters","Standard-Size","0.03","0.0","1.0E-4","2026-04","7.5","weeks","40.0","0.0","0.0","0.0","0.0056","0.0","CAD","0.0056","--","N","N","0.0","--","0.0"
"B07WT4VNC1","X003VVPZ3D","VIVOSUN 6 Inch 25 Feet Black Non-Insulated Flex Air Aluminum Ducting for HVAC Ventilation w/Two 6 Inch Stainless Steel Clamps","'YVR3'","CA","41.79","17.1","16.7","centimeters","1.73","kilograms","0.0119","cubic meters","Standard-Size","0.33","0.0","0.004","2026-04","7.5","weeks","40.0","0.0","0.33","0.004","0.1591","0.0","CAD","0.1591","--","N","N","0.0","--","0.0"
"B0BTD741R3","X003XUW3S7","VIVOSUN 1-Pack 40-Cell Seed Starter Trays with 1 Set of LED Lights and 10""x20.75"" Seedling Heat Mat, 3.6"" Higher Cover, Adjustable Vents, Drainage Holes, Green Propagation Tray for Planting Seeds","'YVR3'","CA","39.1","25.4","13.9","centimeters","1.13","kilograms","0.0138","cubic meters","Standard-Size","0.27","0.0","0.0037","2026-04","7.5","weeks","40.0","0.0","0.27","0.0037","0.1472","0.0","CAD","0.1472","--","N","N","0.0","--","0.0"
"B0BVPYH3WM","X003Y811ZT","VIVOSUN Inline Booster Duct Fan 8” 430 CFM with Speed Controller, HVAC Exhaust Ventilation Fan with Low Noise for Basements, Bathrooms, Kitchens, Attics, Grow Tents","'YVR3'","CA","23.3","21.2","19.8","centimeters","1.63","kilograms","0.0098","cubic meters","Standard-Size","0.13","0.0","0.0013","2026-04","7.5","weeks","40.0","0.0","0.13","0.0013","0.0522","0.0","CAD","0.0522","--","N","N","0.0","--","0.0"
"B0CGHKN4TV","X003Y94YIT","VIVOSUN P426 48""×24""×72"" PRO Grow Tent, with Thick 1 inch Poles, Strengthened High Reflective Mylar Oxford Fabric, Extra Hanging Bars & High CFM Kit for Hydroponics Indoor Plant for AeroLight A200SE","'YVR3'","CA","125.0","33.0","15.0","centimeters","14.38","kilograms","0.0619","cubic meters","Oversize","0.2","0.0","0.0124","2026-04","9.6","weeks","28.0","0.0","0.0","0.0","0.3465","0.0","CAD","0.3465","--","N","N","0.0","--","0.0"
"B09SZ9VS93","X003YG5X19","VIVOSUN 10""x20.75"" Seedling Heat Mat with Built-in Temperature Controller, UL & MET-Certified Waterproof Plant Heating Pad for Germination, Hydroponics, Brewing, Breeding, and Greenhouses","'YVR3'","CA","26.7","7.2","6.9","centimeters","0.43","kilograms","0.0013","cubic meters","Standard-Size","0.37","0.0","5.0E-4","2026-04","7.5","weeks","40.0","0.0","0.37","5.0E-4","0.0195","0.0","CAD","0.0195","--","N","N","0.0","--","0.0"
"B09SZ9VS93","X003YG5X19","VIVOSUN 10""x20.75"" Seedling Heat Mat with Built-in Temperature Controller, UL & MET-Certified Waterproof Plant Heating Pad for Germination, Hydroponics, Brewing, Breeding, and Greenhouses","'YVR3'","CA","26.7","7.2","6.9","centimeters","0.43","kilograms","0.0013","cubic meters","Standard-Size","0.1","0.0","1.0E-4","2026-04","7.5","weeks","40.0","0.0","0.03","0.0","0.0053","0.0","CAD","0.0053","--","N","N","0.0","--","0.0"
"B0B7J1151P","X003YK5AEF","VIVOSUN 2-Pcs. Grow Tent Vent Cover, 4""/6""/8"" Duct Filter Vent Cover with Elastic Band and Fixed Buckle for Plant Grow Tent Vent","'YVR3'","CA","19.0","12.6","6.1","centimeters","0.05","kilograms","0.0015","cubic meters","Standard-Size","0.03","0.0","0.0","2026-04","7.5","weeks","40.0","0.0","0.03","0.0","0.0019","0.0","CAD","0.0019","--","N","N","0.0","--","0.0"
"B0BLBQJ5J7","X0041EANFT","VIVOSUN 5-Pack 7 Gallon Grow Bags, 500G Thick Nonwoven Fabric Pots with Strap Handles, Multi-Purpose Rings, for Low Stress Plant Training Fruits, Vegetables, and Flowers","'YVR3'","CA","28.2","20.8","11.7","centimeters","1.0","kilograms","0.0069","cubic meters","Standard-Size","0.27","0.0","0.0018","2026-04","7.5","weeks","40.0","0.0","0.27","0.0018","0.0732","0.0","CAD","0.0732","--","N","N","0.0","--","0.0"
"B0BL9XDQZL","X0041EH3LV","VIVOSUN 5-Pack 25 Gallon Grow Bags, 360G Thick Nonwoven Fabric Pots with Strap Handles, Multi-Purpose Rings, for Low Stress Plant Training Fruits, Vegetables, and Flowers","'YVR3'","CA","42.29","32.5","10.5","centimeters","2.05","kilograms","0.0144","cubic meters","Standard-Size","0.03","0.0","5.0E-4","2026-04","7.5","weeks","40.0","0.0","0.03","5.0E-4","0.0192","0.0","CAD","0.0192","--","N","N","0.0","--","0.0"
"B0CP52SNYH","X00429E8RR","VIVOSUN Smart Air Filtration S6 Kit 6"", AeroZesh S6 Inline Duct Fan with E12 Speed Controller, Carbon Filter & 8' Ducting, Cooling & Ventilation System for Grow Tents, Indoor Gardening, Hydroponics","'YVR3'","CA","52.07","51.82","31.62","centimeters","8.91","kilograms","0.0853","cubic meters","Oversize","0.3","0.13","0.0142","2026-04","9.6","weeks","28.0","0.0","0.17","0.0142","0.3981","0.0","CAD","0.3981","--","N","N","0.0","--","0.0"
"B0C5MD1DW5","X0043RS1LR","VIVOSUN Self-Watering Planters, 6-Pack 10.5 Inch Compact Rectangular Window Herb Planter Box with 10 PCS Plant Labels, Plant Container for Basil, Flowers, Succulents, Indoor & Outdoor","'YVR3'","CA","38.4","29.69","14.4","centimeters","1.95","kilograms","0.0164","cubic meters","Standard-Size","0.3","0.0","0.0049","2026-04","7.5","weeks","40.0","0.0","0.3","0.0049","0.1971","0.0","CAD","0.1971","--","N","N","0.0","--","0.0"
"B0BW95Z36Q","X0043SI9CH","VIVOSUN 1"" Rockwool Cubes, 200 Plugs Stonewool Starter Grow Cubes for Cuttings, Cloning, Plant Propagation, Seed Starting, Hydroponic Grow Media for Vigorous Plant Growth","'YVR3'","CA","29.7","15.4","10.0","centimeters","0.28","kilograms","0.0046","cubic meters","Standard-Size","0.03","0.0","2.0E-4","2026-04","7.5","weeks","40.0","0.0","0.03","2.0E-4","0.0061","0.0","CAD","0.0061","--","N","N","0.0","--","0.0"
"B0CP5QJC7C","X0047NY5LR","VIVOSUN 15Amp Electric Wood Chipper/Shredder with Wheels, Equipped with 50L Collection Bag, Additional Blades & Carbon Brushes, Cleaning Rod, Gloves & Goggles, Green","'YVR3'","CA","68.0","36.4","28.2","centimeters","11.3","kilograms","0.0698","cubic meters","Oversize","0.93","0.33","0.0419","2026-04","9.6","weeks","28.0","0.0","0.6","0.0419","1.1725","0.0","CAD","1.1725","--","N","N","0.0","--","0.0"
"B0D62NJWV7","X0049L0LKB","VIVOSUN Digital pH Meter, 0.01pH High Accuracy Pen Type pH Tester for Hydroponics, Household Drinking, Pool and Aquarium, Black, UL Certified","'YVR3'","CA","16.8","5.5","2.9","centimeters","0.11","kilograms","3.0E-4","cubic meters","Standard-Size","0.07","0.0","0.0","2026-04","7.5","weeks","40.0","0.0","0.03","0.0","7.0E-4","0.0","CAD","7.0E-4","--","N","N","0.0","--","0.0"
"B0D826L2JD","X004ASFK81","VIVOSUN AeroLight Wing AW400SE, LED Grow Light 400W with Integrated Circulation Fan, App Compatible, Used with Growhub Controller E42A/E25 to Achieve More Functions for 4 x 4/5 x 5 ft Grow Tent","'YVR3'","CA","80.01","43.18","13.97","centimeters","8.62","kilograms","0.0483","cubic meters","Oversize","0.1","0.0","0.0048","2026-04","9.6","weeks","28.0","0.0","0.03","0.0016","0.1351","0.0","CAD","0.1351","--","N","N","0.0","--","0.0"
"B0CGLC75CS","X004AUSWD9","VIVOSUN Outdoor LED Grow Lights, Waterproof String Grow Light, Full Spectrum Plant Growing Lights with 22Ft Adjustable Cord for Seedling, Veg, Flower in Greenhouse, Garden, Backyard, Farm (6-Light)","'YVR3'","CA","40.11","23.8","11.3","centimeters","1.57","kilograms","0.0108","cubic meters","Standard-Size","0.27","0.0","0.0029","2026-04","7.5","weeks","40.0","0.0","0.27","0.0029","0.1151","0.0","CAD","0.1151","--","N","N","0.0","--","0.0"
"B0D3TKZJDH","X004AUZMRX","VIVOSUN Handheld Garden Sprayer, 1L Pump Sprayer, 34oz Water Spray Bottle with Safety Valve, Adjustable Nozzle, Extended Spray Rod & Additional Seals, Ideal for Watering, Fertilizing, Cleaning","'YVR3'","CA","30.4","15.2","11.9","centimeters","0.46","kilograms","0.0055","cubic meters","Standard-Size","0.53","0.0","0.0029","2026-04","7.5","weeks","40.0","0.0","0.53","0.0029","0.1173","0.0","CAD","0.1173","--","N","N","0.0","--","0.0"
"B0CFZWSP22","X004AUZN63","VIVOSUN 0.5Gal Handheld Garden Sprayer, 2L Pump Sprayer, 68 Oz Water Spray Bottle with Safety Valve, Adjustable Nozzle, Extended Spray Rod & Additional Seals, Ideal for Watering, Fertilizing, Cleaning","'YVR3'","CA","32.7","15.1","14.8","centimeters","0.55","kilograms","0.0073","cubic meters","Standard-Size","0.8","0.0","0.0058","2026-04","7.5","weeks","40.0","0.0","0.8","0.0058","0.2338","0.0","CAD","0.2338","--","N","N","0.0","--","0.0"
"B0CPPFRJ4L","X004CY1XQ1","VIVOSUN Outdoor Handrail, 2 Step Stair Handrail, 26"" × 36"" Fits 1 to 2 Steps, Wrought Mattle Iron Handrail for Concrete Steps, Porch Steps, One-step Assembly, Black","'YVR3'","CA","94.2","22.4","11.4","centimeters","4.9","kilograms","0.0241","cubic meters","Oversize","1.0","0.0","0.0241","2026-04","9.6","weeks","28.0","0.0","1.0","0.0241","0.6735","0.0","CAD","0.6735","--","N","N","0.0","--","0.0"
"B0BZYSC7TB","X004DZVTZT","VIVOSUN AeroWave E6 Grow Tent Fan 6”, EC Motor, Smart Wifi Control, US Patented Auto Oscillating Clip fan, Weatherproof IP-54, Strong Airflow but Quiet for Hydroponic Ventilation Circulation, 1-Pack","'YVR3'","CA","25.1","24.2","18.9","centimeters","1.12","kilograms","0.0115","cubic meters","Standard-Size","0.37","0.0","0.0042","2026-04","7.5","weeks","40.0","0.0","0.37","0.0042","0.1684","0.0","CAD","0.1684","--","N","N","0.0","--","0.0"
"B0BP1Y3CRM","X004DZX6P5","VIVOSUN AeroWave E6 Gen2, Grow Tent Clip Fan 6”, EC Motor, Smart Control, Powerful Oscillating Fan, Local Timer, Weatherproof IP54, for Hydroponics Circulation Cooling, Black","'YVR3'","CA","24.8","24.0","18.8","centimeters","1.08","kilograms","0.0112","cubic meters","Standard-Size","0.1","0.0","0.0011","2026-04","7.5","weeks","40.0","0.0","0.0","0.0","0.0448","0.0","CAD","0.0448","--","N","N","0.0","--","0.0"
"B0DNSVKPYX","X004H4OVZL","VIVOSUN 6” Inline Booster Duct Fan with Speed Regulator, 345 CFM Quiet Exhaust Fan for HVAC Ventilation in Grow Tents, Basements, Bathrooms, Kitchens, and Attics","'YVR3'","CA","21.7","19.8","17.2","centimeters","0.84","kilograms","0.0074","cubic meters","Standard-Size","0.27","0.0","0.002","2026-04","7.5","weeks","40.0","0.0","0.27","0.002","0.0788","0.0","CAD","0.0788","--","N","N","0.0","--","0.0"
"B0F5HCQ7K1","X004NKXSMV","VIVOSUN LumaRay Under Canopy Grow Light, Full Spectrum Dimmable LED Grow Lights for Grow Tents, Greenhouses, SGS Compatible, 100W, 3.28 ft, 1 Pack","'YVR3'","CA","108.59","12.7","9.91","centimeters","2.88","kilograms","0.0137","cubic meters","Oversize","0.2","0.0","0.0027","2026-04","9.6","weeks","28.0","0.0","0.0","0.0","0.0765","0.0","CAD","0.0765","--","N","N","0.0","--","0.0"
"B0FGZYYJ48","X004R42SFL","VIVOSUN Smart Air Filtration PRO Kit 8"", AeroZesh T8 Inline Duct Fan with GrowHub E42A+, Temperature Humidity Controller, Carbon Filter & Ducting Ventilation System for Grow Tent, Hydroponics","'YVR3'","CA","68.81","56.49","34.11","centimeters","15.67","kilograms","0.1326","cubic meters","Oversize","1.0","0.0","0.1326","2026-04","9.6","weeks","28.0","0.0","0.47","0.0619","3.7123","0.0","CAD","3.7123","--","N","N","0.0","--","0.0"
"B0CBRPS1N8","X004R498QX","VIVOSUN Smart Air Filtration PRO G6 Kit 6"", AeroZesh G6 Inline Duct Fan w/GrowHub E42A Temp. Humidity WiFi-Controller, Carbon Filter & Ducting, Cooling & Ventilation System for Grow Tent, Hydroponics","'YVR3'","CA","93.22","27.43","26.67","centimeters","9.75","kilograms","0.0682","cubic meters","Oversize","1.0","0.0","0.0682","2026-04","9.6","weeks","28.0","0.0","0.9","0.0614","1.9094","0.0","CAD","1.9094","--","N","N","0.0","--","0.0"
"B0C6QK97P2","X004R4F5Y7","VIVOSUN G4 4"" Inline Duct Fan & Temperature Humidity Controller, E42A+ WiFi-App Control AeroZesh Grow Tent Fan& Smart Thermostat, 195 CFM EC Motor Exhaust Fan for Heating Cooling, Greenhouse Accessory","'YVR3'","CA","32.79","24.1","19.81","centimeters","2.85","kilograms","0.0157","cubic meters","Standard-Size","0.33","0.0","0.0052","2026-04","7.5","weeks","40.0","0.0","0.33","0.0052","0.2088","0.0","CAD","0.2088","--","N","N","0.0","--","0.0"
"B0D8PQQWM3","X004S2Z7H3","VIVOSUN GrowCam C4, 2K QHD WiFi Smart Camera for Grow Tent & VGrow Smart Grow Box, Timelapse, Night Vision, SD Card Storage, 2-Way Audio, App Control","'YVR3'","CA","10.49","9.4","6.2","centimeters","0.27","kilograms","6.0E-4","cubic meters","Standard-Size","0.03","0.0","0.0","2026-04","7.5","weeks","40.0","0.0","0.03","0.0","8.0E-4","0.0","CAD","8.0E-4","--","N","N","0.0","--","0.0"
"B00P7U259C","X000U6HQI9","VIVOSUN Durable Waterproof Seedling Heat Mat 10"" x 20.75"" UL & MET-Certified Warm Hydroponic Heating Pad for Germination, Indoor Gardening, Greenhouse","'YVR4'","CA","26.4","5.9","5.8","centimeters","0.36","kilograms","9.0E-4","cubic meters","Standard-Size","48.43","0.0","0.0432","2026-04","7.5","weeks","40.0","0.0","42.63","0.0385","1.7298","0.0","CAD","1.7298","--","N","N","0.0","--","0.57"
"B00TF9E6XE","X000WAEDQV","VIVOSUN 5-Pack 5 Gallons Grow Bags Heavy Duty Thickened Nonwoven Fabric Pots with Handles","'YVR4'","CA","25.4","19.3","7.0","centimeters","0.56","kilograms","0.0034","cubic meters","Standard-Size","2.1","0.0","0.0016","2026-04","7.5","weeks","40.0","0.0","0.1","3.0E-4","0.0641","0.0","CAD","0.0641","--","N","N","0.0","--","7.23"
"B00TF9E4UO","X000WAEDTD","VIVOSUN 5-Pack 3 Gallons Grow Bags Heavy Duty Thickened Nonwoven Fabric Pots with Handles","'YVR4'","CA","31.4","26.3","5.4","centimeters","0.45","kilograms","0.0045","cubic meters","Standard-Size","19.7","0.0","0.0873","2026-04","7.5","weeks","40.0","0.0","4.93","0.022","3.4903","0.0","CAD","3.4903","--","N","N","0.0","--","0.13"
"B00VWU37QG","X000WAEDU7","VIVOSUN 5-Pack 15 Gallon Grow Bags Heavy Duty 300G Thickened Nonwoven Plant Fabric Pots with Handles","'YVR4'","CA","33.0","28.6","9.4","centimeters","1.25","kilograms","0.0089","cubic meters","Standard-Size","12.37","0.0","0.1032","2026-04","7.5","weeks","40.0","0.0","2.9","0.0257","4.1284","0.0","CAD","4.1284","--","N","N","0.0","--","0.73"
"B00VWU30PO","X000WAEDUH","VIVOSUN 5-Pack 10 Gallon Grow Bags Heavy Duty 300G Thickened Nonwoven Plant Fabric Pots with Handles","'YVR4'","CA","32.5","23.0","11.6","centimeters","0.96","kilograms","0.0087","cubic meters","Standard-Size","7.7","0.0","0.065","2026-04","7.5","weeks","40.0","0.0","6.27","0.0543","2.6014","0.0","CAD","2.6014","--","N","N","0.0","--","0.2"
"B016MKY7C8","X000Y40U1R","VIVOSUN 10""x 20.75"" Seedling Heat Mat and Digital Thermostat Combo Set, UL & MET-Certified Warm Hydroponic Heating Pad for Germination, Indoor Gardening, Greenhouse","'YVR4'","CA","26.8","11.4","11.1","centimeters","0.74","kilograms","0.0034","cubic meters","Standard-Size","10.0","6.47","0.012","2026-04","7.5","weeks","40.0","0.0","3.53","0.012","0.4793","0.0","CAD","0.4793","--","N","N","0.0","--","0.0"
"B00TF9E9PY","X000YNXMLX","VIVOSUN 5-Pack 7 Gallon Grow Bags Heavy Duty 300G Thickened Nonwoven Plant Fabric Pots with Handles","'YVR4'","CA","27.7","21.3","6.5","centimeters","0.56","kilograms","0.0038","cubic meters","Standard-Size","3.73","0.0","0.0134","2026-04","7.5","weeks","40.0","0.0","0.43","0.0017","0.5369","0.0","CAD","0.5369","--","N","N","0.0","--","0.23"
"B01C82SYZ0","X0016A2N7H","VIVOSUN 4 Inch Inline Duct Fan 100 CFM, HVAC Exhaust Ventilation Fan with Low Noise for Basements, Bathrooms, Kitchens and Attics, Silver","'YVR4'","CA","16.6","15.2","12.0","centimeters","0.77","kilograms","0.003","cubic meters","Standard-Size","1.17","0.0","9.0E-4","2026-04","7.5","weeks","40.0","0.0","0.13","4.0E-4","0.0363","0.0","CAD","0.0363","--","N","N","0.0","--","0.97"
"B018VI6ZUQ","X0016ARA43","VIVOSUN Black and White Panda Film Roll 10FT X 10FT 5.5 Mil","'YVR4'","CA","41.9","15.4","5.0","centimeters","1.3","kilograms","0.0032","cubic meters","Standard-Size","3.0","0.0","0.0097","2026-04","7.5","weeks","40.0","0.0","2.7","0.0087","0.3872","0.0","CAD","0.3872","--","N","N","0.0","--","0.0"
"B00VWU35F4","X0016G57GP","VIVOSUN 5-Pack 30 Gallons Grow Bags Heavy Duty Thickened Nonwoven Fabric Pots with Handles","'YVR4'","CA","43.5","29.0","14.5","centimeters","1.72","kilograms","0.0183","cubic meters","Standard-Size","4.27","0.0","0.0665","2026-04","7.5","weeks","40.0","0.0","1.97","0.036","2.6585","0.0","CAD","2.6585","--","N","N","0.0","--","0.63"
"B00VWU2UDC","X0016HFB8N","VIVOSUN 5-Pack 20 Gallons Grow Bags Heavy Duty Thickened Nonwoven Fabric Pots with Handles","'YVR4'","CA","40.4","28.2","6.5","centimeters","1.52","kilograms","0.0074","cubic meters","Standard-Size","13.03","0.0","0.0938","2026-04","7.5","weeks","40.0","0.0","3.27","0.0242","3.7521","0.0","CAD","3.7521","--","N","N","0.0","--","0.37"
"B015PD8I7I","X0016VM6S7","VIVOSUN 2 Pack Durable Waterproof Seedling Heat Mat 10"" x 20.75"" UL & MET-Certified Warm Hydroponic Heating Pad for Germination, Indoor Gardening, Greenhouse","'YVR4'","CA","26.6","8.2","7.8","centimeters","0.72","kilograms","0.0017","cubic meters","Standard-Size","0.07","0.0","1.0E-4","2026-04","7.5","weeks","40.0","0.0","0.07","1.0E-4","0.0045","0.0","CAD","0.0045","--","N","N","0.0","--","0.0"
"B010UCCMW6","X0018L0WB3","VIVOSUN 6 Inch 25 Feet Non-Insulated Flex Air Aluminum Duct for Ventilation, 2 Clamps Included","'YVR4'","CA","33.02","17.02","16.51","centimeters","1.24","kilograms","0.0093","cubic meters","Standard-Size","2.57","0.0","0.0238","2026-04","7.5","weeks","40.0","0.0","0.23","0.0022","0.9526","0.0","CAD","0.9526","--","N","N","0.0","--","0.0"
"B01EWH83FU","X0018MEL55","VIVOSUN 6.5 Inch Gardening Scissors Hand Pruner Pruning Shear with Straight Stainless Steel Blades Orange 1-Pack","'YVR4'","CA","22.2","8.0","1.4","centimeters","0.07","kilograms","2.0E-4","cubic meters","Standard-Size","89.43","0.0","0.0221","2026-04","7.5","weeks","40.0","0.0","23.53","0.0059","0.8832","0.0","CAD","0.8832","--","N","N","0.0","--","0.63"
"B01EUURUVM","X0018MPHIZ","VIVOSUN 4 Inch 25 Feet Non-Insulated Flex Air Aluminum Duct for Ventilation, 2 Clamps Included","'YVR4'","CA","43.94","11.68","11.43","centimeters","0.84","kilograms","0.0059","cubic meters","Standard-Size","0.53","0.0","0.0029","2026-04","7.5","weeks","40.0","0.0","0.03","2.0E-4","0.1173","0.0","CAD","0.1173","--","N","N","0.0","--","0.03"
"B00P7RUI3U","X001BA006X","VIVOSUN Heavy-Duty Polyester Plant Trellis Netting 5 x 15ft, 1 Pack","'YVR4'","CA","14.2","13.3","1.6","centimeters","0.07","kilograms","3.0E-4","cubic meters","Standard-Size","2.2","0.0","6.0E-4","2026-04","7.5","weeks","40.0","0.0","1.73","5.0E-4","0.0258","0.0","CAD","0.0258","--","N","N","0.0","--","0.07"
"B00UBLDUBO","X001BA59YB","VIVOSUN 5-Pack 2 Gallons Heavy Duty Thickened Nonwoven Fabric Pots Grow Bags with Handles","'YVR4'","CA","35.29","23.2","3.4","centimeters","0.32","kilograms","0.0028","cubic meters","Standard-Size","0.1","0.0","2.0E-4","2026-04","7.5","weeks","40.0","0.0","0.07","2.0E-4","0.0074","0.0","CAD","0.0074","--","N","N","0.0","--","0.07"
"B01M7S46YZ","X001KCU7VP","VIVOSUN D4 4 Inch 195 CFM Inline Duct Ventilation Fan HVAC Vent Blower for Hydroponics Grow Tent","'YVR4'","CA","20.6","19.4","17.6","centimeters","1.16","kilograms","0.007","cubic meters","Standard-Size","1.0","0.03","0.0068","2026-04","7.5","weeks","40.0","0.0","0.97","0.0068","0.272","0.0","CAD","0.272","--","N","N","0.0","--","0.0"
"B01M7S46YZ","X001KCU7VP","VIVOSUN D4 4 Inch 195 CFM Inline Duct Ventilation Fan HVAC Vent Blower for Hydroponics Grow Tent","'YVR4'","CA","20.6","19.4","17.6","centimeters","1.16","kilograms","0.007","cubic meters","Standard-Size","8.7","0.0","0.0607","2026-04","7.5","weeks","40.0","0.0","3.5","0.0246","2.429","0.0","CAD","2.429","--","N","N","0.0","--","0.07"
"B01I1D9QAM","X001LWF96R","VIVOSUN 5-Pack 7 Gallon Grow Bags Heavy Duty 300G Thickened Nonwoven Plant Fabric Pots with Handles Tan","'YVR4'","CA","28.9","21.1","9.1","centimeters","0.6","kilograms","0.0055","cubic meters","Standard-Size","9.0","0.0","0.0498","2026-04","7.5","weeks","40.0","0.0","2.03","0.0113","1.9903","0.0","CAD","1.9903","--","N","N","0.0","--","0.03"
"B01I1D9KFI","X001LWFXHH","Unknown","'YVR4'","CA","31.1","27.8","6.6","centimeters","1.08","kilograms","0.0057","cubic meters","Standard-Size","1.2","0.0","0.0068","2026-04","7.5","weeks","40.0","0.0","0.77","0.0044","0.2739","0.0","CAD","0.2739","--","N","N","0.0","--","0.0"
"B01I1D9IF0","X001LWGBN7","VIVOSUN 5-Pack 10 Gallon Grow Bags Heavy Duty 300G Thickened Nonwoven Plant Fabric Pots with Handles Tan","'YVR4'","CA","28.0","23.0","13.1","centimeters","0.89","kilograms","0.0084","cubic meters","Standard-Size","3.2","0.0","0.0245","2026-04","7.5","weeks","40.0","0.0","0.1","8.0E-4","0.9786","0.0","CAD","0.9786","--","N","N","0.0","--","0.3"
"B06X6FT8MK","X001M12U87","VIVOSUN Air Stone Disc 8 x 8 Inch with Shell and Sucker for Aquarium, Fish Tank and Hydroponics Air Pump","'YVR4'","CA","23.8","22.8","3.6","centimeters","1.0","kilograms","0.002","cubic meters","Standard-Size","11.3","0.0","0.0214","2026-04","7.5","weeks","40.0","0.0","8.8","0.0172","0.857","0.0","CAD","0.857","--","N","N","0.0","--","0.33"
"B06Y1XVD1P","X001M23OUT","VIVOSUN 6.5 Inch Gardening Scissors Hand Pruner Pruning Shear with Titanium Coated Curved Precision Blades 1-Pack","'YVR4'","CA","21.7","7.1","1.4","centimeters","0.07","kilograms","2.0E-4","cubic meters","Standard-Size","0.03","0.0","0.0","2026-04","7.5","weeks","40.0","0.0","0.03","0.0","3.0E-4","0.0","CAD","3.0E-4","--","N","N","0.0","--","0.0"
"B06VV79ZTK","X001M244R1","VIVOSUN Air Stones Disc 5 x 5 Inch with Shell for Aquarium, Fish Tank and Hydroponics Air Pump","'YVR4'","CA","14.6","13.3","2.6","centimeters","0.28","kilograms","5.0E-4","cubic meters","Standard-Size","34.83","0.0","0.0175","2026-04","7.5","weeks","40.0","0.0","28.57","0.0144","0.6994","0.0","CAD","0.6994","--","N","N","0.0","--","0.2"
"B071D55QFS","X001MNI72D","VIVOSUN 6.5 Inch Gardening Scissors Hand Pruner Pruning Shear with Straight Stainless Steel Blades Orange 2-Pack","'YVR4'","CA","25.6","8.6","2.6","centimeters","0.18","kilograms","6.0E-4","cubic meters","Standard-Size","54.97","0.0","0.0314","2026-04","7.5","weeks","40.0","0.0","51.43","0.0294","1.2571","0.0","CAD","1.2571","--","N","N","0.0","--","0.07"
"B01DNUIHWG","X001S0NH93","VIVOSUN 164 Feet (50m) PE-Coated Twist Ties, Garden Plant Ties with Cutter for Gardening, Outdoor Garden Twine Reuseable for Climbing Supporting Plants Tomatoes, Office Home Organization (Green)","'YVR4'","CA","17.4","11.0","2.4","centimeters","0.1","kilograms","5.0E-4","cubic meters","Standard-Size","0.07","0.0","0.0","2026-04","7.5","weeks","40.0","0.0","0.03","0.0","6.0E-4","0.0","CAD","6.0E-4","--","N","N","0.0","--","0.03"
"B01DNUIGUY","X00249CNEH","VIVOSUN Soil Tester 3-in-1 Plant Moisture Meter Light and PH Tester for Home, Garden, Lawn, Farm, Indoor and Outdoor Use, Promote Plants Healthy Growth","'YVR4'","CA","32.9","10.1","4.3","centimeters","0.1","kilograms","0.0014","cubic meters","Standard-Size","3.33","0.0","0.0048","2026-04","7.5","weeks","40.0","0.0","3.33","0.0048","0.1905","0.0","CAD","0.1905","--","N","N","0.0","--","0.0"
"B07L54HB83","X0026O3WMR","VIVOSUN 800GPH Submersible Pump(3000L/H, 24W), Ultra Quiet Water Pump with 10ft High Lift, Fountain Pump with 5ft Power Cord, 3 Nozzles for Fish Tank, Pond, Aquarium, Statuary, Hydroponics","'YVR4'","CA","15.0","12.5","8.5","centimeters","0.88","kilograms","0.0016","cubic meters","Standard-Size","0.1","0.0","2.0E-4","2026-04","7.5","weeks","40.0","0.0","0.1","2.0E-4","0.0064","0.0","CAD","0.0064","--","N","N","0.0","--","0.0"
"B07L4Q3MVY","X0026OYY4R","VIVOSUN 1.35-Gallon Pump Sprayer, Pressurized Lawn & Garden Sprayer with Adjustable Shoulder Strap for Plants, Garden Watering and Household Cleaning","'YVR4'","CA","43.0","18.6","18.4","centimeters","1.38","kilograms","0.0147","cubic meters","Standard-Size","1.4","0.0","0.0196","2026-04","7.5","weeks","40.0","0.0","1.33","0.0196","0.7849","0.0","CAD","0.7849","--","N","N","0.0","--","0.07"
"B07L4FWW1F","X0026R0BV9","VIVOSUN 6 Inch 100-Pack Garden Stakes, Galvanized Steel Landscape Stapes 11 Gauge U-Shaped Pins for Weed Barrier Fabric, Ground Cover, Soaker Hose, Irrigation Tubing, Holding Fence","'YVR4'","CA","16.7","16.4","4.5","centimeters","1.84","kilograms","0.0012","cubic meters","Standard-Size","67.53","0.0","0.0831","2026-04","7.5","weeks","40.0","0.0","11.0","0.0136","3.3244","0.0","CAD","3.3244","--","N","N","0.0","--","0.1"
"B01I1D9OT0","X0027LF9U7","VIVOSUN 5-Pack 30 Gallon Grow Bags Heavy Duty 300G Thickened Nonwoven Plant Fabric Pots with Handles Tan","'YVR4'","CA","40.0","31.0","8.5","centimeters","1.68","kilograms","0.0105","cubic meters","Standard-Size","0.83","0.0","0.0077","2026-04","7.5","weeks","40.0","0.0","0.1","0.0011","0.3092","0.0","CAD","0.3092","--","N","N","0.0","--","0.1"
"B07QTHHGZL","X00289XXFL","VIVOSUN 0.8-Gallon Pump Sprayer, Pressurized Lawn & Garden Sprayer with Adjustable Shoulder Strap for Plants, Garden Watering and Household Cleaning","'YVR4'","CA","36.7","18.5","18.4","centimeters","1.19","kilograms","0.0125","cubic meters","Standard-Size","2.67","0.0","0.0312","2026-04","7.5","weeks","40.0","0.0","2.5","0.0312","1.2493","0.0","CAD","1.2493","--","N","N","0.0","--","0.17"
"B07QSCTT31","X0028B1A8L","VIVOSUN 0.4 Gallon Handheld Garden Pump Sprayer, 50 oz Gallon Lawn & Garden Pressure Water Spray Bottle with Adjustable Brass Nozzle, for Plants and Other Cleaning Solutions (1.5L Red)","'YVR4'","CA","34.5","15.0","15.0","centimeters","0.48","kilograms","0.0078","cubic meters","Standard-Size","0.27","0.0","0.0021","2026-04","7.5","weeks","40.0","0.0","0.27","0.0021","0.0828","0.0","CAD","0.0828","--","N","N","0.0","--","0.0"
"B07QTHF3QK","X0028BZNWZ","VIVOSUN 0.4 Gallon Handheld Garden Pump Sprayer, 50 oz Gallon Lawn & Garden Pressure Water Spray Bottle with Adjustable Brass Nozzle, for Plants and Other Cleaning Solutions (1.5L Green)","'YVR4'","CA","34.0","16.0","14.5","centimeters","0.48","kilograms","0.0079","cubic meters","Standard-Size","1.13","0.0","0.0089","2026-04","7.5","weeks","40.0","0.0","1.13","0.0089","0.3576","0.0","CAD","0.3576","--","N","N","0.0","--","0.0"
"B07QQX9C9H","X0028MN7QD","VIVOSUN 210GPH Submersible Pump(800L/H, 8W), Ultra Quiet Water Pump with 3.3ft High Lift, Fountain Pump with 5ft Power Cord, 2 Nozzles for Fish Tank, Pond, Aquarium, Statuary, Hydroponics","'YVR4'","CA","13.0","7.2","7.0","centimeters","0.34","kilograms","7.0E-4","cubic meters","Standard-Size","8.83","0.0","0.0031","2026-04","7.5","weeks","40.0","0.0","0.0","0.0","0.1223","0.0","CAD","0.1223","--","N","N","0.0","--","5.2"
"B07SHBMBT4","X0028MO1RR","VIVOSUN #11 High-Carbon Steel Blades for Cutting Plants and Propagation","'YVR4'","CA","20.3","6.3","3.9","centimeters","0.1","kilograms","5.0E-4","cubic meters","Standard-Size","2.27","0.0","0.0011","2026-04","7.5","weeks","40.0","0.0","1.73","9.0E-4","0.0452","0.0","CAD","0.0452","--","N","N","0.0","--","0.0"
"B07H8G6PKX","X0028TRIQB","VIVOSUN 2-Pack Clamp Lamp Light with Detachable 8.5 Inch Aluminum Reflector up to 150 Watt E26 Socket (No Bulb Included), 6 Feet Cord, UL Listed, Type A Bulb Only","'YVR4'","CA","24.1","24.1","15.0","centimeters","0.91","kilograms","0.0087","cubic meters","Standard-Size","53.43","0.0","0.4644","2026-04","7.5","weeks","40.0","0.0","31.23","0.2721","18.5747","0.0","CAD","18.5747","--","N","N","0.0","--","0.13"
"B00W387078","X00294U8XF","VIVOSUN 50-Pack 2 Gallon Grow Bags for Plants, Black-and-White Material for Potting Up Seedlings and Rooting","'YVR4'","CA","24.3","19.9","4.4","centimeters","0.84","kilograms","0.0021","cubic meters","Standard-Size","19.63","0.0","0.0418","2026-04","7.5","weeks","40.0","0.0","18.3","0.0389","1.671","0.0","CAD","1.671","--","N","N","0.0","--","0.0"
"B0132LPUTE","X00295TQCX","VIVOSUN 50-Pack 3 Gallon Grow Bags for Plants, Black-and-White Material for Potting Up Seedlings and Rooting","'YVR4'","CA","22.0","22.0","4.0","centimeters","1.2","kilograms","0.0019","cubic meters","Standard-Size","14.73","0.0","0.0281","2026-04","7.5","weeks","40.0","0.0","13.87","0.0268","1.1255","0.0","CAD","1.1255","--","N","N","0.0","--","0.2"
"B07QTHF9ZT","X0029LVMNN","VIVOSUN 0.2 Gallon Handheld Garden Pump Sprayer, 27 oz Gallon Lawn & Garden Pressure Water Spray Bottle with Adjustable Brass Nozzle, for Plants and Other Cleaning Solutions (0.8L Green)","'YVR4'","CA","31.3","15.7","14.5","centimeters","0.37","kilograms","0.0071","cubic meters","Standard-Size","3.7","0.0","0.0259","2026-04","7.5","weeks","40.0","0.0","2.93","0.0209","1.0356","0.0","CAD","1.0356","--","N","N","0.0","--","0.07"
"B07SVYP3V5","X0029QTUX7","VIVOSUN 1 Pack 50 Gallon Grow Bag, Fabric Pot with Handles for Growing Vegtables and Plants","'YVR4'","CA","38.1","28.0","6.5","centimeters","0.49","kilograms","0.0069","cubic meters","Standard-Size","0.03","0.0","2.0E-4","2026-04","7.5","weeks","40.0","0.0","0.03","2.0E-4","0.0092","0.0","CAD","0.0092","--","N","N","0.0","--","0.0"
"B07SN2JKSZ","X0029YJ3KT","VIVOSUN 5 Pack 7 Gallon Square Grow Bags, Thick Fabric Bags with Handles","'YVR4'","CA","32.9","32.5","5.5","centimeters","0.95","kilograms","0.0059","cubic meters","Standard-Size","0.97","0.0","0.0057","2026-04","7.5","weeks","40.0","0.0","0.83","0.0049","0.2274","0.0","CAD","0.2274","--","N","N","0.0","--","0.0"
"B01M5IASHD","X002ALDC3Z","VIVOSUN Digital pH Meter, 0.01pH High Accuracy Pen Type pH Tester for Hydroponics, Household Drinking, Pool and Aquarium, Yellow, UL Certified","'YVR4'","CA","16.8","5.4","3.2","centimeters","0.11","kilograms","3.0E-4","cubic meters","Standard-Size","18.8","0.0","0.0051","2026-04","7.5","weeks","40.0","0.0","14.47","0.0042","0.2028","0.0","CAD","0.2028","--","N","N","0.0","--","5.67"
"B07TDJ6H7Z","X002AMSP1X","VIVOSUN 2-Pack LCD Digital Aquarium Thermometer Fish Tank Water Terrarium Temperature with Suction Cup for Turtle","'YVR4'","CA","18.5","9.7","4.5","centimeters","0.08","kilograms","8.0E-4","cubic meters","Standard-Size","21.67","0.0","0.0175","2026-04","7.5","weeks","40.0","0.0","5.9","0.0048","0.6999","0.0","CAD","0.6999","--","N","N","0.0","--","0.0"
"B07T887H59","X002AMSQV7","VIVOSUN 1-Pack LCD Digital Aquarium Thermometer Fish Tank Water Terrarium Temperature with Suction Cup for Turtle","'YVR4'","CA","12.9","8.8","1.8","centimeters","0.04","kilograms","2.0E-4","cubic meters","Standard-Size","40.0","0.0","0.0082","2026-04","7.5","weeks","40.0","0.0","4.83","0.001","0.3269","0.0","CAD","0.3269","--","N","N","0.0","--","0.0"
"B06XKMH86J","X002AO9XN5","VIVOSUN pH and TDS Meter Combo, 0.05ph High Accuracy Pen Type pH Meter ± 2% Readout Accuracy 3-in-1 TDS EC Temperature Meter for Hydroponics, Household Drinking, and Aquarium, UL Certified","'YVR4'","CA","17.7","9.9","3.2","centimeters","0.19","kilograms","6.0E-4","cubic meters","Standard-Size","42.77","0.0","0.0238","2026-04","7.5","weeks","40.0","0.0","6.53","0.0037","0.954","0.0","CAD","0.954","--","N","N","0.0","--","0.23"
"B07TBDJV31","X002AOLNXD","VIVOSUN 4-Pack LCD Digital Aquarium Thermometer Fish Tank Water Terrarium Temperature with Suction Cup for Turtle","'YVR4'","CA","23.5","11.8","5.0","centimeters","0.19","kilograms","0.0014","cubic meters","Standard-Size","11.67","0.0","0.0162","2026-04","7.5","weeks","40.0","0.0","1.57","0.0022","0.647","0.0","CAD","0.647","--","N","N","0.0","--","0.0"
"B07FJWM52K","X002B0KFFN","VIVOSUN 2700 GPH Submersible Water Pump, 120W Pond Pump, Ultra Quiet Aquarium Pump with 15FT. Lift Height for Pond Waterfall, Fish Tank, Statuary, or Hydroponics","'YVR4'","CA","29.0","21.6","20.8","centimeters","3.28","kilograms","0.013","cubic meters","Oversize","0.6","0.0","0.0078","2026-04","9.6","weeks","28.0","0.0","0.6","0.0078","0.2189","0.0","CAD","0.2189","--","N","N","0.0","--","0.0"
"B07FFXXRCT","X002B5A689","VIVOSUN 4500 GPH Submersible Water Pump, 220W Pond Pump, Ultra Quiet Aquarium Pump with 19 FT. Lift Height for Pond Waterfall, Fish Tank, Statuary, or Hydroponics","'YVR4'","CA","33.5","22.8","21.8","centimeters","4.58","kilograms","0.0167","cubic meters","Oversize","0.8","0.0","0.0128","2026-04","9.6","weeks","28.0","0.0","0.77","0.0128","0.3574","0.0","CAD","0.3574","--","N","N","0.0","--","0.03"
"B07FJV5MWP","X002B5JSUL","VIVOSUN 1600 GPH Submersible Water Pump, 100W Pond Pump, Ultra Quiet Aquarium Pump with 14FT. Lift Height for Pond, Waterfall, Fish Tank, Statuary, Hydroponic","'YVR4'","CA","27.9","20.7","19.2","centimeters","2.88","kilograms","0.0111","cubic meters","Standard-Size","0.03","0.0","4.0E-4","2026-04","7.5","weeks","40.0","0.0","0.03","4.0E-4","0.0148","0.0","CAD","0.0148","--","N","N","0.0","--","0.0"
"B07FJZ55Y9","X002B5KMRJ","VIVOSUN 9000 GPH Submersible Water Pump, 620W Pond Pump, Ultra Quiet Aquarium Pump with 26.5 FT. Lift Height for Pond Waterfall, Fish Tank, Statuary, or Hydroponics","'YVR4'","CA","32.0","24.2","23.5","centimeters","7.04","kilograms","0.0182","cubic meters","Oversize","0.13","0.0","0.0024","2026-04","9.6","weeks","28.0","0.0","0.07","0.0012","0.0679","0.0","CAD","0.0679","--","N","N","0.0","--","0.0"
"B01DNUIHGM","X002D2ERET","VIVOSUN 3 inch x 7 ft Heavy Duty Double-Side Indoor Outdoor Dust Barriers Peel & Stick Zipper for Tarp One Pack Black","'YVR4'","CA","9.1","9.1","9.1","centimeters","0.16","kilograms","8.0E-4","cubic meters","Standard-Size","0.17","0.0","1.0E-4","2026-04","7.5","weeks","40.0","0.0","0.17","1.0E-4","0.005","0.0","CAD","0.005","--","N","N","0.0","--","0.0"
"B0823BFW6P","X002EE3AFN","VIVOSUN Insulated Spiral Pipe Wrap Insulation Bubble Film 6-Inch by 25-Feet, 2 Pack","'YVR4'","CA","38.29","20.1","15.6","centimeters","0.74","kilograms","0.012","cubic meters","Standard-Size","1.43","0.0","0.0172","2026-04","7.5","weeks","40.0","0.0","1.43","0.0172","0.6884","0.0","CAD","0.6884","--","N","N","0.0","--","0.0"
"B07R22S3B5","X002HBM045","VIVOSUN 50 Pcs 6 Inch Plastic Plant Nursery Pots, Seed Starting Pot, Flower Plant Container for Seedlings, Cuttings, Transplanting","'YVR4'","CA","35.0","31.6","17.1","centimeters","1.29","kilograms","0.0189","cubic meters","Standard-Size","0.1","0.0","0.0019","2026-04","7.5","weeks","40.0","0.0","0.07","0.0013","0.0757","0.0","CAD","0.0757","--","N","N","0.0","--","0.0"
"B07S72KGJ7","X002HBN5XZ","VIVOSUN 5oz/sq.yd Barrier Landscape Fabric 3 x 50 Ft., Commercial Ground Cover Fabric Block, Gardening Fabric Mat, Black Heavy Duty Garden Cloth Felt for Flower Bed, Patio, Orchard, and Playground","'YVR4'","CA","35.0","32.0","18.0","centimeters","2.45","kilograms","0.0202","cubic meters","Standard-Size","20.5","0.0","0.4126","2026-04","7.5","weeks","40.0","0.0","5.67","0.1142","16.5047","0.0","CAD","16.5047","--","N","N","0.0","--","0.03"
"B081N6NQ7B","X002IK09KH","VIVOSUN 6 Inch 50-Pack Garden Stakes, Galvanized Steel Landscape Stapes 11 Gauge U-Shaped Pins for Weed Barrier Fabric, Ground Cover, Soaker Hose, Irrigation Tubing, Holding Fence","'YVR4'","CA","16.7","10.9","3.3","centimeters","0.73","kilograms","6.0E-4","cubic meters","Standard-Size","86.03","0.0","0.0516","2026-04","7.5","weeks","40.0","0.0","17.03","0.0102","2.0656","0.0","CAD","2.0656","--","N","N","0.0","--","0.07"
"B07Y81DTTJ","X002IRQ01R","VIVOSUN 1 Gallon Pump Pressure Sprayer, 4L Pressurized Lawn & Garden Water Spray Bottle with 3 Water Nozzles, Adjustable Shoulder Strap, Pressure Relief Valve, for Plants and Cleaning","'YVR4'","CA","40.9","18.8","18.6","centimeters","1.17","kilograms","0.0143","cubic meters","Standard-Size","0.17","0.0","5.0E-4","2026-04","7.5","weeks","40.0","0.0","0.03","5.0E-4","0.0191","0.0","CAD","0.0191","--","N","N","0.0","--","0.13"
"B07Y82117Q","X002IRT8BB","VIVOSUN 1.3 Gallon Pump Pressure Sprayer, 5L Pressurized Lawn & Garden Water Spray Bottle with 3 Water Nozzles, Adjustable Shoulder Strap, Pressure Relief Valve, for Plants and Cleaning","'YVR4'","CA","44.7","18.6","18.5","centimeters","1.23","kilograms","0.0154","cubic meters","Standard-Size","0.2","0.0","0.0026","2026-04","7.5","weeks","40.0","0.0","0.17","0.0026","0.1025","0.0","CAD","0.1025","--","N","N","0.0","--","0.03"
"B087TJGHWJ","X002JO1G95","VIVOSUN Indoor Hydroponics Anti UVA & UVB Grow Room Glasses Goggles with Glasses Case","'YVR4'","CA","19.0","11.2","6.5","centimeters","0.15","kilograms","0.0014","cubic meters","Standard-Size","3.07","0.0","0.0042","2026-04","7.5","weeks","40.0","0.0","3.07","0.0042","0.1697","0.0","CAD","0.1697","--","N","N","0.0","--","0.0"
"B08228CNGT","X002JPFX0R","VIVOSUN 3-in-1 Digital pH Meter with ATC, ±0.1 pH Accuracy, 0-14.0 pH Measurement Range","'YVR4'","CA","20.9","8.3","4.9","centimeters","0.14","kilograms","9.0E-4","cubic meters","Standard-Size","1.73","0.0","0.0015","2026-04","7.5","weeks","40.0","0.0","1.53","0.0013","0.0589","0.0","CAD","0.0589","--","N","N","0.0","--","0.0"
"B07ZR9ZMS7","X002K0ZUIB","VIVOSUN 3567 GPH Submersible Water Pump, 130W Pond Pump, Ultra Quiet Aquarium Pump with 14.8FT Lift Height for Pond, Waterfall, Fish Tank, Statuary, Hydroponic","'YVR4'","CA","39.29","20.6","17.5","centimeters","3.03","kilograms","0.0142","cubic meters","Standard-Size","0.33","0.0","0.0047","2026-04","7.5","weeks","40.0","0.0","0.33","0.0047","0.1889","0.0","CAD","0.1889","--","N","N","0.0","--","0.0"
"B07ZR9VNCP","X002K1PH8X","VIVOSUN 1982 GPH and Submersible Water Pump, 110W Pond Pump, Ultra Quiet Aquarium Pump with 14.8FT Lift Height for Pond, Waterfall, Fish Tank, Statuary, Hydroponic","'YVR4'","CA","39.5","20.4","17.6","centimeters","3.27","kilograms","0.0142","cubic meters","Standard-Size","5.57","0.0","0.078","2026-04","7.5","weeks","40.0","0.0","5.5","0.078","3.1201","0.0","CAD","3.1201","--","N","N","0.0","--","0.07"
"B083XMPXGB","X002MBSJ9F","VIVOSUN 5 Tier Vertical Gardening Stackable Planter for Strawberries, Flowers, Herbs, Vegetables Ivory","'YVR4'","CA","35.0","35.0","21.0","centimeters","2.38","kilograms","0.0257","cubic meters","Oversize","0.03","0.0","9.0E-4","2026-04","9.6","weeks","28.0","0.0","0.03","9.0E-4","0.024","0.0","CAD","0.024","--","N","N","0.0","--","0.0"
"B08889K4D2","X002NT8NJ7","VIVOSUN 7 Day Programmable Timer Indoor Digital Electronic Timer with Dual Outlet, 20 On/Off Program Setting, and Countdown Setting, 2 Pack","'YVR4'","CA","10.5","9.9","7.5","centimeters","0.3","kilograms","8.0E-4","cubic meters","Standard-Size","17.67","0.0","0.0134","2026-04","7.5","weeks","40.0","0.0","0.1","1.0E-4","0.5364","0.0","CAD","0.5364","--","N","N","0.0","--","0.47"
"B0887SFLMR","X002NTA8NL","VIVOSUN 7 Day Programmable Timer Indoor Digital Electronic Timer with Dual Outlet, 20 On/Off Program Setting, and Countdown Setting","'YVR4'","CA","10.4","7.1","7.0","centimeters","0.12","kilograms","5.0E-4","cubic meters","Standard-Size","36.83","0.0","0.019","2026-04","7.5","weeks","40.0","0.0","0.0","0.0","0.7588","0.0","CAD","0.7588","--","N","N","0.0","--","0.13"
"B081ZM97QQ","X002P7IK81","VIVOSUN 3"" x 20"" Seedling Heat Mat and Digital Thermostat Combo Set, UL & MET-Certified Heating Pad for Hydroponic, Kombucha Tea, Brewing, Fermentation & Plant Germination","'YVR4'","CA","19.2","19.0","5.7","centimeters","0.56","kilograms","0.0021","cubic meters","Standard-Size","1.4","0.53","0.0018","2026-04","7.5","weeks","40.0","0.0","0.87","0.0018","0.0721","0.0","CAD","0.0721","--","N","N","0.0","--","0.0"
"B0885SVNRQ","X002PDMXN3","VIVOSUN 5-Pack 25 Gallon Grow Bags Heavy Duty 300G Thickened Nonwoven Plant Fabric Pots with Handles Tan","'YVR4'","CA","42.7","32.29","9.8","centimeters","1.69","kilograms","0.0135","cubic meters","Standard-Size","4.87","0.0","0.0595","2026-04","7.5","weeks","40.0","0.0","2.9","0.0392","2.3782","0.0","CAD","2.3782","--","N","N","0.0","--","0.67"
"B0885S2TDF","X002PDW103","VIVOSUN 5-Pack 20 Gallon Grow Bags Heavy Duty 300G Thickened Nonwoven Plant Fabric Pots with Handles Tan","'YVR4'","CA","42.1","29.8","8.4","centimeters","1.49","kilograms","0.0105","cubic meters","Standard-Size","3.37","0.0","0.0337","2026-04","7.5","weeks","40.0","0.0","0.1","0.0011","1.349","0.0","CAD","1.349","--","N","N","0.0","--","0.17"
"B082M7FNK6","X00305V0TN","VIVOSUN 480GPH Submersible Pump(1800L/H, 25W), Ultra Quiet Water Pump with 7.2ft High Lift, Fountain Pump with 5ft Power Cord, 3 Nozzles for Fish Tank, Aquarium, Statuary, Hydroponics","'YVR4'","CA","15.4","10.7","9.5","centimeters","0.67","kilograms","0.0016","cubic meters","Standard-Size","17.17","0.0","0.0269","2026-04","7.5","weeks","40.0","0.0","13.63","0.0213","1.0749","0.0","CAD","1.0749","--","N","N","0.0","--","0.0"
"B08HRW31D4","X003ASDM2D","VIVOSUN 10-Pack 15 Gallon Grow Bags Heavy Duty 300G Thickened Nonwoven Plant Fabric Pots with Handles","'YVR4'","CA","34.5","28.8","16.3","centimeters","2.44","kilograms","0.0162","cubic meters","Standard-Size","0.47","0.0","0.0049","2026-04","7.5","weeks","40.0","0.0","0.1","0.0016","0.1944","0.0","CAD","0.1944","--","N","N","0.0","--","0.17"
"B097PJS964","X003ASERIL","VIVOSUN 10-Pack 30 Gallon Grow Bags Heavy Duty 300G Thickened Nonwoven Plant Fabric Pots with Handles","'YVR4'","CA","44.5","29.69","21.11","centimeters","3.67","kilograms","0.0279","cubic meters","Oversize","2.17","0.0","0.0567","2026-04","9.6","weeks","28.0","0.0","0.53","0.0149","1.5877","0.0","CAD","1.5877","--","N","N","0.0","--","0.13"
"B097PJW1QP","X003DQEKYL","VIVOSUN 10-Pack 20 Gallon Grow Bags Heavy Duty 300G Thickened Nonwoven Plant Fabric Pots with Handles","'YVR4'","CA","43.51","30.71","16.1","centimeters","2.93","kilograms","0.0215","cubic meters","Standard-Size","1.3","0.0","0.005","2026-04","7.5","weeks","40.0","0.0","0.03","7.0E-4","0.2008","0.0","CAD","0.2008","--","N","N","0.0","--","4.1"
"B097PHG8PV","X003DQFPYZ","VIVOSUN 10-Pack 25 Gallon Grow Bags Heavy Duty 300G Thickened Nonwoven Plant Fabric Pots with Handles","'YVR4'","CA","44.78","32.59","17.6","centimeters","3.29","kilograms","0.0257","cubic meters","Standard-Size","1.43","0.0","0.0368","2026-04","7.5","weeks","40.0","0.0","0.0","0.0","1.4728","0.0","CAD","1.4728","--","N","N","0.0","--","0.0"
"B08HRSGQV7","X003DQFSFV","VIVOSUN 10-Pack 10 Gallon Grow Bags Heavy Duty 300G Thickened Nonwoven Plant Fabric Pots with Handles","'YVR4'","CA","32.4","25.0","14.6","centimeters","1.85","kilograms","0.0118","cubic meters","Standard-Size","0.13","0.0","0.0016","2026-04","7.5","weeks","40.0","0.0","0.03","4.0E-4","0.0631","0.0","CAD","0.0631","--","N","N","0.0","--","0.0"
"B0BBVT3P6G","X003FFTIB5","VIVOSUN 5-in-1 Digital PH Meter with PH/Salinity/TDS/EC/Temperature Function, Backlight Screen, IP67 Waterproof for Hydroponics, Home Drinking, Pool and Aquarium","'YVR4'","CA","21.3","8.1","4.9","centimeters","0.16","kilograms","8.0E-4","cubic meters","Standard-Size","22.53","0.0","0.019","2026-04","7.5","weeks","40.0","0.0","16.53","0.014","0.762","0.0","CAD","0.762","--","N","N","0.0","--","0.0"
"B0BCVM2P9K","X003FHDSOL","VIVOSUN 5 x 15 ft. Plant Trellis Netting, Heavy-Duty Polyester Grow Net, Garden Trellis Netting with Square Mesh for Climbing Plants, Vegetables, Fruits, and Flowers, 1-Pack","'YVR4'","CA","18.6","17.3","1.5","centimeters","0.12","kilograms","5.0E-4","cubic meters","Standard-Size","0.07","0.0","0.0","2026-04","7.5","weeks","40.0","0.0","0.07","0.0","0.0013","0.0","CAD","0.0013","--","N","N","0.0","--","0.0"
"B0BVM964Z8","X003RRCXQD","VIVOSUN 5 x 15 ft. Plant Trellis Netting, Heavy-Duty Polyester Grow Net, Garden Trellis Netting with Square Mesh for Climbing Plants, Vegetables, Fruits, and Flowers, 2-Pack","'YVR4'","CA","20.9","19.8","3.0","centimeters","0.24","kilograms","0.0012","cubic meters","Standard-Size","10.53","0.0","0.013","2026-04","7.5","weeks","40.0","0.0","10.5","0.013","0.5214","0.0","CAD","0.5214","--","N","N","0.0","--","0.03"
"B0BB799H1L","X003RS3C9J","VIVOSUN 7 x 10 Feet Pond Liner, 14.5 Mil Durable LLDPE Pond Liners for Koi Ponds, Aquaculture and Water Gardens, Black","'YVR4'","CA","35.5","28.0","7.1","centimeters","1.86","kilograms","0.0071","cubic meters","Standard-Size","0.87","0.0","0.0061","2026-04","7.5","weeks","40.0","0.0","0.37","0.0026","0.2447","0.0","CAD","0.2447","--","N","N","0.0","--","0.0"
"B0BB7C3V4H","X003RS5ONV","VIVOSUN 10 x 13 Feet Pond Liner, 14.5 Mil Durable LLDPE Pond Liners for Koi Ponds, Aquaculture and Water Gardens, Black","'YVR4'","CA","39.4","30.4","10.2","centimeters","3.86","kilograms","0.0122","cubic meters","Standard-Size","1.1","0.0","0.013","2026-04","7.5","weeks","40.0","0.0","0.7","0.0086","0.5213","0.0","CAD","0.5213","--","N","N","0.0","--","0.03"
"B0BY2DZJ8J","X003SZ0P73","VIVOSUN Elastic 5 x 5Ft. Trellis Netting with 4 Hooks for Climbing Plants, Vegetables, Fruits, and Flowers, 1-Pack","'YVR4'","CA","19.6","18.0","5.9","centimeters","0.27","kilograms","0.0021","cubic meters","Standard-Size","2.93","0.0","0.0055","2026-04","7.5","weeks","40.0","0.0","2.4","0.005","0.2193","0.0","CAD","0.2193","--","N","N","0.0","--","0.3"
"B0C4S397J4","X003UXKIBB","VIVOSUN Quiet Register Booster Fan for 𝟒"" 𝐱𝟏𝟎"" Holes, Cooling Heating Vent with Intelligent Thermostat Control, 10-Speeds Increase Airflow Booster Fan for Bedroom & Attic, Matte White","'YVR4'","CA","38.79","15.8","6.9","centimeters","1.12","kilograms","0.0042","cubic meters","Standard-Size","34.83","0.0","0.1473","2026-04","7.5","weeks","40.0","0.0","34.83","0.1473","5.8924","0.0","CAD","5.8924","--","N","N","0.0","--","0.0"
"B0875SPZT4","X003VVNEHR","VIVOSUN 4 Inch 16 Feet Non-Insulated Flex Air Aluminum Ducting for HVAC Ventilation with 2 Stainless Steel Clamps","'YVR4'","CA","30.6","12.0","11.4","centimeters","0.67","kilograms","0.0042","cubic meters","Standard-Size","0.27","0.0","0.0011","2026-04","7.5","weeks","40.0","0.0","0.07","3.0E-4","0.0447","0.0","CAD","0.0447","--","N","N","0.0","--","0.0"
"B07WT519SL","X003VVNGPR","VIVOSUN 6 Inch 8 Feet Black Non-Insulated Flex Air Aluminum Ducting for Ventilation w/ 2pcs 6 Inch Stainless Steel Clamps","'YVR4'","CA","17.7","17.1","15.0","centimeters","0.6","kilograms","0.0045","cubic meters","Standard-Size","0.8","0.0","0.0036","2026-04","7.5","weeks","40.0","0.0","0.07","3.0E-4","0.1453","0.0","CAD","0.1453","--","N","N","0.0","--","0.0"
"B087632ZS3","X003VVNLEX","VIVOSUN 4 Inch 16 Feet Black Non-Insulated Flex Air Aluminum Ducting for HVAC Ventilation w/Two 4 Inch Stainless Steel Clamps","'YVR4'","CA","35.79","12.3","12.0","centimeters","0.86","kilograms","0.0053","cubic meters","Standard-Size","0.2","0.0","5.0E-4","2026-04","7.5","weeks","40.0","0.0","0.0","0.0","0.0211","0.0","CAD","0.0211","--","N","N","0.0","--","0.1"
"B07B7HCHR2","X003VVPM3V","VIVOSUN 6 Inch 8 Feet Non-Insulated Flex Air Aluminum Ducting for HVAC Ventilation w/Two 4 Inch Stainless Steel Clamps","'YVR4'","CA","17.2","16.9","14.6","centimeters","0.47","kilograms","0.0042","cubic meters","Standard-Size","0.2","0.0","8.0E-4","2026-04","7.5","weeks","40.0","0.0","0.03","1.0E-4","0.034","0.0","CAD","0.034","--","N","N","0.0","--","0.0"
"B07WT4VNC1","X003VVPZ3D","VIVOSUN 6 Inch 25 Feet Black Non-Insulated Flex Air Aluminum Ducting for HVAC Ventilation w/Two 6 Inch Stainless Steel Clamps","'YVR4'","CA","41.79","17.1","16.7","centimeters","1.73","kilograms","0.0119","cubic meters","Standard-Size","3.0","0.0","0.0358","2026-04","7.5","weeks","40.0","0.0","0.3","0.0036","1.4321","0.0","CAD","1.4321","--","N","N","0.0","--","0.0"
"B07WW7CY9F","X003VVQ0EV","VIVOSUN 4 Inch 8 Feet Black Non-Insulated Flex Air Aluminum Ducting for HVAC Ventilation w/Two 4 Inch Stainless Steel Clamps","'YVR4'","CA","19.1","12.1","11.7","centimeters","0.16","kilograms","0.0027","cubic meters","Standard-Size","1.87","0.0","0.005","2026-04","7.5","weeks","40.0","0.0","0.83","0.0023","0.2019","0.0","CAD","0.2019","--","N","N","0.0","--","0.0"
"B0BY2HRPWQ","X003X2AGC5","VIVOSUN Small Grow Tent for Aerogarden, Hydroponics Growing System, 20”x14”x21” Highly Reflective Mylar Indoor Grow Tent with Sealed Bottom Design, Ventilation Window and Cable Hole Port","'YVR4'","CA","34.4","19.8","15.7","centimeters","1.73","kilograms","0.0107","cubic meters","Standard-Size","7.37","0.0","0.0788","2026-04","7.5","weeks","40.0","0.0","3.57","0.0381","3.1511","0.0","CAD","3.1511","--","N","N","0.0","--","0.0"
"B0B9GVFMCD","X003Y9MGZR","VIVOSUN 2-Pack Clamp Lamp Light with Detachable 5.5 Inch Aluminum Reflector up to 60W E26 Socket (No Bulb Included), 6 Feet Cord, UL Listed","'YVR4'","CA","21.3","18.4","12.7","centimeters","0.78","kilograms","0.005","cubic meters","Standard-Size","13.8","0.0","0.0659","2026-04","7.5","weeks","40.0","0.0","0.5","0.0025","2.6348","0.0","CAD","2.6348","--","N","N","0.0","--","0.57"
"B0B96R2RC3","X003Y9YNC1","VIVOSUN Professional Automatic Drip Irrigation Kits, 15W Output, All in One Professional Grow Kit- Includes Pump, Timer and Regulator, 8 Drip Emitters Garden Plant Watering System Indoor Outdoor","'YVR4'","CA","19.0","17.5","16.1","centimeters","1.14","kilograms","0.0054","cubic meters","Standard-Size","13.1","0.0","0.0694","2026-04","7.5","weeks","40.0","0.0","0.23","0.0012","2.7766","0.0","CAD","2.7766","--","N","N","0.0","--","0.13"
"B0B7J1151P","X003YK5AEF","VIVOSUN 2-Pcs. Grow Tent Vent Cover, 4""/6""/8"" Duct Filter Vent Cover with Elastic Band and Fixed Buckle for Plant Grow Tent Vent","'YVR4'","CA","19.0","12.6","6.1","centimeters","0.05","kilograms","0.0015","cubic meters","Standard-Size","0.27","0.0","4.0E-4","2026-04","7.5","weeks","40.0","0.0","0.27","4.0E-4","0.0156","0.0","CAD","0.0156","--","N","N","0.0","--","0.0"
"B0BTM3RC2G","X003ZF76FZ","VIVOSUN 1-Pair 1/8 Inch Adjustable Grow Light Hanger, Heavy Duty Rope Hanger with Reinforced Metal Gears, 8Ft. Long and 150 lbs Weight Capacity Rope for Grow Light, Inline Fan, Filters","'YVR4'","CA","16.7","13.6","3.8","centimeters","0.15","kilograms","9.0E-4","cubic meters","Standard-Size","1.1","0.0","9.0E-4","2026-04","7.5","weeks","40.0","0.0","1.1","9.0E-4","0.038","0.0","CAD","0.038","--","N","N","0.0","--","0.0"
"B0BZY3BT6R","X0040NVN37","VIVOSUN 2600 GPH Submersible Water Pump with Barrier Bag, Ultra Quiet 200W Pond Pump for Pond, Waterfall, Fish Tank, Statuary, Hydroponic, 20Ft. Lift Height","'YVR4'","CA","35.29","25.4","18.4","centimeters","4.04","kilograms","0.0165","cubic meters","Standard-Size","0.6","0.0","0.0099","2026-04","7.5","weeks","40.0","0.0","0.6","0.0099","0.3958","0.0","CAD","0.3958","--","N","N","0.0","--","0.0"
"B0BZXJGT3Z","X0040NVO9P","VIVOSUN 3700 GPH Submersible Water Pump with Barrier Bag, Ultra Quiet 300W Pond Pump for Pond, Waterfall, Fish Tank, Statuary, Hydroponic, 21Ft. Lift Height","'YVR4'","CA","35.7","25.8","18.2","centimeters","4.16","kilograms","0.0168","cubic meters","Standard-Size","0.3","0.0","0.0045","2026-04","7.5","weeks","40.0","0.0","0.27","0.0045","0.1788","0.0","CAD","0.1788","--","N","N","0.0","--","0.03"
"B0BLBHZ6CS","X0041E9T7R","VIVOSUN 5-Pack 5 Gallon Grow Bags, 500G Thick Nonwoven Fabric Pots with Strap Handles, Multi-Purpose Rings, for Low Stress Plant Training Fruits, Vegetables, and Flowers","'YVR4'","CA","26.8","19.9","8.1","centimeters","0.95","kilograms","0.0043","cubic meters","Standard-Size","2.4","0.0","0.0104","2026-04","7.5","weeks","40.0","0.0","2.4","0.0104","0.4147","0.0","CAD","0.4147","--","N","N","0.0","--","0.0"
"B0BL9XDQZL","X0041EH3LV","VIVOSUN 5-Pack 25 Gallon Grow Bags, 360G Thick Nonwoven Fabric Pots with Strap Handles, Multi-Purpose Rings, for Low Stress Plant Training Fruits, Vegetables, and Flowers","'YVR4'","CA","42.29","32.5","10.5","centimeters","2.05","kilograms","0.0144","cubic meters","Standard-Size","1.23","0.0","0.0178","2026-04","7.5","weeks","40.0","0.0","1.23","0.0178","0.712","0.0","CAD","0.712","--","N","N","0.0","--","0.0"
"B0C5MBVTR9","X0043S1AWX","VIVOSUN Self-Watering Planters, 4-Pack 10.5 Inch Compact Rectangular Window Herb Planter Box with 10 PCS Plant Labels, Plant Container for Basil, Flowers, Succulents, Indoor & Outdoor","'YVR4'","CA","30.1","29.3","14.2","centimeters","1.35","kilograms","0.0125","cubic meters","Standard-Size","1.4","0.0","0.0159","2026-04","7.5","weeks","40.0","0.0","1.27","0.0159","0.6345","0.0","CAD","0.6345","--","N","N","0.0","--","0.13"
"B0BW95Z36Q","X0043SI9CH","VIVOSUN 1"" Rockwool Cubes, 200 Plugs Stonewool Starter Grow Cubes for Cuttings, Cloning, Plant Propagation, Seed Starting, Hydroponic Grow Media for Vigorous Plant Growth","'YVR4'","CA","29.7","15.4","10.0","centimeters","0.28","kilograms","0.0046","cubic meters","Standard-Size","0.8","0.0","0.0037","2026-04","7.5","weeks","40.0","0.0","0.8","0.0037","0.1464","0.0","CAD","0.1464","--","N","N","0.0","--","0.0"
"B0CFX9CQ4H","X0043SID3H","VIVOSUN Window Duct Kit, Portable AC Window Seal Kit, Fit with 4”/6” Ducting & 5.9” Hose for Sliding Window, Adjustable AC Vent Kit for Duct Fans, Air Conditioner, Dryer","'YVR4'","CA","44.1","18.1","9.8","centimeters","1.73","kilograms","0.0078","cubic meters","Standard-Size","3.37","0.0","0.0263","2026-04","7.5","weeks","40.0","0.0","3.37","0.0263","1.0534","0.0","CAD","1.0534","--","N","N","0.0","--","0.0"
