"asin","fnsku","product_name","fulfillment_center","country_code","longest_side","median_side","shortest_side","measurement_units","weight","weight_units","item_volume","volume_units","product_size_tier","average_quantity_on_hand","average_quantity_pending_removal","estimated_total_item_volume","month_of_charge","storage_utilization_ratio","storage_utilization_ratio_units","base_rate","utilization_surcharge_rate","avg_qty_for_sus","est_vol_for_sus","est_base_msf","est_sus","currency","estimated_monthly_storage_fee","category","eligible_for_inventory_discount","qualifies_for_inventory_discount","total_incentive_fee_amount","breakdown_incentive_fee_amount","average_quantity_customer_orders"
"B0BY2JKXC7","X0022GVOSP","VIVOSUN 4 x 4Ft. Rete Elastica a Traliccio con 4 Ganci per Piante Rampicanti, Ortaggi, Frutta e Fiori, 1-Pack","'MXP6'","IT","20.0","18.2","3.6","centimeters","0.18","kilograms","0.0013","cubic meters","Standard-Size","27.0","0.0","0.0354","2026-04","14.4","weeks","27.54","0.0","27.0","0.0354","0.9742","0.0","EUR","0.9742","Others","N","N","0.0","--","0.0"
"B01EUURUVM","X0023SZURD","VIVOSUN Condotto flessibile in alluminio per ventilazione, 10,2 cm, 2 morsetti inclusi, kit di sfiato multistrato per asciugatrice a lunga durata, sistemi di ventilazione","'MXP6'","IT","43.94","12.07","11.68","centimeters","0.79","kilograms","0.0062","cubic meters","Standard-Size","6.0","0.0","0.0372","2026-04","14.4","weeks","27.54","0.0","6.0","0.0372","1.0237","0.0","EUR","1.0237","Others","N","N","0.0","--","0.0"
"B07FKJNGSZ","X0023T25DJ","ducting-1 Ducting","'MXP6'","IT","34.49","12.09","11.3","centimeters","0.67","kilograms","0.0047","cubic meters","Standard-Size","3.0","0.0","0.0141","2026-04","14.4","weeks","27.54","0.0","3.0","0.0141","0.3894","0.0","EUR","0.3894","Others","N","N","0.0","--","0.0"
"B07WFDCYZL","X0023T6Q1L","VIVOSUN Confezione da 2 tubi flessibili in alluminio flessibile da 10,5 cm, non isolati, per ventilazione HVAC, con quattro morsetti in acciaio inossidabile da 10,5 cm","'MXP6'","IT","45.29","22.91","12.4","centimeters","1.55","kilograms","0.0129","cubic meters","Oversize","9.0","0.0","0.1158","2026-04","20.5","weeks","21.78","0.0","9.0","0.1158","2.52","0.0","EUR","2.52","Others","N","N","0.0","--","0.0"
"B010UCCR3A","X0023T6QNT","VIVOSUN Condotto flessibile in alluminio per condotti di ventilazione con 2 morsetti in acciaio inox da 20,3 cm, kit di sfiato per tubo flessibile per asciugatrice multistrato lungo e resistente,","'MXP6'","IT","32.8","22.2","21.8","centimeters","1.38","kilograms","0.0159","cubic meters","Standard-Size","9.0","0.0","0.1429","2026-04","14.4","weeks","27.54","0.0","9.0","0.1429","3.9335","0.0","EUR","3.9335","Others","N","N","0.0","--","0.0"
"B0DHGP2JQ8","X0026MTWX9","VIVOSUN Umidificatore per Piante 5L Smart Humidifier AeroStream H05 24dB Silenzioso Nebbia Fredda 360° 50h Top Fill Ultrasuoni Ideale per Grow Tent e Grow Box","'MXP6'","IT","37.9","23.19","20.19","centimeters","1.97","kilograms","0.0177","cubic meters","Standard-Size","1.0","0.37","0.0112","2026-04","14.4","weeks","27.54","0.0","0.63","0.0112","0.3094","0.0","EUR","0.3094","Others","N","N","0.0","--","0.0"
"B0D8PQQWM3","X00276V1V5","VIVOSUN GrowCam C4, fotocamera intelligente WiFi 2K QHD per Grow Tent e VGrow Smart Grow Box, supporta WiFi a 2,4 GHz (non 5 GHz/6 GHz), timelapse, visione notturna, archiviazione scheda SD, audio a 2","'MXP6'","IT","10.6","9.4","6.2","centimeters","0.28","kilograms","6.0E-4","cubic meters","Standard-Size","10.0","0.0","0.0062","2026-04","14.4","weeks","27.54","0.0","10.0","0.0062","0.1701","0.0","EUR","0.1701","Others","N","N","0.0","--","0.0"
"B07RBL1XJV","X002F0MTB9","VIVOSUN 2-Pack Indoor Hydroponics LED Grow Room Occhiali con Custodia per Occhiali","'MXP6'","IT","18.1","17.5","6.5","centimeters","0.24","kilograms","0.0021","cubic meters","Standard-Size","2.0","0.0","0.0041","2026-04","14.4","weeks","27.54","0.0","2.0","0.0041","0.1134","0.0","EUR","0.1134","Others","N","N","0.0","--","0.0"
"B0BQF728P7","X001VEMT83","VIVOSUN AeroZesh T4 Ventola Aspirazione 100mm Ventilatore da Condotto Estrazione 357 m³/h con Regolatore di Velocità E12 Controllo PWM, Programmabile per Tende di Coltivazione e Ventilazione Indoor","'PSR2'","IT","58.0","36.0","23.0","centimeters","2.19","kilograms","0.048","cubic meters","Oversize","5.0","0.0","0.2401","2026-04","20.5","weeks","21.78","0.0","5.0","0.2401","5.23","0.0","EUR","5.23","Others","N","N","0.0","--","0.0"
"B07QTHF9ZT","X001VKGPG9","VIVOSUN Spruzzatore Nebulizzatore Manuale a Pressione da 0,8L con Ugello in Ottone Regolabile, per Giardinaggio, Orto, Trattamenti Piante e Pulizia, Colore Verde","'PSR2'","IT","31.3","15.7","14.7","centimeters","0.39","kilograms","0.0072","cubic meters","Standard-Size","2.0","0.0","0.0144","2026-04","14.4","weeks","27.54","0.0","2.0","0.0144","0.3978","0.0","EUR","0.3978","Others","N","N","0.0","--","0.0"
"B07Y81DTTJ","X001VKL6RR","VIVOSUN Spruzzatore a Pressione 4L, Bottiglia a Pompa con 3 Ugelli per l'acqua, design della Scanalatura Dell'impugnatura, Valvola di Sicurezza, Cinghia di Trasporto, per prati, piante e Pulizia","'PSR2'","IT","40.9","18.8","18.7","centimeters","1.17","kilograms","0.0144","cubic meters","Standard-Size","15.0","0.0","0.2157","2026-04","14.4","weeks","27.54","0.0","15.0","0.2157","5.9387","0.0","EUR","5.9387","Others","N","N","0.0","--","0.0"
"B01DXYMBU6","X001VZSIFF","VIVOSUN Filtro A Carbone Attivo 100mm 4 Pulgadas Control De Olores con Carbón Australiano para Extractor Ventilación Grow Tent Cultivo Interior Invernadero con Prefiltro","'PSR2'","IT","34.29","19.7","19.2","centimeters","2.71","kilograms","0.013","cubic meters","Standard-Size","1.0","0.0","0.013","2026-04","14.4","weeks","27.54","0.0","1.0","0.013","0.3571","0.0","EUR","0.3571","Others","N","N","0.0","--","0.0"
"B08M3G5TH3","X001VZST45","VIVOSUN Filtro A Carbone Attivo 100mm 4 Pulgadas Control De Olores con Carbón Australiano para Extractor Ventilación Grow Tent Cultivo Interior Invernadero con Prefiltro","'PSR2'","IT","34.6","20.5","19.3","centimeters","2.68","kilograms","0.0137","cubic meters","Standard-Size","5.0","0.0","0.0684","2026-04","14.4","weeks","27.54","0.0","5.0","0.0684","1.8847","0.0","EUR","1.8847","Others","N","N","0.0","--","0.0"
"B01EWH83FU","X001W1EEP1","VIVOSUN Confezione 1 Forbici da Giardinaggio 17cm Forbici da Pianta con Manici Ergonomici Forbici da Potatura con Lame Dritte e Rivestimento Antiaderente Titanio Forbici da Rose Arancioni","'PSR2'","IT","21.5","7.1","1.3","centimeters","0.07","kilograms","2.0E-4","cubic meters","Standard-Size","118.0","0.0","0.0234","2026-04","14.4","weeks","27.54","0.0","118.0","0.0234","0.6448","0.0","EUR","0.6448","Others","N","N","0.0","--","0.0"
"B06Y1XVD1P","X001W1HJ2B","VIVOSUN Confezione 1 Forbici da Giardinaggio 17cm Forbici da Pianta con Manici Ergonomici Forbici da Potatura con Lame Dritte e Rivestimento Antiaderente Titanio Forbici da Rose Blu","'PSR2'","IT","21.6","7.0","1.5","centimeters","0.07","kilograms","2.0E-4","cubic meters","Standard-Size","493.0","0.0","0.1118","2026-04","14.4","weeks","27.54","0.0","493.0","0.1118","3.0787","0.0","EUR","3.0787","Others","N","N","0.0","--","0.0"
"B0C2436JDR","X001WTEUMP","VIVOSUN 2 Paia di Ganci Regolabili da 0,3 cm, Resistenti Ganci in Corda con Ingranaggi in Metallo Rinforzato, Corda Lunga 2,4 m e capacità di Peso di 68 kg per Grow Light, Ventola in Linea, Filtri","'PSR2'","IT","15.1","14.6","4.2","centimeters","0.3","kilograms","9.0E-4","cubic meters","Standard-Size","56.0","0.0","0.0519","2026-04","14.4","weeks","27.54","0.0","56.0","0.0519","1.4277","0.0","EUR","1.4277","Others","N","N","0.0","--","0.0"
"B0B96R2RC3","X001YZWCAT","VIVOSUN Kit Irrigazione a Goccia Automatica, Potenza di Uscita 15W, Kit di Coltivazione Tutto in Uno —Pompa, Timer e Regolatore, Sistema di Riego per Piante da Giardino con 8 Emetitori a Goccia","'PSR2'","IT","18.7","16.5","16.2","centimeters","1.17","kilograms","0.005","cubic meters","Standard-Size","8.0","0.0","0.04","2026-04","14.4","weeks","27.54","0.0","8.0","0.04","1.101","0.0","EUR","1.101","Others","N","N","0.0","--","0.0"
"B0BXD9RK42","X001Z5PQDD","VIVOSUN Kit di Irrigazione a Goccia Automatica Solare con Timer, Uscita 3 W, Sistema di Irrigazione a Goccia Automatico Alimentato a Energia Solare, Sistema di Irrigazione per Piante da Giardino","'PSR2'","IT","31.1","21.2","7.1","centimeters","0.93","kilograms","0.0047","cubic meters","Standard-Size","16.0","0.0","0.0749","2026-04","14.4","weeks","27.54","0.0","16.0","0.0749","2.0623","0.0","EUR","2.0623","Others","N","N","0.0","--","0.0"
"B0BXP3XLLR","X0020HG1EN","VIVOSUN AeroLab THB1S Wireless Bluetooth igrometro termometro da interno, VPD, misuratore digitale di umidità della temperatura, controllo e allarme Smart App LCD, archiviazione dati, doppio canale","'PSR2'","IT","14.5","12.6","2.8","centimeters","0.23","kilograms","5.0E-4","cubic meters","Standard-Size","1.0","0.0","5.0E-4","2026-04","14.4","weeks","27.54","0.0","1.0","5.0E-4","0.0141","0.0","EUR","0.0141","Others","N","N","0.0","--","0.0"
"B087CPSL1H","X0021P8V2T","VIVOSUN Confezione da 2 Forbici da Giardinaggio 17cm Forbici da Pianta con Manici Ergonomici Forbici da Potatura con Lame Dritte e Rivestimento Antiaderente Titanio Forbici da Rose Arancioni","'PSR2'","IT","23.8","9.4","1.6","centimeters","0.14","kilograms","4.0E-4","cubic meters","Standard-Size","60.0","0.0","0.0215","2026-04","14.4","weeks","27.54","0.0","60.0","0.0215","0.5914","0.0","EUR","0.5914","Others","N","N","0.0","--","0.0"
"B0D8PQQWM3","X00276V1V5","VIVOSUN GrowCam C4, fotocamera intelligente WiFi 2K QHD per Grow Tent e VGrow Smart Grow Box, supporta WiFi a 2,4 GHz (non 5 GHz/6 GHz), timelapse, visione notturna, archiviazione scheda SD, audio a 2","'PSR2'","IT","10.6","9.4","6.2","centimeters","0.28","kilograms","6.0E-4","cubic meters","Standard-Size","15.0","0.0","0.0093","2026-04","14.4","weeks","27.54","0.0","15.0","0.0093","0.2551","0.0","EUR","0.2551","Others","N","N","0.0","--","0.0"
"B07RBL1XJV","X002F0MTB9","VIVOSUN 2-Pack Indoor Hydroponics LED Grow Room Occhiali con Custodia per Occhiali","'PSR2'","IT","18.1","17.5","6.5","centimeters","0.24","kilograms","0.0021","cubic meters","Standard-Size","1.0","0.0","0.0021","2026-04","14.4","weeks","27.54","0.0","1.0","0.0021","0.0567","0.0","EUR","0.0567","Others","N","N","0.0","--","0.0"
"B0BQF728P7","X001VEMT83","VIVOSUN AeroZesh T4 Ventola Aspirazione 100mm Ventilatore da Condotto Estrazione 357 m³/h con Regolatore di Velocità E12 Controllo PWM, Programmabile per Tende di Coltivazione e Ventilazione Indoor","'TRN1'","IT","58.0","36.0","23.0","centimeters","2.19","kilograms","0.048","cubic meters","Oversize","9.0","0.0","0.4322","2026-04","20.5","weeks","21.78","0.0","9.0","0.4322","9.41","0.0","EUR","9.41","Others","N","N","0.0","--","0.0"
"B08M3G5TH3","X001VZST45","VIVOSUN Filtro A Carbone Attivo 100mm 4 Pulgadas Control De Olores con Carbón Australiano para Extractor Ventilación Grow Tent Cultivo Interior Invernadero con Prefiltro","'TRN1'","IT","34.6","20.5","19.3","centimeters","2.68","kilograms","0.0137","cubic meters","Standard-Size","2.0","0.0","0.0274","2026-04","14.4","weeks","27.54","0.0","2.0","0.0274","0.754","0.0","EUR","0.754","Others","N","N","0.0","--","0.0"
"B01EWH83FU","X001W1EEP1","VIVOSUN Confezione 1 Forbici da Giardinaggio 17cm Forbici da Pianta con Manici Ergonomici Forbici da Potatura con Lame Dritte e Rivestimento Antiaderente Titanio Forbici da Rose Arancioni","'TRN1'","IT","21.5","7.1","1.3","centimeters","0.07","kilograms","2.0E-4","cubic meters","Standard-Size","118.0","0.0","0.0234","2026-04","14.4","weeks","27.54","0.0","118.0","0.0234","0.6448","0.0","EUR","0.6448","Others","N","N","0.0","--","0.0"
"B0C2C8NP5D","X001YZNSF7","VIVOSUN Ventilatore da Condotto AeroZesh S6 150 mm 688 m³/h Estrazione con Regolatore velocità E12 PWM Programmabile per Tende Coltivazione e Sistemi Ventilazione","'TRN1'","IT","35.6","28.1","25.7","centimeters","2.75","kilograms","0.0257","cubic meters","Standard-Size","13.0","0.0","0.3342","2026-04","14.4","weeks","27.54","0.0","13.0","0.3342","9.2036","0.0","EUR","9.2036","Others","N","N","0.0","--","0.0"
"B0BXD9RK42","X001Z5PQDD","VIVOSUN Kit di Irrigazione a Goccia Automatica Solare con Timer, Uscita 3 W, Sistema di Irrigazione a Goccia Automatico Alimentato a Energia Solare, Sistema di Irrigazione per Piante da Giardino","'TRN1'","IT","31.1","21.2","7.1","centimeters","0.93","kilograms","0.0047","cubic meters","Standard-Size","16.0","0.0","0.0749","2026-04","14.4","weeks","27.54","0.0","16.0","0.0749","2.0625","0.0","EUR","2.0625","Others","N","N","0.0","--","0.0"
"B0BXP3XLLR","X0020HG1EN","VIVOSUN AeroLab THB1S Wireless Bluetooth igrometro termometro da interno, VPD, misuratore digitale di umidità della temperatura, controllo e allarme Smart App LCD, archiviazione dati, doppio canale","'TRN1'","IT","14.5","12.6","2.8","centimeters","0.23","kilograms","5.0E-4","cubic meters","Standard-Size","38.0","0.0","0.0194","2026-04","14.4","weeks","27.54","0.0","38.0","0.0194","0.5353","0.0","EUR","0.5353","Others","N","N","0.0","--","0.0"
"B088GVCMZH","X00220G4QX","VIVOSUN Confezione da 3 Forbici da Giardinaggio 17cm Forbici da Pianta con Manici Ergonomici Forbici da Potatura con Lame Dritte e Rivestimento Antiaderente Titanio Forbici da Rose Blu","'TRN1'","IT","22.5","8.5","4.5","centimeters","0.21","kilograms","9.0E-4","cubic meters","Standard-Size","44.0","0.0","0.0379","2026-04","14.4","weeks","27.54","0.0","44.0","0.0379","1.0428","0.0","EUR","1.0428","Others","N","N","0.0","--","0.0"
"B010UCCR3A","X0023T6QNT","VIVOSUN Condotto flessibile in alluminio per condotti di ventilazione con 2 morsetti in acciaio inox da 20,3 cm, kit di sfiato per tubo flessibile per asciugatrice multistrato lungo e resistente,","'TRN1'","IT","32.8","22.2","21.8","centimeters","1.38","kilograms","0.0159","cubic meters","Standard-Size","1.0","0.0","0.0159","2026-04","14.4","weeks","27.54","0.0","1.0","0.0159","0.4371","0.0","EUR","0.4371","Others","N","N","0.0","--","0.0"
"B0D8PQQWM3","X00276V1V5","VIVOSUN GrowCam C4, fotocamera intelligente WiFi 2K QHD per Grow Tent e VGrow Smart Grow Box, supporta WiFi a 2,4 GHz (non 5 GHz/6 GHz), timelapse, visione notturna, archiviazione scheda SD, audio a 2","'TRN1'","IT","10.6","9.4","6.2","centimeters","0.28","kilograms","6.0E-4","cubic meters","Standard-Size","22.0","0.0","0.0136","2026-04","14.4","weeks","27.54","0.0","22.0","0.0136","0.3743","0.0","EUR","0.3743","Others","N","N","0.0","--","0.0"
"B0C6QKDG53","X002CUEYA1","VIVOSUN Ventilatore da Condotto 150mm Estrazione 660m³/h Motore EC GrowHub E42A+ Controller WiFi AeroZesh G6 Ventilatore Growbox per Riscaldamento Raffreddamento Booster Tende Coltivazione Idroponica","'TRN1'","IT","33.5","26.5","23.0","centimeters","3.65","kilograms","0.0204","cubic meters","Standard-Size","3.0","0.0","0.0613","2026-04","14.4","weeks","27.54","0.0","3.0","0.0613","1.6868","0.0","EUR","1.6868","Others","N","N","0.0","--","0.0"
"B0FHZV3WNM","X002CXIWAB","VIVOSUN AeroFlux Riscaldatore per Tende da Coltivazione Intelligenti 700 W, Riscaldamento PTC con Termostato, Monitoraggio VPD, Controllo app, Protezione Contro il Surriscaldamento e Tubo di prolunga","'TRN1'","IT","33.0","31.1","19.4","centimeters","3.19","kilograms","0.0199","cubic meters","Standard-Size","1.0","0.0","0.0199","2026-04","14.4","weeks","27.54","0.0","1.0","0.0199","0.5483","0.0","EUR","0.5483","Others","N","N","0.0","--","0.0"
"B07RBL1XJV","X002F0MTB9","VIVOSUN 2-Pack Indoor Hydroponics LED Grow Room Occhiali con Custodia per Occhiali","'TRN1'","IT","18.1","17.5","6.5","centimeters","0.24","kilograms","0.0021","cubic meters","Standard-Size","15.0","0.0","0.0309","2026-04","14.4","weeks","27.54","0.0","15.0","0.0309","0.8504","0.0","EUR","0.8504","Others","N","N","0.0","--","0.0"
"B0BYRBRX9V","X001VJI559","VIVOSUN Kit per la Coltivazione di Tende ad alta CFM, Gamma di pali verdi da 24""-48"", Adatto per Tende da Coltivazione da 2'x2', 3'x3', 4'x2' e 4'x4', Confezione da 4 pz.","'XMP4'","IT","74.6","11.9","8.0","centimeters","1.34","kilograms","0.0071","cubic meters","Oversize","122.0","0.0","0.8664","2026-04","20.5","weeks","21.78","0.0","122.0","0.8664","18.8708","0.0","EUR","18.8708","Others","N","N","0.0","--","0.0"
"B01DXYMHWS","X001VZO7S7","VIVOSUN Filtro A Carbone Attivo 200mm 8 Pulgadas Control De Olores con Carbón Australiano para Extractor Ventilación Grow Tent Cultivo Interior Invernadero con Prefiltro","'XMP4'","IT","54.4","30.3","29.8","centimeters","7.58","kilograms","0.0491","cubic meters","Oversize","61.0","0.0","2.9963","2026-04","20.5","weeks","21.78","0.0","61.0","2.9963","65.2594","0.0","EUR","65.2594","Others","N","N","0.0","--","0.0"
"B0CBPGTTYW","X001YZRB9B","VIVOSUN Kit di Estrazione Ventilatore da Condotto 150mm 693m³/h con Regolatore di velocità E12 Filtro a Carbone e Condotto 240cm AeroZesh T6 per Tende di Coltivazione e Growbox","'XMP4'","IT","93.45","28.45","25.37","centimeters","9.14","kilograms","0.0675","cubic meters","Oversize","5.0","0.0","0.3373","2026-04","20.5","weeks","21.78","0.0","5.0","0.3373","7.3458","0.0","EUR","7.3458","Others","N","N","0.0","--","0.0"
"B08JG8F18N","X0020AEZ6V","VIVOSUN VS1000 2 Confezione Luce di Crescita a LED con diodi Samsung LM301 e driver Sosen Luci dimmerabili a spettro completo simile al sole per tende 2x2/3x3","'XMP4'","IT","35.2","35.0","17.8","centimeters","5.19","kilograms","0.0219","cubic meters","Oversize","24.0","0.0","0.5263","2026-04","20.5","weeks","21.78","0.0","24.0","0.5263","11.463","0.0","EUR","11.463","Others","N","N","0.0","--","0.0"
"B0CGHKN4TV","X0021L2AV1","VIVOSUN P426 48""×24""×72"" PRO Grow Tent, con pali spessi da 1 pollice, tessuto Mylar Oxford ad alta riflessione rinforzato, barre di sospensione extra e kit ad alta CFM per AeroLight A200SE","'XMP4'","IT","100.0","33.02","15.24","centimeters","14.0","kilograms","0.0503","cubic meters","Oversize","25.0","0.0","1.2581","2026-04","20.5","weeks","21.78","0.0","25.0","1.2581","27.4004","0.0","EUR","27.4004","Others","N","N","0.0","--","0.0"
"B08346W5S6","X0023SUF0Z","VIVOSUN Bidone rotante doppio del compost del batch del compostatore di rotolamento all'aperto, porta nera da 43 galloni","'XMP4'","IT","57.0","57.0","23.0","centimeters","11.68","kilograms","0.0747","cubic meters","Oversize","10.0","0.0","0.7473","2026-04","20.5","weeks","21.78","0.0","10.0","0.7473","16.2755","0.0","EUR","16.2755","Others","N","N","0.0","--","0.0"
"B0CBRRD7SP","X002CUE6PJ","VIVOSUN Kit di Estrazione Ventilatore da Condotto 200mm AeroZesh G8 GrowHub E42A+ Controllo VPD Temperatura umidità WiFi, Filtro a Carbone Attivo e Condotto per Tende Coltivazione Idroponica","'XMP4'","IT","70.2","56.2","32.8","centimeters","16.22","kilograms","0.1294","cubic meters","Oversize","10.0","0.0","1.294","2026-04","20.5","weeks","21.78","0.0","10.0","1.294","28.184","0.0","EUR","28.184","Others","N","N","0.0","--","0.0"
"B0CBRPS1N8","X002CUF3G5","VIVOSUN Kit di Estrazione Ventilatore da Condotto 150mm AeroZesh G6 GrowHub E42A+ Controllo VPD Temperatura Umidità WiFi, Filtro a Carbone Attivo e Condotto per Tende Coltivazione Idroponica","'XMP4'","IT","93.0","27.0","26.0","centimeters","10.06","kilograms","0.0653","cubic meters","Oversize","11.0","0.0","0.7181","2026-04","20.5","weeks","21.78","0.0","11.0","0.7181","15.6411","0.0","EUR","15.6411","Others","N","N","0.0","--","0.0"
"B07QTHF3QK","X001VKKBMN","VIVOSUN Pulverizador a Presión Rociador De Bomba Manual De 1,5L con Boquilla De Latón Ajustable, para Riego, Cuidado De Plantas, Flores, Control De Malezas Y Tareas De Limpieza, Verde","'BCN1'","ES","34.1","16.5","15.2","centimeters","0.48","kilograms","0.0086","cubic meters","Standard-Size","0.03","0.0","3.0E-4","2026-04","14.4","weeks","27.54","0.0","0.03","3.0E-4","0.0079","0.0","EUR","0.0079","Others","N","N","0.0","--","0.0"
"B01DXYMBU6","X001VZSIFF","VIVOSUN Filtro de Carbón Activo 100mm | con Prefiltro, Brida Reversible y Carbón Australiano | Control de Olores para Tentes de Cultivo, Ventiladores en Línea y Cultivo Interior","'BCN1'","ES","34.29","19.7","19.2","centimeters","2.71","kilograms","0.013","cubic meters","Standard-Size","1.0","0.0","0.013","2026-04","14.4","weeks","27.54","0.0","1.0","0.013","0.3577","0.0","EUR","0.3577","Others","N","N","0.0","--","0.0"
"B08M3G5TH3","X001VZST45","VIVOSUN Filtro de Carbón Activo 100mm Negro | con Prefiltro, Brida Reversible y Carbón Australiano | Control de Olores para Tentes de Cultivo, Ventiladores en Línea y Cultivo Interior","'BCN1'","ES","34.6","20.5","19.3","centimeters","2.68","kilograms","0.0137","cubic meters","Standard-Size","1.1","0.0","0.0151","2026-04","14.4","weeks","27.54","0.0","1.1","0.0151","0.4153","0.0","EUR","0.4153","Others","N","N","0.0","--","0.0"
"B0BMV1W52R","X001WOUTQV","VIVOSUN Ventilador de Conducto AeroZesh T6 150mm 660 m³/h Ventilador de Extracción con Regulador de Velocidad E12, Control PWM, Programable para Tiendas de Cultivo y Ventilación Interior","'BCN1'","ES","33.0","26.0","25.0","centimeters","2.75","kilograms","0.0214","cubic meters","Standard-Size","1.83","0.0","0.0379","2026-04","14.4","weeks","27.54","0.0","1.77","0.0379","1.045","0.0","EUR","1.045","Others","N","N","0.0","--","0.07"
"B07VK1LVN6","X0021OYVTR","VIVOSUN Paquete de 2 lupas Plegables iluminadas de 30X 60X con luz LED para Joyas, Gemas, Relojes, Monedas, Sellos, Antiguos, Color Negro","'BCN1'","ES","9.3","8.0","6.4","centimeters","0.17","kilograms","5.0E-4","cubic meters","Standard-Size","0.47","0.0","2.0E-4","2026-04","14.4","weeks","27.54","0.0","0.4","2.0E-4","0.0053","0.0","EUR","0.0053","Others","N","N","0.0","--","0.07"
"B0C6QK97P2","X002CUEXZ7","VIVOSUN Ventilador de Conducto 100mm AeroZesh T4 Extracción 357m³/h, Ventilador PWM Cámara Cultivo con Controlador GrowHub E42A+, Conexión APP Funcionamiento Silencioso Tiendas Cultivo e Invernaderos","'BCN1'","ES","32.29","24.6","19.8","centimeters","2.85","kilograms","0.0157","cubic meters","Standard-Size","2.83","0.0","0.0446","2026-04","14.4","weeks","27.54","0.0","2.83","0.0446","1.2289","0.0","EUR","1.2289","Others","N","N","0.0","--","0.0"
"B07QTHF9ZT","X001VKGPG9","VIVOSUN Pulverizador a Presión Rociador De Bomba Manual De 0,8l con Boquilla De Latón Ajustable, para Riego, Cuidado De Plantas, Flores, Control De Malezas Y Tareas De Limpieza, Verde","'BCN4'","ES","31.3","15.7","14.7","centimeters","0.39","kilograms","0.0072","cubic meters","Standard-Size","0.2","0.0","0.0014","2026-04","14.4","weeks","27.54","0.0","0.2","0.0014","0.0398","0.0","EUR","0.0398","Others","N","N","0.0","--","0.0"
"B00VWU35F4","X001VKJMC3","VIVOSUN Bolsa de Cultivo 5 Unidades 115 L, Grow Bags de Tela No Tejida Reforzada con Asas, para Verduras, Flores, Frutas, Invernadero y Jardín","'BCN4'","ES","41.5","34.7","9.6","centimeters","1.89","kilograms","0.0138","cubic meters","Oversize","0.13","0.0","0.0018","2026-04","20.5","weeks","21.78","0.0","0.13","0.0018","0.04","0.0","EUR","0.04","Others","N","N","0.0","--","0.0"
"B07Y81DTTJ","X001VKL6RR","VIVOSUN Pulverizador a Presión Manual de 4 litros con Válvula de Seguridad, 3 Boquillas y Manguera de 127 cm, para Cuidado Profesional de Jardín, Césped, Plantas y Control de Malezas","'BCN4'","ES","40.9","18.8","18.7","centimeters","1.17","kilograms","0.0144","cubic meters","Standard-Size","1.5","0.0","0.0211","2026-04","14.4","weeks","27.54","0.0","1.47","0.0211","0.5806","0.0","EUR","0.5806","Others","N","N","0.0","--","0.03"
"B01DXYMBU6","X001VZSIFF","VIVOSUN Filtro de Carbón Activo 100mm | con Prefiltro, Brida Reversible y Carbón Australiano | Control de Olores para Tentes de Cultivo, Ventiladores en Línea y Cultivo Interior","'BCN4'","ES","34.29","19.7","19.2","centimeters","2.71","kilograms","0.013","cubic meters","Standard-Size","0.9","0.0","0.0117","2026-04","14.4","weeks","27.54","0.0","0.9","0.0117","0.3214","0.0","EUR","0.3214","Others","N","N","0.0","--","0.0"
"B08M3G5TH3","X001VZST45","VIVOSUN Filtro de Carbón Activo 100mm Negro | con Prefiltro, Brida Reversible y Carbón Australiano | Control de Olores para Tentes de Cultivo, Ventiladores en Línea y Cultivo Interior","'BCN4'","ES","34.6","20.5","19.3","centimeters","2.68","kilograms","0.0137","cubic meters","Standard-Size","18.13","0.0","0.24","2026-04","14.4","weeks","27.54","0.0","17.53","0.24","6.6083","0.0","EUR","6.6083","Others","N","N","0.0","--","0.6"
"B01EWH83FU","X001W1EEP1","VIVOSUN Tijeras de Jardín 17cm Tijeras de Plantas con Mangos Ergonomicos Tijeras de Poda con Cuchillas Rectas y Revestimiento Antiadherente Titanio Tijeras para Rosas Naranja, 1 Paquete","'BCN4'","ES","21.5","7.1","1.3","centimeters","0.07","kilograms","2.0E-4","cubic meters","Standard-Size","1.17","0.0","2.0E-4","2026-04","14.4","weeks","27.54","0.0","1.07","2.0E-4","0.0058","0.0","EUR","0.0058","Others","N","N","0.0","--","0.1"
"B0CMYX2H9Q","X0023L9EWR","VIVOSUN Ventiladores de Pinza Oscilantes AeroWave D4 10cm para Cultivo, 3 Velocidades, Flujo de Aire Fuerte y Silencioso, Ángulo Ajustable, Color Negro","'BCN4'","ES","14.1","12.7","7.01","centimeters","0.29","kilograms","0.0013","cubic meters","Standard-Size","56.33","0.0","0.0705","2026-04","14.4","weeks","27.54","0.0","56.17","0.0705","1.9409","0.0","EUR","1.9409","Others","N","N","0.0","--","0.17"
"B0BZYSC7TB","X002610L85","VIVOSUN Ventilador de Cultivo con Clip AeroWave E6 Gen2 15 cm Motor EC 12W Control Inteligente APP/WiFi 5 Velocidades+Temporizador Oscilación Automática IP54 para Tienda de Cultivo e Hidroponía Blanco","'BCN4'","ES","24.69","24.41","18.69","centimeters","1.08","kilograms","0.0113","cubic meters","Standard-Size","2.1","0.0","0.0233","2026-04","14.4","weeks","27.54","0.0","2.07","0.0233","0.641","0.0","EUR","0.641","Others","N","N","0.0","--","0.03"
"B0D8PQQWM3","X00276V1V5","VIVOSUN GrowCam C4, Cámara Inteligente WiFi 2K QHD para Tienda de Cultivo y Caja de Cultivo Inteligente VGrow, Lapso de Tiempo, Visión Nocturna, Almacenamiento de Tarjetas SD, Audio Bidireccional","'BCN4'","ES","10.6","9.4","6.2","centimeters","0.28","kilograms","6.0E-4","cubic meters","Standard-Size","41.23","0.0","0.0253","2026-04","14.4","weeks","27.54","0.0","40.97","0.0253","0.6968","0.0","EUR","0.6968","Others","N","N","0.0","--","0.27"
"B0C6QK97P2","X002CUEXZ7","VIVOSUN Ventilador de Conducto 100mm AeroZesh T4 Extracción 357m³/h, Ventilador PWM Cámara Cultivo con Controlador GrowHub E42A+, Conexión APP Funcionamiento Silencioso Tiendas Cultivo e Invernaderos","'BCN4'","ES","32.29","24.6","19.8","centimeters","2.85","kilograms","0.0157","cubic meters","Standard-Size","2.0","0.0","0.0315","2026-04","14.4","weeks","27.54","0.0","2.0","0.0315","0.866","0.0","EUR","0.866","Others","N","N","0.0","--","0.0"
"B0C6QKDG53","X002CUEYA1","VIVOSUN Ventilador de Conducto 150mm AeroZesh T6 Extracción 693m³/h, Ventilador PWM Cámara Cultivo con Controlador GrowHub E42A+, Conexión APP Funcionamiento Silencioso Tiendas Cultivo e Invernaderos","'BCN4'","ES","33.5","26.5","23.0","centimeters","3.65","kilograms","0.0204","cubic meters","Standard-Size","5.57","0.0","0.1137","2026-04","14.4","weeks","27.54","0.0","5.57","0.1137","3.1293","0.0","EUR","3.1293","Others","N","N","0.0","--","0.0"
"B08M3G5TH3","X001VZST45","VIVOSUN Filtro de Carbón Activo 100mm Negro | con Prefiltro, Brida Reversible y Carbón Australiano | Control de Olores para Tentes de Cultivo, Ventiladores en Línea y Cultivo Interior","'KAR1'","ES","34.6","20.5","19.3","centimeters","2.68","kilograms","0.0137","cubic meters","Standard-Size","0.47","0.0","0.0064","2026-04","14.4","weeks","27.54","0.0","0.47","0.0064","0.18","0.0","EUR","0.18","Others","N","N","0.0","--","0.0"
"B01731MLFK","X001VZO4UN","VIVOSUN Filtro de Carbón Activo 150mm | Con Prefiltro, Brida Reversible y Carbón Australiano | Control de Olores para Tentes de Cultivo, Ventiladores en Línea y Cultivo Interior","'MAD4'","ES","44.5","24.0","24.0","centimeters","4.79","kilograms","0.0256","cubic meters","Standard-Size","0.03","0.0","9.0E-4","2026-04","14.4","weeks","27.54","0.0","0.03","9.0E-4","0.0236","0.0","EUR","0.0236","Others","N","N","0.0","--","0.0"
"B01DXYMBU6","X001VZSIFF","VIVOSUN Filtro de Carbón Activo 100mm | con Prefiltro, Brida Reversible y Carbón Australiano | Control de Olores para Tentes de Cultivo, Ventiladores en Línea y Cultivo Interior","'MAD4'","ES","34.29","19.7","19.2","centimeters","2.71","kilograms","0.013","cubic meters","Standard-Size","0.13","0.03","0.0013","2026-04","14.4","weeks","27.54","0.0","0.1","0.0013","0.0358","0.0","EUR","0.0358","Others","N","N","0.0","--","0.0"
"B01DXYMBU6","X001VZSIFF","VIVOSUN Filtro de Carbón Activo 100mm | con Prefiltro, Brida Reversible y Carbón Australiano | Control de Olores para Tentes de Cultivo, Ventiladores en Línea y Cultivo Interior","'MAD4'","ES","34.29","19.7","19.2","centimeters","2.71","kilograms","0.013","cubic meters","Standard-Size","0.03","0.0","4.0E-4","2026-04","14.4","weeks","27.54","0.0","0.03","4.0E-4","0.0119","0.0","EUR","0.0119","Others","N","N","0.0","--","0.0"
"B01EWH83FU","X001W1EEP1","VIVOSUN Tijeras de Jardín 17cm Tijeras de Plantas con Mangos Ergonomicos Tijeras de Poda con Cuchillas Rectas y Revestimiento Antiadherente Titanio Tijeras para Rosas Naranja, 1 Paquete","'MAD4'","ES","21.5","7.1","1.3","centimeters","0.07","kilograms","2.0E-4","cubic meters","Standard-Size","0.1","0.0","0.0","2026-04","14.4","weeks","27.54","0.0","0.1","0.0","5.0E-4","0.0","EUR","5.0E-4","Others","N","N","0.0","--","0.0"
"B0BMV1W52R","X001WOUTQV","VIVOSUN Ventilador de Conducto AeroZesh T6 150mm 660 m³/h Ventilador de Extracción con Regulador de Velocidad E12, Control PWM, Programable para Tiendas de Cultivo y Ventilación Interior","'MAD4'","ES","33.0","26.0","25.0","centimeters","2.75","kilograms","0.0214","cubic meters","Standard-Size","0.4","0.33","0.0014","2026-04","14.4","weeks","27.54","0.0","0.07","0.0014","0.0394","0.0","EUR","0.0394","Others","N","N","0.0","--","0.0"
"B0CMZFSLCL","X0023L9G3T","VIVOSUN Pack de 2 Ventiladores de Pinza Oscilantes AeroWave D4 10cm para Cultivo, 3 Velocidades, Flujo de Aire Fuerte y Silencioso, Ángulo Ajustable, Color Negro","'MAD4'","ES","16.1","14.5","13.1","centimeters","0.58","kilograms","0.0031","cubic meters","Standard-Size","0.53","0.07","0.0014","2026-04","14.4","weeks","27.54","0.0","0.47","0.0014","0.0394","0.0","EUR","0.0394","Others","N","N","0.0","--","0.0"
"B0CMZFSLCL","X0023L9G3T","VIVOSUN Pack de 2 Ventiladores de Pinza Oscilantes AeroWave D4 10cm para Cultivo, 3 Velocidades, Flujo de Aire Fuerte y Silencioso, Ángulo Ajustable, Color Negro","'MAD4'","ES","16.1","14.5","13.1","centimeters","0.58","kilograms","0.0031","cubic meters","Standard-Size","0.13","0.0","4.0E-4","2026-04","14.4","weeks","27.54","0.0","0.0","0.0","0.0112","0.0","EUR","0.0112","Others","N","N","0.0","--","0.0"
"B09SZ9VS93","X00247HY3B","VIVOSUN Alfombra Calefaccional para Plantulas 25x52cm con Controlador de Temperatura Integrado, Manta Termica Planta Impermeable Certificada UL & Met para Hidroponia, Crianza y Invernaderos","'MAD4'","ES","26.7","7.2","6.9","centimeters","0.46","kilograms","0.0013","cubic meters","Standard-Size","0.13","0.0","2.0E-4","2026-04","14.4","weeks","27.54","0.0","0.07","1.0E-4","0.0049","0.0","EUR","0.0049","Others","N","N","0.0","--","0.0"
"B0BZYVVKQB","X002611E9Z","VIVOSUN Lote de 2 Ventiladores de Cultivo con Clip AeroWave E6 Gen2 15 cm Motor EC 12W Control Inteligente APP/WiFi 5 Velocidades+Temporizador Oscilación Automática IP54 para Hidroponía Negro","'MAD4'","ES","44.29","22.5","16.2","centimeters","2.02","kilograms","0.0161","cubic meters","Standard-Size","0.17","0.0","0.0027","2026-04","14.4","weeks","27.54","0.0","0.17","0.0027","0.0742","0.0","EUR","0.0742","Others","N","N","0.0","--","0.0"
"B0D8PQQWM3","X00276V1V5","VIVOSUN GrowCam C4, Cámara Inteligente WiFi 2K QHD para Tienda de Cultivo y Caja de Cultivo Inteligente VGrow, Lapso de Tiempo, Visión Nocturna, Almacenamiento de Tarjetas SD, Audio Bidireccional","'MAD4'","ES","10.6","9.4","6.2","centimeters","0.28","kilograms","6.0E-4","cubic meters","Standard-Size","1.8","0.53","8.0E-4","2026-04","14.4","weeks","27.54","0.0","1.27","8.0E-4","0.0216","0.0","EUR","0.0216","Others","N","N","0.0","--","0.0"
"B0D8PQQWM3","X00276V1V5","VIVOSUN GrowCam C4, Cámara Inteligente WiFi 2K QHD para Tienda de Cultivo y Caja de Cultivo Inteligente VGrow, Lapso de Tiempo, Visión Nocturna, Almacenamiento de Tarjetas SD, Audio Bidireccional","'MAD4'","ES","10.6","9.4","6.2","centimeters","0.28","kilograms","6.0E-4","cubic meters","Standard-Size","0.27","0.0","2.0E-4","2026-04","14.4","weeks","27.54","0.0","0.27","2.0E-4","0.0045","0.0","EUR","0.0045","Others","N","N","0.0","--","0.0"
"B0FB8RK4X1","X002BGZ2XJ","VIVOSUN LumaLight 100 W LED de Cultivo, Lámpara de Espectro Completo Smart Regulable con Alto PPFD para Interior, Plántulas, Hortalizas y Floración","'MAD4'","ES","36.61","35.59","9.79","centimeters","2.91","kilograms","0.0128","cubic meters","Oversize","0.3","0.0","0.0038","2026-04","20.5","weeks","21.78","0.0","0.3","0.0038","0.08","0.0","EUR","0.08","Others","N","N","0.0","--","0.0"
"B0FHZV3WNM","X002CXIWAB","VIVOSUN AeroFlux Calentador Inteligente para Tienda de Campaña con Termostato, Calefacción PTC de 700W, Compacto y Portátil con VPD, Control de Aplicaciones y Protección Contra Sobrecalentamiento","'MAD4'","ES","33.0","31.1","19.4","centimeters","3.19","kilograms","0.0199","cubic meters","Standard-Size","1.0","0.47","0.0106","2026-04","14.4","weeks","27.54","0.0","0.53","0.0106","0.2929","0.0","EUR","0.2929","Others","N","N","0.0","--","0.0"
"B08M42FD1V","X001VZO71T","VIVOSUN Filtro Negro de Carbón Activo 150mm | con Prefiltro, Brida Reversible y Carbón Australiano | Control de Olores para Tentes de Cultivo, Ventiladores en Línea y Cultivo Interior","'MAD6'","ES","55.1","30.2","29.2","centimeters","7.37","kilograms","0.0486","cubic meters","Oversize","0.83","0.0","0.0081","2026-04","20.5","weeks","21.78","0.0","0.17","0.0081","0.1765","0.0","EUR","0.1765","Others","N","N","0.0","--","0.67"
"B0BY7SRP8R","X001YT9DRF","VIVOSUN Kit Completo de Cultivo Inteligente 80x80x160cm Kit de Tienda Cultivo Integrado WiFi, Ventilación Automática, Luz de Cultivo LED de Espectro Completo de 150W, Controlador GrowHub E42A","'MAD6'","ES","87.99","38.0","34.98","centimeters","20.6","kilograms","0.1169","cubic meters","Oversize","0.77","0.0","0.0858","2026-04","20.5","weeks","21.78","0.0","0.73","0.0858","1.8688","0.0","EUR","1.8688","Others","N","N","0.0","--","0.03"
"B09SZ9VS93","X00247HY3B","VIVOSUN Alfombra Calefaccional para Plantulas 25x52cm con Controlador de Temperatura Integrado, Manta Termica Planta Impermeable Certificada UL & Met para Hidroponia, Crianza y Invernaderos","'MAD6'","ES","26.7","7.2","6.9","centimeters","0.46","kilograms","0.0013","cubic meters","Standard-Size","0.03","0.0","0.0","2026-04","14.4","weeks","27.54","0.0","0.0","0.0","0.0","0.0","EUR","0.0","Others","N","N","0.0","--","0.0"
"B0FB8RK4X1","X002BGZ2XJ","VIVOSUN LumaLight 100 W LED de Cultivo, Lámpara de Espectro Completo Smart Regulable con Alto PPFD para Interior, Plántulas, Hortalizas y Floración","'MAD6'","ES","36.61","35.59","9.79","centimeters","2.91","kilograms","0.0128","cubic meters","Oversize","0.03","0.0","4.0E-4","2026-04","20.5","weeks","21.78","0.0","0.03","4.0E-4","0.0093","0.0","EUR","0.0093","Others","N","N","0.0","--","0.0"
"B0CBPHLMKY","X002CUF513","VIVOSUN Kit de Extracción Ventilador de Conducto 100mm AeroZesh T4 Pro con GrowHub E42A+ Control VPD Temperatura Humedad, Conexión APP Filtro de Carbón Activo para Tiendas de Cultivo e Hidroponía","'MAD6'","ES","57.6","35.6","21.6","centimeters","6.84","kilograms","0.0443","cubic meters","Oversize","0.53","0.0","0.0236","2026-04","20.5","weeks","21.78","0.0","0.53","0.0236","0.5148","0.0","EUR","0.5148","Others","N","N","0.0","--","0.0"
"B0FSJ7DNWS","X002FA33A5","VIVOSUN VGrow DWC Sistema de Hidroponía 15 L, Solo para VGrow Smart Grow Box, No compatible con E42A/E42A+, No apto para carpas de cultivo, Con piedras de aireación y Rapid Rooters","'MAD6'","ES","49.0","49.0","29.01","centimeters","4.55","kilograms","0.0696","cubic meters","Oversize","0.03","0.0","0.0023","2026-04","20.5","weeks","21.78","0.0","0.03","0.0023","0.0506","0.0","EUR","0.0506","Others","N","N","0.0","--","0.0"
"B0BY2HRPWQ","X001VJOERR","VIVOSUN Tienda de Cultivo Pequeña 50x36x54cm, Cultivo Hidropónico, Tienda de Cultivo Interior de Mylar Altamente Reflectante, Fondo Sellado, Ventana de Ventilación, Puerto de Orificio para Cables","'MAD7'","ES","34.2","19.9","15.0","centimeters","1.73","kilograms","0.0102","cubic meters","Standard-Size","0.1","0.0","7.0E-4","2026-04","14.4","weeks","27.54","0.0","0.0","0.0","0.0187","0.0","EUR","0.0187","Others","N","N","0.0","--","0.03"
"B07QTHF3QK","X001VKKBMN","VIVOSUN Pulverizador a Presión Rociador De Bomba Manual De 1,5L con Boquilla De Latón Ajustable, para Riego, Cuidado De Plantas, Flores, Control De Malezas Y Tareas De Limpieza, Verde","'MAD7'","ES","34.1","16.5","15.2","centimeters","0.48","kilograms","0.0086","cubic meters","Standard-Size","12.5","0.0","0.1063","2026-04","14.4","weeks","27.54","0.0","12.43","0.1063","2.9285","0.0","EUR","2.9285","Others","N","N","0.0","--","0.07"
"B07Y81DTTJ","X001VKL6RR","VIVOSUN Pulverizador a Presión Manual de 4 litros con Válvula de Seguridad, 3 Boquillas y Manguera de 127 cm, para Cuidado Profesional de Jardín, Césped, Plantas y Control de Malezas","'MAD7'","ES","40.9","18.8","18.7","centimeters","1.17","kilograms","0.0144","cubic meters","Standard-Size","0.03","0.0","5.0E-4","2026-04","14.4","weeks","27.54","0.0","0.03","5.0E-4","0.0132","0.0","EUR","0.0132","Others","N","N","0.0","--","0.0"
"B01731MLFK","X001VZO4UN","VIVOSUN Filtro de Carbón Activo 150mm | Con Prefiltro, Brida Reversible y Carbón Australiano | Control de Olores para Tentes de Cultivo, Ventiladores en Línea y Cultivo Interior","'MAD7'","ES","44.5","24.0","24.0","centimeters","4.79","kilograms","0.0256","cubic meters","Standard-Size","17.93","0.0","0.4528","2026-04","14.4","weeks","27.54","0.0","17.67","0.4528","12.4712","0.0","EUR","12.4712","Others","N","N","0.0","--","0.27"
"B01DXYMBU6","X001VZSIFF","VIVOSUN Filtro de Carbón Activo 100mm | con Prefiltro, Brida Reversible y Carbón Australiano | Control de Olores para Tentes de Cultivo, Ventiladores en Línea y Cultivo Interior","'MAD7'","ES","34.29","19.7","19.2","centimeters","2.71","kilograms","0.013","cubic meters","Standard-Size","0.57","0.0","0.0073","2026-04","14.4","weeks","27.54","0.0","0.57","0.0073","0.2024","0.0","EUR","0.2024","Others","N","N","0.0","--","0.0"
"B08M3G5TH3","X001VZST45","VIVOSUN Filtro de Carbón Activo 100mm Negro | con Prefiltro, Brida Reversible y Carbón Australiano | Control de Olores para Tentes de Cultivo, Ventiladores en Línea y Cultivo Interior","'MAD7'","ES","34.6","20.5","19.3","centimeters","2.68","kilograms","0.0137","cubic meters","Standard-Size","0.6","0.0","0.0082","2026-04","14.4","weeks","27.54","0.0","0.6","0.0082","0.2262","0.0","EUR","0.2262","Others","N","N","0.0","--","0.0"
"B01EWH83FU","X001W1EEP1","VIVOSUN Tijeras de Jardín 17cm Tijeras de Plantas con Mangos Ergonomicos Tijeras de Poda con Cuchillas Rectas y Revestimiento Antiadherente Titanio Tijeras para Rosas Naranja, 1 Paquete","'MAD7'","ES","21.5","7.1","1.3","centimeters","0.07","kilograms","2.0E-4","cubic meters","Standard-Size","16.87","0.0","0.0032","2026-04","14.4","weeks","27.54","0.0","16.33","0.0032","0.0893","0.0","EUR","0.0893","Others","N","N","0.0","--","0.53"
"B06Y1XVD1P","X001W1HJ2B","VIVOSUN Tijeras de Jardín 17cm Tijeras de Plantas con Mangos Ergonomicos Tijeras de Poda con Cuchillas Rectas y Revestimiento Antiadherente Titanio Tijeras para Rosas Azul, 1 Paquete","'MAD7'","ES","21.6","7.0","1.5","centimeters","0.07","kilograms","2.0E-4","cubic meters","Standard-Size","0.1","0.0","0.0","2026-04","14.4","weeks","27.54","0.0","0.1","0.0","6.0E-4","0.0","EUR","6.0E-4","Others","N","N","0.0","--","0.0"
"B0CH7Z32KC","X001WTE3XL","VIVOSUN Prefiltro de 8 Pulgadas Para Filtro de Carbón de 8 Pulgadas, Negro, 17,72 Pulgadas de Largo","'MAD7'","ES","23.7","21.3","3.0","centimeters","0.08","kilograms","0.0015","cubic meters","Standard-Size","1.0","0.0","0.0015","2026-04","14.4","weeks","27.54","0.0","1.0","0.0015","0.0417","0.0","EUR","0.0417","Others","N","N","0.0","--","0.0"
"B07VK1LVN6","X0021OYVTR","VIVOSUN Paquete de 2 lupas Plegables iluminadas de 30X 60X con luz LED para Joyas, Gemas, Relojes, Monedas, Sellos, Antiguos, Color Negro","'MAD7'","ES","9.3","8.0","6.4","centimeters","0.17","kilograms","5.0E-4","cubic meters","Standard-Size","0.37","0.0","2.0E-4","2026-04","14.4","weeks","27.54","0.0","0.37","2.0E-4","0.0048","0.0","EUR","0.0048","Others","N","N","0.0","--","0.0"
"B0CMYX2H9Q","X0023L9EWR","VIVOSUN Ventiladores de Pinza Oscilantes AeroWave D4 10cm para Cultivo, 3 Velocidades, Flujo de Aire Fuerte y Silencioso, Ángulo Ajustable, Color Negro","'MAD7'","ES","14.1","12.7","7.01","centimeters","0.29","kilograms","0.0013","cubic meters","Standard-Size","2.0","0.0","0.0025","2026-04","14.4","weeks","27.54","0.0","2.0","0.0025","0.0691","0.0","EUR","0.0691","Others","N","N","0.0","--","0.0"
"B09SZ9VS93","X00247HY3B","VIVOSUN Alfombra Calefaccional para Plantulas 25x52cm con Controlador de Temperatura Integrado, Manta Termica Planta Impermeable Certificada UL & Met para Hidroponia, Crianza y Invernaderos","'MAD7'","ES","26.7","7.2","6.9","centimeters","0.46","kilograms","0.0013","cubic meters","Standard-Size","0.93","0.0","0.0012","2026-04","14.4","weeks","27.54","0.0","0.1","1.0E-4","0.0329","0.0","EUR","0.0329","Others","N","N","0.0","--","0.03"
"B0D8PQQWM3","X00276V1V5","VIVOSUN GrowCam C4, Cámara Inteligente WiFi 2K QHD para Tienda de Cultivo y Caja de Cultivo Inteligente VGrow, Lapso de Tiempo, Visión Nocturna, Almacenamiento de Tarjetas SD, Audio Bidireccional","'MAD7'","ES","10.6","9.4","6.2","centimeters","0.28","kilograms","6.0E-4","cubic meters","Standard-Size","25.13","0.0","0.0155","2026-04","14.4","weeks","27.54","0.0","25.07","0.0155","0.4265","0.0","EUR","0.4265","Others","N","N","0.0","--","0.07"
"B07RBL1XJV","X002F0MTB9","VIVOSUN Paquete de 2 Vasos LED para Sala de Cultivo Hidropónico de Interior con Estuche para Gafas","'MAD7'","ES","18.1","17.5","6.5","centimeters","0.24","kilograms","0.0021","cubic meters","Standard-Size","1.0","0.0","0.002","2026-04","14.4","weeks","27.54","0.0","0.97","0.002","0.0548","0.0","EUR","0.0548","Others","N","N","0.0","--","0.03"
"B0FB8MD9WM","X002BH0QWZ","VIVOSUN LumaLight Lámpara LED 150 W de Cultivo, Espectro Completo para Plantas, Smart Regulable y Alto PPFD para Plantas de Interior, Plántulas, Hortalizas y Floración","'MAD9'","ES","38.61","38.61","7.62","centimeters","2.86","kilograms","0.0114","cubic meters","Oversize","5.0","0.0","0.0568","2026-04","20.5","weeks","21.78","0.0","5.0","0.0568","1.24","0.0","EUR","1.24","Others","N","N","0.0","--","0.0"
"B01DXYMBU6","X001VZSIFF","VIVOSUN Filtro de Carbón Activo 100mm | con Prefiltro, Brida Reversible y Carbón Australiano | Control de Olores para Tentes de Cultivo, Ventiladores en Línea y Cultivo Interior","'OVD1'","ES","34.29","19.7","19.2","centimeters","2.71","kilograms","0.013","cubic meters","Standard-Size","1.0","0.0","0.013","2026-04","14.4","weeks","27.54","0.0","1.0","0.013","0.3572","0.0","EUR","0.3572","Others","N","N","0.0","--","0.0"
"B08M3G5TH3","X001VZST45","VIVOSUN Filtro de Carbón Activo 100mm Negro | con Prefiltro, Brida Reversible y Carbón Australiano | Control de Olores para Tentes de Cultivo, Ventiladores en Línea y Cultivo Interior","'OVD1'","ES","34.6","20.5","19.3","centimeters","2.68","kilograms","0.0137","cubic meters","Standard-Size","0.77","0.0","0.0105","2026-04","14.4","weeks","27.54","0.0","0.77","0.0105","0.2891","0.0","EUR","0.2891","Others","N","N","0.0","--","0.0"
"B01EWH83FU","X001W1EEP1","VIVOSUN Tijeras de Jardín 17cm Tijeras de Plantas con Mangos Ergonomicos Tijeras de Poda con Cuchillas Rectas y Revestimiento Antiadherente Titanio Tijeras para Rosas Naranja, 1 Paquete","'OVD1'","ES","21.5","7.1","1.3","centimeters","0.07","kilograms","2.0E-4","cubic meters","Standard-Size","79.4","0.0","0.0156","2026-04","14.4","weeks","27.54","0.0","78.63","0.0156","0.4298","0.0","EUR","0.4298","Others","N","N","0.0","--","0.77"
"B07VK1LVN6","X0021OYVTR","VIVOSUN Paquete de 2 lupas Plegables iluminadas de 30X 60X con luz LED para Joyas, Gemas, Relojes, Monedas, Sellos, Antiguos, Color Negro","'OVD1'","ES","9.3","8.0","6.4","centimeters","0.17","kilograms","5.0E-4","cubic meters","Standard-Size","0.1","0.0","0.0","2026-04","14.4","weeks","27.54","0.0","0.07","0.0","9.0E-4","0.0","EUR","9.0E-4","Others","N","N","0.0","--","0.03"
"B0CMYX2H9Q","X0023L9EWR","VIVOSUN Ventiladores de Pinza Oscilantes AeroWave D4 10cm para Cultivo, 3 Velocidades, Flujo de Aire Fuerte y Silencioso, Ángulo Ajustable, Color Negro","'OVD1'","ES","14.1","12.7","7.01","centimeters","0.29","kilograms","0.0013","cubic meters","Standard-Size","6.57","0.0","0.0081","2026-04","14.4","weeks","27.54","0.0","6.47","0.0081","0.2236","0.0","EUR","0.2236","Others","N","N","0.0","--","0.1"
"B0CMZFSLCL","X0023L9G3T","VIVOSUN Pack de 2 Ventiladores de Pinza Oscilantes AeroWave D4 10cm para Cultivo, 3 Velocidades, Flujo de Aire Fuerte y Silencioso, Ángulo Ajustable, Color Negro","'OVD1'","ES","16.1","14.5","13.1","centimeters","0.58","kilograms","0.0031","cubic meters","Standard-Size","0.07","0.0","1.0E-4","2026-04","14.4","weeks","27.54","0.0","0.03","1.0E-4","0.0028","0.0","EUR","0.0028","Others","N","N","0.0","--","0.03"
"B0BZYSC7TB","X002610L85","VIVOSUN Ventilador de Cultivo con Clip AeroWave E6 Gen2 15 cm Motor EC 12W Control Inteligente APP/WiFi 5 Velocidades+Temporizador Oscilación Automática IP54 para Tienda de Cultivo e Hidroponía Blanco","'OVD1'","ES","24.69","24.41","18.69","centimeters","1.08","kilograms","0.0113","cubic meters","Standard-Size","8.0","0.0","0.0901","2026-04","14.4","weeks","27.54","0.0","8.0","0.0901","2.4825","0.0","EUR","2.4825","Others","N","N","0.0","--","0.0"
"B0BZYVVKQB","X002611E9Z","VIVOSUN Lote de 2 Ventiladores de Cultivo con Clip AeroWave E6 Gen2 15 cm Motor EC 12W Control Inteligente APP/WiFi 5 Velocidades+Temporizador Oscilación Automática IP54 para Hidroponía Negro","'OVD1'","ES","44.29","22.5","16.2","centimeters","2.02","kilograms","0.0161","cubic meters","Standard-Size","0.47","0.0","0.0048","2026-04","14.4","weeks","27.54","0.0","0.3","0.0048","0.1334","0.0","EUR","0.1334","Others","N","N","0.0","--","0.17"
"B0D8PQQWM3","X00276V1V5","VIVOSUN GrowCam C4, Cámara Inteligente WiFi 2K QHD para Tienda de Cultivo y Caja de Cultivo Inteligente VGrow, Lapso de Tiempo, Visión Nocturna, Almacenamiento de Tarjetas SD, Audio Bidireccional","'OVD1'","ES","10.6","9.4","6.2","centimeters","0.28","kilograms","6.0E-4","cubic meters","Standard-Size","1.93","0.0","0.0012","2026-04","14.4","weeks","27.54","0.0","1.93","0.0012","0.0329","0.0","EUR","0.0329","Others","N","N","0.0","--","0.0"
"B07RBL1XJV","X002F0MTB9","VIVOSUN Paquete de 2 Vasos LED para Sala de Cultivo Hidropónico de Interior con Estuche para Gafas","'OVD1'","ES","18.1","17.5","6.5","centimeters","0.24","kilograms","0.0021","cubic meters","Standard-Size","0.67","0.0","0.0014","2026-04","14.4","weeks","27.54","0.0","0.67","0.0014","0.0378","0.0","EUR","0.0378","Others","N","N","0.0","--","0.0"
"B07QTHF3QK","X001VKKBMN","VIVOSUN Pulverizador a Presión Rociador De Bomba Manual De 1,5L con Boquilla De Latón Ajustable, para Riego, Cuidado De Plantas, Flores, Control De Malezas Y Tareas De Limpieza, Verde","'RMU1'","ES","34.1","16.5","15.2","centimeters","0.48","kilograms","0.0086","cubic meters","Standard-Size","17.0","0.0","0.1454","2026-04","14.4","weeks","27.54","0.0","17.0","0.1454","4.0025","0.0","EUR","4.0025","Others","N","N","0.0","--","0.0"
"B01DXYMBU6","X001VZSIFF","VIVOSUN Filtro de Carbón Activo 100mm | con Prefiltro, Brida Reversible y Carbón Australiano | Control de Olores para Tentes de Cultivo, Ventiladores en Línea y Cultivo Interior","'RMU1'","ES","34.29","19.7","19.2","centimeters","2.71","kilograms","0.013","cubic meters","Standard-Size","1.0","0.0","0.013","2026-04","14.4","weeks","27.54","0.0","1.0","0.013","0.3571","0.0","EUR","0.3571","Others","N","N","0.0","--","0.0"
"B08M3G5TH3","X001VZST45","VIVOSUN Filtro de Carbón Activo 100mm Negro | con Prefiltro, Brida Reversible y Carbón Australiano | Control de Olores para Tentes de Cultivo, Ventiladores en Línea y Cultivo Interior","'RMU1'","ES","34.6","20.5","19.3","centimeters","2.68","kilograms","0.0137","cubic meters","Standard-Size","3.13","0.0","0.0429","2026-04","14.4","weeks","27.54","0.0","3.13","0.0429","1.1808","0.0","EUR","1.1808","Others","N","N","0.0","--","0.0"
"B06Y1XVD1P","X001W1HJ2B","VIVOSUN Tijeras de Jardín 17cm Tijeras de Plantas con Mangos Ergonomicos Tijeras de Poda con Cuchillas Rectas y Revestimiento Antiadherente Titanio Tijeras para Rosas Azul, 1 Paquete","'RMU1'","ES","21.6","7.0","1.5","centimeters","0.07","kilograms","2.0E-4","cubic meters","Standard-Size","0.07","0.0","0.0","2026-04","14.4","weeks","27.54","0.0","0.0","0.0","4.0E-4","0.0","EUR","4.0E-4","Others","N","N","0.0","--","0.0"
"B0C6QG963B","X001WOUZFV","VIVOSUN Extractor de Aire y Ventilador de Conducto 100mm 331m³/h AeroZesh G4 EC PWM Programable con Regulador E12 para Extracción y Ventilación en Grow Tents, Hidroponía y Cultivo de Plantas Interior","'RMU1'","ES","32.7","24.4","19.7","centimeters","2.48","kilograms","0.0157","cubic meters","Standard-Size","4.0","0.0","0.0629","2026-04","14.4","weeks","27.54","0.0","4.0","0.0629","1.7309","0.0","EUR","1.7309","Others","N","N","0.0","--","0.0"
"B0CMYX2H9Q","X0023L9EWR","VIVOSUN Ventiladores de Pinza Oscilantes AeroWave D4 10cm para Cultivo, 3 Velocidades, Flujo de Aire Fuerte y Silencioso, Ángulo Ajustable, Color Negro","'RMU1'","ES","14.1","12.7","7.01","centimeters","0.29","kilograms","0.0013","cubic meters","Standard-Size","2.63","0.0","0.0033","2026-04","14.4","weeks","27.54","0.0","2.63","0.0033","0.091","0.0","EUR","0.091","Others","N","N","0.0","--","0.0"
"B0D8PQQWM3","X00276V1V5","VIVOSUN GrowCam C4, Cámara Inteligente WiFi 2K QHD para Tienda de Cultivo y Caja de Cultivo Inteligente VGrow, Lapso de Tiempo, Visión Nocturna, Almacenamiento de Tarjetas SD, Audio Bidireccional","'RMU1'","ES","10.6","9.4","6.2","centimeters","0.28","kilograms","6.0E-4","cubic meters","Standard-Size","19.63","0.0","0.0121","2026-04","14.4","weeks","27.54","0.0","19.63","0.0121","0.3339","0.0","EUR","0.3339","Others","N","N","0.0","--","0.0"
"B0C6QK97P2","X002CUEXZ7","VIVOSUN Ventilador de Conducto 100mm AeroZesh T4 Extracción 357m³/h, Ventilador PWM Cámara Cultivo con Controlador GrowHub E42A+, Conexión APP Funcionamiento Silencioso Tiendas Cultivo e Invernaderos","'RMU1'","ES","32.29","24.6","19.8","centimeters","2.85","kilograms","0.0157","cubic meters","Standard-Size","3.07","0.0","0.0482","2026-04","14.4","weeks","27.54","0.0","3.07","0.0482","1.3278","0.0","EUR","1.3278","Others","N","N","0.0","--","0.0"
"B07RBL1XJV","X002F0MTB9","VIVOSUN Paquete de 2 Vasos LED para Sala de Cultivo Hidropónico de Interior con Estuche para Gafas","'RMU1'","ES","18.1","17.5","6.5","centimeters","0.24","kilograms","0.0021","cubic meters","Standard-Size","0.17","0.0","2.0E-4","2026-04","14.4","weeks","27.54","0.0","0.1","2.0E-4","0.0057","0.0","EUR","0.0057","Others","N","N","0.0","--","0.07"
"B0BQF728P7","X001VEMT83","VIVOSUN Ventilador de Conducto AeroZesh T4 100 mm 357 m³/h Ventilador de Extracción con Regulador de Velocidad E12, Control PWM, Programable para Tiendas de Cultivo y Ventilación Interior","'SVQ1'","ES","58.0","36.0","23.0","centimeters","2.19","kilograms","0.048","cubic meters","Oversize","0.2","0.0","0.0096","2026-04","20.5","weeks","21.78","0.0","0.2","0.0096","0.21","0.0","EUR","0.21","Others","N","N","0.0","--","0.0"
"B07QTHF3QK","X001VKKBMN","VIVOSUN Pulverizador a Presión Rociador De Bomba Manual De 1,5L con Boquilla De Latón Ajustable, para Riego, Cuidado De Plantas, Flores, Control De Malezas Y Tareas De Limpieza, Verde","'SVQ1'","ES","34.1","16.5","15.2","centimeters","0.48","kilograms","0.0086","cubic meters","Standard-Size","9.0","0.0","0.077","2026-04","14.4","weeks","27.54","0.0","9.0","0.077","2.1195","0.0","EUR","2.1195","Others","N","N","0.0","--","0.0"
"B07Y81DTTJ","X001VKL6RR","VIVOSUN Pulverizador a Presión Manual de 4 litros con Válvula de Seguridad, 3 Boquillas y Manguera de 127 cm, para Cuidado Profesional de Jardín, Césped, Plantas y Control de Malezas","'SVQ1'","ES","40.9","18.8","18.7","centimeters","1.17","kilograms","0.0144","cubic meters","Standard-Size","1.43","0.0","0.0206","2026-04","14.4","weeks","27.54","0.0","1.43","0.0206","0.5675","0.0","EUR","0.5675","Others","N","N","0.0","--","0.0"
"B07QSCTT31","X001VKLUR3","VIVOSUN Pulverizador a Presión Rociador De Bomba Manual De 1,5L con Boquilla De Latón Ajustable, para Riego, Cuidado De Plantas, Flores, Control De Malezas Y Tareas De Limpieza, Rojo","'SVQ1'","ES","34.4","16.3","15.4","centimeters","0.48","kilograms","0.0086","cubic meters","Standard-Size","9.0","0.0","0.0777","2026-04","14.4","weeks","27.54","0.0","9.0","0.0777","2.14","0.0","EUR","2.14","Others","N","N","0.0","--","0.0"
"B08M3G5TH3","X001VZST45","VIVOSUN Filtro de Carbón Activo 100mm Negro | con Prefiltro, Brida Reversible y Carbón Australiano | Control de Olores para Tentes de Cultivo, Ventiladores en Línea y Cultivo Interior","'SVQ1'","ES","34.6","20.5","19.3","centimeters","2.68","kilograms","0.0137","cubic meters","Standard-Size","1.33","0.0","0.0183","2026-04","14.4","weeks","27.54","0.0","1.33","0.0183","0.5026","0.0","EUR","0.5026","Others","N","N","0.0","--","0.0"
"B0CH81FGVN","X001VZUIM1","VIVOSUN Prefiltro de 4 Pulgadas Para Filtro de Carbón de 4 Pulgadas, Blanco, 9.84 Pulgadas de Largo","'SVQ1'","ES","14.2","13.3","3.8","centimeters","0.04","kilograms","7.0E-4","cubic meters","Standard-Size","19.97","0.0","0.0143","2026-04","14.4","weeks","27.54","0.0","19.03","0.0137","0.3946","0.0","EUR","0.3946","Others","N","N","0.0","--","0.0"
"B01EWH83FU","X001W1EEP1","VIVOSUN Tijeras de Jardín 17cm Tijeras de Plantas con Mangos Ergonomicos Tijeras de Poda con Cuchillas Rectas y Revestimiento Antiadherente Titanio Tijeras para Rosas Naranja, 1 Paquete","'SVQ1'","ES","21.5","7.1","1.3","centimeters","0.07","kilograms","2.0E-4","cubic meters","Standard-Size","88.2","0.0","0.0174","2026-04","14.4","weeks","27.54","0.0","86.37","0.0171","0.4801","0.0","EUR","0.4801","Others","N","N","0.0","--","0.33"
"B0BMV1W52R","X001WOUTQV","VIVOSUN Ventilador de Conducto AeroZesh T6 150mm 660 m³/h Ventilador de Extracción con Regulador de Velocidad E12, Control PWM, Programable para Tiendas de Cultivo y Ventilación Interior","'SVQ1'","ES","33.0","26.0","25.0","centimeters","2.75","kilograms","0.0214","cubic meters","Standard-Size","2.67","0.0","0.0572","2026-04","14.4","weeks","27.54","0.0","2.67","0.0572","1.5751","0.0","EUR","1.5751","Others","N","N","0.0","--","0.0"
"B0CH7Z32KC","X001WTE3XL","VIVOSUN Prefiltro de 8 Pulgadas Para Filtro de Carbón de 8 Pulgadas, Negro, 17,72 Pulgadas de Largo","'SVQ1'","ES","23.7","21.3","3.0","centimeters","0.08","kilograms","0.0015","cubic meters","Standard-Size","91.0","0.0","0.1376","2026-04","14.4","weeks","27.54","0.0","90.87","0.1376","3.7893","0.0","EUR","3.7893","Others","N","N","0.0","--","0.13"
"B0CH829BQ2","X001WTE3XV","VIVOSUN Prefiltro de 8 Pulgadas Para Filtro de Carbón de 8 Pulgadas, Blanco, 17,72 Pulgadas de Largo","'SVQ1'","ES","23.6","21.5","3.8","centimeters","0.08","kilograms","0.0019","cubic meters","Standard-Size","84.3","0.0","0.1625","2026-04","14.4","weeks","27.54","0.0","82.3","0.1587","4.4758","0.0","EUR","4.4758","Others","N","N","0.0","--","0.0"
"B0CH7XQ4T5","X001WTGRSP","VIVOSUN Prefiltro de 6 Pulgadas Para Filtro de Carbón de 6 Pulgadas, Blanco, 13.78 Pulgadas de Largo","'SVQ1'","ES","17.6","17.4","4.4","centimeters","0.06","kilograms","0.0013","cubic meters","Standard-Size","34.73","0.0","0.0467","2026-04","14.4","weeks","27.54","0.0","34.63","0.0467","1.285","0.0","EUR","1.285","Others","N","N","0.0","--","0.1"
"B07VK1LVN6","X0021OYVTR","VIVOSUN Paquete de 2 lupas Plegables iluminadas de 30X 60X con luz LED para Joyas, Gemas, Relojes, Monedas, Sellos, Antiguos, Color Negro","'SVQ1'","ES","9.3","8.0","6.4","centimeters","0.17","kilograms","5.0E-4","cubic meters","Standard-Size","0.27","0.0","1.0E-4","2026-04","14.4","weeks","27.54","0.0","0.27","1.0E-4","0.0035","0.0","EUR","0.0035","Others","N","N","0.0","--","0.0"
"B0BY2JKXC7","X0022GVOSP","VIVOSUN Red de Trepado Elástica 120x120cm con 4 Ganchos, Soporte para Plantas Trepadoras, Verduras, Frutas y Flores, Jardín y Cultivo","'SVQ1'","ES","20.0","18.2","3.6","centimeters","0.18","kilograms","0.0013","cubic meters","Standard-Size","39.63","0.0","0.0518","2026-04","14.4","weeks","27.54","0.0","37.73","0.0494","1.4265","0.0","EUR","1.4265","Others","N","N","0.0","--","0.1"
"B0CMYX2H9Q","X0023L9EWR","VIVOSUN Ventiladores de Pinza Oscilantes AeroWave D4 10cm para Cultivo, 3 Velocidades, Flujo de Aire Fuerte y Silencioso, Ángulo Ajustable, Color Negro","'SVQ1'","ES","14.1","12.7","7.01","centimeters","0.29","kilograms","0.0013","cubic meters","Standard-Size","1.0","0.0","0.0012","2026-04","14.4","weeks","27.54","0.0","0.97","0.0012","0.0334","0.0","EUR","0.0334","Others","N","N","0.0","--","0.03"
"B0BZYSC7TB","X002610L85","VIVOSUN Ventilador de Cultivo con Clip AeroWave E6 Gen2 15 cm Motor EC 12W Control Inteligente APP/WiFi 5 Velocidades+Temporizador Oscilación Automática IP54 para Tienda de Cultivo e Hidroponía Blanco","'SVQ1'","ES","24.69","24.41","18.69","centimeters","1.08","kilograms","0.0113","cubic meters","Standard-Size","7.73","0.0","0.0871","2026-04","14.4","weeks","27.54","0.0","7.73","0.0871","2.3991","0.0","EUR","2.3991","Others","N","N","0.0","--","0.0"
"B0D8PQQWM3","X00276V1V5","VIVOSUN GrowCam C4, Cámara Inteligente WiFi 2K QHD para Tienda de Cultivo y Caja de Cultivo Inteligente VGrow, Lapso de Tiempo, Visión Nocturna, Almacenamiento de Tarjetas SD, Audio Bidireccional","'SVQ1'","ES","10.6","9.4","6.2","centimeters","0.28","kilograms","6.0E-4","cubic meters","Standard-Size","2.37","0.0","0.0014","2026-04","14.4","weeks","27.54","0.0","1.53","9.0E-4","0.0397","0.0","EUR","0.0397","Others","N","N","0.0","--","0.03"
"B0C6QK97P2","X002CUEXZ7","VIVOSUN Ventilador de Conducto 100mm AeroZesh T4 Extracción 357m³/h, Ventilador PWM Cámara Cultivo con Controlador GrowHub E42A+, Conexión APP Funcionamiento Silencioso Tiendas Cultivo e Invernaderos","'SVQ1'","ES","32.29","24.6","19.8","centimeters","2.85","kilograms","0.0157","cubic meters","Standard-Size","3.47","0.0","0.0545","2026-04","14.4","weeks","27.54","0.0","3.47","0.0545","1.5014","0.0","EUR","1.5014","Others","N","N","0.0","--","0.0"
"B07RBL1XJV","X002F0MTB9","VIVOSUN Paquete de 2 Vasos LED para Sala de Cultivo Hidropónico de Interior con Estuche para Gafas","'SVQ1'","ES","18.1","17.5","6.5","centimeters","0.24","kilograms","0.0021","cubic meters","Standard-Size","1.0","0.0","0.0021","2026-04","14.4","weeks","27.54","0.0","0.77","0.0016","0.0567","0.0","EUR","0.0567","Others","N","N","0.0","--","0.0"
"B0BKPVFBKY","X001WU9STJ","VIVOSUN AeroLight A100SE, luz LED de crecimiento de 100 W para plantas de interior con ventilador de circulación integrado, compatible con aplicación y controlador Growhub E42A/E25 para lograr más","'VLC1'","ES","40.2","34.4","8.4","centimeters","2.73","kilograms","0.0116","cubic meters","Oversize","3.47","0.0","0.0391","2026-04","20.5","weeks","21.78","0.0","3.37","0.0391","0.8531","0.0","EUR","0.8531","Others","N","N","0.0","--","0.1"
"B0CGHJ3F21","X0021L4TZV","VIVOSUN Pro Tienda de Cultivo 80x80x160 cm, Armario de Cultivo Interior con Tubos Metálicos de 22 mm, Tela Oxford y Mylar Reflectante, Carpa Hidropónica Compatible con AeroLight A150 (sin Kit CFM)","'VLC1'","ES","85.0","32.4","18.6","centimeters","11.26","kilograms","0.0512","cubic meters","Oversize","1.0","0.0","0.0512","2026-04","20.5","weeks","21.78","0.0","1.0","0.0512","1.1175","0.0","EUR","1.1175","Others","N","N","0.0","--","0.0"
"B0FB8MD9WM","X002BH0QWZ","VIVOSUN LumaLight Lámpara LED 150 W de Cultivo, Espectro Completo para Plantas, Smart Regulable y Alto PPFD para Plantas de Interior, Plántulas, Hortalizas y Floración","'VLC1'","ES","38.61","38.61","7.62","centimeters","2.86","kilograms","0.0114","cubic meters","Oversize","4.03","0.0","0.0458","2026-04","20.5","weeks","21.78","0.0","4.03","0.0458","0.9994","0.0","EUR","0.9994","Others","N","N","0.0","--","0.0"
"B08M3G5TH3","X001VZST45","VIVOSUN Filtro de Carbón Activo 100mm Negro | con Prefiltro, Brida Reversible y Carbón Australiano | Control de Olores para Tentes de Cultivo, Ventiladores en Línea y Cultivo Interior","'ZAZ1'","ES","34.6","20.5","19.3","centimeters","2.68","kilograms","0.0137","cubic meters","Standard-Size","0.4","0.0","0.0055","2026-04","14.4","weeks","27.54","0.0","0.07","9.0E-4","0.15","0.0","EUR","0.15","Others","N","N","0.0","--","0.0"
"B08228CNGT","X001Z5PF1L","VIVOSUN 3-in-1 Digitales pH-Meter mit ATC, ±0,1 pH Genauigkeit, Wasserqualitätsmesser, Messbereich 0-14 pH für Hydrokultur, Trinkwasser im Hause, Schwimmbäder und Aquarien","'NUE1'","DE","21.0","8.2","5.1","centimeters","0.17","kilograms","9.0E-4","cubic meters","Standard-Size","0.23","0.0","0.0","2026-04","14.4","weeks","27.54","0.0","0.0","0.0","0.0","0.0","EUR","0.0","Others","N","N","0.0024","FBA_NEW_SELECTION:0.0024","0.13"
"B0CRDQ63HT","X0021PRUUD","VIVOSUN FlexFeed Tropfbewässerungsset, 4W automatisches Bewässerungssystem mit Pumpe und 4 Tropfern, App-gesteuertes Smart Bewässerungssystem für VGrow Smart Grow Box und Indoor Pflanzen","'NUE1'","DE","11.91","11.3","5.79","centimeters","0.18","kilograms","8.0E-4","cubic meters","Standard-Size","0.17","0.0","1.0E-4","2026-04","14.4","weeks","27.54","0.0","0.07","1.0E-4","0.0036","0.0","EUR","0.0036","Others","N","N","0.0","--","0.0"
"B087CR7H9S","X002203JR5","VIVOSUN Gartenschere 2er-Packung 17cm Pflanzenschere mit Ergonomischen Griffen Baumschere mit Gebogenen Klingen und Titan-Antihaftbeschichtung Rosenschere Blau","'NUE1'","DE","24.3","9.6","1.7","centimeters","0.14","kilograms","4.0E-4","cubic meters","Standard-Size","0.03","0.0","0.0","2026-04","14.4","weeks","27.54","0.0","0.03","0.0","4.0E-4","0.0","EUR","4.0E-4","Others","N","N","0.0","--","0.0"
"B0CMYX2H9Q","X0023L9EWR","VIVOSUN AeroWave D4 10cm Grow Ventilator Clip Ventilator Grow mit Haken, 3 Geschwindigkeiten, Starker & Leiser Luftstrom, Luftstromwinkel Einstellbar für Hydrokultur, Zirkulation, Kühlung, 1 Pack","'NUE1'","DE","14.1","12.7","7.01","centimeters","0.29","kilograms","0.0013","cubic meters","Standard-Size","3.4","0.0","0.0041","2026-04","14.4","weeks","27.54","0.0","3.3","0.0041","0.1141","0.0","EUR","0.1141","Others","N","N","0.0","--","0.1"
"B07FKJNGSZ","X0023T25DJ","VIVOSUN 2er-Packung 10cm 2,4m Flexibler Luftkanal aus Aluminium für Belüftung, Inklusive 4 Schlauchschellen aus Edelstahl, Mehrschichtiges Schlauch Ventilationsset für Ventilatorsystem, HVAC-Lüftung","'NUE1'","DE","34.49","12.09","11.3","centimeters","0.67","kilograms","0.0047","cubic meters","Standard-Size","0.87","0.0","0.0041","2026-04","14.4","weeks","27.54","0.0","0.87","0.0041","0.1125","0.0","EUR","0.1125","Others","N","N","0.0","--","0.0"
"B07WFDCYZL","X0023T6Q1L","VIVOSUN 2er-Packung 10cm 7,6m Flexibler Luftkanal aus Aluminium für Belüftung, Inklusive 4 Schlauchschellen aus Edelstahl, Mehrschichtiges Schlauch Ventilationsset für Ventilatorsystem, HVAC-Lüftung","'NUE1'","DE","45.29","22.91","12.4","centimeters","1.55","kilograms","0.0129","cubic meters","Oversize","0.47","0.0","0.006","2026-04","20.5","weeks","21.78","0.0","0.47","0.006","0.13","0.0","EUR","0.13","Others","N","N","0.0","--","0.0"
"B0BP1Y3CRM","X00260ULXB","VIVOSUN E6 Gen2 Grow Ventilator Oszillierend Leise Klein for Growzelt, 10 Geschwindigkeiten & 2 Modi, EC-Motor, Clip Ventilator Klemmbar Mini Fan für Growbox, IP54, Timer,APP/WiFi Steuerung Schwarz","'NUE1'","DE","22.3","22.2","16.2","centimeters","1.07","kilograms","0.008","cubic meters","Standard-Size","0.23","0.0","0.0016","2026-04","14.4","weeks","27.54","0.0","0.2","0.0016","0.0442","0.0","EUR","0.0442","Others","N","N","0.0","--","0.03"
"B0BZYVVKQB","X002611E9Z","VIVOSUN AeroWave E6 Gen2 Growzelt-Clip-Ventilator150 mm, EC-Motor Smarte WLAN-Steuerung,10-stufiger & 2 Modi, automatischer oszillierender Ventilator, Luftzirkulator für Growbox, Timer, IP54 2er-Pack","'NUE1'","DE","44.29","22.5","16.2","centimeters","2.02","kilograms","0.0161","cubic meters","Standard-Size","42.07","0.0","0.6753","2026-04","14.4","weeks","27.54","0.0","41.83","0.6753","18.6006","0.0","EUR","18.6006","Others","N","N","0.0","--","0.23"
"B07RBL1XJV","X002F0MTB9","VIVOSUN Grow Room Glasses 2 Stück LED-Schutzbrille UV-Augenbrille für Indoor, Growzelte, Gewächshaus und Hydroponik mit UVA/UVB-Schutz Inkl. Brillenetui, Unisex","'NUE1'","DE","18.1","17.5","6.5","centimeters","0.24","kilograms","0.0021","cubic meters","Standard-Size","0.03","0.0","1.0E-4","2026-04","14.4","weeks","27.54","0.0","0.03","1.0E-4","0.0019","0.0","EUR","0.0019","Others","N","N","0.0","--","0.0"
"B0CQZD5F1D","X002GJS9L3","VIVOSUN Bypass Gartenschere 20cm, SK5 Stahlklinge mit Titanbeschichtung für präzise Schnitte, 19mm Schnittdurchmesser, ergonomische Aluminiumgriffe mit Feder, Rosenschere für Blumen, Äste & Zweige","'NUE1'","DE","26.7","8.9","3.6","centimeters","0.3","kilograms","9.0E-4","cubic meters","Standard-Size","4.0","0.0","0.0","2026-04","14.4","weeks","27.54","0.0","0.0","0.0","0.0","0.0","EUR","0.0","Others","N","N","0.0942","FBA_NEW_SELECTION:0.0942","0.0"
"B01DXYMBU6","X001VZSIFF","VIVOSUN Aktivkohlefilter 100mm/4 Inch, Kohlefilter zur Geruchskontrolle mit Australischer Aktivkohle für Rohrventilator, Growzelt & Gewächshaus, inkl. Vorfilter","'PAD1'","DE","34.29","19.7","19.2","centimeters","2.71","kilograms","0.013","cubic meters","Standard-Size","2.4","0.0","0.0311","2026-04","14.4","weeks","27.54","0.0","2.4","0.0311","0.8568","0.0","EUR","0.8568","Others","N","N","0.0","--","0.0"
"B08M3G5TH3","X001VZST45","VIVOSUN Aktivkohlefilter 100mm/4 Inch, Kohlefilter zur Geruchskontrolle mit Australischer Aktivkohle inkl. Vorfilter für Rohrventilator Growzelt Growbox Indoor, Schwarz","'PAD1'","DE","34.6","20.5","19.3","centimeters","2.68","kilograms","0.0137","cubic meters","Standard-Size","0.1","0.0","0.0014","2026-04","14.4","weeks","27.54","0.0","0.1","0.0014","0.0377","0.0","EUR","0.0377","Others","N","N","0.0","--","0.0"
"B06Y1XVD1P","X001W1HJ2B","VIVOSUN Gartenschere 17cm Pflanzenschere mit Ergonomischen Griffen Ernteschere Grow Schere Trimmschere mit Titan-Antihaftbeschichtung & Gebogene Klinge für Pflanzen,1 Pack Blau","'PAD1'","DE","21.6","7.0","1.5","centimeters","0.07","kilograms","2.0E-4","cubic meters","Standard-Size","0.2","0.0","0.0","2026-04","14.4","weeks","27.54","0.0","0.2","0.0","0.0012","0.0","EUR","0.0012","Others","N","N","0.0","--","0.0"
"B0C6QJVMD1","X001WOK37V","VIVOSUN AeroZesh G6 Rohrventilator 150mm Abluftventilator mit EC-Motor Ventilator Growbox Rohrlüfter 660 m³/h mit PWM-Steuerung & E12-Geschwindigkeitsregler für Growzelt Growbox Indoorbelüftung","'PAD1'","DE","33.6","26.3","22.8","centimeters","3.31","kilograms","0.0201","cubic meters","Standard-Size","4.0","0.0","0.0806","2026-04","14.4","weeks","27.54","0.0","4.0","0.0806","2.2184","0.0","EUR","2.2184","Others","N","N","0.0","--","0.0"
"B09TVDLD5W","X00219PQF5","VIVOSUN Grow Lampe 100W Vollspektrum Pflanzenlampe mit Samsung Dioden Grow Light für Zimmerpflanzen Sämling Vegetativ und Blüte in 60x60cm, 90x90cm Growzelt, Gewächshaus VS1000E 2 Pack","'PAD1'","DE","34.6","32.79","15.6","centimeters","3.77","kilograms","0.0177","cubic meters","Standard-Size","0.03","0.0","6.0E-4","2026-04","14.4","weeks","27.54","0.0","0.03","6.0E-4","0.0162","0.0","EUR","0.0162","Others","N","N","0.0","--","0.0"
"B0CGHJG44R","X0021L5QML","VIVOSUN PRO Growzelt 90x90x180cm Grow Tent mit Dicken 22mm Stangen 2000D Oxford-Gewebe hochreflektierendes Mylar Indoor Hydroponik Zuchtzelt Pflanzenzelt Gewächshaus passend für AeroLight A200SE","'PAD1'","DE","95.5","32.8","18.8","centimeters","14.82","kilograms","0.0589","cubic meters","Oversize","1.0","0.0","0.0589","2026-04","20.5","weeks","21.78","0.0","1.0","0.0589","1.28","0.0","EUR","1.28","Others","N","N","0.0","--","0.0"
"B087CPSL1H","X0021P8V2T","VIVOSUN Gartenschere 2er-Packung 17cm Pflanzenschere mit Ergonomischen Griffen Baumschere mit Geraden Klingen und Titan-Antihaftbeschichtung Rosenschere Orange","'PAD1'","DE","23.8","9.4","1.6","centimeters","0.14","kilograms","4.0E-4","cubic meters","Standard-Size","0.03","0.0","0.0","2026-04","14.4","weeks","27.54","0.0","0.03","0.0","3.0E-4","0.0","EUR","3.0E-4","Others","N","N","0.0","--","0.0"
"B0CRDQ63HT","X0021PRUUD","VIVOSUN FlexFeed Tropfbewässerungsset, 4W automatisches Bewässerungssystem mit Pumpe und 4 Tropfern, App-gesteuertes Smart Bewässerungssystem für VGrow Smart Grow Box und Indoor Pflanzen","'PAD1'","DE","11.91","11.3","5.79","centimeters","0.18","kilograms","8.0E-4","cubic meters","Standard-Size","0.07","0.0","1.0E-4","2026-04","14.4","weeks","27.54","0.0","0.03","0.0","0.0014","0.0","EUR","0.0014","Others","N","N","0.0","--","0.0"
"B0CMYX2H9Q","X0023L9EWR","VIVOSUN AeroWave D4 10cm Grow Ventilator Clip Ventilator Grow mit Haken, 3 Geschwindigkeiten, Starker & Leiser Luftstrom, Luftstromwinkel Einstellbar für Hydrokultur, Zirkulation, Kühlung, 1 Pack","'PAD1'","DE","14.1","12.7","7.01","centimeters","0.29","kilograms","0.0013","cubic meters","Standard-Size","1.27","0.0","0.0016","2026-04","14.4","weeks","27.54","0.0","1.27","0.0016","0.0438","0.0","EUR","0.0438","Others","N","N","0.0","--","0.0"
"B0CMZFSLCL","X0023L9G3T","VIVOSUN AeroWave D4 10cm Grow Ventilator Clip Ventilator Grow mit Haken, 3 Stufen, Starker & Leiser Luftstrom, Luftstromwinkel Einstellbar für Hydrokultur, Zirkulation, Schwarz, 2er-Pack","'PAD1'","DE","16.1","14.5","13.1","centimeters","0.58","kilograms","0.0031","cubic meters","Standard-Size","0.13","0.0","1.0E-4","2026-04","14.4","weeks","27.54","0.0","0.03","1.0E-4","0.0028","0.0","EUR","0.0028","Others","N","N","0.0","--","0.1"
"B0D8PQQWM3","X00276V1V5","VIVOSUN GrowCam C4 2K QHD WLAN Smart Kamera für Growzelt & Indoor Pflanzen, mit Zeitraffer, Nachtsicht, SD-Karten-Speicherung, Zwei-Wege-Audio, App-Steuerung, Kompatibel mit VGrow System","'PAD1'","DE","10.6","9.4","6.2","centimeters","0.28","kilograms","6.0E-4","cubic meters","Standard-Size","0.07","0.0","0.0","2026-04","14.4","weeks","27.54","0.0","0.03","0.0","6.0E-4","0.0","EUR","6.0E-4","Others","N","N","0.0","--","0.03"
"B0BS2BVL3Q","X002CUA5IB","VIVOSUN GrowHub Controller E42A+ für Growzelte, Smart WiFi-Controller für Temperatur, Luftfeuchte und VPD mit Timer, Zyklus und Zeitplan, steuert Kühlung, Belüftung und Beleuchtung","'PAD1'","DE","17.7","17.7","5.3","centimeters","0.69","kilograms","0.0017","cubic meters","Standard-Size","1.77","0.0","0.0029","2026-04","14.4","weeks","27.54","0.0","1.77","0.0029","0.0807","0.0","EUR","0.0807","Others","N","N","0.0","--","0.0"
"B07RBL1XJV","X002F0MTB9","VIVOSUN Grow Room Glasses 2 Stück LED-Schutzbrille UV-Augenbrille für Indoor, Growzelte, Gewächshaus und Hydroponik mit UVA/UVB-Schutz Inkl. Brillenetui, Unisex","'PAD1'","DE","18.1","17.5","6.5","centimeters","0.24","kilograms","0.0021","cubic meters","Standard-Size","0.17","0.0","1.0E-4","2026-04","14.4","weeks","27.54","0.0","0.03","1.0E-4","0.0019","0.0","EUR","0.0019","Others","N","N","0.0","--","0.13"
"B0CQZD5F1D","X002GJS9L3","VIVOSUN Bypass Gartenschere 20cm, SK5 Stahlklinge mit Titanbeschichtung für präzise Schnitte, 19mm Schnittdurchmesser, ergonomische Aluminiumgriffe mit Feder, Rosenschere für Blumen, Äste & Zweige","'PAD1'","DE","26.7","8.9","3.6","centimeters","0.3","kilograms","9.0E-4","cubic meters","Standard-Size","53.0","0.0","0.0119","2026-04","14.4","weeks","27.54","0.0","13.93","0.0119","0.3281","0.0","EUR","0.3281","Others","N","N","0.9204","FBA_NEW_SELECTION:0.9204","0.0"
"B0BQF728P7","X001VEMT83","VIVOSUN AeroZesh T4 Rohrventilator 100mm 357 m³/h Abluftventilator Metall mit E12-Drehzahlregler, EC Motor, Leiser Rohrlüfter PWM-Gesteuert für Luftabsaugung Growzelte Gewächshaus Indoor Hydrokultur","'PAD2'","DE","58.0","36.0","23.0","centimeters","2.19","kilograms","0.048","cubic meters","Oversize","123.2","0.0","5.9102","2026-04","20.5","weeks","21.78","0.0","123.07","5.9102","128.7198","0.0","EUR","128.7198","Others","N","N","0.0","--","0.13"
"B08M3G5TH3","X001VZST45","VIVOSUN Aktivkohlefilter 100mm/4 Inch, Kohlefilter zur Geruchskontrolle mit Australischer Aktivkohle inkl. Vorfilter für Rohrventilator Growzelt Growbox Indoor, Schwarz","'PAD2'","DE","34.6","20.5","19.3","centimeters","2.68","kilograms","0.0137","cubic meters","Standard-Size","0.1","0.0","0.0014","2026-04","14.4","weeks","27.54","0.0","0.1","0.0014","0.0377","0.0","EUR","0.0377","Others","N","N","0.0","--","0.0"
"B01EWH83FU","X001W1EEP1","VIVOSUN Gartenschere 1er-Packung 17cm Pflanzenschere mit Ergonomischen Griffen Ernteschere Grow Schere Trimmschere mit Hochwertiger Gerader Klingen und Titan-Antihaftbeschichtung Rosenschere Orange","'PAD2'","DE","21.5","7.1","1.3","centimeters","0.07","kilograms","2.0E-4","cubic meters","Standard-Size","368.37","0.0","0.0729","2026-04","14.4","weeks","27.54","0.0","367.53","0.0729","2.0087","0.0","EUR","2.0087","Others","N","N","0.0","--","0.83"
"B06Y1XVD1P","X001W1HJ2B","VIVOSUN Gartenschere 17cm Pflanzenschere mit Ergonomischen Griffen Ernteschere Grow Schere Trimmschere mit Titan-Antihaftbeschichtung & Gebogene Klinge für Pflanzen,1 Pack Blau","'PAD2'","DE","21.6","7.0","1.5","centimeters","0.07","kilograms","2.0E-4","cubic meters","Standard-Size","216.07","0.0","0.0485","2026-04","14.4","weeks","27.54","0.0","211.87","0.0481","1.3369","0.0","EUR","1.3369","Others","N","N","0.0","--","2.03"
"B0C6QJVMD1","X001WOK37V","VIVOSUN AeroZesh G6 Rohrventilator 150mm Abluftventilator mit EC-Motor Ventilator Growbox Rohrlüfter 660 m³/h mit PWM-Steuerung & E12-Geschwindigkeitsregler für Growzelt Growbox Indoorbelüftung","'PAD2'","DE","33.6","26.3","22.8","centimeters","3.31","kilograms","0.0201","cubic meters","Standard-Size","60.0","0.0","1.2089","2026-04","14.4","weeks","27.54","0.0","60.0","1.2089","33.2931","0.0","EUR","33.2931","Others","N","N","0.0","--","0.0"
"B0BMV1W52R","X001WOUTQV","VIVOSUN AeroZesh T6 Rohrventilator 150mm Metall Abluftventilator 693 m³/h mit E12-Drehzahlregler, EC Motor, Leiser Rohrlüfter PWM-Gesteuert für Luftabsaugung Growzelte Gewächshaus Indoor Hydrokultur","'PAD2'","DE","33.0","26.0","25.0","centimeters","2.75","kilograms","0.0214","cubic meters","Standard-Size","41.5","0.0","0.8859","2026-04","14.4","weeks","27.54","0.0","41.3","0.8859","24.3978","0.0","EUR","24.3978","Others","N","N","0.0","--","0.2"
"B0C6QG963B","X001WOUZFV","VIVOSUN AeroZesh G4 Rohrventilator 100 mm Abluftventilator 331 m³/h 3 Zyklusmodi mit PWM-Steuerung & E12-Geschwindigkeitsregler Ventilator Growbox Rohrlüfter für Growzelt Growbox Indoorbelüftung","'PAD2'","DE","32.7","24.4","19.7","centimeters","2.48","kilograms","0.0157","cubic meters","Standard-Size","30.8","0.0","0.4831","2026-04","14.4","weeks","27.54","0.0","30.73","0.4831","13.3041","0.0","EUR","13.3041","Others","N","N","0.0","--","0.07"
"B0C2C8KBBW","X001YZMP8D","VIVOSUN Rohrventilator 100 mm Abluftventilator 353 m³/h Rohrlüfter mit E12-Geschwindigkeitsregler und EC-Motor 28dB Leiser Ventilator für Growzelte und Belüftungssysteme","'PAD2'","DE","36.1","26.1","20.3","centimeters","2.42","kilograms","0.0191","cubic meters","Standard-Size","0.03","0.0","6.0E-4","2026-04","14.4","weeks","27.54","0.0","0.03","6.0E-4","0.0176","0.0","EUR","0.0176","Others","N","N","0.0","--","0.0"
"B08228CNGT","X001Z5PF1L","VIVOSUN 3-in-1 Digitales pH-Meter mit ATC, ±0,1 pH Genauigkeit, Wasserqualitätsmesser, Messbereich 0-14 pH für Hydrokultur, Trinkwasser im Hause, Schwimmbäder und Aquarien","'PAD2'","DE","21.0","8.2","5.1","centimeters","0.17","kilograms","9.0E-4","cubic meters","Standard-Size","4.23","0.0","0.0","2026-04","14.4","weeks","27.54","0.0","0.03","0.0","8.0E-4","0.0","EUR","8.0E-4","Others","N","N","0.1008","FBA_NEW_SELECTION:0.1008","0.03"
"B0BXD9RK42","X001Z5PQDD","VIVOSUN Solar Automatische Tropfbewässerung Set mit Zeituhr, 3W Ausgang, Solarbetriebenes Bewässerungssystem für 15 Töpfe, ideal für Garten, Balkon, Terrasse und Zimmerpflanzen","'PAD2'","DE","31.1","21.2","7.1","centimeters","0.93","kilograms","0.0047","cubic meters","Standard-Size","4.57","0.0","0.0214","2026-04","14.4","weeks","27.54","0.0","4.57","0.0214","0.5887","0.0","EUR","0.5887","Others","N","N","0.0","--","0.0"
"B088GW8H4J","X0021P457T","VIVOSUN Gartenschere 3er-Set 16,5 cm Pflanzenschere mit Titan-Antihaftbeschichtung, Ergonomischer Griff, Gerade Klingen in Edelstahl, Rosenschere für Äste, Blume Obst und Gemüse, Orange","'PAD2'","DE","21.7","8.4","4.1","centimeters","0.21","kilograms","7.0E-4","cubic meters","Standard-Size","72.63","0.0","0.0542","2026-04","14.4","weeks","27.54","0.0","72.47","0.0542","1.4915","0.0","EUR","1.4915","Others","N","N","0.0","--","0.17"
"B087CPSL1H","X0021P8V2T","VIVOSUN Gartenschere 2er-Packung 17cm Pflanzenschere mit Ergonomischen Griffen Baumschere mit Geraden Klingen und Titan-Antihaftbeschichtung Rosenschere Orange","'PAD2'","DE","23.8","9.4","1.6","centimeters","0.14","kilograms","4.0E-4","cubic meters","Standard-Size","94.37","0.0","0.0337","2026-04","14.4","weeks","27.54","0.0","94.1","0.0337","0.9277","0.0","EUR","0.9277","Others","N","N","0.0","--","0.27"
"B0CRDQ63HT","X0021PRUUD","VIVOSUN FlexFeed Tropfbewässerungsset, 4W automatisches Bewässerungssystem mit Pumpe und 4 Tropfern, App-gesteuertes Smart Bewässerungssystem für VGrow Smart Grow Box und Indoor Pflanzen","'PAD2'","DE","11.91","11.3","5.79","centimeters","0.18","kilograms","8.0E-4","cubic meters","Standard-Size","0.07","0.0","1.0E-4","2026-04","14.4","weeks","27.54","0.0","0.07","1.0E-4","0.0014","0.0","EUR","0.0014","Others","N","N","0.0","--","0.0"
"B087CR7H9S","X002203JR5","VIVOSUN Gartenschere 2er-Packung 17cm Pflanzenschere mit Ergonomischen Griffen Baumschere mit Gebogenen Klingen und Titan-Antihaftbeschichtung Rosenschere Blau","'PAD2'","DE","24.3","9.6","1.7","centimeters","0.14","kilograms","4.0E-4","cubic meters","Standard-Size","143.67","0.0","0.0569","2026-04","14.4","weeks","27.54","0.0","143.37","0.0569","1.5658","0.0","EUR","1.5658","Others","N","N","0.0","--","0.3"
"B088GVCMZH","X00220G4QX","VIVOSUN Gartenschere 3er-Set 16,5cm Pflanzenschere mit Titan-Antihaftbeschichtung, Ergonomischer Griff, Scharfe Gerade Klingen, Rosenschere für Äste, Blume Obst und Gemüse, Blau","'PAD2'","DE","22.5","8.5","4.5","centimeters","0.21","kilograms","9.0E-4","cubic meters","Standard-Size","83.7","0.0","0.072","2026-04","14.4","weeks","27.54","0.0","83.7","0.072","1.9839","0.0","EUR","1.9839","Others","N","N","0.0","--","0.0"
"B0BY2DZJ8J","X0022GVNZJ","VIVOSUN Ranknetz für Kletterpflanzen 150x150cm Scrog Netz mit 4 Haken Rankhilfe Pflanzennetz Grow Netz für Kletterpflanzen Gurke Tomaten Gemüse Früchte und Blumen","'PAD2'","DE","23.6","23.0","7.4","centimeters","0.28","kilograms","0.004","cubic meters","Standard-Size","0.17","0.0","7.0E-4","2026-04","14.4","weeks","27.54","0.0","0.17","7.0E-4","0.0184","0.0","EUR","0.0184","Others","N","N","0.0","--","0.0"
"B0BY2JKXC7","X0022GVOSP","VIVOSUN Ranknetz für Kletterpflanzen 120x120 cm Elastisches Pflanzennetz, Scrog Netz mit 4 Haken, Grow Netz für Kletterpflanzen, Tomaten, Gurken, Gemüse und Blumen","'PAD2'","DE","20.0","18.2","3.6","centimeters","0.18","kilograms","0.0013","cubic meters","Standard-Size","38.13","0.0","0.0486","2026-04","14.4","weeks","27.54","0.0","37.07","0.0486","1.3377","0.0","EUR","1.3377","Others","N","N","0.0","--","1.07"
"B0C1Z462XW","X0022HA0MZ","VIVOSUN Temperatur- und Feuchtigkeitssensor, wasserdichte Edelstahl-Umweltüberwachungssonde für GrowHub-Controller E42/E42A, AeroLab THB1/THB1S, 3,6 m","'PAD2'","DE","19.6","12.5","2.1","centimeters","0.07","kilograms","5.0E-4","cubic meters","Standard-Size","1.0","0.0","0.0","2026-04","14.4","weeks","27.54","0.0","0.0","0.0","0.0","0.0","EUR","0.0","Others","N","N","0.0137","FBA_NEW_SELECTION:0.0137","0.03"
"B0CMYX2H9Q","X0023L9EWR","VIVOSUN AeroWave D4 10cm Grow Ventilator Clip Ventilator Grow mit Haken, 3 Geschwindigkeiten, Starker & Leiser Luftstrom, Luftstromwinkel Einstellbar für Hydrokultur, Zirkulation, Kühlung, 1 Pack","'PAD2'","DE","14.1","12.7","7.01","centimeters","0.29","kilograms","0.0013","cubic meters","Standard-Size","6.0","0.0","0.0075","2026-04","14.4","weeks","27.54","0.0","6.0","0.0075","0.2074","0.0","EUR","0.2074","Others","N","N","0.0","--","0.0"
"B07WFDCYZL","X0023T6Q1L","VIVOSUN 2er-Packung 10cm 7,6m Flexibler Luftkanal aus Aluminium für Belüftung, Inklusive 4 Schlauchschellen aus Edelstahl, Mehrschichtiges Schlauch Ventilationsset für Ventilatorsystem, HVAC-Lüftung","'PAD2'","DE","45.29","22.91","12.4","centimeters","1.55","kilograms","0.0129","cubic meters","Oversize","2.0","0.0","0.0257","2026-04","20.5","weeks","21.78","0.0","2.0","0.0257","0.5602","0.0","EUR","0.5602","Others","N","N","0.0","--","0.0"
"B0D8PQQWM3","X00276V1V5","VIVOSUN GrowCam C4 2K QHD WLAN Smart Kamera für Growzelt & Indoor Pflanzen, mit Zeitraffer, Nachtsicht, SD-Karten-Speicherung, Zwei-Wege-Audio, App-Steuerung, Kompatibel mit VGrow System","'PAD2'","DE","10.6","9.4","6.2","centimeters","0.28","kilograms","6.0E-4","cubic meters","Standard-Size","0.4","0.0","1.0E-4","2026-04","14.4","weeks","27.54","0.0","0.1","1.0E-4","0.0017","0.0","EUR","0.0017","Others","N","N","0.0","--","0.3"
"B0BS2BVL3Q","X002CUA5IB","VIVOSUN GrowHub Controller E42A+ für Growzelte, Smart WiFi-Controller für Temperatur, Luftfeuchte und VPD mit Timer, Zyklus und Zeitplan, steuert Kühlung, Belüftung und Beleuchtung","'PAD2'","DE","17.7","17.7","5.3","centimeters","0.69","kilograms","0.0017","cubic meters","Standard-Size","0.13","0.0","2.0E-4","2026-04","14.4","weeks","27.54","0.0","0.13","2.0E-4","0.0061","0.0","EUR","0.0061","Others","N","N","0.0","--","0.0"
"B07RBL1XJV","X002F0MTB9","VIVOSUN Grow Room Glasses 2 Stück LED-Schutzbrille UV-Augenbrille für Indoor, Growzelte, Gewächshaus und Hydroponik mit UVA/UVB-Schutz Inkl. Brillenetui, Unisex","'PAD2'","DE","18.1","17.5","6.5","centimeters","0.24","kilograms","0.0021","cubic meters","Standard-Size","6.87","0.0","0.0139","2026-04","14.4","weeks","27.54","0.0","6.77","0.0139","0.3837","0.0","EUR","0.3837","Others","N","N","0.0","--","0.1"
"B0CQZD5F1D","X002GJS9L3","VIVOSUN Bypass Gartenschere 20cm, SK5 Stahlklinge mit Titanbeschichtung für präzise Schnitte, 19mm Schnittdurchmesser, ergonomische Aluminiumgriffe mit Feder, Rosenschere für Blumen, Äste & Zweige","'PAD2'","DE","26.7","8.9","3.6","centimeters","0.3","kilograms","9.0E-4","cubic meters","Standard-Size","11.0","0.0","0.0094","2026-04","14.4","weeks","27.54","0.0","11.0","0.0094","0.2592","0.0","EUR","0.2592","Others","N","N","0.0","--","0.0"
"B01731MNJE","X001VH92Y9","Vivosun SS44 Wachstumszelt Grow Tent 20x20x80cm für Hydrokulturen, LED VS500/VSF80","'PDEM'","DE","100.0","26.5","17.5","centimeters","13.47","kilograms","0.0464","cubic meters","Oversize","271.0","81.3","8.7973","2026-04","20.5","weeks","21.78","0.0","189.7","8.7973","191.6063","0.0","EUR","191.6063","Others","N","N","0.0","--","0.0"
"B01DXYMQ9M","X001VHE5Z5","VIVOSUN Growzelt 120x60x150cm lichtdichtes Indoor Hydroponik Zelt mit reflektierendem Mylar Sichtfenster Bodenwanne stabile Rahmenstruktur Pflanzenzelt Gewächshaus S425 Growtent für VS2000","'PDEM'","DE","100.0","25.0","13.0","centimeters","8.92","kilograms","0.0325","cubic meters","Oversize","81.07","0.0","2.6282","2026-04","20.5","weeks","21.78","0.0","80.27","2.6087","57.2416","0.0","EUR","57.2416","Others","N","N","0.0","--","0.2"
"B0BY7SRP8R","X001YT9DRF","VIVOSUN Smart Growzelt Komplettset 80x80x160cm, mit LED Grow Lampe Vollspektrum150W, Ventilation und Zirkulation und GrowHub E42A Controller, WLAN-integriertes Growzelt Kit Hydroponics Growing Tent","'PDEM'","DE","87.99","38.0","34.98","centimeters","20.6","kilograms","0.1169","cubic meters","Oversize","20.27","0.0","2.3348","2026-04","20.5","weeks","21.78","0.0","19.97","2.3348","50.8522","0.0","EUR","50.8522","Others","N","N","0.0","--","0.3"
"B0BY7PSQ69","X002F00YRF","VIVOSUN Smart Growzelt Komplettset 60x60x120cm, WLAN-integriertes automatisches Grow-System mit 100W Vollspektrum-LED-Pflanzenlampe und effizientem Belüftungssystem mit GrowHub E42A+ Controller","'PDEO'","DE","75.8","37.9","37.9","centimeters","17.7","kilograms","0.1089","cubic meters","Oversize","13.9","0.0","1.5025","2026-04","20.5","weeks","21.78","0.0","13.33","1.4517","32.73","0.0","EUR","32.73","Others","N","N","0.0","--","0.1"
"B07Y81DTTJ","X001VKL6RR","VIVOSUN Drucksprüher 4L Gartenspritze mit 3 Düsen, Druckentlastungsventil & Verstellbarem Tragegurt, Sprühflasche für Pflanzen Garten Rasenpflege Düngung & Reinigun, Weiß","'POZ1'","DE","40.9","18.8","18.7","centimeters","1.17","kilograms","0.0144","cubic meters","Standard-Size","0.17","0.0","0.0024","2026-04","14.4","weeks","27.54","0.0","0.17","0.0024","0.066","0.0","EUR","0.066","Others","N","N","0.0","--","0.0"
"B01DXYMBU6","X001VZSIFF","VIVOSUN Aktivkohlefilter 100mm/4 Inch, Kohlefilter zur Geruchskontrolle mit Australischer Aktivkohle für Rohrventilator, Growzelt & Gewächshaus, inkl. Vorfilter","'POZ1'","DE","34.29","19.7","19.2","centimeters","2.71","kilograms","0.013","cubic meters","Standard-Size","0.5","0.0","0.0065","2026-04","14.4","weeks","27.54","0.0","0.5","0.0065","0.1786","0.0","EUR","0.1786","Others","N","N","0.0","--","0.0"
"B01DXYMBU6","X001VZSIFF","VIVOSUN Aktivkohlefilter 100mm/4 Inch, Kohlefilter zur Geruchskontrolle mit Australischer Aktivkohle für Rohrventilator, Growzelt & Gewächshaus, inkl. Vorfilter","'POZ1'","DE","34.29","19.7","19.2","centimeters","2.71","kilograms","0.013","cubic meters","Standard-Size","0.47","0.0","0.0056","2026-04","14.4","weeks","27.54","0.0","0.43","0.0056","0.1548","0.0","EUR","0.1548","Others","N","N","0.0","--","0.03"
"B08M3G5TH3","X001VZST45","VIVOSUN Aktivkohlefilter 100mm/4 Inch, Kohlefilter zur Geruchskontrolle mit Australischer Aktivkohle inkl. Vorfilter für Rohrventilator Growzelt Growbox Indoor, Schwarz","'POZ1'","DE","34.6","20.5","19.3","centimeters","2.68","kilograms","0.0137","cubic meters","Standard-Size","0.67","0.0","0.0091","2026-04","14.4","weeks","27.54","0.0","0.67","0.0091","0.2514","0.0","EUR","0.2514","Others","N","N","0.0","--","0.0"
"B06Y1XVD1P","X001W1HJ2B","VIVOSUN Gartenschere 17cm Pflanzenschere mit Ergonomischen Griffen Ernteschere Grow Schere Trimmschere mit Titan-Antihaftbeschichtung & Gebogene Klinge für Pflanzen,1 Pack Blau","'POZ1'","DE","21.6","7.0","1.5","centimeters","0.07","kilograms","2.0E-4","cubic meters","Standard-Size","0.17","0.0","0.0","2026-04","14.4","weeks","27.54","0.0","0.07","0.0","0.001","0.0","EUR","0.001","Others","N","N","0.0","--","0.0"
"B0C6QJVMD1","X001WOK37V","VIVOSUN AeroZesh G6 Rohrventilator 150mm Abluftventilator mit EC-Motor Ventilator Growbox Rohrlüfter 660 m³/h mit PWM-Steuerung & E12-Geschwindigkeitsregler für Growzelt Growbox Indoorbelüftung","'POZ1'","DE","33.6","26.3","22.8","centimeters","3.31","kilograms","0.0201","cubic meters","Standard-Size","2.43","0.0","0.049","2026-04","14.4","weeks","27.54","0.0","2.43","0.049","1.3504","0.0","EUR","1.3504","Others","N","N","0.0","--","0.0"
"B0C2C8KBBW","X001YZMP8D","VIVOSUN Rohrventilator 100 mm Abluftventilator 353 m³/h Rohrlüfter mit E12-Geschwindigkeitsregler und EC-Motor 28dB Leiser Ventilator für Growzelte und Belüftungssysteme","'POZ1'","DE","36.1","26.1","20.3","centimeters","2.42","kilograms","0.0191","cubic meters","Standard-Size","0.3","0.0","0.0057","2026-04","14.4","weeks","27.54","0.0","0.3","0.0057","0.158","0.0","EUR","0.158","Others","N","N","0.0","--","0.0"
"B0C2C8NP5D","X001YZNSF7","VIVOSUN Rohrventilator 150 mm Abluftventilator 688 m³/h Rohrlüfter mit E12-Geschwindigkeitsregler und EC-Motor 32dB Leiser Ventilator für Growzelte und Belüftungssysteme","'POZ1'","DE","35.6","28.1","25.7","centimeters","2.75","kilograms","0.0257","cubic meters","Standard-Size","0.23","0.2","9.0E-4","2026-04","14.4","weeks","27.54","0.0","0.03","9.0E-4","0.0236","0.0","EUR","0.0236","Others","N","N","0.0","--","0.0"
"B08228CNGT","X001Z5PF1L","VIVOSUN 3-in-1 Digitales pH-Meter mit ATC, ±0,1 pH Genauigkeit, Wasserqualitätsmesser, Messbereich 0-14 pH für Hydrokultur, Trinkwasser im Hause, Schwimmbäder und Aquarien","'POZ1'","DE","21.0","8.2","5.1","centimeters","0.17","kilograms","9.0E-4","cubic meters","Standard-Size","37.63","0.0","0.0083","2026-04","14.4","weeks","27.54","0.0","9.4","0.0083","0.2274","0.0","EUR","0.2274","Others","N","N","0.6821","FBA_NEW_SELECTION:0.6821","0.03"
"B0BXD9RK42","X001Z5PQDD","VIVOSUN Solar Automatische Tropfbewässerung Set mit Zeituhr, 3W Ausgang, Solarbetriebenes Bewässerungssystem für 15 Töpfe, ideal für Garten, Balkon, Terrasse und Zimmerpflanzen","'POZ1'","DE","31.1","21.2","7.1","centimeters","0.93","kilograms","0.0047","cubic meters","Standard-Size","1.17","0.0","0.0051","2026-04","14.4","weeks","27.54","0.0","1.1","0.0051","0.1418","0.0","EUR","0.1418","Others","N","N","0.0","--","0.07"
"B0BXP3XLLR","X0020HG1EN","VIVOSUN AeroLab THB1S Drahtloses Bluetooth Hygrometer Thermometer, Digitaler Temperatur- & Feuchtigkeitsmesser mit VPD, LCD-Display, Datenspeicher, Dualkanäle mit Sonde, Batterie","'POZ1'","DE","14.5","12.6","2.8","centimeters","0.23","kilograms","5.0E-4","cubic meters","Standard-Size","0.47","0.23","1.0E-4","2026-04","14.4","weeks","27.54","0.0","0.23","1.0E-4","0.0033","0.0","EUR","0.0033","Others","N","N","0.0","--","0.0"
"B0BXP47DZP","X0020HG1XJ","VIVOSUN AeroLab THB1 Drahtloser Bluetooth Hygrometer Thermometer, Smarter Temperaturmonitor, VPD, Digitaler Feuchtigkeitsmesser, LCD-Fernsteuerung, Datenspeicherung, Dual-Kanäle, Batterie Inklusive","'POZ1'","DE","14.0","9.1","2.9","centimeters","0.15","kilograms","4.0E-4","cubic meters","Standard-Size","58.6","0.0","0.0213","2026-04","14.4","weeks","27.54","0.0","57.23","0.0211","0.5865","0.0","EUR","0.5865","Others","N","N","0.0","--","0.97"
"B088GW8H4J","X0021P457T","VIVOSUN Gartenschere 3er-Set 16,5 cm Pflanzenschere mit Titan-Antihaftbeschichtung, Ergonomischer Griff, Gerade Klingen in Edelstahl, Rosenschere für Äste, Blume Obst und Gemüse, Orange","'POZ1'","DE","21.7","8.4","4.1","centimeters","0.21","kilograms","7.0E-4","cubic meters","Standard-Size","309.2","0.0","0.2311","2026-04","14.4","weeks","27.54","0.0","309.17","0.2311","6.3642","0.0","EUR","6.3642","Others","N","N","0.0","--","0.03"
"B07VK287M6","X0021P5SGL","VIVOSUN 30X 60X Beleuchtete Juwelierlupe mit LEC-Light, Faltbare Taschenlupe mit 2 Linsen für die Beobachtung von Schmuck, Edelsteine, Uhren, Münzen, Briefmarken, Antiquitäten, Weiß","'POZ1'","DE","9.1","6.5","3.9","centimeters","0.09","kilograms","2.0E-4","cubic meters","Standard-Size","0.3","0.27","0.0","2026-04","14.4","weeks","27.54","0.0","0.03","0.0","2.0E-4","0.0","EUR","2.0E-4","Others","N","N","0.0","--","0.0"
"B096VM7MF3","X0022GVMRD","VIVOSUN 6-lagiges Netz-Trockengestell zum Aufhängen mit grünen Reißverschlüssen zum Dehydrieren, Gartenschere für drinnen und draußen","'POZ1'","DE","25.2","24.79","8.61","centimeters","0.94","kilograms","0.0054","cubic meters","Standard-Size","16.2","0.0","0.0871","2026-04","14.4","weeks","27.54","0.0","16.2","0.0871","2.4","0.0","EUR","2.4","Others","N","N","0.0","--","0.0"
"B096VPCTTV","X0022GVNO5","VIVOSUN 4-lagiges Netz-Trockengestell zum Aufhängen mit grünen Reißverschlüssen zum Dehydrieren, Gartenschere für drinnen und draußen","'POZ1'","DE","26.01","25.2","6.91","centimeters","0.72","kilograms","0.0045","cubic meters","Standard-Size","10.0","0.0","0.0453","2026-04","14.4","weeks","27.54","0.0","10.0","0.0453","1.2471","0.0","EUR","1.2471","Others","N","N","0.0","--","0.0"
"B0BY2DZJ8J","X0022GVNZJ","VIVOSUN Ranknetz für Kletterpflanzen 150x150cm Scrog Netz mit 4 Haken Rankhilfe Pflanzennetz Grow Netz für Kletterpflanzen Gurke Tomaten Gemüse Früchte und Blumen","'POZ1'","DE","23.6","23.0","7.4","centimeters","0.28","kilograms","0.004","cubic meters","Standard-Size","31.43","0.0","0.1251","2026-04","14.4","weeks","27.54","0.0","30.33","0.1218","3.4445","0.0","EUR","3.4445","Others","N","N","0.0","--","0.3"
"B0C1Z462XW","X0022HA0MZ","VIVOSUN Temperatur- und Feuchtigkeitssensor, wasserdichte Edelstahl-Umweltüberwachungssonde für GrowHub-Controller E42/E42A, AeroLab THB1/THB1S, 3,6 m","'POZ1'","DE","19.6","12.5","2.1","centimeters","0.07","kilograms","5.0E-4","cubic meters","Standard-Size","2.73","0.0","0.0","2026-04","14.4","weeks","27.54","0.0","0.0","0.0","0.0","0.0","EUR","0.0","Others","N","N","0.0387","FBA_NEW_SELECTION:0.0387","0.0"
"B0B7J1151P","X0022KYS9D","VIVOSUN Set mit 2 Belüftungsabdeckungen für Wachstumszelte von 10,2 cm/15,2 cm/20,3 cm mit elastischem Band und fester Schlaufe für die Belüftung von Wachstumszelten","'POZ1'","DE","19.0","13.6","3.6","centimeters","0.04","kilograms","9.0E-4","cubic meters","Standard-Size","0.87","0.0","8.0E-4","2026-04","14.4","weeks","27.54","0.0","0.87","8.0E-4","0.0222","0.0","EUR","0.0222","Others","N","N","0.0","--","0.0"
"B0CMZFSLCL","X0023L9G3T","VIVOSUN AeroWave D4 10cm Grow Ventilator Clip Ventilator Grow mit Haken, 3 Stufen, Starker & Leiser Luftstrom, Luftstromwinkel Einstellbar für Hydrokultur, Zirkulation, Schwarz, 2er-Pack","'POZ1'","DE","16.1","14.5","13.1","centimeters","0.58","kilograms","0.0031","cubic meters","Standard-Size","0.03","0.0","1.0E-4","2026-04","14.4","weeks","27.54","0.0","0.03","1.0E-4","0.0028","0.0","EUR","0.0028","Others","N","N","0.0","--","0.0"
"B0BP1Y3CRM","X00260ULXB","VIVOSUN E6 Gen2 Grow Ventilator Oszillierend Leise Klein for Growzelt, 10 Geschwindigkeiten & 2 Modi, EC-Motor, Clip Ventilator Klemmbar Mini Fan für Growbox, IP54, Timer,APP/WiFi Steuerung Schwarz","'POZ1'","DE","22.3","22.2","16.2","centimeters","1.07","kilograms","0.008","cubic meters","Standard-Size","0.07","0.0","5.0E-4","2026-04","14.4","weeks","27.54","0.0","0.07","5.0E-4","0.0147","0.0","EUR","0.0147","Others","N","N","0.0","--","0.0"
"B0BP1Y3CRM","X00260ULXB","VIVOSUN E6 Gen2 Grow Ventilator Oszillierend Leise Klein for Growzelt, 10 Geschwindigkeiten & 2 Modi, EC-Motor, Clip Ventilator Klemmbar Mini Fan für Growbox, IP54, Timer,APP/WiFi Steuerung Schwarz","'POZ1'","DE","22.3","22.2","16.2","centimeters","1.07","kilograms","0.008","cubic meters","Standard-Size","14.83","0.0","0.1168","2026-04","14.4","weeks","27.54","0.0","12.97","0.104","3.2178","0.0","EUR","3.2178","Others","N","N","0.0","--","0.27"
"B0BZYVVKQB","X002611E9Z","VIVOSUN AeroWave E6 Gen2 Growzelt-Clip-Ventilator150 mm, EC-Motor Smarte WLAN-Steuerung,10-stufiger & 2 Modi, automatischer oszillierender Ventilator, Luftzirkulator für Growbox, Timer, IP54 2er-Pack","'POZ1'","DE","44.29","22.5","16.2","centimeters","2.02","kilograms","0.0161","cubic meters","Standard-Size","0.13","0.1","5.0E-4","2026-04","14.4","weeks","27.54","0.0","0.03","5.0E-4","0.0148","0.0","EUR","0.0148","Others","N","N","0.0","--","0.0"
"B0D8PQQWM3","X00276V1V5","VIVOSUN GrowCam C4 2K QHD WLAN Smart Kamera für Growzelt & Indoor Pflanzen, mit Zeitraffer, Nachtsicht, SD-Karten-Speicherung, Zwei-Wege-Audio, App-Steuerung, Kompatibel mit VGrow System","'POZ1'","DE","10.6","9.4","6.2","centimeters","0.28","kilograms","6.0E-4","cubic meters","Standard-Size","0.23","0.0","1.0E-4","2026-04","14.4","weeks","27.54","0.0","0.23","1.0E-4","0.004","0.0","EUR","0.004","Others","N","N","0.0","--","0.0"
"B0FB8G4BQF","X002BH62TL","VIVOSUN LumaLight 100W LED Pflanzenlampe, Vollspektrum Grow Lampe mit Hohem PPFD & Dimmfunktion, Intelligente Pflanzenbeleuchtung für Zimmerpflanzen, Anzucht, Gemüse & Blüte, 2er-Pack","'POZ1'","DE","33.02","33.02","15.75","centimeters","5.5","kilograms","0.0172","cubic meters","Standard-Size","10.0","0.0","0.1717","2026-04","14.4","weeks","27.54","0.0","10.0","0.1717","4.7294","0.0","EUR","4.7294","Others","N","N","0.0","--","0.0"
"B0C6QK97P2","X002CUEXZ7","VIVOSUN Rohrventilator 100mm Abluftventilator 330m³/h AeroZesh G4 mit EC-Motor und GrowHub E42A+, VPD-Regler, WiFi/App-Fernsteuerung Ventilator Growbox Rohrlüfter für Kühlung, Growzelte, Hydroponik","'POZ1'","DE","32.29","24.6","19.8","centimeters","2.85","kilograms","0.0157","cubic meters","Standard-Size","0.4","0.0","0.0063","2026-04","14.4","weeks","27.54","0.0","0.4","0.0063","0.1733","0.0","EUR","0.1733","Others","N","N","0.0","--","0.0"
"B07RBL1XJV","X002F0MTB9","VIVOSUN Grow Room Glasses 2 Stück LED-Schutzbrille UV-Augenbrille für Indoor, Growzelte, Gewächshaus und Hydroponik mit UVA/UVB-Schutz Inkl. Brillenetui, Unisex","'POZ1'","DE","18.1","17.5","6.5","centimeters","0.24","kilograms","0.0021","cubic meters","Standard-Size","93.03","0.0","0.1914","2026-04","14.4","weeks","27.54","0.0","92.73","0.1909","5.2721","0.0","EUR","5.2721","Others","N","N","0.0","--","0.07"
"B01731MLFK","X001VZO4UN","VIVOSUN Aktivkohlefilter Grow Aktivkohlefilter 150mm/6 Inch Geruchskontrolle mit Australischer Aktivkohle inkl. Vorfilter für Indoor Growzelt Growbox Rohrventilator Gewächshaus","'POZ2'","DE","44.5","24.0","24.0","centimeters","4.79","kilograms","0.0256","cubic meters","Standard-Size","27.67","0.0","0.6912","2026-04","14.4","weeks","27.54","0.0","26.97","0.6912","19.0356","0.0","EUR","19.0356","Others","N","N","0.0","--","0.7"
"B01DXYMBU6","X001VZSIFF","VIVOSUN Aktivkohlefilter 100mm/4 Inch, Kohlefilter zur Geruchskontrolle mit Australischer Aktivkohle für Rohrventilator, Growzelt & Gewächshaus, inkl. Vorfilter","'POZ2'","DE","34.29","19.7","19.2","centimeters","2.71","kilograms","0.013","cubic meters","Standard-Size","0.63","0.0","0.0082","2026-04","14.4","weeks","27.54","0.0","0.63","0.0082","0.2262","0.0","EUR","0.2262","Others","N","N","0.0","--","0.0"
"B08M3G5TH3","X001VZST45","VIVOSUN Aktivkohlefilter 100mm/4 Inch, Kohlefilter zur Geruchskontrolle mit Australischer Aktivkohle inkl. Vorfilter für Rohrventilator Growzelt Growbox Indoor, Schwarz","'POZ2'","DE","34.6","20.5","19.3","centimeters","2.68","kilograms","0.0137","cubic meters","Standard-Size","0.03","0.0","5.0E-4","2026-04","14.4","weeks","27.54","0.0","0.03","5.0E-4","0.0126","0.0","EUR","0.0126","Others","N","N","0.0","--","0.0"
"B01EWH83FU","X001W1EEP1","VIVOSUN Gartenschere 1er-Packung 17cm Pflanzenschere mit Ergonomischen Griffen Ernteschere Grow Schere Trimmschere mit Hochwertiger Gerader Klingen und Titan-Antihaftbeschichtung Rosenschere Orange","'POZ2'","DE","21.5","7.1","1.3","centimeters","0.07","kilograms","2.0E-4","cubic meters","Standard-Size","0.03","0.0","0.0","2026-04","14.4","weeks","27.54","0.0","0.03","0.0","2.0E-4","0.0","EUR","2.0E-4","Others","N","N","0.0","--","0.0"
"B0BTM3RC2G","X001WTJDQX","VIVOSUN 2er-Pack 1/8 Zoll Verstellbarer Seilaufhänger für Grow Light, Schwerlast-Aufhänger mit verstärkten Metallzahnrädern, Ratschenhaken für Rohrventilator, Filter und andere Grow Room-Produkte","'POZ2'","DE","16.7","13.5","4.1","centimeters","0.16","kilograms","9.0E-4","cubic meters","Standard-Size","38.27","0.0","0.0347","2026-04","14.4","weeks","27.54","0.0","36.67","0.0339","0.9563","0.0","EUR","0.9563","Others","N","N","0.0","--","0.7"
"B08228CNGT","X001Z5PF1L","VIVOSUN 3-in-1 Digitales pH-Meter mit ATC, ±0,1 pH Genauigkeit, Wasserqualitätsmesser, Messbereich 0-14 pH für Hydrokultur, Trinkwasser im Hause, Schwimmbäder und Aquarien","'POZ2'","DE","21.0","8.2","5.1","centimeters","0.17","kilograms","9.0E-4","cubic meters","Standard-Size","1.13","0.0","0.0","2026-04","14.4","weeks","27.54","0.0","0.0","0.0","0.0","0.0","EUR","0.0","Others","N","N","0.0258","FBA_NEW_SELECTION:0.0258","0.07"
"B0BY2DZJ8J","X0022GVNZJ","VIVOSUN Ranknetz für Kletterpflanzen 150x150cm Scrog Netz mit 4 Haken Rankhilfe Pflanzennetz Grow Netz für Kletterpflanzen Gurke Tomaten Gemüse Früchte und Blumen","'POZ2'","DE","23.6","23.0","7.4","centimeters","0.28","kilograms","0.004","cubic meters","Standard-Size","0.03","0.0","1.0E-4","2026-04","14.4","weeks","27.54","0.0","0.03","1.0E-4","0.0037","0.0","EUR","0.0037","Others","N","N","0.0","--","0.0"
"B0B7J1151P","X0022KYS9D","VIVOSUN Set mit 2 Belüftungsabdeckungen für Wachstumszelte von 10,2 cm/15,2 cm/20,3 cm mit elastischem Band und fester Schlaufe für die Belüftung von Wachstumszelten","'POZ2'","DE","19.0","13.6","3.6","centimeters","0.04","kilograms","9.0E-4","cubic meters","Standard-Size","0.07","0.0","0.0","2026-04","14.4","weeks","27.54","0.0","0.03","0.0","9.0E-4","0.0","EUR","9.0E-4","Others","N","N","0.0","--","0.03"
"B07RBL1XJV","X002F0MTB9","VIVOSUN Grow Room Glasses 2 Stück LED-Schutzbrille UV-Augenbrille für Indoor, Growzelte, Gewächshaus und Hydroponik mit UVA/UVB-Schutz Inkl. Brillenetui, Unisex","'POZ2'","DE","18.1","17.5","6.5","centimeters","0.24","kilograms","0.0021","cubic meters","Standard-Size","5.83","0.0","0.0117","2026-04","14.4","weeks","27.54","0.0","5.63","0.0116","0.3232","0.0","EUR","0.3232","Others","N","N","0.0","--","0.13"
"B0CQZD5F1D","X002GJS9L3","VIVOSUN Bypass Gartenschere 20cm, SK5 Stahlklinge mit Titanbeschichtung für präzise Schnitte, 19mm Schnittdurchmesser, ergonomische Aluminiumgriffe mit Feder, Rosenschere für Blumen, Äste & Zweige","'POZ2'","DE","26.7","8.9","3.6","centimeters","0.3","kilograms","9.0E-4","cubic meters","Standard-Size","6.0","0.0","0.0051","2026-04","14.4","weeks","27.54","0.0","6.0","0.0051","0.1414","0.0","EUR","0.1414","Others","N","N","0.0","--","0.0"
"B0BQF728P7","X001VEMT83","VIVOSUN AeroZesh T4 Rohrventilator 100mm 357 m³/h Abluftventilator Metall mit E12-Drehzahlregler, EC Motor, Leiser Rohrlüfter PWM-Gesteuert für Luftabsaugung Growzelte Gewächshaus Indoor Hydrokultur","'PRG2'","DE","58.0","36.0","23.0","centimeters","2.19","kilograms","0.048","cubic meters","Oversize","0.07","0.0","0.0032","2026-04","20.5","weeks","21.78","0.0","0.07","0.0032","0.0699","0.0","EUR","0.0699","Others","N","N","0.0","--","0.0"
"B00VWU35F4","X001VKJMC3","VIVOSUN Pflanzsack 5er-Packung 120L aus Vliesstoff, Hochbelastbarer Verdickter Stofftopf mit Starken Griffen für Gemüse, Blumen, Früchte, Gewächshaus und Garten","'PRG2'","DE","41.5","34.7","9.6","centimeters","1.89","kilograms","0.0138","cubic meters","Oversize","0.1","0.0","5.0E-4","2026-04","20.5","weeks","21.78","0.0","0.03","5.0E-4","0.0101","0.0","EUR","0.0101","Others","N","N","0.0","--","0.07"
"B01731MLFK","X001VZO4UN","VIVOSUN Aktivkohlefilter Grow Aktivkohlefilter 150mm/6 Inch Geruchskontrolle mit Australischer Aktivkohle inkl. Vorfilter für Indoor Growzelt Growbox Rohrventilator Gewächshaus","'PRG2'","DE","44.5","24.0","24.0","centimeters","4.79","kilograms","0.0256","cubic meters","Standard-Size","0.1","0.0","0.0017","2026-04","14.4","weeks","27.54","0.0","0.07","0.0017","0.047","0.0","EUR","0.047","Others","N","N","0.0","--","0.03"
"B08M3G5TH3","X001VZST45","VIVOSUN Aktivkohlefilter 100mm/4 Inch, Kohlefilter zur Geruchskontrolle mit Australischer Aktivkohle inkl. Vorfilter für Rohrventilator Growzelt Growbox Indoor, Schwarz","'PRG2'","DE","34.6","20.5","19.3","centimeters","2.68","kilograms","0.0137","cubic meters","Standard-Size","0.03","0.0","5.0E-4","2026-04","14.4","weeks","27.54","0.0","0.03","5.0E-4","0.0125","0.0","EUR","0.0125","Others","N","N","0.0","--","0.0"
"B01EWH83FU","X001W1EEP1","VIVOSUN Gartenschere 1er-Packung 17cm Pflanzenschere mit Ergonomischen Griffen Ernteschere Grow Schere Trimmschere mit Hochwertiger Gerader Klingen und Titan-Antihaftbeschichtung Rosenschere Orange","'PRG2'","DE","21.5","7.1","1.3","centimeters","0.07","kilograms","2.0E-4","cubic meters","Standard-Size","0.3","0.0","0.0","2026-04","14.4","weeks","27.54","0.0","0.13","0.0","7.0E-4","0.0","EUR","7.0E-4","Others","N","N","0.0","--","0.27"
"B06Y1XVD1P","X001W1HJ2B","VIVOSUN Gartenschere 17cm Pflanzenschere mit Ergonomischen Griffen Ernteschere Grow Schere Trimmschere mit Titan-Antihaftbeschichtung & Gebogene Klinge für Pflanzen,1 Pack Blau","'PRG2'","DE","21.6","7.0","1.5","centimeters","0.07","kilograms","2.0E-4","cubic meters","Standard-Size","0.1","0.0","0.0","2026-04","14.4","weeks","27.54","0.0","0.03","0.0","2.0E-4","0.0","EUR","2.0E-4","Others","N","N","0.0","--","0.1"
"B0CH829BQ2","X001WTE3XV","VIVOSUN 20cm Vorfilter für 20cm Kohlefilter, 45cm Lang, Weiß","'PRG2'","DE","23.6","21.5","3.8","centimeters","0.08","kilograms","0.0019","cubic meters","Standard-Size","0.93","0.0","0.0017","2026-04","14.4","weeks","27.54","0.0","0.9","0.0017","0.0477","0.0","EUR","0.0477","Others","N","N","0.0","--","0.03"
"B0C2436JDR","X001WTEUMP","VIVOSUN 4er-Pack 1/8 Zoll Verstellbarer Seilaufhänger für Grow Light, Schwerlast-Aufhänger mit verstärkten Metallzahnrädern, Ratschenhaken für Rohrventilator, Filter und andere Grow Room-Produkte","'PRG2'","DE","15.1","14.6","4.2","centimeters","0.3","kilograms","9.0E-4","cubic meters","Standard-Size","0.47","0.0","3.0E-4","2026-04","14.4","weeks","27.54","0.0","0.33","3.0E-4","0.0085","0.0","EUR","0.0085","Others","N","N","0.0","--","0.17"
"B08228CNGT","X001Z5PF1L","VIVOSUN 3-in-1 Digitales pH-Meter mit ATC, ±0,1 pH Genauigkeit, Wasserqualitätsmesser, Messbereich 0-14 pH für Hydrokultur, Trinkwasser im Hause, Schwimmbäder und Aquarien","'PRG2'","DE","21.0","8.2","5.1","centimeters","0.17","kilograms","9.0E-4","cubic meters","Standard-Size","0.1","0.0","0.0","2026-04","14.4","weeks","27.54","0.0","0.0","0.0","0.0","0.0","EUR","0.0","Others","N","N","0.0024","FBA_NEW_SELECTION:0.0024","0.0"
"B0BXD9RK42","X001Z5PQDD","VIVOSUN Solar Automatische Tropfbewässerung Set mit Zeituhr, 3W Ausgang, Solarbetriebenes Bewässerungssystem für 15 Töpfe, ideal für Garten, Balkon, Terrasse und Zimmerpflanzen","'PRG2'","DE","31.1","21.2","7.1","centimeters","0.93","kilograms","0.0047","cubic meters","Standard-Size","0.37","0.0","0.0017","2026-04","14.4","weeks","27.54","0.0","0.37","0.0017","0.0472","0.0","EUR","0.0472","Others","N","N","0.0","--","0.0"
"B0BXP3XLLR","X0020HG1EN","VIVOSUN AeroLab THB1S Drahtloses Bluetooth Hygrometer Thermometer, Digitaler Temperatur- & Feuchtigkeitsmesser mit VPD, LCD-Display, Datenspeicher, Dualkanäle mit Sonde, Batterie","'PRG2'","DE","14.5","12.6","2.8","centimeters","0.23","kilograms","5.0E-4","cubic meters","Standard-Size","0.03","0.0","0.0","2026-04","14.4","weeks","27.54","0.0","0.03","0.0","5.0E-4","0.0","EUR","5.0E-4","Others","N","N","0.0","--","0.0"
"B07VK287M6","X0021P5SGL","VIVOSUN 30X 60X Beleuchtete Juwelierlupe mit LEC-Light, Faltbare Taschenlupe mit 2 Linsen für die Beobachtung von Schmuck, Edelsteine, Uhren, Münzen, Briefmarken, Antiquitäten, Weiß","'PRG2'","DE","9.1","6.5","3.9","centimeters","0.09","kilograms","2.0E-4","cubic meters","Standard-Size","0.2","0.0","0.0","2026-04","14.4","weeks","27.54","0.0","0.13","0.0","8.0E-4","0.0","EUR","8.0E-4","Others","N","N","0.0","--","0.07"
"B0CRDQ63HT","X0021PRUUD","VIVOSUN FlexFeed Tropfbewässerungsset, 4W automatisches Bewässerungssystem mit Pumpe und 4 Tropfern, App-gesteuertes Smart Bewässerungssystem für VGrow Smart Grow Box und Indoor Pflanzen","'PRG2'","DE","11.91","11.3","5.79","centimeters","0.18","kilograms","8.0E-4","cubic meters","Standard-Size","0.2","0.0","2.0E-4","2026-04","14.4","weeks","27.54","0.0","0.2","2.0E-4","0.0043","0.0","EUR","0.0043","Others","N","N","0.0","--","0.0"
"B087CR7H9S","X002203JR5","VIVOSUN Gartenschere 2er-Packung 17cm Pflanzenschere mit Ergonomischen Griffen Baumschere mit Gebogenen Klingen und Titan-Antihaftbeschichtung Rosenschere Blau","'PRG2'","DE","24.3","9.6","1.7","centimeters","0.14","kilograms","4.0E-4","cubic meters","Standard-Size","21.3","0.0","0.0084","2026-04","14.4","weeks","27.54","0.0","21.2","0.0084","0.2311","0.0","EUR","0.2311","Others","N","N","0.0","--","0.1"
"B0BY2DZJ8J","X0022GVNZJ","VIVOSUN Ranknetz für Kletterpflanzen 150x150cm Scrog Netz mit 4 Haken Rankhilfe Pflanzennetz Grow Netz für Kletterpflanzen Gurke Tomaten Gemüse Früchte und Blumen","'PRG2'","DE","23.6","23.0","7.4","centimeters","0.28","kilograms","0.004","cubic meters","Standard-Size","0.13","0.0","4.0E-4","2026-04","14.4","weeks","27.54","0.0","0.0","0.0","0.011","0.0","EUR","0.011","Others","N","N","0.0","--","0.03"
"B0BY2JKXC7","X0022GVOSP","VIVOSUN Ranknetz für Kletterpflanzen 120x120 cm Elastisches Pflanzennetz, Scrog Netz mit 4 Haken, Grow Netz für Kletterpflanzen, Tomaten, Gurken, Gemüse und Blumen","'PRG2'","DE","20.0","18.2","3.6","centimeters","0.18","kilograms","0.0013","cubic meters","Standard-Size","0.47","0.0","3.0E-4","2026-04","14.4","weeks","27.54","0.0","0.23","3.0E-4","0.0084","0.0","EUR","0.0084","Others","N","N","0.0","--","0.23"
"B0CMYX2H9Q","X0023L9EWR","VIVOSUN AeroWave D4 10cm Grow Ventilator Clip Ventilator Grow mit Haken, 3 Geschwindigkeiten, Starker & Leiser Luftstrom, Luftstromwinkel Einstellbar für Hydrokultur, Zirkulation, Kühlung, 1 Pack","'PRG2'","DE","14.1","12.7","7.01","centimeters","0.29","kilograms","0.0013","cubic meters","Standard-Size","0.13","0.0","2.0E-4","2026-04","14.4","weeks","27.54","0.0","0.13","2.0E-4","0.0046","0.0","EUR","0.0046","Others","N","N","0.0","--","0.0"
"B0CMZFSLCL","X0023L9G3T","VIVOSUN AeroWave D4 10cm Grow Ventilator Clip Ventilator Grow mit Haken, 3 Stufen, Starker & Leiser Luftstrom, Luftstromwinkel Einstellbar für Hydrokultur, Zirkulation, Schwarz, 2er-Pack","'PRG2'","DE","16.1","14.5","13.1","centimeters","0.58","kilograms","0.0031","cubic meters","Standard-Size","0.27","0.0","7.0E-4","2026-04","14.4","weeks","27.54","0.0","0.2","6.0E-4","0.0196","0.0","EUR","0.0196","Others","N","N","0.0","--","0.03"
"B01EUURUVM","X0023SZURD","VIVOSUN 10cm 7,6m Flexibler Luftkanal aus Aluminium für Belüftung, Inklusive 2 Schlauchschellen aus Edelstahl, Mehrschichtiges Schlauch Ventilationsset für Ventilatorsystem, HVAC-Lüftung","'PRG2'","DE","43.94","12.07","11.68","centimeters","0.79","kilograms","0.0062","cubic meters","Standard-Size","0.47","0.0","0.0029","2026-04","14.4","weeks","27.54","0.0","0.0","0.0","0.0795","0.0","EUR","0.0795","Others","N","N","0.0","--","0.0"
"B00P7U259C","X00247CDDH","VIVOSUN Heizmatte 25,4x52,7cm für Setzlinge, Wasserdichte Wärmematte UL & MET Zertifiziert, Pflanzen-Heizmatte für Keimung, Hydroponik, Indoor Garten & Gewächshaus","'PRG2'","DE","26.6","6.0","4.7","centimeters","0.4","kilograms","8.0E-4","cubic meters","Standard-Size","0.17","0.0","0.0","2026-04","14.4","weeks","27.54","0.0","0.0","0.0","0.0","0.0","EUR","0.0","Others","N","N","0.0028","FBA_NEW_SELECTION:0.0028","0.03"
"B09SZ9VS93","X00247HY3B","VIVOSUN Heizmatte Pflanzen 25,4x52,7cm mit Temperaturregler, Wasserdichte Pflanzen-Wärmematte UL & MET Zertifiziert, Setzling Heizmatte für Keimung, Hydrokultur, Zucht und Gewächshaus","'PRG2'","DE","26.7","7.2","6.9","centimeters","0.46","kilograms","0.0013","cubic meters","Standard-Size","0.23","0.0","0.0","2026-04","14.4","weeks","27.54","0.0","0.03","0.0","0.0012","0.0","EUR","0.0012","Others","N","N","0.0","--","0.2"
"B015PD8I7I","X00247MESL","VIVOSUN 2er-Pack Heizmatte 25,4x52,7cm für Setzlinge, Wasserdichte Wärmematte UL & MET Zertifiziert, Pflanzen-Heizmatte für Keimung, Hydroponik, Indoor Garten & Gewächshaus","'PRG2'","DE","26.4","9.3","9.0","centimeters","0.76","kilograms","0.0022","cubic meters","Standard-Size","0.03","0.0","1.0E-4","2026-04","14.4","weeks","27.54","0.0","0.03","1.0E-4","0.002","0.0","EUR","0.002","Others","N","N","0.0","--","0.0"
"B0BP1Y3CRM","X00260ULXB","VIVOSUN E6 Gen2 Grow Ventilator Oszillierend Leise Klein for Growzelt, 10 Geschwindigkeiten & 2 Modi, EC-Motor, Clip Ventilator Klemmbar Mini Fan für Growbox, IP54, Timer,APP/WiFi Steuerung Schwarz","'PRG2'","DE","22.3","22.2","16.2","centimeters","1.07","kilograms","0.008","cubic meters","Standard-Size","0.27","0.0","3.0E-4","2026-04","14.4","weeks","27.54","0.0","0.0","0.0","0.0073","0.0","EUR","0.0073","Others","N","N","0.0","--","0.23"
"B0DHGP2JQ8","X0026MTWX9","VIVOSUN Pflanzen Luftbefeuchter 5L Smart Humidifier Pflanzen, AeroStream H05 24dB Leise 360°Cool Mist 50H Dauerhaft Top-Fill Ultraschall Entwickelt für Growzelte Growbox","'PRG2'","DE","37.9","23.19","20.19","centimeters","1.97","kilograms","0.0177","cubic meters","Standard-Size","1.0","0.0","0.0177","2026-04","14.4","weeks","27.54","0.0","0.1","0.0018","0.4878","0.0","EUR","0.4878","Others","N","N","0.0","--","0.0"
"B0D8PQQWM3","X00276V1V5","VIVOSUN GrowCam C4 2K QHD WLAN Smart Kamera für Growzelt & Indoor Pflanzen, mit Zeitraffer, Nachtsicht, SD-Karten-Speicherung, Zwei-Wege-Audio, App-Steuerung, Kompatibel mit VGrow System","'PRG2'","DE","10.6","9.4","6.2","centimeters","0.28","kilograms","6.0E-4","cubic meters","Standard-Size","0.1","0.0","0.0","2026-04","14.4","weeks","27.54","0.0","0.03","0.0","6.0E-4","0.0","EUR","6.0E-4","Others","N","N","0.0","--","0.07"
"B0BS2BVL3Q","X002CUA5IB","VIVOSUN GrowHub Controller E42A+ für Growzelte, Smart WiFi-Controller für Temperatur, Luftfeuchte und VPD mit Timer, Zyklus und Zeitplan, steuert Kühlung, Belüftung und Beleuchtung","'PRG2'","DE","17.7","17.7","5.3","centimeters","0.69","kilograms","0.0017","cubic meters","Standard-Size","0.17","0.0","1.0E-4","2026-04","14.4","weeks","27.54","0.0","0.03","1.0E-4","0.0015","0.0","EUR","0.0015","Others","N","N","0.0","--","0.13"
"B07RBL1XJV","X002F0MTB9","VIVOSUN Grow Room Glasses 2 Stück LED-Schutzbrille UV-Augenbrille für Indoor, Growzelte, Gewächshaus und Hydroponik mit UVA/UVB-Schutz Inkl. Brillenetui, Unisex","'PRG2'","DE","18.1","17.5","6.5","centimeters","0.24","kilograms","0.0021","cubic meters","Standard-Size","1.37","0.0","0.0027","2026-04","14.4","weeks","27.54","0.0","1.27","0.0026","0.0736","0.0","EUR","0.0736","Others","N","N","0.0","--","0.07"
"B0CN33MB2Y","X002FA60TB","VIVOSUN AeroWave D4 10cm Grow Ventilator Clip Ventilator Grow mit Haken, 3 Geschwindigkeiten, Starker & Leiser Luftstrom, Luftstromwinkel Einstellbar für Hydrokultur, Zirkulation, Kühlung, 1 Pack","'PRG2'","DE","14.3","12.5","6.9","centimeters","0.32","kilograms","0.0012","cubic meters","Standard-Size","0.03","0.0","0.0","2026-04","14.4","weeks","27.54","0.0","0.03","0.0","0.0011","0.0","EUR","0.0011","Others","N","N","0.0","--","0.0"
"B0CQZD5F1D","X002GJS9L3","VIVOSUN Bypass Gartenschere 20cm, SK5 Stahlklinge mit Titanbeschichtung für präzise Schnitte, 19mm Schnittdurchmesser, ergonomische Aluminiumgriffe mit Feder, Rosenschere für Blumen, Äste & Zweige","'PRG2'","DE","26.7","8.9","3.6","centimeters","0.3","kilograms","9.0E-4","cubic meters","Standard-Size","6.0","0.0","0.0051","2026-04","14.4","weeks","27.54","0.0","6.0","0.0051","0.1411","0.0","EUR","0.1411","Others","N","N","0.0","--","0.0"
"B07PJ4VWF7","X001VGU2DF","Vivosun SS27 Wachstumszelt 70x70x150cm Grow Tent aus Mylar für Hydroponik","'RLG1'","DE","84.4","26.0","17.0","centimeters","7.76","kilograms","0.0373","cubic meters","Oversize","1.0","0.0","0.0373","2026-04","20.5","weeks","21.78","0.0","1.0","0.0373","0.8125","0.0","EUR","0.8125","Others","N","N","0.0","--","0.0"
"B079DM1WCW","X001VH0DZB","Vivosun SS301 Wachstumszelt 35x85x65cm Grow Tent AUS Mylat MIT Fenster für Hydroponik","'RLG1'","DE","88.0","25.7","12.2","centimeters","5.36","kilograms","0.0276","cubic meters","Oversize","0.6","0.37","0.0064","2026-04","20.5","weeks","21.78","0.0","0.23","0.0064","0.1402","0.0","EUR","0.1402","Others","N","N","0.0","--","0.0"
"B01DXYMQ9M","X001VHE5Z5","VIVOSUN Growzelt 120x60x150cm lichtdichtes Indoor Hydroponik Zelt mit reflektierendem Mylar Sichtfenster Bodenwanne stabile Rahmenstruktur Pflanzenzelt Gewächshaus S425 Growtent für VS2000","'RLG1'","DE","100.0","25.0","13.0","centimeters","8.92","kilograms","0.0325","cubic meters","Oversize","0.47","0.07","0.013","2026-04","20.5","weeks","21.78","0.0","0.4","0.013","0.2831","0.0","EUR","0.2831","Others","N","N","0.0","--","0.0"
"B01DXYMKIO","X001VJ6GO1","Vivosun SS33 Wachstumszelt Grow Tent 30x20x50cm für Hydrokulturen, LED VS300/VSF90","'RLG1'","DE","95.4","24.8","16.2","centimeters","9.34","kilograms","0.0383","cubic meters","Oversize","34.6","0.0","1.3261","2026-04","20.5","weeks","21.78","0.0","34.6","1.3261","28.8838","0.0","EUR","28.8838","Others","N","N","0.0","--","0.0"
"B0716BK1KD","X001VJCNFH","Vivosun SS26 Wachstumszelt 40x50x130cm Grow Tent AUS Mylar MIT Fenster für Hydroponik","'RLG1'","DE","95.2","24.8","15.2","centimeters","7.18","kilograms","0.0359","cubic meters","Oversize","8.0","0.0","0.2871","2026-04","20.5","weeks","21.78","0.0","8.0","0.2871","6.253","0.0","EUR","6.253","Others","N","N","0.0","--","0.0"
"B01DXYM98K","X001VJEKAX","VIVOSUN Growzelt 150x150x200cm lichtdichtes Indoor Hydroponik Zelt mit reflektierendem Mylar Sichtfenster Bodenwanne stabile Rahmenstruktur Pflanzenzelt Gewächshaus S558 Grow Tent passend für VSF6450","'RLG1'","DE","100.0","33.02","20.32","centimeters","17.01","kilograms","0.0671","cubic meters","Oversize","0.47","0.07","0.0268","2026-04","20.5","weeks","21.78","0.0","0.4","0.0268","0.5846","0.0","EUR","0.5846","Others","N","N","0.0","--","0.0"
"B07WK3Q372","X001VJETI1","VIVOSUN Growzelt 150x80x200cm Grow Tent aus hochreflektierendes Mylar mit Sichtfenster und Bodenwanne für Hydroponik und Indoor-Anbau S538 Grow Zelt passend für VS2000/VSF4300","'RLG1'","DE","100.0","25.5","15.3","centimeters","11.98","kilograms","0.039","cubic meters","Oversize","1.0","0.37","0.0247","2026-04","20.5","weeks","21.78","0.0","0.63","0.0247","0.5382","0.0","EUR","0.5382","Others","N","N","0.0","--","0.0"
"B0CBPGTTYW","X001YZRB9B","VIVOSUN AeroZesh T6 Abluftset 150mm Rohrventilator Inline Ventilator 693m³/h mit E12-Drehzahlregler, Aktivkohlefilter & 2,5m Schlauch, leiser Abluftventilator für Growbox & Growzelt","'RLG1'","DE","93.45","28.45","25.37","centimeters","9.14","kilograms","0.0675","cubic meters","Oversize","24.53","0.0","1.6549","2026-04","20.5","weeks","21.78","0.0","24.53","1.6549","36.0441","0.0","EUR","36.0441","Others","N","N","0.0","--","0.0"
"B09LQL4XGK","X001YZS0UP","VIVOSUN VS3000 LED Grow Lampe, Vollspektrum Pflanzenlampe mit Samsung LM301 Dioden und Treiber, dimmbar und IP65, Wachstumslampe für Sämling, Gemüse und Blüte, geeignet für 120x120cm/90x90 cm Growzelt","'RLG1'","DE","57.0","56.0","14.0","centimeters","8.01","kilograms","0.0447","cubic meters","Oversize","34.0","0.0","1.5194","2026-04","20.5","weeks","21.78","0.0","34.0","1.5194","33.0928","0.0","EUR","33.0928","Others","N","N","0.0","--","0.0"
"B08JG8F18N","X0020AEZ6V","VIVOSUN VS1000 LED Grow Lampe, Vollspektrum Pflanzenlampe mit Samsung LM301 Dioden&Treiber, dimmbar und IP65 Wachstumslampe für Sämling, Gemüse, Blüte, geeignet für 60x60cm/90x90cm  Growzelt 2er-Pack","'RLG1'","DE","35.2","35.0","17.8","centimeters","5.19","kilograms","0.0219","cubic meters","Oversize","18.4","0.0","0.3947","2026-04","20.5","weeks","21.78","0.0","18.0","0.3947","8.5974","0.0","EUR","8.5974","Others","N","N","0.0","--","0.4"
"B0C2C97QWM","X0020FVYJH","VIVOSUN Smart Grow System mit Grow Lampe100W LED Pflanzenlampe mit integriertem Zirkulationsventilator, Rohrventilator 100 mm & GrowHub E42A Controller für Growbox Komplettsets, Indoor-Grow Hydroponik","'RLG1'","DE","43.4","37.0","30.5","centimeters","6.07","kilograms","0.049","cubic meters","Oversize","40.63","0.0","1.9803","2026-04","20.5","weeks","21.78","0.0","40.43","1.9803","43.1315","0.0","EUR","43.1315","Others","N","N","0.0","--","0.2"
"B0BXNYHSWX","X0023PYIW9","VIVOSUN LED Grow Lampe 150W Einstellbarem Vollspektrum Pflanzenlampe mit Integriertem Zirkulationsventilator AeroLight A150 Grow Light mit GrowHub Controller E42A für Growzelt Zimmerpflanzen","'RLG1'","DE","39.9","34.9","10.3","centimeters","4.34","kilograms","0.0143","cubic meters","Oversize","6.0","0.0","0.0861","2026-04","20.5","weeks","21.78","0.0","6.0","0.0861","1.8743","0.0","EUR","1.8743","Others","N","N","0.0","--","0.0"
"B0DCBLL6KN","X0026N85W7","VIVOSUN Kräuter-Decarboxylierungs- und Infusionsmaschine, botanischer Extraktor und Infuser zur Herstellung von Butter, Öl und Tinkturen, inklusive Rezepten und Zubehör","'RLG1'","DE","39.2","27.1","26.7","centimeters","4.18","kilograms","0.0284","cubic meters","Oversize","1.0","0.0","0.017","2026-04","20.5","weeks","21.78","0.0","0.13","0.0038","0.3707","0.0","EUR","0.3707","Others","N","N","0.0824","FBA_NEW_SELECTION:0.0824","0.27"
"B0F5HCQ7K1","X002BS027N","VIVOSUN LumaRay Under Canopy Grow Lampe, Vollspektrum Dimmbares LED Pflanzenlampe für Growzelte und Gewächshäuser, SGS Kompatibel, 100W, 1er Pack, 1m","'RLG1'","DE","100.0","12.7","9.91","centimeters","2.88","kilograms","0.0126","cubic meters","Oversize","2.93","0.0","0.0369","2026-04","20.5","weeks","21.78","0.0","2.93","0.0369","0.8038","0.0","EUR","0.8038","Others","N","N","0.0","--","0.0"
"B0BQF728P7","X001VEMT83","VIVOSUN AeroZesh T4 Rohrventilator 100mm 357 m³/h Abluftventilator Metall mit E12-Drehzahlregler, EC Motor, Leiser Rohrlüfter PWM-Gesteuert für Luftabsaugung Growzelte Gewächshaus Indoor Hydrokultur","'SCN2'","DE","58.0","36.0","23.0","centimeters","2.19","kilograms","0.048","cubic meters","Oversize","0.03","0.0","0.0016","2026-04","20.5","weeks","21.78","0.0","0.03","0.0016","0.03","0.0","EUR","0.03","Others","N","N","0.0","--","0.0"
"B01DXYMBU6","X001VZSIFF","VIVOSUN Aktivkohlefilter 100mm/4 Inch, Kohlefilter zur Geruchskontrolle mit Australischer Aktivkohle für Rohrventilator, Growzelt & Gewächshaus, inkl. Vorfilter","'SCN2'","DE","34.29","19.7","19.2","centimeters","2.71","kilograms","0.013","cubic meters","Standard-Size","1.0","0.0","0.013","2026-04","14.4","weeks","27.54","0.0","1.0","0.013","0.3577","0.0","EUR","0.3577","Others","N","N","0.0","--","0.0"
"B08M3G5TH3","X001VZST45","VIVOSUN Aktivkohlefilter 100mm/4 Inch, Kohlefilter zur Geruchskontrolle mit Australischer Aktivkohle inkl. Vorfilter für Rohrventilator Growzelt Growbox Indoor, Schwarz","'SCN2'","DE","34.6","20.5","19.3","centimeters","2.68","kilograms","0.0137","cubic meters","Standard-Size","0.07","0.0","9.0E-4","2026-04","14.4","weeks","27.54","0.0","0.07","9.0E-4","0.0252","0.0","EUR","0.0252","Others","N","N","0.0","--","0.0"
"B0C6QJVMD1","X001WOK37V","VIVOSUN AeroZesh G6 Rohrventilator 150mm Abluftventilator mit EC-Motor Ventilator Growbox Rohrlüfter 660 m³/h mit PWM-Steuerung & E12-Geschwindigkeitsregler für Growzelt Growbox Indoorbelüftung","'SCN2'","DE","33.6","26.3","22.8","centimeters","3.31","kilograms","0.0201","cubic meters","Standard-Size","2.9","0.0","0.0578","2026-04","14.4","weeks","27.54","0.0","2.87","0.0578","1.5928","0.0","EUR","1.5928","Others","N","N","0.0","--","0.03"
"B0BTM3RC2G","X001WTJDQX","VIVOSUN 2er-Pack 1/8 Zoll Verstellbarer Seilaufhänger für Grow Light, Schwerlast-Aufhänger mit verstärkten Metallzahnrädern, Ratschenhaken für Rohrventilator, Filter und andere Grow Room-Produkte","'SCN2'","DE","16.7","13.5","4.1","centimeters","0.16","kilograms","9.0E-4","cubic meters","Standard-Size","0.1","0.0","0.0","2026-04","14.4","weeks","27.54","0.0","0.03","0.0","8.0E-4","0.0","EUR","8.0E-4","Others","N","N","0.0","--","0.07"
"B07VK1LVN6","X0021OYVTR","VIVOSUN 2er-Packung 30X 60X Beleuchtete Juwelierlupe mit LEC-Light, Faltbare Taschenlupe mit 2 Linsen für die Beobachtung von Schmuck, Edelsteine, Uhren, Münzen, Briefmarken, Antiquitäten, Schwarz","'SCN2'","DE","9.3","8.0","6.4","centimeters","0.17","kilograms","5.0E-4","cubic meters","Standard-Size","24.43","0.0","0.0115","2026-04","14.4","weeks","27.54","0.0","23.9","0.0114","0.3173","0.0","EUR","0.3173","Others","N","N","0.0","--","0.27"
"B0B7J2931M","X0022KYSO3","VIVOSUN 2 Stück Wachstumszelt-Entlüftungsabdeckung, 10,2 cm/15,2 cm/20,3 cm Kanalfilterabdeckung mit Gummiband und fester Schnalle für Pflanzenwachstumszelte","'SCN2'","DE","18.53","13.52","2.74","centimeters","0.04","kilograms","7.0E-4","cubic meters","Standard-Size","2.7","0.0","0.0019","2026-04","14.4","weeks","27.54","0.0","2.7","0.0019","0.0511","0.0","EUR","0.0511","Others","N","N","0.0","--","0.0"
"B0CMYX2H9Q","X0023L9EWR","VIVOSUN AeroWave D4 10cm Grow Ventilator Clip Ventilator Grow mit Haken, 3 Geschwindigkeiten, Starker & Leiser Luftstrom, Luftstromwinkel Einstellbar für Hydrokultur, Zirkulation, Kühlung, 1 Pack","'SCN2'","DE","14.1","12.7","7.01","centimeters","0.29","kilograms","0.0013","cubic meters","Standard-Size","6.0","0.0","0.0074","2026-04","14.4","weeks","27.54","0.0","5.6","0.007","0.2054","0.0","EUR","0.2054","Others","N","N","0.0","--","0.07"
"B07FKJNGSZ","X0023T25DJ","VIVOSUN 2er-Packung 10cm 2,4m Flexibler Luftkanal aus Aluminium für Belüftung, Inklusive 4 Schlauchschellen aus Edelstahl, Mehrschichtiges Schlauch Ventilationsset für Ventilatorsystem, HVAC-Lüftung","'SCN2'","DE","34.49","12.09","11.3","centimeters","0.67","kilograms","0.0047","cubic meters","Standard-Size","0.9","0.0","0.0042","2026-04","14.4","weeks","27.54","0.0","0.9","0.0042","0.117","0.0","EUR","0.117","Others","N","N","0.0","--","0.0"
"B0D8PQQWM3","X00276V1V5","VIVOSUN GrowCam C4 2K QHD WLAN Smart Kamera für Growzelt & Indoor Pflanzen, mit Zeitraffer, Nachtsicht, SD-Karten-Speicherung, Zwei-Wege-Audio, App-Steuerung, Kompatibel mit VGrow System","'SCN2'","DE","10.6","9.4","6.2","centimeters","0.28","kilograms","6.0E-4","cubic meters","Standard-Size","3.0","0.0","0.0018","2026-04","14.4","weeks","27.54","0.0","2.83","0.0018","0.0483","0.0","EUR","0.0483","Others","N","N","0.0","--","0.17"
"B0CQZD5F1D","X002GJS9L3","VIVOSUN Bypass Gartenschere 20cm, SK5 Stahlklinge mit Titanbeschichtung für präzise Schnitte, 19mm Schnittdurchmesser, ergonomische Aluminiumgriffe mit Feder, Rosenschere für Blumen, Äste & Zweige","'SCN2'","DE","26.7","8.9","3.6","centimeters","0.3","kilograms","9.0E-4","cubic meters","Standard-Size","4.0","0.0","0.0034","2026-04","14.4","weeks","27.54","0.0","4.0","0.0034","0.0944","0.0","EUR","0.0944","Others","N","N","0.0","--","0.0"
"B079DM1WCW","X001VH0DZB","Vivosun SS301 Wachstumszelt 35x85x65cm Grow Tent AUS Mylat MIT Fenster für Hydroponik","'STR1'","DE","88.0","25.7","12.2","centimeters","5.36","kilograms","0.0276","cubic meters","Oversize","0.13","0.0","0.0037","2026-04","20.5","weeks","21.78","0.0","0.13","0.0037","0.0801","0.0","EUR","0.0801","Others","N","N","0.0","--","0.0"
"B08GNZ7M74","X001YZR8AD","VIVOSUN VS2000 LED Grow Lampe, Vollspektrum Pflanzenlampe mit Samsung LM301 Dioden und Treiber, dimmbar und IP65, Wachstumslampe für Sämling, Gemüse und Blüte, geeignet für 120x60cm/90x90 cm Growzelt","'STR1'","DE","69.5","37.29","18.6","centimeters","5.86","kilograms","0.0482","cubic meters","Oversize","0.1","0.0","0.0048","2026-04","20.5","weeks","21.78","0.0","0.0","0.0","0.105","0.0","EUR","0.105","Others","N","N","0.0","--","0.0"
"B08GPTLSZH","X0020YXKEP","VIVOSUN VS4000 LED Grow Lampe, Vollspektrum Pflanzenlampe mit Samsung LM301 Dioden und Treiber, dimmbar und IP65 Wachstumslampe für Sämling, Gemüse, Blüte, geeignet für 120x120cm/150x150 cm Growzelt","'STR1'","DE","67.5","67.0","13.4","centimeters","10.49","kilograms","0.0606","cubic meters","Oversize","0.27","0.0","0.0162","2026-04","20.5","weeks","21.78","0.0","0.27","0.0162","0.3519","0.0","EUR","0.3519","Others","N","N","0.0","--","0.0"
"B0CGHJ3F21","X0021L4TZV","VIVOSUN PRO Growzelt 80x80x160cm Grow Tent mit Dicken 22mm Stangen 2000D Oxford-Gewebe hochreflektierendes Mylar Indoor Hydroponik Zuchtzelt Pflanzenzelt Gewächshaus passend für AeroLight A150","'STR1'","DE","85.0","32.4","18.6","centimeters","11.26","kilograms","0.0512","cubic meters","Oversize","0.7","0.0","0.0359","2026-04","20.5","weeks","21.78","0.0","0.7","0.0359","0.7808","0.0","EUR","0.7808","Others","N","N","0.0","--","0.0"
"B0CGHJG44R","X0021L5QML","VIVOSUN PRO Growzelt 90x90x180cm Grow Tent mit Dicken 22mm Stangen 2000D Oxford-Gewebe hochreflektierendes Mylar Indoor Hydroponik Zuchtzelt Pflanzenzelt Gewächshaus passend für AeroLight A200SE","'STR1'","DE","95.5","32.8","18.8","centimeters","14.82","kilograms","0.0589","cubic meters","Oversize","0.97","0.0","0.0569","2026-04","20.5","weeks","21.78","0.0","0.97","0.0569","1.2396","0.0","EUR","1.2396","Others","N","N","0.0","--","0.0"
"B07WFDCYZL","X0023T6Q1L","VIVOSUN 2er-Packung 10cm 7,6m Flexibler Luftkanal aus Aluminium für Belüftung, Inklusive 4 Schlauchschellen aus Edelstahl, Mehrschichtiges Schlauch Ventilationsset für Ventilatorsystem, HVAC-Lüftung","'STR1'","DE","45.29","22.91","12.4","centimeters","1.55","kilograms","0.0129","cubic meters","Oversize","0.53","0.0","0.0069","2026-04","20.5","weeks","21.78","0.0","0.53","0.0069","0.1494","0.0","EUR","0.1494","Others","N","N","0.0","--","0.0"
"B0FB8RK4X1","X002BGZ2XJ","VIVOSUN Grow Lampe100W LED Pflanzenlampe, Vollspektrum Lumalight Lampe mit Hohem PPFD & Dimmfunktion, Intelligente Pflanzenbeleuchtung für Zimmerpflanzen, Growzelt, Gemüse & Blüte","'STR1'","DE","36.61","35.59","9.79","centimeters","2.91","kilograms","0.0128","cubic meters","Oversize","1.2","0.0","0.0153","2026-04","20.5","weeks","21.78","0.0","1.2","0.0153","0.3333","0.0","EUR","0.3333","Others","N","N","0.0","--","0.0"
"B01DXYM98K","X001VJEKAX","VIVOSUN Growzelt 150x150x200cm lichtdichtes Indoor Hydroponik Zelt mit reflektierendem Mylar Sichtfenster Bodenwanne stabile Rahmenstruktur Pflanzenzelt Gewächshaus S558 Grow Tent passend für VSF6450","'STR2'","DE","100.0","33.02","20.32","centimeters","17.01","kilograms","0.0671","cubic meters","Oversize","5.5","0.0","0.369","2026-04","20.5","weeks","21.78","0.0","5.5","0.369","8.0371","0.0","EUR","8.0371","Others","N","N","0.0","--","0.0"
"B0CL9VRP1C","X0022OM6TX","VGrow All-in-One Smart Grow Box, Professionelles System mit Samsung LM301H EVO Grow Lampe, Fortschrittliches Zirkulations- und Ventilationssystem, Bewässerung, Nährstoffzufuhr für Indoor-Hydroponik","'STR2'","DE","100.0","53.09","20.57","centimeters","23.36","kilograms","0.1092","cubic meters","Oversize","32.13","0.0","3.4327","2026-04","20.5","weeks","21.78","0.0","30.2","3.298","74.7607","0.0","EUR","74.7607","Others","N","N","0.0","--","0.7"
"B0BY7XVZFQ","X002EZUXH7","VIVOSUN Smart Growzelt Komplettset 90x90x180cm, WLAN-integriertes automatisches Grow-System mit 200W Vollspektrum-LED-Pflanzenlampe und effizientem Belüftungssystem mit GrowHub E42A+ Controller","'STR2'","DE","96.52","38.1","36.83","centimeters","23.13","kilograms","0.1354","cubic meters","Oversize","4.13","0.0","0.5598","2026-04","20.5","weeks","21.78","0.0","4.13","0.5598","12.1922","0.0","EUR","12.1922","Others","N","N","0.0","--","0.0"
"B01DXYMBU6","X001VZSIFF","VIVOSUN Aktivkohlefilter 100mm/4 Inch, Kohlefilter zur Geruchskontrolle mit Australischer Aktivkohle für Rohrventilator, Growzelt & Gewächshaus, inkl. Vorfilter","'SZZ1'","DE","34.29","19.7","19.2","centimeters","2.71","kilograms","0.013","cubic meters","Standard-Size","2.5","0.0","0.0303","2026-04","14.4","weeks","27.54","0.0","2.33","0.0303","0.8333","0.0","EUR","0.8333","Others","N","N","0.0","--","0.17"
"B08M3G5TH3","X001VZST45","VIVOSUN Aktivkohlefilter 100mm/4 Inch, Kohlefilter zur Geruchskontrolle mit Australischer Aktivkohle inkl. Vorfilter für Rohrventilator Growzelt Growbox Indoor, Schwarz","'SZZ1'","DE","34.6","20.5","19.3","centimeters","2.68","kilograms","0.0137","cubic meters","Standard-Size","0.9","0.0","0.0123","2026-04","14.4","weeks","27.54","0.0","0.9","0.0123","0.3393","0.0","EUR","0.3393","Others","N","N","0.0","--","0.0"
"B01EWH83FU","X001W1EEP1","VIVOSUN Gartenschere 1er-Packung 17cm Pflanzenschere mit Ergonomischen Griffen Ernteschere Grow Schere Trimmschere mit Hochwertiger Gerader Klingen und Titan-Antihaftbeschichtung Rosenschere Orange","'SZZ1'","DE","21.5","7.1","1.3","centimeters","0.07","kilograms","2.0E-4","cubic meters","Standard-Size","0.1","0.0","0.0","2026-04","14.4","weeks","27.54","0.0","0.07","0.0","4.0E-4","0.0","EUR","4.0E-4","Others","N","N","0.0","--","0.03"
"B0C6QJVMD1","X001WOK37V","VIVOSUN AeroZesh G6 Rohrventilator 150mm Abluftventilator mit EC-Motor Ventilator Growbox Rohrlüfter 660 m³/h mit PWM-Steuerung & E12-Geschwindigkeitsregler für Growzelt Growbox Indoorbelüftung","'SZZ1'","DE","33.6","26.3","22.8","centimeters","3.31","kilograms","0.0201","cubic meters","Standard-Size","0.03","0.0","7.0E-4","2026-04","14.4","weeks","27.54","0.0","0.03","7.0E-4","0.0185","0.0","EUR","0.0185","Others","N","N","0.0","--","0.0"
"B0BMV1W52R","X001WOUTQV","VIVOSUN AeroZesh T6 Rohrventilator 150mm Metall Abluftventilator 693 m³/h mit E12-Drehzahlregler, EC Motor, Leiser Rohrlüfter PWM-Gesteuert für Luftabsaugung Growzelte Gewächshaus Indoor Hydrokultur","'SZZ1'","DE","33.0","26.0","25.0","centimeters","2.75","kilograms","0.0214","cubic meters","Standard-Size","4.47","0.0","0.0951","2026-04","14.4","weeks","27.54","0.0","4.43","0.0951","2.6186","0.0","EUR","2.6186","Others","N","N","0.0","--","0.03"
"B08228CNGT","X001Z5PF1L","VIVOSUN 3-in-1 Digitales pH-Meter mit ATC, ±0,1 pH Genauigkeit, Wasserqualitätsmesser, Messbereich 0-14 pH für Hydrokultur, Trinkwasser im Hause, Schwimmbäder und Aquarien","'SZZ1'","DE","21.0","8.2","5.1","centimeters","0.17","kilograms","9.0E-4","cubic meters","Standard-Size","1.33","0.0","0.0","2026-04","14.4","weeks","27.54","0.0","0.0","0.0","0.0","0.0","EUR","0.0","Others","N","N","0.0322","FBA_NEW_SELECTION:0.0322","0.0"
"B07VK1LVKX","X0021P5OXX","VIVOSUN 30X 60X Beleuchtete Juwelierlupe mit LEC-Light, Faltbare Taschenlupe mit 2 Linsen für die Beobachtung von Schmuck, Edelsteine, Uhren, Münzen, Briefmarken, Antiquitäten, Schwarz","'SZZ1'","DE","9.0","6.5","3.9","centimeters","0.09","kilograms","2.0E-4","cubic meters","Standard-Size","0.03","0.0","0.0","2026-04","14.4","weeks","27.54","0.0","0.03","0.0","2.0E-4","0.0","EUR","2.0E-4","Others","N","N","0.0","--","0.0"
"B0C1Z462XW","X0022HA0MZ","VIVOSUN Temperatur- und Feuchtigkeitssensor, wasserdichte Edelstahl-Umweltüberwachungssonde für GrowHub-Controller E42/E42A, AeroLab THB1/THB1S, 3,6 m","'SZZ1'","DE","19.6","12.5","2.1","centimeters","0.07","kilograms","5.0E-4","cubic meters","Standard-Size","1.0","0.0","0.0","2026-04","14.4","weeks","27.54","0.0","0.0","0.0","0.0","0.0","EUR","0.0","Others","N","N","0.0142","FBA_NEW_SELECTION:0.0142","0.0"
"B0BZYVVKQB","X002611E9Z","VIVOSUN AeroWave E6 Gen2 Growzelt-Clip-Ventilator150 mm, EC-Motor Smarte WLAN-Steuerung,10-stufiger & 2 Modi, automatischer oszillierender Ventilator, Luftzirkulator für Growbox, Timer, IP54 2er-Pack","'SZZ1'","DE","44.29","22.5","16.2","centimeters","2.02","kilograms","0.0161","cubic meters","Standard-Size","19.07","0.0","0.3078","2026-04","14.4","weeks","27.54","0.0","19.07","0.3078","8.4759","0.0","EUR","8.4759","Others","N","N","0.0","--","0.0"
"B0D8PQQWM3","X00276V1V5","VIVOSUN GrowCam C4 2K QHD WLAN Smart Kamera für Growzelt & Indoor Pflanzen, mit Zeitraffer, Nachtsicht, SD-Karten-Speicherung, Zwei-Wege-Audio, App-Steuerung, Kompatibel mit VGrow System","'SZZ1'","DE","10.6","9.4","6.2","centimeters","0.28","kilograms","6.0E-4","cubic meters","Standard-Size","0.03","0.0","0.0","2026-04","14.4","weeks","27.54","0.0","0.03","0.0","6.0E-4","0.0","EUR","6.0E-4","Others","N","N","0.0","--","0.0"
"B0BS2BVL3Q","X002CUA5IB","VIVOSUN GrowHub Controller E42A+ für Growzelte, Smart WiFi-Controller für Temperatur, Luftfeuchte und VPD mit Timer, Zyklus und Zeitplan, steuert Kühlung, Belüftung und Beleuchtung","'SZZ1'","DE","17.7","17.7","5.3","centimeters","0.69","kilograms","0.0017","cubic meters","Standard-Size","0.3","0.0","2.0E-4","2026-04","14.4","weeks","27.54","0.0","0.13","2.0E-4","0.0061","0.0","EUR","0.0061","Others","N","N","0.0","--","0.17"
"B0C6QK97P2","X002CUEXZ7","VIVOSUN Rohrventilator 100mm Abluftventilator 330m³/h AeroZesh G4 mit EC-Motor und GrowHub E42A+, VPD-Regler, WiFi/App-Fernsteuerung Ventilator Growbox Rohrlüfter für Kühlung, Growzelte, Hydroponik","'SZZ1'","DE","32.29","24.6","19.8","centimeters","2.85","kilograms","0.0157","cubic meters","Standard-Size","1.77","0.0","0.0267","2026-04","14.4","weeks","27.54","0.0","1.7","0.0267","0.7362","0.0","EUR","0.7362","Others","N","N","0.0","--","0.07"
"B07RBL1XJV","X002F0MTB9","VIVOSUN Grow Room Glasses 2 Stück LED-Schutzbrille UV-Augenbrille für Indoor, Growzelte, Gewächshaus und Hydroponik mit UVA/UVB-Schutz Inkl. Brillenetui, Unisex","'SZZ1'","DE","18.1","17.5","6.5","centimeters","0.24","kilograms","0.0021","cubic meters","Standard-Size","3.27","0.0","0.0065","2026-04","14.4","weeks","27.54","0.0","2.43","0.005","0.1795","0.0","EUR","0.1795","Others","N","N","0.0","--","0.1"
"B0CQZD5F1D","X002GJS9L3","VIVOSUN Bypass Gartenschere 20cm, SK5 Stahlklinge mit Titanbeschichtung für präzise Schnitte, 19mm Schnittdurchmesser, ergonomische Aluminiumgriffe mit Feder, Rosenschere für Blumen, Äste & Zweige","'SZZ1'","DE","26.7","8.9","3.6","centimeters","0.3","kilograms","9.0E-4","cubic meters","Standard-Size","3.03","0.0","0.0026","2026-04","14.4","weeks","27.54","0.0","3.03","0.0026","0.0715","0.0","EUR","0.0715","Others","N","N","0.0","--","0.0"
"B01731MNJE","X001VH92Y9","Vivosun SS44 Wachstumszelt Grow Tent 20x20x80cm für Hydrokulturen, LED VS500/VSF80","'WRO1'","DE","100.0","26.5","17.5","centimeters","13.47","kilograms","0.0464","cubic meters","Oversize","15.4","0.0","0.7142","2026-04","20.5","weeks","21.78","0.0","15.4","0.7142","15.5549","0.0","EUR","15.5549","Others","N","N","0.0","--","0.0"
"B01DXYMQ9M","X001VHE5Z5","VIVOSUN Growzelt 120x60x150cm lichtdichtes Indoor Hydroponik Zelt mit reflektierendem Mylar Sichtfenster Bodenwanne stabile Rahmenstruktur Pflanzenzelt Gewächshaus S425 Growtent für VS2000","'WRO1'","DE","100.0","25.0","13.0","centimeters","8.92","kilograms","0.0325","cubic meters","Oversize","4.5","0.13","0.1419","2026-04","20.5","weeks","21.78","0.0","4.37","0.1419","3.091","0.0","EUR","3.091","Others","N","N","0.0","--","0.0"
"B01DXYMQ9M","X001VHE5Z5","VIVOSUN Growzelt 120x60x150cm lichtdichtes Indoor Hydroponik Zelt mit reflektierendem Mylar Sichtfenster Bodenwanne stabile Rahmenstruktur Pflanzenzelt Gewächshaus S425 Growtent für VS2000","'WRO1'","DE","100.0","25.0","13.0","centimeters","8.92","kilograms","0.0325","cubic meters","Oversize","0.77","0.0","0.0249","2026-04","20.5","weeks","21.78","0.0","0.77","0.0249","0.5427","0.0","EUR","0.5427","Others","N","N","0.0","--","0.0"
"B01DXYMKIO","X001VJ6GO1","Vivosun SS33 Wachstumszelt Grow Tent 30x20x50cm für Hydrokulturen, LED VS300/VSF90","'WRO1'","DE","95.4","24.8","16.2","centimeters","9.34","kilograms","0.0383","cubic meters","Oversize","2.4","0.0","0.092","2026-04","20.5","weeks","21.78","0.0","2.4","0.092","2.0035","0.0","EUR","2.0035","Others","N","N","0.0","--","0.0"
"B01DXYM98K","X001VJEKAX","VIVOSUN Growzelt 150x150x200cm lichtdichtes Indoor Hydroponik Zelt mit reflektierendem Mylar Sichtfenster Bodenwanne stabile Rahmenstruktur Pflanzenzelt Gewächshaus S558 Grow Tent passend für VSF6450","'WRO1'","DE","100.0","33.02","20.32","centimeters","17.01","kilograms","0.0671","cubic meters","Oversize","0.3","0.0","0.0201","2026-04","20.5","weeks","21.78","0.0","0.3","0.0201","0.4384","0.0","EUR","0.4384","Others","N","N","0.0","--","0.0"
"B07WK3Q372","X001VJETI1","VIVOSUN Growzelt 150x80x200cm Grow Tent aus hochreflektierendes Mylar mit Sichtfenster und Bodenwanne für Hydroponik und Indoor-Anbau S538 Grow Zelt passend für VS2000/VSF4300","'WRO1'","DE","100.0","25.5","15.3","centimeters","11.98","kilograms","0.039","cubic meters","Oversize","1.9","0.13","0.0689","2026-04","20.5","weeks","21.78","0.0","1.77","0.0689","1.5012","0.0","EUR","1.5012","Others","N","N","0.0","--","0.0"
"B07WK3Q372","X001VJETI1","VIVOSUN Growzelt 150x80x200cm Grow Tent aus hochreflektierendes Mylar mit Sichtfenster und Bodenwanne für Hydroponik und Indoor-Anbau S538 Grow Zelt passend für VS2000/VSF4300","'WRO1'","DE","100.0","25.5","15.3","centimeters","11.98","kilograms","0.039","cubic meters","Oversize","0.73","0.07","0.026","2026-04","20.5","weeks","21.78","0.0","0.67","0.026","0.5665","0.0","EUR","0.5665","Others","N","N","0.0","--","0.0"
"B07WK3Q372","X001VJETI1","VIVOSUN Growzelt 150x80x200cm Grow Tent aus hochreflektierendes Mylar mit Sichtfenster und Bodenwanne für Hydroponik und Indoor-Anbau S538 Grow Zelt passend für VS2000/VSF4300","'WRO1'","DE","100.0","25.5","15.3","centimeters","11.98","kilograms","0.039","cubic meters","Oversize","0.03","0.0","0.0013","2026-04","20.5","weeks","21.78","0.0","0.03","0.0013","0.0283","0.0","EUR","0.0283","Others","N","N","0.0","--","0.0"
"B07QQ3KYJC","X001VKJH9V","VIVOSUN Drucksprüher 7L Gartenspritze mit Verstellbarer Düse und Trageriemen, Sprühflasche Pumpsprüher mit Sicherheitsventil für Gartenbewässerung, Rasenpflege und Haushaltsreinigung, Orange","'WRO1'","DE","52.5","18.5","18.3","centimeters","1.64","kilograms","0.0178","cubic meters","Oversize","0.47","0.33","0.0024","2026-04","20.5","weeks","21.78","0.0","0.13","0.0024","0.0516","0.0","EUR","0.0516","Others","N","N","0.0","--","0.0"
"B00VWU35F4","X001VKJMC3","VIVOSUN Pflanzsack 5er-Packung 120L aus Vliesstoff, Hochbelastbarer Verdickter Stofftopf mit Starken Griffen für Gemüse, Blumen, Früchte, Gewächshaus und Garten","'WRO1'","DE","41.5","34.7","9.6","centimeters","1.89","kilograms","0.0138","cubic meters","Oversize","0.07","0.0","9.0E-4","2026-04","20.5","weeks","21.78","0.0","0.0","0.0","0.0201","0.0","EUR","0.0201","Others","N","N","0.0","--","0.0"
"B07SBZ2ZJ9","X001W1HOD5","VIVOSUN 200L XXL Bollerwagen Faltbar mit Bremsen, 159kg Tragkraft, Klappbarer Handwagen mit 360°drehbare Räder für alle Gelände, Gartenwagen für Camping, Garten, Sport, Picknick, Einkaufen, Schwarz","'WRO1'","DE","69.4","30.8","24.0","centimeters","10.18","kilograms","0.0513","cubic meters","Oversize","0.03","0.0","0.0017","2026-04","20.5","weeks","21.78","0.0","0.03","0.0017","0.0372","0.0","EUR","0.0372","Others","N","N","0.0","--","0.0"
"B07SBZ2ZJ9","X001W1HOD5","VIVOSUN 200L XXL Bollerwagen Faltbar mit Bremsen, 159kg Tragkraft, Klappbarer Handwagen mit 360°drehbare Räder für alle Gelände, Gartenwagen für Camping, Garten, Sport, Picknick, Einkaufen, Schwarz","'WRO1'","DE","69.4","30.8","24.0","centimeters","10.18","kilograms","0.0513","cubic meters","Oversize","0.23","0.17","0.0034","2026-04","20.5","weeks","21.78","0.0","0.07","0.0034","0.0745","0.0","EUR","0.0745","Others","N","N","0.0","--","0.0"
"B0C6QJVMD1","X001WOK37V","VIVOSUN AeroZesh G6 Rohrventilator 150mm Abluftventilator mit EC-Motor Ventilator Growbox Rohrlüfter 660 m³/h mit PWM-Steuerung & E12-Geschwindigkeitsregler für Growzelt Growbox Indoorbelüftung","'WRO1'","DE","33.6","26.3","22.8","centimeters","3.31","kilograms","0.0201","cubic meters","Standard-Size","1.0","0.0","0.0201","2026-04","14.4","weeks","27.54","0.0","1.0","0.0201","0.5536","0.0","EUR","0.5536","Others","N","N","0.0","--","0.0"
"B0C2C8NP5D","X001YZNSF7","VIVOSUN Rohrventilator 150 mm Abluftventilator 688 m³/h Rohrlüfter mit E12-Geschwindigkeitsregler und EC-Motor 32dB Leiser Ventilator für Growzelte und Belüftungssysteme","'WRO1'","DE","35.6","28.1","25.7","centimeters","2.75","kilograms","0.0257","cubic meters","Standard-Size","0.13","0.0","0.0034","2026-04","14.4","weeks","27.54","0.0","0.03","9.0E-4","0.0942","0.0","EUR","0.0942","Others","N","N","0.0","--","0.0"
"B08JG8F18N","X0020AEZ6V","VIVOSUN VS1000 LED Grow Lampe, Vollspektrum Pflanzenlampe mit Samsung LM301 Dioden&Treiber, dimmbar und IP65 Wachstumslampe für Sämling, Gemüse, Blüte, geeignet für 60x60cm/90x90cm  Growzelt 2er-Pack","'WRO1'","DE","35.2","35.0","17.8","centimeters","5.19","kilograms","0.0219","cubic meters","Oversize","0.23","0.07","0.0037","2026-04","20.5","weeks","21.78","0.0","0.17","0.0037","0.0796","0.0","EUR","0.0796","Others","N","N","0.0","--","0.0"
"B0C2C97QWM","X0020FVYJH","VIVOSUN Smart Grow System mit Grow Lampe100W LED Pflanzenlampe mit integriertem Zirkulationsventilator, Rohrventilator 100 mm & GrowHub E42A Controller für Growbox Komplettsets, Indoor-Grow Hydroponik","'WRO1'","DE","43.4","37.0","30.5","centimeters","6.07","kilograms","0.049","cubic meters","Oversize","0.27","0.0","0.0131","2026-04","20.5","weeks","21.78","0.0","0.27","0.0131","0.2845","0.0","EUR","0.2845","Others","N","N","0.0","--","0.0"
"B0C2C97QWM","X0020FVYJH","VIVOSUN Smart Grow System mit Grow Lampe100W LED Pflanzenlampe mit integriertem Zirkulationsventilator, Rohrventilator 100 mm & GrowHub E42A Controller für Growbox Komplettsets, Indoor-Grow Hydroponik","'WRO1'","DE","43.4","37.0","30.5","centimeters","6.07","kilograms","0.049","cubic meters","Oversize","0.23","0.0","0.0114","2026-04","20.5","weeks","21.78","0.0","0.23","0.0114","0.2489","0.0","EUR","0.2489","Others","N","N","0.0","--","0.0"
"B09TVDLD5W","X00219PQF5","VIVOSUN Grow Lampe 100W Vollspektrum Pflanzenlampe mit Samsung Dioden Grow Light für Zimmerpflanzen Sämling Vegetativ und Blüte in 60x60cm, 90x90cm Growzelt, Gewächshaus VS1000E 2 Pack","'WRO1'","DE","34.6","32.79","15.6","centimeters","3.77","kilograms","0.0177","cubic meters","Standard-Size","0.23","0.0","0.0041","2026-04","14.4","weeks","27.54","0.0","0.23","0.0041","0.1135","0.0","EUR","0.1135","Others","N","N","0.0","--","0.0"
"B0CGHJ3F21","X0021L4TZV","VIVOSUN PRO Growzelt 80x80x160cm Grow Tent mit Dicken 22mm Stangen 2000D Oxford-Gewebe hochreflektierendes Mylar Indoor Hydroponik Zuchtzelt Pflanzenzelt Gewächshaus passend für AeroLight A150","'WRO1'","DE","85.0","32.4","18.6","centimeters","11.26","kilograms","0.0512","cubic meters","Oversize","0.03","0.0","0.0017","2026-04","20.5","weeks","21.78","0.0","0.03","0.0017","0.0372","0.0","EUR","0.0372","Others","N","N","0.0","--","0.0"
"B0FB8RK4X1","X002BGZ2XJ","VIVOSUN Grow Lampe100W LED Pflanzenlampe, Vollspektrum Lumalight Lampe mit Hohem PPFD & Dimmfunktion, Intelligente Pflanzenbeleuchtung für Zimmerpflanzen, Growzelt, Gemüse & Blüte","'WRO1'","DE","36.61","35.59","9.79","centimeters","2.91","kilograms","0.0128","cubic meters","Oversize","0.1","0.0","0.0013","2026-04","20.5","weeks","21.78","0.0","0.1","0.0013","0.0278","0.0","EUR","0.0278","Others","N","N","0.0","--","0.0"
"B0F5HCQ7K1","X002BS027N","VIVOSUN LumaRay Under Canopy Grow Lampe, Vollspektrum Dimmbares LED Pflanzenlampe für Growzelte und Gewächshäuser, SGS Kompatibel, 100W, 1er Pack, 1m","'WRO1'","DE","100.0","12.7","9.91","centimeters","2.88","kilograms","0.0126","cubic meters","Oversize","1.1","0.0","0.0105","2026-04","20.5","weeks","21.78","0.0","0.83","0.0105","0.2283","0.0","EUR","0.2283","Others","N","N","0.0731","FBA_NEW_SELECTION:0.0731","0.0"
"B0CBRSM7H7","X002CU6GJ3","VIVOSUN Smart Rohrventilator 100mm/Abluftset AeroZesh G4 mit GrowHub E42A+, Temperatur- & Feuchtigkeitsregler, WiFi/App-Fernsteuerung, Aktivkohlefilter und Schlauch für Growzelte und Hydrokultur","'WRO1'","DE","57.58","35.99","23.09","centimeters","7.02","kilograms","0.0479","cubic meters","Oversize","0.5","0.17","0.016","2026-04","20.5","weeks","21.78","0.0","0.33","0.016","0.3474","0.0","EUR","0.3474","Others","N","N","0.0","--","0.0"
"B0CBRPS1N8","X002CUF3G5","VIVOSUN Smart Rohrventilator 150mm AeroZesh G6 Abluftset 660m³/h mit GrowHub E42A+, Temperatur- und Feuchtigkeitsregler, WiFi/App-Fernsteuerung, Aktivkohlefilter und Schlauch für Growzelt Hydroponik","'WRO1'","DE","93.0","27.0","26.0","centimeters","10.06","kilograms","0.0653","cubic meters","Oversize","0.23","0.0","0.0152","2026-04","20.5","weeks","21.78","0.0","0.23","0.0152","0.3318","0.0","EUR","0.3318","Others","N","N","0.0","--","0.0"
"B0FHZV3WNM","X002CXIWAB","VIVOSUN AeroFlux Smart Grow Tent Heater, 700W PTC-Heizung mit Thermostat, VPD-Überwachung, App-Steuerung, Überhitzungsschutz und Verlängerungsschlauch, für Growzelte, Räume und Gewächshäuser","'WRO1'","DE","33.0","31.1","19.4","centimeters","3.19","kilograms","0.0199","cubic meters","Standard-Size","0.53","0.13","0.008","2026-04","14.4","weeks","27.54","0.0","0.4","0.008","0.2188","0.0","EUR","0.2188","Others","N","N","0.0","--","0.0"
"B0BY7PSQ69","X002F00YRF","VIVOSUN Smart Growzelt Komplettset 60x60x120cm, WLAN-integriertes automatisches Grow-System mit 100W Vollspektrum-LED-Pflanzenlampe und effizientem Belüftungssystem mit GrowHub E42A+ Controller","'WRO1'","DE","75.8","37.9","37.9","centimeters","17.7","kilograms","0.1089","cubic meters","Oversize","0.27","0.0","0.029","2026-04","20.5","weeks","21.78","0.0","0.0","0.0","0.6324","0.0","EUR","0.6324","Others","N","N","0.0","--","0.0"
"B0FSJ7DNWS","X002FA33A5","VIVOSUN VGrow DWC Hydroponik-System 15 L, Nur für VGrow Smart Grow Box, Nicht kompatibel mit E42A/E42A+, Nicht für Growzelt geeignet, Mit Luftpumpensteinen & Rapid Rooters","'WRO1'","DE","49.0","49.0","29.01","centimeters","4.55","kilograms","0.0696","cubic meters","Oversize","0.2","0.07","0.0093","2026-04","20.5","weeks","21.78","0.0","0.13","0.0093","0.2022","0.0","EUR","0.2022","Others","N","N","0.0","--","0.0"
"B00VWU35F4","X001VKJMC3","VIVOSUN Pflanzsack 5er-Packung 120L aus Vliesstoff, Hochbelastbarer Verdickter Stofftopf mit Starken Griffen für Gemüse, Blumen, Früchte, Gewächshaus und Garten","'WRO2'","DE","41.5","34.7","9.6","centimeters","1.89","kilograms","0.0138","cubic meters","Oversize","0.03","0.0","5.0E-4","2026-04","20.5","weeks","21.78","0.0","0.03","5.0E-4","0.01","0.0","EUR","0.01","Others","N","N","0.0","--","0.0"
"B01DXYMBU6","X001VZSIFF","VIVOSUN Aktivkohlefilter 100mm/4 Inch, Kohlefilter zur Geruchskontrolle mit Australischer Aktivkohle für Rohrventilator, Growzelt & Gewächshaus, inkl. Vorfilter","'WRO2'","DE","34.29","19.7","19.2","centimeters","2.71","kilograms","0.013","cubic meters","Standard-Size","1.0","0.0","0.013","2026-04","14.4","weeks","27.54","0.0","1.0","0.013","0.3572","0.0","EUR","0.3572","Others","N","N","0.0","--","0.0"
"B01DXYMBU6","X001VZSIFF","VIVOSUN Aktivkohlefilter 100mm/4 Inch, Kohlefilter zur Geruchskontrolle mit Australischer Aktivkohle für Rohrventilator, Growzelt & Gewächshaus, inkl. Vorfilter","'WRO2'","DE","34.29","19.7","19.2","centimeters","2.71","kilograms","0.013","cubic meters","Standard-Size","1.0","0.0","0.013","2026-04","14.4","weeks","27.54","0.0","1.0","0.013","0.3572","0.0","EUR","0.3572","Others","N","N","0.0","--","0.0"
"B08M3G5TH3","X001VZST45","VIVOSUN Aktivkohlefilter 100mm/4 Inch, Kohlefilter zur Geruchskontrolle mit Australischer Aktivkohle inkl. Vorfilter für Rohrventilator Growzelt Growbox Indoor, Schwarz","'WRO2'","DE","34.6","20.5","19.3","centimeters","2.68","kilograms","0.0137","cubic meters","Standard-Size","0.3","0.0","0.0041","2026-04","14.4","weeks","27.54","0.0","0.3","0.0041","0.1131","0.0","EUR","0.1131","Others","N","N","0.0","--","0.0"
"B0C6QJVMD1","X001WOK37V","VIVOSUN AeroZesh G6 Rohrventilator 150mm Abluftventilator mit EC-Motor Ventilator Growbox Rohrlüfter 660 m³/h mit PWM-Steuerung & E12-Geschwindigkeitsregler für Growzelt Growbox Indoorbelüftung","'WRO2'","DE","33.6","26.3","22.8","centimeters","3.31","kilograms","0.0201","cubic meters","Standard-Size","2.0","0.0","0.0403","2026-04","14.4","weeks","27.54","0.0","2.0","0.0403","1.1099","0.0","EUR","1.1099","Others","N","N","0.0","--","0.0"
"B0C2436JDR","X001WTEUMP","VIVOSUN 4er-Pack 1/8 Zoll Verstellbarer Seilaufhänger für Grow Light, Schwerlast-Aufhänger mit verstärkten Metallzahnrädern, Ratschenhaken für Rohrventilator, Filter und andere Grow Room-Produkte","'WRO2'","DE","15.1","14.6","4.2","centimeters","0.3","kilograms","9.0E-4","cubic meters","Standard-Size","78.23","0.0","0.0724","2026-04","14.4","weeks","27.54","0.0","76.8","0.0711","1.9952","0.0","EUR","1.9952","Others","N","N","0.0","--","0.0"
"B0BTM3RC2G","X001WTJDQX","VIVOSUN 2er-Pack 1/8 Zoll Verstellbarer Seilaufhänger für Grow Light, Schwerlast-Aufhänger mit verstärkten Metallzahnrädern, Ratschenhaken für Rohrventilator, Filter und andere Grow Room-Produkte","'WRO2'","DE","16.7","13.5","4.1","centimeters","0.16","kilograms","9.0E-4","cubic meters","Standard-Size","0.03","0.0","0.0","2026-04","14.4","weeks","27.54","0.0","0.03","0.0","8.0E-4","0.0","EUR","8.0E-4","Others","N","N","0.0","--","0.0"
"B0C2C8NP5D","X001YZNSF7","VIVOSUN Rohrventilator 150 mm Abluftventilator 688 m³/h Rohrlüfter mit E12-Geschwindigkeitsregler und EC-Motor 32dB Leiser Ventilator für Growzelte und Belüftungssysteme","'WRO2'","DE","35.6","28.1","25.7","centimeters","2.75","kilograms","0.0257","cubic meters","Standard-Size","0.47","0.0","0.012","2026-04","14.4","weeks","27.54","0.0","0.47","0.012","0.3304","0.0","EUR","0.3304","Others","N","N","0.0","--","0.0"
"B08228CNGT","X001Z5PF1L","VIVOSUN 3-in-1 Digitales pH-Meter mit ATC, ±0,1 pH Genauigkeit, Wasserqualitätsmesser, Messbereich 0-14 pH für Hydrokultur, Trinkwasser im Hause, Schwimmbäder und Aquarien","'WRO2'","DE","21.0","8.2","5.1","centimeters","0.17","kilograms","9.0E-4","cubic meters","Standard-Size","28.03","0.0","0.0237","2026-04","14.4","weeks","27.54","0.0","25.47","0.0224","0.6531","0.0","EUR","0.6531","Others","N","N","0.0242","FBA_NEW_SELECTION:0.0242","0.03"
"B088GVCMZH","X00220G4QX","VIVOSUN Gartenschere 3er-Set 16,5cm Pflanzenschere mit Titan-Antihaftbeschichtung, Ergonomischer Griff, Scharfe Gerade Klingen, Rosenschere für Äste, Blume Obst und Gemüse, Blau","'WRO2'","DE","22.5","8.5","4.5","centimeters","0.21","kilograms","9.0E-4","cubic meters","Standard-Size","77.0","0.0","0.0662","2026-04","14.4","weeks","27.54","0.0","76.93","0.0662","1.8236","0.0","EUR","1.8236","Others","N","N","0.0","--","0.07"
"B0C1Z462XW","X0022HA0MZ","VIVOSUN Temperatur- und Feuchtigkeitssensor, wasserdichte Edelstahl-Umweltüberwachungssonde für GrowHub-Controller E42/E42A, AeroLab THB1/THB1S, 3,6 m","'WRO2'","DE","19.6","12.5","2.1","centimeters","0.07","kilograms","5.0E-4","cubic meters","Standard-Size","1.0","0.0","0.0","2026-04","14.4","weeks","27.54","0.0","0.0","0.0","0.0","0.0","EUR","0.0","Others","N","N","0.0142","FBA_NEW_SELECTION:0.0142","0.0"
"B015F4VFGI","X0024R8AGB","VIVOSUN Digitaler Heizmatten-Thermostat-Controller, 5-42°C, 1000W für Reptilien, Setzlinge, Keimung, Inkubation und Fermentation","'WRO2'","DE","16.8","12.3","8.1","centimeters","0.48","kilograms","0.0017","cubic meters","Standard-Size","27.53","0.0","0.0461","2026-04","14.4","weeks","27.54","0.0","27.53","0.0461","1.2693","0.0","EUR","1.2693","Others","N","N","0.0","--","0.0"
"B0BZYVVKQB","X002611E9Z","VIVOSUN AeroWave E6 Gen2 Growzelt-Clip-Ventilator150 mm, EC-Motor Smarte WLAN-Steuerung,10-stufiger & 2 Modi, automatischer oszillierender Ventilator, Luftzirkulator für Growbox, Timer, IP54 2er-Pack","'WRO2'","DE","44.29","22.5","16.2","centimeters","2.02","kilograms","0.0161","cubic meters","Standard-Size","90.0","0.0","1.4519","2026-04","14.4","weeks","27.54","0.0","89.13","1.4389","39.9883","0.0","EUR","39.9883","Others","N","N","0.0","--","0.07"
"B0D8PQQWM3","X00276V1V5","VIVOSUN GrowCam C4 2K QHD WLAN Smart Kamera für Growzelt & Indoor Pflanzen, mit Zeitraffer, Nachtsicht, SD-Karten-Speicherung, Zwei-Wege-Audio, App-Steuerung, Kompatibel mit VGrow System","'WRO2'","DE","10.6","9.4","6.2","centimeters","0.28","kilograms","6.0E-4","cubic meters","Standard-Size","1.47","0.0","7.0E-4","2026-04","14.4","weeks","27.54","0.0","0.73","5.0E-4","0.0204","0.0","EUR","0.0204","Others","N","N","0.0","--","0.27"
"B07RBL1XJV","X002F0MTB9","VIVOSUN Grow Room Glasses 2 Stück LED-Schutzbrille UV-Augenbrille für Indoor, Growzelte, Gewächshaus und Hydroponik mit UVA/UVB-Schutz Inkl. Brillenetui, Unisex","'WRO2'","DE","18.1","17.5","6.5","centimeters","0.24","kilograms","0.0021","cubic meters","Standard-Size","0.2","0.0","4.0E-4","2026-04","14.4","weeks","27.54","0.0","0.07","1.0E-4","0.0113","0.0","EUR","0.0113","Others","N","N","0.0","--","0.0"
"B07WK3Q372","X001VJETI1","VIVOSUN Growzelt 150x80x200cm Grow Tent aus hochreflektierendes Mylar mit Sichtfenster und Bodenwanne für Hydroponik und Indoor-Anbau S538 Grow Zelt passend für VS2000/VSF4300","'XDEA'","DE","100.0","25.5","15.3","centimeters","11.98","kilograms","0.039","cubic meters","Oversize","75.93","0.0","2.9586","2026-04","20.5","weeks","21.78","0.0","75.07","2.9287","64.4392","0.0","EUR","64.4392","Others","N","N","0.0","--","0.1"
"B0CGHFFR4R","X0021LAP13","VIVOSUN PRO Growzelt 120x120x200cm Grow Tent mit Dicken 22mm Stangen 2000D Oxford-Gewebe hochreflektierendes Mylar Indoor Hydroponik Zuchtzelt Pflanzenzelt Gewächshaus passend für AeroLight A200SE×2","'XDEA'","DE","100.0","33.1","18.6","centimeters","20.52","kilograms","0.0616","cubic meters","Oversize","80.8","0.0","4.9725","2026-04","20.5","weeks","21.78","0.0","80.77","4.9725","108.3008","0.0","EUR","108.3008","Others","N","N","0.0","--","0.03"
"B0CGHDFN7T","X0021KYJI9","VIVOSUN PRO Growzelt 60x60x120cm Grow Tent mit Dicken 22mm Stangen 2000D Oxford-Gewebe hochreflektierendes Mylar Indoor Hydroponik Zuchtzelt Pflanzenzelt Gewächshaus passend für AeroLight A100","'XDEQ'","DE","66.04","33.02","16.51","centimeters","8.32","kilograms","0.036","cubic meters","Oversize","16.0","0.0","0.576","2026-04","20.5","weeks","21.78","0.0","16.0","0.576","12.5458","0.0","EUR","12.5458","Others","N","N","0.0","--","0.0"
"B0CGHJ3F21","X0021L4TZV","VIVOSUN PRO Growzelt 80x80x160cm Grow Tent mit Dicken 22mm Stangen 2000D Oxford-Gewebe hochreflektierendes Mylar Indoor Hydroponik Zuchtzelt Pflanzenzelt Gewächshaus passend für AeroLight A150","'XDEQ'","DE","85.0","32.4","18.6","centimeters","11.26","kilograms","0.0512","cubic meters","Oversize","65.4","0.0","3.3501","2026-04","20.5","weeks","21.78","0.0","65.4","3.3501","72.9626","0.0","EUR","72.9626","Others","N","N","0.0","--","0.0"
"B0CGHJG44R","X0021L5QML","VIVOSUN PRO Growzelt 90x90x180cm Grow Tent mit Dicken 22mm Stangen 2000D Oxford-Gewebe hochreflektierendes Mylar Indoor Hydroponik Zuchtzelt Pflanzenzelt Gewächshaus passend für AeroLight A200SE","'XDEQ'","DE","95.5","32.8","18.8","centimeters","14.82","kilograms","0.0589","cubic meters","Oversize","38.0","0.0","2.2378","2026-04","20.5","weeks","21.78","0.0","38.0","2.2378","48.7376","0.0","EUR","48.7376","Others","N","N","0.0","--","0.0"
"B0DCBLL6KN","X0026N85W7","VIVOSUN Kräuter-Decarboxylierungs- und Infusionsmaschine, botanischer Extraktor und Infuser zur Herstellung von Butter, Öl und Tinkturen, inklusive Rezepten und Zubehör","'XDEQ'","DE","39.2","27.1","26.7","centimeters","4.18","kilograms","0.0284","cubic meters","Oversize","1.4","0.0","0.0142","2026-04","20.5","weeks","21.78","0.0","0.0","0.0","0.3089","0.0","EUR","0.3089","Others","N","N","0.556","FBA_NEW_SELECTION:0.556","0.0"
"B0FB8MD9WM","X002BH0QWZ","VIVOSUN LumaLight 150W LED Pflanzenlampe, Vollspektrum Grow Lampe mit Hohem PPFD & Dimmfunktion, Intelligente Pflanzenbeleuchtung für Zimmerpflanzen, Anzucht, Gemüse & Blüte","'XDEQ'","DE","38.61","38.61","7.62","centimeters","2.86","kilograms","0.0114","cubic meters","Oversize","4.0","0.0","0.0454","2026-04","20.5","weeks","21.78","0.0","4.0","0.0454","0.9895","0.0","EUR","0.9895","Others","N","N","0.0","--","0.0"
"B0BY7PSQ69","X002F00YRF","VIVOSUN Smart Growzelt Komplettset 60x60x120cm, WLAN-integriertes automatisches Grow-System mit 100W Vollspektrum-LED-Pflanzenlampe und effizientem Belüftungssystem mit GrowHub E42A+ Controller","'XDEQ'","DE","75.8","37.9","37.9","centimeters","17.7","kilograms","0.1089","cubic meters","Oversize","0.03","0.0","0.0036","2026-04","20.5","weeks","21.78","0.0","0.0","0.0","0.079","0.0","EUR","0.079","Others","N","N","0.0","--","0.0"
"B0FSJ7DNWS","X002FA33A5","VIVOSUN VGrow DWC Hydroponik-System 15 L, Nur für VGrow Smart Grow Box, Nicht kompatibel mit E42A/E42A+, Nicht für Growzelt geeignet, Mit Luftpumpensteinen & Rapid Rooters","'XDEQ'","DE","49.0","49.0","29.01","centimeters","4.55","kilograms","0.0696","cubic meters","Oversize","19.8","0.0","1.3649","2026-04","20.5","weeks","21.78","0.0","19.23","1.3393","29.7258","0.0","EUR","29.7258","Others","N","N","0.0","--","0.2"
"B0B7WMNGD7","X002G79AVX","VIVOSUN 33 cm Bud Leaf Bowl Trimmer, manueller Spin-Cut-Ernteschneider mit transparenter Kuppel und Edelstahlklingen, Metallgetriebe inkl. Handschere, ideal für Indoor-Grow, Hydrokultur & Garten","'XDEQ'","DE","34.92","34.92","21.59","centimeters","3.24","kilograms","0.0263","cubic meters","Oversize","0.1","0.0","0.0","2026-04","20.5","weeks","21.78","0.0","0.0","0.0","0.0","0.0","EUR","0.0","Others","N","N","0.0574","FBA_NEW_SELECTION:0.0574","0.0"
"B0G4MB8J36","X002GNUGID","VIVOSUN High-CFM Stützstangen-Set für Growzelt, Heavy-Duty Querstreben, 100–150 cm verstellbar, hohe Tragkraft für 100×100, 120×60, 120×120 und 150×150 cm Zelte, 4er-Set","'XDEQ'","DE","78.74","30.48","17.78","centimeters","5.94","kilograms","0.0427","cubic meters","Oversize","0.37","0.0","0.0156","2026-04","20.5","weeks","21.78","0.0","0.03","0.0014","0.3408","0.0","EUR","0.3408","Others","N","N","0.0","--","0.0"
"B01DXYM98K","X001VJEKAX","VIVOSUN Growzelt 150x150x200cm lichtdichtes Indoor Hydroponik Zelt mit reflektierendem Mylar Sichtfenster Bodenwanne stabile Rahmenstruktur Pflanzenzelt Gewächshaus S558 Grow Tent passend für VSF6450","'XDEV'","DE","100.0","33.02","20.32","centimeters","17.01","kilograms","0.0671","cubic meters","Oversize","0.03","0.0","0.0022","2026-04","20.5","weeks","21.78","0.0","0.03","0.0022","0.0487","0.0","EUR","0.0487","Others","N","N","0.0","--","0.0"
"B0F13MDRZP","X002F00Z8X","VIVOSUN Smart Growzelt Komplettset 120x60x150cm, WLAN-integriertes automatisches Grow-System mit 200W Vollspektrum-LED-Pflanzenlampe und effizientem Belüftungssystem mit GrowHub E42A+ Controller","'XDEV'","DE","100.0","38.0","36.0","centimeters","22.0","kilograms","0.1368","cubic meters","Oversize","9.77","0.0","1.3361","2026-04","20.5","weeks","21.78","0.0","9.77","1.3361","29.1013","0.0","EUR","29.1013","Others","N","N","0.0","--","0.0"
"B01DXYM98K","X001VJEKAX","VIVOSUN Growzelt 150x150x200cm lichtdichtes Indoor Hydroponik Zelt mit reflektierendem Mylar Sichtfenster Bodenwanne stabile Rahmenstruktur Pflanzenzelt Gewächshaus S558 Grow Tent passend für VSF6450","'XDT1'","DE","100.0","33.02","20.32","centimeters","17.01","kilograms","0.0671","cubic meters","Oversize","1.87","0.53","0.0895","2026-04","20.5","weeks","21.78","0.0","1.33","0.0895","1.9476","0.0","EUR","1.9476","Others","N","N","0.0","--","0.0"
"B01DXYM98K","X001VJEKAX","VIVOSUN Growzelt 150x150x200cm lichtdichtes Indoor Hydroponik Zelt mit reflektierendem Mylar Sichtfenster Bodenwanne stabile Rahmenstruktur Pflanzenzelt Gewächshaus S558 Grow Tent passend für VSF6450","'XDT1'","DE","100.0","33.02","20.32","centimeters","17.01","kilograms","0.0671","cubic meters","Oversize","0.2","0.0","0.0134","2026-04","20.5","weeks","21.78","0.0","0.2","0.0134","0.2921","0.0","EUR","0.2921","Others","N","N","0.0","--","0.0"
"B01DXYMSMM","X001VJENEB","VIVOSUN Growzelt 240x120x200cm lichtdichtes Indoor Hydroponik Zelt mit reflektierendem Mylar Sichtfenster Bodenwanne stabile Rahmenstruktur Pflanzenzelt Gewächshaus S848 Growtent für VS4000/VSF4300","'XDT1'","DE","100.0","33.99","19.0","centimeters","21.0","kilograms","0.0646","cubic meters","Oversize","1.0","0.37","0.0409","2026-04","20.5","weeks","21.78","0.0","0.63","0.0409","0.8903","0.0","EUR","0.8903","Others","N","N","0.0","--","0.0"
"B09JRRJVSJ","X00247RW7J","VIVOSUN DWC Hydrokultur-Wachstumssystem, 1,7 l tiefe Wasserkultur, Umlufttropfsystem mit Mehrzweck-Luftschlauch, Luftpumpe und Luftstein (4 Eimer + Top Drip Kit)","'XDT3'","DE","66.04","34.59","33.2","centimeters","11.14","kilograms","0.0758","cubic meters","Oversize","1.03","0.0","0.0","2026-04","20.5","weeks","21.78","0.0","0.0","0.0","0.0","0.0","EUR","0.0","Others","N","N","1.707","FBA_NEW_SELECTION:1.707","0.0"
"B0DCBLL6KN","X0026N85W7","VIVOSUN Kräuter-Decarboxylierungs- und Infusionsmaschine, botanischer Extraktor und Infuser zur Herstellung von Butter, Öl und Tinkturen, inklusive Rezepten und Zubehör","'XDT3'","DE","39.2","27.1","26.7","centimeters","4.18","kilograms","0.0284","cubic meters","Oversize","2.0","0.0","0.0482","2026-04","20.5","weeks","21.78","0.0","0.0","0.0","1.0501","0.0","EUR","1.0501","Others","N","N","0.1853","FBA_NEW_SELECTION:0.1853","0.0"
"B07NLXH9TT","X002G6XBD7","VIVOSUN 48 cm Bud Leaf Bowl Trimmer, manueller Spin-Cut-Ernteschneider mit transparenter Kuppel und Edelstahlklingen, Metallgetriebe inkl. Handschere, ideal für Indoor-Grow, Hydrokultur & Garten","'XDT3'","DE","49.02","48.77","30.23","centimeters","7.08","kilograms","0.0723","cubic meters","Oversize","1.1","0.0","0.0","2026-04","20.5","weeks","21.78","0.0","0.0","0.0","0.0","0.0","EUR","0.0","Others","N","N","1.7312","FBA_NEW_SELECTION:1.7312","0.0"
"B0F13KF4H6","X002G6Y0ZZ","VIVOSUN Smart Growzelt Komplettset 80x80x160cm, WLAN-integriertes automatisches Grow-System mit 150W Vollspektrum-LED-Pflanzenlampe und effizientem Belüftungssystem mit GrowHub E42A+ Controller","'XDT3'","DE","87.0","52.0","32.0","centimeters","21.0","kilograms","0.1448","cubic meters","Oversize","1.87","0.0","0.2702","2026-04","20.5","weeks","21.78","0.0","1.33","0.193","5.8851","0.0","EUR","5.8851","Others","N","N","0.0","--","0.0"
"B07L8CZK73","X002G76FA7","VIVOSUN Bud Bowl-Trimmer 40 cm, manueller Spin-Cut-Ernteschneider mit transparenter Kuppel und Edelstahlklingen, Metallgetriebe inkl. Handschere, ideal für Indoor-Grow, Hydrokultur & Garten","'XDT3'","DE","44.45","42.67","28.7","centimeters","5.6","kilograms","0.0544","cubic meters","Oversize","2.27","0.0","0.0","2026-04","20.5","weeks","21.78","0.0","0.0","0.0","0.0","0.0","EUR","0.0","Others","N","N","2.6876","FBA_NEW_SELECTION:2.6876","0.0"
"B0B7WMNGD7","X002G79AVX","VIVOSUN 33 cm Bud Leaf Bowl Trimmer, manueller Spin-Cut-Ernteschneider mit transparenter Kuppel und Edelstahlklingen, Metallgetriebe inkl. Handschere, ideal für Indoor-Grow, Hydrokultur & Garten","'XDT3'","DE","34.92","34.92","21.59","centimeters","3.24","kilograms","0.0263","cubic meters","Oversize","1.9","0.0","0.0","2026-04","20.5","weeks","21.78","0.0","0.0","0.0","0.0","0.0","EUR","0.0","Others","N","N","1.0898","FBA_NEW_SELECTION:1.0898","0.0"
"B0G39FYBJ6","X002GGNVYB","VIVOSUN LumaLight 750W LED Pflanzenlampe, Vollspektrum Grow Lampe & Grow Light mit hoher PPFD, dimmbar, Starke Canopy-Durchdringung, LED Balkenlampe für Wachstum & Blüte im Growzelt 150x150 cm","'XDT3'","DE","100.0","66.04","10.16","centimeters","10.89","kilograms","0.0671","cubic meters","Oversize","1.17","0.0","0.0","2026-04","20.5","weeks","21.78","0.0","0.0","0.0","0.0","0.0","EUR","0.0","Others","N","N","1.7049","FBA_NEW_SELECTION:1.7049","0.0"
"B0G39GHRRP","X002GGUP8B","VIVOSUN LumaLight 320W LED Pflanzenlampe, Vollspektrum Grow Lampe & Grow Light mit hoher PPFD, dimmbar, Starke Canopy-Durchdringung, LED Balkenlampe für Wachstum & Blüte im Growzelt 90x90 cm","'XDT3'","DE","76.2","76.2","10.16","centimeters","0.64","kilograms","0.059","cubic meters","Oversize","1.3","0.0","0.0","2026-04","20.5","weeks","21.78","0.0","0.0","0.0","0.0","0.0","EUR","0.0","Others","N","N","1.6703","FBA_NEW_SELECTION:1.6703","0.0"
"B0G4MB8J36","X002GNUGID","VIVOSUN High-CFM Stützstangen-Set für Growzelt, Heavy-Duty Querstreben, 100–150 cm verstellbar, hohe Tragkraft für 100×100, 120×60, 120×120 und 150×150 cm Zelte, 4er-Set","'XDT3'","DE","78.74","30.48","17.78","centimeters","5.94","kilograms","0.0427","cubic meters","Oversize","14.5","0.0","0.6187","2026-04","20.5","weeks","21.78","0.0","0.0","0.0","13.4748","0.0","EUR","13.4748","Others","N","N","0.0","--","0.0"
"B0G6WLR947","X002GZ65Y5","VIVOSUN T5 Pflanzenlampe LED 60 cm, 5000K Vollspektrum Grow Light 60W (4 x 15W) mit Timer & Dimmer, Pflanzenlicht für Anzucht, Hydroponik & Indoor Pflanzen, SGS kompatibel, erweiterbar, 4er Set","'XDT3'","DE","59.0","9.0","6.0","centimeters","0.86","kilograms","0.0032","cubic meters","Oversize","1.33","0.0","0.0","2026-04","20.5","weeks","21.78","0.0","0.0","0.0","0.0","0.0","EUR","0.0","Others","N","N","0.0925","FBA_NEW_SELECTION:0.0925","0.0"
"B01731MNJE","X001VH92Y9","Vivosun SS44 Wachstumszelt Grow Tent 20x20x80cm für Hydrokulturen, LED VS500/VSF80","'XDU5'","DE","100.0","26.5","17.5","centimeters","13.47","kilograms","0.0464","cubic meters","Oversize","3.87","3.47","0.0185","2026-04","20.5","weeks","21.78","0.0","0.4","0.0185","0.404","0.0","EUR","0.404","Others","N","N","0.0","--","0.0"
"B01DXYMQ9M","X001VHE5Z5","VIVOSUN Growzelt 120x60x150cm lichtdichtes Indoor Hydroponik Zelt mit reflektierendem Mylar Sichtfenster Bodenwanne stabile Rahmenstruktur Pflanzenzelt Gewächshaus S425 Growtent für VS2000","'XDU5'","DE","100.0","25.0","13.0","centimeters","8.92","kilograms","0.0325","cubic meters","Oversize","12.2","2.33","0.3207","2026-04","20.5","weeks","21.78","0.0","9.87","0.3207","6.9844","0.0","EUR","6.9844","Others","N","N","0.0","--","0.0"
"B01DXYMQ9M","X001VHE5Z5","VIVOSUN Growzelt 120x60x150cm lichtdichtes Indoor Hydroponik Zelt mit reflektierendem Mylar Sichtfenster Bodenwanne stabile Rahmenstruktur Pflanzenzelt Gewächshaus S425 Growtent für VS2000","'XDU5'","DE","100.0","25.0","13.0","centimeters","8.92","kilograms","0.0325","cubic meters","Oversize","3.0","0.47","0.0823","2026-04","20.5","weeks","21.78","0.0","2.53","0.0823","1.7933","0.0","EUR","1.7933","Others","N","N","0.0","--","0.0"
"B01DXYM98K","X001VJEKAX","VIVOSUN Growzelt 150x150x200cm lichtdichtes Indoor Hydroponik Zelt mit reflektierendem Mylar Sichtfenster Bodenwanne stabile Rahmenstruktur Pflanzenzelt Gewächshaus S558 Grow Tent passend für VSF6450","'XDU5'","DE","100.0","33.02","20.32","centimeters","17.01","kilograms","0.0671","cubic meters","Oversize","0.2","0.0","0.0134","2026-04","20.5","weeks","21.78","0.0","0.2","0.0134","0.2923","0.0","EUR","0.2923","Others","N","N","0.0","--","0.0"
"B07WK3Q372","X001VJETI1","VIVOSUN Growzelt 150x80x200cm Grow Tent aus hochreflektierendes Mylar mit Sichtfenster und Bodenwanne für Hydroponik und Indoor-Anbau S538 Grow Zelt passend für VS2000/VSF4300","'XDU5'","DE","100.0","25.5","15.3","centimeters","11.98","kilograms","0.039","cubic meters","Oversize","5.0","1.8","0.1248","2026-04","20.5","weeks","21.78","0.0","3.2","0.1248","2.7193","0.0","EUR","2.7193","Others","N","N","0.0","--","0.0"
"B07WK3Q372","X001VJETI1","VIVOSUN Growzelt 150x80x200cm Grow Tent aus hochreflektierendes Mylar mit Sichtfenster und Bodenwanne für Hydroponik und Indoor-Anbau S538 Grow Zelt passend für VS2000/VSF4300","'XDU5'","DE","100.0","25.5","15.3","centimeters","11.98","kilograms","0.039","cubic meters","Oversize","1.0","0.33","0.026","2026-04","20.5","weeks","21.78","0.0","0.67","0.026","0.5665","0.0","EUR","0.5665","Others","N","N","0.0","--","0.0"
"B0BKPVFBKY","X001WU9STJ","VIVOSUN LED Grow Lampe 100W Vollspektrum Pflanzenlampe mit Integriertem Zirkulationsventilator Grow Light Kompatibel mit App, Verwendbar mit E42A+/E25 AeroLight A100SE für 90x90cm Growzelt","'XDU5'","DE","40.2","34.4","8.4","centimeters","2.73","kilograms","0.0116","cubic meters","Oversize","15.73","0.0","0.1824","2026-04","20.5","weeks","21.78","0.0","15.7","0.1824","3.9723","0.0","EUR","3.9723","Others","N","N","0.0","--","0.03"
"B0CBRQW2KW","X001YZQ7SH","VIVOSUN Rohrventilator 200mm Abluftventilator 1232m³/h mit E12-Geschwindigkeitsregler Kohlefilter & 240cm Luftkanal AeroZesh G8 Abluftset Kühl- und Belüftungssystem für Growzelt","'XDU5'","DE","71.12","58.42","31.75","centimeters","15.83","kilograms","0.1319","cubic meters","Oversize","1.0","0.0","0.1319","2026-04","20.5","weeks","21.78","0.0","1.0","0.1319","2.8732","0.0","EUR","2.8732","Others","N","N","0.0","--","0.0"
"B0CGHDFN7T","X0021KYJI9","VIVOSUN PRO Growzelt 60x60x120cm Grow Tent mit Dicken 22mm Stangen 2000D Oxford-Gewebe hochreflektierendes Mylar Indoor Hydroponik Zuchtzelt Pflanzenzelt Gewächshaus passend für AeroLight A100","'XDU5'","DE","66.04","33.02","16.51","centimeters","8.32","kilograms","0.036","cubic meters","Oversize","4.0","0.0","0.144","2026-04","20.5","weeks","21.78","0.0","4.0","0.144","3.1367","0.0","EUR","3.1367","Others","N","N","0.0","--","0.0"
"B0CGHKN4TV","X0021L2AV1","VIVOSUN PRO Growzelt 120x60x180cm Grow Tent mit Dicken 22mm Stangen 2000D Oxford-Gewebe hochreflektierendes Mylar Indoor Hydroponik Zuchtzelt Pflanzenzelt Gewächshaus passend für AeroLight A200SE","'XDU5'","DE","100.0","33.02","15.24","centimeters","14.0","kilograms","0.0503","cubic meters","Oversize","1.0","0.37","0.0319","2026-04","20.5","weeks","21.78","0.0","0.63","0.0319","0.6942","0.0","EUR","0.6942","Others","N","N","0.0","--","0.0"
"B0CGHJ3F21","X0021L4TZV","VIVOSUN PRO Growzelt 80x80x160cm Grow Tent mit Dicken 22mm Stangen 2000D Oxford-Gewebe hochreflektierendes Mylar Indoor Hydroponik Zuchtzelt Pflanzenzelt Gewächshaus passend für AeroLight A150","'XDU5'","DE","85.0","32.4","18.6","centimeters","11.26","kilograms","0.0512","cubic meters","Oversize","6.0","0.0","0.3056","2026-04","20.5","weeks","21.78","0.0","5.97","0.3056","6.6571","0.0","EUR","6.6571","Others","N","N","0.0","--","0.03"
"B0CGHJG44R","X0021L5QML","VIVOSUN PRO Growzelt 90x90x180cm Grow Tent mit Dicken 22mm Stangen 2000D Oxford-Gewebe hochreflektierendes Mylar Indoor Hydroponik Zuchtzelt Pflanzenzelt Gewächshaus passend für AeroLight A200SE","'XDU5'","DE","95.5","32.8","18.8","centimeters","14.82","kilograms","0.0589","cubic meters","Oversize","2.7","0.0","0.159","2026-04","20.5","weeks","21.78","0.0","2.7","0.159","3.4632","0.0","EUR","3.4632","Others","N","N","0.0","--","0.0"
"B0DCBLL6KN","X0026N85W7","VIVOSUN Kräuter-Decarboxylierungs- und Infusionsmaschine, botanischer Extraktor und Infuser zur Herstellung von Butter, Öl und Tinkturen, inklusive Rezepten und Zubehör","'XDU5'","DE","39.2","27.1","26.7","centimeters","4.18","kilograms","0.0284","cubic meters","Oversize","0.27","0.0","0.0076","2026-04","20.5","weeks","21.78","0.0","0.0","0.0","0.1647","0.0","EUR","0.1647","Others","N","N","0.0","--","0.0"
"B0FB8MD9WM","X002BH0QWZ","VIVOSUN LumaLight 150W LED Pflanzenlampe, Vollspektrum Grow Lampe mit Hohem PPFD & Dimmfunktion, Intelligente Pflanzenbeleuchtung für Zimmerpflanzen, Anzucht, Gemüse & Blüte","'XDU5'","DE","38.61","38.61","7.62","centimeters","2.86","kilograms","0.0114","cubic meters","Oversize","4.2","0.0","0.0473","2026-04","20.5","weeks","21.78","0.0","4.17","0.0473","1.0308","0.0","EUR","1.0308","Others","N","N","0.0","--","0.03"
"B0CBRSM7H7","X002CU6GJ3","VIVOSUN Smart Rohrventilator 100mm/Abluftset AeroZesh G4 mit GrowHub E42A+, Temperatur- & Feuchtigkeitsregler, WiFi/App-Fernsteuerung, Aktivkohlefilter und Schlauch für Growzelte und Hydrokultur","'XDU5'","DE","57.58","35.99","23.09","centimeters","7.02","kilograms","0.0479","cubic meters","Oversize","18.4","0.0","0.8741","2026-04","20.5","weeks","21.78","0.0","17.27","0.8262","19.038","0.0","EUR","19.038","Others","N","N","0.0","--","0.13"
"B0CBRPS1N8","X002CUF3G5","VIVOSUN Smart Rohrventilator 150mm AeroZesh G6 Abluftset 660m³/h mit GrowHub E42A+, Temperatur- und Feuchtigkeitsregler, WiFi/App-Fernsteuerung, Aktivkohlefilter und Schlauch für Growzelt Hydroponik","'XDU5'","DE","93.0","27.0","26.0","centimeters","10.06","kilograms","0.0653","cubic meters","Oversize","5.2","0.0","0.333","2026-04","20.5","weeks","21.78","0.0","5.1","0.333","7.2521","0.0","EUR","7.2521","Others","N","N","0.0","--","0.1"
"B0CBPHLMKY","X002CUF513","VIVOSUN Smart Rohrventilator 100mm/Abluftset AeroZesh T4 Pro mit GrowHub E42A+, Temperatur- & Feuchtigkeitsregler, WiFi/App-Fernsteuerung mit Aktivkohlefilter, Abluftschlauch für Growzelte Hydroponik","'XDU5'","DE","57.6","35.6","21.6","centimeters","6.84","kilograms","0.0443","cubic meters","Oversize","3.57","0.0","0.158","2026-04","20.5","weeks","21.78","0.0","2.47","0.1093","3.4408","0.0","EUR","3.4408","Others","N","N","0.0","--","0.0"
"B0FSJ7DNWS","X002FA33A5","VIVOSUN VGrow DWC Hydroponik-System 15 L, Nur für VGrow Smart Grow Box, Nicht kompatibel mit E42A/E42A+, Nicht für Growzelt geeignet, Mit Luftpumpensteinen & Rapid Rooters","'XDU5'","DE","49.0","49.0","29.01","centimeters","4.55","kilograms","0.0696","cubic meters","Oversize","0.63","0.0","0.0418","2026-04","20.5","weeks","21.78","0.0","0.03","0.0023","0.91","0.0","EUR","0.91","Others","N","N","0.0","--","0.03"
"B0F13KF4H6","X002G6Y0ZZ","VIVOSUN Smart Growzelt Komplettset 80x80x160cm, WLAN-integriertes automatisches Grow-System mit 150W Vollspektrum-LED-Pflanzenlampe und effizientem Belüftungssystem mit GrowHub E42A+ Controller","'XDU5'","DE","87.0","52.0","32.0","centimeters","21.0","kilograms","0.1448","cubic meters","Oversize","1.0","0.0","0.1206","2026-04","20.5","weeks","21.78","0.0","0.83","0.1206","2.6276","0.0","EUR","2.6276","Others","N","N","0.0","--","0.17"
"B07L8CZK73","X002G76FA7","VIVOSUN Bud Bowl-Trimmer 40 cm, manueller Spin-Cut-Ernteschneider mit transparenter Kuppel und Edelstahlklingen, Metallgetriebe inkl. Handschere, ideal für Indoor-Grow, Hydrokultur & Garten","'XDU5'","DE","44.45","42.67","28.7","centimeters","5.6","kilograms","0.0544","cubic meters","Oversize","0.13","0.0","0.0","2026-04","20.5","weeks","21.78","0.0","0.0","0.0","0.0","0.0","EUR","0.0","Others","N","N","0.1581","FBA_NEW_SELECTION:0.1581","0.0"
"B0B7WMNGD7","X002G79AVX","VIVOSUN 33 cm Bud Leaf Bowl Trimmer, manueller Spin-Cut-Ernteschneider mit transparenter Kuppel und Edelstahlklingen, Metallgetriebe inkl. Handschere, ideal für Indoor-Grow, Hydrokultur & Garten","'XDU5'","DE","34.92","34.92","21.59","centimeters","3.24","kilograms","0.0263","cubic meters","Oversize","0.13","0.0","0.0","2026-04","20.5","weeks","21.78","0.0","0.0","0.0","0.0","0.0","EUR","0.0","Others","N","N","0.0765","FBA_NEW_SELECTION:0.0765","0.0"
"B0G39GHRRP","X002GGUP8B","VIVOSUN LumaLight 320W LED Pflanzenlampe, Vollspektrum Grow Lampe & Grow Light mit hoher PPFD, dimmbar, Starke Canopy-Durchdringung, LED Balkenlampe für Wachstum & Blüte im Growzelt 90x90 cm","'XDU5'","DE","76.2","76.2","10.16","centimeters","0.64","kilograms","0.059","cubic meters","Oversize","0.03","0.0","0.0","2026-04","20.5","weeks","21.78","0.0","0.0","0.0","0.0","0.0","EUR","0.0","Others","N","N","0.0428","FBA_NEW_SELECTION:0.0428","0.0"
"B0G4MB8J36","X002GNUGID","VIVOSUN High-CFM Stützstangen-Set für Growzelt, Heavy-Duty Querstreben, 100–150 cm verstellbar, hohe Tragkraft für 100×100, 120×60, 120×120 und 150×150 cm Zelte, 4er-Set","'XDU5'","DE","78.74","30.48","17.78","centimeters","5.94","kilograms","0.0427","cubic meters","Oversize","1.0","0.0","0.0427","2026-04","20.5","weeks","21.78","0.0","0.0","0.0","0.9294","0.0","EUR","0.9294","Others","N","N","0.0","--","0.0"
"B0FB8RK4X1","X002BGZ2XJ","VIVOSUN Grow Lampe100W LED Pflanzenlampe, Vollspektrum Lumalight Lampe mit Hohem PPFD & Dimmfunktion, Intelligente Pflanzenbeleuchtung für Zimmerpflanzen, Growzelt, Gemüse & Blüte","'XDU8'","DE","36.61","35.59","9.79","centimeters","2.91","kilograms","0.0128","cubic meters","Oversize","24.0","0.0","0.3061","2026-04","20.5","weeks","21.78","0.0","24.0","0.3061","6.67","0.0","EUR","6.67","Others","N","N","0.0","--","0.0"
"B09JRRJVSJ","X00247RW7J","VIVOSUN DWC Hydrokultur-Wachstumssystem, 1,7 l tiefe Wasserkultur, Umlufttropfsystem mit Mehrzweck-Luftschlauch, Luftpumpe und Luftstein (4 Eimer + Top Drip Kit)","'XFR9'","DE","66.04","34.59","33.2","centimeters","11.14","kilograms","0.0758","cubic meters","Oversize","0.23","0.0","0.0","2026-04","20.5","weeks","21.78","0.0","0.0","0.0","0.0","0.0","EUR","0.0","Others","N","N","0.3854","FBA_NEW_SELECTION:0.3854","0.0"
"B07NLXH9TT","X002G6XBD7","VIVOSUN 48 cm Bud Leaf Bowl Trimmer, manueller Spin-Cut-Ernteschneider mit transparenter Kuppel und Edelstahlklingen, Metallgetriebe inkl. Handschere, ideal für Indoor-Grow, Hydrokultur & Garten","'XFR9'","DE","49.02","48.77","30.23","centimeters","7.08","kilograms","0.0723","cubic meters","Oversize","0.2","0.0","0.0","2026-04","20.5","weeks","21.78","0.0","0.0","0.0","0.0","0.0","EUR","0.0","Others","N","N","0.3148","FBA_NEW_SELECTION:0.3148","0.0"
"B0F13KF4H6","X002G6Y0ZZ","VIVOSUN Smart Growzelt Komplettset 80x80x160cm, WLAN-integriertes automatisches Grow-System mit 150W Vollspektrum-LED-Pflanzenlampe und effizientem Belüftungssystem mit GrowHub E42A+ Controller","'XFR9'","DE","87.0","52.0","32.0","centimeters","21.0","kilograms","0.1448","cubic meters","Oversize","0.2","0.0","0.029","2026-04","20.5","weeks","21.78","0.0","0.2","0.029","0.63","0.0","EUR","0.63","Others","N","N","0.0","--","0.0"
"B07L8CZK73","X002G76FA7","VIVOSUN Bud Bowl-Trimmer 40 cm, manueller Spin-Cut-Ernteschneider mit transparenter Kuppel und Edelstahlklingen, Metallgetriebe inkl. Handschere, ideal für Indoor-Grow, Hydrokultur & Garten","'XFR9'","DE","44.45","42.67","28.7","centimeters","5.6","kilograms","0.0544","cubic meters","Oversize","0.23","0.0","0.0","2026-04","20.5","weeks","21.78","0.0","0.0","0.0","0.0","0.0","EUR","0.0","Others","N","N","0.2767","FBA_NEW_SELECTION:0.2767","0.0"
"B01DXYM98K","X001VJEKAX","VIVOSUN Growzelt 150x150x200cm lichtdichtes Indoor Hydroponik Zelt mit reflektierendem Mylar Sichtfenster Bodenwanne stabile Rahmenstruktur Pflanzenzelt Gewächshaus S558 Grow Tent passend für VSF6450","'XGEB'","DE","100.0","33.02","20.32","centimeters","17.01","kilograms","0.0671","cubic meters","Oversize","28.73","0.0","1.8608","2026-04","20.5","weeks","21.78","0.0","27.17","1.8228","40.53","0.0","EUR","40.53","Others","N","N","0.0","--","1.0"
"B01DXYMBU6","X001VZSIFF","VIVOSUN Aktivkohlefilter 100mm/4 Inch, Kohlefilter zur Geruchskontrolle mit Australischer Aktivkohle für Rohrventilator, Growzelt & Gewächshaus, inkl. Vorfilter","'XLE1'","DE","34.29","19.7","19.2","centimeters","2.71","kilograms","0.013","cubic meters","Standard-Size","45.67","0.0","0.5923","2026-04","14.4","weeks","27.54","0.0","45.67","0.5923","16.3115","0.0","EUR","16.3115","Others","N","N","0.0","--","0.0"
"B08M3G5TH3","X001VZST45","VIVOSUN Aktivkohlefilter 100mm/4 Inch, Kohlefilter zur Geruchskontrolle mit Australischer Aktivkohle inkl. Vorfilter für Rohrventilator Growzelt Growbox Indoor, Schwarz","'XLE1'","DE","34.6","20.5","19.3","centimeters","2.68","kilograms","0.0137","cubic meters","Standard-Size","23.03","0.0","0.3153","2026-04","14.4","weeks","27.54","0.0","23.03","0.3153","8.6837","0.0","EUR","8.6837","Others","N","N","0.0","--","0.0"
"B0C6QK97P2","X002CUEXZ7","VIVOSUN Rohrventilator 100mm Abluftventilator 330m³/h AeroZesh G4 mit EC-Motor und GrowHub E42A+, VPD-Regler, WiFi/App-Fernsteuerung Ventilator Growbox Rohrlüfter für Kühlung, Growzelte, Hydroponik","'XLE1'","DE","32.29","24.6","19.8","centimeters","2.85","kilograms","0.0157","cubic meters","Standard-Size","38.27","0.0","0.6019","2026-04","14.4","weeks","27.54","0.0","38.27","0.6019","16.5748","0.0","EUR","16.5748","Others","N","N","0.0","--","0.0"
"B08GPTLSZH","X0020YXKEP","VIVOSUN VS4000 LED Grow Lampe, Vollspektrum Pflanzenlampe mit Samsung LM301 Dioden und Treiber, dimmbar und IP65 Wachstumslampe für Sämling, Gemüse, Blüte, geeignet für 120x120cm/150x150 cm Growzelt","'XPO1'","DE","67.5","67.0","13.4","centimeters","10.49","kilograms","0.0606","cubic meters","Oversize","0.37","0.0","0.0222","2026-04","20.5","weeks","21.78","0.0","0.37","0.0222","0.4838","0.0","EUR","0.4838","Others","N","N","0.0","--","0.0"
"B0CGHJ3F21","X0021L4TZV","VIVOSUN PRO Growzelt 80x80x160cm Grow Tent mit Dicken 22mm Stangen 2000D Oxford-Gewebe hochreflektierendes Mylar Indoor Hydroponik Zuchtzelt Pflanzenzelt Gewächshaus passend für AeroLight A150","'XPO1'","DE","85.0","32.4","18.6","centimeters","11.26","kilograms","0.0512","cubic meters","Oversize","2.3","0.0","0.1178","2026-04","20.5","weeks","21.78","0.0","2.3","0.1178","2.5649","0.0","EUR","2.5649","Others","N","N","0.0","--","0.0"
"B0CGHJG44R","X0021L5QML","VIVOSUN PRO Growzelt 90x90x180cm Grow Tent mit Dicken 22mm Stangen 2000D Oxford-Gewebe hochreflektierendes Mylar Indoor Hydroponik Zuchtzelt Pflanzenzelt Gewächshaus passend für AeroLight A200SE","'XPO1'","DE","95.5","32.8","18.8","centimeters","14.82","kilograms","0.0589","cubic meters","Oversize","1.47","0.0","0.0864","2026-04","20.5","weeks","21.78","0.0","1.47","0.0864","1.8804","0.0","EUR","1.8804","Others","N","N","0.0","--","0.0"
"B0FB8RK4X1","X002BGZ2XJ","VIVOSUN Grow Lampe100W LED Pflanzenlampe, Vollspektrum Lumalight Lampe mit Hohem PPFD & Dimmfunktion, Intelligente Pflanzenbeleuchtung für Zimmerpflanzen, Growzelt, Gemüse & Blüte","'XPO1'","DE","36.61","35.59","9.79","centimeters","2.91","kilograms","0.0128","cubic meters","Oversize","2.2","0.0","0.0281","2026-04","20.5","weeks","21.78","0.0","2.1","0.0268","0.611","0.0","EUR","0.611","Others","N","N","0.0","--","0.0"
"B01731MNJE","X001VH92Y9","Vivosun SS44 Wachstumszelt Grow Tent 20x20x80cm für Hydrokulturen, LED VS500/VSF80","'XWR3'","DE","100.0","26.5","17.5","centimeters","13.47","kilograms","0.0464","cubic meters","Oversize","4.6","0.73","0.1793","2026-04","20.5","weeks","21.78","0.0","3.87","0.1793","3.9056","0.0","EUR","3.9056","Others","N","N","0.0","--","0.0"
"B01DXYMQ9M","X001VHE5Z5","VIVOSUN Growzelt 120x60x150cm lichtdichtes Indoor Hydroponik Zelt mit reflektierendem Mylar Sichtfenster Bodenwanne stabile Rahmenstruktur Pflanzenzelt Gewächshaus S425 Growtent für VS2000","'XWR3'","DE","100.0","25.0","13.0","centimeters","8.92","kilograms","0.0325","cubic meters","Oversize","0.7","0.17","0.0173","2026-04","20.5","weeks","21.78","0.0","0.53","0.0173","0.3775","0.0","EUR","0.3775","Others","N","N","0.0","--","0.0"
"B01DXYMQ9M","X001VHE5Z5","VIVOSUN Growzelt 120x60x150cm lichtdichtes Indoor Hydroponik Zelt mit reflektierendem Mylar Sichtfenster Bodenwanne stabile Rahmenstruktur Pflanzenzelt Gewächshaus S425 Growtent für VS2000","'XWR3'","DE","100.0","25.0","13.0","centimeters","8.92","kilograms","0.0325","cubic meters","Oversize","0.23","0.0","0.0076","2026-04","20.5","weeks","21.78","0.0","0.23","0.0076","0.1652","0.0","EUR","0.1652","Others","N","N","0.0","--","0.0"
"B07WK3Q372","X001VJETI1","VIVOSUN Growzelt 150x80x200cm Grow Tent aus hochreflektierendes Mylar mit Sichtfenster und Bodenwanne für Hydroponik und Indoor-Anbau S538 Grow Zelt passend für VS2000/VSF4300","'XWR3'","DE","100.0","25.5","15.3","centimeters","11.98","kilograms","0.039","cubic meters","Oversize","0.1","0.03","0.0026","2026-04","20.5","weeks","21.78","0.0","0.07","0.0026","0.0567","0.0","EUR","0.0567","Others","N","N","0.0","--","0.0"
"B07WK3Q372","X001VJETI1","VIVOSUN Growzelt 150x80x200cm Grow Tent aus hochreflektierendes Mylar mit Sichtfenster und Bodenwanne für Hydroponik und Indoor-Anbau S538 Grow Zelt passend für VS2000/VSF4300","'XWR3'","DE","100.0","25.5","15.3","centimeters","11.98","kilograms","0.039","cubic meters","Oversize","0.27","0.03","0.0091","2026-04","20.5","weeks","21.78","0.0","0.23","0.0091","0.1983","0.0","EUR","0.1983","Others","N","N","0.0","--","0.0"
"B0C2C97QWM","X0020FVYJH","VIVOSUN Smart Grow System mit Grow Lampe100W LED Pflanzenlampe mit integriertem Zirkulationsventilator, Rohrventilator 100 mm & GrowHub E42A Controller für Growbox Komplettsets, Indoor-Grow Hydroponik","'XWR3'","DE","43.4","37.0","30.5","centimeters","6.07","kilograms","0.049","cubic meters","Oversize","7.73","0.0","0.3722","2026-04","20.5","weeks","21.78","0.0","7.6","0.3722","8.1073","0.0","EUR","8.1073","Others","N","N","0.0","--","0.13"
"B0CGHJG44R","X0021L5QML","VIVOSUN PRO Growzelt 90x90x180cm Grow Tent mit Dicken 22mm Stangen 2000D Oxford-Gewebe hochreflektierendes Mylar Indoor Hydroponik Zuchtzelt Pflanzenzelt Gewächshaus passend für AeroLight A200SE","'XWR3'","DE","95.5","32.8","18.8","centimeters","14.82","kilograms","0.0589","cubic meters","Oversize","38.57","0.0","2.2712","2026-04","20.5","weeks","21.78","0.0","38.57","2.2712","49.4673","0.0","EUR","49.4673","Others","N","N","0.0","--","0.0"
"B0F5HCQ7K1","X002BS027N","VIVOSUN LumaRay Under Canopy Grow Lampe, Vollspektrum Dimmbares LED Pflanzenlampe für Growzelte und Gewächshäuser, SGS Kompatibel, 100W, 1er Pack, 1m","'XWR3'","DE","100.0","12.7","9.91","centimeters","2.88","kilograms","0.0126","cubic meters","Oversize","0.17","0.13","4.0E-4","2026-04","20.5","weeks","21.78","0.0","0.03","4.0E-4","0.0091","0.0","EUR","0.0091","Others","N","N","0.0","--","0.0"
"B0CBRPS1N8","X002CUF3G5","VIVOSUN Smart Rohrventilator 150mm AeroZesh G6 Abluftset 660m³/h mit GrowHub E42A+, Temperatur- und Feuchtigkeitsregler, WiFi/App-Fernsteuerung, Aktivkohlefilter und Schlauch für Growzelt Hydroponik","'XWR3'","DE","93.0","27.0","26.0","centimeters","10.06","kilograms","0.0653","cubic meters","Oversize","0.33","0.0","0.0218","2026-04","20.5","weeks","21.78","0.0","0.33","0.0218","0.474","0.0","EUR","0.474","Others","N","N","0.0","--","0.0"
"B0BY7PSQ69","X002F00YRF","VIVOSUN Smart Growzelt Komplettset 60x60x120cm, WLAN-integriertes automatisches Grow-System mit 100W Vollspektrum-LED-Pflanzenlampe und effizientem Belüftungssystem mit GrowHub E42A+ Controller","'XWR3'","DE","75.8","37.9","37.9","centimeters","17.7","kilograms","0.1089","cubic meters","Oversize","0.03","0.0","0.0036","2026-04","20.5","weeks","21.78","0.0","0.03","0.0036","0.079","0.0","EUR","0.079","Others","N","N","0.0","--","0.0"
"B08M3G5TH3","X001VZST45","VIVOSUN Aktivkohlefilter 100mm/4 Inch, Kohlefilter zur Geruchskontrolle mit Australischer Aktivkohle inkl. Vorfilter für Rohrventilator Growzelt Growbox Indoor, Schwarz","'XWR4'","DE","34.6","20.5","19.3","centimeters","2.68","kilograms","0.0137","cubic meters","Standard-Size","4.73","0.0","0.0648","2026-04","14.4","weeks","27.54","0.0","4.73","0.0648","1.786","0.0","EUR","1.786","Others","N","N","0.0","--","0.0"
"B0C6QK97P2","X002CUEXZ7","VIVOSUN Rohrventilator 100mm Abluftventilator 330m³/h AeroZesh G4 mit EC-Motor und GrowHub E42A+, VPD-Regler, WiFi/App-Fernsteuerung Ventilator Growbox Rohrlüfter für Kühlung, Growzelte, Hydroponik","'XWR4'","DE","32.29","24.6","19.8","centimeters","2.85","kilograms","0.0157","cubic meters","Standard-Size","4.0","0.0","0.0629","2026-04","14.4","weeks","27.54","0.0","3.23","0.0509","1.734","0.0","EUR","1.734","Others","N","N","0.0","--","0.0"
"B01DXYMBU6","X001VZSIFF","VIVOSUN Aktivkohlefilter 100mm/4 Inch, Kohlefilter zur Geruchskontrolle mit Australischer Aktivkohle für Rohrventilator, Growzelt & Gewächshaus, inkl. Vorfilter","'XWR6'","DE","34.29","19.7","19.2","centimeters","2.71","kilograms","0.013","cubic meters","Standard-Size","7.17","0.0","0.093","2026-04","14.4","weeks","27.54","0.0","6.37","0.0826","2.5573","0.0","EUR","2.5573","Others","N","N","0.0","--","0.0"
"B08M3G5TH3","X001VZST45","VIVOSUN Aktivkohlefilter 100mm/4 Inch, Kohlefilter zur Geruchskontrolle mit Australischer Aktivkohle inkl. Vorfilter für Rohrventilator Growzelt Growbox Indoor, Schwarz","'XWR6'","DE","34.6","20.5","19.3","centimeters","2.68","kilograms","0.0137","cubic meters","Standard-Size","3.17","0.0","0.0434","2026-04","14.4","weeks","27.54","0.0","2.7","0.037","1.1927","0.0","EUR","1.1927","Others","N","N","0.0","--","0.0"
"B08M3G5TH3","X001VZST45","VIVOSUN Filtre à Charbon Actif 100mm pour Contrôle Odeurs Charbon Vierge d'Australie pour Ventilateur en Ligne, Epurateur Odeurs pour Tente de Culture Pré-Filtre Inclus Bride Réversible Noir","'BVA1'","FR","34.6","20.5","19.3","centimeters","2.68","kilograms","0.0137","cubic meters","Standard-Size","0.9","0.0","0.0046","2026-04","14.4","weeks","27.54","0.0","0.33","0.0046","0.1256","0.0","EUR","0.1256","Others","N","N","0.0","--","0.57"
"B0CMYX2H9Q","X0023L9EWR","VIVOSUN AeroWave D4 Ventilateur de Culture Oscillant 100mm, Ventilateur à Pince avec Crochet, 3 Vitesses, Flux d'Air Puissant & Silencieux, pour Grow box Hydroponie, Circulation, Noir","'BVA1'","FR","14.1","12.7","7.01","centimeters","0.29","kilograms","0.0013","cubic meters","Standard-Size","15.2","0.0","0.019","2026-04","14.4","weeks","27.54","0.0","15.13","0.019","0.5227","0.0","EUR","0.5227","Others","N","N","0.0","--","0.07"
"B0D8PQQWM3","X00276V1V5","VIVOSUN GrowCam C4, caméra intelligente Wi-Fi 2K QHD pour tente de culture et VGrow Smart Grow Box, prend en charge le Wi-Fi 2,4 GHz (pas 5 GHz/6 GHz), Timelapse, vision nocturne, stockage sur carte","'BVA1'","FR","10.6","9.4","6.2","centimeters","0.28","kilograms","6.0E-4","cubic meters","Standard-Size","2.2","0.0","0.0013","2026-04","14.4","weeks","27.54","0.0","2.17","0.0013","0.0368","0.0","EUR","0.0368","Others","N","N","0.0","--","0.03"
"B0C6QKDG53","X002CUEYA1","VIVOSUN Ventilateur en ligne 150 mm 660 m³/h AeroZesh G6 avec moteur EC et GrowHub E42A+, contrôle VPD, WiFi/App, ventilation pour tentes de culture, refroidissement et hydroponie","'BVA1'","FR","33.5","26.5","23.0","centimeters","3.65","kilograms","0.0204","cubic meters","Standard-Size","1.27","0.0","0.0259","2026-04","14.4","weeks","27.54","0.0","1.27","0.0259","0.7117","0.0","EUR","0.7117","Others","N","N","0.0","--","0.0"
"B07RBL1XJV","X002F0MTB9","VIVOSUN Lot de 2 verres d'intérieur hydroponique LED pour salle de culture avec étui à lunettes","'BVA1'","FR","18.1","17.5","6.5","centimeters","0.24","kilograms","0.0021","cubic meters","Standard-Size","0.27","0.0","5.0E-4","2026-04","14.4","weeks","27.54","0.0","0.23","5.0E-4","0.0132","0.0","EUR","0.0132","Others","N","N","0.0","--","0.03"
"B0BQF728P7","X001VEMT83","VIVOSUN AeroZesh T4 Ventilateur Conduit 100 mm 357 m³/h Ventilateur en Ligne Extraction E12 Régulateur Vitesse PWM Programmables Tentes Culture Ventilation Croissance Hydroponique Intérieur","'ETZ2'","FR","58.0","36.0","23.0","centimeters","2.19","kilograms","0.048","cubic meters","Oversize","0.17","0.0","0.008","2026-04","20.5","weeks","21.78","0.0","0.17","0.008","0.1763","0.0","EUR","0.1763","Others","N","N","0.0","--","0.0"
"B00VWU35F4","X001VKJMC3","VIVOSUN Lot 5 Sac de Plantation 120L Sacs de Culture Tissu Non Tissé Sac à Plantes, Pots Tissu Épais Haute Résistance avec Poignées pour Légumes, Fleurs, Fruits, Serre et Jardin","'ETZ2'","FR","41.5","34.7","9.6","centimeters","1.89","kilograms","0.0138","cubic meters","Oversize","0.87","0.0","0.0115","2026-04","20.5","weeks","21.78","0.0","0.83","0.0115","0.2537","0.0","EUR","0.2537","Others","N","N","0.0","--","0.03"
"B01DXYMBU6","X001VZSIFF","VIVOSUN Filtre à Charbon Actif 100mm Filtre à Charbon avec Préfiltre et Bride Réversible Filtre Charbon Purificateur d‘Air pour Ventilateur en Ligne et Tentes de Culture","'ETZ2'","FR","34.29","19.7","19.2","centimeters","2.71","kilograms","0.013","cubic meters","Standard-Size","0.27","0.0","0.0035","2026-04","14.4","weeks","27.54","0.0","0.27","0.0035","0.0953","0.0","EUR","0.0953","Others","N","N","0.0","--","0.0"
"B08M3G5TH3","X001VZST45","VIVOSUN Filtre à Charbon Actif 100mm pour Contrôle Odeurs Charbon Vierge d'Australie pour Ventilateur en Ligne, Epurateur Odeurs pour Tente de Culture Pré-Filtre Inclus Bride Réversible Noir","'ETZ2'","FR","34.6","20.5","19.3","centimeters","2.68","kilograms","0.0137","cubic meters","Standard-Size","119.13","0.0","1.5916","2026-04","14.4","weeks","27.54","0.0","116.27","1.5916","43.8353","0.0","EUR","43.8353","Others","N","N","0.0","--","2.87"
"B01EWH83FU","X001W1EEP1","VIVOSUN Sécateur de Jardin 17 cm, Poignée Ergonomique, Lame Droite Acier Inoxydable, Lame Antiadhésive Revêtue Titane, Poignée Verrouillable, Convient aux Fleurs, Roses, Fruits et Plantes, Orange","'ETZ2'","FR","21.5","7.1","1.3","centimeters","0.07","kilograms","2.0E-4","cubic meters","Standard-Size","19.77","0.0","0.0039","2026-04","14.4","weeks","27.54","0.0","19.6","0.0039","0.1071","0.0","EUR","0.1071","Others","N","N","0.0","--","0.17"
"B06Y1XVD1P","X001W1HJ2B","VIVOSUN Sécateur de Jardin 17 cm, Poignée Ergonomique, Lame Droite Acier Inoxydable, Lame Antiadhésive Revêtue Titane, Poignée Verrouillable, Convient aux Fleurs, Roses, Fruits et Plantes, Bleu","'ETZ2'","FR","21.6","7.0","1.5","centimeters","0.07","kilograms","2.0E-4","cubic meters","Standard-Size","0.07","0.0","0.0","2026-04","14.4","weeks","27.54","0.0","0.03","0.0","2.0E-4","0.0","EUR","2.0E-4","Others","N","N","0.0","--","0.03"
"B0CH7Z32KC","X001WTE3XL","VIVOSUN Préfiltre de 20,3 cm pour filtre à charbon de 20,3 cm, noir, 45 cm de long","'ETZ2'","FR","23.7","21.3","3.0","centimeters","0.08","kilograms","0.0015","cubic meters","Standard-Size","0.37","0.0","2.0E-4","2026-04","14.4","weeks","27.54","0.0","0.1","2.0E-4","0.0042","0.0","EUR","0.0042","Others","N","N","0.0","--","0.3"
"B0BTM3RC2G","X001WTJDQX","VIVOSUN 1 paire de cintres réglables de 0,3 cm pour lampe de culture, corde de suspension robuste avec engrenages métalliques renforcés, 2,4 m de long et capacité de poids de 68 kg pour lampe de","'ETZ2'","FR","16.7","13.5","4.1","centimeters","0.16","kilograms","9.0E-4","cubic meters","Standard-Size","54.07","0.0","0.0497","2026-04","14.4","weeks","27.54","0.0","53.73","0.0497","1.3679","0.0","EUR","1.3679","Others","N","N","0.0","--","0.33"
"B0C2C8NP5D","X001YZNSF7","VIVOSUN Ventilateur de Conduit AeroZesh S6 150 mm 688 m³/h Ventilateur d'Extraction avec Régulateur Vitesse E12 PWM Programmables pour Tentes de Culture et Systèmes Ventilation","'ETZ2'","FR","35.6","28.1","25.7","centimeters","2.75","kilograms","0.0257","cubic meters","Standard-Size","12.0","0.0","0.3059","2026-04","14.4","weeks","27.54","0.0","11.9","0.3059","8.4259","0.0","EUR","8.4259","Others","N","N","0.0","--","0.1"
"B07VK1LVN6","X0021OYVTR","VIVOSUN Lot de 2 loupes de bijoutier Pliables avec lumière LED pour Bijoux, Pierres précieuses, Montres, pièces de Monnaie, Timbres, antiquités, Noir","'ETZ2'","FR","9.3","8.0","6.4","centimeters","0.17","kilograms","5.0E-4","cubic meters","Standard-Size","0.2","0.0","1.0E-4","2026-04","14.4","weeks","27.54","0.0","0.17","1.0E-4","0.0022","0.0","EUR","0.0022","Others","N","N","0.0","--","0.03"
"B088GW8H4J","X0021P457T","VIVOSUN Lot de 3 Sécateur de Jardin 17 cm, Poignée Ergonomique, Lame Droite en Acier Inoxydable avec Revêtement en Titane, Poignée Verrouillable, Convient aux Fleurs, Roses, Fruits et Plantes, Orange","'ETZ2'","FR","21.7","8.4","4.1","centimeters","0.21","kilograms","7.0E-4","cubic meters","Standard-Size","91.07","0.0","0.0678","2026-04","14.4","weeks","27.54","0.0","90.77","0.0678","1.8682","0.0","EUR","1.8682","Others","N","N","0.0","--","0.3"
"B0B7J2931M","X0022KYSO3","VIVOSUN Lot de 2 housses d'aération de tente de culture de 10,2 cm/15,2 cm/20,3 cm avec bande élastique et boucle fixe pour aération de tente de culture","'ETZ2'","FR","18.53","13.52","2.74","centimeters","0.04","kilograms","7.0E-4","cubic meters","Standard-Size","5.63","0.0","0.0039","2026-04","14.4","weeks","27.54","0.0","5.63","0.0039","0.1065","0.0","EUR","0.1065","Others","N","N","0.0","--","0.0"
"B0CMYX2H9Q","X0023L9EWR","VIVOSUN AeroWave D4 Ventilateur de Culture Oscillant 100mm, Ventilateur à Pince avec Crochet, 3 Vitesses, Flux d'Air Puissant & Silencieux, pour Grow box Hydroponie, Circulation, Noir","'ETZ2'","FR","14.1","12.7","7.01","centimeters","0.29","kilograms","0.0013","cubic meters","Standard-Size","2.2","0.0","0.0028","2026-04","14.4","weeks","27.54","0.0","2.2","0.0028","0.076","0.0","EUR","0.076","Others","N","N","0.0","--","0.0"
"B01EUURUVM","X0023SZURD","VIVOSUN Conduit d'air flexible non isolé en aluminium pour ventilation CVC avec deux pinces en acier inoxydable de 10,2 cm","'ETZ2'","FR","43.94","12.07","11.68","centimeters","0.79","kilograms","0.0062","cubic meters","Standard-Size","3.0","0.0","0.0186","2026-04","14.4","weeks","27.54","0.0","3.0","0.0186","0.512","0.0","EUR","0.512","Others","N","N","0.0","--","0.0"
"B07FKJNGSZ","X0023T25DJ","VIVOSUN Lot de 2 conduits d'air flexibles en aluminium de 10,2 cm et 2,4 m, pour ventilation CVC, 4 colliers de serrage inclus","'ETZ2'","FR","34.49","12.09","11.3","centimeters","0.67","kilograms","0.0047","cubic meters","Standard-Size","4.0","0.0","0.0189","2026-04","14.4","weeks","27.54","0.0","4.0","0.0189","0.5193","0.0","EUR","0.5193","Others","N","N","0.0","--","0.0"
"B0BP1Y3CRM","X00260ULXB","VIVOSUN Ventilateur de Culture Oscillant, Ventilateur à Pince 150mm, Contrôle Par APP Wi-Fi Intelligent, 10 Vitesses & 2 Modes, Circulateur d'Air pour Tente de Culture, Minuterie, IP54, Noir","'ETZ2'","FR","22.3","22.2","16.2","centimeters","1.07","kilograms","0.008","cubic meters","Standard-Size","0.63","0.0","0.0051","2026-04","14.4","weeks","27.54","0.0","0.63","0.0051","0.1399","0.0","EUR","0.1399","Others","N","N","0.0","--","0.0"
"B0BZYSC7TB","X002610L85","VIVOSUN Ventilateur de Culture Oscillant, Ventilateur à Pince 150mm, Contrôle Par APP Wi-Fi Intelligent, 10 Vitesses & 2 Modes, Circulateur d'Air pour Tente de Culture, Minuterie, IP54, Blanc","'ETZ2'","FR","24.69","24.41","18.69","centimeters","1.08","kilograms","0.0113","cubic meters","Standard-Size","32.57","0.0","0.3658","2026-04","14.4","weeks","27.54","0.0","32.47","0.3658","10.0737","0.0","EUR","10.0737","Others","N","N","0.0","--","0.1"
"B0D8PQQWM3","X00276V1V5","VIVOSUN GrowCam C4, caméra intelligente Wi-Fi 2K QHD pour tente de culture et VGrow Smart Grow Box, prend en charge le Wi-Fi 2,4 GHz (pas 5 GHz/6 GHz), Timelapse, vision nocturne, stockage sur carte","'ETZ2'","FR","10.6","9.4","6.2","centimeters","0.28","kilograms","6.0E-4","cubic meters","Standard-Size","1.6","0.0","0.001","2026-04","14.4","weeks","27.54","0.0","1.57","0.001","0.0267","0.0","EUR","0.0267","Others","N","N","0.0","--","0.03"
"B0C6QK97P2","X002CUEXZ7","VIVOSUN Ventilateur en ligne 100 mm 330 m³/h AeroZesh G4 avec moteur EC et GrowHub E42A+, contrôle VPD, WiFi/App, ventilation pour tentes de culture, refroidissement et hydroponie","'ETZ2'","FR","32.29","24.6","19.8","centimeters","2.85","kilograms","0.0157","cubic meters","Standard-Size","1.0","0.0","0.0142","2026-04","14.4","weeks","27.54","0.0","0.9","0.0142","0.3898","0.0","EUR","0.3898","Others","N","N","0.0","--","0.1"
"B0C6QKDG53","X002CUEYA1","VIVOSUN Ventilateur en ligne 150 mm 660 m³/h AeroZesh G6 avec moteur EC et GrowHub E42A+, contrôle VPD, WiFi/App, ventilation pour tentes de culture, refroidissement et hydroponie","'ETZ2'","FR","33.5","26.5","23.0","centimeters","3.65","kilograms","0.0204","cubic meters","Standard-Size","1.4","0.0","0.0272","2026-04","14.4","weeks","27.54","0.0","1.33","0.0272","0.7498","0.0","EUR","0.7498","Others","N","N","0.0","--","0.07"
"B0BQF728P7","X001VEMT83","VIVOSUN AeroZesh T4 Ventilateur Conduit 100 mm 357 m³/h Ventilateur en Ligne Extraction E12 Régulateur Vitesse PWM Programmables Tentes Culture Ventilation Croissance Hydroponique Intérieur","'LIL1'","FR","58.0","36.0","23.0","centimeters","2.19","kilograms","0.048","cubic meters","Oversize","0.47","0.0","0.0208","2026-04","20.5","weeks","21.78","0.0","0.43","0.0208","0.45","0.0","EUR","0.45","Others","N","N","0.0","--","0.03"
"B08M3G5TH3","X001VZST45","VIVOSUN Filtre à Charbon Actif 100mm pour Contrôle Odeurs Charbon Vierge d'Australie pour Ventilateur en Ligne, Epurateur Odeurs pour Tente de Culture Pré-Filtre Inclus Bride Réversible Noir","'LIL1'","FR","34.6","20.5","19.3","centimeters","2.68","kilograms","0.0137","cubic meters","Standard-Size","0.7","0.0","0.0096","2026-04","14.4","weeks","27.54","0.0","0.7","0.0096","0.2639","0.0","EUR","0.2639","Others","N","N","0.0","--","0.0"
"B0C2436JDR","X001WTEUMP","VIVOSUN Lot de 2 Cintres Réglables pour Lampe de Culture à Cliquet 1/8 Pouces Cintre en Corde avec Engrenages en Métal Renforcés 8 Pieds. Corde Longue Capacité de 68 kg pour Tente de Culture& Filtres","'LIL1'","FR","15.1","14.6","4.2","centimeters","0.3","kilograms","9.0E-4","cubic meters","Standard-Size","33.97","0.0","0.0315","2026-04","14.4","weeks","27.54","0.0","33.97","0.0315","0.8662","0.0","EUR","0.8662","Others","N","N","0.0","--","0.0"
"B0CMYX2H9Q","X0023L9EWR","VIVOSUN AeroWave D4 Ventilateur de Culture Oscillant 100mm, Ventilateur à Pince avec Crochet, 3 Vitesses, Flux d'Air Puissant & Silencieux, pour Grow box Hydroponie, Circulation, Noir","'LIL1'","FR","14.1","12.7","7.01","centimeters","0.29","kilograms","0.0013","cubic meters","Standard-Size","4.0","0.0","0.005","2026-04","14.4","weeks","27.54","0.0","4.0","0.005","0.1383","0.0","EUR","0.1383","Others","N","N","0.0","--","0.0"
"B0CMZFSLCL","X0023L9G3T","VIVOSUN AeroWave D4 Ventilateur de Culture Oscillant 100mm, Ventilateur à Pince avec Crochet, 3 Vitesses, Flux d'air Puissant & Silencieux, pour Grow Box Hydroponie, Circulation, Noir, Lot de 2","'LIL1'","FR","16.1","14.5","13.1","centimeters","0.58","kilograms","0.0031","cubic meters","Standard-Size","0.2","0.0","3.0E-4","2026-04","14.4","weeks","27.54","0.0","0.1","3.0E-4","0.0084","0.0","EUR","0.0084","Others","N","N","0.0","--","0.1"
"B01EUURUVM","X0023SZURD","VIVOSUN Conduit d'air flexible non isolé en aluminium pour ventilation CVC avec deux pinces en acier inoxydable de 10,2 cm","'LIL1'","FR","43.94","12.07","11.68","centimeters","0.79","kilograms","0.0062","cubic meters","Standard-Size","8.0","0.0","0.0496","2026-04","14.4","weeks","27.54","0.0","7.97","0.0494","1.3654","0.0","EUR","1.3654","Others","N","N","0.0","--","0.0"
"B0BZYSC7TB","X002610L85","VIVOSUN Ventilateur de Culture Oscillant, Ventilateur à Pince 150mm, Contrôle Par APP Wi-Fi Intelligent, 10 Vitesses & 2 Modes, Circulateur d'Air pour Tente de Culture, Minuterie, IP54, Blanc","'LIL1'","FR","24.69","24.41","18.69","centimeters","1.08","kilograms","0.0113","cubic meters","Standard-Size","16.0","0.0","0.1803","2026-04","14.4","weeks","27.54","0.0","16.0","0.1803","4.9644","0.0","EUR","4.9644","Others","N","N","0.0","--","0.0"
"B0D8PQQWM3","X00276V1V5","VIVOSUN GrowCam C4, caméra intelligente Wi-Fi 2K QHD pour tente de culture et VGrow Smart Grow Box, prend en charge le Wi-Fi 2,4 GHz (pas 5 GHz/6 GHz), Timelapse, vision nocturne, stockage sur carte","'LIL1'","FR","10.6","9.4","6.2","centimeters","0.28","kilograms","6.0E-4","cubic meters","Standard-Size","22.4","0.0","0.0138","2026-04","14.4","weeks","27.54","0.0","22.4","0.0138","0.3811","0.0","EUR","0.3811","Others","N","N","0.0","--","0.0"
"B0C6QK97P2","X002CUEXZ7","VIVOSUN Ventilateur en ligne 100 mm 330 m³/h AeroZesh G4 avec moteur EC et GrowHub E42A+, contrôle VPD, WiFi/App, ventilation pour tentes de culture, refroidissement et hydroponie","'LIL1'","FR","32.29","24.6","19.8","centimeters","2.85","kilograms","0.0157","cubic meters","Standard-Size","0.63","0.0","0.01","2026-04","14.4","weeks","27.54","0.0","0.63","0.01","0.2743","0.0","EUR","0.2743","Others","N","N","0.0","--","0.0"
"B0C6QKDG53","X002CUEYA1","VIVOSUN Ventilateur en ligne 150 mm 660 m³/h AeroZesh G6 avec moteur EC et GrowHub E42A+, contrôle VPD, WiFi/App, ventilation pour tentes de culture, refroidissement et hydroponie","'LIL1'","FR","33.5","26.5","23.0","centimeters","3.65","kilograms","0.0204","cubic meters","Standard-Size","31.8","0.0","0.6479","2026-04","14.4","weeks","27.54","0.0","31.73","0.6479","17.8448","0.0","EUR","17.8448","Others","N","N","0.0","--","0.07"
"B07RBL1XJV","X002F0MTB9","VIVOSUN Lot de 2 verres d'intérieur hydroponique LED pour salle de culture avec étui à lunettes","'LIL1'","FR","18.1","17.5","6.5","centimeters","0.24","kilograms","0.0021","cubic meters","Standard-Size","0.23","0.0","5.0E-4","2026-04","14.4","weeks","27.54","0.0","0.23","5.0E-4","0.0132","0.0","EUR","0.0132","Others","N","N","0.0","--","0.0"
"B0CH7Z32KC","X001WTE3XL","VIVOSUN Préfiltre de 20,3 cm pour filtre à charbon de 20,3 cm, noir, 45 cm de long","'LYS1'","FR","23.7","21.3","3.0","centimeters","0.08","kilograms","0.0015","cubic meters","Standard-Size","5.5","0.0","0.0079","2026-04","14.4","weeks","27.54","0.0","5.23","0.0079","0.22","0.0","EUR","0.22","Others","N","N","0.0","--","0.27"
"B07QTHF9ZT","X001VKGPG9","VIVOSON Pulvérisateur à Pression de Jardin 800 ML Compact et Léger avec Buse en Laiton Réglable, pour l'Arrosage des Plantes, Fleurs, Désherbage et Nettoyage, Vert","'MRS1'","FR","31.3","15.7","14.7","centimeters","0.39","kilograms","0.0072","cubic meters","Standard-Size","0.47","0.0","0.0029","2026-04","14.4","weeks","27.54","0.0","0.4","0.0029","0.0783","0.0","EUR","0.0783","Others","N","N","0.0","--","0.07"
"B0CMYX2H9Q","X0023L9EWR","VIVOSUN AeroWave D4 Ventilateur de Culture Oscillant 100mm, Ventilateur à Pince avec Crochet, 3 Vitesses, Flux d'Air Puissant & Silencieux, pour Grow box Hydroponie, Circulation, Noir","'MRS1'","FR","14.1","12.7","7.01","centimeters","0.29","kilograms","0.0013","cubic meters","Standard-Size","0.93","0.0","0.0012","2026-04","14.4","weeks","27.54","0.0","0.93","0.0012","0.0317","0.0","EUR","0.0317","Others","N","N","0.0","--","0.0"
"B07Y81DTTJ","X001VKL6RR","VIVOSUN Pulvérisateur à Pression 4L avec 3 Buses Dont Laiton Réglable, Tuyau 127 cm et Valve de Sécurité pour Désherbage, Traitement des Plantes & Entretien de la Pelouse","'ORY1'","FR","40.9","18.8","18.7","centimeters","1.17","kilograms","0.0144","cubic meters","Standard-Size","26.77","0.0","0.382","2026-04","14.4","weeks","27.54","0.0","26.57","0.382","10.5207","0.0","EUR","10.5207","Others","N","N","0.0","--","0.2"
"B01DXYMBU6","X001VZSIFF","VIVOSUN Filtre à Charbon Actif 100mm Filtre à Charbon avec Préfiltre et Bride Réversible Filtre Charbon Purificateur d‘Air pour Ventilateur en Ligne et Tentes de Culture","'ORY1'","FR","34.29","19.7","19.2","centimeters","2.71","kilograms","0.013","cubic meters","Standard-Size","0.7","0.0","0.0086","2026-04","14.4","weeks","27.54","0.0","0.67","0.0086","0.2381","0.0","EUR","0.2381","Others","N","N","0.0","--","0.03"
"B08M3G5TH3","X001VZST45","VIVOSUN Filtre à Charbon Actif 100mm pour Contrôle Odeurs Charbon Vierge d'Australie pour Ventilateur en Ligne, Epurateur Odeurs pour Tente de Culture Pré-Filtre Inclus Bride Réversible Noir","'ORY1'","FR","34.6","20.5","19.3","centimeters","2.68","kilograms","0.0137","cubic meters","Standard-Size","1.23","0.0","0.0169","2026-04","14.4","weeks","27.54","0.0","1.23","0.0169","0.465","0.0","EUR","0.465","Others","N","N","0.0","--","0.0"
"B01EWH83FU","X001W1EEP1","VIVOSUN Sécateur de Jardin 17 cm, Poignée Ergonomique, Lame Droite Acier Inoxydable, Lame Antiadhésive Revêtue Titane, Poignée Verrouillable, Convient aux Fleurs, Roses, Fruits et Plantes, Orange","'ORY1'","FR","21.5","7.1","1.3","centimeters","0.07","kilograms","2.0E-4","cubic meters","Standard-Size","0.1","0.0","0.0","2026-04","14.4","weeks","27.54","0.0","0.1","0.0","5.0E-4","0.0","EUR","5.0E-4","Others","N","N","0.0","--","0.0"
"B06Y1XVD1P","X001W1HJ2B","VIVOSUN Sécateur de Jardin 17 cm, Poignée Ergonomique, Lame Droite Acier Inoxydable, Lame Antiadhésive Revêtue Titane, Poignée Verrouillable, Convient aux Fleurs, Roses, Fruits et Plantes, Bleu","'ORY1'","FR","21.6","7.0","1.5","centimeters","0.07","kilograms","2.0E-4","cubic meters","Standard-Size","60.33","0.0","0.0136","2026-04","14.4","weeks","27.54","0.0","60.0","0.0136","0.3748","0.0","EUR","0.3748","Others","N","N","0.0","--","0.33"
"B0BXD9RK42","X001Z5PQDD","VIVOSUN Kits D'irrigation Goutte à Goutte Automatique Solaire avec Minuterie, Sortie 3W, Système D'irrigation Goutte Energie Solaire, Système D'arrosage pour Plantes de Jardin 15 pots, Arroseur","'ORY1'","FR","31.1","21.2","7.1","centimeters","0.93","kilograms","0.0047","cubic meters","Standard-Size","12.7","0.0","0.0595","2026-04","14.4","weeks","27.54","0.0","12.7","0.0595","1.6374","0.0","EUR","1.6374","Others","N","N","0.0","--","0.0"
"B0BXP3XLLR","X0020HG1EN","VIVOSUN AeroLab THB1 Thermomètre Hygromètre Bluetooth sans Fil Moniteur de Température Intelligent VPD Humidimètre Numérique Télécommande&Alerte LCD Stockage de Données Double canal, Batterie Incluse","'ORY1'","FR","14.5","12.6","2.8","centimeters","0.23","kilograms","5.0E-4","cubic meters","Standard-Size","0.03","0.0","0.0","2026-04","14.4","weeks","27.54","0.0","0.03","0.0","5.0E-4","0.0","EUR","5.0E-4","Others","N","N","0.0","--","0.0"
"B087CPSL1H","X0021P8V2T","VIVOSUN Lot de 2 Sécateur de Jardin 17 cm, Poignée Ergonomique, Lame Droite en Acier Inoxydable avec Revêtement en Titane, Poignée Verrouillable, Convient aux Fleurs, Roses, Fruits et Plantes, Orange","'ORY1'","FR","23.8","9.4","1.6","centimeters","0.14","kilograms","4.0E-4","cubic meters","Standard-Size","5.37","0.73","0.0017","2026-04","14.4","weeks","27.54","0.0","4.63","0.0017","0.0457","0.0","EUR","0.0457","Others","N","N","0.0","--","0.0"
"B087CPSL1H","X0021P8V2T","VIVOSUN Lot de 2 Sécateur de Jardin 17 cm, Poignée Ergonomique, Lame Droite en Acier Inoxydable avec Revêtement en Titane, Poignée Verrouillable, Convient aux Fleurs, Roses, Fruits et Plantes, Orange","'ORY1'","FR","23.8","9.4","1.6","centimeters","0.14","kilograms","4.0E-4","cubic meters","Standard-Size","3.53","0.0","0.0013","2026-04","14.4","weeks","27.54","0.0","3.53","0.0013","0.0348","0.0","EUR","0.0348","Others","N","N","0.0","--","0.0"
"B087CR7H9S","X002203JR5","VIVOSUN Lot de 2 Sécateur de Jardin 17 cm, Poignée Ergonomique, Lame Droite en Acier Inoxydable avec Revêtement en Titane, Poignée Verrouillable, Convient aux Fleurs, Roses, Fruits et Plantes, Bleu","'ORY1'","FR","24.3","9.6","1.7","centimeters","0.14","kilograms","4.0E-4","cubic meters","Standard-Size","0.37","0.0","1.0E-4","2026-04","14.4","weeks","27.54","0.0","0.37","1.0E-4","0.004","0.0","EUR","0.004","Others","N","N","0.0","--","0.0"
"B096VPCTTV","X0022GVNO5","VIVOSUN Séchoir à linge en maille à 4 couches avec fermetures éclair vertes pour déshydratation, sécateur d'intérieur et d'extérieur inclus","'ORY1'","FR","26.01","25.2","6.91","centimeters","0.72","kilograms","0.0045","cubic meters","Standard-Size","17.6","0.0","0.0792","2026-04","14.4","weeks","27.54","0.0","17.5","0.0792","2.1823","0.0","EUR","2.1823","Others","N","N","0.0","--","0.1"
"B0BY2JKXC7","X0022GVOSP","Filet de Treillis élastique VIVOSUN 4 x 4 pi avec 4 Crochets pour Plantes grimpantes, légumes, Fruits et Fleurs, Paquet de 1","'ORY1'","FR","20.0","18.2","3.6","centimeters","0.18","kilograms","0.0013","cubic meters","Standard-Size","8.73","0.0","0.0112","2026-04","14.4","weeks","27.54","0.0","8.53","0.0112","0.308","0.0","EUR","0.308","Others","N","N","0.0","--","0.2"
"B0CMYX2H9Q","X0023L9EWR","VIVOSUN AeroWave D4 Ventilateur de Culture Oscillant 100mm, Ventilateur à Pince avec Crochet, 3 Vitesses, Flux d'Air Puissant & Silencieux, pour Grow box Hydroponie, Circulation, Noir","'ORY1'","FR","14.1","12.7","7.01","centimeters","0.29","kilograms","0.0013","cubic meters","Standard-Size","6.93","0.0","0.0087","2026-04","14.4","weeks","27.54","0.0","6.93","0.0087","0.2397","0.0","EUR","0.2397","Others","N","N","0.0","--","0.0"
"B0CMZFSLCL","X0023L9G3T","VIVOSUN AeroWave D4 Ventilateur de Culture Oscillant 100mm, Ventilateur à Pince avec Crochet, 3 Vitesses, Flux d'air Puissant & Silencieux, pour Grow Box Hydroponie, Circulation, Noir, Lot de 2","'ORY1'","FR","16.1","14.5","13.1","centimeters","0.58","kilograms","0.0031","cubic meters","Standard-Size","0.7","0.0","6.0E-4","2026-04","14.4","weeks","27.54","0.0","0.03","1.0E-4","0.0168","0.0","EUR","0.0168","Others","N","N","0.0","--","0.5"
"B0D8PQQWM3","X00276V1V5","VIVOSUN GrowCam C4, caméra intelligente Wi-Fi 2K QHD pour tente de culture et VGrow Smart Grow Box, prend en charge le Wi-Fi 2,4 GHz (pas 5 GHz/6 GHz), Timelapse, vision nocturne, stockage sur carte","'ORY1'","FR","10.6","9.4","6.2","centimeters","0.28","kilograms","6.0E-4","cubic meters","Standard-Size","5.0","0.0","0.0031","2026-04","14.4","weeks","27.54","0.0","4.97","0.0031","0.0845","0.0","EUR","0.0845","Others","N","N","0.0","--","0.03"
"B0C6QKDG53","X002CUEYA1","VIVOSUN Ventilateur en ligne 150 mm 660 m³/h AeroZesh G6 avec moteur EC et GrowHub E42A+, contrôle VPD, WiFi/App, ventilation pour tentes de culture, refroidissement et hydroponie","'ORY1'","FR","33.5","26.5","23.0","centimeters","3.65","kilograms","0.0204","cubic meters","Standard-Size","10.0","0.0","0.2042","2026-04","14.4","weeks","27.54","0.0","10.0","0.2042","5.6235","0.0","EUR","5.6235","Others","N","N","0.0","--","0.0"
"B07RBL1XJV","X002F0MTB9","VIVOSUN Lot de 2 verres d'intérieur hydroponique LED pour salle de culture avec étui à lunettes","'ORY1'","FR","18.1","17.5","6.5","centimeters","0.24","kilograms","0.0021","cubic meters","Standard-Size","0.07","0.0","1.0E-4","2026-04","14.4","weeks","27.54","0.0","0.07","1.0E-4","0.0038","0.0","EUR","0.0038","Others","N","N","0.0","--","0.0"
"B0BQF728P7","X001VEMT83","VIVOSUN AeroZesh T4 Ventilateur Conduit 100 mm 357 m³/h Ventilateur en Ligne Extraction E12 Régulateur Vitesse PWM Programmables Tentes Culture Ventilation Croissance Hydroponique Intérieur","'ORY4'","FR","58.0","36.0","23.0","centimeters","2.19","kilograms","0.048","cubic meters","Oversize","0.23","0.0","0.0096","2026-04","20.5","weeks","21.78","0.0","0.2","0.0096","0.2091","0.0","EUR","0.2091","Others","N","N","0.0","--","0.03"
"B07Y82117Q","X001VKGO47","VIVOSUN Pulvérisateur à Pression 5L avec 3 Buses Dont Laiton Réglable, Tuyau 127 cm et Valve de Sécurité pour Désherbage, Traitement des Plantes & Entretien de la Pelouse","'ORY4'","FR","44.09","18.8","18.59","centimeters","1.2","kilograms","0.0154","cubic meters","Standard-Size","1.63","0.0","0.0247","2026-04","14.4","weeks","27.54","0.0","1.6","0.0247","0.6793","0.0","EUR","0.6793","Others","N","N","0.0","--","0.03"
"B00VWU35F4","X001VKJMC3","VIVOSUN Lot 5 Sac de Plantation 120L Sacs de Culture Tissu Non Tissé Sac à Plantes, Pots Tissu Épais Haute Résistance avec Poignées pour Légumes, Fleurs, Fruits, Serre et Jardin","'ORY4'","FR","41.5","34.7","9.6","centimeters","1.89","kilograms","0.0138","cubic meters","Oversize","0.9","0.0","0.012","2026-04","20.5","weeks","21.78","0.0","0.87","0.012","0.2609","0.0","EUR","0.2609","Others","N","N","0.0","--","0.03"
"B07Y81DTTJ","X001VKL6RR","VIVOSUN Pulvérisateur à Pression 4L avec 3 Buses Dont Laiton Réglable, Tuyau 127 cm et Valve de Sécurité pour Désherbage, Traitement des Plantes & Entretien de la Pelouse","'ORY4'","FR","40.9","18.8","18.7","centimeters","1.17","kilograms","0.0144","cubic meters","Standard-Size","0.03","0.0","5.0E-4","2026-04","14.4","weeks","27.54","0.0","0.03","5.0E-4","0.0132","0.0","EUR","0.0132","Others","N","N","0.0","--","0.0"
"B01731MLFK","X001VZO4UN","VIVOSUN Filtre à Charbon Actif 150mm Filtre à Charbon avec Préfiltre et Bride Réversible Filtre Charbon Purificateur d‘Air pour Ventilateur en Ligne et Tentes de Culture","'ORY4'","FR","44.5","24.0","24.0","centimeters","4.79","kilograms","0.0256","cubic meters","Standard-Size","0.4","0.0","0.0103","2026-04","14.4","weeks","27.54","0.0","0.4","0.0103","0.2825","0.0","EUR","0.2825","Others","N","N","0.0","--","0.0"
"B01DXYMBU6","X001VZSIFF","VIVOSUN Filtre à Charbon Actif 100mm Filtre à Charbon avec Préfiltre et Bride Réversible Filtre Charbon Purificateur d‘Air pour Ventilateur en Ligne et Tentes de Culture","'ORY4'","FR","34.29","19.7","19.2","centimeters","2.71","kilograms","0.013","cubic meters","Standard-Size","0.6","0.0","0.0078","2026-04","14.4","weeks","27.54","0.0","0.6","0.0078","0.2144","0.0","EUR","0.2144","Others","N","N","0.0","--","0.0"
"B08M3G5TH3","X001VZST45","VIVOSUN Filtre à Charbon Actif 100mm pour Contrôle Odeurs Charbon Vierge d'Australie pour Ventilateur en Ligne, Epurateur Odeurs pour Tente de Culture Pré-Filtre Inclus Bride Réversible Noir","'ORY4'","FR","34.6","20.5","19.3","centimeters","2.68","kilograms","0.0137","cubic meters","Standard-Size","1.17","0.0","0.0082","2026-04","14.4","weeks","27.54","0.0","0.6","0.0082","0.2263","0.0","EUR","0.2263","Others","N","N","0.0","--","0.57"
"B01EWH83FU","X001W1EEP1","VIVOSUN Sécateur de Jardin 17 cm, Poignée Ergonomique, Lame Droite Acier Inoxydable, Lame Antiadhésive Revêtue Titane, Poignée Verrouillable, Convient aux Fleurs, Roses, Fruits et Plantes, Orange","'ORY4'","FR","21.5","7.1","1.3","centimeters","0.07","kilograms","2.0E-4","cubic meters","Standard-Size","51.97","0.0","0.0102","2026-04","14.4","weeks","27.54","0.0","51.5","0.0102","0.2816","0.0","EUR","0.2816","Others","N","N","0.0","--","0.47"
"B06Y1XVD1P","X001W1HJ2B","VIVOSUN Sécateur de Jardin 17 cm, Poignée Ergonomique, Lame Droite Acier Inoxydable, Lame Antiadhésive Revêtue Titane, Poignée Verrouillable, Convient aux Fleurs, Roses, Fruits et Plantes, Bleu","'ORY4'","FR","21.6","7.0","1.5","centimeters","0.07","kilograms","2.0E-4","cubic meters","Standard-Size","8.6","0.0","0.0018","2026-04","14.4","weeks","27.54","0.0","8.13","0.0018","0.0508","0.0","EUR","0.0508","Others","N","N","0.0","--","0.47"
"B0C2436JDR","X001WTEUMP","VIVOSUN Lot de 2 Cintres Réglables pour Lampe de Culture à Cliquet 1/8 Pouces Cintre en Corde avec Engrenages en Métal Renforcés 8 Pieds. Corde Longue Capacité de 68 kg pour Tente de Culture& Filtres","'ORY4'","FR","15.1","14.6","4.2","centimeters","0.3","kilograms","9.0E-4","cubic meters","Standard-Size","0.03","0.0","0.0","2026-04","14.4","weeks","27.54","0.0","0.03","0.0","9.0E-4","0.0","EUR","9.0E-4","Others","N","N","0.0","--","0.0"
"B0BXP3XLLR","X0020HG1EN","VIVOSUN AeroLab THB1 Thermomètre Hygromètre Bluetooth sans Fil Moniteur de Température Intelligent VPD Humidimètre Numérique Télécommande&Alerte LCD Stockage de Données Double canal, Batterie Incluse","'ORY4'","FR","14.5","12.6","2.8","centimeters","0.23","kilograms","5.0E-4","cubic meters","Standard-Size","1.73","0.0","8.0E-4","2026-04","14.4","weeks","27.54","0.0","1.57","8.0E-4","0.0221","0.0","EUR","0.0221","Others","N","N","0.0","--","0.17"
"B07VK1LVN6","X0021OYVTR","VIVOSUN Lot de 2 loupes de bijoutier Pliables avec lumière LED pour Bijoux, Pierres précieuses, Montres, pièces de Monnaie, Timbres, antiquités, Noir","'ORY4'","FR","9.3","8.0","6.4","centimeters","0.17","kilograms","5.0E-4","cubic meters","Standard-Size","54.7","0.0","0.026","2026-04","14.4","weeks","27.54","0.0","54.7","0.026","0.7176","0.0","EUR","0.7176","Others","N","N","0.0","--","0.0"
"B0CMYX2H9Q","X0023L9EWR","VIVOSUN AeroWave D4 Ventilateur de Culture Oscillant 100mm, Ventilateur à Pince avec Crochet, 3 Vitesses, Flux d'Air Puissant & Silencieux, pour Grow box Hydroponie, Circulation, Noir","'ORY4'","FR","14.1","12.7","7.01","centimeters","0.29","kilograms","0.0013","cubic meters","Standard-Size","7.63","0.0","0.0095","2026-04","14.4","weeks","27.54","0.0","7.57","0.0095","0.2616","0.0","EUR","0.2616","Others","N","N","0.0","--","0.07"
"B0D8PQQWM3","X00276V1V5","VIVOSUN GrowCam C4, caméra intelligente Wi-Fi 2K QHD pour tente de culture et VGrow Smart Grow Box, prend en charge le Wi-Fi 2,4 GHz (pas 5 GHz/6 GHz), Timelapse, vision nocturne, stockage sur carte","'ORY4'","FR","10.6","9.4","6.2","centimeters","0.28","kilograms","6.0E-4","cubic meters","Standard-Size","9.6","0.0","0.0059","2026-04","14.4","weeks","27.54","0.0","9.53","0.0059","0.1623","0.0","EUR","0.1623","Others","N","N","0.0","--","0.07"
"B0C6QK97P2","X002CUEXZ7","VIVOSUN Ventilateur en ligne 100 mm 330 m³/h AeroZesh G4 avec moteur EC et GrowHub E42A+, contrôle VPD, WiFi/App, ventilation pour tentes de culture, refroidissement et hydroponie","'ORY4'","FR","32.29","24.6","19.8","centimeters","2.85","kilograms","0.0157","cubic meters","Standard-Size","5.3","0.0","0.0823","2026-04","14.4","weeks","27.54","0.0","5.23","0.0823","2.2676","0.0","EUR","2.2676","Others","N","N","0.0","--","0.07"
"B0BQF728P7","X001VEMT83","VIVOSUN AeroZesh T4 Ventilateur Conduit 100 mm 357 m³/h Ventilateur en Ligne Extraction E12 Régulateur Vitesse PWM Programmables Tentes Culture Ventilation Croissance Hydroponique Intérieur","'XCR2'","FR","58.0","36.0","23.0","centimeters","2.19","kilograms","0.048","cubic meters","Oversize","29.6","0.0","1.4215","2026-04","20.5","weeks","21.78","0.0","29.6","1.4215","30.96","0.0","EUR","30.96","Others","N","N","0.0","--","0.0"
"B01DXYMBU6","X001VZSIFF","VIVOSUN Filtre à Charbon Actif 100mm Filtre à Charbon avec Préfiltre et Bride Réversible Filtre Charbon Purificateur d‘Air pour Ventilateur en Ligne et Tentes de Culture","'XCR2'","FR","34.29","19.7","19.2","centimeters","2.71","kilograms","0.013","cubic meters","Standard-Size","0.1","0.0","0.0013","2026-04","14.4","weeks","27.54","0.0","0.1","0.0013","0.0357","0.0","EUR","0.0357","Others","N","N","0.0","--","0.0"
"B08M3G5TH3","X001VZST45","VIVOSUN Filtre à Charbon Actif 100mm pour Contrôle Odeurs Charbon Vierge d'Australie pour Ventilateur en Ligne, Epurateur Odeurs pour Tente de Culture Pré-Filtre Inclus Bride Réversible Noir","'XCR2'","FR","34.6","20.5","19.3","centimeters","2.68","kilograms","0.0137","cubic meters","Standard-Size","25.47","0.0","0.3486","2026-04","14.4","weeks","27.54","0.0","25.47","0.3486","9.6015","0.0","EUR","9.6015","Others","N","N","0.0","--","0.0"
"B0C6QJVMD1","X001WOK37V","VIVOSUN Ventilateur Conduit AeroZesh G6 150 mm, Ventilateur Extraction EC 660 m³/h Contrôle PWM Régulateur Vitesse E12 pour Chambre Culture Tente Culture Système Ventilation Intérieur","'XCR2'","FR","33.6","26.3","22.8","centimeters","3.31","kilograms","0.0201","cubic meters","Standard-Size","88.0","0.0","1.773","2026-04","14.4","weeks","27.54","0.0","88.0","1.773","48.8308","0.0","EUR","48.8308","Others","N","N","0.0","--","0.0"
"B0BMV1W52R","X001WOUTQV","VIVOSUN AeroZesh T6 Ventilateur Conduit 150mm 693 m³/h Ventilateur en Ligne Extraction E12 Régulateur Vitesse PWM Programmables Tentes Culture Ventilation Croissance Hydroponique Intérieur","'XCR2'","FR","33.0","26.0","25.0","centimeters","2.75","kilograms","0.0214","cubic meters","Standard-Size","31.2","0.0","0.6692","2026-04","14.4","weeks","27.54","0.0","31.2","0.6692","18.4316","0.0","EUR","18.4316","Others","N","N","0.0","--","0.0"
"B0C6QG963B","X001WOUZFV","VIVOSUN Ventilateur Conduit AeroZesh G4 100 mm, Ventilateur Extraction EC 331 m³/h Contrôle PWM Régulateur Vitesse E12 pour Chambre Culture Tente Culture Système Ventilation Intérieur","'XCR2'","FR","32.7","24.4","19.7","centimeters","2.48","kilograms","0.0157","cubic meters","Standard-Size","48.0","0.0","0.7545","2026-04","14.4","weeks","27.54","0.0","48.0","0.7545","20.7791","0.0","EUR","20.7791","Others","N","N","0.0","--","0.0"
"B0BXD9RK42","X001Z5PQDD","VIVOSUN Kits D'irrigation Goutte à Goutte Automatique Solaire avec Minuterie, Sortie 3W, Système D'irrigation Goutte Energie Solaire, Système D'arrosage pour Plantes de Jardin 15 pots, Arroseur","'XCR2'","FR","31.1","21.2","7.1","centimeters","0.93","kilograms","0.0047","cubic meters","Standard-Size","12.0","0.0","0.0562","2026-04","14.4","weeks","27.54","0.0","9.37","0.0438","1.5471","0.0","EUR","1.5471","Others","N","N","0.0","--","0.0"
"B07VK1LVN6","X0021OYVTR","VIVOSUN Lot de 2 loupes de bijoutier Pliables avec lumière LED pour Bijoux, Pierres précieuses, Montres, pièces de Monnaie, Timbres, antiquités, Noir","'XCR2'","FR","9.3","8.0","6.4","centimeters","0.17","kilograms","5.0E-4","cubic meters","Standard-Size","4.0","0.0","0.0019","2026-04","14.4","weeks","27.54","0.0","4.0","0.0019","0.0525","0.0","EUR","0.0525","Others","N","N","0.0","--","0.0"
"B087CPSL1H","X0021P8V2T","VIVOSUN Lot de 2 Sécateur de Jardin 17 cm, Poignée Ergonomique, Lame Droite en Acier Inoxydable avec Revêtement en Titane, Poignée Verrouillable, Convient aux Fleurs, Roses, Fruits et Plantes, Orange","'XCR2'","FR","23.8","9.4","1.6","centimeters","0.14","kilograms","4.0E-4","cubic meters","Standard-Size","60.0","0.0","0.0215","2026-04","14.4","weeks","27.54","0.0","59.8","0.0214","0.5915","0.0","EUR","0.5915","Others","N","N","0.0","--","0.0"
"B0BY2JKXC7","X0022GVOSP","Filet de Treillis élastique VIVOSUN 4 x 4 pi avec 4 Crochets pour Plantes grimpantes, légumes, Fruits et Fleurs, Paquet de 1","'XCR2'","FR","20.0","18.2","3.6","centimeters","0.18","kilograms","0.0013","cubic meters","Standard-Size","20.0","0.0","0.0262","2026-04","14.4","weeks","27.54","0.0","19.9","0.0261","0.7218","0.0","EUR","0.7218","Others","N","N","0.0","--","0.0"
"B0BZYSC7TB","X002610L85","VIVOSUN Ventilateur de Culture Oscillant, Ventilateur à Pince 150mm, Contrôle Par APP Wi-Fi Intelligent, 10 Vitesses & 2 Modes, Circulateur d'Air pour Tente de Culture, Minuterie, IP54, Blanc","'XCR2'","FR","24.69","24.41","18.69","centimeters","1.08","kilograms","0.0113","cubic meters","Standard-Size","24.27","0.0","0.2734","2026-04","14.4","weeks","27.54","0.0","24.2","0.2726","7.5294","0.0","EUR","7.5294","Others","N","N","0.0","--","0.0"
"B0C6QK97P2","X002CUEXZ7","VIVOSUN Ventilateur en ligne 100 mm 330 m³/h AeroZesh G4 avec moteur EC et GrowHub E42A+, contrôle VPD, WiFi/App, ventilation pour tentes de culture, refroidissement et hydroponie","'XCR2'","FR","32.29","24.6","19.8","centimeters","2.85","kilograms","0.0157","cubic meters","Standard-Size","37.47","0.0","0.5893","2026-04","14.4","weeks","27.54","0.0","37.47","0.5893","16.2291","0.0","EUR","16.2291","Others","N","N","0.0","--","0.0"
"B0CGHJG44R","X0021L5QML","VIVOSUN Pro Tente De Culture 90x90x180cm Tiges 22mm Tissu Oxford Mylar Réfléchissant Kit CFM pour AeroLight A200SE​","'XFRE'","FR","95.5","32.8","18.8","centimeters","14.82","kilograms","0.0589","cubic meters","Oversize","1.0","0.0","0.0589","2026-04","20.5","weeks","21.78","0.0","1.0","0.0589","1.2842","0.0","EUR","1.2842","Others","N","N","0.0","--","0.0"
"B0FB8MD9WM","X002BH0QWZ","VIVOSUN Lampe LED pour Plantes Lumalight 150W, Lampe de Croissance à Spectre Complet avec PPFD Élevé et Fonction de Gradation, Éclairage Intelligent pour Plantes D'Intérieur, Semis, Légumes et Florais","'XFRE'","FR","38.61","38.61","7.62","centimeters","2.86","kilograms","0.0114","cubic meters","Oversize","4.67","0.0","0.053","2026-04","20.5","weeks","21.78","0.0","4.67","0.053","1.1558","0.0","EUR","1.1558","Others","N","N","0.0","--","0.0"
"B01DXYM98K","X001VJEKAX","VIVOSUN Tente de Culture 150x150x200cm, Tente Hydroponique Intérieure Lumière-Proof avec Mylar Réfléchissant, Fenêtre D'observation, Bac de Fond, Structure de Cadre Stable, Tente de Plantes","'XFRL'","FR","100.0","33.02","20.32","centimeters","17.01","kilograms","0.0671","cubic meters","Oversize","0.2","0.0","0.0134","2026-04","20.5","weeks","21.78","0.0","0.2","0.0134","0.29","0.0","EUR","0.29","Others","N","N","0.0","--","0.0"
"B0BMV1W52R","X001WOUTQV","VIVOSUN AeroZesh T6 Ventilateur Conduit 150mm 693 m³/h Ventilateur en Ligne Extraction E12 Régulateur Vitesse PWM Programmables Tentes Culture Ventilation Croissance Hydroponique Intérieur","'XOR4'","FR","33.0","26.0","25.0","centimeters","2.75","kilograms","0.0214","cubic meters","Standard-Size","26.0","0.0","0.5577","2026-04","14.4","weeks","27.54","0.0","26.0","0.5577","15.36","0.0","EUR","15.36","Others","N","N","0.0","--","0.0"
"B0BKPVFBKY","X001WU9STJ","VIVOSUN Lampe LED de Culture 100W à Spectre Complet avec Ventilateur de Circulation Intégré, Compatible avec App & E42A/E25 AeroLight A100SE pour Growzelt 90x90cm","'XOR4'","FR","40.2","34.4","8.4","centimeters","2.73","kilograms","0.0116","cubic meters","Oversize","1.4","0.0","0.0163","2026-04","20.5","weeks","21.78","0.0","1.4","0.0163","0.3542","0.0","EUR","0.3542","Others","N","N","0.0","--","0.0"
"B0CBRQW2KW","X001YZQ7SH","VIVOSUN AeroZesh G8 Kit de Filtration d'air Intelligent de 20,3 cm, Ventilateur de Conduit en Ligne avec contrôleur de Vitesse E12, Filtre à Charbon et Conduit de 7,6 m, système de Refroidissement et","'XOR4'","FR","71.12","58.42","31.75","centimeters","15.83","kilograms","0.1319","cubic meters","Oversize","8.0","0.0","1.0553","2026-04","20.5","weeks","21.78","0.0","8.0","1.0553","22.9859","0.0","EUR","22.9859","Others","N","N","0.0","--","0.0"
"B0CGHDFN7T","X0021KYJI9","VIVOSUN Pro Tente De Culture 60x60x120cm Tiges 22mm Tissu Oxford Mylar Réfléchissant pour AeroLight A100​","'XOR4'","FR","66.04","33.02","16.51","centimeters","8.32","kilograms","0.036","cubic meters","Oversize","15.0","0.0","0.54","2026-04","20.5","weeks","21.78","0.0","15.0","0.54","11.7624","0.0","EUR","11.7624","Others","N","N","0.0","--","0.0"
"B0FB8MD9WM","X002BH0QWZ","VIVOSUN Lampe LED pour Plantes Lumalight 150W, Lampe de Croissance à Spectre Complet avec PPFD Élevé et Fonction de Gradation, Éclairage Intelligent pour Plantes D'Intérieur, Semis, Légumes et Florais","'XOR4'","FR","38.61","38.61","7.62","centimeters","2.86","kilograms","0.0114","cubic meters","Oversize","5.0","0.0","0.0568","2026-04","20.5","weeks","21.78","0.0","5.0","0.0568","1.237","0.0","EUR","1.237","Others","N","N","0.0","--","0.0"
"B07NLXH9TT","X002G6XBD7","VIVOSUN Coupe-bourgeons de 48,3 cm avec dôme transparent, lames tranchantes en acier inoxydable pour coupe rotative, boîte de vitesses en métal massif et sécateur manuel (version améliorée)","'XOR4'","FR","49.02","48.77","30.23","centimeters","7.08","kilograms","0.0723","cubic meters","Oversize","0.03","0.0","0.0024","2026-04","20.5","weeks","21.78","0.0","0.0","0.0","0.0525","0.0","EUR","0.0525","Others","N","N","0.0","--","0.0"
"B0F13KF4H6","X002G6Y0ZZ","VIVOSUN Kit Complet de Tente de Culture 80x80x160cm, Système Automatique avec WiFi, Lampe LED Horticole Spectre Complet, Ventilation Haute Efficacité et Contrôleur GrowHub E42A+","'XOR4'","FR","87.0","52.0","32.0","centimeters","21.0","kilograms","0.1448","cubic meters","Oversize","22.57","0.0","3.1994","2026-04","20.5","weeks","21.78","0.0","19.97","2.8905","69.685","0.0","EUR","69.685","Others","N","N","0.0","--","0.47"
"B07L8CZK73","X002G76FA7","VIVOSUN Coupe-bourgeons de 40,6 cm - Dôme transparent - Lames tranchantes en acier inoxydable pour coupe rotative et boîte de vitesses en métal massif - Sécateur manuel inclus (version améliorée)","'XOR4'","FR","44.45","42.67","28.7","centimeters","5.6","kilograms","0.0544","cubic meters","Oversize","0.03","0.0","0.0018","2026-04","20.5","weeks","21.78","0.0","0.0","0.0","0.0395","0.0","EUR","0.0395","Others","N","N","0.0","--","0.0"
"B0G39FYBJ6","X002GGNVYB","VIVOSUN LumaLight 750W Lampe LED de Culture, Spectre Complet, PPFD élevé, pénétration Profonde du Feuillage, dimmable, Barre LED pour Croissance et Floraison, 150x150 cm, Compatible GrowHub","'XOR4'","FR","100.0","66.04","10.16","centimeters","10.89","kilograms","0.0671","cubic meters","Oversize","0.17","0.0","0.0112","2026-04","20.5","weeks","21.78","0.0","0.0","0.0","0.2436","0.0","EUR","0.2436","Others","N","N","0.0","--","0.0"
"B01DXYM98K","X001VJEKAX","VIVOSUN Tente de Culture 150x150x200cm, Tente Hydroponique Intérieure Lumière-Proof avec Mylar Réfléchissant, Fenêtre D'observation, Bac de Fond, Structure de Cadre Stable, Tente de Plantes","'XOR7'","FR","100.0","33.02","20.32","centimeters","17.01","kilograms","0.0671","cubic meters","Oversize","0.17","0.0","0.0112","2026-04","20.5","weeks","21.78","0.0","0.17","0.0112","0.24","0.0","EUR","0.24","Others","N","N","0.0","--","0.0"
"B07QVWQ1HC","X001VKGI6B","VIVOSUN Pulvérisateur à Pression 8L avec Sangle d'Épaule Réglable, Flacon d'Eau Pressurisé pour Pelouse et Jardin, pour l'Arrosage des Plantes, l'Entretien du Jardin et le Nettoyage Domestique, Orange","'XOS1'","FR","54.99","17.98","17.98","centimeters","1.75","kilograms","0.0178","cubic meters","Oversize","33.87","0.0","0.6011","2026-04","20.5","weeks","21.78","0.0","33.8","0.6011","13.091","0.0","EUR","13.091","Others","N","N","0.0","--","0.07"
"B01DXYMHWS","X001VZO7S7","VIVOSUN 20CM Filtre à Charbon à Air pour Contrôle Odeurs Charbon Vierge d'Australie pour Ventilateur en Ligne, Epurateur Odeurs pour Tente de Culture Pré-Filtre Inclus Bride Réversible 20x51cm Argenté","'XOS1'","FR","54.4","30.3","29.8","centimeters","7.58","kilograms","0.0491","cubic meters","Oversize","14.37","0.0","0.7057","2026-04","20.5","weeks","21.78","0.0","14.37","0.7057","15.369","0.0","EUR","15.369","Others","N","N","0.0","--","0.0"
"B0BMV1W52R","X001WOUTQV","VIVOSUN AeroZesh T6 Ventilateur Conduit 150mm 693 m³/h Ventilateur en Ligne Extraction E12 Régulateur Vitesse PWM Programmables Tentes Culture Ventilation Croissance Hydroponique Intérieur","'XOS1'","FR","33.0","26.0","25.0","centimeters","2.75","kilograms","0.0214","cubic meters","Standard-Size","0.93","0.0","0.02","2026-04","14.4","weeks","27.54","0.0","0.93","0.02","0.55","0.0","EUR","0.55","Others","N","N","0.0","--","0.0"
"B08M3G5TH3","X001VZST45","VIVOSUN Filtro A Carbone Attivo 100mm 4 Pulgadas Control De Olores con Carbón Australiano para Extractor Ventilación Grow Tent Cultivo Interior Invernadero con Prefiltro","'BGY1'","IT","34.6","20.5","19.3","centimeters","2.68","kilograms","0.0137","cubic meters","Standard-Size","2.0","0.0","0.0274","2026-04","14.4","weeks","27.54","0.0","2.0","0.0274","0.752","0.0","EUR","0.752","Others","N","N","0.0","--","0.0"
"B0BXP3XLLR","X0020HG1EN","VIVOSUN AeroLab THB1S Wireless Bluetooth igrometro termometro da interno, VPD, misuratore digitale di umidità della temperatura, controllo e allarme Smart App LCD, archiviazione dati, doppio canale","'BGY1'","IT","14.5","12.6","2.8","centimeters","0.23","kilograms","5.0E-4","cubic meters","Standard-Size","1.0","0.0","5.0E-4","2026-04","14.4","weeks","27.54","0.0","1.0","5.0E-4","0.0141","0.0","EUR","0.0141","Others","N","N","0.0","--","0.0"
"B07FKJNGSZ","X0023T25DJ","ducting-1 Ducting","'BGY1'","IT","34.49","12.09","11.3","centimeters","0.67","kilograms","0.0047","cubic meters","Standard-Size","1.0","0.0","0.0047","2026-04","14.4","weeks","27.54","0.0","1.0","0.0047","0.1295","0.0","EUR","0.1295","Others","N","N","0.0","--","0.0"
"B0D8PQQWM3","X00276V1V5","VIVOSUN GrowCam C4, fotocamera intelligente WiFi 2K QHD per Grow Tent e VGrow Smart Grow Box, supporta WiFi a 2,4 GHz (non 5 GHz/6 GHz), timelapse, visione notturna, archiviazione scheda SD, audio a 2","'BGY1'","IT","10.6","9.4","6.2","centimeters","0.28","kilograms","6.0E-4","cubic meters","Standard-Size","4.0","0.0","0.0025","2026-04","14.4","weeks","27.54","0.0","4.0","0.0025","0.0679","0.0","EUR","0.0679","Others","N","N","0.0","--","0.0"
"B07RBL1XJV","X002F0MTB9","VIVOSUN 2-Pack Indoor Hydroponics LED Grow Room Occhiali con Custodia per Occhiali","'BGY1'","IT","18.1","17.5","6.5","centimeters","0.24","kilograms","0.0021","cubic meters","Standard-Size","1.0","0.0","0.0021","2026-04","14.4","weeks","27.54","0.0","1.0","0.0021","0.0566","0.0","EUR","0.0566","Others","N","N","0.0","--","0.0"
"B0BQF728P7","X001VEMT83","VIVOSUN AeroZesh T4 Ventola Aspirazione 100mm Ventilatore da Condotto Estrazione 357 m³/h con Regolatore di Velocità E12 Controllo PWM, Programmabile per Tende di Coltivazione e Ventilazione Indoor","'BLQ1'","IT","58.0","36.0","23.0","centimeters","2.19","kilograms","0.048","cubic meters","Oversize","13.0","0.0","0.6243","2026-04","20.5","weeks","21.78","0.0","13.0","0.6243","13.6","0.0","EUR","13.6","Others","N","N","0.0","--","0.0"
"B07Y81DTTJ","X001VKL6RR","VIVOSUN Spruzzatore a Pressione 4L, Bottiglia a Pompa con 3 Ugelli per l'acqua, design della Scanalatura Dell'impugnatura, Valvola di Sicurezza, Cinghia di Trasporto, per prati, piante e Pulizia","'BLQ1'","IT","40.9","18.8","18.7","centimeters","1.17","kilograms","0.0144","cubic meters","Standard-Size","27.0","0.0","0.3882","2026-04","14.4","weeks","27.54","0.0","27.0","0.3882","10.6903","0.0","EUR","10.6903","Others","N","N","0.0","--","0.0"
"B08M3G5TH3","X001VZST45","VIVOSUN Filtro A Carbone Attivo 100mm 4 Pulgadas Control De Olores con Carbón Australiano para Extractor Ventilación Grow Tent Cultivo Interior Invernadero con Prefiltro","'BLQ1'","IT","34.6","20.5","19.3","centimeters","2.68","kilograms","0.0137","cubic meters","Standard-Size","4.0","0.0","0.0548","2026-04","14.4","weeks","27.54","0.0","4.0","0.0548","1.5078","0.0","EUR","1.5078","Others","N","N","0.0","--","0.0"
"B06Y1XVD1P","X001W1HJ2B","VIVOSUN Confezione 1 Forbici da Giardinaggio 17cm Forbici da Pianta con Manici Ergonomici Forbici da Potatura con Lame Dritte e Rivestimento Antiaderente Titanio Forbici da Rose Blu","'BLQ1'","IT","21.6","7.0","1.5","centimeters","0.07","kilograms","2.0E-4","cubic meters","Standard-Size","173.33","0.0","0.0393","2026-04","14.4","weeks","27.54","0.0","173.33","0.0393","1.0825","0.0","EUR","1.0825","Others","N","N","0.0","--","0.0"
"B0C6QJVMD1","X001WOK37V","VIVOSUN Ventilatore da Condotto AeroZesh G6 150 mm, Ventilatore di Estrazione EC 660 m³/h Controllo PWM e Regolatore Velocità E12 per Tende Coltivazione, Growbox e Sistemi Ventilazione Indoor","'BLQ1'","IT","33.6","26.3","22.8","centimeters","3.31","kilograms","0.0201","cubic meters","Standard-Size","3.0","0.0","0.0604","2026-04","14.4","weeks","27.54","0.0","3.0","0.0604","1.6644","0.0","EUR","1.6644","Others","N","N","0.0","--","0.0"
"B0BMV1W52R","X001WOUTQV","VIVOSUN AeroZesh T6 Ventola Aspirazione 150mm Ventilatore da Condotto Estrazione 693 m³/h Regolatore di Velocità E12 Controllo PWM Programmabile per Tende di Coltivazione e Ventilazione Indoor","'BLQ1'","IT","33.0","26.0","25.0","centimeters","2.75","kilograms","0.0214","cubic meters","Standard-Size","10.0","0.0","0.2145","2026-04","14.4","weeks","27.54","0.0","10.0","0.2145","5.9065","0.0","EUR","5.9065","Others","N","N","0.0","--","0.0"
"B0C6QG963B","X001WOUZFV","VIVOSUN Ventilatore da Condotto AeroZesh G4 100 mm, Ventilatore di Estrazione EC 331 m³/h Controllo PWM e Regolatore Velocità E12 per Tende Coltivazione, Growbox e Sistemi Ventilazione Indoor","'BLQ1'","IT","32.7","24.4","19.7","centimeters","2.48","kilograms","0.0157","cubic meters","Standard-Size","16.0","0.0","0.2515","2026-04","14.4","weeks","27.54","0.0","16.0","0.2515","6.9251","0.0","EUR","6.9251","Others","N","N","0.0","--","0.0"
"B0C2C8NP5D","X001YZNSF7","VIVOSUN Ventilatore da Condotto AeroZesh S6 150 mm 688 m³/h Estrazione con Regolatore velocità E12 PWM Programmabile per Tende Coltivazione e Sistemi Ventilazione","'BLQ1'","IT","35.6","28.1","25.7","centimeters","2.75","kilograms","0.0257","cubic meters","Standard-Size","2.0","0.0","0.0514","2026-04","14.4","weeks","27.54","0.0","2.0","0.0514","1.4159","0.0","EUR","1.4159","Others","N","N","0.0","--","0.0"
"B0BXD9RK42","X001Z5PQDD","VIVOSUN Kit di Irrigazione a Goccia Automatica Solare con Timer, Uscita 3 W, Sistema di Irrigazione a Goccia Automatico Alimentato a Energia Solare, Sistema di Irrigazione per Piante da Giardino","'BLQ1'","IT","31.1","21.2","7.1","centimeters","0.93","kilograms","0.0047","cubic meters","Standard-Size","5.0","0.0","0.0234","2026-04","14.4","weeks","27.54","0.0","5.0","0.0234","0.6445","0.0","EUR","0.6445","Others","N","N","0.0","--","0.0"
"B0BY2JKXC7","X0022GVOSP","VIVOSUN 4 x 4Ft. Rete Elastica a Traliccio con 4 Ganci per Piante Rampicanti, Ortaggi, Frutta e Fiori, 1-Pack","'BLQ1'","IT","20.0","18.2","3.6","centimeters","0.18","kilograms","0.0013","cubic meters","Standard-Size","29.0","0.0","0.038","2026-04","14.4","weeks","27.54","0.0","29.0","0.038","1.0464","0.0","EUR","1.0464","Others","N","N","0.0","--","0.0"
"B0D8PQQWM3","X00276V1V5","VIVOSUN GrowCam C4, fotocamera intelligente WiFi 2K QHD per Grow Tent e VGrow Smart Grow Box, supporta WiFi a 2,4 GHz (non 5 GHz/6 GHz), timelapse, visione notturna, archiviazione scheda SD, audio a 2","'BLQ1'","IT","10.6","9.4","6.2","centimeters","0.28","kilograms","6.0E-4","cubic meters","Standard-Size","9.0","0.0","0.0056","2026-04","14.4","weeks","27.54","0.0","9.0","0.0056","0.1531","0.0","EUR","0.1531","Others","N","N","0.0","--","0.0"
"B07RBL1XJV","X002F0MTB9","VIVOSUN 2-Pack Indoor Hydroponics LED Grow Room Occhiali con Custodia per Occhiali","'BLQ1'","IT","18.1","17.5","6.5","centimeters","0.24","kilograms","0.0021","cubic meters","Standard-Size","2.0","0.0","0.0041","2026-04","14.4","weeks","27.54","0.0","2.0","0.0041","0.1134","0.0","EUR","0.1134","Others","N","N","0.0","--","0.0"
"B0BQF728P7","X001VEMT83","VIVOSUN AeroZesh T4 Ventola Aspirazione 100mm Ventilatore da Condotto Estrazione 357 m³/h con Regolatore di Velocità E12 Controllo PWM, Programmabile per Tende di Coltivazione e Ventilazione Indoor","'FCO1'","IT","58.0","36.0","23.0","centimeters","2.19","kilograms","0.048","cubic meters","Oversize","3.0","0.0","0.1441","2026-04","20.5","weeks","21.78","0.0","3.0","0.1441","3.1388","0.0","EUR","3.1388","Others","N","N","0.0","--","0.0"
"B00P7RUI3U","X001VKE34Z","VIVOSUN Rete a traliccio in poliestere resistente, 1,5 x 4,6 m, confezione da 1","'FCO1'","IT","13.8","12.8","2.3","centimeters","0.07","kilograms","4.0E-4","cubic meters","Standard-Size","0.9","0.0","4.0E-4","2026-04","14.4","weeks","27.54","0.0","0.9","4.0E-4","0.0101","0.0","EUR","0.0101","Others","N","N","0.0","--","0.0"
"B07QTHF9ZT","X001VKGPG9","VIVOSUN Spruzzatore Nebulizzatore Manuale a Pressione da 0,8L con Ugello in Ottone Regolabile, per Giardinaggio, Orto, Trattamenti Piante e Pulizia, Colore Verde","'FCO1'","IT","31.3","15.7","14.7","centimeters","0.39","kilograms","0.0072","cubic meters","Standard-Size","5.0","0.0","0.0361","2026-04","14.4","weeks","27.54","0.0","5.0","0.0361","0.9948","0.0","EUR","0.9948","Others","N","N","0.0","--","0.0"
"B07Y81DTTJ","X001VKL6RR","VIVOSUN Spruzzatore a Pressione 4L, Bottiglia a Pompa con 3 Ugelli per l'acqua, design della Scanalatura Dell'impugnatura, Valvola di Sicurezza, Cinghia di Trasporto, per prati, piante e Pulizia","'FCO1'","IT","40.9","18.8","18.7","centimeters","1.17","kilograms","0.0144","cubic meters","Standard-Size","9.0","0.0","0.1294","2026-04","14.4","weeks","27.54","0.0","9.0","0.1294","3.5643","0.0","EUR","3.5643","Others","N","N","0.0","--","0.0"
"B01DXYMBU6","X001VZSIFF","VIVOSUN Filtro A Carbone Attivo 100mm 4 Pulgadas Control De Olores con Carbón Australiano para Extractor Ventilación Grow Tent Cultivo Interior Invernadero con Prefiltro","'FCO1'","IT","34.29","19.7","19.2","centimeters","2.71","kilograms","0.013","cubic meters","Standard-Size","1.0","0.0","0.013","2026-04","14.4","weeks","27.54","0.0","1.0","0.013","0.3572","0.0","EUR","0.3572","Others","N","N","0.0","--","0.0"
"B08M3G5TH3","X001VZST45","VIVOSUN Filtro A Carbone Attivo 100mm 4 Pulgadas Control De Olores con Carbón Australiano para Extractor Ventilación Grow Tent Cultivo Interior Invernadero con Prefiltro","'FCO1'","IT","34.6","20.5","19.3","centimeters","2.68","kilograms","0.0137","cubic meters","Standard-Size","2.0","0.0","0.0274","2026-04","14.4","weeks","27.54","0.0","2.0","0.0274","0.7541","0.0","EUR","0.7541","Others","N","N","0.0","--","0.0"
"B0C6QG963B","X001WOUZFV","VIVOSUN Ventilatore da Condotto AeroZesh G4 100 mm, Ventilatore di Estrazione EC 331 m³/h Controllo PWM e Regolatore Velocità E12 per Tende Coltivazione, Growbox e Sistemi Ventilazione Indoor","'FCO1'","IT","32.7","24.4","19.7","centimeters","2.48","kilograms","0.0157","cubic meters","Standard-Size","2.0","0.0","0.0314","2026-04","14.4","weeks","27.54","0.0","2.0","0.0314","0.8659","0.0","EUR","0.8659","Others","N","N","0.0","--","0.0"
"B0C2436JDR","X001WTEUMP","VIVOSUN 2 Paia di Ganci Regolabili da 0,3 cm, Resistenti Ganci in Corda con Ingranaggi in Metallo Rinforzato, Corda Lunga 2,4 m e capacità di Peso di 68 kg per Grow Light, Ventola in Linea, Filtri","'FCO1'","IT","15.1","14.6","4.2","centimeters","0.3","kilograms","9.0E-4","cubic meters","Standard-Size","43.0","0.0","0.0398","2026-04","14.4","weeks","27.54","0.0","43.0","0.0398","1.0966","0.0","EUR","1.0966","Others","N","N","0.0","--","0.0"
"B07VJDZHXG","X0021OYWH3","VIVOSUN Lente di Ingrandimento per Gioielliere 30X e 60X con LED, Kit da 2 Pieghevoli in Alluminio e Plastica - per Ispezioni di Diamanti, Gioielli, Monete, Francobolli, Antichità (Bianco)","'FCO1'","IT","9.2","8.0","6.4","centimeters","0.17","kilograms","5.0E-4","cubic meters","Standard-Size","32.0","0.0","0.0151","2026-04","14.4","weeks","27.54","0.0","32.0","0.0151","0.4152","0.0","EUR","0.4152","Others","N","N","0.0","--","0.0"
"B096VM7MF3","X0022GVMRD","VIVOSUN 6-Layer Mesh Drying Rack Hanging Design con cerniere verdi per la disidratazione, forbici da potatura per interni ed esterni incluse","'FCO1'","IT","25.2","24.79","8.61","centimeters","0.94","kilograms","0.0054","cubic meters","Standard-Size","6.0","0.0","0.0323","2026-04","14.4","weeks","27.54","0.0","6.0","0.0323","0.8888","0.0","EUR","0.8888","Others","N","N","0.0","--","0.0"
"B0BY2JKXC7","X0022GVOSP","VIVOSUN 4 x 4Ft. Rete Elastica a Traliccio con 4 Ganci per Piante Rampicanti, Ortaggi, Frutta e Fiori, 1-Pack","'FCO1'","IT","20.0","18.2","3.6","centimeters","0.18","kilograms","0.0013","cubic meters","Standard-Size","45.0","0.0","0.059","2026-04","14.4","weeks","27.54","0.0","45.0","0.059","1.6242","0.0","EUR","1.6242","Others","N","N","0.0","--","0.0"
"B01EUURUVM","X0023SZURD","VIVOSUN Condotto flessibile in alluminio per ventilazione, 10,2 cm, 2 morsetti inclusi, kit di sfiato multistrato per asciugatrice a lunga durata, sistemi di ventilazione","'FCO1'","IT","43.94","12.07","11.68","centimeters","0.79","kilograms","0.0062","cubic meters","Standard-Size","19.0","0.0","0.1177","2026-04","14.4","weeks","27.54","0.0","19.0","0.1177","3.243","0.0","EUR","3.243","Others","N","N","0.0","--","0.0"
"B07FKJNGSZ","X0023T25DJ","ducting-1 Ducting","'FCO1'","IT","34.49","12.09","11.3","centimeters","0.67","kilograms","0.0047","cubic meters","Standard-Size","3.0","0.0","0.0141","2026-04","14.4","weeks","27.54","0.0","3.0","0.0141","0.3895","0.0","EUR","0.3895","Others","N","N","0.0","--","0.0"
"B07WFDCYZL","X0023T6Q1L","VIVOSUN Confezione da 2 tubi flessibili in alluminio flessibile da 10,5 cm, non isolati, per ventilazione HVAC, con quattro morsetti in acciaio inossidabile da 10,5 cm","'FCO1'","IT","45.29","22.91","12.4","centimeters","1.55","kilograms","0.0129","cubic meters","Oversize","6.0","0.0","0.0772","2026-04","20.5","weeks","21.78","0.0","6.0","0.0772","1.6812","0.0","EUR","1.6812","Others","N","N","0.0","--","0.0"
"B010UCCR3A","X0023T6QNT","VIVOSUN Condotto flessibile in alluminio per condotti di ventilazione con 2 morsetti in acciaio inox da 20,3 cm, kit di sfiato per tubo flessibile per asciugatrice multistrato lungo e resistente,","'FCO1'","IT","32.8","22.2","21.8","centimeters","1.38","kilograms","0.0159","cubic meters","Standard-Size","4.0","0.0","0.0635","2026-04","14.4","weeks","27.54","0.0","4.0","0.0635","1.7489","0.0","EUR","1.7489","Others","N","N","0.0","--","0.0"
"B015F4VFGI","X0024R8AGB","VIVOSUN Termostato Digitale per Tappetino Riscaldante, 5-42°C, 1000W per Rettili, Semine, Germinazione, Incubazione e Fermentazione","'FCO1'","IT","16.8","12.3","8.1","centimeters","0.48","kilograms","0.0017","cubic meters","Standard-Size","58.0","0.0","0.0971","2026-04","14.4","weeks","27.54","0.0","58.0","0.0971","2.6739","0.0","EUR","2.6739","Others","N","N","0.0","--","0.0"
"B0D8PQQWM3","X00276V1V5","VIVOSUN GrowCam C4, fotocamera intelligente WiFi 2K QHD per Grow Tent e VGrow Smart Grow Box, supporta WiFi a 2,4 GHz (non 5 GHz/6 GHz), timelapse, visione notturna, archiviazione scheda SD, audio a 2","'FCO1'","IT","10.6","9.4","6.2","centimeters","0.28","kilograms","6.0E-4","cubic meters","Standard-Size","37.0","0.0","0.0229","2026-04","14.4","weeks","27.54","0.0","37.0","0.0229","0.6296","0.0","EUR","0.6296","Others","N","N","0.0","--","0.0"
"B07RBL1XJV","X002F0MTB9","VIVOSUN 2-Pack Indoor Hydroponics LED Grow Room Occhiali con Custodia per Occhiali","'FCO1'","IT","18.1","17.5","6.5","centimeters","0.24","kilograms","0.0021","cubic meters","Standard-Size","14.0","0.0","0.0288","2026-04","14.4","weeks","27.54","0.0","14.0","0.0288","0.7939","0.0","EUR","0.7939","Others","N","N","0.0","--","0.0"
"B0BQF728P7","X001VEMT83","VIVOSUN AeroZesh T4 Ventola Aspirazione 100mm Ventilatore da Condotto Estrazione 357 m³/h con Regolatore di Velocità E12 Controllo PWM, Programmabile per Tende di Coltivazione e Ventilazione Indoor","'FCO2'","IT","58.0","36.0","23.0","centimeters","2.19","kilograms","0.048","cubic meters","Oversize","1.0","0.0","0.048","2026-04","20.5","weeks","21.78","0.0","1.0","0.048","1.046","0.0","EUR","1.046","Others","N","N","0.0","--","0.0"
"B0BYRBRX9V","X001VJI559","VIVOSUN Kit per la Coltivazione di Tende ad alta CFM, Gamma di pali verdi da 24""-48"", Adatto per Tende da Coltivazione da 2'x2', 3'x3', 4'x2' e 4'x4', Confezione da 4 pz.","'FCO2'","IT","74.6","11.9","8.0","centimeters","1.34","kilograms","0.0071","cubic meters","Oversize","118.0","0.0","0.838","2026-04","20.5","weeks","21.78","0.0","118.0","0.838","18.2521","0.0","EUR","18.2521","Others","N","N","0.0","--","0.0"
"B08M42FD1V","X001VZO71T","VIVOSUN Filtro al carbone dell'aria da 20,3 cm con carbone vergine australiano per ventilatore online, purificatore degli odori della tenda di coltivazione, prefiltro incluso, flangia reversibile 20,3","'FCO2'","IT","55.1","30.2","29.2","centimeters","7.37","kilograms","0.0486","cubic meters","Oversize","21.0","0.0","1.0204","2026-04","20.5","weeks","21.78","0.0","21.0","1.0204","22.2237","0.0","EUR","22.2237","Others","N","N","0.0","--","0.0"
"B01DXYMHWS","X001VZO7S7","VIVOSUN Filtro A Carbone Attivo 200mm 8 Pulgadas Control De Olores con Carbón Australiano para Extractor Ventilación Grow Tent Cultivo Interior Invernadero con Prefiltro","'FCO2'","IT","54.4","30.3","29.8","centimeters","7.58","kilograms","0.0491","cubic meters","Oversize","6.0","0.0","0.2947","2026-04","20.5","weeks","21.78","0.0","6.0","0.2947","6.419","0.0","EUR","6.419","Others","N","N","0.0","--","0.0"
"B0BMV1W52R","X001WOUTQV","VIVOSUN AeroZesh T6 Ventola Aspirazione 150mm Ventilatore da Condotto Estrazione 693 m³/h Regolatore di Velocità E12 Controllo PWM Programmabile per Tende di Coltivazione e Ventilazione Indoor","'FCO2'","IT","33.0","26.0","25.0","centimeters","2.75","kilograms","0.0214","cubic meters","Standard-Size","5.0","0.0","0.1072","2026-04","14.4","weeks","27.54","0.0","5.0","0.1072","2.95","0.0","EUR","2.95","Others","N","N","0.0","--","0.0"
"B0CBRSM7H7","X001YYP5MH","VIVOSUN Kit di Estrazione Ventilatore da Condotto 100mm AeroZesh G4 GrowHub E42A+ Controllo VPD Temperatura Umidità WiFi, Filtro a Carbone Attivo e Condotto per Tende Coltivazione Idroponica","'FCO2'","IT","57.58","35.99","23.09","centimeters","7.02","kilograms","0.0479","cubic meters","Oversize","3.0","0.0","0.1436","2026-04","20.5","weeks","21.78","0.0","3.0","0.1436","3.1265","0.0","EUR","3.1265","Others","N","N","0.0","--","0.0"
"B0CBPGTTYW","X001YZRB9B","VIVOSUN Kit di Estrazione Ventilatore da Condotto 150mm 693m³/h con Regolatore di velocità E12 Filtro a Carbone e Condotto 240cm AeroZesh T6 per Tende di Coltivazione e Growbox","'FCO2'","IT","93.45","28.45","25.37","centimeters","9.14","kilograms","0.0675","cubic meters","Oversize","39.0","0.0","2.6307","2026-04","20.5","weeks","21.78","0.0","39.0","2.6307","57.2974","0.0","EUR","57.2974","Others","N","N","0.0","--","0.0"
"B08JG8F18N","X0020AEZ6V","VIVOSUN VS1000 2 Confezione Luce di Crescita a LED con diodi Samsung LM301 e driver Sosen Luci dimmerabili a spettro completo simile al sole per tende 2x2/3x3","'FCO2'","IT","35.2","35.0","17.8","centimeters","5.19","kilograms","0.0219","cubic meters","Oversize","18.0","0.0","0.3947","2026-04","20.5","weeks","21.78","0.0","18.0","0.3947","8.5972","0.0","EUR","8.5972","Others","N","N","0.0","--","0.0"
"B0C2C97QWM","X0020FVYJH","VIVOSUN SGS Kit di Filtrazione Aria 100mm con Ventilatore di Condotto Inline, Controllore WiFi GrowHub E42A di Temp e Umidità e Lampada LED di Crescita 100W per Tende di Coltivazione","'FCO2'","IT","43.4","37.0","30.5","centimeters","6.07","kilograms","0.049","cubic meters","Oversize","69.0","0.0","3.3794","2026-04","20.5","weeks","21.78","0.0","69.0","3.3794","73.6031","0.0","EUR","73.6031","Others","N","N","0.0","--","0.0"
"B08GPTLSZH","X0020YXKEP","VIVOSUN VS4000 Lampada LED di Crescita con Diodi LM301 e Pilota di Marchio, Luce a Spettro Completo Simile al Sole Regolabile in Luminosità con Occhiali, per Semini, Verdure e Fiori","'FCO2'","IT","67.5","67.0","13.4","centimeters","10.49","kilograms","0.0606","cubic meters","Oversize","33.0","0.0","1.9998","2026-04","20.5","weeks","21.78","0.0","33.0","1.9998","43.5565","0.0","EUR","43.5565","Others","N","N","0.0","--","0.0"
"B0CGHJ3F21","X0021L4TZV","VIVOSUN P276 32""×32""×63"" PRO Grow Tent, con Pali Spessi da 1 pollice, Tessuto Mylar Oxford ad alta Riflessione Rinforzato e barre di Sospensione extra per AeroLight A150, senza kit CFM elevato","'FCO2'","IT","85.0","32.4","18.6","centimeters","11.26","kilograms","0.0512","cubic meters","Oversize","1.0","0.0","0.0512","2026-04","20.5","weeks","21.78","0.0","1.0","0.0512","1.1157","0.0","EUR","1.1157","Others","N","N","0.0","--","0.0"
"B08346W5S6","X0023SUF0Z","VIVOSUN Bidone rotante doppio del compost del batch del compostatore di rotolamento all'aperto, porta nera da 43 galloni","'FCO2'","IT","57.0","57.0","23.0","centimeters","11.68","kilograms","0.0747","cubic meters","Oversize","7.0","0.0","0.5231","2026-04","20.5","weeks","21.78","0.0","7.0","0.5231","11.3928","0.0","EUR","11.3928","Others","N","N","0.0","--","0.0"
"B01DXYMBU6","X001VZSIFF","VIVOSUN Filtro A Carbone Attivo 100mm 4 Pulgadas Control De Olores con Carbón Australiano para Extractor Ventilación Grow Tent Cultivo Interior Invernadero con Prefiltro","'MXP5'","IT","34.29","19.7","19.2","centimeters","2.71","kilograms","0.013","cubic meters","Standard-Size","1.0","0.0","0.013","2026-04","14.4","weeks","27.54","0.0","1.0","0.013","0.3575","0.0","EUR","0.3575","Others","N","N","0.0","--","0.0"
"B06Y1XVD1P","X001W1HJ2B","VIVOSUN Confezione 1 Forbici da Giardinaggio 17cm Forbici da Pianta con Manici Ergonomici Forbici da Potatura con Lame Dritte e Rivestimento Antiaderente Titanio Forbici da Rose Blu","'MXP5'","IT","21.6","7.0","1.5","centimeters","0.07","kilograms","2.0E-4","cubic meters","Standard-Size","0.03","0.0","0.0","2026-04","14.4","weeks","27.54","0.0","0.03","0.0","2.0E-4","0.0","EUR","2.0E-4","Others","N","N","0.0","--","0.0"
"B0CRDQ63HT","X0021PRUUD","VIVOSUN FlexFeed Kit Professionale di Irrigazione a Goccia Automatica, Sistema Controllabile Via App con Pompa e 4 Emetitori a Goccia per Piante","'MXP5'","IT","11.91","11.3","5.79","centimeters","0.18","kilograms","8.0E-4","cubic meters","Standard-Size","0.13","0.0","1.0E-4","2026-04","14.4","weeks","27.54","0.0","0.0","0.0","0.0029","0.0","EUR","0.0029","Others","N","N","0.0","--","0.0"
"B0CMYX2H9Q","X0023L9EWR","VIVOSUN Ventilatore Da 10 cm AeroWave D4, Con Gancio Removibile, Flusso Potente E Silenzioso, 3 Velocità, Angolo Aggiustabile, Per Idroponica, Circolazione Aria E Raffreddamento Nero","'MXP5'","IT","14.1","12.7","7.01","centimeters","0.29","kilograms","0.0013","cubic meters","Standard-Size","0.5","0.0","6.0E-4","2026-04","14.4","weeks","27.54","0.0","0.5","6.0E-4","0.0173","0.0","EUR","0.0173","Others","N","N","0.0","--","0.0"
"B0CMZFSLCL","X0023L9G3T","VIVOSUN Ventilatore da 10 cm AeroWave D4 2 Pezzi, con Gancio Removibile, Flusso Potente E Silenzioso, 3 velocità, Angolo Regolabile, per Idroponica, Circolazione Aria E Raffreddamento, Nero","'MXP5'","IT","16.1","14.5","13.1","centimeters","0.58","kilograms","0.0031","cubic meters","Standard-Size","0.4","0.0","0.0012","2026-04","14.4","weeks","27.54","0.0","0.07","2.0E-4","0.0337","0.0","EUR","0.0337","Others","N","N","0.0","--","0.0"
"B0D8PQQWM3","X00276V1V5","VIVOSUN GrowCam C4, fotocamera intelligente WiFi 2K QHD per Grow Tent e VGrow Smart Grow Box, supporta WiFi a 2,4 GHz (non 5 GHz/6 GHz), timelapse, visione notturna, archiviazione scheda SD, audio a 2","'MXP5'","IT","10.6","9.4","6.2","centimeters","0.28","kilograms","6.0E-4","cubic meters","Standard-Size","0.4","0.0","2.0E-4","2026-04","14.4","weeks","27.54","0.0","0.4","2.0E-4","0.0068","0.0","EUR","0.0068","Others","N","N","0.0","--","0.0"
"B0FHZV3WNM","X002CXIWAB","VIVOSUN AeroFlux Riscaldatore per Tende da Coltivazione Intelligenti 700 W, Riscaldamento PTC con Termostato, Monitoraggio VPD, Controllo app, Protezione Contro il Surriscaldamento e Tubo di prolunga","'MXP5'","IT","33.0","31.1","19.4","centimeters","3.19","kilograms","0.0199","cubic meters","Standard-Size","1.53","0.0","0.0305","2026-04","14.4","weeks","27.54","0.0","1.53","0.0305","0.8416","0.0","EUR","0.8416","Others","N","N","0.0","--","0.0"
"B07QTHF9ZT","X001VKGPG9","VIVOSUN Spruzzatore Nebulizzatore Manuale a Pressione da 0,8L con Ugello in Ottone Regolabile, per Giardinaggio, Orto, Trattamenti Piante e Pulizia, Colore Verde","'MXP6'","IT","31.3","15.7","14.7","centimeters","0.39","kilograms","0.0072","cubic meters","Standard-Size","7.0","0.0","0.0506","2026-04","14.4","weeks","27.54","0.0","7.0","0.0506","1.3923","0.0","EUR","1.3923","Others","N","N","0.0","--","0.0"
"B07Y81DTTJ","X001VKL6RR","VIVOSUN Spruzzatore a Pressione 4L, Bottiglia a Pompa con 3 Ugelli per l'acqua, design della Scanalatura Dell'impugnatura, Valvola di Sicurezza, Cinghia di Trasporto, per prati, piante e Pulizia","'MXP6'","IT","40.9","18.8","18.7","centimeters","1.17","kilograms","0.0144","cubic meters","Standard-Size","26.0","0.0","0.3738","2026-04","14.4","weeks","27.54","0.0","26.0","0.3738","10.2933","0.0","EUR","10.2933","Others","N","N","0.0","--","0.0"
"B08M3G5TH3","X001VZST45","VIVOSUN Filtro A Carbone Attivo 100mm 4 Pulgadas Control De Olores con Carbón Australiano para Extractor Ventilación Grow Tent Cultivo Interior Invernadero con Prefiltro","'MXP6'","IT","34.6","20.5","19.3","centimeters","2.68","kilograms","0.0137","cubic meters","Standard-Size","2.0","0.0","0.0274","2026-04","14.4","weeks","27.54","0.0","2.0","0.0274","0.7538","0.0","EUR","0.7538","Others","N","N","0.0","--","0.0"
"B07VJDZHXG","X0021OYWH3","VIVOSUN Lente di Ingrandimento per Gioielliere 30X e 60X con LED, Kit da 2 Pieghevoli in Alluminio e Plastica - per Ispezioni di Diamanti, Gioielli, Monete, Francobolli, Antichità (Bianco)","'MXP6'","IT","9.2","8.0","6.4","centimeters","0.17","kilograms","5.0E-4","cubic meters","Standard-Size","1.0","0.47","3.0E-4","2026-04","14.4","weeks","27.54","0.0","0.53","3.0E-4","0.0069","0.0","EUR","0.0069","Others","N","N","0.0","--","0.0"
"B01DXYMKIO","X001VV7LMP","VIVOSUN Grow Tent 90x90x180 CM (36''x36''x72''), Made of Highly Reflective Mylar with Viewing Window and Base Tray for Hydroponics Seedling Indoor Plant Growing Suitable for VS2000/VS3000","'BHX7'","GB","95.6","24.8","16.6","centimeters","9.4","kilograms","1.3899","cubic feet","Oversize","2.37","0.0","3.2893","2026-04","18.0","weeks","0.55","0.0","2.37","3.2893","1.8082","0.0","GBP","1.8082","Others","N","N","0.0","--","0.0"
"B0CGHJG44R","X0022PRRPF","VIVOSUN PRO Grow Tent 90x90x180 CM (36""x36""x72""),with Thick 22 mm Poles, 2000D Oxford Fabric with Highly Reflective Mylar Extra Hanging Poles & High CFM Kit for Hydroponics P336 for AeroLight A200SE","'BHX7'","GB","95.5","32.8","18.8","centimeters","14.82","kilograms","2.0796","cubic feet","Oversize","2.53","0.0","5.2684","2026-04","18.0","weeks","0.55","0.0","2.53","5.2684","2.8962","0.0","GBP","2.8962","Others","N","N","0.0","--","0.0"
"B0CGHDFN7T","X0022PY2IZ","VIVOSUN Pro Grow Tent 60x60x120 CM (24""x24""x48""), with Thick 22 mm Poles, 2000D Oxford Fabric with Highly Reflective Mylar Extra Hanging Poles for Hydroponics Indoor Plant, No High CFM Set","'BHX7'","GB","66.04","33.02","16.51","centimeters","8.32","kilograms","1.2714","cubic feet","Oversize","1.13","0.0","1.3138","2026-04","18.0","weeks","0.55","0.0","1.03","1.3138","0.7222","0.0","GBP","0.7222","Others","N","N","0.0","--","0.1"
"B01CTM0LLO","X0022UCQOR","VIVOSUN Inline Duct Fan 8 Inch 740 CFM with Variable Speed Control for Grow Tent, Ventilation, Plant Tent, Indoor, Garden, Ventilation Fan, Z8 Pipe Fan, Black","'BHX7'","GB","38.5","35.5","28.0","centimeters","6.2","kilograms","1.3515","cubic feet","Oversize","0.97","0.0","1.2614","2026-04","18.0","weeks","0.55","0.0","0.93","1.2614","0.6934","0.0","GBP","0.6934","Others","N","N","0.0","--","0.03"
"B0C6JR9Y9D","X001XJCBLL","VIVOSUN AeroWave E6 Grow Tent Fan 6”, EC Motor, Smart Wifi Control, US Patented Auto Oscillating Clip fan, IP54, Strong Airflow but Quiet for Hydroponic Ventilation Circulation 2-Pack","'BRS1'","GB","26.9","24.7","18.7","centimeters","2.06","kilograms","0.4388","cubic feet","Standard-Size","0.23","0.0","0.1024","2026-04","27.6","weeks","0.76","0.42","0.23","0.1024","0.08","0.04","GBP","0.12","Others","N","N","0.0","--","0.0"
"B00P7RUI3U","X001VV7Y8V","VIVOSUN Garden Netting 5 x 15ft. Plant Trellis Netting, Heavy-Duty Polyester Grow Net, Garden Trellis Netting with Square Mesh for Climbing Plants, Vegetables, Fruits, and Flowers, 1-Pack","'BRS2'","GB","17.1","13.5","1.4","centimeters","0.07","kilograms","0.0114","cubic feet","Standard-Size","0.07","0.0","8.0E-4","2026-04","27.6","weeks","0.76","0.42","0.07","8.0E-4","5.0E-4","5.0E-4","GBP","0.0011","Others","N","N","0.0","--","0.0"
"B0BTM3RC2G","X001WT9DF9","VIVOSUN 1-Pair 1/8 Inch Adjustable Grow Light Hanger, Heavy Duty Rope Hanger with Reinforced Metal Gears, 8Ft. Long and 150 lbs Weight Capacity Rope for Grow Light, Inline Fan, Filters","'BRS2'","GB","13.7","10.3","3.0","centimeters","0.15","kilograms","0.0149","cubic feet","Standard-Size","0.9","0.0","0.0135","2026-04","27.6","weeks","0.76","0.42","0.9","0.0135","0.0095","0.0095","GBP","0.0189","Others","N","N","0.0","--","0.0"
"B0C6QG963B","X001XJAHFD","VIVOSUN AeroZesh G4 Inline Duct Fan 100 mm Extractor Fan 331 m³/h with E12 Speed Controller and Fully Programmable PWM-Controlled EC Fan for Grow Tent Ventilation","'CWL1'","GB","32.5","24.3","19.5","centimeters","2.49","kilograms","0.5439","cubic feet","Standard-Size","1.0","0.0","0.5439","2026-04","27.6","weeks","0.76","0.42","1.0","0.5439","0.4136","0.2288","GBP","0.6424","Others","N","N","0.0","--","0.0"
"B0C6QJVMD1","X001XJCH1Z","VIVOSUN AeroZesh G6 Inline Duct Fan 6inch/150 mm Extractor Fan 660 m³/h with E12 Speed Controller and Entirely Programmable PWM-Controlled EC Fan for Growbox Grow Tent Ventilation","'CWL1'","GB","33.5","26.6","22.7","centimeters","3.33","kilograms","0.7143","cubic feet","Standard-Size","2.0","0.0","1.4287","2026-04","27.6","weeks","0.76","0.42","2.0","1.4287","1.0864","0.6012","GBP","1.6876","Others","N","N","0.0","--","0.0"
"B0BTM3RC2G","X001WT9DF9","VIVOSUN 1-Pair 1/8 Inch Adjustable Grow Light Hanger, Heavy Duty Rope Hanger with Reinforced Metal Gears, 8Ft. Long and 150 lbs Weight Capacity Rope for Grow Light, Inline Fan, Filters","'DSA2'","GB","13.7","10.3","3.0","centimeters","0.15","kilograms","0.0149","cubic feet","Standard-Size","19.0","0.0","0.284","2026-04","27.6","weeks","0.76","0.42","19.0","0.284","0.22","0.12","GBP","0.34","Others","N","N","0.0","--","0.0"
"B0CH7Z32KC","X001VZLOUB","VIVOSUN 20 cm Pre-Filter for 20 cm Carbon Filter, 45 cm Long, Black","'DSA6'","GB","23.7","21.3","3.0","centimeters","0.09","kilograms","0.0535","cubic feet","Standard-Size","1.0","0.0","0.0535","2026-04","27.6","weeks","0.76","0.42","1.0","0.0535","0.041","0.0223","GBP","0.0633","Others","N","N","0.0","--","0.0"
"B0BTM3RC2G","X001WT9DF9","VIVOSUN 1-Pair 1/8 Inch Adjustable Grow Light Hanger, Heavy Duty Rope Hanger with Reinforced Metal Gears, 8Ft. Long and 150 lbs Weight Capacity Rope for Grow Light, Inline Fan, Filters","'DSA6'","GB","13.7","10.3","3.0","centimeters","0.15","kilograms","0.0149","cubic feet","Standard-Size","15.7","0.0","0.2337","2026-04","27.6","weeks","0.76","0.42","15.63","0.2337","0.179","0.0977","GBP","0.2767","Others","N","N","0.0","--","0.07"
"B00P7RUI3U","X001VV7Y8V","VIVOSUN Garden Netting 5 x 15ft. Plant Trellis Netting, Heavy-Duty Polyester Grow Net, Garden Trellis Netting with Square Mesh for Climbing Plants, Vegetables, Fruits, and Flowers, 1-Pack","'EDI4'","GB","17.1","13.5","1.4","centimeters","0.07","kilograms","0.0114","cubic feet","Standard-Size","0.07","0.0","8.0E-4","2026-04","27.6","weeks","0.76","0.42","0.07","8.0E-4","6.0E-4","3.0E-4","GBP","9.0E-4","Others","N","N","0.0","--","0.0"
"B07QTHYLZV","X001WHRG73","VIVOSUN 0.8 L Hand Sprayer with Adjustable Brass Nozzle for Garden and Lawn Care, Pump Sprayer Garden Sprayer for Plant Spraying, Car Care and Other Cleaning Solutions, Red","'EDI4'","GB","31.7","15.7","14.5","centimeters","0.38","kilograms","0.2548","cubic feet","Standard-Size","0.23","0.03","0.051","2026-04","27.6","weeks","0.76","0.42","0.2","0.051","0.0386","0.0214","GBP","0.06","Others","N","N","0.0","--","0.0"
"B06Y1XVD1P","X001WHVGFL","VIVOSUN Gardening Scissors 6.5 Inch Hand Pruner Shear with Titanium Coated Blades, Pruning Shear for Plants, Flowers, Hedges 1-Pack Blue","'EDI4'","GB","21.5","7.1","1.5","centimeters","0.07","kilograms","0.0081","cubic feet","Standard-Size","0.13","0.0","0.0011","2026-04","27.6","weeks","0.76","0.42","0.13","0.0011","8.0E-4","5.0E-4","GBP","0.0013","Others","N","N","0.0","--","0.0"
"B0BTM3RC2G","X001WT9DF9","VIVOSUN 1-Pair 1/8 Inch Adjustable Grow Light Hanger, Heavy Duty Rope Hanger with Reinforced Metal Gears, 8Ft. Long and 150 lbs Weight Capacity Rope for Grow Light, Inline Fan, Filters","'EDI4'","GB","13.7","10.3","3.0","centimeters","0.15","kilograms","0.0149","cubic feet","Standard-Size","0.07","0.0","0.001","2026-04","27.6","weeks","0.76","0.42","0.07","0.001","8.0E-4","4.0E-4","GBP","0.0012","Others","N","N","0.0","--","0.0"
"B0C6QJVMD1","X001XJCH1Z","VIVOSUN AeroZesh G6 Inline Duct Fan 6inch/150 mm Extractor Fan 660 m³/h with E12 Speed Controller and Entirely Programmable PWM-Controlled EC Fan for Growbox Grow Tent Ventilation","'EDI4'","GB","33.5","26.6","22.7","centimeters","3.33","kilograms","0.7143","cubic feet","Standard-Size","0.5","0.4","0.0714","2026-04","27.6","weeks","0.76","0.42","0.1","0.0714","0.0541","0.0299","GBP","0.0841","Others","N","N","0.0","--","0.0"
"B0C6QKDG53","X00220SC3L","VIVOSUN AeroZesh G6 Inline Duct Fan 6inch/150 mm Quiet Extractor Fan 660 m³/h with EC Motor and GrowHub E42A WiFi Controller for Growbox, Cooling, Booster, Grow Tents, Hydroponics","'EDI4'","GB","33.5","26.5","23.0","centimeters","3.72","kilograms","0.7211","cubic feet","Standard-Size","1.0","0.0","0.7211","2026-04","27.6","weeks","0.76","0.42","1.0","0.7211","0.5466","0.3021","GBP","0.8486","Others","N","N","0.0","--","0.0"
"B0BKP6QLTD","X0022P24NP","VIVOSUN LED Grow Lamp 100 W Full Spectrum Plant Lamp with Integrated Circulation Fan Grow Light Compatible with App, AeroLight A100SE with GrowHub Controller E25 for 60 x 60 cm Grow Tent","'EDI4'","GB","40.4","34.4","8.2","centimeters","2.46","kilograms","0.4024","cubic feet","Oversize","0.17","0.0","0.0671","2026-04","18.0","weeks","0.55","0.0","0.17","0.0671","0.0382","0.0","GBP","0.0382","Others","N","N","0.0","--","0.0"
"B0BKPKKWYK","X0022P84ZR","VIVOSUN LED Grow Lamp 150 W Full Spectrum Plant Lamp with Integrated Circulation Fan Grow Light Compatible with App, AeroLight A150SE with GrowHub Controller E25 for 120 x 60 cm Grow Tent","'EDI4'","GB","39.9","35.1","6.9","centimeters","3.1","kilograms","0.3413","cubic feet","Oversize","0.27","0.0","0.091","2026-04","18.0","weeks","0.55","0.0","0.27","0.091","0.0518","0.0","GBP","0.0518","Others","N","N","0.0","--","0.0"
"B01DNUIGUY","X0022PUP95","VIVOSUN Soil Tester, 3-in-1 Plant Moisture Meter Light and PH Tester for Home, Garden, Lawn, Farm, Indoor and Outdoor Use, Promote Plants Healthy Growth","'EDI4'","GB","32.9","10.3","4.1","centimeters","0.09","kilograms","0.0491","cubic feet","Standard-Size","0.57","0.33","0.0114","2026-04","27.6","weeks","0.76","0.42","0.23","0.0114","0.0087","0.0048","GBP","0.0135","Others","N","N","0.0","--","0.0"
"B01DNUIGUY","X0022PUP95","VIVOSUN Soil Tester, 3-in-1 Plant Moisture Meter Light and PH Tester for Home, Garden, Lawn, Farm, Indoor and Outdoor Use, Promote Plants Healthy Growth","'EDI4'","GB","32.9","10.3","4.1","centimeters","0.09","kilograms","0.0491","cubic feet","Standard-Size","0.23","0.13","0.0049","2026-04","27.6","weeks","0.76","0.42","0.1","0.0049","0.0037","0.0021","GBP","0.0058","Others","N","N","0.0","--","0.0"
"B01CTM0JF2","X0022UCHDH","VIVOSUN Inline Duct Fan 6 Inch 440 CFM with Variable Speed Control for Grow Tent, Ventilation, Plant Tent, Indoor, Garden, Ventilation Fan, Z6 Pipe Fan, Black","'EDI4'","GB","34.0","31.0","26.0","centimeters","4.67","kilograms","0.9678","cubic feet","Standard-Size","1.03","0.47","0.5484","2026-04","27.6","weeks","0.76","0.42","0.57","0.5484","0.4157","0.2297","GBP","0.6454","Others","N","N","0.0","--","0.0"
"B01CTM0JF2","X0022UCHDH","VIVOSUN Inline Duct Fan 6 Inch 440 CFM with Variable Speed Control for Grow Tent, Ventilation, Plant Tent, Indoor, Garden, Ventilation Fan, Z6 Pipe Fan, Black","'EDI4'","GB","34.0","31.0","26.0","centimeters","4.67","kilograms","0.9678","cubic feet","Standard-Size","0.03","0.0","0.0323","2026-04","27.6","weeks","0.76","0.42","0.03","0.0323","0.0245","0.0135","GBP","0.038","Others","N","N","0.0","--","0.0"
"B0BXD9RK42","X0022UF9AZ","VIVOSUN Solar Automatic Drip Irrigation Kits with Timer, 3W Output, Solar Powered Auto Drip Irrigation System, 15 Pots Garden Plant Watering System, Plant Waterer Indoor Outdoor","'EDI4'","GB","31.1","21.2","7.1","centimeters","0.93","kilograms","0.1653","cubic feet","Standard-Size","0.2","0.03","0.0276","2026-04","27.6","weeks","0.76","0.42","0.17","0.0276","0.0209","0.0115","GBP","0.0324","Others","N","N","0.0","--","0.0"
"B0BXD9RK42","X0022UF9AZ","VIVOSUN Solar Automatic Drip Irrigation Kits with Timer, 3W Output, Solar Powered Auto Drip Irrigation System, 15 Pots Garden Plant Watering System, Plant Waterer Indoor Outdoor","'EDI4'","GB","31.1","21.2","7.1","centimeters","0.93","kilograms","0.1653","cubic feet","Standard-Size","0.17","0.03","0.022","2026-04","27.6","weeks","0.76","0.42","0.13","0.022","0.0167","0.0092","GBP","0.0259","Others","N","N","0.0","--","0.0"
"B0BXD9RK42","X0022UF9AZ","VIVOSUN Solar Automatic Drip Irrigation Kits with Timer, 3W Output, Solar Powered Auto Drip Irrigation System, 15 Pots Garden Plant Watering System, Plant Waterer Indoor Outdoor","'EDI4'","GB","31.1","21.2","7.1","centimeters","0.93","kilograms","0.1653","cubic feet","Standard-Size","0.07","0.0","0.011","2026-04","27.6","weeks","0.76","0.42","0.07","0.011","0.0084","0.0046","GBP","0.013","Others","N","N","0.0","--","0.0"
"B01731MLFK","X001VGR1MZ","VIVOSUN 6 Inch Air Carbon Filter Smelliness Control with Australia Virgin Charcoal for Inline Duct Fan, Grow Tent, Pre-Filter Included, Reversible Flange 6""x 16""","'EMA1'","GB","44.2","24.38","24.13","centimeters","4.74","kilograms","0.9183","cubic feet","Standard-Size","10.0","0.0","8.999","2026-04","27.6","weeks","0.76","0.42","9.8","8.999","6.8389","3.7802","GBP","10.6191","Others","N","N","0.0","--","0.2"
"B00TF9E4UO","X001VJ6ACJ","VIVOSUN Grow Bags 5 Pack 12L, Heavy Duty Thickened Nonwoven Fabric Pots with Strong Handles for Vegetables, Flowers, Fruits, Greenhouse and Garden","'EMA1'","GB","26.6","15.7","15.0","centimeters","0.51","kilograms","0.2212","cubic feet","Standard-Size","41.1","0.0","9.0701","2026-04","27.6","weeks","0.76","0.42","41.0","9.0701","6.8929","3.81","GBP","10.703","Others","N","N","0.0","--","0.1"
"B01DXYMBU6","X001VJLX5X","VIVOSUN 4 Inch Air Carbon Filter Odor Control with Australia Virgin Charcoal for Inline Fan, Grow Tent Odor Scrubber Indoor Hydroponics, Pre-filter Included, Reversible Flange 4"" x 14""","'EMA1'","GB","34.5","19.6","19.2","centimeters","2.7","kilograms","0.4585","cubic feet","Standard-Size","2.37","0.0","1.0851","2026-04","27.6","weeks","0.76","0.42","2.37","1.0851","0.8246","0.4558","GBP","1.2804","Others","N","N","0.0","--","0.0"
"B08M3VN2ST","X001VUM8SD","VIVOSUN 6 Inch Air Carbon Filter Smelliness Control with Australia Virgin Charcoal for Inline Fan, Grow Tent Smelliniss Scrubber, Pre-Filter Included, Reversible Flange 6""x 16"", Black","'EMA1'","GB","44.6","25.6","23.8","centimeters","4.49","kilograms","0.9596","cubic feet","Standard-Size","5.7","0.0","5.4379","2026-04","27.6","weeks","0.76","0.42","5.67","5.4379","4.1326","2.2843","GBP","6.4169","Others","N","N","0.0","--","0.03"
"B0CH7Y7M95","X001VY9KQH","VIVOSUN 15 cm Prefilter for 15 cm Carbon Filter, Black, 25 cm long","'EMA1'","GB","13.6","12.9","3.4","centimeters","0.04","kilograms","0.0211","cubic feet","Standard-Size","9.0","0.0","0.1896","2026-04","27.6","weeks","0.76","0.42","9.0","0.1896","0.1441","0.0796","GBP","0.2237","Others","N","N","0.0","--","0.0"
"B0CH7Z46B1","X001VZK9WF","VIVOSUN 15 cm pre-filter for 15 cm carbon filter, 35 cm long, black","'EMA1'","GB","18.0","17.8","2.9","centimeters","0.05","kilograms","0.0328","cubic feet","Standard-Size","14.0","0.0","0.4594","2026-04","27.6","weeks","0.76","0.42","14.0","0.4594","0.3491","0.193","GBP","0.5421","Others","N","N","0.0","--","0.0"
"B0CH7Z32KC","X001VZLOUB","VIVOSUN 20 cm Pre-Filter for 20 cm Carbon Filter, 45 cm Long, Black","'EMA1'","GB","23.7","21.3","3.0","centimeters","0.09","kilograms","0.0535","cubic feet","Standard-Size","17.0","0.0","0.9092","2026-04","27.6","weeks","0.76","0.42","17.0","0.9092","0.6909","0.3819","GBP","1.0729","Others","N","N","0.0","--","0.0"
"B0BMV1W52R","X001XJ0EL5","VIVOSUN AeroZesh T6 Inline Duct Fan 6 inch/150 mm Extractor Fan 693 m³/h with E12 Speed Controller and Entirely Programmable PWM-Controlled EC Fan for Grow Tent Ventilation Growbox","'EMA1'","GB","33.7","25.7","24.9","centimeters","2.8","kilograms","0.7616","cubic feet","Standard-Size","40.67","0.0","30.9711","2026-04","27.6","weeks","0.76","0.42","40.67","30.9711","23.5369","13.0098","GBP","36.5467","Others","N","N","0.0","--","0.0"
"B0BQF568WN","X001XJ9I8Z","VIVOSUN Inline Duct Fan 4 inch/100 mm with E42A WiFi-App Controller, Quiet Extractor Fan 357 m³/h with EC Motor Exhaust Fan for Heating, Cooling, Greenhouse Accessory, Grow Tents, Hydroponics","'EMA1'","GB","32.5","24.7","19.7","centimeters","2.64","kilograms","0.5585","cubic feet","Standard-Size","10.33","0.0","5.715","2026-04","27.6","weeks","0.76","0.42","10.23","5.715","4.3432","2.4007","GBP","6.7439","Others","N","N","0.0","--","0.1"
"B0C6QJVMD1","X001XJCH1Z","VIVOSUN AeroZesh G6 Inline Duct Fan 6inch/150 mm Extractor Fan 660 m³/h with E12 Speed Controller and Entirely Programmable PWM-Controlled EC Fan for Growbox Grow Tent Ventilation","'EMA1'","GB","33.5","26.6","22.7","centimeters","3.33","kilograms","0.7143","cubic feet","Standard-Size","23.4","0.0","16.5966","2026-04","27.6","weeks","0.76","0.42","23.23","16.5966","12.6128","6.9716","GBP","19.5844","Others","N","N","0.0","--","0.17"
"B0C6QKDG53","X00220SC3L","VIVOSUN AeroZesh G6 Inline Duct Fan 6inch/150 mm Quiet Extractor Fan 660 m³/h with EC Motor and GrowHub E42A WiFi Controller for Growbox, Cooling, Booster, Grow Tents, Hydroponics","'EMA1'","GB","33.5","26.5","23.0","centimeters","3.72","kilograms","0.7211","cubic feet","Standard-Size","9.43","0.0","6.778","2026-04","27.6","weeks","0.76","0.42","9.4","6.778","5.151","2.8472","GBP","7.9982","Others","N","N","0.0","--","0.03"
"B0B7J2931M","X0022HLKTR","VIVOSUN 2-Pcs. Grow Tent Vent Cover, 4""/6""/8"" Duct Filter Vent Cover with Elastic Band and Fixed Buckle for Plant Grow Tent Vent","'EMA1'","GB","19.1","13.49","5.0","centimeters","0.04","kilograms","0.0455","cubic feet","Standard-Size","0.23","0.0","0.0061","2026-04","27.6","weeks","0.76","0.42","0.13","0.0061","0.0046","0.0025","GBP","0.0072","Others","N","N","0.0","--","0.1"
"B0B7J1151P","X0022HM0AP","VIVOSUN 2-Pcs. Grow Tent Vent Cover, 4""/6""/8"" Duct Filter Vent Cover with Elastic Band and Fixed Buckle for Plant Grow Tent Vent","'EMA1'","GB","19.7","13.3","3.8","centimeters","0.03","kilograms","0.0352","cubic feet","Standard-Size","2.77","0.0","0.0973","2026-04","27.6","weeks","0.76","0.42","2.77","0.0973","0.0739","0.0409","GBP","0.1148","Others","N","N","0.0","--","0.0"
"B0BKP6QLTD","X0022P24NP","VIVOSUN LED Grow Lamp 100 W Full Spectrum Plant Lamp with Integrated Circulation Fan Grow Light Compatible with App, AeroLight A100SE with GrowHub Controller E25 for 60 x 60 cm Grow Tent","'EMA1'","GB","40.4","34.4","8.2","centimeters","2.46","kilograms","0.4024","cubic feet","Oversize","0.93","0.0","0.3622","2026-04","18.0","weeks","0.55","0.0","0.9","0.3622","0.2","0.0","GBP","0.2","Others","N","N","0.0","--","0.03"
"B0BXP47DZP","X0022PR5X9","VIVOSUN AeroLab THB1 Wireless Bluetooth Hygrometer Thermometer Indoor, Smart Temperature Monitor, VPD, Digital Humidity Meter, LCD Remote Control & Alert, Data Storage, Dual Channels, Battery Included","'EMA1'","GB","14.0","9.1","2.9","centimeters","0.15","kilograms","0.013","cubic feet","Standard-Size","35.03","0.0","0.4567","2026-04","27.6","weeks","0.76","0.42","35.0","0.4567","0.347","0.1918","GBP","0.5389","Others","N","N","0.0","--","0.03"
"B01DNUIGUY","X0022PUP95","VIVOSUN Soil Tester, 3-in-1 Plant Moisture Meter Light and PH Tester for Home, Garden, Lawn, Farm, Indoor and Outdoor Use, Promote Plants Healthy Growth","'EMA1'","GB","32.9","10.3","4.1","centimeters","0.09","kilograms","0.0491","cubic feet","Standard-Size","1.0","0.0","0.0491","2026-04","27.6","weeks","0.76","0.42","1.0","0.0491","0.0373","0.0206","GBP","0.0579","Others","N","N","0.0","--","0.0"
"B00TF9E4UO","X001VJ6ACJ","VIVOSUN Grow Bags 5 Pack 12L, Heavy Duty Thickened Nonwoven Fabric Pots with Strong Handles for Vegetables, Flowers, Fruits, Greenhouse and Garden","'EMA2'","GB","26.6","15.7","15.0","centimeters","0.51","kilograms","0.2212","cubic feet","Standard-Size","0.03","0.0","0.0074","2026-04","27.6","weeks","0.76","0.42","0.03","0.0074","0.0056","0.0031","GBP","0.0087","Others","N","N","0.0","--","0.0"
"B01DXYMBU6","X001VJLX5X","VIVOSUN 4 Inch Air Carbon Filter Odor Control with Australia Virgin Charcoal for Inline Fan, Grow Tent Odor Scrubber Indoor Hydroponics, Pre-filter Included, Reversible Flange 4"" x 14""","'EMA2'","GB","34.5","19.6","19.2","centimeters","2.7","kilograms","0.4585","cubic feet","Standard-Size","0.03","0.0","0.0153","2026-04","27.6","weeks","0.76","0.42","0.03","0.0153","0.0116","0.0064","GBP","0.018","Others","N","N","0.0","--","0.0"
"B0CH7Y7M95","X001VY9KQH","VIVOSUN 15 cm Prefilter for 15 cm Carbon Filter, Black, 25 cm long","'EMA2'","GB","13.6","12.9","3.4","centimeters","0.04","kilograms","0.0211","cubic feet","Standard-Size","25.73","0.0","0.5421","2026-04","27.6","weeks","0.76","0.42","25.73","0.5421","0.4118","0.2278","GBP","0.6396","Others","N","N","0.0","--","0.0"
"B0CH7Z46B1","X001VZK9WF","VIVOSUN 15 cm pre-filter for 15 cm carbon filter, 35 cm long, black","'EMA2'","GB","18.0","17.8","2.9","centimeters","0.05","kilograms","0.0328","cubic feet","Standard-Size","25.7","0.0","0.8433","2026-04","27.6","weeks","0.76","0.42","25.7","0.8433","0.6406","0.3543","GBP","0.995","Others","N","N","0.0","--","0.0"
"B0CH7Z32KC","X001VZLOUB","VIVOSUN 20 cm Pre-Filter for 20 cm Carbon Filter, 45 cm Long, Black","'EMA2'","GB","23.7","21.3","3.0","centimeters","0.09","kilograms","0.0535","cubic feet","Standard-Size","15.0","0.0","0.8022","2026-04","27.6","weeks","0.76","0.42","15.0","0.8022","0.6094","0.3371","GBP","0.9465","Others","N","N","0.0","--","0.0"
"B07QTHYLZV","X001WHRG73","VIVOSUN 0.8 L Hand Sprayer with Adjustable Brass Nozzle for Garden and Lawn Care, Pump Sprayer Garden Sprayer for Plant Spraying, Car Care and Other Cleaning Solutions, Red","'EMA2'","GB","31.7","15.7","14.5","centimeters","0.38","kilograms","0.2548","cubic feet","Standard-Size","7.4","0.0","1.8774","2026-04","27.6","weeks","0.76","0.42","7.37","1.8774","1.4262","0.7888","GBP","2.215","Others","N","N","0.0","--","0.03"
"B06Y1XVD1P","X001WHVGFL","VIVOSUN Gardening Scissors 6.5 Inch Hand Pruner Shear with Titanium Coated Blades, Pruning Shear for Plants, Flowers, Hedges 1-Pack Blue","'EMA2'","GB","21.5","7.1","1.5","centimeters","0.07","kilograms","0.0081","cubic feet","Standard-Size","67.3","0.0","0.5423","2026-04","27.6","weeks","0.76","0.42","67.07","0.5423","0.412","0.2279","GBP","0.6399","Others","N","N","0.0","--","0.23"
"B0BTM3RC2G","X001WT9DF9","VIVOSUN 1-Pair 1/8 Inch Adjustable Grow Light Hanger, Heavy Duty Rope Hanger with Reinforced Metal Gears, 8Ft. Long and 150 lbs Weight Capacity Rope for Grow Light, Inline Fan, Filters","'EMA2'","GB","13.7","10.3","3.0","centimeters","0.15","kilograms","0.0149","cubic feet","Standard-Size","69.0","0.0","1.0315","2026-04","27.6","weeks","0.76","0.42","69.0","1.0315","0.7836","0.4334","GBP","1.2171","Others","N","N","0.0","--","0.0"
"B01N2O1Z5B","X0022PX1Y1","VIVOSUN TDS Tester 3-in-1 TDS EC & Temperature Meter Ultrahigh Accuracy Digital Water Quality TDS Tester, for Drinking Water, Gardening, Aquariums, Blue","'EMA2'","GB","16.4","5.5","3.2","centimeters","0.1","kilograms","0.0102","cubic feet","Standard-Size","26.0","0.0","0.2643","2026-04","27.6","weeks","0.76","0.42","25.93","0.2643","0.2008","0.1111","GBP","0.3119","Others","N","N","0.0","--","0.07"
"B088GVCMZH","X0022UAF3L","VIVOSUN Pack of 3 Secateurs 17 cm Plant Shears with Ergonomic Handles Loppers with Curved Blades and Titanium Non-Stick Coating Rose Scissors Blue","'EMA2'","GB","22.5","8.5","4.5","centimeters","0.21","kilograms","0.0304","cubic feet","Standard-Size","25.97","0.0","0.7892","2026-04","27.6","weeks","0.76","0.42","25.97","0.7892","0.5995","0.3316","GBP","0.9311","Others","N","N","0.0","--","0.0"
"B0BY2BGGN2","X0022UAIC9","VIVOSUN Garden Netting 60 x 60 cm, Elastic Trellis Net with 4 Hooks Trellis Net for Climbing Plants Vegetables Fruits and Flowers","'EMA2'","GB","14.7","12.9","3.2","centimeters","0.09","kilograms","0.0214","cubic feet","Standard-Size","38.97","0.0","0.8343","2026-04","27.6","weeks","0.76","0.42","38.93","0.8343","0.6338","0.3506","GBP","0.9844","Others","N","N","0.0","--","0.03"
"B0BXD9RK42","X0022UF9AZ","VIVOSUN Solar Automatic Drip Irrigation Kits with Timer, 3W Output, Solar Powered Auto Drip Irrigation System, 15 Pots Garden Plant Watering System, Plant Waterer Indoor Outdoor","'EMA2'","GB","31.1","21.2","7.1","centimeters","0.93","kilograms","0.1653","cubic feet","Standard-Size","9.57","0.0","1.5815","2026-04","27.6","weeks","0.76","0.42","9.57","1.5815","1.2014","0.6645","GBP","1.8659","Others","N","N","0.0","--","0.0"
"B0BY2CVFB9","X0022UFAD1","VIVOSUN Garden Netting 90 x 90 cm Elastic Trellis Net with 4 Hooks Trellis Net for Climbing Plants Vegetables Fruits and Flowers","'EMA2'","GB","19.0","11.9","3.2","centimeters","0.14","kilograms","0.0256","cubic feet","Standard-Size","28.13","0.0","0.7163","2026-04","27.6","weeks","0.76","0.42","28.03","0.7163","0.5441","0.301","GBP","0.8451","Others","N","N","0.0","--","0.1"
"B07VK1LVN6","X0022UFDJ7","VIVOSUN 2-Pack 30X 60X Illuminated Jewelers Loupe Foldable Magnifier with LED Light for Jewelry Gems Watches Coins Stamps Antiques Black","'EMA2'","GB","9.6","8.0","6.5","centimeters","0.17","kilograms","0.0176","cubic feet","Standard-Size","24.97","0.0","0.4396","2026-04","27.6","weeks","0.76","0.42","24.93","0.4396","0.3339","0.1847","GBP","0.5186","Others","N","N","0.0","--","0.03"
"B0BY2CLYQQ","X0022UGHX3","VIVOSUN Garden Netting 60 x 120 cm, Trellis Net with 4 Hooks Trellis Net for Climbing Plants Vegetables Fruits and Flowers","'EMA2'","GB","18.9","11.8","3.1","centimeters","0.13","kilograms","0.0244","cubic feet","Standard-Size","26.27","0.0","0.6413","2026-04","27.6","weeks","0.76","0.42","26.27","0.6413","0.4872","0.2695","GBP","0.7567","Others","N","N","0.0","--","0.0"
"B0BY2DZJ8J","X0022UGHZV","VIVOSUN Garden Netting 150 x 150 cm, Trellis Net with 4 Hooks Trellis Net for Climbing Plants Vegetables Fruits and Flowers","'EMA2'","GB","23.6","23.0","7.4","centimeters","0.28","kilograms","0.1418","cubic feet","Standard-Size","5.43","0.0","0.714","2026-04","27.6","weeks","0.76","0.42","5.03","0.714","0.5424","0.3","GBP","0.8424","Others","N","N","0.0","--","0.4"
"B087CR7H9S","X0022UIUQF","VIVOSUN Pack of 2 Secateurs 17 cm Plant Shears with Ergonomic Handles Loppers with Curved Blades and Titanium Non-Stick Coating Rose Shears Blue","'EMA2'","GB","22.2","9.4","3.8","centimeters","0.14","kilograms","0.028","cubic feet","Standard-Size","53.97","0.0","1.5103","2026-04","27.6","weeks","0.76","0.42","53.93","1.5103","1.1474","0.6346","GBP","1.782","Others","N","N","0.0","--","0.03"
"B087CPSL1H","X0022UIXBH","VIVOSUN Pack of 2 Secateurs 17 cm Plant Shears with Ergonomic Handles Pruning Shears with Straight Blades and Titanium Non-Stick Coating Rose Scissors Orange","'EMA2'","GB","24.5","9.5","1.6","centimeters","0.14","kilograms","0.0132","cubic feet","Standard-Size","22.53","0.0","0.2963","2026-04","27.6","weeks","0.76","0.42","22.53","0.2963","0.2251","0.1245","GBP","0.3496","Others","N","N","0.0","--","0.0"
"B086V9MW2Q","X0022UIZ65","VIVOSUN PE-Coated Twist Ties 328 Feet (100m), Garden Plant Ties w/Cutter for Gardening, Outdoor Garden Twine Reuseable for Climbing Supporting Plants Tomatoes, Office Home Organization","'EMA2'","GB","18.3","11.8","5.0","centimeters","0.2","kilograms","0.0381","cubic feet","Standard-Size","48.0","0.0","1.8302","2026-04","27.6","weeks","0.76","0.42","48.0","1.8302","1.3904","0.769","GBP","2.1594","Others","N","N","0.0","--","0.0"
"B088GW8H4J","X0022WWM5X","VIVOSUN 3-Pack 17 cm Gardening Scissors Hand Pruner Pruning Shear with Straight Blades and Titanium Non-Stick Coating Rose Secateurs Orange","'EMA2'","GB","22.0","7.3","4.2","centimeters","0.21","kilograms","0.0238","cubic feet","Standard-Size","30.0","0.0","0.7146","2026-04","27.6","weeks","0.76","0.42","30.0","0.7146","0.5429","0.3003","GBP","0.8431","Others","N","N","0.0","--","0.0"
"B01DXYMKIO","X001VV7LMP","VIVOSUN Grow Tent 90x90x180 CM (36''x36''x72''), Made of Highly Reflective Mylar with Viewing Window and Base Tray for Hydroponics Seedling Indoor Plant Growing Suitable for VS2000/VS3000","'EMA3'","GB","95.6","24.8","16.6","centimeters","9.4","kilograms","1.3899","cubic feet","Oversize","6.37","0.0","8.8488","2026-04","18.0","weeks","0.55","0.0","6.37","8.8488","4.8681","0.0","GBP","4.8681","Others","N","N","0.0","--","0.0"
"B0BKPKKWYK","X0022P84ZR","VIVOSUN LED Grow Lamp 150 W Full Spectrum Plant Lamp with Integrated Circulation Fan Grow Light Compatible with App, AeroLight A150SE with GrowHub Controller E25 for 120 x 60 cm Grow Tent","'EMA3'","GB","39.9","35.1","6.9","centimeters","3.1","kilograms","0.3413","cubic feet","Oversize","2.0","0.0","0.6825","2026-04","18.0","weeks","0.55","0.0","2.0","0.6825","0.3755","0.0","GBP","0.3755","Others","N","N","0.0","--","0.0"
"B0CGHJG44R","X0022PRRPF","VIVOSUN PRO Grow Tent 90x90x180 CM (36""x36""x72""),with Thick 22 mm Poles, 2000D Oxford Fabric with Highly Reflective Mylar Extra Hanging Poles & High CFM Kit for Hydroponics P336 for AeroLight A200SE","'EMA3'","GB","95.5","32.8","18.8","centimeters","14.82","kilograms","2.0796","cubic feet","Oversize","6.23","0.0","12.9631","2026-04","18.0","weeks","0.55","0.0","6.23","12.9631","7.1316","0.0","GBP","7.1316","Others","N","N","0.0","--","0.0"
"B0CGHDFN7T","X0022PY2IZ","VIVOSUN Pro Grow Tent 60x60x120 CM (24""x24""x48""), with Thick 22 mm Poles, 2000D Oxford Fabric with Highly Reflective Mylar Extra Hanging Poles for Hydroponics Indoor Plant, No High CFM Set","'EMA3'","GB","66.04","33.02","16.51","centimeters","8.32","kilograms","1.2714","cubic feet","Oversize","0.07","0.0","0.0848","2026-04","18.0","weeks","0.55","0.0","0.07","0.0848","0.0466","0.0","GBP","0.0466","Others","N","N","0.0","--","0.0"
"B0CGHJ3F21","X0022PY31L","VIVOSUN Pro Grow Tent 80x80x160 CM (32""x32""x63""), with Thick 22 mm Poles, 2000DOxford Fabric with Highly Reflective Mylar Extra Hanging Poles, Growbox for Hydroponics Indoor Growing (No High CFM Set)","'EMA3'","GB","85.0","32.4","18.6","centimeters","11.26","kilograms","1.809","cubic feet","Oversize","2.53","0.0","4.5827","2026-04","18.0","weeks","0.55","0.0","2.53","4.5827","2.5212","0.0","GBP","2.5212","Others","N","N","0.0","--","0.0"
"B01CTM0LLO","X0022UCQOR","VIVOSUN Inline Duct Fan 8 Inch 740 CFM with Variable Speed Control for Grow Tent, Ventilation, Plant Tent, Indoor, Garden, Ventilation Fan, Z8 Pipe Fan, Black","'EMA3'","GB","38.5","35.5","28.0","centimeters","6.2","kilograms","1.3515","cubic feet","Oversize","2.77","0.0","3.739","2026-04","18.0","weeks","0.55","0.0","2.77","3.739","2.057","0.0","GBP","2.057","Others","N","N","0.0","--","0.0"
"B06Y1XVD1P","X001WHVGFL","VIVOSUN Gardening Scissors 6.5 Inch Hand Pruner Shear with Titanium Coated Blades, Pruning Shear for Plants, Flowers, Hedges 1-Pack Blue","'EMA4'","GB","21.5","7.1","1.5","centimeters","0.07","kilograms","0.0081","cubic feet","Standard-Size","4.2","0.0","0.0334","2026-04","27.6","weeks","0.76","0.42","4.13","0.0334","0.0254","0.014","GBP","0.0394","Others","N","N","0.0","--","0.07"
"B0BMTK8J3P","X001XJC5ET","VIVOSUN Inline Duct Fan 6inch/150 mm & Temperature Humidity Controller E42A WiFi-App Control, Quiet Extractor Fan 693 m³/h with EC Motor, Grow Tent Fan& Smart Thermostat for Growbox Hydroponics","'EMA4'","GB","33.5","25.7","25.2","centimeters","3.17","kilograms","0.7662","cubic feet","Standard-Size","7.83","0.0","6.0018","2026-04","27.6","weeks","0.76","0.42","7.83","6.0018","4.559","2.5228","GBP","7.0818","Others","N","N","0.0","--","0.0"
"B0BY2BGGN2","X0022UAIC9","VIVOSUN Garden Netting 60 x 60 cm, Elastic Trellis Net with 4 Hooks Trellis Net for Climbing Plants Vegetables Fruits and Flowers","'EMA4'","GB","14.7","12.9","3.2","centimeters","0.09","kilograms","0.0214","cubic feet","Standard-Size","0.03","0.0","7.0E-4","2026-04","27.6","weeks","0.76","0.42","0.03","7.0E-4","5.0E-4","3.0E-4","GBP","8.0E-4","Others","N","N","0.0","--","0.0"
"B0BY2CVFB9","X0022UFAD1","VIVOSUN Garden Netting 90 x 90 cm Elastic Trellis Net with 4 Hooks Trellis Net for Climbing Plants Vegetables Fruits and Flowers","'EMA4'","GB","19.0","11.9","3.2","centimeters","0.14","kilograms","0.0256","cubic feet","Standard-Size","0.03","0.0","9.0E-4","2026-04","27.6","weeks","0.76","0.42","0.03","9.0E-4","6.0E-4","4.0E-4","GBP","0.001","Others","N","N","0.0","--","0.0"
"B0B96R2RC3","X0022UIVC3","VIVOSUN Professional Automatic Drip Irrigation Kits, 15W Output, All in One Professional Grow Kit- Includes Pump, Timer and Regulator, 8 Drip Emitters Garden Plant Watering System Indoor Outdoor","'EMA4'","GB","18.9","16.4","16.1","centimeters","1.19","kilograms","0.1762","cubic feet","Standard-Size","0.03","0.0","0.0059","2026-04","27.6","weeks","0.76","0.42","0.03","0.0059","0.0045","0.0025","GBP","0.0069","Others","N","N","0.0","--","0.0"
"B01DXYMBU6","X001VJLX5X","VIVOSUN 4 Inch Air Carbon Filter Odor Control with Australia Virgin Charcoal for Inline Fan, Grow Tent Odor Scrubber Indoor Hydroponics, Pre-filter Included, Reversible Flange 4"" x 14""","'EUK5'","GB","34.5","19.6","19.2","centimeters","2.7","kilograms","0.4585","cubic feet","Standard-Size","2.87","0.0","1.2991","2026-04","27.6","weeks","0.76","0.42","2.83","1.2991","0.99","0.54","GBP","1.53","Others","N","N","0.0","--","0.03"
"B01DXYMQ9M","X001VV4KGZ","VIVOSUN Grow Tent 120x60x150 CM (48""x24""x60""), Made of Highly Reflective Mylar, with Viewing Window and Base Tray for Hydroponics and Indoor Growing, S425, Suitable for VS2000","'LBA2'","GB","100.0","25.0","13.0","centimeters","8.92","kilograms","1.1477","cubic feet","Oversize","0.17","0.1","0.0765","2026-04","18.0","weeks","0.55","0.0","0.07","0.0765","0.0421","0.0","GBP","0.0421","Others","N","N","0.0","--","0.0"
"B01DXYMQ9M","X001VV4KGZ","VIVOSUN Grow Tent 120x60x150 CM (48""x24""x60""), Made of Highly Reflective Mylar, with Viewing Window and Base Tray for Hydroponics and Indoor Growing, S425, Suitable for VS2000","'LBA2'","GB","100.0","25.0","13.0","centimeters","8.92","kilograms","1.1477","cubic feet","Oversize","14.23","0.0","15.7621","2026-04","18.0","weeks","0.55","0.0","13.5","15.4943","8.6692","0.0","GBP","8.6692","Others","N","N","0.0","--","0.5"
"B01DXYMKIO","X001VV7LMP","VIVOSUN Grow Tent 90x90x180 CM (36''x36''x72''), Made of Highly Reflective Mylar with Viewing Window and Base Tray for Hydroponics Seedling Indoor Plant Growing Suitable for VS2000/VS3000","'LBA2'","GB","95.6","24.8","16.6","centimeters","9.4","kilograms","1.3899","cubic feet","Oversize","12.47","0.0","17.327","2026-04","18.0","weeks","0.55","0.0","12.47","17.327","9.5299","0.0","GBP","9.5299","Others","N","N","0.0","--","0.0"
"B09LQL4XGK","X00221EQNZ","VIVOSUN VS3000 LED Grow Light with Samsung LM301 Diodes & Driver, Sun-Like Full Spectrum for Seedling, Vegetative & Flower, 300 W Plant Lamp for 90 x 90 cm/120 x 120 cm Grow Tent","'LBA2'","GB","57.0","56.0","14.0","centimeters","8.01","kilograms","1.5781","cubic feet","Oversize","6.77","0.0","10.6788","2026-04","18.0","weeks","0.55","0.0","6.77","10.6788","5.8734","0.0","GBP","5.8734","Others","N","N","0.0","--","0.0"
"B09LQCSC8P","X0022P1AK3","VIVOSUN VS1500 LED Grow Light with Samsung LM301 Diodes & Sosen Driver for Indoor Growing, Plant Lamp with Dimmable Lights & Sun-Like Full Spectrum for 90 x 90 cm Grow Tent","'LBA2'","GB","40.64","38.86","10.16","centimeters","3.9","kilograms","0.5667","cubic feet","Oversize","0.5","0.0","0.2833","2026-04","18.0","weeks","0.55","0.0","0.5","0.2833","0.1558","0.0","GBP","0.1558","Others","N","N","0.0","--","0.0"
"B0BKPKKWYK","X0022P84ZR","VIVOSUN LED Grow Lamp 150 W Full Spectrum Plant Lamp with Integrated Circulation Fan Grow Light Compatible with App, AeroLight A150SE with GrowHub Controller E25 for 120 x 60 cm Grow Tent","'LBA2'","GB","39.9","35.1","6.9","centimeters","3.1","kilograms","0.3413","cubic feet","Oversize","0.33","0.27","0.0228","2026-04","18.0","weeks","0.55","0.0","0.07","0.0228","0.0125","0.0","GBP","0.0125","Others","N","N","0.0","--","0.0"
"B0BKPKKWYK","X0022P84ZR","VIVOSUN LED Grow Lamp 150 W Full Spectrum Plant Lamp with Integrated Circulation Fan Grow Light Compatible with App, AeroLight A150SE with GrowHub Controller E25 for 120 x 60 cm Grow Tent","'LBA2'","GB","39.9","35.1","6.9","centimeters","3.1","kilograms","0.3413","cubic feet","Oversize","6.13","0.0","2.0931","2026-04","18.0","weeks","0.55","0.0","6.13","2.0931","1.1512","0.0","GBP","1.1512","Others","N","N","0.0","--","0.0"
"B0CGHJG44R","X0022PRRPF","VIVOSUN PRO Grow Tent 90x90x180 CM (36""x36""x72""),with Thick 22 mm Poles, 2000D Oxford Fabric with Highly Reflective Mylar Extra Hanging Poles & High CFM Kit for Hydroponics P336 for AeroLight A200SE","'LBA2'","GB","95.5","32.8","18.8","centimeters","14.82","kilograms","2.0796","cubic feet","Oversize","24.63","0.0","51.0901","2026-04","18.0","weeks","0.55","0.0","24.57","51.0901","28.0998","0.0","GBP","28.0998","Others","N","N","0.0","--","0.07"
"B0CBRPS1N8","X0022PUDVP","VIVOSUN PRO G6 Smart Air Filtration Kit, 15 cm AeroZesh G6 Duct Fan with GrowHub E42A, Carbon Filter & Air Duct, Cooling & Ventilation System for Grow Tent","'LBA2'","GB","93.0","27.0","26.0","centimeters","10.06","kilograms","2.3056","cubic feet","Oversize","0.9","0.0","2.075","2026-04","18.0","weeks","0.55","0.0","0.0","0.0","1.1413","0.0","GBP","1.1413","Others","N","N","0.0","--","0.0"
"B01DNUIGUY","X0022PUP95","VIVOSUN Soil Tester, 3-in-1 Plant Moisture Meter Light and PH Tester for Home, Garden, Lawn, Farm, Indoor and Outdoor Use, Promote Plants Healthy Growth","'LBA2'","GB","32.9","10.3","4.1","centimeters","0.09","kilograms","0.0491","cubic feet","Standard-Size","0.2","0.0","0.0098","2026-04","27.6","weeks","0.76","0.42","0.2","0.0098","0.005","0.005","GBP","0.01","Others","N","N","0.0","--","0.0"
"B01DNUIGUY","X0022PUP95","VIVOSUN Soil Tester, 3-in-1 Plant Moisture Meter Light and PH Tester for Home, Garden, Lawn, Farm, Indoor and Outdoor Use, Promote Plants Healthy Growth","'LBA2'","GB","32.9","10.3","4.1","centimeters","0.09","kilograms","0.0491","cubic feet","Standard-Size","0.2","0.0","0.0098","2026-04","27.6","weeks","0.76","0.42","0.2","0.0098","0.005","0.005","GBP","0.01","Others","N","N","0.0","--","0.0"
"B0CGHDFN7T","X0022PY2IZ","VIVOSUN Pro Grow Tent 60x60x120 CM (24""x24""x48""), with Thick 22 mm Poles, 2000D Oxford Fabric with Highly Reflective Mylar Extra Hanging Poles for Hydroponics Indoor Plant, No High CFM Set","'LBA2'","GB","66.04","33.02","16.51","centimeters","8.32","kilograms","1.2714","cubic feet","Oversize","9.63","0.0","11.7394","2026-04","18.0","weeks","0.55","0.0","9.23","11.7394","6.4567","0.0","GBP","6.4567","Others","N","N","0.0","--","0.4"
"B0CGHJ3F21","X0022PY31L","VIVOSUN Pro Grow Tent 80x80x160 CM (32""x32""x63""), with Thick 22 mm Poles, 2000DOxford Fabric with Highly Reflective Mylar Extra Hanging Poles, Growbox for Hydroponics Indoor Growing (No High CFM Set)","'LBA2'","GB","85.0","32.4","18.6","centimeters","11.26","kilograms","1.809","cubic feet","Oversize","0.23","0.13","0.1809","2026-04","18.0","weeks","0.55","0.0","0.1","0.1809","0.0995","0.0","GBP","0.0995","Others","N","N","0.0","--","0.0"
"B0CGHJ3F21","X0022PY31L","VIVOSUN Pro Grow Tent 80x80x160 CM (32""x32""x63""), with Thick 22 mm Poles, 2000DOxford Fabric with Highly Reflective Mylar Extra Hanging Poles, Growbox for Hydroponics Indoor Growing (No High CFM Set)","'LBA2'","GB","85.0","32.4","18.6","centimeters","11.26","kilograms","1.809","cubic feet","Oversize","17.5","0.0","31.3555","2026-04","18.0","weeks","0.55","0.0","17.33","31.3555","17.2457","0.0","GBP","17.2457","Others","N","N","0.0","--","0.17"
"B01CTM0LLO","X0022UCQOR","VIVOSUN Inline Duct Fan 8 Inch 740 CFM with Variable Speed Control for Grow Tent, Ventilation, Plant Tent, Indoor, Garden, Ventilation Fan, Z8 Pipe Fan, Black","'LBA2'","GB","38.5","35.5","28.0","centimeters","6.2","kilograms","1.3515","cubic feet","Oversize","19.0","0.0","25.6777","2026-04","18.0","weeks","0.55","0.0","19.0","25.6777","14.1229","0.0","GBP","14.1229","Others","N","N","0.0","--","0.0"
"B06Y1XVD1P","X001WHVGFL","VIVOSUN Gardening Scissors 6.5 Inch Hand Pruner Shear with Titanium Coated Blades, Pruning Shear for Plants, Flowers, Hedges 1-Pack Blue","'LBA5'","GB","21.5","7.1","1.5","centimeters","0.07","kilograms","0.0081","cubic feet","Standard-Size","56.7","0.0","0.4579","2026-04","27.6","weeks","0.76","0.42","56.63","0.4579","0.3486","0.1921","GBP","0.5407","Others","N","N","0.0","--","0.07"
"B0BTM3RC2G","X001WT9DF9","VIVOSUN 1-Pair 1/8 Inch Adjustable Grow Light Hanger, Heavy Duty Rope Hanger with Reinforced Metal Gears, 8Ft. Long and 150 lbs Weight Capacity Rope for Grow Light, Inline Fan, Filters","'LBA5'","GB","13.7","10.3","3.0","centimeters","0.15","kilograms","0.0149","cubic feet","Standard-Size","59.0","0.0","0.882","2026-04","27.6","weeks","0.76","0.42","59.0","0.882","0.6714","0.37","GBP","1.0415","Others","N","N","0.0","--","0.0"
"B0BMTK8J3P","X001XJC5ET","VIVOSUN Inline Duct Fan 6inch/150 mm & Temperature Humidity Controller E42A WiFi-App Control, Quiet Extractor Fan 693 m³/h with EC Motor, Grow Tent Fan& Smart Thermostat for Growbox Hydroponics","'LBA5'","GB","33.5","25.7","25.2","centimeters","3.17","kilograms","0.7662","cubic feet","Standard-Size","5.97","0.0","4.5716","2026-04","27.6","weeks","0.76","0.42","5.97","4.5716","3.48","1.9179","GBP","5.3978","Others","N","N","0.0","--","0.0"
"B0BQF728P7","X001VEAJR1","VIVOSUN AeroZesh T4 Inline Duct Fan 4inch/100 mm Extractor Fan 357 m³/h with E12 Speed Controller and Fully Programmable PWM-Controlled EC Quiet Ventilation Fan for Grow Tent Growbox","'LCY2'","GB","32.4","24.6","19.7","centimeters","2.22","kilograms","0.5545","cubic feet","Standard-Size","43.77","0.0","24.2501","2026-04","27.6","weeks","0.76","0.42","43.73","24.2501","18.4288","10.1858","GBP","28.6146","Others","N","N","0.0","--","0.03"
"B00P7RUI3U","X001VV7Y8V","VIVOSUN Garden Netting 5 x 15ft. Plant Trellis Netting, Heavy-Duty Polyester Grow Net, Garden Trellis Netting with Square Mesh for Climbing Plants, Vegetables, Fruits, and Flowers, 1-Pack","'LCY2'","GB","17.1","13.5","1.4","centimeters","0.07","kilograms","0.0114","cubic feet","Standard-Size","63.77","0.0","0.7247","2026-04","27.6","weeks","0.76","0.42","63.03","0.7194","0.5508","0.3022","GBP","0.8529","Others","N","N","0.0","--","0.27"
"B06Y1XVD1P","X001WHVGFL","VIVOSUN Gardening Scissors 6.5 Inch Hand Pruner Shear with Titanium Coated Blades, Pruning Shear for Plants, Flowers, Hedges 1-Pack Blue","'LCY2'","GB","21.5","7.1","1.5","centimeters","0.07","kilograms","0.0081","cubic feet","Standard-Size","280.0","0.0","2.2636","2026-04","27.6","weeks","0.76","0.42","279.93","2.2636","1.7202","0.9508","GBP","2.671","Others","N","N","0.0","--","0.07"
"B0BTM3RC2G","X001WT9DF9","VIVOSUN 1-Pair 1/8 Inch Adjustable Grow Light Hanger, Heavy Duty Rope Hanger with Reinforced Metal Gears, 8Ft. Long and 150 lbs Weight Capacity Rope for Grow Light, Inline Fan, Filters","'LCY2'","GB","13.7","10.3","3.0","centimeters","0.15","kilograms","0.0149","cubic feet","Standard-Size","19.0","0.0","0.284","2026-04","27.6","weeks","0.76","0.42","19.0","0.284","0.2159","0.1193","GBP","0.3352","Others","N","N","0.0","--","0.0"
"B0C2436JDR","X001WTB0T1","VIVOSUN 2-Pair 1/8 Inch Adjustable Grow Light Hangers, Heavy Duty Rope Hanger with Reinforced Metal Gears, 8Ft. Long and 150 lbs Weight Capacity Rope for Grow Light, Inline Fan, Filters","'LCY2'","GB","21.6","14.7","4.2","centimeters","0.3","kilograms","0.0471","cubic feet","Standard-Size","117.17","0.0","5.518","2026-04","27.6","weeks","0.76","0.42","117.17","5.518","4.1934","2.3177","GBP","6.5111","Others","N","N","0.0","--","0.0"
"B0BQF568WN","X001XJ9I8Z","VIVOSUN Inline Duct Fan 4 inch/100 mm with E42A WiFi-App Controller, Quiet Extractor Fan 357 m³/h with EC Motor Exhaust Fan for Heating, Cooling, Greenhouse Accessory, Grow Tents, Hydroponics","'LCY2'","GB","32.5","24.7","19.7","centimeters","2.64","kilograms","0.5585","cubic feet","Standard-Size","29.2","0.0","16.3074","2026-04","27.6","weeks","0.76","0.42","29.2","16.3074","12.3928","6.8496","GBP","19.2424","Others","N","N","0.0","--","0.0"
"B0BMTK8J3P","X001XJC5ET","VIVOSUN Inline Duct Fan 6inch/150 mm & Temperature Humidity Controller E42A WiFi-App Control, Quiet Extractor Fan 693 m³/h with EC Motor, Grow Tent Fan& Smart Thermostat for Growbox Hydroponics","'LCY2'","GB","33.5","25.7","25.2","centimeters","3.17","kilograms","0.7662","cubic feet","Standard-Size","15.4","0.0","11.7992","2026-04","27.6","weeks","0.76","0.42","15.4","11.7992","8.9668","4.956","GBP","13.9229","Others","N","N","0.0","--","0.0"
"B0C6QJVMD1","X001XJCH1Z","VIVOSUN AeroZesh G6 Inline Duct Fan 6inch/150 mm Extractor Fan 660 m³/h with E12 Speed Controller and Entirely Programmable PWM-Controlled EC Fan for Growbox Grow Tent Ventilation","'LCY2'","GB","33.5","26.6","22.7","centimeters","3.33","kilograms","0.7143","cubic feet","Standard-Size","4.7","0.0","3.3574","2026-04","27.6","weeks","0.76","0.42","4.7","3.3574","2.5515","1.4102","GBP","3.9617","Others","N","N","0.0","--","0.0"
"B0C6QKDG53","X00220SC3L","VIVOSUN AeroZesh G6 Inline Duct Fan 6inch/150 mm Quiet Extractor Fan 660 m³/h with EC Motor and GrowHub E42A WiFi Controller for Growbox, Cooling, Booster, Grow Tents, Hydroponics","'LCY2'","GB","33.5","26.5","23.0","centimeters","3.72","kilograms","0.7211","cubic feet","Standard-Size","17.0","0.0","12.2581","2026-04","27.6","weeks","0.76","0.42","17.0","12.2581","9.3155","5.1488","GBP","14.4643","Others","N","N","0.0","--","0.0"
"B096VPCTTV","X002214MBB","VIVOSUN 4-Layer Mesh Drying Rack Hanging Design with Green Zippers for Dehydrating, Indoor and Outdoor Pruning Shears Included","'LCY2'","GB","26.01","25.2","6.91","centimeters","0.71","kilograms","0.1599","cubic feet","Standard-Size","17.97","0.0","2.8675","2026-04","27.6","weeks","0.76","0.42","17.93","2.8675","2.1791","1.2044","GBP","3.3835","Others","N","N","0.0","--","0.03"
"B0BXP47DZP","X0022PR5X9","VIVOSUN AeroLab THB1 Wireless Bluetooth Hygrometer Thermometer Indoor, Smart Temperature Monitor, VPD, Digital Humidity Meter, LCD Remote Control & Alert, Data Storage, Dual Channels, Battery Included","'LCY2'","GB","14.0","9.1","2.9","centimeters","0.15","kilograms","0.013","cubic feet","Standard-Size","49.57","0.0","0.6467","2026-04","27.6","weeks","0.76","0.42","48.7","0.6354","0.4915","0.2669","GBP","0.7584","Others","N","N","0.0","--","0.0"
"B01N2O1Z5B","X0022PX1Y1","VIVOSUN TDS Tester 3-in-1 TDS EC & Temperature Meter Ultrahigh Accuracy Digital Water Quality TDS Tester, for Drinking Water, Gardening, Aquariums, Blue","'LCY2'","GB","16.4","5.5","3.2","centimeters","0.1","kilograms","0.0102","cubic feet","Standard-Size","45.2","0.0","0.4607","2026-04","27.6","weeks","0.76","0.42","45.2","0.4607","0.3501","0.1935","GBP","0.5437","Others","N","N","0.0","--","0.0"
"B0BXD9RK42","X0022UF9AZ","VIVOSUN Solar Automatic Drip Irrigation Kits with Timer, 3W Output, Solar Powered Auto Drip Irrigation System, 15 Pots Garden Plant Watering System, Plant Waterer Indoor Outdoor","'LCY2'","GB","31.1","21.2","7.1","centimeters","0.93","kilograms","0.1653","cubic feet","Standard-Size","14.07","0.0","2.3199","2026-04","27.6","weeks","0.76","0.42","14.03","2.3199","1.763","0.9744","GBP","2.7374","Others","N","N","0.0","--","0.03"
"B0BY2CVFB9","X0022UFAD1","VIVOSUN Garden Netting 90 x 90 cm Elastic Trellis Net with 4 Hooks Trellis Net for Climbing Plants Vegetables Fruits and Flowers","'LCY2'","GB","19.0","11.9","3.2","centimeters","0.14","kilograms","0.0256","cubic feet","Standard-Size","0.03","0.0","9.0E-4","2026-04","27.6","weeks","0.76","0.42","0.03","9.0E-4","6.0E-4","4.0E-4","GBP","0.001","Others","N","N","0.0","--","0.0"
"B0BQF728P7","X001VEAJR1","VIVOSUN AeroZesh T4 Inline Duct Fan 4inch/100 mm Extractor Fan 357 m³/h with E12 Speed Controller and Fully Programmable PWM-Controlled EC Quiet Ventilation Fan for Grow Tent Growbox","'LCY3'","GB","32.4","24.6","19.7","centimeters","2.22","kilograms","0.5545","cubic feet","Standard-Size","51.17","0.0","28.298","2026-04","27.6","weeks","0.76","0.42","51.03","28.298","21.5068","11.8846","GBP","33.3914","Others","N","N","0.0","--","0.13"
"B00TF9E4UO","X001VJ6ACJ","VIVOSUN Grow Bags 5 Pack 12L, Heavy Duty Thickened Nonwoven Fabric Pots with Strong Handles for Vegetables, Flowers, Fruits, Greenhouse and Garden","'LCY3'","GB","26.6","15.7","15.0","centimeters","0.51","kilograms","0.2212","cubic feet","Standard-Size","7.73","0.0","1.6813","2026-04","27.6","weeks","0.76","0.42","7.6","1.6813","1.2778","0.7061","GBP","1.9839","Others","N","N","0.0","--","0.13"
"B01DXYMBU6","X001VJLX5X","VIVOSUN 4 Inch Air Carbon Filter Odor Control with Australia Virgin Charcoal for Inline Fan, Grow Tent Odor Scrubber Indoor Hydroponics, Pre-filter Included, Reversible Flange 4"" x 14""","'LCY3'","GB","34.5","19.6","19.2","centimeters","2.7","kilograms","0.4585","cubic feet","Standard-Size","72.33","0.0","32.9656","2026-04","27.6","weeks","0.76","0.42","71.9","32.9656","25.0542","13.8449","GBP","38.8991","Others","N","N","0.0","--","0.43"
"B06Y1XVD1P","X001WHVGFL","VIVOSUN Gardening Scissors 6.5 Inch Hand Pruner Shear with Titanium Coated Blades, Pruning Shear for Plants, Flowers, Hedges 1-Pack Blue","'LCY3'","GB","21.5","7.1","1.5","centimeters","0.07","kilograms","0.0081","cubic feet","Standard-Size","0.1","0.0","8.0E-4","2026-04","27.6","weeks","0.76","0.42","0.1","8.0E-4","6.0E-4","3.0E-4","GBP","0.001","Others","N","N","0.0","--","0.0"
"B07QSCTT31","X001WHXGGX","VIVOSUN Handheld Garden Pump Sprayer 1.5L Lawn & Garden Pressure Water Spray Bottle with Adjustable Brass Nozzle, for Plants and Other Cleaning Solutions, Red","'LCY3'","GB","34.4","16.3","15.4","centimeters","0.47","kilograms","0.3049","cubic feet","Standard-Size","5.0","0.0","1.5247","2026-04","27.6","weeks","0.76","0.42","5.0","1.5247","1.1588","0.6404","GBP","1.7992","Others","N","N","0.0","--","0.0"
"B0BTM3RC2G","X001WT9DF9","VIVOSUN 1-Pair 1/8 Inch Adjustable Grow Light Hanger, Heavy Duty Rope Hanger with Reinforced Metal Gears, 8Ft. Long and 150 lbs Weight Capacity Rope for Grow Light, Inline Fan, Filters","'LCY3'","GB","13.7","10.3","3.0","centimeters","0.15","kilograms","0.0149","cubic feet","Standard-Size","81.0","0.0","1.2109","2026-04","27.6","weeks","0.76","0.42","81.0","1.2109","0.9203","0.5086","GBP","1.4289","Others","N","N","0.0","--","0.0"
"B0C2436JDR","X001WTB0T1","VIVOSUN 2-Pair 1/8 Inch Adjustable Grow Light Hangers, Heavy Duty Rope Hanger with Reinforced Metal Gears, 8Ft. Long and 150 lbs Weight Capacity Rope for Grow Light, Inline Fan, Filters","'LCY3'","GB","21.6","14.7","4.2","centimeters","0.3","kilograms","0.0471","cubic feet","Standard-Size","2.0","0.0","0.0942","2026-04","27.6","weeks","0.76","0.42","2.0","0.0942","0.0716","0.0396","GBP","0.1111","Others","N","N","0.0","--","0.0"
"B0BMV1W52R","X001XJ0EL5","VIVOSUN AeroZesh T6 Inline Duct Fan 6 inch/150 mm Extractor Fan 693 m³/h with E12 Speed Controller and Entirely Programmable PWM-Controlled EC Fan for Grow Tent Ventilation Growbox","'LCY3'","GB","33.7","25.7","24.9","centimeters","2.8","kilograms","0.7616","cubic feet","Standard-Size","48.33","0.0","36.8099","2026-04","27.6","weeks","0.76","0.42","48.33","36.8099","27.976","15.4594","GBP","43.4354","Others","N","N","0.0","--","0.0"
"B0BQF568WN","X001XJ9I8Z","VIVOSUN Inline Duct Fan 4 inch/100 mm with E42A WiFi-App Controller, Quiet Extractor Fan 357 m³/h with EC Motor Exhaust Fan for Heating, Cooling, Greenhouse Accessory, Grow Tents, Hydroponics","'LCY3'","GB","32.5","24.7","19.7","centimeters","2.64","kilograms","0.5585","cubic feet","Standard-Size","28.43","0.0","15.8606","2026-04","27.6","weeks","0.76","0.42","28.4","15.8606","12.0543","6.6611","GBP","18.7154","Others","N","N","0.0","--","0.03"
"B0C6QG963B","X001XJAHFD","VIVOSUN AeroZesh G4 Inline Duct Fan 100 mm Extractor Fan 331 m³/h with E12 Speed Controller and Fully Programmable PWM-Controlled EC Fan for Grow Tent Ventilation","'LCY3'","GB","32.5","24.3","19.5","centimeters","2.49","kilograms","0.5439","cubic feet","Standard-Size","1.0","0.0","0.5439","2026-04","27.6","weeks","0.76","0.42","0.2","0.1088","0.4133","0.0457","GBP","0.459","Others","N","N","0.0","--","0.0"
"B0BMTK8J3P","X001XJC5ET","VIVOSUN Inline Duct Fan 6inch/150 mm & Temperature Humidity Controller E42A WiFi-App Control, Quiet Extractor Fan 693 m³/h with EC Motor, Grow Tent Fan& Smart Thermostat for Growbox Hydroponics","'LCY3'","GB","33.5","25.7","25.2","centimeters","3.17","kilograms","0.7662","cubic feet","Standard-Size","19.37","0.0","14.8384","2026-04","27.6","weeks","0.76","0.42","19.37","14.8384","11.2774","6.2319","GBP","17.5093","Others","N","N","0.0","--","0.0"
"B0C6QJVMD1","X001XJCH1Z","VIVOSUN AeroZesh G6 Inline Duct Fan 6inch/150 mm Extractor Fan 660 m³/h with E12 Speed Controller and Entirely Programmable PWM-Controlled EC Fan for Growbox Grow Tent Ventilation","'LCY3'","GB","33.5","26.6","22.7","centimeters","3.33","kilograms","0.7143","cubic feet","Standard-Size","43.03","0.0","30.6215","2026-04","27.6","weeks","0.76","0.42","42.87","30.6215","23.2728","12.8605","GBP","36.1332","Others","N","N","0.0","--","0.17"
"B0C6QKDG53","X00220SC3L","VIVOSUN AeroZesh G6 Inline Duct Fan 6inch/150 mm Quiet Extractor Fan 660 m³/h with EC Motor and GrowHub E42A WiFi Controller for Growbox, Cooling, Booster, Grow Tents, Hydroponics","'LCY3'","GB","33.5","26.5","23.0","centimeters","3.72","kilograms","0.7211","cubic feet","Standard-Size","26.37","0.0","18.8678","2026-04","27.6","weeks","0.76","0.42","26.17","18.8678","14.3398","7.9241","GBP","22.2639","Others","N","N","0.0","--","0.2"
"B0B7J2931M","X0022HLKTR","VIVOSUN 2-Pcs. Grow Tent Vent Cover, 4""/6""/8"" Duct Filter Vent Cover with Elastic Band and Fixed Buckle for Plant Grow Tent Vent","'LCY3'","GB","19.1","13.49","5.0","centimeters","0.04","kilograms","0.0455","cubic feet","Standard-Size","98.0","0.0","4.4613","2026-04","27.6","weeks","0.76","0.42","98.0","4.4613","3.3906","1.8737","GBP","5.2643","Others","N","N","0.0","--","0.0"
"B0B7HXBR75","X0022HLWZ9","VIVOSUN 2 Pack Grow Tent Vent Cover 4""/6""/8"" Channel Filter Cover with Elastic Band and Fixed Buckle for Plant Growth Tents","'LCY3'","GB","19.4","13.5","2.6","centimeters","0.02","kilograms","0.024","cubic feet","Standard-Size","38.1","0.0","0.9154","2026-04","27.6","weeks","0.76","0.42","38.07","0.9154","0.6957","0.3844","GBP","1.0802","Others","N","N","0.0","--","0.03"
"B0B7J1151P","X0022HM0AP","VIVOSUN 2-Pcs. Grow Tent Vent Cover, 4""/6""/8"" Duct Filter Vent Cover with Elastic Band and Fixed Buckle for Plant Grow Tent Vent","'LCY3'","GB","19.7","13.3","3.8","centimeters","0.03","kilograms","0.0352","cubic feet","Standard-Size","88.87","0.0","3.1246","2026-04","27.6","weeks","0.76","0.42","88.87","3.1246","2.3747","1.3123","GBP","3.687","Others","N","N","0.0","--","0.0"
"B0BKP6QLTD","X0022P24NP","VIVOSUN LED Grow Lamp 100 W Full Spectrum Plant Lamp with Integrated Circulation Fan Grow Light Compatible with App, AeroLight A100SE with GrowHub Controller E25 for 60 x 60 cm Grow Tent","'LCY3'","GB","40.4","34.4","8.2","centimeters","2.46","kilograms","0.4024","cubic feet","Oversize","6.07","0.0","2.4415","2026-04","18.0","weeks","0.55","0.0","6.07","2.4415","1.34","0.0","GBP","1.34","Others","N","N","0.0","--","0.0"
"B088GVCMZH","X0022UAF3L","VIVOSUN Pack of 3 Secateurs 17 cm Plant Shears with Ergonomic Handles Loppers with Curved Blades and Titanium Non-Stick Coating Rose Scissors Blue","'LCY3'","GB","22.5","8.5","4.5","centimeters","0.21","kilograms","0.0304","cubic feet","Standard-Size","34.0","0.0","1.0334","2026-04","27.6","weeks","0.76","0.42","34.0","1.0334","0.7854","0.434","GBP","1.2193","Others","N","N","0.0","--","0.0"
"B01CTM0JF2","X0022UCHDH","VIVOSUN Inline Duct Fan 6 Inch 440 CFM with Variable Speed Control for Grow Tent, Ventilation, Plant Tent, Indoor, Garden, Ventilation Fan, Z6 Pipe Fan, Black","'LCY3'","GB","34.0","31.0","26.0","centimeters","4.67","kilograms","0.9678","cubic feet","Standard-Size","9.0","0.0","8.7099","2026-04","27.6","weeks","0.76","0.42","9.0","8.7099","6.6196","3.658","GBP","10.2776","Others","N","N","0.0","--","0.0"
"B01DXYMJ94","X0022UCNU9","VIVOSUN Inline Duct Fan 6 Inch 390 CFM EC Motor with Speed Controller, Quiet Pipe Fan, R6 Pipe Fan for Grow Tent, Greenhouse Ventilation","'LCY3'","GB","32.0","26.0","25.3","centimeters","3.02","kilograms","0.7434","cubic feet","Standard-Size","15.03","0.0","11.0761","2026-04","27.6","weeks","0.76","0.42","14.9","11.0761","8.4179","4.6517","GBP","13.0697","Others","N","N","0.0","--","0.13"
"B01DXYMGOM","X0022UEJY7","VIVOSUN Inline Duct Fan 4 Inch 190 CFM EC Motor with Speed Controller, Quiet Pipe Fan, R4 Pipe Fan for Grow Tent, Greenhouse Ventilation","'LCY3'","GB","32.0","23.2","22.2","centimeters","2.29","kilograms","0.582","cubic feet","Standard-Size","0.73","0.0","0.4074","2026-04","27.6","weeks","0.76","0.42","0.7","0.4074","0.3096","0.1711","GBP","0.4808","Others","N","N","0.0","--","0.03"
"B01CTM0H6I","X0022UEPPZ","VIVOSUN Inline Duct Fan 4 Inch 203 CFM with Variable Speed Control for Grow Tent, Ventilation, Plant Tent, Indoor, Garden, Ventilation Fan, Z4 Pipe Fan, Black","'LCY3'","GB","30.9","26.2","24.5","centimeters","9.58","kilograms","0.7005","cubic feet","Standard-Size","19.7","0.0","13.799","2026-04","27.6","weeks","0.76","0.42","19.7","13.799","10.4874","5.7953","GBP","16.2827","Others","N","N","0.0","--","0.0"
"B0BXD9RK42","X0022UF9AZ","VIVOSUN Solar Automatic Drip Irrigation Kits with Timer, 3W Output, Solar Powered Auto Drip Irrigation System, 15 Pots Garden Plant Watering System, Plant Waterer Indoor Outdoor","'LCY3'","GB","31.1","21.2","7.1","centimeters","0.93","kilograms","0.1653","cubic feet","Standard-Size","12.43","0.0","2.0554","2026-04","27.6","weeks","0.76","0.42","12.43","2.0554","1.5621","0.8632","GBP","2.4254","Others","N","N","0.0","--","0.0"
"B07VK1LVN6","X0022UFDJ7","VIVOSUN 2-Pack 30X 60X Illuminated Jewelers Loupe Foldable Magnifier with LED Light for Jewelry Gems Watches Coins Stamps Antiques Black","'LCY3'","GB","9.6","8.0","6.5","centimeters","0.17","kilograms","0.0176","cubic feet","Standard-Size","50.0","0.0","0.8809","2026-04","27.6","weeks","0.76","0.42","49.97","0.8809","0.6695","0.3699","GBP","1.0394","Others","N","N","0.0","--","0.03"
"B087CR7H9S","X0022UIUQF","VIVOSUN Pack of 2 Secateurs 17 cm Plant Shears with Ergonomic Handles Loppers with Curved Blades and Titanium Non-Stick Coating Rose Shears Blue","'LCY3'","GB","22.2","9.4","3.8","centimeters","0.14","kilograms","0.028","cubic feet","Standard-Size","56.0","0.0","1.5682","2026-04","27.6","weeks","0.76","0.42","56.0","1.5682","1.1919","0.6586","GBP","1.8505","Others","N","N","0.0","--","0.0"
"B087CPSL1H","X0022UIXBH","VIVOSUN Pack of 2 Secateurs 17 cm Plant Shears with Ergonomic Handles Pruning Shears with Straight Blades and Titanium Non-Stick Coating Rose Scissors Orange","'LCY3'","GB","24.5","9.5","1.6","centimeters","0.14","kilograms","0.0132","cubic feet","Standard-Size","37.0","0.0","0.4866","2026-04","27.6","weeks","0.76","0.42","37.0","0.4866","0.3698","0.2044","GBP","0.5742","Others","N","N","0.0","--","0.0"
"B096VM7MF3","X0022UJ1MR","VIVOSUN 6-Layer Mesh Drying Rack Hanging Design with Green Zippers for Dehydrating, Indoor and Outdoor Pruning Shears Included","'LCY3'","GB","25.2","24.79","8.61","centimeters","0.93","kilograms","0.1899","cubic feet","Standard-Size","17.0","0.0","3.229","2026-04","27.6","weeks","0.76","0.42","17.0","3.229","2.4541","1.3561","GBP","3.8102","Others","N","N","0.0","--","0.0"
"B088GW8H4J","X0022WWM5X","VIVOSUN 3-Pack 17 cm Gardening Scissors Hand Pruner Pruning Shear with Straight Blades and Titanium Non-Stick Coating Rose Secateurs Orange","'LCY3'","GB","22.0","7.3","4.2","centimeters","0.21","kilograms","0.0238","cubic feet","Standard-Size","38.0","0.0","0.9052","2026-04","27.6","weeks","0.76","0.42","38.0","0.9052","0.6879","0.3802","GBP","1.0681","Others","N","N","0.0","--","0.0"
"B0CGHJG44R","X0022PRRPF","VIVOSUN PRO Grow Tent 90x90x180 CM (36""x36""x72""),with Thick 22 mm Poles, 2000D Oxford Fabric with Highly Reflective Mylar Extra Hanging Poles & High CFM Kit for Hydroponics P336 for AeroLight A200SE","'LPL2'","GB","95.5","32.8","18.8","centimeters","14.82","kilograms","2.0796","cubic feet","Oversize","1.0","0.0","2.0796","2026-04","18.0","weeks","0.55","0.0","1.0","2.0796","1.1456","0.0","GBP","1.1456","Others","N","N","0.0","--","0.0"
"B01CTM0LLO","X0022UCQOR","VIVOSUN Inline Duct Fan 8 Inch 740 CFM with Variable Speed Control for Grow Tent, Ventilation, Plant Tent, Indoor, Garden, Ventilation Fan, Z8 Pipe Fan, Black","'LPL2'","GB","38.5","35.5","28.0","centimeters","6.2","kilograms","1.3515","cubic feet","Oversize","1.0","0.0","1.3515","2026-04","18.0","weeks","0.55","0.0","1.0","1.3515","0.7444","0.0","GBP","0.7444","Others","N","N","0.0","--","0.0"
"B00TF9E4UO","X001VJ6ACJ","VIVOSUN Grow Bags 5 Pack 12L, Heavy Duty Thickened Nonwoven Fabric Pots with Strong Handles for Vegetables, Flowers, Fruits, Greenhouse and Garden","'LTN4'","GB","26.6","15.7","15.0","centimeters","0.51","kilograms","0.2212","cubic feet","Standard-Size","31.23","0.0","6.9095","2026-04","27.6","weeks","0.76","0.42","31.23","6.9095","5.251","2.9012","GBP","8.1522","Others","N","N","0.0","--","0.0"
"B06Y1XVD1P","X001WHVGFL","VIVOSUN Gardening Scissors 6.5 Inch Hand Pruner Shear with Titanium Coated Blades, Pruning Shear for Plants, Flowers, Hedges 1-Pack Blue","'LTN4'","GB","21.5","7.1","1.5","centimeters","0.07","kilograms","0.0081","cubic feet","Standard-Size","520.3","0.0","4.2067","2026-04","27.6","weeks","0.76","0.42","520.23","4.2067","3.1969","1.7663","GBP","4.9633","Others","N","N","0.0","--","0.07"
"B0BTM3RC2G","X001WT9DF9","VIVOSUN 1-Pair 1/8 Inch Adjustable Grow Light Hanger, Heavy Duty Rope Hanger with Reinforced Metal Gears, 8Ft. Long and 150 lbs Weight Capacity Rope for Grow Light, Inline Fan, Filters","'LTN4'","GB","13.7","10.3","3.0","centimeters","0.15","kilograms","0.0149","cubic feet","Standard-Size","177.17","0.0","2.6486","2026-04","27.6","weeks","0.76","0.42","176.2","2.6341","2.0128","1.106","GBP","3.1189","Others","N","N","0.0","--","0.0"
"B0C2436JDR","X001WTB0T1","VIVOSUN 2-Pair 1/8 Inch Adjustable Grow Light Hangers, Heavy Duty Rope Hanger with Reinforced Metal Gears, 8Ft. Long and 150 lbs Weight Capacity Rope for Grow Light, Inline Fan, Filters","'LTN4'","GB","21.6","14.7","4.2","centimeters","0.3","kilograms","0.0471","cubic feet","Standard-Size","113.67","0.0","5.3469","2026-04","27.6","weeks","0.76","0.42","113.53","5.3469","4.0634","2.2451","GBP","6.3085","Others","N","N","0.0","--","0.13"
"B088GVCMZH","X0022UAF3L","VIVOSUN Pack of 3 Secateurs 17 cm Plant Shears with Ergonomic Handles Loppers with Curved Blades and Titanium Non-Stick Coating Rose Scissors Blue","'LTN4'","GB","22.5","8.5","4.5","centimeters","0.21","kilograms","0.0304","cubic feet","Standard-Size","36.0","0.0","1.0941","2026-04","27.6","weeks","0.76","0.42","36.0","1.0941","0.8315","0.4594","GBP","1.2909","Others","N","N","0.0","--","0.0"
"B0BXD9RK42","X0022UF9AZ","VIVOSUN Solar Automatic Drip Irrigation Kits with Timer, 3W Output, Solar Powered Auto Drip Irrigation System, 15 Pots Garden Plant Watering System, Plant Waterer Indoor Outdoor","'LTN4'","GB","31.1","21.2","7.1","centimeters","0.93","kilograms","0.1653","cubic feet","Standard-Size","11.0","0.0","1.8185","2026-04","27.6","weeks","0.76","0.42","11.0","1.8185","1.382","0.7635","GBP","2.1455","Others","N","N","0.0","--","0.0"
"B07VK1LVN6","X0022UFDJ7","VIVOSUN 2-Pack 30X 60X Illuminated Jewelers Loupe Foldable Magnifier with LED Light for Jewelry Gems Watches Coins Stamps Antiques Black","'LTN4'","GB","9.6","8.0","6.5","centimeters","0.17","kilograms","0.0176","cubic feet","Standard-Size","41.2","0.0","0.7257","2026-04","27.6","weeks","0.76","0.42","41.17","0.7257","0.5515","0.3047","GBP","0.8563","Others","N","N","0.0","--","0.03"
"B087CR7H9S","X0022UIUQF","VIVOSUN Pack of 2 Secateurs 17 cm Plant Shears with Ergonomic Handles Loppers with Curved Blades and Titanium Non-Stick Coating Rose Shears Blue","'LTN4'","GB","22.2","9.4","3.8","centimeters","0.14","kilograms","0.028","cubic feet","Standard-Size","113.0","0.0","3.1644","2026-04","27.6","weeks","0.76","0.42","113.0","3.1644","2.4049","1.3287","GBP","3.7336","Others","N","N","0.0","--","0.0"
"B087CPSL1H","X0022UIXBH","VIVOSUN Pack of 2 Secateurs 17 cm Plant Shears with Ergonomic Handles Pruning Shears with Straight Blades and Titanium Non-Stick Coating Rose Scissors Orange","'LTN4'","GB","24.5","9.5","1.6","centimeters","0.14","kilograms","0.0132","cubic feet","Standard-Size","104.17","0.0","1.369","2026-04","27.6","weeks","0.76","0.42","104.1","1.369","1.0404","0.5748","GBP","1.6153","Others","N","N","0.0","--","0.07"
"B088GW8H4J","X0022WWM5X","VIVOSUN 3-Pack 17 cm Gardening Scissors Hand Pruner Pruning Shear with Straight Blades and Titanium Non-Stick Coating Rose Secateurs Orange","'LTN4'","GB","22.0","7.3","4.2","centimeters","0.21","kilograms","0.0238","cubic feet","Standard-Size","34.0","0.0","0.8099","2026-04","27.6","weeks","0.76","0.42","34.0","0.8099","0.6155","0.3401","GBP","0.9556","Others","N","N","0.0","--","0.0"
"B0BXD9RK42","X0022UF9AZ","VIVOSUN Solar Automatic Drip Irrigation Kits with Timer, 3W Output, Solar Powered Auto Drip Irrigation System, 15 Pots Garden Plant Watering System, Plant Waterer Indoor Outdoor","'MAN2'","GB","31.1","21.2","7.1","centimeters","0.93","kilograms","0.1653","cubic feet","Standard-Size","16.0","0.0","2.645","2026-04","27.6","weeks","0.76","0.42","16.0","2.645","2.01","1.11","GBP","3.12","Others","N","N","0.0","--","0.0"
"B06Y1XVD1P","X001WHVGFL","VIVOSUN Gardening Scissors 6.5 Inch Hand Pruner Shear with Titanium Coated Blades, Pruning Shear for Plants, Flowers, Hedges 1-Pack Blue","'MAN3'","GB","21.5","7.1","1.5","centimeters","0.07","kilograms","0.0081","cubic feet","Standard-Size","27.8","0.0","0.2245","2026-04","27.6","weeks","0.76","0.42","27.37","0.2213","0.1708","0.0929","GBP","0.2637","Others","N","N","0.0","--","0.03"
"B0B96R2RC3","X0022UIVC3","VIVOSUN Professional Automatic Drip Irrigation Kits, 15W Output, All in One Professional Grow Kit- Includes Pump, Timer and Regulator, 8 Drip Emitters Garden Plant Watering System Indoor Outdoor","'MAN3'","GB","18.9","16.4","16.1","centimeters","1.19","kilograms","0.1762","cubic feet","Standard-Size","31.13","0.0","5.4691","2026-04","27.6","weeks","0.76","0.42","31.03","5.4691","4.1592","2.2971","GBP","6.4563","Others","N","N","0.0","--","0.1"
"B01DXYMHWS","X001VUN05N","VIVOSUN 8 Inch Air Carbon Filter Smelliness Control with Australia Virgin Charcoal for Inline Duct Fan, Grow Tent,Pre-Filter Included, Reversible Flange 8""x 20""","'MAN4'","GB","54.4","30.3","29.8","centimeters","7.58","kilograms","1.7347","cubic feet","Oversize","20.0","0.0","34.6931","2026-04","18.0","weeks","0.55","0.0","20.0","34.6931","19.0806","0.0","GBP","19.0806","Others","N","N","0.0","--","0.0"
"B0C6JR9Y9D","X001XJCBLL","VIVOSUN AeroWave E6 Grow Tent Fan 6”, EC Motor, Smart Wifi Control, US Patented Auto Oscillating Clip fan, IP54, Strong Airflow but Quiet for Hydroponic Ventilation Circulation 2-Pack","'MAN4'","GB","26.9","24.7","18.7","centimeters","2.06","kilograms","0.4388","cubic feet","Standard-Size","0.03","0.0","0.0146","2026-04","27.6","weeks","0.76","0.42","0.03","0.0146","0.01","0.01","GBP","0.02","Others","N","N","0.0","--","0.0"
"B09LQL4XGK","X00221EQNZ","VIVOSUN VS3000 LED Grow Light with Samsung LM301 Diodes & Driver, Sun-Like Full Spectrum for Seedling, Vegetative & Flower, 300 W Plant Lamp for 90 x 90 cm/120 x 120 cm Grow Tent","'MAN4'","GB","57.0","56.0","14.0","centimeters","8.01","kilograms","1.5781","cubic feet","Oversize","0.6","0.0","0.9469","2026-04","18.0","weeks","0.55","0.0","0.6","0.9469","0.5208","0.0","GBP","0.5208","Others","N","N","0.0","--","0.0"
"B0BKP6QLTD","X0022P24NP","VIVOSUN LED Grow Lamp 100 W Full Spectrum Plant Lamp with Integrated Circulation Fan Grow Light Compatible with App, AeroLight A100SE with GrowHub Controller E25 for 60 x 60 cm Grow Tent","'MAN4'","GB","40.4","34.4","8.2","centimeters","2.46","kilograms","0.4024","cubic feet","Oversize","3.0","0.0","1.2073","2026-04","18.0","weeks","0.55","0.0","3.0","1.2073","0.664","0.0","GBP","0.664","Others","N","N","0.0","--","0.0"
"B0BKPKKWYK","X0022P84ZR","VIVOSUN LED Grow Lamp 150 W Full Spectrum Plant Lamp with Integrated Circulation Fan Grow Light Compatible with App, AeroLight A150SE with GrowHub Controller E25 for 120 x 60 cm Grow Tent","'MAN4'","GB","39.9","35.1","6.9","centimeters","3.1","kilograms","0.3413","cubic feet","Oversize","1.0","0.0","0.3413","2026-04","18.0","weeks","0.55","0.0","1.0","0.3413","0.1877","0.0","GBP","0.1877","Others","N","N","0.0","--","0.0"
"B0CGHJG44R","X0022PRRPF","VIVOSUN PRO Grow Tent 90x90x180 CM (36""x36""x72""),with Thick 22 mm Poles, 2000D Oxford Fabric with Highly Reflective Mylar Extra Hanging Poles & High CFM Kit for Hydroponics P336 for AeroLight A200SE","'MAN4'","GB","95.5","32.8","18.8","centimeters","14.82","kilograms","2.0796","cubic feet","Oversize","6.0","0.0","12.4779","2026-04","18.0","weeks","0.55","0.0","6.0","12.4779","6.8626","0.0","GBP","6.8626","Others","N","N","0.0","--","0.0"
"B0CGHDFN7T","X0022PY2IZ","VIVOSUN Pro Grow Tent 60x60x120 CM (24""x24""x48""), with Thick 22 mm Poles, 2000D Oxford Fabric with Highly Reflective Mylar Extra Hanging Poles for Hydroponics Indoor Plant, No High CFM Set","'MAN4'","GB","66.04","33.02","16.51","centimeters","8.32","kilograms","1.2714","cubic feet","Oversize","1.13","0.0","1.4409","2026-04","18.0","weeks","0.55","0.0","1.13","1.4409","0.7925","0.0","GBP","0.7925","Others","N","N","0.0","--","0.0"
"B0CGHJ3F21","X0022PY31L","VIVOSUN Pro Grow Tent 80x80x160 CM (32""x32""x63""), with Thick 22 mm Poles, 2000DOxford Fabric with Highly Reflective Mylar Extra Hanging Poles, Growbox for Hydroponics Indoor Growing (No High CFM Set)","'MAN4'","GB","85.0","32.4","18.6","centimeters","11.26","kilograms","1.809","cubic feet","Oversize","0.07","0.0","0.0603","2026-04","18.0","weeks","0.55","0.0","0.03","0.0603","0.0332","0.0","GBP","0.0332","Others","N","N","0.0","--","0.03"
"B0CBPHLMKY","X0022Q1M0P","VIVOSUN PRO T4 Smart Air Filtration Kit, 10 cm AeroZesh T4 Duct Fan with GrowHub E42A, Carbon Filter & Air Duct, Cooling & Ventilation System for Grow Tent, Hydroponics, Indoor Growing","'MAN4'","GB","57.8","35.8","22.2","centimeters","6.82","kilograms","1.6223","cubic feet","Oversize","0.63","0.0","0.9734","2026-04","18.0","weeks","0.55","0.0","0.6","0.9734","0.5353","0.0","GBP","0.5353","Others","N","N","0.0","--","0.03"
"B01CTM0LLO","X0022UCQOR","VIVOSUN Inline Duct Fan 8 Inch 740 CFM with Variable Speed Control for Grow Tent, Ventilation, Plant Tent, Indoor, Garden, Ventilation Fan, Z8 Pipe Fan, Black","'MAN4'","GB","38.5","35.5","28.0","centimeters","6.2","kilograms","1.3515","cubic feet","Oversize","7.0","0.0","9.3701","2026-04","18.0","weeks","0.55","0.0","6.93","9.3701","5.1534","0.0","GBP","5.1534","Others","N","N","0.0","--","0.07"
"B0BMTK8J3P","X001XJC5ET","VIVOSUN Inline Duct Fan 6inch/150 mm & Temperature Humidity Controller E42A WiFi-App Control, Quiet Extractor Fan 693 m³/h with EC Motor, Grow Tent Fan& Smart Thermostat for Growbox Hydroponics","'NCL1'","GB","33.5","25.7","25.2","centimeters","3.17","kilograms","0.7662","cubic feet","Standard-Size","1.0","0.0","0.7662","2026-04","27.6","weeks","0.76","0.42","1.0","0.7662","0.5832","0.3207","GBP","0.9039","Others","N","N","0.0","--","0.0"
"B0BXD9RK42","X0022UF9AZ","VIVOSUN Solar Automatic Drip Irrigation Kits with Timer, 3W Output, Solar Powered Auto Drip Irrigation System, 15 Pots Garden Plant Watering System, Plant Waterer Indoor Outdoor","'NCL1'","GB","31.1","21.2","7.1","centimeters","0.93","kilograms","0.1653","cubic feet","Standard-Size","15.23","0.0","2.5183","2026-04","27.6","weeks","0.76","0.42","15.17","2.5073","1.9168","1.0493","GBP","2.9661","Others","N","N","0.0","--","0.0"
"B0BQF728P7","X001VEAJR1","VIVOSUN AeroZesh T4 Inline Duct Fan 4inch/100 mm Extractor Fan 357 m³/h with E12 Speed Controller and Fully Programmable PWM-Controlled EC Quiet Ventilation Fan for Grow Tent Growbox","'XBH6'","GB","32.4","24.6","19.7","centimeters","2.22","kilograms","0.5545","cubic feet","Standard-Size","12.0","0.0","6.654","2026-04","27.6","weeks","0.76","0.42","12.0","6.654","5.0596","2.7934","GBP","7.853","Others","N","N","0.0","--","0.0"
"B0BMTK8J3P","X001XJC5ET","VIVOSUN Inline Duct Fan 6inch/150 mm & Temperature Humidity Controller E42A WiFi-App Control, Quiet Extractor Fan 693 m³/h with EC Motor, Grow Tent Fan& Smart Thermostat for Growbox Hydroponics","'XBH6'","GB","33.5","25.7","25.2","centimeters","3.17","kilograms","0.7662","cubic feet","Standard-Size","4.0","0.0","3.0647","2026-04","27.6","weeks","0.76","0.42","4.0","3.0647","2.3304","1.2866","GBP","3.617","Others","N","N","0.0","--","0.0"
"B0BQF728P7","X001VEAJR1","VIVOSUN AeroZesh T4 Inline Duct Fan 4inch/100 mm Extractor Fan 357 m³/h with E12 Speed Controller and Fully Programmable PWM-Controlled EC Quiet Ventilation Fan for Grow Tent Growbox","'XBH7'","GB","32.4","24.6","19.7","centimeters","2.22","kilograms","0.5545","cubic feet","Standard-Size","6.0","0.0","3.327","2026-04","27.6","weeks","0.76","0.42","6.0","3.327","2.5297","1.395","GBP","3.9247","Others","N","N","0.0","--","0.0"
"B0BMTK8J3P","X001XJC5ET","VIVOSUN Inline Duct Fan 6inch/150 mm & Temperature Humidity Controller E42A WiFi-App Control, Quiet Extractor Fan 693 m³/h with EC Motor, Grow Tent Fan& Smart Thermostat for Growbox Hydroponics","'XBH7'","GB","33.5","25.7","25.2","centimeters","3.17","kilograms","0.7662","cubic feet","Standard-Size","4.0","0.0","3.0647","2026-04","27.6","weeks","0.76","0.42","4.0","3.0647","2.3303","1.285","GBP","3.6153","Others","N","N","0.0","--","0.0"
"B01DXYMKIO","X001VV7LMP","VIVOSUN Grow Tent 90x90x180 CM (36''x36''x72''), Made of Highly Reflective Mylar with Viewing Window and Base Tray for Hydroponics Seedling Indoor Plant Growing Suitable for VS2000/VS3000","'XBH9'","GB","95.6","24.8","16.6","centimeters","9.4","kilograms","1.3899","cubic feet","Oversize","22.0","0.0","30.577","2026-04","18.0","weeks","0.55","0.0","22.0","30.577","16.8218","0.0","GBP","16.8218","Others","N","N","0.0","--","0.0"
"B0C6JR9Y9D","X001XJCBLL","VIVOSUN AeroWave E6 Grow Tent Fan 6”, EC Motor, Smart Wifi Control, US Patented Auto Oscillating Clip fan, IP54, Strong Airflow but Quiet for Hydroponic Ventilation Circulation 2-Pack","'XBH9'","GB","26.9","24.7","18.7","centimeters","2.06","kilograms","0.4388","cubic feet","Standard-Size","5.47","0.0","2.3402","2026-04","27.6","weeks","0.76","0.42","5.33","2.3402","1.78","0.98","GBP","2.76","Others","N","N","0.0","--","0.13"
"B09LQCSC8P","X0022P1AK3","VIVOSUN VS1500 LED Grow Light with Samsung LM301 Diodes & Sosen Driver for Indoor Growing, Plant Lamp with Dimmable Lights & Sun-Like Full Spectrum for 90 x 90 cm Grow Tent","'XBH9'","GB","40.64","38.86","10.16","centimeters","3.9","kilograms","0.5667","cubic feet","Oversize","1.0","0.0","0.5667","2026-04","18.0","weeks","0.55","0.0","0.33","0.1889","0.3117","0.0","GBP","0.3117","Others","N","N","0.0","--","0.0"
"B0BKPKKWYK","X0022P84ZR","VIVOSUN LED Grow Lamp 150 W Full Spectrum Plant Lamp with Integrated Circulation Fan Grow Light Compatible with App, AeroLight A150SE with GrowHub Controller E25 for 120 x 60 cm Grow Tent","'XBH9'","GB","39.9","35.1","6.9","centimeters","3.1","kilograms","0.3413","cubic feet","Oversize","6.0","0.0","2.0476","2026-04","18.0","weeks","0.55","0.0","6.0","2.0476","1.1265","0.0","GBP","1.1265","Others","N","N","0.0","--","0.0"
"B0CGHDFN7T","X0022PY2IZ","VIVOSUN Pro Grow Tent 60x60x120 CM (24""x24""x48""), with Thick 22 mm Poles, 2000D Oxford Fabric with Highly Reflective Mylar Extra Hanging Poles for Hydroponics Indoor Plant, No High CFM Set","'XBH9'","GB","66.04","33.02","16.51","centimeters","8.32","kilograms","1.2714","cubic feet","Oversize","0.3","0.0","0.339","2026-04","18.0","weeks","0.55","0.0","0.27","0.339","0.1865","0.0","GBP","0.1865","Others","N","N","0.0","--","0.03"
"B01CTM0LLO","X0022UCQOR","VIVOSUN Inline Duct Fan 8 Inch 740 CFM with Variable Speed Control for Grow Tent, Ventilation, Plant Tent, Indoor, Garden, Ventilation Fan, Z8 Pipe Fan, Black","'XBH9'","GB","38.5","35.5","28.0","centimeters","6.2","kilograms","1.3515","cubic feet","Oversize","1.0","0.0","1.3515","2026-04","18.0","weeks","0.55","0.0","1.0","1.3515","0.7435","0.0","GBP","0.7435","Others","N","N","0.0","--","0.0"
"B00VWU35F4","X001VKJMC3","VIVOSUN Pflanzsack 5er-Packung 120L aus Vliesstoff, Hochbelastbarer Verdickter Stofftopf mit Starken Griffen für Gemüse, Blumen, Früchte, Gewächshaus und Garten","'BRE2'","DE","41.5","34.7","9.6","centimeters","1.89","kilograms","0.0138","cubic meters","Oversize","0.87","0.0","0.0115","2026-04","20.5","weeks","21.78","0.0","0.83","0.0115","0.2504","0.0","EUR","0.2504","Others","N","N","0.0","--","0.03"
"B01DXYMBU6","X001VZSIFF","VIVOSUN Aktivkohlefilter 100mm/4 Inch, Kohlefilter zur Geruchskontrolle mit Australischer Aktivkohle für Rohrventilator, Growzelt & Gewächshaus, inkl. Vorfilter","'BRE2'","DE","34.29","19.7","19.2","centimeters","2.71","kilograms","0.013","cubic meters","Standard-Size","1.93","0.0","0.0251","2026-04","14.4","weeks","27.54","0.0","1.93","0.0251","0.6905","0.0","EUR","0.6905","Others","N","N","0.0","--","0.0"
"B08M3G5TH3","X001VZST45","VIVOSUN Aktivkohlefilter 100mm/4 Inch, Kohlefilter zur Geruchskontrolle mit Australischer Aktivkohle inkl. Vorfilter für Rohrventilator Growzelt Growbox Indoor, Schwarz","'BRE2'","DE","34.6","20.5","19.3","centimeters","2.68","kilograms","0.0137","cubic meters","Standard-Size","0.03","0.0","5.0E-4","2026-04","14.4","weeks","27.54","0.0","0.03","5.0E-4","0.0126","0.0","EUR","0.0126","Others","N","N","0.0","--","0.0"
"B0C6QJVMD1","X001WOK37V","VIVOSUN AeroZesh G6 Rohrventilator 150mm Abluftventilator mit EC-Motor Ventilator Growbox Rohrlüfter 660 m³/h mit PWM-Steuerung & E12-Geschwindigkeitsregler für Growzelt Growbox Indoorbelüftung","'BRE2'","DE","33.6","26.3","22.8","centimeters","3.31","kilograms","0.0201","cubic meters","Standard-Size","15.1","0.0","0.3036","2026-04","14.4","weeks","27.54","0.0","15.07","0.3036","8.3597","0.0","EUR","8.3597","Others","N","N","0.0","--","0.03"
"B01N2O1Z5B","X001Z5OYXL","VIVOSUN 3-in-1 TDS EC temperatuurmeter Digitale waterkwaliteitstester Hoge nauwkeurigheid Blauw","'BRE2'","DE","15.7","3.6","2.6","centimeters","0.11","kilograms","1.0E-4","cubic meters","Standard-Size","32.8","0.0","0.0048","2026-04","14.4","weeks","27.54","0.0","32.8","0.0048","0.1327","0.0","EUR","0.1327","Others","N","N","0.0","--","0.0"
"B0BXD9RK42","X001Z5PQDD","VIVOSUN Solar Automatische Tropfbewässerung Set mit Zeituhr, 3W Ausgang, Solarbetriebenes Bewässerungssystem für 15 Töpfe, ideal für Garten, Balkon, Terrasse und Zimmerpflanzen","'BRE2'","DE","31.1","21.2","7.1","centimeters","0.93","kilograms","0.0047","cubic meters","Standard-Size","45.1","0.0","0.2111","2026-04","14.4","weeks","27.54","0.0","45.1","0.2111","5.814","0.0","EUR","5.814","Others","N","N","0.0","--","0.0"
"B0CRDQ63HT","X0021PRUUD","VIVOSUN FlexFeed Tropfbewässerungsset, 4W automatisches Bewässerungssystem mit Pumpe und 4 Tropfern, App-gesteuertes Smart Bewässerungssystem für VGrow Smart Grow Box und Indoor Pflanzen","'BRE2'","DE","11.91","11.3","5.79","centimeters","0.18","kilograms","8.0E-4","cubic meters","Standard-Size","19.5","0.0","0.0142","2026-04","14.4","weeks","27.54","0.0","16.8","0.0131","0.3915","0.0","EUR","0.3915","Others","N","N","0.0","--","1.27"
"B087CR7H9S","X002203JR5","VIVOSUN Gartenschere 2er-Packung 17cm Pflanzenschere mit Ergonomischen Griffen Baumschere mit Gebogenen Klingen und Titan-Antihaftbeschichtung Rosenschere Blau","'BRE2'","DE","24.3","9.6","1.7","centimeters","0.14","kilograms","4.0E-4","cubic meters","Standard-Size","33.0","0.0","0.0131","2026-04","14.4","weeks","27.54","0.0","33.0","0.0131","0.3604","0.0","EUR","0.3604","Others","N","N","0.0","--","0.0"
"B088GVCMZH","X00220G4QX","VIVOSUN Gartenschere 3er-Set 16,5cm Pflanzenschere mit Titan-Antihaftbeschichtung, Ergonomischer Griff, Scharfe Gerade Klingen, Rosenschere für Äste, Blume Obst und Gemüse, Blau","'BRE2'","DE","22.5","8.5","4.5","centimeters","0.21","kilograms","9.0E-4","cubic meters","Standard-Size","102.0","0.0","0.0878","2026-04","14.4","weeks","27.54","0.0","102.0","0.0878","2.4175","0.0","EUR","2.4175","Others","N","N","0.0","--","0.0"
"B0BY2DZJ8J","X0022GVNZJ","VIVOSUN Ranknetz für Kletterpflanzen 150x150cm Scrog Netz mit 4 Haken Rankhilfe Pflanzennetz Grow Netz für Kletterpflanzen Gurke Tomaten Gemüse Früchte und Blumen","'BRE2'","DE","23.6","23.0","7.4","centimeters","0.28","kilograms","0.004","cubic meters","Standard-Size","31.73","0.0","0.1255","2026-04","14.4","weeks","27.54","0.0","31.23","0.1255","3.4549","0.0","EUR","3.4549","Others","N","N","0.0","--","0.5"
"B0C1Z462XW","X0022HA0MZ","VIVOSUN Temperatur- und Feuchtigkeitssensor, wasserdichte Edelstahl-Umweltüberwachungssonde für GrowHub-Controller E42/E42A, AeroLab THB1/THB1S, 3,6 m","'BRE2'","DE","19.6","12.5","2.1","centimeters","0.07","kilograms","5.0E-4","cubic meters","Standard-Size","0.97","0.0","0.0","2026-04","14.4","weeks","27.54","0.0","0.0","0.0","0.0","0.0","EUR","0.0","Others","N","N","0.0137","FBA_NEW_SELECTION:0.0137","0.0"
"B0CMYX2H9Q","X0023L9EWR","VIVOSUN AeroWave D4 10cm Grow Ventilator Clip Ventilator Grow mit Haken, 3 Geschwindigkeiten, Starker & Leiser Luftstrom, Luftstromwinkel Einstellbar für Hydrokultur, Zirkulation, Kühlung, 1 Pack","'BRE2'","DE","14.1","12.7","7.01","centimeters","0.29","kilograms","0.0013","cubic meters","Standard-Size","0.83","0.0","0.001","2026-04","14.4","weeks","27.54","0.0","0.83","0.001","0.0288","0.0","EUR","0.0288","Others","N","N","0.0","--","0.0"
"B07WFDCYZL","X0023T6Q1L","VIVOSUN 2er-Packung 10cm 7,6m Flexibler Luftkanal aus Aluminium für Belüftung, Inklusive 4 Schlauchschellen aus Edelstahl, Mehrschichtiges Schlauch Ventilationsset für Ventilatorsystem, HVAC-Lüftung","'BRE2'","DE","45.29","22.91","12.4","centimeters","1.55","kilograms","0.0129","cubic meters","Oversize","1.0","0.0","0.0129","2026-04","20.5","weeks","21.78","0.0","1.0","0.0129","0.2796","0.0","EUR","0.2796","Others","N","N","0.0","--","0.0"
"B0BP1Y3CRM","X00260ULXB","VIVOSUN E6 Gen2 Grow Ventilator Oszillierend Leise Klein for Growzelt, 10 Geschwindigkeiten & 2 Modi, EC-Motor, Clip Ventilator Klemmbar Mini Fan für Growbox, IP54, Timer,APP/WiFi Steuerung Schwarz","'BRE2'","DE","22.3","22.2","16.2","centimeters","1.07","kilograms","0.008","cubic meters","Standard-Size","77.63","0.0","0.6221","2026-04","14.4","weeks","27.54","0.0","77.57","0.6221","17.1314","0.0","EUR","17.1314","Others","N","N","0.0","--","0.07"
"B0D8PQQWM3","X00276V1V5","VIVOSUN GrowCam C4 2K QHD WLAN Smart Kamera für Growzelt & Indoor Pflanzen, mit Zeitraffer, Nachtsicht, SD-Karten-Speicherung, Zwei-Wege-Audio, App-Steuerung, Kompatibel mit VGrow System","'BRE2'","DE","10.6","9.4","6.2","centimeters","0.28","kilograms","6.0E-4","cubic meters","Standard-Size","3.0","0.0","0.0018","2026-04","14.4","weeks","27.54","0.0","2.97","0.0018","0.0505","0.0","EUR","0.0505","Others","N","N","0.0","--","0.03"
"B0FB8G4BQF","X002BH62TL","VIVOSUN LumaLight 100W LED Pflanzenlampe, Vollspektrum Grow Lampe mit Hohem PPFD & Dimmfunktion, Intelligente Pflanzenbeleuchtung für Zimmerpflanzen, Anzucht, Gemüse & Blüte, 2er-Pack","'BRE2'","DE","33.02","33.02","15.75","centimeters","5.5","kilograms","0.0172","cubic meters","Standard-Size","2.17","0.0","0.0212","2026-04","14.4","weeks","27.54","0.0","1.23","0.0212","0.5832","0.0","EUR","0.5832","Others","N","N","0.4256","FBA_NEW_SELECTION:0.4256","0.03"
"B07RBL1XJV","X002F0MTB9","VIVOSUN Grow Room Glasses 2 Stück LED-Schutzbrille UV-Augenbrille für Indoor, Growzelte, Gewächshaus und Hydroponik mit UVA/UVB-Schutz Inkl. Brillenetui, Unisex","'BRE2'","DE","18.1","17.5","6.5","centimeters","0.24","kilograms","0.0021","cubic meters","Standard-Size","42.9","0.0","0.0883","2026-04","14.4","weeks","27.54","0.0","42.9","0.0883","2.4324","0.0","EUR","2.4324","Others","N","N","0.0","--","0.0"
"B0CQZD5F1D","X002GJS9L3","VIVOSUN Bypass Gartenschere 20cm, SK5 Stahlklinge mit Titanbeschichtung für präzise Schnitte, 19mm Schnittdurchmesser, ergonomische Aluminiumgriffe mit Feder, Rosenschere für Blumen, Äste & Zweige","'BRE2'","DE","26.7","8.9","3.6","centimeters","0.3","kilograms","9.0E-4","cubic meters","Standard-Size","4.0","0.0","0.0","2026-04","14.4","weeks","27.54","0.0","0.0","0.0","0.0","0.0","EUR","0.0","Others","N","N","0.0942","FBA_NEW_SELECTION:0.0942","0.0"
"B01DXYMBU6","X001VZSIFF","VIVOSUN Aktivkohlefilter 100mm/4 Inch, Kohlefilter zur Geruchskontrolle mit Australischer Aktivkohle für Rohrventilator, Growzelt & Gewächshaus, inkl. Vorfilter","'BRE4'","DE","34.29","19.7","19.2","centimeters","2.71","kilograms","0.013","cubic meters","Standard-Size","3.0","0.0","0.0389","2026-04","14.4","weeks","27.54","0.0","3.0","0.0389","1.0739","0.0","EUR","1.0739","Others","N","N","0.0","--","0.0"
"B08M3G5TH3","X001VZST45","VIVOSUN Aktivkohlefilter 100mm/4 Inch, Kohlefilter zur Geruchskontrolle mit Australischer Aktivkohle inkl. Vorfilter für Rohrventilator Growzelt Growbox Indoor, Schwarz","'BRE4'","DE","34.6","20.5","19.3","centimeters","2.68","kilograms","0.0137","cubic meters","Standard-Size","0.6","0.0","0.0078","2026-04","14.4","weeks","27.54","0.0","0.57","0.0078","0.2141","0.0","EUR","0.2141","Others","N","N","0.0","--","0.03"
"B0CMYX2H9Q","X0023L9EWR","VIVOSUN AeroWave D4 10cm Grow Ventilator Clip Ventilator Grow mit Haken, 3 Geschwindigkeiten, Starker & Leiser Luftstrom, Luftstromwinkel Einstellbar für Hydrokultur, Zirkulation, Kühlung, 1 Pack","'BRE4'","DE","14.1","12.7","7.01","centimeters","0.29","kilograms","0.0013","cubic meters","Standard-Size","0.2","0.0","2.0E-4","2026-04","14.4","weeks","27.54","0.0","0.17","2.0E-4","0.0058","0.0","EUR","0.0058","Others","N","N","0.0","--","0.03"
"B015F4VFGI","X0024R8AGB","VIVOSUN Digitaler Heizmatten-Thermostat-Controller, 5-42°C, 1000W für Reptilien, Setzlinge, Keimung, Inkubation und Fermentation","'BRE4'","DE","16.8","12.3","8.1","centimeters","0.48","kilograms","0.0017","cubic meters","Standard-Size","3.53","0.0","0.0059","2026-04","14.4","weeks","27.54","0.0","3.53","0.0059","0.1632","0.0","EUR","0.1632","Others","N","N","0.0","--","0.0"
"B0DHGP2JQ8","X0026MTWX9","VIVOSUN Pflanzen Luftbefeuchter 5L Smart Humidifier Pflanzen, AeroStream H05 24dB Leise 360°Cool Mist 50H Dauerhaft Top-Fill Ultraschall Entwickelt für Growzelte Growbox","'BRE4'","DE","37.9","23.19","20.19","centimeters","1.97","kilograms","0.0177","cubic meters","Standard-Size","0.03","0.0","6.0E-4","2026-04","14.4","weeks","27.54","0.0","0.03","6.0E-4","0.0163","0.0","EUR","0.0163","Others","N","N","0.0","--","0.0"
"B0D8PQQWM3","X00276V1V5","VIVOSUN GrowCam C4 2K QHD WLAN Smart Kamera für Growzelt & Indoor Pflanzen, mit Zeitraffer, Nachtsicht, SD-Karten-Speicherung, Zwei-Wege-Audio, App-Steuerung, Kompatibel mit VGrow System","'BRE4'","DE","10.6","9.4","6.2","centimeters","0.28","kilograms","6.0E-4","cubic meters","Standard-Size","43.4","0.0","0.0261","2026-04","14.4","weeks","27.54","0.0","42.2","0.0261","0.7195","0.0","EUR","0.7195","Others","N","N","0.0","--","1.2"
"B07RBL1XJV","X002F0MTB9","VIVOSUN Grow Room Glasses 2 Stück LED-Schutzbrille UV-Augenbrille für Indoor, Growzelte, Gewächshaus und Hydroponik mit UVA/UVB-Schutz Inkl. Brillenetui, Unisex","'BRE4'","DE","18.1","17.5","6.5","centimeters","0.24","kilograms","0.0021","cubic meters","Standard-Size","3.0","0.0","0.0057","2026-04","14.4","weeks","27.54","0.0","2.77","0.0057","0.1572","0.0","EUR","0.1572","Others","N","N","0.0","--","0.23"
"B0CQZD5F1D","X002GJS9L3","VIVOSUN Bypass Gartenschere 20cm, SK5 Stahlklinge mit Titanbeschichtung für präzise Schnitte, 19mm Schnittdurchmesser, ergonomische Aluminiumgriffe mit Feder, Rosenschere für Blumen, Äste & Zweige","'BRE4'","DE","26.7","8.9","3.6","centimeters","0.3","kilograms","9.0E-4","cubic meters","Standard-Size","3.0","0.0","0.0","2026-04","14.4","weeks","27.54","0.0","0.0","0.0","0.0","0.0","EUR","0.0","Others","N","N","0.0707","FBA_NEW_SELECTION:0.0707","0.0"
"B01DXYMBU6","X001VZSIFF","VIVOSUN Aktivkohlefilter 100mm/4 Inch, Kohlefilter zur Geruchskontrolle mit Australischer Aktivkohle für Rohrventilator, Growzelt & Gewächshaus, inkl. Vorfilter","'BRQ2'","DE","34.29","19.7","19.2","centimeters","2.71","kilograms","0.013","cubic meters","Standard-Size","1.73","0.0","0.0225","2026-04","14.4","weeks","27.54","0.0","1.73","0.0225","0.6171","0.0","EUR","0.6171","Others","N","N","0.0","--","0.0"
"B08M3G5TH3","X001VZST45","VIVOSUN Aktivkohlefilter 100mm/4 Inch, Kohlefilter zur Geruchskontrolle mit Australischer Aktivkohle inkl. Vorfilter für Rohrventilator Growzelt Growbox Indoor, Schwarz","'BRQ2'","DE","34.6","20.5","19.3","centimeters","2.68","kilograms","0.0137","cubic meters","Standard-Size","0.5","0.0","0.0064","2026-04","14.4","weeks","27.54","0.0","0.47","0.0064","0.1754","0.0","EUR","0.1754","Others","N","N","0.0","--","0.03"
"B01EWH83FU","X001W1EEP1","VIVOSUN Gartenschere 1er-Packung 17cm Pflanzenschere mit Ergonomischen Griffen Ernteschere Grow Schere Trimmschere mit Hochwertiger Gerader Klingen und Titan-Antihaftbeschichtung Rosenschere Orange","'BRQ2'","DE","21.5","7.1","1.3","centimeters","0.07","kilograms","2.0E-4","cubic meters","Standard-Size","0.63","0.0","1.0E-4","2026-04","14.4","weeks","27.54","0.0","0.63","1.0E-4","0.0034","0.0","EUR","0.0034","Others","N","N","0.0","--","0.0"
"B0C2C8NP5D","X001YZNSF7","VIVOSUN Rohrventilator 150 mm Abluftventilator 688 m³/h Rohrlüfter mit E12-Geschwindigkeitsregler und EC-Motor 32dB Leiser Ventilator für Growzelte und Belüftungssysteme","'BRQ2'","DE","35.6","28.1","25.7","centimeters","2.75","kilograms","0.0257","cubic meters","Standard-Size","0.23","0.0","0.006","2026-04","14.4","weeks","27.54","0.0","0.23","0.006","0.1647","0.0","EUR","0.1647","Others","N","N","0.0","--","0.0"
"B07VK1LVKX","X0021P5OXX","VIVOSUN 30X 60X Beleuchtete Juwelierlupe mit LEC-Light, Faltbare Taschenlupe mit 2 Linsen für die Beobachtung von Schmuck, Edelsteine, Uhren, Münzen, Briefmarken, Antiquitäten, Schwarz","'BRQ2'","DE","9.0","6.5","3.9","centimeters","0.09","kilograms","2.0E-4","cubic meters","Standard-Size","0.03","0.0","0.0","2026-04","14.4","weeks","27.54","0.0","0.03","0.0","2.0E-4","0.0","EUR","2.0E-4","Others","N","N","0.0","--","0.0"
"B087CPSL1H","X0021P8V2T","VIVOSUN Gartenschere 2er-Packung 17cm Pflanzenschere mit Ergonomischen Griffen Baumschere mit Geraden Klingen und Titan-Antihaftbeschichtung Rosenschere Orange","'BRQ2'","DE","23.8","9.4","1.6","centimeters","0.14","kilograms","4.0E-4","cubic meters","Standard-Size","11.57","0.0","0.0041","2026-04","14.4","weeks","27.54","0.0","11.5","0.0041","0.113","0.0","EUR","0.113","Others","N","N","0.0","--","0.07"
"B087CR7H9S","X002203JR5","VIVOSUN Gartenschere 2er-Packung 17cm Pflanzenschere mit Ergonomischen Griffen Baumschere mit Gebogenen Klingen und Titan-Antihaftbeschichtung Rosenschere Blau","'BRQ2'","DE","24.3","9.6","1.7","centimeters","0.14","kilograms","4.0E-4","cubic meters","Standard-Size","25.23","0.0","0.01","2026-04","14.4","weeks","27.54","0.0","25.17","0.01","0.274","0.0","EUR","0.274","Others","N","N","0.0","--","0.07"
"B0D8PQQWM3","X00276V1V5","VIVOSUN GrowCam C4 2K QHD WLAN Smart Kamera für Growzelt & Indoor Pflanzen, mit Zeitraffer, Nachtsicht, SD-Karten-Speicherung, Zwei-Wege-Audio, App-Steuerung, Kompatibel mit VGrow System","'BRQ2'","DE","10.6","9.4","6.2","centimeters","0.28","kilograms","6.0E-4","cubic meters","Standard-Size","0.1","0.0","0.0","2026-04","14.4","weeks","27.54","0.0","0.07","0.0","0.0011","0.0","EUR","0.0011","Others","N","N","0.0","--","0.03"
"B0CN33MB2Y","X002FA60TB","VIVOSUN AeroWave D4 10cm Grow Ventilator Clip Ventilator Grow mit Haken, 3 Geschwindigkeiten, Starker & Leiser Luftstrom, Luftstromwinkel Einstellbar für Hydrokultur, Zirkulation, Kühlung, 1 Pack","'BRQ2'","DE","14.3","12.5","6.9","centimeters","0.32","kilograms","0.0012","cubic meters","Standard-Size","0.03","0.0","0.0","2026-04","14.4","weeks","27.54","0.0","0.03","0.0","0.0011","0.0","EUR","0.0011","Others","N","N","0.0","--","0.0"
"B0CQZD5F1D","X002GJS9L3","VIVOSUN Bypass Gartenschere 20cm, SK5 Stahlklinge mit Titanbeschichtung für präzise Schnitte, 19mm Schnittdurchmesser, ergonomische Aluminiumgriffe mit Feder, Rosenschere für Blumen, Äste & Zweige","'BRQ2'","DE","26.7","8.9","3.6","centimeters","0.3","kilograms","9.0E-4","cubic meters","Standard-Size","7.93","0.0","0.0","2026-04","14.4","weeks","27.54","0.0","0.0","0.0","0.0","0.0","EUR","0.0","Others","N","N","0.1869","FBA_NEW_SELECTION:0.1869","0.0"
"B07VK1LVN6","X0021OYVTR","VIVOSUN 2er-Packung 30X 60X Beleuchtete Juwelierlupe mit LEC-Light, Faltbare Taschenlupe mit 2 Linsen für die Beobachtung von Schmuck, Edelsteine, Uhren, Münzen, Briefmarken, Antiquitäten, Schwarz","'CGN1'","DE","9.3","8.0","6.4","centimeters","0.17","kilograms","5.0E-4","cubic meters","Standard-Size","1.0","0.0","5.0E-4","2026-04","14.4","weeks","27.54","0.0","1.0","5.0E-4","0.012","0.0","EUR","0.012","Others","N","N","0.0","--","0.0"
"B0D8PQQWM3","X00276V1V5","VIVOSUN GrowCam C4 2K QHD WLAN Smart Kamera für Growzelt & Indoor Pflanzen, mit Zeitraffer, Nachtsicht, SD-Karten-Speicherung, Zwei-Wege-Audio, App-Steuerung, Kompatibel mit VGrow System","'CGN1'","DE","10.6","9.4","6.2","centimeters","0.28","kilograms","6.0E-4","cubic meters","Standard-Size","0.43","0.0","2.0E-4","2026-04","14.4","weeks","27.54","0.0","0.4","2.0E-4","0.0062","0.0","EUR","0.0062","Others","N","N","0.0","--","0.03"
"B07RBL1XJV","X002F0MTB9","VIVOSUN Grow Room Glasses 2 Stück LED-Schutzbrille UV-Augenbrille für Indoor, Growzelte, Gewächshaus und Hydroponik mit UVA/UVB-Schutz Inkl. Brillenetui, Unisex","'CGN1'","DE","18.1","17.5","6.5","centimeters","0.24","kilograms","0.0021","cubic meters","Standard-Size","0.03","0.0","1.0E-4","2026-04","14.4","weeks","27.54","0.0","0.03","1.0E-4","0.0017","0.0","EUR","0.0017","Others","N","N","0.0","--","0.0"
"B0CQZD5F1D","X002GJS9L3","VIVOSUN Bypass Gartenschere 20cm, SK5 Stahlklinge mit Titanbeschichtung für präzise Schnitte, 19mm Schnittdurchmesser, ergonomische Aluminiumgriffe mit Feder, Rosenschere für Blumen, Äste & Zweige","'CGN1'","DE","26.7","8.9","3.6","centimeters","0.3","kilograms","9.0E-4","cubic meters","Standard-Size","0.4","0.0","0.0","2026-04","14.4","weeks","27.54","0.0","0.0","0.0","0.0","0.0","EUR","0.0","Others","N","N","0.0094","FBA_NEW_SELECTION:0.0094","0.0"
"B01731MNJE","X001VH92Y9","Vivosun SS44 Wachstumszelt Grow Tent 20x20x80cm für Hydrokulturen, LED VS500/VSF80","'DUS2'","DE","100.0","26.5","17.5","centimeters","13.47","kilograms","0.0464","cubic meters","Oversize","1.0","0.07","0.0433","2026-04","20.5","weeks","21.78","0.0","0.93","0.0433","0.9428","0.0","EUR","0.9428","Others","N","N","0.0","--","0.0"
"B01DXYMQ9M","X001VHE5Z5","VIVOSUN Growzelt 120x60x150cm lichtdichtes Indoor Hydroponik Zelt mit reflektierendem Mylar Sichtfenster Bodenwanne stabile Rahmenstruktur Pflanzenzelt Gewächshaus S425 Growtent für VS2000","'DUS2'","DE","100.0","25.0","13.0","centimeters","8.92","kilograms","0.0325","cubic meters","Oversize","0.03","0.0","0.0011","2026-04","20.5","weeks","21.78","0.0","0.03","0.0011","0.0236","0.0","EUR","0.0236","Others","N","N","0.0","--","0.0"
"B0716BK1KD","X001VJCNFH","Vivosun SS26 Wachstumszelt 40x50x130cm Grow Tent AUS Mylar MIT Fenster für Hydroponik","'DUS2'","DE","95.2","24.8","15.2","centimeters","7.18","kilograms","0.0359","cubic meters","Oversize","6.0","0.0","0.2153","2026-04","20.5","weeks","21.78","0.0","6.0","0.2153","4.69","0.0","EUR","4.69","Others","N","N","0.0","--","0.0"
"B09LQL4XGK","X001YZS0UP","VIVOSUN VS3000 LED Grow Lampe, Vollspektrum Pflanzenlampe mit Samsung LM301 Dioden und Treiber, dimmbar und IP65, Wachstumslampe für Sämling, Gemüse und Blüte, geeignet für 120x120cm/90x90 cm Growzelt","'DUS2'","DE","57.0","56.0","14.0","centimeters","8.01","kilograms","0.0447","cubic meters","Oversize","28.17","0.0","1.2557","2026-04","20.5","weeks","21.78","0.0","28.1","1.2557","27.3517","0.0","EUR","27.3517","Others","N","N","0.0","--","0.07"
"B08GPTLSZH","X0020YXKEP","VIVOSUN VS4000 LED Grow Lampe, Vollspektrum Pflanzenlampe mit Samsung LM301 Dioden und Treiber, dimmbar und IP65 Wachstumslampe für Sämling, Gemüse, Blüte, geeignet für 120x120cm/150x150 cm Growzelt","'DUS2'","DE","67.5","67.0","13.4","centimeters","10.49","kilograms","0.0606","cubic meters","Oversize","15.07","0.0","0.905","2026-04","20.5","weeks","21.78","0.0","14.93","0.905","19.7118","0.0","EUR","19.7118","Others","N","N","0.0","--","0.13"
"B0CGHJ3F21","X0021L4TZV","VIVOSUN PRO Growzelt 80x80x160cm Grow Tent mit Dicken 22mm Stangen 2000D Oxford-Gewebe hochreflektierendes Mylar Indoor Hydroponik Zuchtzelt Pflanzenzelt Gewächshaus passend für AeroLight A150","'DUS2'","DE","85.0","32.4","18.6","centimeters","11.26","kilograms","0.0512","cubic meters","Oversize","7.0","0.0","0.3586","2026-04","20.5","weeks","21.78","0.0","7.0","0.3586","7.8102","0.0","EUR","7.8102","Others","N","N","0.0","--","0.0"
"B0F89TXK3B","X002E5TX1T","VIVOSUN VGrow DWC Hydroponik-Anbausystem-Kit für VGrow Smart Grow Box, 4-Gallonen-Tiefwasserkultur mit Luftsteinen und Rapid Rooters","'DUS2'","DE","49.0","49.0","29.01","centimeters","4.55","kilograms","0.0696","cubic meters","Oversize","14.13","0.0","0.0","2026-04","20.5","weeks","21.78","0.0","0.0","0.0","0.0","0.0","EUR","0.0","Others","N","N","21.0311","FBA_NEW_SELECTION:21.0311","0.27"
"B0BQF728P7","X001VEMT83","VIVOSUN AeroZesh T4 Rohrventilator 100mm 357 m³/h Abluftventilator Metall mit E12-Drehzahlregler, EC Motor, Leiser Rohrlüfter PWM-Gesteuert für Luftabsaugung Growzelte Gewächshaus Indoor Hydrokultur","'DUS4'","DE","58.0","36.0","23.0","centimeters","2.19","kilograms","0.048","cubic meters","Oversize","11.37","0.0","0.5219","2026-04","20.5","weeks","21.78","0.0","10.87","0.5219","11.3673","0.0","EUR","11.3673","Others","N","N","0.0","--","0.5"
"B00VWU35F4","X001VKJMC3","VIVOSUN Pflanzsack 5er-Packung 120L aus Vliesstoff, Hochbelastbarer Verdickter Stofftopf mit Starken Griffen für Gemüse, Blumen, Früchte, Gewächshaus und Garten","'DUS4'","DE","41.5","34.7","9.6","centimeters","1.89","kilograms","0.0138","cubic meters","Oversize","0.03","0.0","5.0E-4","2026-04","20.5","weeks","21.78","0.0","0.03","5.0E-4","0.01","0.0","EUR","0.01","Others","N","N","0.0","--","0.0"
"B08M3G5TH3","X001VZST45","VIVOSUN Aktivkohlefilter 100mm/4 Inch, Kohlefilter zur Geruchskontrolle mit Australischer Aktivkohle inkl. Vorfilter für Rohrventilator Growzelt Growbox Indoor, Schwarz","'DUS4'","DE","34.6","20.5","19.3","centimeters","2.68","kilograms","0.0137","cubic meters","Standard-Size","0.13","0.0","5.0E-4","2026-04","14.4","weeks","27.54","0.0","0.03","5.0E-4","0.0126","0.0","EUR","0.0126","Others","N","N","0.0","--","0.1"
"B0BMV1W52R","X001WOUTQV","VIVOSUN AeroZesh T6 Rohrventilator 150mm Metall Abluftventilator 693 m³/h mit E12-Drehzahlregler, EC Motor, Leiser Rohrlüfter PWM-Gesteuert für Luftabsaugung Growzelte Gewächshaus Indoor Hydrokultur","'DUS4'","DE","33.0","26.0","25.0","centimeters","2.75","kilograms","0.0214","cubic meters","Standard-Size","38.57","0.0","0.8273","2026-04","14.4","weeks","27.54","0.0","38.57","0.8273","22.7803","0.0","EUR","22.7803","Others","N","N","0.0","--","0.0"
"B088GW8H4J","X0021P457T","VIVOSUN Gartenschere 3er-Set 16,5 cm Pflanzenschere mit Titan-Antihaftbeschichtung, Ergonomischer Griff, Gerade Klingen in Edelstahl, Rosenschere für Äste, Blume Obst und Gemüse, Orange","'DUS4'","DE","21.7","8.4","4.1","centimeters","0.21","kilograms","7.0E-4","cubic meters","Standard-Size","1.43","0.0","0.0011","2026-04","14.4","weeks","27.54","0.0","1.43","0.0011","0.0295","0.0","EUR","0.0295","Others","N","N","0.0","--","0.0"
"B088GVCMZH","X00220G4QX","VIVOSUN Gartenschere 3er-Set 16,5cm Pflanzenschere mit Titan-Antihaftbeschichtung, Ergonomischer Griff, Scharfe Gerade Klingen, Rosenschere für Äste, Blume Obst und Gemüse, Blau","'DUS4'","DE","22.5","8.5","4.5","centimeters","0.21","kilograms","9.0E-4","cubic meters","Standard-Size","8.0","0.0","0.0069","2026-04","14.4","weeks","27.54","0.0","8.0","0.0069","0.1896","0.0","EUR","0.1896","Others","N","N","0.0","--","0.0"
"B0CMYX2H9Q","X0023L9EWR","VIVOSUN AeroWave D4 10cm Grow Ventilator Clip Ventilator Grow mit Haken, 3 Geschwindigkeiten, Starker & Leiser Luftstrom, Luftstromwinkel Einstellbar für Hydrokultur, Zirkulation, Kühlung, 1 Pack","'DUS4'","DE","14.1","12.7","7.01","centimeters","0.29","kilograms","0.0013","cubic meters","Standard-Size","0.47","0.0","6.0E-4","2026-04","14.4","weeks","27.54","0.0","0.47","6.0E-4","0.0161","0.0","EUR","0.0161","Others","N","N","0.0","--","0.0"
"B015F4VFGI","X0024R8AGB","VIVOSUN Digitaler Heizmatten-Thermostat-Controller, 5-42°C, 1000W für Reptilien, Setzlinge, Keimung, Inkubation und Fermentation","'DUS4'","DE","16.8","12.3","8.1","centimeters","0.48","kilograms","0.0017","cubic meters","Standard-Size","26.03","0.0","0.0436","2026-04","14.4","weeks","27.54","0.0","26.03","0.0436","1.1999","0.0","EUR","1.1999","Others","N","N","0.0","--","0.0"
"B0BP1Y3CRM","X00260ULXB","VIVOSUN E6 Gen2 Grow Ventilator Oszillierend Leise Klein for Growzelt, 10 Geschwindigkeiten & 2 Modi, EC-Motor, Clip Ventilator Klemmbar Mini Fan für Growbox, IP54, Timer,APP/WiFi Steuerung Schwarz","'DUS4'","DE","22.3","22.2","16.2","centimeters","1.07","kilograms","0.008","cubic meters","Standard-Size","0.1","0.0","8.0E-4","2026-04","14.4","weeks","27.54","0.0","0.1","8.0E-4","0.0221","0.0","EUR","0.0221","Others","N","N","0.0","--","0.0"
"B0D8PQQWM3","X00276V1V5","VIVOSUN GrowCam C4 2K QHD WLAN Smart Kamera für Growzelt & Indoor Pflanzen, mit Zeitraffer, Nachtsicht, SD-Karten-Speicherung, Zwei-Wege-Audio, App-Steuerung, Kompatibel mit VGrow System","'DUS4'","DE","10.6","9.4","6.2","centimeters","0.28","kilograms","6.0E-4","cubic meters","Standard-Size","167.27","0.0","0.103","2026-04","14.4","weeks","27.54","0.0","166.7","0.103","2.8358","0.0","EUR","2.8358","Others","N","N","0.0","--","0.57"
"B0FB8RK4X1","X002BGZ2XJ","VIVOSUN Grow Lampe100W LED Pflanzenlampe, Vollspektrum Lumalight Lampe mit Hohem PPFD & Dimmfunktion, Intelligente Pflanzenbeleuchtung für Zimmerpflanzen, Growzelt, Gemüse & Blüte","'DUS4'","DE","36.61","35.59","9.79","centimeters","2.91","kilograms","0.0128","cubic meters","Oversize","18.63","0.0","0.1501","2026-04","20.5","weeks","21.78","0.0","11.77","0.1501","3.2694","0.0","EUR","3.2694","Others","N","N","1.8522","FBA_NEW_SELECTION:1.8522","0.2"
"B0FB8G4BQF","X002BH62TL","VIVOSUN LumaLight 100W LED Pflanzenlampe, Vollspektrum Grow Lampe mit Hohem PPFD & Dimmfunktion, Intelligente Pflanzenbeleuchtung für Zimmerpflanzen, Anzucht, Gemüse & Blüte, 2er-Pack","'DUS4'","DE","33.02","33.02","15.75","centimeters","5.5","kilograms","0.0172","cubic meters","Standard-Size","0.47","0.0","0.0029","2026-04","14.4","weeks","27.54","0.0","0.17","0.0029","0.0788","0.0","EUR","0.0788","Others","N","N","0.1419","FBA_NEW_SELECTION:0.1419","0.0"
"B0F9PG6XRS","X002BRZIR3","VIVOSUN LumaLight 200W LED Pflanzenlampe, Vollspektrum Grow Lampe mit Hohem PPFD & Dimmfunktion, Intelligente Pflanzenbeleuchtung für Zimmerpflanzen, Anzucht, Gemüse & Blüte","'DUS4'","DE","35.5","35.0","11.8","centimeters","4.24","kilograms","0.0147","cubic meters","Oversize","1.13","0.0","0.0024","2026-04","20.5","weeks","21.78","0.0","0.17","0.0024","0.0532","0.0","EUR","0.0532","Others","N","N","0.1597","FBA_NEW_SELECTION:0.1597","0.47"
"B0BS2BVL3Q","X002CUA5IB","VIVOSUN GrowHub Controller E42A+ für Growzelte, Smart WiFi-Controller für Temperatur, Luftfeuchte und VPD mit Timer, Zyklus und Zeitplan, steuert Kühlung, Belüftung und Beleuchtung","'DUS4'","DE","17.7","17.7","5.3","centimeters","0.69","kilograms","0.0017","cubic meters","Standard-Size","0.03","0.0","1.0E-4","2026-04","14.4","weeks","27.54","0.0","0.03","1.0E-4","0.0015","0.0","EUR","0.0015","Others","N","N","0.0","--","0.0"
"B07RBL1XJV","X002F0MTB9","VIVOSUN Grow Room Glasses 2 Stück LED-Schutzbrille UV-Augenbrille für Indoor, Growzelte, Gewächshaus und Hydroponik mit UVA/UVB-Schutz Inkl. Brillenetui, Unisex","'DUS4'","DE","18.1","17.5","6.5","centimeters","0.24","kilograms","0.0021","cubic meters","Standard-Size","0.07","0.0","1.0E-4","2026-04","14.4","weeks","27.54","0.0","0.07","1.0E-4","0.0038","0.0","EUR","0.0038","Others","N","N","0.0","--","0.0"
"B0CQZD5F1D","X002GJS9L3","VIVOSUN Bypass Gartenschere 20cm, SK5 Stahlklinge mit Titanbeschichtung für präzise Schnitte, 19mm Schnittdurchmesser, ergonomische Aluminiumgriffe mit Feder, Rosenschere für Blumen, Äste & Zweige","'DUS4'","DE","26.7","8.9","3.6","centimeters","0.3","kilograms","9.0E-4","cubic meters","Standard-Size","2.0","0.0","0.0","2026-04","14.4","weeks","27.54","0.0","0.0","0.0","0.0","0.0","EUR","0.0","Others","N","N","0.0471","FBA_NEW_SELECTION:0.0471","0.0"
"B0BQF728P7","X001VEMT83","VIVOSUN AeroZesh T4 Rohrventilator 100mm 357 m³/h Abluftventilator Metall mit E12-Drehzahlregler, EC Motor, Leiser Rohrlüfter PWM-Gesteuert für Luftabsaugung Growzelte Gewächshaus Indoor Hydrokultur","'ERF1'","DE","58.0","36.0","23.0","centimeters","2.19","kilograms","0.048","cubic meters","Oversize","60.57","0.0","2.8942","2026-04","20.5","weeks","21.78","0.0","60.27","2.8942","63.0397","0.0","EUR","63.0397","Others","N","N","0.0","--","0.3"
"B00VWU35F4","X001VKJMC3","VIVOSUN Pflanzsack 5er-Packung 120L aus Vliesstoff, Hochbelastbarer Verdickter Stofftopf mit Starken Griffen für Gemüse, Blumen, Früchte, Gewächshaus und Garten","'ERF1'","DE","41.5","34.7","9.6","centimeters","1.89","kilograms","0.0138","cubic meters","Oversize","0.03","0.0","5.0E-4","2026-04","20.5","weeks","21.78","0.0","0.03","5.0E-4","0.01","0.0","EUR","0.01","Others","N","N","0.0","--","0.0"
"B01DXYMBU6","X001VZSIFF","VIVOSUN Aktivkohlefilter 100mm/4 Inch, Kohlefilter zur Geruchskontrolle mit Australischer Aktivkohle für Rohrventilator, Growzelt & Gewächshaus, inkl. Vorfilter","'ERF1'","DE","34.29","19.7","19.2","centimeters","2.71","kilograms","0.013","cubic meters","Standard-Size","5.0","0.0","0.0648","2026-04","14.4","weeks","27.54","0.0","5.0","0.0648","1.7861","0.0","EUR","1.7861","Others","N","N","0.0","--","0.0"
"B08M3G5TH3","X001VZST45","VIVOSUN Aktivkohlefilter 100mm/4 Inch, Kohlefilter zur Geruchskontrolle mit Australischer Aktivkohle inkl. Vorfilter für Rohrventilator Growzelt Growbox Indoor, Schwarz","'ERF1'","DE","34.6","20.5","19.3","centimeters","2.68","kilograms","0.0137","cubic meters","Standard-Size","0.53","0.0","0.0073","2026-04","14.4","weeks","27.54","0.0","0.53","0.0073","0.2011","0.0","EUR","0.2011","Others","N","N","0.0","--","0.0"
"B01EWH83FU","X001W1EEP1","VIVOSUN Gartenschere 1er-Packung 17cm Pflanzenschere mit Ergonomischen Griffen Ernteschere Grow Schere Trimmschere mit Hochwertiger Gerader Klingen und Titan-Antihaftbeschichtung Rosenschere Orange","'ERF1'","DE","21.5","7.1","1.3","centimeters","0.07","kilograms","2.0E-4","cubic meters","Standard-Size","347.97","0.0","0.0688","2026-04","14.4","weeks","27.54","0.0","346.77","0.0688","1.8953","0.0","EUR","1.8953","Others","N","N","0.0","--","1.2"
"B06Y1XVD1P","X001W1HJ2B","VIVOSUN Gartenschere 17cm Pflanzenschere mit Ergonomischen Griffen Ernteschere Grow Schere Trimmschere mit Titan-Antihaftbeschichtung & Gebogene Klinge für Pflanzen,1 Pack Blau","'ERF1'","DE","21.6","7.0","1.5","centimeters","0.07","kilograms","2.0E-4","cubic meters","Standard-Size","345.77","0.0","0.078","2026-04","14.4","weeks","27.54","0.0","344.13","0.078","2.1496","0.0","EUR","2.1496","Others","N","N","0.0","--","1.63"
"B0C6QJVMD1","X001WOK37V","VIVOSUN AeroZesh G6 Rohrventilator 150mm Abluftventilator mit EC-Motor Ventilator Growbox Rohrlüfter 660 m³/h mit PWM-Steuerung & E12-Geschwindigkeitsregler für Growzelt Growbox Indoorbelüftung","'ERF1'","DE","33.6","26.3","22.8","centimeters","3.31","kilograms","0.0201","cubic meters","Standard-Size","5.0","0.0","0.1007","2026-04","14.4","weeks","27.54","0.0","5.0","0.1007","2.7745","0.0","EUR","2.7745","Others","N","N","0.0","--","0.0"
"B0BMV1W52R","X001WOUTQV","VIVOSUN AeroZesh T6 Rohrventilator 150mm Metall Abluftventilator 693 m³/h mit E12-Drehzahlregler, EC Motor, Leiser Rohrlüfter PWM-Gesteuert für Luftabsaugung Growzelte Gewächshaus Indoor Hydrokultur","'ERF1'","DE","33.0","26.0","25.0","centimeters","2.75","kilograms","0.0214","cubic meters","Standard-Size","12.63","0.0","0.2703","2026-04","14.4","weeks","27.54","0.0","12.6","0.2703","7.4437","0.0","EUR","7.4437","Others","N","N","0.0","--","0.03"
"B0BTM3RC2G","X001WTJDQX","VIVOSUN 2er-Pack 1/8 Zoll Verstellbarer Seilaufhänger für Grow Light, Schwerlast-Aufhänger mit verstärkten Metallzahnrädern, Ratschenhaken für Rohrventilator, Filter und andere Grow Room-Produkte","'ERF1'","DE","16.7","13.5","4.1","centimeters","0.16","kilograms","9.0E-4","cubic meters","Standard-Size","0.1","0.0","1.0E-4","2026-04","14.4","weeks","27.54","0.0","0.1","1.0E-4","0.0025","0.0","EUR","0.0025","Others","N","N","0.0","--","0.0"
"B0C2C8NP5D","X001YZNSF7","VIVOSUN Rohrventilator 150 mm Abluftventilator 688 m³/h Rohrlüfter mit E12-Geschwindigkeitsregler und EC-Motor 32dB Leiser Ventilator für Growzelte und Belüftungssysteme","'ERF1'","DE","35.6","28.1","25.7","centimeters","2.75","kilograms","0.0257","cubic meters","Standard-Size","2.87","0.0","0.0728","2026-04","14.4","weeks","27.54","0.0","2.83","0.0728","2.0062","0.0","EUR","2.0062","Others","N","N","0.0","--","0.03"
"B08228CNGT","X001Z5PF1L","VIVOSUN 3-in-1 Digitales pH-Meter mit ATC, ±0,1 pH Genauigkeit, Wasserqualitätsmesser, Messbereich 0-14 pH für Hydrokultur, Trinkwasser im Hause, Schwimmbäder und Aquarien","'ERF1'","DE","21.0","8.2","5.1","centimeters","0.17","kilograms","9.0E-4","cubic meters","Standard-Size","0.83","0.0","1.0E-4","2026-04","14.4","weeks","27.54","0.0","0.1","1.0E-4","0.0024","0.0","EUR","0.0024","Others","N","N","0.0177","FBA_NEW_SELECTION:0.0177","0.0"
"B0BXD9RK42","X001Z5PQDD","VIVOSUN Solar Automatische Tropfbewässerung Set mit Zeituhr, 3W Ausgang, Solarbetriebenes Bewässerungssystem für 15 Töpfe, ideal für Garten, Balkon, Terrasse und Zimmerpflanzen","'ERF1'","DE","31.1","21.2","7.1","centimeters","0.93","kilograms","0.0047","cubic meters","Standard-Size","19.7","0.0","0.0921","2026-04","14.4","weeks","27.54","0.0","19.67","0.0921","2.5356","0.0","EUR","2.5356","Others","N","N","0.0","--","0.03"
"B09TVDLD5W","X00219PQF5","VIVOSUN Grow Lampe 100W Vollspektrum Pflanzenlampe mit Samsung Dioden Grow Light für Zimmerpflanzen Sämling Vegetativ und Blüte in 60x60cm, 90x90cm Growzelt, Gewächshaus VS1000E 2 Pack","'ERF1'","DE","34.6","32.79","15.6","centimeters","3.77","kilograms","0.0177","cubic meters","Standard-Size","2.33","0.0","0.0348","2026-04","14.4","weeks","27.54","0.0","1.97","0.0348","0.9587","0.0","EUR","0.9587","Others","N","N","0.0","--","0.37"
"B07VK1LVN6","X0021OYVTR","VIVOSUN 2er-Packung 30X 60X Beleuchtete Juwelierlupe mit LEC-Light, Faltbare Taschenlupe mit 2 Linsen für die Beobachtung von Schmuck, Edelsteine, Uhren, Münzen, Briefmarken, Antiquitäten, Schwarz","'ERF1'","DE","9.3","8.0","6.4","centimeters","0.17","kilograms","5.0E-4","cubic meters","Standard-Size","4.67","0.0","0.0022","2026-04","14.4","weeks","27.54","0.0","4.67","0.0022","0.0612","0.0","EUR","0.0612","Others","N","N","0.0","--","0.0"
"B088GVCMZH","X00220G4QX","VIVOSUN Gartenschere 3er-Set 16,5cm Pflanzenschere mit Titan-Antihaftbeschichtung, Ergonomischer Griff, Scharfe Gerade Klingen, Rosenschere für Äste, Blume Obst und Gemüse, Blau","'ERF1'","DE","22.5","8.5","4.5","centimeters","0.21","kilograms","9.0E-4","cubic meters","Standard-Size","20.93","0.0","0.018","2026-04","14.4","weeks","27.54","0.0","20.9","0.018","0.4954","0.0","EUR","0.4954","Others","N","N","0.0","--","0.03"
"B0BY2JKXC7","X0022GVOSP","VIVOSUN Ranknetz für Kletterpflanzen 120x120 cm Elastisches Pflanzennetz, Scrog Netz mit 4 Haken, Grow Netz für Kletterpflanzen, Tomaten, Gurken, Gemüse und Blumen","'ERF1'","DE","20.0","18.2","3.6","centimeters","0.18","kilograms","0.0013","cubic meters","Standard-Size","0.07","0.0","1.0E-4","2026-04","14.4","weeks","27.54","0.0","0.07","1.0E-4","0.0024","0.0","EUR","0.0024","Others","N","N","0.0","--","0.0"
"B0C1Z462XW","X0022HA0MZ","VIVOSUN Temperatur- und Feuchtigkeitssensor, wasserdichte Edelstahl-Umweltüberwachungssonde für GrowHub-Controller E42/E42A, AeroLab THB1/THB1S, 3,6 m","'ERF1'","DE","19.6","12.5","2.1","centimeters","0.07","kilograms","5.0E-4","cubic meters","Standard-Size","0.27","0.0","0.0","2026-04","14.4","weeks","27.54","0.0","0.0","0.0","0.0","0.0","EUR","0.0","Others","N","N","0.0038","FBA_NEW_SELECTION:0.0038","0.0"
"B0CMYX2H9Q","X0023L9EWR","VIVOSUN AeroWave D4 10cm Grow Ventilator Clip Ventilator Grow mit Haken, 3 Geschwindigkeiten, Starker & Leiser Luftstrom, Luftstromwinkel Einstellbar für Hydrokultur, Zirkulation, Kühlung, 1 Pack","'ERF1'","DE","14.1","12.7","7.01","centimeters","0.29","kilograms","0.0013","cubic meters","Standard-Size","7.33","0.0","0.0092","2026-04","14.4","weeks","27.54","0.0","7.33","0.0092","0.2535","0.0","EUR","0.2535","Others","N","N","0.0","--","0.0"
"B01EUURUVM","X0023SZURD","VIVOSUN 10cm 7,6m Flexibler Luftkanal aus Aluminium für Belüftung, Inklusive 2 Schlauchschellen aus Edelstahl, Mehrschichtiges Schlauch Ventilationsset für Ventilatorsystem, HVAC-Lüftung","'ERF1'","DE","43.94","12.07","11.68","centimeters","0.79","kilograms","0.0062","cubic meters","Standard-Size","2.3","0.0","0.014","2026-04","14.4","weeks","27.54","0.0","2.27","0.014","0.3869","0.0","EUR","0.3869","Others","N","N","0.0","--","0.03"
"B07FKJNGSZ","X0023T25DJ","VIVOSUN 2er-Packung 10cm 2,4m Flexibler Luftkanal aus Aluminium für Belüftung, Inklusive 4 Schlauchschellen aus Edelstahl, Mehrschichtiges Schlauch Ventilationsset für Ventilatorsystem, HVAC-Lüftung","'ERF1'","DE","34.49","12.09","11.3","centimeters","0.67","kilograms","0.0047","cubic meters","Standard-Size","1.0","0.0","0.0047","2026-04","14.4","weeks","27.54","0.0","1.0","0.0047","0.1298","0.0","EUR","0.1298","Others","N","N","0.0","--","0.0"
"B07WFDCYZL","X0023T6Q1L","VIVOSUN 2er-Packung 10cm 7,6m Flexibler Luftkanal aus Aluminium für Belüftung, Inklusive 4 Schlauchschellen aus Edelstahl, Mehrschichtiges Schlauch Ventilationsset für Ventilatorsystem, HVAC-Lüftung","'ERF1'","DE","45.29","22.91","12.4","centimeters","1.55","kilograms","0.0129","cubic meters","Oversize","2.0","0.0","0.0257","2026-04","20.5","weeks","21.78","0.0","2.0","0.0257","0.5603","0.0","EUR","0.5603","Others","N","N","0.0","--","0.0"
"B0D8PQQWM3","X00276V1V5","VIVOSUN GrowCam C4 2K QHD WLAN Smart Kamera für Growzelt & Indoor Pflanzen, mit Zeitraffer, Nachtsicht, SD-Karten-Speicherung, Zwei-Wege-Audio, App-Steuerung, Kompatibel mit VGrow System","'ERF1'","DE","10.6","9.4","6.2","centimeters","0.28","kilograms","6.0E-4","cubic meters","Standard-Size","4.57","0.0","0.0027","2026-04","14.4","weeks","27.54","0.0","4.43","0.0027","0.0754","0.0","EUR","0.0754","Others","N","N","0.0","--","0.13"
"B07RBL1XJV","X002F0MTB9","VIVOSUN Grow Room Glasses 2 Stück LED-Schutzbrille UV-Augenbrille für Indoor, Growzelte, Gewächshaus und Hydroponik mit UVA/UVB-Schutz Inkl. Brillenetui, Unisex","'ERF1'","DE","18.1","17.5","6.5","centimeters","0.24","kilograms","0.0021","cubic meters","Standard-Size","1.97","0.0","0.004","2026-04","14.4","weeks","27.54","0.0","1.93","0.004","0.1096","0.0","EUR","0.1096","Others","N","N","0.0","--","0.03"
"B0CQZD5F1D","X002GJS9L3","VIVOSUN Bypass Gartenschere 20cm, SK5 Stahlklinge mit Titanbeschichtung für präzise Schnitte, 19mm Schnittdurchmesser, ergonomische Aluminiumgriffe mit Feder, Rosenschere für Blumen, Äste & Zweige","'ERF1'","DE","26.7","8.9","3.6","centimeters","0.3","kilograms","9.0E-4","cubic meters","Standard-Size","6.0","0.0","0.0","2026-04","14.4","weeks","27.54","0.0","0.0","0.0","0.0","0.0","EUR","0.0","Others","N","N","0.1414","FBA_NEW_SELECTION:0.1414","0.0"
"B0CN32T8J9","X0023LHG9P","VIVOSUN AeroWave D4 10cm Grow Ventilator Clip Ventilator Grow mit Haken, 3 Stufen, Starker & Leiser Luftstrom,Luftstromwinkel Einstellbar für Hydrokultur, Zirkulation, Weiß, 2er-Pack","'FRA1'","DE","16.1","14.1","13.5","centimeters","0.6","kilograms","0.0031","cubic meters","Standard-Size","0.33","0.03","9.0E-4","2026-04","14.4","weeks","27.54","0.0","0.3","9.0E-4","0.025","0.0","EUR","0.025","Others","N","N","0.0","--","0.0"
"B0D8PQQWM3","X00276V1V5","VIVOSUN GrowCam C4 2K QHD WLAN Smart Kamera für Growzelt & Indoor Pflanzen, mit Zeitraffer, Nachtsicht, SD-Karten-Speicherung, Zwei-Wege-Audio, App-Steuerung, Kompatibel mit VGrow System","'FRA1'","DE","10.6","9.4","6.2","centimeters","0.28","kilograms","6.0E-4","cubic meters","Standard-Size","0.3","0.0","2.0E-4","2026-04","14.4","weeks","27.54","0.0","0.3","2.0E-4","0.005","0.0","EUR","0.005","Others","N","N","0.0","--","0.0"
"B00VWU35F4","X001VKJMC3","VIVOSUN Pflanzsack 5er-Packung 120L aus Vliesstoff, Hochbelastbarer Verdickter Stofftopf mit Starken Griffen für Gemüse, Blumen, Früchte, Gewächshaus und Garten","'FRA3'","DE","41.5","34.7","9.6","centimeters","1.89","kilograms","0.0138","cubic meters","Oversize","4.37","0.0","0.0558","2026-04","20.5","weeks","21.78","0.0","4.03","0.0558","1.21","0.0","EUR","1.21","Others","N","N","0.0","--","0.33"
"B01EWH83FU","X001W1EEP1","VIVOSUN Gartenschere 1er-Packung 17cm Pflanzenschere mit Ergonomischen Griffen Ernteschere Grow Schere Trimmschere mit Hochwertiger Gerader Klingen und Titan-Antihaftbeschichtung Rosenschere Orange","'FRA3'","DE","21.5","7.1","1.3","centimeters","0.07","kilograms","2.0E-4","cubic meters","Standard-Size","237.17","0.0","0.047","2026-04","14.4","weeks","27.54","0.0","236.97","0.047","1.295","0.0","EUR","1.295","Others","N","N","0.0","--","0.2"
"B06Y1XVD1P","X001W1HJ2B","VIVOSUN Gartenschere 17cm Pflanzenschere mit Ergonomischen Griffen Ernteschere Grow Schere Trimmschere mit Titan-Antihaftbeschichtung & Gebogene Klinge für Pflanzen,1 Pack Blau","'FRA3'","DE","21.6","7.0","1.5","centimeters","0.07","kilograms","2.0E-4","cubic meters","Standard-Size","148.87","0.0","0.0336","2026-04","14.4","weeks","27.54","0.0","148.27","0.0336","0.9261","0.0","EUR","0.9261","Others","N","N","0.0","--","0.6"
"B0C6QJVMD1","X001WOK37V","VIVOSUN AeroZesh G6 Rohrventilator 150mm Abluftventilator mit EC-Motor Ventilator Growbox Rohrlüfter 660 m³/h mit PWM-Steuerung & E12-Geschwindigkeitsregler für Growzelt Growbox Indoorbelüftung","'FRA3'","DE","33.6","26.3","22.8","centimeters","3.31","kilograms","0.0201","cubic meters","Standard-Size","26.0","0.0","0.5238","2026-04","14.4","weeks","27.54","0.0","26.0","0.5238","14.4264","0.0","EUR","14.4264","Others","N","N","0.0","--","0.0"
"B0BMV1W52R","X001WOUTQV","VIVOSUN AeroZesh T6 Rohrventilator 150mm Metall Abluftventilator 693 m³/h mit E12-Drehzahlregler, EC Motor, Leiser Rohrlüfter PWM-Gesteuert für Luftabsaugung Growzelte Gewächshaus Indoor Hydrokultur","'FRA3'","DE","33.0","26.0","25.0","centimeters","2.75","kilograms","0.0214","cubic meters","Standard-Size","58.0","0.0","1.2441","2026-04","14.4","weeks","27.54","0.0","58.0","1.2441","34.2617","0.0","EUR","34.2617","Others","N","N","0.0","--","0.0"
"B0C6QG963B","X001WOUZFV","VIVOSUN AeroZesh G4 Rohrventilator 100 mm Abluftventilator 331 m³/h 3 Zyklusmodi mit PWM-Steuerung & E12-Geschwindigkeitsregler Ventilator Growbox Rohrlüfter für Growzelt Growbox Indoorbelüftung","'FRA3'","DE","32.7","24.4","19.7","centimeters","2.48","kilograms","0.0157","cubic meters","Standard-Size","38.2","0.0","0.5989","2026-04","14.4","weeks","27.54","0.0","38.1","0.5989","16.4923","0.0","EUR","16.4923","Others","N","N","0.0","--","0.1"
"B0C2436JDR","X001WTEUMP","VIVOSUN 4er-Pack 1/8 Zoll Verstellbarer Seilaufhänger für Grow Light, Schwerlast-Aufhänger mit verstärkten Metallzahnrädern, Ratschenhaken für Rohrventilator, Filter und andere Grow Room-Produkte","'FRA3'","DE","15.1","14.6","4.2","centimeters","0.3","kilograms","9.0E-4","cubic meters","Standard-Size","20.43","0.0","0.0189","2026-04","14.4","weeks","27.54","0.0","20.43","0.0189","0.521","0.0","EUR","0.521","Others","N","N","0.0","--","0.0"
"B0C2C8NP5D","X001YZNSF7","VIVOSUN Rohrventilator 150 mm Abluftventilator 688 m³/h Rohrlüfter mit E12-Geschwindigkeitsregler und EC-Motor 32dB Leiser Ventilator für Growzelte und Belüftungssysteme","'FRA3'","DE","35.6","28.1","25.7","centimeters","2.75","kilograms","0.0257","cubic meters","Standard-Size","3.8","0.0","0.096","2026-04","14.4","weeks","27.54","0.0","3.73","0.096","2.6433","0.0","EUR","2.6433","Others","N","N","0.0","--","0.07"
"B07VK287M6","X0021P5SGL","VIVOSUN 30X 60X Beleuchtete Juwelierlupe mit LEC-Light, Faltbare Taschenlupe mit 2 Linsen für die Beobachtung von Schmuck, Edelsteine, Uhren, Münzen, Briefmarken, Antiquitäten, Weiß","'FRA3'","DE","9.1","6.5","3.9","centimeters","0.09","kilograms","2.0E-4","cubic meters","Standard-Size","11.6","0.0","0.0024","2026-04","14.4","weeks","27.54","0.0","10.03","0.0023","0.0654","0.0","EUR","0.0654","Others","N","N","0.0","--","1.3"
"B087CPSL1H","X0021P8V2T","VIVOSUN Gartenschere 2er-Packung 17cm Pflanzenschere mit Ergonomischen Griffen Baumschere mit Geraden Klingen und Titan-Antihaftbeschichtung Rosenschere Orange","'FRA3'","DE","23.8","9.4","1.6","centimeters","0.14","kilograms","4.0E-4","cubic meters","Standard-Size","15.93","0.0","0.0057","2026-04","14.4","weeks","27.54","0.0","15.9","0.0057","0.1567","0.0","EUR","0.1567","Others","N","N","0.0","--","0.03"
"B087CR7H9S","X002203JR5","VIVOSUN Gartenschere 2er-Packung 17cm Pflanzenschere mit Ergonomischen Griffen Baumschere mit Gebogenen Klingen und Titan-Antihaftbeschichtung Rosenschere Blau","'FRA3'","DE","24.3","9.6","1.7","centimeters","0.14","kilograms","4.0E-4","cubic meters","Standard-Size","24.63","0.0","0.0098","2026-04","14.4","weeks","27.54","0.0","24.6","0.0098","0.2687","0.0","EUR","0.2687","Others","N","N","0.0","--","0.03"
"B088GVCMZH","X00220G4QX","VIVOSUN Gartenschere 3er-Set 16,5cm Pflanzenschere mit Titan-Antihaftbeschichtung, Ergonomischer Griff, Scharfe Gerade Klingen, Rosenschere für Äste, Blume Obst und Gemüse, Blau","'FRA3'","DE","22.5","8.5","4.5","centimeters","0.21","kilograms","9.0E-4","cubic meters","Standard-Size","3.0","0.0","0.0026","2026-04","14.4","weeks","27.54","0.0","3.0","0.0026","0.0711","0.0","EUR","0.0711","Others","N","N","0.0","--","0.0"
"B0BY2DZJ8J","X0022GVNZJ","VIVOSUN Ranknetz für Kletterpflanzen 150x150cm Scrog Netz mit 4 Haken Rankhilfe Pflanzennetz Grow Netz für Kletterpflanzen Gurke Tomaten Gemüse Früchte und Blumen","'FRA3'","DE","23.6","23.0","7.4","centimeters","0.28","kilograms","0.004","cubic meters","Standard-Size","48.87","0.0","0.1948","2026-04","14.4","weeks","27.54","0.0","48.5","0.1948","5.365","0.0","EUR","5.365","Others","N","N","0.0","--","0.37"
"B0C1Z462XW","X0022HA0MZ","VIVOSUN Temperatur- und Feuchtigkeitssensor, wasserdichte Edelstahl-Umweltüberwachungssonde für GrowHub-Controller E42/E42A, AeroLab THB1/THB1S, 3,6 m","'FRA3'","DE","19.6","12.5","2.1","centimeters","0.07","kilograms","5.0E-4","cubic meters","Standard-Size","1.0","0.0","0.0","2026-04","14.4","weeks","27.54","0.0","0.0","0.0","0.0","0.0","EUR","0.0","Others","N","N","0.0142","FBA_NEW_SELECTION:0.0142","0.0"
"B0CMYX2H9Q","X0023L9EWR","VIVOSUN AeroWave D4 10cm Grow Ventilator Clip Ventilator Grow mit Haken, 3 Geschwindigkeiten, Starker & Leiser Luftstrom, Luftstromwinkel Einstellbar für Hydrokultur, Zirkulation, Kühlung, 1 Pack","'FRA3'","DE","14.1","12.7","7.01","centimeters","0.29","kilograms","0.0013","cubic meters","Standard-Size","32.0","0.0","0.0402","2026-04","14.4","weeks","27.54","0.0","32.0","0.0402","1.1061","0.0","EUR","1.1061","Others","N","N","0.0","--","0.0"
"B0BP1Y3CRM","X00260ULXB","VIVOSUN E6 Gen2 Grow Ventilator Oszillierend Leise Klein for Growzelt, 10 Geschwindigkeiten & 2 Modi, EC-Motor, Clip Ventilator Klemmbar Mini Fan für Growbox, IP54, Timer,APP/WiFi Steuerung Schwarz","'FRA3'","DE","22.3","22.2","16.2","centimeters","1.07","kilograms","0.008","cubic meters","Standard-Size","47.63","0.0","0.382","2026-04","14.4","weeks","27.54","0.0","47.63","0.382","10.5205","0.0","EUR","10.5205","Others","N","N","0.0","--","0.0"
"B0BS2BVL3Q","X002CUA5IB","VIVOSUN GrowHub Controller E42A+ für Growzelte, Smart WiFi-Controller für Temperatur, Luftfeuchte und VPD mit Timer, Zyklus und Zeitplan, steuert Kühlung, Belüftung und Beleuchtung","'FRA3'","DE","17.7","17.7","5.3","centimeters","0.69","kilograms","0.0017","cubic meters","Standard-Size","14.07","0.0","0.0234","2026-04","14.4","weeks","27.54","0.0","14.07","0.0234","0.6432","0.0","EUR","0.6432","Others","N","N","0.0","--","0.0"
"B07RBL1XJV","X002F0MTB9","VIVOSUN Grow Room Glasses 2 Stück LED-Schutzbrille UV-Augenbrille für Indoor, Growzelte, Gewächshaus und Hydroponik mit UVA/UVB-Schutz Inkl. Brillenetui, Unisex","'FRA3'","DE","18.1","17.5","6.5","centimeters","0.24","kilograms","0.0021","cubic meters","Standard-Size","48.63","0.0","0.1001","2026-04","14.4","weeks","27.54","0.0","48.63","0.1001","2.7575","0.0","EUR","2.7575","Others","N","N","0.0","--","0.0"
"B01DXYMBU6","X001VZSIFF","VIVOSUN Aktivkohlefilter 100mm/4 Inch, Kohlefilter zur Geruchskontrolle mit Australischer Aktivkohle für Rohrventilator, Growzelt & Gewächshaus, inkl. Vorfilter","'FRA7'","DE","34.29","19.7","19.2","centimeters","2.71","kilograms","0.013","cubic meters","Standard-Size","2.27","0.0","0.029","2026-04","14.4","weeks","27.54","0.0","2.23","0.029","0.7988","0.0","EUR","0.7988","Others","N","N","0.0","--","0.03"
"B01EWH83FU","X001W1EEP1","VIVOSUN Gartenschere 1er-Packung 17cm Pflanzenschere mit Ergonomischen Griffen Ernteschere Grow Schere Trimmschere mit Hochwertiger Gerader Klingen und Titan-Antihaftbeschichtung Rosenschere Orange","'FRA7'","DE","21.5","7.1","1.3","centimeters","0.07","kilograms","2.0E-4","cubic meters","Standard-Size","0.27","0.0","0.0","2026-04","14.4","weeks","27.54","0.0","0.23","0.0","0.0013","0.0","EUR","0.0013","Others","N","N","0.0","--","0.03"
"B06Y1XVD1P","X001W1HJ2B","VIVOSUN Gartenschere 17cm Pflanzenschere mit Ergonomischen Griffen Ernteschere Grow Schere Trimmschere mit Titan-Antihaftbeschichtung & Gebogene Klinge für Pflanzen,1 Pack Blau","'FRA7'","DE","21.6","7.0","1.5","centimeters","0.07","kilograms","2.0E-4","cubic meters","Standard-Size","0.43","0.0","0.0","2026-04","14.4","weeks","27.54","0.0","0.13","0.0","8.0E-4","0.0","EUR","8.0E-4","Others","N","N","0.0","--","0.37"
"B0BXD9RK42","X001Z5PQDD","VIVOSUN Solar Automatische Tropfbewässerung Set mit Zeituhr, 3W Ausgang, Solarbetriebenes Bewässerungssystem für 15 Töpfe, ideal für Garten, Balkon, Terrasse und Zimmerpflanzen","'FRA7'","DE","31.1","21.2","7.1","centimeters","0.93","kilograms","0.0047","cubic meters","Standard-Size","0.03","0.0","2.0E-4","2026-04","14.4","weeks","27.54","0.0","0.03","2.0E-4","0.0043","0.0","EUR","0.0043","Others","N","N","0.0","--","0.0"
"B07VK1LVN6","X0021OYVTR","VIVOSUN 2er-Packung 30X 60X Beleuchtete Juwelierlupe mit LEC-Light, Faltbare Taschenlupe mit 2 Linsen für die Beobachtung von Schmuck, Edelsteine, Uhren, Münzen, Briefmarken, Antiquitäten, Schwarz","'FRA7'","DE","9.3","8.0","6.4","centimeters","0.17","kilograms","5.0E-4","cubic meters","Standard-Size","0.2","0.0","1.0E-4","2026-04","14.4","weeks","27.54","0.0","0.17","1.0E-4","0.0022","0.0","EUR","0.0022","Others","N","N","0.0","--","0.03"
"B0BY2JKXC7","X0022GVOSP","VIVOSUN Ranknetz für Kletterpflanzen 120x120 cm Elastisches Pflanzennetz, Scrog Netz mit 4 Haken, Grow Netz für Kletterpflanzen, Tomaten, Gurken, Gemüse und Blumen","'FRA7'","DE","20.0","18.2","3.6","centimeters","0.18","kilograms","0.0013","cubic meters","Standard-Size","0.23","0.0","3.0E-4","2026-04","14.4","weeks","27.54","0.0","0.2","3.0E-4","0.0072","0.0","EUR","0.0072","Others","N","N","0.0","--","0.03"
"B0C1Z462XW","X0022HA0MZ","VIVOSUN Temperatur- und Feuchtigkeitssensor, wasserdichte Edelstahl-Umweltüberwachungssonde für GrowHub-Controller E42/E42A, AeroLab THB1/THB1S, 3,6 m","'FRA7'","DE","19.6","12.5","2.1","centimeters","0.07","kilograms","5.0E-4","cubic meters","Standard-Size","2.1","0.0","0.0","2026-04","14.4","weeks","27.54","0.0","0.0","0.0","0.0","0.0","EUR","0.0","Others","N","N","0.0298","FBA_NEW_SELECTION:0.0298","0.0"
"B0CMYX2H9Q","X0023L9EWR","VIVOSUN AeroWave D4 10cm Grow Ventilator Clip Ventilator Grow mit Haken, 3 Geschwindigkeiten, Starker & Leiser Luftstrom, Luftstromwinkel Einstellbar für Hydrokultur, Zirkulation, Kühlung, 1 Pack","'FRA7'","DE","14.1","12.7","7.01","centimeters","0.29","kilograms","0.0013","cubic meters","Standard-Size","6.0","0.0","0.0075","2026-04","14.4","weeks","27.54","0.0","6.0","0.0075","0.2077","0.0","EUR","0.2077","Others","N","N","0.0","--","0.0"
"B0CMZFSLCL","X0023L9G3T","VIVOSUN AeroWave D4 10cm Grow Ventilator Clip Ventilator Grow mit Haken, 3 Stufen, Starker & Leiser Luftstrom, Luftstromwinkel Einstellbar für Hydrokultur, Zirkulation, Schwarz, 2er-Pack","'FRA7'","DE","16.1","14.5","13.1","centimeters","0.58","kilograms","0.0031","cubic meters","Standard-Size","1.0","0.0","0.0031","2026-04","14.4","weeks","27.54","0.0","0.17","5.0E-4","0.0843","0.0","EUR","0.0843","Others","N","N","0.0","--","0.0"
"B07FKJNGSZ","X0023T25DJ","VIVOSUN 2er-Packung 10cm 2,4m Flexibler Luftkanal aus Aluminium für Belüftung, Inklusive 4 Schlauchschellen aus Edelstahl, Mehrschichtiges Schlauch Ventilationsset für Ventilatorsystem, HVAC-Lüftung","'FRA7'","DE","34.49","12.09","11.3","centimeters","0.67","kilograms","0.0047","cubic meters","Standard-Size","0.13","0.0","5.0E-4","2026-04","14.4","weeks","27.54","0.0","0.1","5.0E-4","0.013","0.0","EUR","0.013","Others","N","N","0.0","--","0.07"
"B015F4VFGI","X0024R8AGB","VIVOSUN Digitaler Heizmatten-Thermostat-Controller, 5-42°C, 1000W für Reptilien, Setzlinge, Keimung, Inkubation und Fermentation","'FRA7'","DE","16.8","12.3","8.1","centimeters","0.48","kilograms","0.0017","cubic meters","Standard-Size","14.57","0.0","0.0244","2026-04","14.4","weeks","27.54","0.0","14.57","0.0244","0.6724","0.0","EUR","0.6724","Others","N","N","0.0","--","0.0"
"B0BZYVVKQB","X002611E9Z","VIVOSUN AeroWave E6 Gen2 Growzelt-Clip-Ventilator150 mm, EC-Motor Smarte WLAN-Steuerung,10-stufiger & 2 Modi, automatischer oszillierender Ventilator, Luftzirkulator für Growbox, Timer, IP54 2er-Pack","'FRA7'","DE","44.29","22.5","16.2","centimeters","2.02","kilograms","0.0161","cubic meters","Standard-Size","3.0","0.0","0.0474","2026-04","14.4","weeks","27.54","0.0","2.93","0.0474","1.306","0.0","EUR","1.306","Others","N","N","0.0","--","0.07"
"B07RBL1XJV","X002F0MTB9","VIVOSUN Grow Room Glasses 2 Stück LED-Schutzbrille UV-Augenbrille für Indoor, Growzelte, Gewächshaus und Hydroponik mit UVA/UVB-Schutz Inkl. Brillenetui, Unisex","'FRA7'","DE","18.1","17.5","6.5","centimeters","0.24","kilograms","0.0021","cubic meters","Standard-Size","0.03","0.0","1.0E-4","2026-04","14.4","weeks","27.54","0.0","0.03","1.0E-4","0.0019","0.0","EUR","0.0019","Others","N","N","0.0","--","0.0"
"B0CQZD5F1D","X002GJS9L3","VIVOSUN Bypass Gartenschere 20cm, SK5 Stahlklinge mit Titanbeschichtung für präzise Schnitte, 19mm Schnittdurchmesser, ergonomische Aluminiumgriffe mit Feder, Rosenschere für Blumen, Äste & Zweige","'FRA7'","DE","26.7","8.9","3.6","centimeters","0.3","kilograms","9.0E-4","cubic meters","Standard-Size","8.0","0.0","0.0","2026-04","14.4","weeks","27.54","0.0","0.0","0.0","0.0","0.0","EUR","0.0","Others","N","N","0.1885","FBA_NEW_SELECTION:0.1885","0.0"
"B01DXYMBU6","X001VZSIFF","VIVOSUN Aktivkohlefilter 100mm/4 Inch, Kohlefilter zur Geruchskontrolle mit Australischer Aktivkohle für Rohrventilator, Growzelt & Gewächshaus, inkl. Vorfilter","'HAM2'","DE","34.29","19.7","19.2","centimeters","2.71","kilograms","0.013","cubic meters","Standard-Size","1.57","0.0","0.0195","2026-04","14.4","weeks","27.54","0.0","1.5","0.0195","0.5375","0.0","EUR","0.5375","Others","N","N","0.0","--","0.07"
"B08M3G5TH3","X001VZST45","VIVOSUN Aktivkohlefilter 100mm/4 Inch, Kohlefilter zur Geruchskontrolle mit Australischer Aktivkohle inkl. Vorfilter für Rohrventilator Growzelt Growbox Indoor, Schwarz","'HAM2'","DE","34.6","20.5","19.3","centimeters","2.68","kilograms","0.0137","cubic meters","Standard-Size","0.87","0.0","0.0119","2026-04","14.4","weeks","27.54","0.0","0.87","0.0119","0.3278","0.0","EUR","0.3278","Others","N","N","0.0","--","0.0"
"B0C6QJVMD1","X001WOK37V","VIVOSUN AeroZesh G6 Rohrventilator 150mm Abluftventilator mit EC-Motor Ventilator Growbox Rohrlüfter 660 m³/h mit PWM-Steuerung & E12-Geschwindigkeitsregler für Growzelt Growbox Indoorbelüftung","'HAM2'","DE","33.6","26.3","22.8","centimeters","3.31","kilograms","0.0201","cubic meters","Standard-Size","0.57","0.0","0.0114","2026-04","14.4","weeks","27.54","0.0","0.57","0.0114","0.3154","0.0","EUR","0.3154","Others","N","N","0.0","--","0.0"
"B08228CNGT","X001Z5PF1L","VIVOSUN 3-in-1 Digitales pH-Meter mit ATC, ±0,1 pH Genauigkeit, Wasserqualitätsmesser, Messbereich 0-14 pH für Hydrokultur, Trinkwasser im Hause, Schwimmbäder und Aquarien","'HAM2'","DE","21.0","8.2","5.1","centimeters","0.17","kilograms","9.0E-4","cubic meters","Standard-Size","0.2","0.0","0.0","2026-04","14.4","weeks","27.54","0.0","0.0","0.0","0.0","0.0","EUR","0.0","Others","N","N","0.004","FBA_NEW_SELECTION:0.004","0.03"
"B0C1Z462XW","X0022HA0MZ","VIVOSUN Temperatur- und Feuchtigkeitssensor, wasserdichte Edelstahl-Umweltüberwachungssonde für GrowHub-Controller E42/E42A, AeroLab THB1/THB1S, 3,6 m","'HAM2'","DE","19.6","12.5","2.1","centimeters","0.07","kilograms","5.0E-4","cubic meters","Standard-Size","0.9","0.0","0.0","2026-04","14.4","weeks","27.54","0.0","0.0","0.0","0.0","0.0","EUR","0.0","Others","N","N","0.0123","FBA_NEW_SELECTION:0.0123","0.03"
"B0D8PQQWM3","X00276V1V5","VIVOSUN GrowCam C4 2K QHD WLAN Smart Kamera für Growzelt & Indoor Pflanzen, mit Zeitraffer, Nachtsicht, SD-Karten-Speicherung, Zwei-Wege-Audio, App-Steuerung, Kompatibel mit VGrow System","'HAM2'","DE","10.6","9.4","6.2","centimeters","0.28","kilograms","6.0E-4","cubic meters","Standard-Size","1.2","0.0","6.0E-4","2026-04","14.4","weeks","27.54","0.0","1.03","6.0E-4","0.0176","0.0","EUR","0.0176","Others","N","N","0.0","--","0.2"
"B0C6QK97P2","X002CUEXZ7","VIVOSUN Rohrventilator 100mm Abluftventilator 330m³/h AeroZesh G4 mit EC-Motor und GrowHub E42A+, VPD-Regler, WiFi/App-Fernsteuerung Ventilator Growbox Rohrlüfter für Kühlung, Growzelte, Hydroponik","'HAM2'","DE","32.29","24.6","19.8","centimeters","2.85","kilograms","0.0157","cubic meters","Standard-Size","0.53","0.0","0.0084","2026-04","14.4","weeks","27.54","0.0","0.53","0.0084","0.2317","0.0","EUR","0.2317","Others","N","N","0.0","--","0.0"
"B0BQF728P7","X001VEMT83","VIVOSUN AeroZesh T4 Rohrventilator 100mm 357 m³/h Abluftventilator Metall mit E12-Drehzahlregler, EC Motor, Leiser Rohrlüfter PWM-Gesteuert für Luftabsaugung Growzelte Gewächshaus Indoor Hydrokultur","'KTW1'","DE","58.0","36.0","23.0","centimeters","2.19","kilograms","0.048","cubic meters","Oversize","0.3","0.0","0.0144","2026-04","20.5","weeks","21.78","0.0","0.3","0.0144","0.31","0.0","EUR","0.31","Others","N","N","0.0","--","0.0"
"B07Y82117Q","X001VKGO47","VIVOSUN Drucksprüher 5L Gartenspritze mit 3 Düsen, Druckentlastungsventil & Verstellbarem Tragegurt, Sprühflasche für Pflanzen Garten Rasenpflege Düngung & Reinigun, Weiß","'KTW1'","DE","44.09","18.8","18.59","centimeters","1.2","kilograms","0.0154","cubic meters","Standard-Size","0.17","0.03","0.0021","2026-04","14.4","weeks","27.54","0.0","0.13","0.0021","0.0566","0.0","EUR","0.0566","Others","N","N","0.0","--","0.0"
"B01731MLFK","X001VZO4UN","VIVOSUN Aktivkohlefilter Grow Aktivkohlefilter 150mm/6 Inch Geruchskontrolle mit Australischer Aktivkohle inkl. Vorfilter für Indoor Growzelt Growbox Rohrventilator Gewächshaus","'KTW1'","DE","44.5","24.0","24.0","centimeters","4.79","kilograms","0.0256","cubic meters","Standard-Size","0.3","0.17","0.0034","2026-04","14.4","weeks","27.54","0.0","0.13","0.0034","0.0941","0.0","EUR","0.0941","Others","N","N","0.0","--","0.0"
"B01731MLFK","X001VZO4UN","VIVOSUN Aktivkohlefilter Grow Aktivkohlefilter 150mm/6 Inch Geruchskontrolle mit Australischer Aktivkohle inkl. Vorfilter für Indoor Growzelt Growbox Rohrventilator Gewächshaus","'KTW1'","DE","44.5","24.0","24.0","centimeters","4.79","kilograms","0.0256","cubic meters","Standard-Size","29.07","0.0","0.7382","2026-04","14.4","weeks","27.54","0.0","28.8","0.7382","20.3288","0.0","EUR","20.3288","Others","N","N","0.0","--","0.27"
"B08M3VN2ST","X001VZO6ND","VIVOSUN Aktivkohlefilter 150mm/6 Inch, Kohlefilter zur Geruchskontrolle mit Australischer Aktivkohle inkl. Vorfilter für Rohrventilator Growzelt Growbox Indoor, Schwarz","'KTW1'","DE","44.6","25.6","23.8","centimeters","4.99","kilograms","0.0272","cubic meters","Standard-Size","0.3","0.0","0.0082","2026-04","14.4","weeks","27.54","0.0","0.3","0.0082","0.2245","0.0","EUR","0.2245","Others","N","N","0.0","--","0.0"
"B01DXYMBU6","X001VZSIFF","VIVOSUN Aktivkohlefilter 100mm/4 Inch, Kohlefilter zur Geruchskontrolle mit Australischer Aktivkohle für Rohrventilator, Growzelt & Gewächshaus, inkl. Vorfilter","'KTW1'","DE","34.29","19.7","19.2","centimeters","2.71","kilograms","0.013","cubic meters","Standard-Size","1.67","0.53","0.0147","2026-04","14.4","weeks","27.54","0.0","1.13","0.0147","0.4048","0.0","EUR","0.4048","Others","N","N","0.0","--","0.0"
"B01DXYMBU6","X001VZSIFF","VIVOSUN Aktivkohlefilter 100mm/4 Inch, Kohlefilter zur Geruchskontrolle mit Australischer Aktivkohle für Rohrventilator, Growzelt & Gewächshaus, inkl. Vorfilter","'KTW1'","DE","34.29","19.7","19.2","centimeters","2.71","kilograms","0.013","cubic meters","Standard-Size","0.9","0.27","0.0082","2026-04","14.4","weeks","27.54","0.0","0.63","0.0082","0.2262","0.0","EUR","0.2262","Others","N","N","0.0","--","0.0"
"B08M3G5TH3","X001VZST45","VIVOSUN Aktivkohlefilter 100mm/4 Inch, Kohlefilter zur Geruchskontrolle mit Australischer Aktivkohle inkl. Vorfilter für Rohrventilator Growzelt Growbox Indoor, Schwarz","'KTW1'","DE","34.6","20.5","19.3","centimeters","2.68","kilograms","0.0137","cubic meters","Standard-Size","0.5","0.03","0.0064","2026-04","14.4","weeks","27.54","0.0","0.47","0.0064","0.1759","0.0","EUR","0.1759","Others","N","N","0.0","--","0.0"
"B01EWH83FU","X001W1EEP1","VIVOSUN Gartenschere 1er-Packung 17cm Pflanzenschere mit Ergonomischen Griffen Ernteschere Grow Schere Trimmschere mit Hochwertiger Gerader Klingen und Titan-Antihaftbeschichtung Rosenschere Orange","'KTW1'","DE","21.5","7.1","1.3","centimeters","0.07","kilograms","2.0E-4","cubic meters","Standard-Size","0.03","0.0","0.0","2026-04","14.4","weeks","27.54","0.0","0.03","0.0","2.0E-4","0.0","EUR","2.0E-4","Others","N","N","0.0","--","0.0"
"B01EWH83FU","X001W1EEP1","VIVOSUN Gartenschere 1er-Packung 17cm Pflanzenschere mit Ergonomischen Griffen Ernteschere Grow Schere Trimmschere mit Hochwertiger Gerader Klingen und Titan-Antihaftbeschichtung Rosenschere Orange","'KTW1'","DE","21.5","7.1","1.3","centimeters","0.07","kilograms","2.0E-4","cubic meters","Standard-Size","0.1","0.0","0.0","2026-04","14.4","weeks","27.54","0.0","0.1","0.0","5.0E-4","0.0","EUR","5.0E-4","Others","N","N","0.0","--","0.0"
"B06Y1XVD1P","X001W1HJ2B","VIVOSUN Gartenschere 17cm Pflanzenschere mit Ergonomischen Griffen Ernteschere Grow Schere Trimmschere mit Titan-Antihaftbeschichtung & Gebogene Klinge für Pflanzen,1 Pack Blau","'KTW1'","DE","21.6","7.0","1.5","centimeters","0.07","kilograms","2.0E-4","cubic meters","Standard-Size","0.23","0.03","0.0","2026-04","14.4","weeks","27.54","0.0","0.2","0.0","0.0012","0.0","EUR","0.0012","Others","N","N","0.0","--","0.0"
"B0BMV1W52R","X001WOUTQV","VIVOSUN AeroZesh T6 Rohrventilator 150mm Metall Abluftventilator 693 m³/h mit E12-Drehzahlregler, EC Motor, Leiser Rohrlüfter PWM-Gesteuert für Luftabsaugung Growzelte Gewächshaus Indoor Hydrokultur","'KTW1'","DE","33.0","26.0","25.0","centimeters","2.75","kilograms","0.0214","cubic meters","Standard-Size","0.3","0.0","0.0064","2026-04","14.4","weeks","27.54","0.0","0.3","0.0064","0.1772","0.0","EUR","0.1772","Others","N","N","0.0","--","0.0"
"B0C6QG963B","X001WOUZFV","VIVOSUN AeroZesh G4 Rohrventilator 100 mm Abluftventilator 331 m³/h 3 Zyklusmodi mit PWM-Steuerung & E12-Geschwindigkeitsregler Ventilator Growbox Rohrlüfter für Growzelt Growbox Indoorbelüftung","'KTW1'","DE","32.7","24.4","19.7","centimeters","2.48","kilograms","0.0157","cubic meters","Standard-Size","0.3","0.17","0.0021","2026-04","14.4","weeks","27.54","0.0","0.13","0.0021","0.0577","0.0","EUR","0.0577","Others","N","N","0.0","--","0.0"
"B09YH6SZZF","X001YZMLS7","VIVOSUN Rohrventilator 100mm Abluftventilator 353m³/h mit EC-Motor und GrowHub E42A WLAN-Controller AeroZesh S4 Ventilator Growbox Rohrlüfter für Growzelte und Hydroponiksysteme","'KTW1'","DE","36.29","26.7","20.4","centimeters","2.83","kilograms","0.0198","cubic meters","Standard-Size","0.47","0.0","0.0092","2026-04","14.4","weeks","27.54","0.0","0.47","0.0092","0.254","0.0","EUR","0.254","Others","N","N","0.0","--","0.0"
"B0C2C8KBBW","X001YZMP8D","VIVOSUN Rohrventilator 100 mm Abluftventilator 353 m³/h Rohrlüfter mit E12-Geschwindigkeitsregler und EC-Motor 28dB Leiser Ventilator für Growzelte und Belüftungssysteme","'KTW1'","DE","36.1","26.1","20.3","centimeters","2.42","kilograms","0.0191","cubic meters","Standard-Size","0.5","0.0","0.0096","2026-04","14.4","weeks","27.54","0.0","0.5","0.0096","0.2634","0.0","EUR","0.2634","Others","N","N","0.0","--","0.0"
"B0C2C8NP5D","X001YZNSF7","VIVOSUN Rohrventilator 150 mm Abluftventilator 688 m³/h Rohrlüfter mit E12-Geschwindigkeitsregler und EC-Motor 32dB Leiser Ventilator für Growzelte und Belüftungssysteme","'KTW1'","DE","35.6","28.1","25.7","centimeters","2.75","kilograms","0.0257","cubic meters","Standard-Size","0.3","0.0","0.0077","2026-04","14.4","weeks","27.54","0.0","0.3","0.0077","0.2124","0.0","EUR","0.2124","Others","N","N","0.0","--","0.0"
"B08228CNGT","X001Z5PF1L","VIVOSUN 3-in-1 Digitales pH-Meter mit ATC, ±0,1 pH Genauigkeit, Wasserqualitätsmesser, Messbereich 0-14 pH für Hydrokultur, Trinkwasser im Hause, Schwimmbäder und Aquarien","'KTW1'","DE","21.0","8.2","5.1","centimeters","0.17","kilograms","9.0E-4","cubic meters","Standard-Size","1.0","0.0","2.0E-4","2026-04","14.4","weeks","27.54","0.0","0.27","2.0E-4","0.0064","0.0","EUR","0.0064","Others","N","N","0.0177","FBA_NEW_SELECTION:0.0177","0.0"
"B0BXD9RK42","X001Z5PQDD","VIVOSUN Solar Automatische Tropfbewässerung Set mit Zeituhr, 3W Ausgang, Solarbetriebenes Bewässerungssystem für 15 Töpfe, ideal für Garten, Balkon, Terrasse und Zimmerpflanzen","'KTW1'","DE","31.1","21.2","7.1","centimeters","0.93","kilograms","0.0047","cubic meters","Standard-Size","1.43","0.1","0.0062","2026-04","14.4","weeks","27.54","0.0","1.33","0.0062","0.1719","0.0","EUR","0.1719","Others","N","N","0.0","--","0.0"
"B0BKP7VV1H","X0020AGC0X","VIVOSUN GrowHub E25 Smart Controller, Plug-and-Play-Steuerungssystem für Growzelt, Kompatibel mit E42/E42A, WiFi & App Steuerbar, Zentrale Kontrolle für Smart Grow System Geräte","'KTW1'","DE","8.4","5.6","1.9","centimeters","0.03","kilograms","1.0E-4","cubic meters","Standard-Size","0.03","0.0","0.0","2026-04","14.4","weeks","27.54","0.0","0.03","0.0","1.0E-4","0.0","EUR","1.0E-4","Others","N","N","0.0","--","0.0"
"B0BXP3XLLR","X0020HG1EN","VIVOSUN AeroLab THB1S Drahtloses Bluetooth Hygrometer Thermometer, Digitaler Temperatur- & Feuchtigkeitsmesser mit VPD, LCD-Display, Datenspeicher, Dualkanäle mit Sonde, Batterie","'KTW1'","DE","14.5","12.6","2.8","centimeters","0.23","kilograms","5.0E-4","cubic meters","Standard-Size","0.27","0.13","1.0E-4","2026-04","14.4","weeks","27.54","0.0","0.13","1.0E-4","0.0019","0.0","EUR","0.0019","Others","N","N","0.0","--","0.0"
"B0BXP3XLLR","X0020HG1EN","VIVOSUN AeroLab THB1S Drahtloses Bluetooth Hygrometer Thermometer, Digitaler Temperatur- & Feuchtigkeitsmesser mit VPD, LCD-Display, Datenspeicher, Dualkanäle mit Sonde, Batterie","'KTW1'","DE","14.5","12.6","2.8","centimeters","0.23","kilograms","5.0E-4","cubic meters","Standard-Size","0.2","0.13","0.0","2026-04","14.4","weeks","27.54","0.0","0.07","0.0","9.0E-4","0.0","EUR","9.0E-4","Others","N","N","0.0","--","0.0"
"B07VK1LVN6","X0021OYVTR","VIVOSUN 2er-Packung 30X 60X Beleuchtete Juwelierlupe mit LEC-Light, Faltbare Taschenlupe mit 2 Linsen für die Beobachtung von Schmuck, Edelsteine, Uhren, Münzen, Briefmarken, Antiquitäten, Schwarz","'KTW1'","DE","9.3","8.0","6.4","centimeters","0.17","kilograms","5.0E-4","cubic meters","Standard-Size","0.07","0.0","0.0","2026-04","14.4","weeks","27.54","0.0","0.07","0.0","9.0E-4","0.0","EUR","9.0E-4","Others","N","N","0.0","--","0.0"
"B07VK1LVKX","X0021P5OXX","VIVOSUN 30X 60X Beleuchtete Juwelierlupe mit LEC-Light, Faltbare Taschenlupe mit 2 Linsen für die Beobachtung von Schmuck, Edelsteine, Uhren, Münzen, Briefmarken, Antiquitäten, Schwarz","'KTW1'","DE","9.0","6.5","3.9","centimeters","0.09","kilograms","2.0E-4","cubic meters","Standard-Size","0.43","0.13","1.0E-4","2026-04","14.4","weeks","27.54","0.0","0.3","1.0E-4","0.0019","0.0","EUR","0.0019","Others","N","N","0.0","--","0.0"
"B0CRDQ63HT","X0021PRUUD","VIVOSUN FlexFeed Tropfbewässerungsset, 4W automatisches Bewässerungssystem mit Pumpe und 4 Tropfern, App-gesteuertes Smart Bewässerungssystem für VGrow Smart Grow Box und Indoor Pflanzen","'KTW1'","DE","11.91","11.3","5.79","centimeters","0.18","kilograms","8.0E-4","cubic meters","Standard-Size","0.07","0.0","1.0E-4","2026-04","14.4","weeks","27.54","0.0","0.07","1.0E-4","0.0014","0.0","EUR","0.0014","Others","N","N","0.0","--","0.0"
"B096VM7MF3","X0022GVMRD","VIVOSUN 6-lagiges Netz-Trockengestell zum Aufhängen mit grünen Reißverschlüssen zum Dehydrieren, Gartenschere für drinnen und draußen","'KTW1'","DE","25.2","24.79","8.61","centimeters","0.94","kilograms","0.0054","cubic meters","Standard-Size","0.3","0.0","0.0016","2026-04","14.4","weeks","27.54","0.0","0.3","0.0016","0.0444","0.0","EUR","0.0444","Others","N","N","0.0","--","0.0"
"B0C1Z462XW","X0022HA0MZ","VIVOSUN Temperatur- und Feuchtigkeitssensor, wasserdichte Edelstahl-Umweltüberwachungssonde für GrowHub-Controller E42/E42A, AeroLab THB1/THB1S, 3,6 m","'KTW1'","DE","19.6","12.5","2.1","centimeters","0.07","kilograms","5.0E-4","cubic meters","Standard-Size","0.3","0.0","0.0","2026-04","14.4","weeks","27.54","0.0","0.0","0.0","0.0","0.0","EUR","0.0","Others","N","N","0.0043","FBA_NEW_SELECTION:0.0043","0.0"
"B0C1Z462XW","X0022HA0MZ","VIVOSUN Temperatur- und Feuchtigkeitssensor, wasserdichte Edelstahl-Umweltüberwachungssonde für GrowHub-Controller E42/E42A, AeroLab THB1/THB1S, 3,6 m","'KTW1'","DE","19.6","12.5","2.1","centimeters","0.07","kilograms","5.0E-4","cubic meters","Standard-Size","1.0","0.0","0.0","2026-04","14.4","weeks","27.54","0.0","0.0","0.0","0.0","0.0","EUR","0.0","Others","N","N","0.0142","FBA_NEW_SELECTION:0.0142","0.0"
"B0CMYX2H9Q","X0023L9EWR","VIVOSUN AeroWave D4 10cm Grow Ventilator Clip Ventilator Grow mit Haken, 3 Geschwindigkeiten, Starker & Leiser Luftstrom, Luftstromwinkel Einstellbar für Hydrokultur, Zirkulation, Kühlung, 1 Pack","'KTW1'","DE","14.1","12.7","7.01","centimeters","0.29","kilograms","0.0013","cubic meters","Standard-Size","0.1","0.0","1.0E-4","2026-04","14.4","weeks","27.54","0.0","0.1","1.0E-4","0.0035","0.0","EUR","0.0035","Others","N","N","0.0","--","0.0"
"B0CMZFSLCL","X0023L9G3T","VIVOSUN AeroWave D4 10cm Grow Ventilator Clip Ventilator Grow mit Haken, 3 Stufen, Starker & Leiser Luftstrom, Luftstromwinkel Einstellbar für Hydrokultur, Zirkulation, Schwarz, 2er-Pack","'KTW1'","DE","16.1","14.5","13.1","centimeters","0.58","kilograms","0.0031","cubic meters","Standard-Size","0.53","0.13","0.0012","2026-04","14.4","weeks","27.54","0.0","0.4","0.0012","0.0337","0.0","EUR","0.0337","Others","N","N","0.0","--","0.0"
"B0CMZFSLCL","X0023L9G3T","VIVOSUN AeroWave D4 10cm Grow Ventilator Clip Ventilator Grow mit Haken, 3 Stufen, Starker & Leiser Luftstrom, Luftstromwinkel Einstellbar für Hydrokultur, Zirkulation, Schwarz, 2er-Pack","'KTW1'","DE","16.1","14.5","13.1","centimeters","0.58","kilograms","0.0031","cubic meters","Standard-Size","0.23","0.03","6.0E-4","2026-04","14.4","weeks","27.54","0.0","0.2","6.0E-4","0.0168","0.0","EUR","0.0168","Others","N","N","0.0","--","0.0"
"B09SZ9VS93","X00247HY3B","VIVOSUN Heizmatte Pflanzen 25,4x52,7cm mit Temperaturregler, Wasserdichte Pflanzen-Wärmematte UL & MET Zertifiziert, Setzling Heizmatte für Keimung, Hydrokultur, Zucht und Gewächshaus","'KTW1'","DE","26.7","7.2","6.9","centimeters","0.46","kilograms","0.0013","cubic meters","Standard-Size","0.03","0.0","0.0","2026-04","14.4","weeks","27.54","0.0","0.03","0.0","0.0012","0.0","EUR","0.0012","Others","N","N","0.0","--","0.0"
"B09SZ9VS93","X00247HY3B","VIVOSUN Heizmatte Pflanzen 25,4x52,7cm mit Temperaturregler, Wasserdichte Pflanzen-Wärmematte UL & MET Zertifiziert, Setzling Heizmatte für Keimung, Hydrokultur, Zucht und Gewächshaus","'KTW1'","DE","26.7","7.2","6.9","centimeters","0.46","kilograms","0.0013","cubic meters","Standard-Size","0.07","0.0","1.0E-4","2026-04","14.4","weeks","27.54","0.0","0.0","0.0","0.0024","0.0","EUR","0.0024","Others","N","N","0.0","--","0.0"
"B0BTD741R3","X0024QXTEF","VIVOSUN Anzuchtset mit 40-Zellen-Starter-Tablett, LED-Pflanzenlicht und 25×52cm Heizmatte, Mini-Gewächshaus mit 9cm hoher Haube, Verstellbarer Belüftung und Abflusslöchern für Sämlinge","'KTW1'","DE","39.1","25.4","13.9","centimeters","1.13","kilograms","0.0138","cubic meters","Standard-Size","0.3","0.17","0.0018","2026-04","14.4","weeks","27.54","0.0","0.13","0.0018","0.0507","0.0","EUR","0.0507","Others","N","N","0.0","--","0.0"
"B0BP1Y3CRM","X00260ULXB","VIVOSUN E6 Gen2 Grow Ventilator Oszillierend Leise Klein for Growzelt, 10 Geschwindigkeiten & 2 Modi, EC-Motor, Clip Ventilator Klemmbar Mini Fan für Growbox, IP54, Timer,APP/WiFi Steuerung Schwarz","'KTW1'","DE","22.3","22.2","16.2","centimeters","1.07","kilograms","0.008","cubic meters","Standard-Size","0.27","0.0","0.0021","2026-04","14.4","weeks","27.54","0.0","0.27","0.0021","0.0589","0.0","EUR","0.0589","Others","N","N","0.0","--","0.0"
"B0D626DZTN","X0026HLHBJ","VIVOSUN AeroStream U075 USB-Luftbefeuchter, 750ml Kaltnebel Mini-Luftbefeuchter mit 2 Nebel-Modi, Automatische Abschaltung, Smarte Fernbedienung mit VGrow, Entwickelt für Growzelte","'KTW1'","DE","18.49","10.21","10.11","centimeters","0.4","kilograms","0.0019","cubic meters","Standard-Size","0.27","0.03","0.0","2026-04","14.4","weeks","27.54","0.0","0.0","0.0","0.0","0.0","EUR","0.0","Others","N","N","0.0123","FBA_NEW_SELECTION:0.0123","0.0"
"B0D8PQQWM3","X00276V1V5","VIVOSUN GrowCam C4 2K QHD WLAN Smart Kamera für Growzelt & Indoor Pflanzen, mit Zeitraffer, Nachtsicht, SD-Karten-Speicherung, Zwei-Wege-Audio, App-Steuerung, Kompatibel mit VGrow System","'KTW1'","DE","10.6","9.4","6.2","centimeters","0.28","kilograms","6.0E-4","cubic meters","Standard-Size","3.43","0.5","0.0018","2026-04","14.4","weeks","27.54","0.0","2.93","0.0018","0.0499","0.0","EUR","0.0499","Others","N","N","0.0","--","0.0"
"B0D8PQQWM3","X00276V1V5","VIVOSUN GrowCam C4 2K QHD WLAN Smart Kamera für Growzelt & Indoor Pflanzen, mit Zeitraffer, Nachtsicht, SD-Karten-Speicherung, Zwei-Wege-Audio, App-Steuerung, Kompatibel mit VGrow System","'KTW1'","DE","10.6","9.4","6.2","centimeters","0.28","kilograms","6.0E-4","cubic meters","Standard-Size","0.67","0.0","4.0E-4","2026-04","14.4","weeks","27.54","0.0","0.67","4.0E-4","0.0113","0.0","EUR","0.0113","Others","N","N","0.0","--","0.0"
"B0BS2BVL3Q","X002CUA5IB","VIVOSUN GrowHub Controller E42A+ für Growzelte, Smart WiFi-Controller für Temperatur, Luftfeuchte und VPD mit Timer, Zyklus und Zeitplan, steuert Kühlung, Belüftung und Beleuchtung","'KTW1'","DE","17.7","17.7","5.3","centimeters","0.69","kilograms","0.0017","cubic meters","Standard-Size","0.3","0.17","2.0E-4","2026-04","14.4","weeks","27.54","0.0","0.13","2.0E-4","0.0061","0.0","EUR","0.0061","Others","N","N","0.0","--","0.0"
"B0BS2BVL3Q","X002CUA5IB","VIVOSUN GrowHub Controller E42A+ für Growzelte, Smart WiFi-Controller für Temperatur, Luftfeuchte und VPD mit Timer, Zyklus und Zeitplan, steuert Kühlung, Belüftung und Beleuchtung","'KTW1'","DE","17.7","17.7","5.3","centimeters","0.69","kilograms","0.0017","cubic meters","Standard-Size","0.37","0.2","3.0E-4","2026-04","14.4","weeks","27.54","0.0","0.17","3.0E-4","0.0076","0.0","EUR","0.0076","Others","N","N","0.0","--","0.0"
"B0C6QK97P2","X002CUEXZ7","VIVOSUN Rohrventilator 100mm Abluftventilator 330m³/h AeroZesh G4 mit EC-Motor und GrowHub E42A+, VPD-Regler, WiFi/App-Fernsteuerung Ventilator Growbox Rohrlüfter für Kühlung, Growzelte, Hydroponik","'KTW1'","DE","32.29","24.6","19.8","centimeters","2.85","kilograms","0.0157","cubic meters","Standard-Size","0.1","0.03","0.001","2026-04","14.4","weeks","27.54","0.0","0.07","0.001","0.0289","0.0","EUR","0.0289","Others","N","N","0.0","--","0.0"
"B0C6QKDG53","X002CUEYA1","VIVOSUN Smart Rohrventilator 150mm Abluftventilator AeroZesh G6 660m³/h mit EC-Motor und GrowHub E42A+ VPD-Regler, WiFi/App-Fernsteuerung Ventilator Growbox Rohrlüfter Kühlung,Growzelte, Hydroponik","'KTW1'","DE","33.5","26.5","23.0","centimeters","3.65","kilograms","0.0204","cubic meters","Standard-Size","0.03","0.0","7.0E-4","2026-04","14.4","weeks","27.54","0.0","0.03","7.0E-4","0.0187","0.0","EUR","0.0187","Others","N","N","0.0","--","0.0"
"B0FHZV3WNM","X002CXIWAB","VIVOSUN AeroFlux Smart Grow Tent Heater, 700W PTC-Heizung mit Thermostat, VPD-Überwachung, App-Steuerung, Überhitzungsschutz und Verlängerungsschlauch, für Growzelte, Räume und Gewächshäuser","'KTW1'","DE","33.0","31.1","19.4","centimeters","3.19","kilograms","0.0199","cubic meters","Standard-Size","0.47","0.13","0.0066","2026-04","14.4","weeks","27.54","0.0","0.33","0.0066","0.1828","0.0","EUR","0.1828","Others","N","N","0.0","--","0.0"
"B0BY2HRPWQ","X001VJOERR","VIVOSUN Growzelt klein 50x36x54cm Grow Zelt mini mit hochreflektierendes Mylar, versiegeltem Bodendesign, Belüftungsfenster und Kabeldurchführungsloch für Aerogarden Hydroponik-Anbausystem","'KTW3'","DE","34.2","19.9","15.0","centimeters","1.73","kilograms","0.0102","cubic meters","Standard-Size","1.4","0.0","0.0136","2026-04","14.4","weeks","27.54","0.0","0.77","0.0078","0.3749","0.0","EUR","0.3749","Others","N","N","0.0","--","0.07"
"B01DXYMBU6","X001VZSIFF","VIVOSUN Aktivkohlefilter 100mm/4 Inch, Kohlefilter zur Geruchskontrolle mit Australischer Aktivkohle für Rohrventilator, Growzelt & Gewächshaus, inkl. Vorfilter","'KTW3'","DE","34.29","19.7","19.2","centimeters","2.71","kilograms","0.013","cubic meters","Standard-Size","9.93","0.0","0.1288","2026-04","14.4","weeks","27.54","0.0","9.93","0.1288","3.548","0.0","EUR","3.548","Others","N","N","0.0","--","0.0"
"B08M3G5TH3","X001VZST45","VIVOSUN Aktivkohlefilter 100mm/4 Inch, Kohlefilter zur Geruchskontrolle mit Australischer Aktivkohle inkl. Vorfilter für Rohrventilator Growzelt Growbox Indoor, Schwarz","'KTW3'","DE","34.6","20.5","19.3","centimeters","2.68","kilograms","0.0137","cubic meters","Standard-Size","0.8","0.0","0.011","2026-04","14.4","weeks","27.54","0.0","0.8","0.011","0.3016","0.0","EUR","0.3016","Others","N","N","0.0","--","0.0"
"B01EWH83FU","X001W1EEP1","VIVOSUN Gartenschere 1er-Packung 17cm Pflanzenschere mit Ergonomischen Griffen Ernteschere Grow Schere Trimmschere mit Hochwertiger Gerader Klingen und Titan-Antihaftbeschichtung Rosenschere Orange","'KTW3'","DE","21.5","7.1","1.3","centimeters","0.07","kilograms","2.0E-4","cubic meters","Standard-Size","2.0","0.0","4.0E-4","2026-04","14.4","weeks","27.54","0.0","2.0","4.0E-4","0.0109","0.0","EUR","0.0109","Others","N","N","0.0","--","0.0"
"B0C2C8NP5D","X001YZNSF7","VIVOSUN Rohrventilator 150 mm Abluftventilator 688 m³/h Rohrlüfter mit E12-Geschwindigkeitsregler und EC-Motor 32dB Leiser Ventilator für Growzelte und Belüftungssysteme","'KTW3'","DE","35.6","28.1","25.7","centimeters","2.75","kilograms","0.0257","cubic meters","Standard-Size","24.53","0.0","0.629","2026-04","14.4","weeks","27.54","0.0","24.43","0.6282","17.3229","0.0","EUR","17.3229","Others","N","N","0.0","--","0.07"
"B08228CNGT","X001Z5PF1L","VIVOSUN 3-in-1 Digitales pH-Meter mit ATC, ±0,1 pH Genauigkeit, Wasserqualitätsmesser, Messbereich 0-14 pH für Hydrokultur, Trinkwasser im Hause, Schwimmbäder und Aquarien","'KTW3'","DE","21.0","8.2","5.1","centimeters","0.17","kilograms","9.0E-4","cubic meters","Standard-Size","0.53","0.0","0.0","2026-04","14.4","weeks","27.54","0.0","0.0","0.0","0.0","0.0","EUR","0.0","Others","N","N","0.0105","FBA_NEW_SELECTION:0.0105","0.1"
"B0BXD9RK42","X001Z5PQDD","VIVOSUN Solar Automatische Tropfbewässerung Set mit Zeituhr, 3W Ausgang, Solarbetriebenes Bewässerungssystem für 15 Töpfe, ideal für Garten, Balkon, Terrasse und Zimmerpflanzen","'KTW3'","DE","31.1","21.2","7.1","centimeters","0.93","kilograms","0.0047","cubic meters","Standard-Size","14.23","0.0","0.0666","2026-04","14.4","weeks","27.54","0.0","14.23","0.0666","1.8349","0.0","EUR","1.8349","Others","N","N","0.0","--","0.0"
"B07VK1LVKX","X0021P5OXX","VIVOSUN 30X 60X Beleuchtete Juwelierlupe mit LEC-Light, Faltbare Taschenlupe mit 2 Linsen für die Beobachtung von Schmuck, Edelsteine, Uhren, Münzen, Briefmarken, Antiquitäten, Schwarz","'KTW3'","DE","9.0","6.5","3.9","centimeters","0.09","kilograms","2.0E-4","cubic meters","Standard-Size","8.87","0.0","0.0019","2026-04","14.4","weeks","27.54","0.0","7.77","0.0018","0.0517","0.0","EUR","0.0517","Others","N","N","0.0","--","0.63"
"B096VM7MF3","X0022GVMRD","VIVOSUN 6-lagiges Netz-Trockengestell zum Aufhängen mit grünen Reißverschlüssen zum Dehydrieren, Gartenschere für drinnen und draußen","'KTW3'","DE","25.2","24.79","8.61","centimeters","0.94","kilograms","0.0054","cubic meters","Standard-Size","15.63","0.0","0.0841","2026-04","14.4","weeks","27.54","0.0","15.63","0.0841","2.3156","0.0","EUR","2.3156","Others","N","N","0.0","--","0.0"
"B0C1Z462XW","X0022HA0MZ","VIVOSUN Temperatur- und Feuchtigkeitssensor, wasserdichte Edelstahl-Umweltüberwachungssonde für GrowHub-Controller E42/E42A, AeroLab THB1/THB1S, 3,6 m","'KTW3'","DE","19.6","12.5","2.1","centimeters","0.07","kilograms","5.0E-4","cubic meters","Standard-Size","33.53","0.0","0.0","2026-04","14.4","weeks","27.54","0.0","0.0","0.0","0.0","0.0","EUR","0.0","Others","N","N","0.4751","FBA_NEW_SELECTION:0.4751","0.0"
"B07WFDCYZL","X0023T6Q1L","VIVOSUN 2er-Packung 10cm 7,6m Flexibler Luftkanal aus Aluminium für Belüftung, Inklusive 4 Schlauchschellen aus Edelstahl, Mehrschichtiges Schlauch Ventilationsset für Ventilatorsystem, HVAC-Lüftung","'KTW3'","DE","45.29","22.91","12.4","centimeters","1.55","kilograms","0.0129","cubic meters","Oversize","4.0","0.0","0.0514","2026-04","20.5","weeks","21.78","0.0","4.0","0.0514","1.12","0.0","EUR","1.12","Others","N","N","0.0","--","0.0"
"B0BZYVVKQB","X002611E9Z","VIVOSUN AeroWave E6 Gen2 Growzelt-Clip-Ventilator150 mm, EC-Motor Smarte WLAN-Steuerung,10-stufiger & 2 Modi, automatischer oszillierender Ventilator, Luftzirkulator für Growbox, Timer, IP54 2er-Pack","'KTW3'","DE","44.29","22.5","16.2","centimeters","2.02","kilograms","0.0161","cubic meters","Standard-Size","54.53","0.0","0.8788","2026-04","14.4","weeks","27.54","0.0","54.43","0.8788","24.2005","0.0","EUR","24.2005","Others","N","N","0.0","--","0.1"
"B0D8PQQWM3","X00276V1V5","VIVOSUN GrowCam C4 2K QHD WLAN Smart Kamera für Growzelt & Indoor Pflanzen, mit Zeitraffer, Nachtsicht, SD-Karten-Speicherung, Zwei-Wege-Audio, App-Steuerung, Kompatibel mit VGrow System","'KTW3'","DE","10.6","9.4","6.2","centimeters","0.28","kilograms","6.0E-4","cubic meters","Standard-Size","7.53","0.0","0.0046","2026-04","14.4","weeks","27.54","0.0","7.43","0.0046","0.1265","0.0","EUR","0.1265","Others","N","N","0.0","--","0.1"
"B0FB8G4BQF","X002BH62TL","VIVOSUN LumaLight 100W LED Pflanzenlampe, Vollspektrum Grow Lampe mit Hohem PPFD & Dimmfunktion, Intelligente Pflanzenbeleuchtung für Zimmerpflanzen, Anzucht, Gemüse & Blüte, 2er-Pack","'KTW3'","DE","33.02","33.02","15.75","centimeters","5.5","kilograms","0.0172","cubic meters","Standard-Size","3.0","0.0","0.0361","2026-04","14.4","weeks","27.54","0.0","2.1","0.0361","0.993","0.0","EUR","0.993","Others","N","N","0.4256","FBA_NEW_SELECTION:0.4256","0.0"
"B0BS2BVL3Q","X002CUA5IB","VIVOSUN GrowHub Controller E42A+ für Growzelte, Smart WiFi-Controller für Temperatur, Luftfeuchte und VPD mit Timer, Zyklus und Zeitplan, steuert Kühlung, Belüftung und Beleuchtung","'KTW3'","DE","17.7","17.7","5.3","centimeters","0.69","kilograms","0.0017","cubic meters","Standard-Size","34.8","0.0","0.0574","2026-04","14.4","weeks","27.54","0.0","34.57","0.0574","1.5807","0.0","EUR","1.5807","Others","N","N","0.0","--","0.23"
"B07RBL1XJV","X002F0MTB9","VIVOSUN Grow Room Glasses 2 Stück LED-Schutzbrille UV-Augenbrille für Indoor, Growzelte, Gewächshaus und Hydroponik mit UVA/UVB-Schutz Inkl. Brillenetui, Unisex","'KTW3'","DE","18.1","17.5","6.5","centimeters","0.24","kilograms","0.0021","cubic meters","Standard-Size","2.23","0.0","0.0046","2026-04","14.4","weeks","27.54","0.0","2.23","0.0046","0.1266","0.0","EUR","0.1266","Others","N","N","0.0","--","0.0"
"B0CN33MB2Y","X002FA60TB","VIVOSUN AeroWave D4 10cm Grow Ventilator Clip Ventilator Grow mit Haken, 3 Geschwindigkeiten, Starker & Leiser Luftstrom, Luftstromwinkel Einstellbar für Hydrokultur, Zirkulation, Kühlung, 1 Pack","'KTW3'","DE","14.3","12.5","6.9","centimeters","0.32","kilograms","0.0012","cubic meters","Standard-Size","166.83","0.0","0.2052","2026-04","14.4","weeks","27.54","0.0","166.4","0.2052","5.652","0.0","EUR","5.652","Others","N","N","0.0","--","0.43"
"B0CQZD5F1D","X002GJS9L3","VIVOSUN Bypass Gartenschere 20cm, SK5 Stahlklinge mit Titanbeschichtung für präzise Schnitte, 19mm Schnittdurchmesser, ergonomische Aluminiumgriffe mit Feder, Rosenschere für Blumen, Äste & Zweige","'KTW3'","DE","26.7","8.9","3.6","centimeters","0.3","kilograms","9.0E-4","cubic meters","Standard-Size","8.0","0.0","0.0","2026-04","14.4","weeks","27.54","0.0","0.0","0.0","0.0","0.0","EUR","0.0","Others","N","N","0.1885","FBA_NEW_SELECTION:0.1885","0.0"
"B0CGHDFN7T","X0021KYJI9","VIVOSUN PRO Growzelt 60x60x120cm Grow Tent mit Dicken 22mm Stangen 2000D Oxford-Gewebe hochreflektierendes Mylar Indoor Hydroponik Zuchtzelt Pflanzenzelt Gewächshaus passend für AeroLight A100","'KTW5'","DE","66.04","33.02","16.51","centimeters","8.32","kilograms","0.036","cubic meters","Oversize","0.3","0.0","0.0108","2026-04","20.5","weeks","21.78","0.0","0.3","0.0108","0.2352","0.0","EUR","0.2352","Others","N","N","0.0","--","0.0"
"B0CGHJ3F21","X0021L4TZV","VIVOSUN PRO Growzelt 80x80x160cm Grow Tent mit Dicken 22mm Stangen 2000D Oxford-Gewebe hochreflektierendes Mylar Indoor Hydroponik Zuchtzelt Pflanzenzelt Gewächshaus passend für AeroLight A150","'KTW5'","DE","85.0","32.4","18.6","centimeters","11.26","kilograms","0.0512","cubic meters","Oversize","0.07","0.0","0.0034","2026-04","20.5","weeks","21.78","0.0","0.07","0.0034","0.0744","0.0","EUR","0.0744","Others","N","N","0.0","--","0.0"
"B0CGHJG44R","X0021L5QML","VIVOSUN PRO Growzelt 90x90x180cm Grow Tent mit Dicken 22mm Stangen 2000D Oxford-Gewebe hochreflektierendes Mylar Indoor Hydroponik Zuchtzelt Pflanzenzelt Gewächshaus passend für AeroLight A200SE","'KTW5'","DE","95.5","32.8","18.8","centimeters","14.82","kilograms","0.0589","cubic meters","Oversize","1.0","0.0","0.0589","2026-04","20.5","weeks","21.78","0.0","1.0","0.0589","1.2824","0.0","EUR","1.2824","Others","N","N","0.0","--","0.0"
"B0CBRPS1N8","X002CUF3G5","VIVOSUN Smart Rohrventilator 150mm AeroZesh G6 Abluftset 660m³/h mit GrowHub E42A+, Temperatur- und Feuchtigkeitsregler, WiFi/App-Fernsteuerung, Aktivkohlefilter und Schlauch für Growzelt Hydroponik","'KTW5'","DE","93.0","27.0","26.0","centimeters","10.06","kilograms","0.0653","cubic meters","Oversize","5.9","0.0","0.3852","2026-04","20.5","weeks","21.78","0.0","5.9","0.3852","8.388","0.0","EUR","8.388","Others","N","N","0.0","--","0.0"
"B07Y82117Q","X001VKGO47","VIVOSUN Drucksprüher 5L Gartenspritze mit 3 Düsen, Druckentlastungsventil & Verstellbarem Tragegurt, Sprühflasche für Pflanzen Garten Rasenpflege Düngung & Reinigun, Weiß","'LCJ4'","DE","44.09","18.8","18.59","centimeters","1.2","kilograms","0.0154","cubic meters","Standard-Size","0.37","0.0","0.0057","2026-04","14.4","weeks","27.54","0.0","0.37","0.0057","0.1558","0.0","EUR","0.1558","Others","N","N","0.0","--","0.0"
"B00VWU35F4","X001VKJMC3","VIVOSUN Pflanzsack 5er-Packung 120L aus Vliesstoff, Hochbelastbarer Verdickter Stofftopf mit Starken Griffen für Gemüse, Blumen, Früchte, Gewächshaus und Garten","'LCJ4'","DE","41.5","34.7","9.6","centimeters","1.89","kilograms","0.0138","cubic meters","Oversize","0.07","0.0","9.0E-4","2026-04","20.5","weeks","21.78","0.0","0.0","0.0","0.02","0.0","EUR","0.02","Others","N","N","0.0","--","0.0"
"B07QTHF3QK","X001VKKBMN","VIVOSUN Drucksprüher 1,5L Gartenspritze aus Kunststoff Pumpsprühflasche für Pflanzen Professionelle Sprühflasche mit Verstellbarer Messingdüse für Gartenpflege, Düngung, Unkrautvernichter & Reinigung","'LCJ4'","DE","34.1","16.5","15.2","centimeters","0.48","kilograms","0.0086","cubic meters","Standard-Size","0.07","0.0","6.0E-4","2026-04","14.4","weeks","27.54","0.0","0.07","6.0E-4","0.0157","0.0","EUR","0.0157","Others","N","N","0.0","--","0.0"
"B07Y81DTTJ","X001VKL6RR","VIVOSUN Drucksprüher 4L Gartenspritze mit 3 Düsen, Druckentlastungsventil & Verstellbarem Tragegurt, Sprühflasche für Pflanzen Garten Rasenpflege Düngung & Reinigun, Weiß","'LCJ4'","DE","40.9","18.8","18.7","centimeters","1.17","kilograms","0.0144","cubic meters","Standard-Size","0.03","0.0","5.0E-4","2026-04","14.4","weeks","27.54","0.0","0.03","5.0E-4","0.0132","0.0","EUR","0.0132","Others","N","N","0.0","--","0.0"
"B01731MLFK","X001VZO4UN","VIVOSUN Aktivkohlefilter Grow Aktivkohlefilter 150mm/6 Inch Geruchskontrolle mit Australischer Aktivkohle inkl. Vorfilter für Indoor Growzelt Growbox Rohrventilator Gewächshaus","'LCJ4'","DE","44.5","24.0","24.0","centimeters","4.79","kilograms","0.0256","cubic meters","Standard-Size","0.1","0.0","0.0026","2026-04","14.4","weeks","27.54","0.0","0.1","0.0026","0.0707","0.0","EUR","0.0707","Others","N","N","0.0","--","0.0"
"B08M3VN2ST","X001VZO6ND","VIVOSUN Aktivkohlefilter 150mm/6 Inch, Kohlefilter zur Geruchskontrolle mit Australischer Aktivkohle inkl. Vorfilter für Rohrventilator Growzelt Growbox Indoor, Schwarz","'LCJ4'","DE","44.6","25.6","23.8","centimeters","4.99","kilograms","0.0272","cubic meters","Standard-Size","0.07","0.0","0.0018","2026-04","14.4","weeks","27.54","0.0","0.07","0.0018","0.05","0.0","EUR","0.05","Others","N","N","0.0","--","0.0"
"B01DXYMBU6","X001VZSIFF","VIVOSUN Aktivkohlefilter 100mm/4 Inch, Kohlefilter zur Geruchskontrolle mit Australischer Aktivkohle für Rohrventilator, Growzelt & Gewächshaus, inkl. Vorfilter","'LCJ4'","DE","34.29","19.7","19.2","centimeters","2.71","kilograms","0.013","cubic meters","Standard-Size","1.57","0.5","0.0138","2026-04","14.4","weeks","27.54","0.0","1.07","0.0138","0.3815","0.0","EUR","0.3815","Others","N","N","0.0","--","0.0"
"B01DXYMBU6","X001VZSIFF","VIVOSUN Aktivkohlefilter 100mm/4 Inch, Kohlefilter zur Geruchskontrolle mit Australischer Aktivkohle für Rohrventilator, Growzelt & Gewächshaus, inkl. Vorfilter","'LCJ4'","DE","34.29","19.7","19.2","centimeters","2.71","kilograms","0.013","cubic meters","Standard-Size","1.3","0.47","0.0108","2026-04","14.4","weeks","27.54","0.0","0.83","0.0108","0.2981","0.0","EUR","0.2981","Others","N","N","0.0","--","0.0"
"B06Y1XVD1P","X001W1HJ2B","VIVOSUN Gartenschere 17cm Pflanzenschere mit Ergonomischen Griffen Ernteschere Grow Schere Trimmschere mit Titan-Antihaftbeschichtung & Gebogene Klinge für Pflanzen,1 Pack Blau","'LCJ4'","DE","21.6","7.0","1.5","centimeters","0.07","kilograms","2.0E-4","cubic meters","Standard-Size","0.1","0.0","0.0","2026-04","14.4","weeks","27.54","0.0","0.1","0.0","6.0E-4","0.0","EUR","6.0E-4","Others","N","N","0.0","--","0.0"
"B0BQF568WN","X001WOJQ15","VIVOSUN Smart Rohrventilator 100mm AeroZesh T4 PRO Abluftventilator 357m³/h mit GrowHub E42A+, VPD-Regler, WiFi/App-Fernsteuerung, Ventilator Growbox Rohrlüfter für Growzelte Gewächshäuser","'LCJ4'","DE","32.5","24.5","20.0","centimeters","2.63","kilograms","0.0159","cubic meters","Standard-Size","0.37","0.0","0.0058","2026-04","14.4","weeks","27.54","0.0","0.37","0.0058","0.161","0.0","EUR","0.161","Others","N","N","0.0","--","0.0"
"B0BMV1W52R","X001WOUTQV","VIVOSUN AeroZesh T6 Rohrventilator 150mm Metall Abluftventilator 693 m³/h mit E12-Drehzahlregler, EC Motor, Leiser Rohrlüfter PWM-Gesteuert für Luftabsaugung Growzelte Gewächshaus Indoor Hydrokultur","'LCJ4'","DE","33.0","26.0","25.0","centimeters","2.75","kilograms","0.0214","cubic meters","Standard-Size","0.17","0.0","0.0036","2026-04","14.4","weeks","27.54","0.0","0.17","0.0036","0.0986","0.0","EUR","0.0986","Others","N","N","0.0","--","0.0"
"B0CH829BQ2","X001WTE3XV","VIVOSUN 20cm Vorfilter für 20cm Kohlefilter, 45cm Lang, Weiß","'LCJ4'","DE","23.6","21.5","3.8","centimeters","0.08","kilograms","0.0019","cubic meters","Standard-Size","0.07","0.0","1.0E-4","2026-04","14.4","weeks","27.54","0.0","0.07","1.0E-4","0.0035","0.0","EUR","0.0035","Others","N","N","0.0","--","0.0"
"B0C6QK97P2","X001YYNK6F","VIVOSUN Rohrventilator 100mm Abluftventilator 330m³/h AeroZesh G4 mit EC-Motor und GrowHub E42A+, VPD-Regler, WiFi/App-Fernsteuerung Ventilator Growbox Rohrlüfter für Kühlung, Growzelte, Hydroponik","'LCJ4'","DE","32.29","24.6","19.8","centimeters","2.89","kilograms","0.0157","cubic meters","Standard-Size","0.27","0.0","0.0042","2026-04","14.4","weeks","27.54","0.0","0.27","0.0042","0.1157","0.0","EUR","0.1157","Others","N","N","0.0","--","0.0"
"B01CTM0JF2","X001YYSTJ3","VIVOSUN Rohrventilator 150mm Abluftventilator Rohrüfter 748m³h mit Variabler Drehzahlregler für Growzelt Belüftung Pflanzenzelt Indoor Garten Lüftungsventilator Z6 rohrventilator Schwarz","'LCJ4'","DE","34.0","31.0","26.0","centimeters","4.7","kilograms","0.0274","cubic meters","Standard-Size","0.07","0.0","0.0018","2026-04","14.4","weeks","27.54","0.0","0.07","0.0018","0.0504","0.0","EUR","0.0504","Others","N","N","0.0","--","0.0"
"B0C2C8NP5D","X001YZNSF7","VIVOSUN Rohrventilator 150 mm Abluftventilator 688 m³/h Rohrlüfter mit E12-Geschwindigkeitsregler und EC-Motor 32dB Leiser Ventilator für Growzelte und Belüftungssysteme","'LCJ4'","DE","35.6","28.1","25.7","centimeters","2.75","kilograms","0.0257","cubic meters","Standard-Size","0.2","0.0","0.0051","2026-04","14.4","weeks","27.54","0.0","0.2","0.0051","0.1418","0.0","EUR","0.1418","Others","N","N","0.0","--","0.0"
"B08228CNGT","X001Z5PF1L","VIVOSUN 3-in-1 Digitales pH-Meter mit ATC, ±0,1 pH Genauigkeit, Wasserqualitätsmesser, Messbereich 0-14 pH für Hydrokultur, Trinkwasser im Hause, Schwimmbäder und Aquarien","'LCJ4'","DE","21.0","8.2","5.1","centimeters","0.17","kilograms","9.0E-4","cubic meters","Standard-Size","0.03","0.0","0.0","2026-04","14.4","weeks","27.54","0.0","0.0","0.0","0.0","0.0","EUR","0.0","Others","N","N","8.0E-4","FBA_NEW_SELECTION:8.0E-4","0.0"
"B0BXD9RK42","X001Z5PQDD","VIVOSUN Solar Automatische Tropfbewässerung Set mit Zeituhr, 3W Ausgang, Solarbetriebenes Bewässerungssystem für 15 Töpfe, ideal für Garten, Balkon, Terrasse und Zimmerpflanzen","'LCJ4'","DE","31.1","21.2","7.1","centimeters","0.93","kilograms","0.0047","cubic meters","Standard-Size","8.27","2.73","0.0259","2026-04","14.4","weeks","27.54","0.0","5.53","0.0259","0.7143","0.0","EUR","0.7143","Others","N","N","0.0","--","0.0"
"B0BXD9RK42","X001Z5PQDD","VIVOSUN Solar Automatische Tropfbewässerung Set mit Zeituhr, 3W Ausgang, Solarbetriebenes Bewässerungssystem für 15 Töpfe, ideal für Garten, Balkon, Terrasse und Zimmerpflanzen","'LCJ4'","DE","31.1","21.2","7.1","centimeters","0.93","kilograms","0.0047","cubic meters","Standard-Size","1.47","0.13","0.0062","2026-04","14.4","weeks","27.54","0.0","1.33","0.0062","0.1721","0.0","EUR","0.1721","Others","N","N","0.0","--","0.0"
"B07VK1LVKX","X0021P5OXX","VIVOSUN 30X 60X Beleuchtete Juwelierlupe mit LEC-Light, Faltbare Taschenlupe mit 2 Linsen für die Beobachtung von Schmuck, Edelsteine, Uhren, Münzen, Briefmarken, Antiquitäten, Schwarz","'LCJ4'","DE","9.0","6.5","3.9","centimeters","0.09","kilograms","2.0E-4","cubic meters","Standard-Size","0.27","0.03","1.0E-4","2026-04","14.4","weeks","27.54","0.0","0.23","1.0E-4","0.0015","0.0","EUR","0.0015","Others","N","N","0.0","--","0.0"
"B0BY2DZJ8J","X0022GVNZJ","VIVOSUN Ranknetz für Kletterpflanzen 150x150cm Scrog Netz mit 4 Haken Rankhilfe Pflanzennetz Grow Netz für Kletterpflanzen Gurke Tomaten Gemüse Früchte und Blumen","'LCJ4'","DE","23.6","23.0","7.4","centimeters","0.28","kilograms","0.004","cubic meters","Standard-Size","0.3","0.0","0.0012","2026-04","14.4","weeks","27.54","0.0","0.3","0.0012","0.0332","0.0","EUR","0.0332","Others","N","N","0.0","--","0.0"
"B0BY2JKXC7","X0022GVOSP","VIVOSUN Ranknetz für Kletterpflanzen 120x120 cm Elastisches Pflanzennetz, Scrog Netz mit 4 Haken, Grow Netz für Kletterpflanzen, Tomaten, Gurken, Gemüse und Blumen","'LCJ4'","DE","20.0","18.2","3.6","centimeters","0.18","kilograms","0.0013","cubic meters","Standard-Size","0.2","0.0","3.0E-4","2026-04","14.4","weeks","27.54","0.0","0.2","3.0E-4","0.0072","0.0","EUR","0.0072","Others","N","N","0.0","--","0.0"
"B0BY2JKXC7","X0022GVOSP","VIVOSUN Ranknetz für Kletterpflanzen 120x120 cm Elastisches Pflanzennetz, Scrog Netz mit 4 Haken, Grow Netz für Kletterpflanzen, Tomaten, Gurken, Gemüse und Blumen","'LCJ4'","DE","20.0","18.2","3.6","centimeters","0.18","kilograms","0.0013","cubic meters","Standard-Size","0.2","0.0","3.0E-4","2026-04","14.4","weeks","27.54","0.0","0.2","3.0E-4","0.0072","0.0","EUR","0.0072","Others","N","N","0.0","--","0.0"
"B0C1Z462XW","X0022HA0MZ","VIVOSUN Temperatur- und Feuchtigkeitssensor, wasserdichte Edelstahl-Umweltüberwachungssonde für GrowHub-Controller E42/E42A, AeroLab THB1/THB1S, 3,6 m","'LCJ4'","DE","19.6","12.5","2.1","centimeters","0.07","kilograms","5.0E-4","cubic meters","Standard-Size","0.2","0.0","0.0","2026-04","14.4","weeks","27.54","0.0","0.0","0.0","0.0","0.0","EUR","0.0","Others","N","N","0.0028","FBA_NEW_SELECTION:0.0028","0.0"
"B0CMZFSLCL","X0023L9G3T","VIVOSUN AeroWave D4 10cm Grow Ventilator Clip Ventilator Grow mit Haken, 3 Stufen, Starker & Leiser Luftstrom, Luftstromwinkel Einstellbar für Hydrokultur, Zirkulation, Schwarz, 2er-Pack","'LCJ4'","DE","16.1","14.5","13.1","centimeters","0.58","kilograms","0.0031","cubic meters","Standard-Size","0.17","0.0","5.0E-4","2026-04","14.4","weeks","27.54","0.0","0.17","5.0E-4","0.0141","0.0","EUR","0.0141","Others","N","N","0.0","--","0.0"
"B0CMZFSLCL","X0023L9G3T","VIVOSUN AeroWave D4 10cm Grow Ventilator Clip Ventilator Grow mit Haken, 3 Stufen, Starker & Leiser Luftstrom, Luftstromwinkel Einstellbar für Hydrokultur, Zirkulation, Schwarz, 2er-Pack","'LCJ4'","DE","16.1","14.5","13.1","centimeters","0.58","kilograms","0.0031","cubic meters","Standard-Size","0.17","0.0","5.0E-4","2026-04","14.4","weeks","27.54","0.0","0.0","0.0","0.0141","0.0","EUR","0.0141","Others","N","N","0.0","--","0.0"
"B0CN32T8J9","X0023LHG9P","VIVOSUN AeroWave D4 10cm Grow Ventilator Clip Ventilator Grow mit Haken, 3 Stufen, Starker & Leiser Luftstrom,Luftstromwinkel Einstellbar für Hydrokultur, Zirkulation, Weiß, 2er-Pack","'LCJ4'","DE","16.1","14.1","13.5","centimeters","0.6","kilograms","0.0031","cubic meters","Standard-Size","0.07","0.03","1.0E-4","2026-04","14.4","weeks","27.54","0.0","0.03","1.0E-4","0.0028","0.0","EUR","0.0028","Others","N","N","0.0","--","0.0"
"B0CN32T8J9","X0023LHG9P","VIVOSUN AeroWave D4 10cm Grow Ventilator Clip Ventilator Grow mit Haken, 3 Stufen, Starker & Leiser Luftstrom,Luftstromwinkel Einstellbar für Hydrokultur, Zirkulation, Weiß, 2er-Pack","'LCJ4'","DE","16.1","14.1","13.5","centimeters","0.6","kilograms","0.0031","cubic meters","Standard-Size","0.03","0.0","1.0E-4","2026-04","14.4","weeks","27.54","0.0","0.03","1.0E-4","0.0028","0.0","EUR","0.0028","Others","N","N","0.0","--","0.0"
"B01EUURUVM","X0023SZURD","VIVOSUN 10cm 7,6m Flexibler Luftkanal aus Aluminium für Belüftung, Inklusive 2 Schlauchschellen aus Edelstahl, Mehrschichtiges Schlauch Ventilationsset für Ventilatorsystem, HVAC-Lüftung","'LCJ4'","DE","43.94","12.07","11.68","centimeters","0.79","kilograms","0.0062","cubic meters","Standard-Size","0.03","0.0","2.0E-4","2026-04","14.4","weeks","27.54","0.0","0.03","2.0E-4","0.0057","0.0","EUR","0.0057","Others","N","N","0.0","--","0.0"
"B015PD8I7I","X00247MESL","VIVOSUN 2er-Pack Heizmatte 25,4x52,7cm für Setzlinge, Wasserdichte Wärmematte UL & MET Zertifiziert, Pflanzen-Heizmatte für Keimung, Hydroponik, Indoor Garten & Gewächshaus","'LCJ4'","DE","26.4","9.3","9.0","centimeters","0.76","kilograms","0.0022","cubic meters","Standard-Size","0.1","0.0","2.0E-4","2026-04","14.4","weeks","27.54","0.0","0.0","0.0","0.0061","0.0","EUR","0.0061","Others","N","N","0.0","--","0.0"
"B0BP1Y3CRM","X00260ULXB","VIVOSUN E6 Gen2 Grow Ventilator Oszillierend Leise Klein for Growzelt, 10 Geschwindigkeiten & 2 Modi, EC-Motor, Clip Ventilator Klemmbar Mini Fan für Growbox, IP54, Timer,APP/WiFi Steuerung Schwarz","'LCJ4'","DE","22.3","22.2","16.2","centimeters","1.07","kilograms","0.008","cubic meters","Standard-Size","0.03","0.0","3.0E-4","2026-04","14.4","weeks","27.54","0.0","0.03","3.0E-4","0.0074","0.0","EUR","0.0074","Others","N","N","0.0","--","0.0"
"B0BP1Y3CRM","X00260ULXB","VIVOSUN E6 Gen2 Grow Ventilator Oszillierend Leise Klein for Growzelt, 10 Geschwindigkeiten & 2 Modi, EC-Motor, Clip Ventilator Klemmbar Mini Fan für Growbox, IP54, Timer,APP/WiFi Steuerung Schwarz","'LCJ4'","DE","22.3","22.2","16.2","centimeters","1.07","kilograms","0.008","cubic meters","Standard-Size","0.1","0.0","8.0E-4","2026-04","14.4","weeks","27.54","0.0","0.1","8.0E-4","0.0221","0.0","EUR","0.0221","Others","N","N","0.0","--","0.0"
"B0D626DZTN","X0026HLHBJ","VIVOSUN AeroStream U075 USB-Luftbefeuchter, 750ml Kaltnebel Mini-Luftbefeuchter mit 2 Nebel-Modi, Automatische Abschaltung, Smarte Fernbedienung mit VGrow, Entwickelt für Growzelte","'LCJ4'","DE","18.49","10.21","10.11","centimeters","0.4","kilograms","0.0019","cubic meters","Standard-Size","0.03","0.0","0.0","2026-04","14.4","weeks","27.54","0.0","0.0","0.0","0.0","0.0","EUR","0.0","Others","N","N","0.0018","FBA_NEW_SELECTION:0.0018","0.0"
"B0D8PQQWM3","X00276V1V5","VIVOSUN GrowCam C4 2K QHD WLAN Smart Kamera für Growzelt & Indoor Pflanzen, mit Zeitraffer, Nachtsicht, SD-Karten-Speicherung, Zwei-Wege-Audio, App-Steuerung, Kompatibel mit VGrow System","'LCJ4'","DE","10.6","9.4","6.2","centimeters","0.28","kilograms","6.0E-4","cubic meters","Standard-Size","2.37","0.17","0.0014","2026-04","14.4","weeks","27.54","0.0","2.2","0.0014","0.0375","0.0","EUR","0.0375","Others","N","N","0.0","--","0.0"
"B0BS2BVL3Q","X002CUA5IB","VIVOSUN GrowHub Controller E42A+ für Growzelte, Smart WiFi-Controller für Temperatur, Luftfeuchte und VPD mit Timer, Zyklus und Zeitplan, steuert Kühlung, Belüftung und Beleuchtung","'LCJ4'","DE","17.7","17.7","5.3","centimeters","0.69","kilograms","0.0017","cubic meters","Standard-Size","0.27","0.0","4.0E-4","2026-04","14.4","weeks","27.54","0.0","0.27","4.0E-4","0.0122","0.0","EUR","0.0122","Others","N","N","0.0","--","0.0"
"B0C6QK97P2","X002CUEXZ7","VIVOSUN Rohrventilator 100mm Abluftventilator 330m³/h AeroZesh G4 mit EC-Motor und GrowHub E42A+, VPD-Regler, WiFi/App-Fernsteuerung Ventilator Growbox Rohrlüfter für Kühlung, Growzelte, Hydroponik","'LCJ4'","DE","32.29","24.6","19.8","centimeters","2.85","kilograms","0.0157","cubic meters","Standard-Size","0.17","0.0","0.0026","2026-04","14.4","weeks","27.54","0.0","0.17","0.0026","0.0723","0.0","EUR","0.0723","Others","N","N","0.0","--","0.0"
"B0FHZV3WNM","X002CXIWAB","VIVOSUN AeroFlux Smart Grow Tent Heater, 700W PTC-Heizung mit Thermostat, VPD-Überwachung, App-Steuerung, Überhitzungsschutz und Verlängerungsschlauch, für Growzelte, Räume und Gewächshäuser","'LCJ4'","DE","33.0","31.1","19.4","centimeters","3.19","kilograms","0.0199","cubic meters","Standard-Size","0.07","0.0","0.0013","2026-04","14.4","weeks","27.54","0.0","0.07","0.0013","0.0366","0.0","EUR","0.0366","Others","N","N","0.0","--","0.0"
"B07RBL1XJV","X002F0MTB9","VIVOSUN Grow Room Glasses 2 Stück LED-Schutzbrille UV-Augenbrille für Indoor, Growzelte, Gewächshaus und Hydroponik mit UVA/UVB-Schutz Inkl. Brillenetui, Unisex","'LCJ4'","DE","18.1","17.5","6.5","centimeters","0.24","kilograms","0.0021","cubic meters","Standard-Size","0.03","0.0","1.0E-4","2026-04","14.4","weeks","27.54","0.0","0.03","1.0E-4","0.0019","0.0","EUR","0.0019","Others","N","N","0.0","--","0.0"
"B0CN33MB2Y","X002FA60TB","VIVOSUN AeroWave D4 10cm Grow Ventilator Clip Ventilator Grow mit Haken, 3 Geschwindigkeiten, Starker & Leiser Luftstrom, Luftstromwinkel Einstellbar für Hydrokultur, Zirkulation, Kühlung, 1 Pack","'LCJ4'","DE","14.3","12.5","6.9","centimeters","0.32","kilograms","0.0012","cubic meters","Standard-Size","0.03","0.0","0.0","2026-04","14.4","weeks","27.54","0.0","0.03","0.0","0.0011","0.0","EUR","0.0011","Others","N","N","0.0","--","0.0"
"B0CN33MB2Y","X002FA60TB","VIVOSUN AeroWave D4 10cm Grow Ventilator Clip Ventilator Grow mit Haken, 3 Geschwindigkeiten, Starker & Leiser Luftstrom, Luftstromwinkel Einstellbar für Hydrokultur, Zirkulation, Kühlung, 1 Pack","'LCJ4'","DE","14.3","12.5","6.9","centimeters","0.32","kilograms","0.0012","cubic meters","Standard-Size","0.03","0.0","0.0","2026-04","14.4","weeks","27.54","0.0","0.0","0.0","0.0011","0.0","EUR","0.0011","Others","N","N","0.0","--","0.0"
"B0FB8MD9WM","X002BH0QWZ","VIVOSUN LumaLight 150W LED Pflanzenlampe, Vollspektrum Grow Lampe mit Hohem PPFD & Dimmfunktion, Intelligente Pflanzenbeleuchtung für Zimmerpflanzen, Anzucht, Gemüse & Blüte","'LEJ1'","DE","38.61","38.61","7.62","centimeters","2.86","kilograms","0.0114","cubic meters","Oversize","7.83","0.0","0.0568","2026-04","20.5","weeks","21.78","0.0","5.0","0.0568","1.24","0.0","EUR","1.24","Others","N","N","0.6762","FBA_NEW_SELECTION:0.6762","0.1"
"B079DM1WCW","X001VH0DZB","Vivosun SS301 Wachstumszelt 35x85x65cm Grow Tent AUS Mylat MIT Fenster für Hydroponik","'LEJ3'","DE","88.0","25.7","12.2","centimeters","5.36","kilograms","0.0276","cubic meters","Oversize","1.0","0.0","0.0276","2026-04","20.5","weeks","21.78","0.0","1.0","0.0276","0.601","0.0","EUR","0.601","Others","N","N","0.0","--","0.0"
"B01DXYMQ9M","X001VHE5Z5","VIVOSUN Growzelt 120x60x150cm lichtdichtes Indoor Hydroponik Zelt mit reflektierendem Mylar Sichtfenster Bodenwanne stabile Rahmenstruktur Pflanzenzelt Gewächshaus S425 Growtent für VS2000","'LEJ3'","DE","100.0","25.0","13.0","centimeters","8.92","kilograms","0.0325","cubic meters","Oversize","0.47","0.07","0.013","2026-04","20.5","weeks","21.78","0.0","0.4","0.013","0.2832","0.0","EUR","0.2832","Others","N","N","0.0","--","0.0"
"B01DXYM98K","X001VJEKAX","VIVOSUN Growzelt 150x150x200cm lichtdichtes Indoor Hydroponik Zelt mit reflektierendem Mylar Sichtfenster Bodenwanne stabile Rahmenstruktur Pflanzenzelt Gewächshaus S558 Grow Tent passend für VSF6450","'LEJ3'","DE","100.0","33.02","20.32","centimeters","17.01","kilograms","0.0671","cubic meters","Oversize","1.0","0.33","0.0447","2026-04","20.5","weeks","21.78","0.0","0.67","0.0447","0.9744","0.0","EUR","0.9744","Others","N","N","0.0","--","0.0"
"B07WK3Q372","X001VJETI1","VIVOSUN Growzelt 150x80x200cm Grow Tent aus hochreflektierendes Mylar mit Sichtfenster und Bodenwanne für Hydroponik und Indoor-Anbau S538 Grow Zelt passend für VS2000/VSF4300","'LEJ3'","DE","100.0","25.5","15.3","centimeters","11.98","kilograms","0.039","cubic meters","Oversize","0.13","0.0","0.0039","2026-04","20.5","weeks","21.78","0.0","0.1","0.0039","0.085","0.0","EUR","0.085","Others","N","N","0.0","--","0.03"
"B07QQ3KYJC","X001VKJH9V","VIVOSUN Drucksprüher 7L Gartenspritze mit Verstellbarer Düse und Trageriemen, Sprühflasche Pumpsprüher mit Sicherheitsventil für Gartenbewässerung, Rasenpflege und Haushaltsreinigung, Orange","'LEJ3'","DE","52.5","18.5","18.3","centimeters","1.64","kilograms","0.0178","cubic meters","Oversize","0.2","0.0","0.0036","2026-04","20.5","weeks","21.78","0.0","0.2","0.0036","0.0774","0.0","EUR","0.0774","Others","N","N","0.0","--","0.0"
"B08M3G5TH3","X001VZST45","VIVOSUN Aktivkohlefilter 100mm/4 Inch, Kohlefilter zur Geruchskontrolle mit Australischer Aktivkohle inkl. Vorfilter für Rohrventilator Growzelt Growbox Indoor, Schwarz","'LEJ3'","DE","34.6","20.5","19.3","centimeters","2.68","kilograms","0.0137","cubic meters","Standard-Size","0.2","0.0","0.0027","2026-04","14.4","weeks","27.54","0.0","0.2","0.0027","0.08","0.0","EUR","0.08","Others","N","N","0.0","--","0.0"
"B07PK7J1XZ","X001W1GOCH","Vivosun SS24 Wachstumszelt 40x40x90cm Grow Tent aus Mylar für Hydroponik","'LEJ3'","DE","65.3","25.0","15.2","centimeters","5.66","kilograms","0.0248","cubic meters","Oversize","0.3","0.0","0.0074","2026-04","20.5","weeks","21.78","0.0","0.3","0.0074","0.1622","0.0","EUR","0.1622","Others","N","N","0.0","--","0.0"
"B08GPTLSZH","X0020YXKEP","VIVOSUN VS4000 LED Grow Lampe, Vollspektrum Pflanzenlampe mit Samsung LM301 Dioden und Treiber, dimmbar und IP65 Wachstumslampe für Sämling, Gemüse, Blüte, geeignet für 120x120cm/150x150 cm Growzelt","'LEJ3'","DE","67.5","67.0","13.4","centimeters","10.49","kilograms","0.0606","cubic meters","Oversize","1.0","0.0","0.0606","2026-04","20.5","weeks","21.78","0.0","1.0","0.0606","1.3201","0.0","EUR","1.3201","Others","N","N","0.0","--","0.0"
"B0CGHDFN7T","X0021KYJI9","VIVOSUN PRO Growzelt 60x60x120cm Grow Tent mit Dicken 22mm Stangen 2000D Oxford-Gewebe hochreflektierendes Mylar Indoor Hydroponik Zuchtzelt Pflanzenzelt Gewächshaus passend für AeroLight A100","'LEJ3'","DE","66.04","33.02","16.51","centimeters","8.32","kilograms","0.036","cubic meters","Oversize","10.0","0.0","0.36","2026-04","20.5","weeks","21.78","0.0","10.0","0.36","7.8423","0.0","EUR","7.8423","Others","N","N","0.0","--","0.0"
"B0CGHJ3F21","X0021L4TZV","VIVOSUN PRO Growzelt 80x80x160cm Grow Tent mit Dicken 22mm Stangen 2000D Oxford-Gewebe hochreflektierendes Mylar Indoor Hydroponik Zuchtzelt Pflanzenzelt Gewächshaus passend für AeroLight A150","'LEJ3'","DE","85.0","32.4","18.6","centimeters","11.26","kilograms","0.0512","cubic meters","Oversize","1.0","0.0","0.0512","2026-04","20.5","weeks","21.78","0.0","1.0","0.0512","1.1158","0.0","EUR","1.1158","Others","N","N","0.0","--","0.0"
"B0CGHJG44R","X0021L5QML","VIVOSUN PRO Growzelt 90x90x180cm Grow Tent mit Dicken 22mm Stangen 2000D Oxford-Gewebe hochreflektierendes Mylar Indoor Hydroponik Zuchtzelt Pflanzenzelt Gewächshaus passend für AeroLight A200SE","'LEJ3'","DE","95.5","32.8","18.8","centimeters","14.82","kilograms","0.0589","cubic meters","Oversize","3.0","0.0","0.1767","2026-04","20.5","weeks","21.78","0.0","3.0","0.1767","3.8483","0.0","EUR","3.8483","Others","N","N","0.0","--","0.0"
"B0FB8RK4X1","X002BGZ2XJ","VIVOSUN Grow Lampe100W LED Pflanzenlampe, Vollspektrum Lumalight Lampe mit Hohem PPFD & Dimmfunktion, Intelligente Pflanzenbeleuchtung für Zimmerpflanzen, Growzelt, Gemüse & Blüte","'LEJ3'","DE","36.61","35.59","9.79","centimeters","2.91","kilograms","0.0128","cubic meters","Oversize","7.47","0.0","0.0808","2026-04","20.5","weeks","21.78","0.0","6.33","0.0808","1.7598","0.0","EUR","1.7598","Others","N","N","0.3056","FBA_NEW_SELECTION:0.3056","0.03"
"B0F9PG6XRS","X002BRZIR3","VIVOSUN LumaLight 200W LED Pflanzenlampe, Vollspektrum Grow Lampe mit Hohem PPFD & Dimmfunktion, Intelligente Pflanzenbeleuchtung für Zimmerpflanzen, Anzucht, Gemüse & Blüte","'LEJ3'","DE","35.5","35.0","11.8","centimeters","4.24","kilograms","0.0147","cubic meters","Oversize","2.7","0.0","0.0381","2026-04","20.5","weeks","21.78","0.0","2.6","0.0381","0.8304","0.0","EUR","0.8304","Others","N","N","0.0","--","0.1"
"B0BY7PSQ69","X002F00YRF","VIVOSUN Smart Growzelt Komplettset 60x60x120cm, WLAN-integriertes automatisches Grow-System mit 100W Vollspektrum-LED-Pflanzenlampe und effizientem Belüftungssystem mit GrowHub E42A+ Controller","'LEJ3'","DE","75.8","37.9","37.9","centimeters","17.7","kilograms","0.1089","cubic meters","Oversize","2.73","0.0","0.2686","2026-04","20.5","weeks","21.78","0.0","2.4","0.2613","5.8502","0.0","EUR","5.8502","Others","N","N","0.0","--","0.27"
"B01731MLFK","X001VZO4UN","VIVOSUN Aktivkohlefilter Grow Aktivkohlefilter 150mm/6 Inch Geruchskontrolle mit Australischer Aktivkohle inkl. Vorfilter für Indoor Growzelt Growbox Rohrventilator Gewächshaus","'LEJ5'","DE","44.5","24.0","24.0","centimeters","4.79","kilograms","0.0256","cubic meters","Standard-Size","0.07","0.0","0.0017","2026-04","14.4","weeks","27.54","0.0","0.07","0.0017","0.0471","0.0","EUR","0.0471","Others","N","N","0.0","--","0.0"
"B01DXYMBU6","X001VZSIFF","VIVOSUN Aktivkohlefilter 100mm/4 Inch, Kohlefilter zur Geruchskontrolle mit Australischer Aktivkohle für Rohrventilator, Growzelt & Gewächshaus, inkl. Vorfilter","'LEJ5'","DE","34.29","19.7","19.2","centimeters","2.71","kilograms","0.013","cubic meters","Standard-Size","2.33","0.0","0.0303","2026-04","14.4","weeks","27.54","0.0","2.33","0.0303","0.8334","0.0","EUR","0.8334","Others","N","N","0.0","--","0.0"
"B08M3G5TH3","X001VZST45","VIVOSUN Aktivkohlefilter 100mm/4 Inch, Kohlefilter zur Geruchskontrolle mit Australischer Aktivkohle inkl. Vorfilter für Rohrventilator Growzelt Growbox Indoor, Schwarz","'LEJ5'","DE","34.6","20.5","19.3","centimeters","2.68","kilograms","0.0137","cubic meters","Standard-Size","0.57","0.0","0.0073","2026-04","14.4","weeks","27.54","0.0","0.53","0.0073","0.2011","0.0","EUR","0.2011","Others","N","N","0.0","--","0.03"
"B0C6QJVMD1","X001WOK37V","VIVOSUN AeroZesh G6 Rohrventilator 150mm Abluftventilator mit EC-Motor Ventilator Growbox Rohrlüfter 660 m³/h mit PWM-Steuerung & E12-Geschwindigkeitsregler für Growzelt Growbox Indoorbelüftung","'LEJ5'","DE","33.6","26.3","22.8","centimeters","3.31","kilograms","0.0201","cubic meters","Standard-Size","1.0","0.0","0.0201","2026-04","14.4","weeks","27.54","0.0","1.0","0.0201","0.5548","0.0","EUR","0.5548","Others","N","N","0.0","--","0.0"
"B0BMV1W52R","X001WOUTQV","VIVOSUN AeroZesh T6 Rohrventilator 150mm Metall Abluftventilator 693 m³/h mit E12-Drehzahlregler, EC Motor, Leiser Rohrlüfter PWM-Gesteuert für Luftabsaugung Growzelte Gewächshaus Indoor Hydrokultur","'LEJ5'","DE","33.0","26.0","25.0","centimeters","2.75","kilograms","0.0214","cubic meters","Standard-Size","1.1","0.0","0.0229","2026-04","14.4","weeks","27.54","0.0","1.07","0.0229","0.6301","0.0","EUR","0.6301","Others","N","N","0.0","--","0.03"
"B0BXD9RK42","X001Z5PQDD","VIVOSUN Solar Automatische Tropfbewässerung Set mit Zeituhr, 3W Ausgang, Solarbetriebenes Bewässerungssystem für 15 Töpfe, ideal für Garten, Balkon, Terrasse und Zimmerpflanzen","'LEJ5'","DE","31.1","21.2","7.1","centimeters","0.93","kilograms","0.0047","cubic meters","Standard-Size","0.6","0.0","0.0028","2026-04","14.4","weeks","27.54","0.0","0.6","0.0028","0.0773","0.0","EUR","0.0773","Others","N","N","0.0","--","0.0"
"B09TVDLD5W","X00219PQF5","VIVOSUN Grow Lampe 100W Vollspektrum Pflanzenlampe mit Samsung Dioden Grow Light für Zimmerpflanzen Sämling Vegetativ und Blüte in 60x60cm, 90x90cm Growzelt, Gewächshaus VS1000E 2 Pack","'LEJ5'","DE","34.6","32.79","15.6","centimeters","3.77","kilograms","0.0177","cubic meters","Standard-Size","10.13","0.0","0.1729","2026-04","14.4","weeks","27.54","0.0","9.77","0.1729","4.7602","0.0","EUR","4.7602","Others","N","N","0.0","--","0.37"
"B087CR7H9S","X002203JR5","VIVOSUN Gartenschere 2er-Packung 17cm Pflanzenschere mit Ergonomischen Griffen Baumschere mit Gebogenen Klingen und Titan-Antihaftbeschichtung Rosenschere Blau","'LEJ5'","DE","24.3","9.6","1.7","centimeters","0.14","kilograms","4.0E-4","cubic meters","Standard-Size","4.27","0.0","0.0017","2026-04","14.4","weeks","27.54","0.0","4.27","0.0017","0.0466","0.0","EUR","0.0466","Others","N","N","0.0","--","0.0"
"B0D8PQQWM3","X00276V1V5","VIVOSUN GrowCam C4 2K QHD WLAN Smart Kamera für Growzelt & Indoor Pflanzen, mit Zeitraffer, Nachtsicht, SD-Karten-Speicherung, Zwei-Wege-Audio, App-Steuerung, Kompatibel mit VGrow System","'LEJ5'","DE","10.6","9.4","6.2","centimeters","0.28","kilograms","6.0E-4","cubic meters","Standard-Size","7.9","0.0","0.0047","2026-04","14.4","weeks","27.54","0.0","7.67","0.0047","0.1304","0.0","EUR","0.1304","Others","N","N","0.0","--","0.23"
"B07RBL1XJV","X002F0MTB9","VIVOSUN Grow Room Glasses 2 Stück LED-Schutzbrille UV-Augenbrille für Indoor, Growzelte, Gewächshaus und Hydroponik mit UVA/UVB-Schutz Inkl. Brillenetui, Unisex","'LEJ5'","DE","18.1","17.5","6.5","centimeters","0.24","kilograms","0.0021","cubic meters","Standard-Size","2.13","0.0","0.0043","2026-04","14.4","weeks","27.54","0.0","2.1","0.0043","0.1191","0.0","EUR","0.1191","Others","N","N","0.0","--","0.03"
"B0CQZD5F1D","X002GJS9L3","VIVOSUN Bypass Gartenschere 20cm, SK5 Stahlklinge mit Titanbeschichtung für präzise Schnitte, 19mm Schnittdurchmesser, ergonomische Aluminiumgriffe mit Feder, Rosenschere für Blumen, Äste & Zweige","'LEJ5'","DE","26.7","8.9","3.6","centimeters","0.3","kilograms","9.0E-4","cubic meters","Standard-Size","3.0","0.0","0.0","2026-04","14.4","weeks","27.54","0.0","0.0","0.0","0.0","0.0","EUR","0.0","Others","N","N","0.0707","FBA_NEW_SELECTION:0.0707","0.0"
"B01731MLFK","X001VZO4UN","VIVOSUN Aktivkohlefilter Grow Aktivkohlefilter 150mm/6 Inch Geruchskontrolle mit Australischer Aktivkohle inkl. Vorfilter für Indoor Growzelt Growbox Rohrventilator Gewächshaus","'MUC3'","DE","44.5","24.0","24.0","centimeters","4.79","kilograms","0.0256","cubic meters","Standard-Size","0.03","0.0","9.0E-4","2026-04","14.4","weeks","27.54","0.0","0.03","9.0E-4","0.0235","0.0","EUR","0.0235","Others","N","N","0.0","--","0.0"
"B01DXYMBU6","X001VZSIFF","VIVOSUN Aktivkohlefilter 100mm/4 Inch, Kohlefilter zur Geruchskontrolle mit Australischer Aktivkohle für Rohrventilator, Growzelt & Gewächshaus, inkl. Vorfilter","'MUC3'","DE","34.29","19.7","19.2","centimeters","2.71","kilograms","0.013","cubic meters","Standard-Size","1.4","0.0","0.0177","2026-04","14.4","weeks","27.54","0.0","1.37","0.0177","0.488","0.0","EUR","0.488","Others","N","N","0.0","--","0.03"
"B08M3G5TH3","X001VZST45","VIVOSUN Aktivkohlefilter 100mm/4 Inch, Kohlefilter zur Geruchskontrolle mit Australischer Aktivkohle inkl. Vorfilter für Rohrventilator Growzelt Growbox Indoor, Schwarz","'MUC3'","DE","34.6","20.5","19.3","centimeters","2.68","kilograms","0.0137","cubic meters","Standard-Size","0.53","0.0","0.0068","2026-04","14.4","weeks","27.54","0.0","0.5","0.0068","0.1884","0.0","EUR","0.1884","Others","N","N","0.0","--","0.03"
"B0BTM3RC2G","X001WTJDQX","VIVOSUN 2er-Pack 1/8 Zoll Verstellbarer Seilaufhänger für Grow Light, Schwerlast-Aufhänger mit verstärkten Metallzahnrädern, Ratschenhaken für Rohrventilator, Filter und andere Grow Room-Produkte","'MUC3'","DE","16.7","13.5","4.1","centimeters","0.16","kilograms","9.0E-4","cubic meters","Standard-Size","0.03","0.0","0.0","2026-04","14.4","weeks","27.54","0.0","0.03","0.0","8.0E-4","0.0","EUR","8.0E-4","Others","N","N","0.0","--","0.0"
"B08228CNGT","X001Z5PF1L","VIVOSUN 3-in-1 Digitales pH-Meter mit ATC, ±0,1 pH Genauigkeit, Wasserqualitätsmesser, Messbereich 0-14 pH für Hydrokultur, Trinkwasser im Hause, Schwimmbäder und Aquarien","'MUC3'","DE","21.0","8.2","5.1","centimeters","0.17","kilograms","9.0E-4","cubic meters","Standard-Size","0.17","0.0","0.0","2026-04","14.4","weeks","27.54","0.0","0.0","0.0","0.0","0.0","EUR","0.0","Others","N","N","0.0016","FBA_NEW_SELECTION:0.0016","0.1"
"B0C1Z462XW","X0022HA0MZ","VIVOSUN Temperatur- und Feuchtigkeitssensor, wasserdichte Edelstahl-Umweltüberwachungssonde für GrowHub-Controller E42/E42A, AeroLab THB1/THB1S, 3,6 m","'MUC3'","DE","19.6","12.5","2.1","centimeters","0.07","kilograms","5.0E-4","cubic meters","Standard-Size","1.0","0.0","0.0","2026-04","14.4","weeks","27.54","0.0","0.0","0.0","0.0","0.0","EUR","0.0","Others","N","N","0.0142","FBA_NEW_SELECTION:0.0142","0.0"
"B0CMYX2H9Q","X0023L9EWR","VIVOSUN AeroWave D4 10cm Grow Ventilator Clip Ventilator Grow mit Haken, 3 Geschwindigkeiten, Starker & Leiser Luftstrom, Luftstromwinkel Einstellbar für Hydrokultur, Zirkulation, Kühlung, 1 Pack","'MUC3'","DE","14.1","12.7","7.01","centimeters","0.29","kilograms","0.0013","cubic meters","Standard-Size","1.2","0.0","0.0015","2026-04","14.4","weeks","27.54","0.0","1.2","0.0015","0.0415","0.0","EUR","0.0415","Others","N","N","0.0","--","0.0"
"B07WD9KQ93","X0023T6PV7","VIVOSUN 2er-Packung 15cm 7,6m Flexibler Luftkanal aus Aluminium für Belüftung, Inklusive 4 Schlauchschellen aus Edelstahl, Mehrschichtiges Schlauch Ventilationsset für Ventilatorsystem, HVAC-Lüftung","'MUC3'","DE","33.1","29.69","17.5","centimeters","2.29","kilograms","0.0172","cubic meters","Standard-Size","10.87","0.0","0.1869","2026-04","14.4","weeks","27.54","0.0","10.87","0.1869","5.145","0.0","EUR","5.145","Others","N","N","0.0","--","0.0"
"B0BZYVVKQB","X002611E9Z","VIVOSUN AeroWave E6 Gen2 Growzelt-Clip-Ventilator150 mm, EC-Motor Smarte WLAN-Steuerung,10-stufiger & 2 Modi, automatischer oszillierender Ventilator, Luftzirkulator für Growbox, Timer, IP54 2er-Pack","'MUC3'","DE","44.29","22.5","16.2","centimeters","2.02","kilograms","0.0161","cubic meters","Standard-Size","0.2","0.0","0.0027","2026-04","14.4","weeks","27.54","0.0","0.17","0.0027","0.0741","0.0","EUR","0.0741","Others","N","N","0.0","--","0.03"
"B0C6QK97P2","X002CUEXZ7","VIVOSUN Rohrventilator 100mm Abluftventilator 330m³/h AeroZesh G4 mit EC-Motor und GrowHub E42A+, VPD-Regler, WiFi/App-Fernsteuerung Ventilator Growbox Rohrlüfter für Kühlung, Growzelte, Hydroponik","'MUC3'","DE","32.29","24.6","19.8","centimeters","2.85","kilograms","0.0157","cubic meters","Standard-Size","0.73","0.0","0.0105","2026-04","14.4","weeks","27.54","0.0","0.67","0.0105","0.2887","0.0","EUR","0.2887","Others","N","N","0.0","--","0.07"
"B0CQZD5F1D","X002GJS9L3","VIVOSUN Bypass Gartenschere 20cm, SK5 Stahlklinge mit Titanbeschichtung für präzise Schnitte, 19mm Schnittdurchmesser, ergonomische Aluminiumgriffe mit Feder, Rosenschere für Blumen, Äste & Zweige","'MUC3'","DE","26.7","8.9","3.6","centimeters","0.3","kilograms","9.0E-4","cubic meters","Standard-Size","2.83","0.0","0.0","2026-04","14.4","weeks","27.54","0.0","0.0","0.0","0.0","0.0","EUR","0.0","Others","N","N","0.0668","FBA_NEW_SELECTION:0.0668","0.0"
"B01DXYMBU6","X001VZSIFF","VIVOSUN Aktivkohlefilter 100mm/4 Inch, Kohlefilter zur Geruchskontrolle mit Australischer Aktivkohle für Rohrventilator, Growzelt & Gewächshaus, inkl. Vorfilter","'NUE1'","DE","34.29","19.7","19.2","centimeters","2.71","kilograms","0.013","cubic meters","Standard-Size","0.53","0.0","0.0065","2026-04","14.4","weeks","27.54","0.0","0.5","0.0065","0.1786","0.0","EUR","0.1786","Others","N","N","0.0","--","0.03"
"B08M3G5TH3","X001VZST45","VIVOSUN Aktivkohlefilter 100mm/4 Inch, Kohlefilter zur Geruchskontrolle mit Australischer Aktivkohle inkl. Vorfilter für Rohrventilator Growzelt Growbox Indoor, Schwarz","'NUE1'","DE","34.6","20.5","19.3","centimeters","2.68","kilograms","0.0137","cubic meters","Standard-Size","0.87","0.0","0.0119","2026-04","14.4","weeks","27.54","0.0","0.87","0.0119","0.3268","0.0","EUR","0.3268","Others","N","N","0.0","--","0.0"
"B01EWH83FU","X001W1EEP1","VIVOSUN Gartenschere 1er-Packung 17cm Pflanzenschere mit Ergonomischen Griffen Ernteschere Grow Schere Trimmschere mit Hochwertiger Gerader Klingen und Titan-Antihaftbeschichtung Rosenschere Orange","'NUE1'","DE","21.5","7.1","1.3","centimeters","0.07","kilograms","2.0E-4","cubic meters","Standard-Size","3.17","0.0","6.0E-4","2026-04","14.4","weeks","27.54","0.0","3.03","6.0E-4","0.0166","0.0","EUR","0.0166","Others","N","N","0.0","--","0.17"
"B06Y1XVD1P","X001W1HJ2B","VIVOSUN Gartenschere 17cm Pflanzenschere mit Ergonomischen Griffen Ernteschere Grow Schere Trimmschere mit Titan-Antihaftbeschichtung & Gebogene Klinge für Pflanzen,1 Pack Blau","'NUE1'","DE","21.6","7.0","1.5","centimeters","0.07","kilograms","2.0E-4","cubic meters","Standard-Size","0.43","0.0","0.0","2026-04","14.4","weeks","27.54","0.0","0.13","0.0","8.0E-4","0.0","EUR","8.0E-4","Others","N","N","0.0","--","0.33"
