"Includes Amazon Marketplace, Fulfillment by Amazon (FBA), and Amazon Webstore transactions"
"All amounts in CAD, unless specified"
"Definitions:"
"Date/Time: Posted date/time of the transaction"
"Sales tax collected: Includes sales tax collected from buyers for product sales, shipping, and gift wrap."
"Selling fees: Includes variable closing fees and referral fees."
"Other transaction fees: Includes shipping chargebacks and shipping holdbacks."
"Other: Includes non-order transaction amounts. For more details, see the ""Type"" and ""Description"" columns for each order ID."
"Note: Reports with a start date of Jan 1, 2025 or later are indexed by posted date, include both released and deferred transactions and have two new columns. You may need to update integrations or third-party mappings."
"date/time","settlement id","type","order id","sku","description","quantity","marketplace","fulfillment","order city","order state","order postal","tax collection model","product sales","product sales tax","shipping credits","shipping credits tax","gift wrap credits","gift wrap credits tax","Regulatory fee","Tax on regulatory fee","promotional rebates","promotional rebates tax","marketplace withheld tax","selling fees","fba fees","other transaction fees","other","total","Transaction status","Transaction Release Date"
"Apr 1, 2026 12:00:15 a.m. PDT","25978195091","Order","702-9702755-1211446","311001-3*5K","VIVOSUN 5-Pack 3 Gallons Grow Bags Heavy Duty Thickened Nonwoven Fabric Pots with Handles","1","amazon.ca","Amazon","Toronto","Ontario","M8Z 3T","Combined TCS+MTC","17.99","2.34","0","0","0","0","0","0","0","0","-2.34","-2.70","-8.11","0","0","7.18","Released","Apr 1, 2026 12:00:15 a.m. PDT"
"Apr 1, 2026 12:04:26 a.m. PDT","25978195091","Order","702-5992917-5473855","311021-5x5KK","VIVOSUN 5-Pack 5 Gallon Grow Bags Heavy Duty 300G Thickened Nonwoven Plant Fabric Pots with Handles Tan","1","amazon.ca","Amazon","Mississauga","Ontario","L5B 4C","Combined TCS+MTC","18.89","2.46","2.94","0","0","0","0","0","-2.94","0","-2.46","-2.83","-7.59","0","0","8.47","Released","Apr 1, 2026 12:04:26 a.m. PDT"
"Apr 1, 2026 12:05:16 a.m. PDT","25978195091","Order","702-3850588-0881031","306104-48K","VIVOSUN 4 Inch 8 Feet Non-Insulated Flex Air Aluminum Ducting for HVAC Ventilation w/Two 4 Inch Stainless Steel Clamps","1","amazon.ca","Amazon","Canim Lake","BC","V0K 1J","Combined TCS+MTC","16.99","2.04","2.28","0","0","0","0","0","-2.28","0","-2.04","-2.55","-7.12","0","0","7.32","Released","Apr 1, 2026 12:05:16 a.m. PDT"
"Apr 1, 2026 12:06:39 a.m. PDT","25978195091","Order","701-0826859-7857815","Spray-SX-CS4K","VIVOSUN 1 Gallon Pump Pressure Sprayer, 4L Pressurized Lawn & Garden Water Spray Bottle with 3 Water Nozzles, Adjustable Shoulder Strap, Pressure Reli","1","amazon.ca","Amazon","cambridge","ontario","N1R5E","Combined TCS+MTC","39.59","5.15","0","0","0","0","0","0","0","0","-5.15","-5.94","-11.25","0","0","22.40","Released","Apr 1, 2026 12:06:39 a.m. PDT"
"Apr 1, 2026 12:07:47 a.m. PDT","25978195091","Order","702-3686641-4313807","RC-0003K","VIVOSUN 1 Inch Rockwool Cubes, Grow Cubes for Hydroponics, Cuttings, Cloning, Plant Propagation, Seed Startling, 2 Sheets 100 Plugs","1","amazon.ca","Amazon","Port Dover","ON","N0A 1N","Combined TCS+MTC","15.99","2.08","0","0","0","0","0","0","0","0","-2.08","-2.40","-7.12","0","0","6.47","Released","Apr 1, 2026 12:07:47 a.m. PDT"
"Apr 1, 2026 12:08:21 a.m. PDT","25978195091","Order","701-3944987-8770625","330101-01K","VIVOSUN Durable Waterproof Seedling Heat Mat 10"" x 20.75"" UL & MET-Certified Warm Hydroponic Heating Pad for Germination, Indoor Gardening, Greenhouse","1","amazon.ca","Amazon","Kitchener","Ontario","N2R 0B","Combined TCS+MTC","17.99","2.34","0","0","0","0","0","0","0","0","-2.34","-2.70","-6.73","0","0","8.56","Released","Apr 1, 2026 12:08:21 a.m. PDT"
"Apr 1, 2026 12:11:38 a.m. PDT","25978195091","Order","702-4198597-2363412","311001-20x5K","VIVOSUN 5-Pack 20 Gallons Grow Bags Heavy Duty Thickened Nonwoven Fabric Pots with Handles","1","amazon.ca","Amazon","Pembroke","Ontario","K8A 2A","Combined TCS+MTC","29.69","3.86","0","0","0","0","0","0","0","0","-3.86","-4.45","-10.08","0","0","15.16","Released","Apr 1, 2026 12:11:38 a.m. PDT"
"Apr 1, 2026 12:13:40 a.m. PDT","25978195091","Order","702-9602003-4481849","VSV-WVK1K","VIVOSUN Window Duct Kit, Portable AC Window Seal Kit, Fit with 4""/6"" Ducting & 5.9"" Hose for Sliding Window, Adjustable AC Vent Kit for Duct Fans, Air","1","amazon.ca","Amazon","Windsor","Ontario","N9C 2T","Combined TCS+MTC","39.59","5.15","0","0","0","0","0","0","0","0","-5.15","-5.94","-10.26","0","0","23.39","Released","Apr 1, 2026 12:13:40 a.m. PDT"
"Apr 1, 2026 12:13:40 a.m. PDT","25978195091","Order","701-1861463-0719430","TN-55K","VIVOSUN Elastic 5 x 5Ft. Trellis Netting with 4 Hooks for Climbing Plants, Vegetables, Fruits, and Flowers, 1-Pack","1","amazon.ca","Amazon","North Vancouver","British Columbia","V7N 2C","Combined TCS+MTC","27.99","3.36","1.74","0","0","0","0","0","-1.74","0","-3.36","-4.20","-7.62","0","0","16.17","Released","Apr 1, 2026 12:13:40 a.m. PDT"
"Apr 1, 2026 12:16:58 a.m. PDT","25978195091","Order","702-6362233-4206665","311021-7x5JK","VIVOSUN 5-Pack 7 Gallon Grow Bags Heavy Duty 300G Thickened Nonwoven Plant Fabric Pots with Handles Tan","1","amazon.ca","Amazon","Pembroke","Ontario","K8A 4H","Combined TCS+MTC","20.69","2.69","0","0","0","0","0","0","0","0","-2.69","-3.10","-8.66","0","0","8.93","Released","Apr 1, 2026 12:16:58 a.m. PDT"
"Apr 1, 2026 12:16:58 a.m. PDT","25978195091","Order","702-6362233-4206665","311008-05x50K","VIVOSUN 50-Pack 5 Gallon Grow Bags for Plants, Black-and-White Material for Potting Up Seedlings and Rooting","1","amazon.ca","Amazon","Pembroke","Ontario","K8A 4H","Combined TCS+MTC","26.09","3.39","0","0","0","0","0","0","0","0","-3.39","-3.91","-10.08","0","0","12.10","Released","Apr 1, 2026 12:16:58 a.m. PDT"
"Apr 1, 2026 12:16:58 a.m. PDT","25978195091","Order","702-6362233-4206665","311021-1x5K","VIVOSUN 5-Pack 1 Gallon Grow Bags Heavy Duty 300G Thickened Nonwoven Plant Fabric Pots with Handles Tan","1","amazon.ca","Amazon","Pembroke","Ontario","K8A 4H","Combined TCS+MTC","15.29","1.99","0","0","0","0","0","0","0","0","-1.99","-2.29","-7.28","0","0","5.72","Released","Apr 1, 2026 12:16:58 a.m. PDT"
"Apr 1, 2026 12:16:58 a.m. PDT","25978195091","Order","702-6362233-4206665","311021-5x5KK","VIVOSUN 5-Pack 5 Gallon Grow Bags Heavy Duty 300G Thickened Nonwoven Plant Fabric Pots with Handles Tan","1","amazon.ca","Amazon","Pembroke","Ontario","K8A 4H","Combined TCS+MTC","18.89","2.46","0","0","0","0","0","0","0","0","-2.46","-2.83","-7.59","0","0","8.47","Released","Apr 1, 2026 12:16:58 a.m. PDT"
"Apr 1, 2026 12:17:02 a.m. PDT","25978195091","Order","701-9399501-2879433","AP-40kitK","VIVOSUN Air Pump Kit, with 40 W 1110 GPH Commercial Air Pump, 8-Way Splitter, 2 Pcs Air Stones, 25 ft Air Tubing, 2 Pcs Check Valves, for Aquarium, Fi","1","amazon.ca","Amazon","Maple Ridge","British Columbia","V2W 1L","Combined TCS+MTC","79.99","9.60","6.99","0","0","0","0","0","-6.99","0","-9.60","-12.00","-12.33","0","0","55.66","Released","Apr 1, 2026 12:17:02 a.m. PDT"
"Apr 1, 2026 12:17:57 a.m. PDT","25978195091","Order","702-2743063-0071412","PS-002K","VIVOSUN Gardening Scissors 6.5 Inch Hand Pruner Pruning Shear with Straight Stailess Steel Blades, Black and Green, 1-Pack","1","amazon.ca","Amazon","Abbotsford","British Columbia","V2S3L","Combined TCS+MTC","9.49","1.14","0","0","0","0","0","0","0","0","-1.14","-1.42","-3.86","0","0","4.21","Released","Apr 1, 2026 12:17:57 a.m. PDT"
"Apr 1, 2026 12:19:49 a.m. PDT","25978195091","Refund","701-9078104-1610619","311001-5x10K","VIVOSUN 10-Pack 5 Gallon Grow Bags Heavy Duty 300G Thickened Nonwoven Plant Fabric Pots with Handles","1","amazon.ca","Amazon","Selkirk","Manitoba","R1A 1R","Combined TCS+MTC","-29.99","-3.60","0","0","0","0","0","0","0","0","3.60","3.60","0","0","0","-26.39","Released","Apr 1, 2026 12:19:49 a.m. PDT"
"Apr 1, 2026 12:23:04 a.m. PDT","25978195091","Order","702-4867352-2339450","CHTrimer-01K","VIVOSUN 20"" Cordless Hedge Trimmer, 20V Electric Bush Trimmer, 1400 RPM Shrub Trimmer, Dual-Action Laser Blade, 3/5"" Cutting Capacity, Lightweight & C","1","amazon.ca","Amazon","Brampton","Ontario","L6V 2P","Combined TCS+MTC","59.99","7.80","0","0","0","0","0","0","0","0","-7.80","-9.00","-18.81","0","0","32.18","Released","Apr 1, 2026 12:23:04 a.m. PDT"
"Apr 1, 2026 12:26:22 a.m. PDT","25978195091","Order","702-1138276-6367444","331101-6K","VIVOSUN 6 Inch Inline Duct Fan 240 CFM, HVAC Exhaust Ventilation Fan with Low Noise for Basements, Bathrooms, Kitchens and Attics, Silver","1","amazon.ca","Amazon","Wainfleet","Ontario","L0S 1V","Combined TCS+MTC","32.99","4.29","0","0","0","0","0","0","0","0","-8.58","-9.90","-10.58","0","0","8.22","Released","Apr 1, 2026 12:26:22 a.m. PDT"
"Apr 1, 2026 12:26:22 a.m. PDT","25978195091","Order","702-1138276-6367444","331101-6K","VIVOSUN 6 Inch Inline Duct Fan 240 CFM, HVAC Exhaust Ventilation Fan with Low Noise for Basements, Bathrooms, Kitchens and Attics, Silver","1","amazon.ca","Amazon","Wainfleet","Ontario","L0S 1V","","32.99","4.29","0","0","0","0","0","0","0","0","0","0","-10.58","0","0","26.70","Released","Apr 1, 2026 12:26:22 a.m. PDT"
"Apr 1, 2026 12:26:43 a.m. PDT","25978195091","Order","701-8381821-1352255","311021-10x5K","VIVOSUN 5-Pack 10 Gallon Grow Bags Heavy Duty 300G Thickened Nonwoven Plant Fabric Pots with Handles Tan","1","amazon.ca","Amazon","CRYSTAL BEACH","Ontario","L0S1B","Combined TCS+MTC","23.39","3.04","0","0","0","0","0","0","0","0","-6.08","-7.02","-10.53","0","0","2.80","Released","Apr 1, 2026 12:26:43 a.m. PDT"
"Apr 1, 2026 12:26:43 a.m. PDT","25978195091","Order","701-8381821-1352255","311021-10x5K","VIVOSUN 5-Pack 10 Gallon Grow Bags Heavy Duty 300G Thickened Nonwoven Plant Fabric Pots with Handles Tan","1","amazon.ca","Amazon","CRYSTAL BEACH","Ontario","L0S1B","","23.39","3.04","0","0","0","0","0","0","0","0","0","0","-10.53","0","0","15.90","Released","Apr 1, 2026 12:26:43 a.m. PDT"
"Apr 1, 2026 12:28:03 a.m. PDT","25978195091","Order","701-1631207-6924218","306101W-4K","VIVOSUN D4 4 Inch 195 CFM Inline Duct Ventilation Fan HVAC Vent Blower for Hydroponics Grow Tent","1","amazon.ca","Amazon","Calgary","AB","T2L 1Y","Combined TCS+MTC","37.79","1.89","0","0","0","0","0","0","0","0","-3.78","-11.34","-9.09","0","0","15.47","Released","Apr 1, 2026 12:28:03 a.m. PDT"
"Apr 1, 2026 12:28:03 a.m. PDT","25978195091","Order","701-1631207-6924218","306101W-4K","VIVOSUN D4 4 Inch 195 CFM Inline Duct Ventilation Fan HVAC Vent Blower for Hydroponics Grow Tent","1","amazon.ca","Amazon","Calgary","AB","T2L 1Y","","37.79","1.89","0","0","0","0","0","0","0","0","0","0","-9.09","0","0","30.59","Released","Apr 1, 2026 12:28:03 a.m. PDT"
"Apr 1, 2026 12:29:27 a.m. PDT","25978195091","Order","702-6887891-8759419","304113-84K","VIVOSUN S848 4x8 Grow Tent 96""x48""x80"" High Reflective Mylar Tents with Observation Window and Floor Tray for Hydroponics Indoor Plant for VS4000/VSF4","1","amazon.ca","Amazon","Aldergrove","British Columbia","V4W 3M","Combined TCS+MTC","229.35","27.52","0","0","0","0","0","0","0","0","-27.52","-34.40","-33.91","0","0","161.04","Released","Apr 1, 2026 12:29:27 a.m. PDT"
"Apr 1, 2026 12:32:35 a.m. PDT","25978195091","Order","701-1836093-0769808","311021-10x5K","VIVOSUN 5-Pack 10 Gallon Grow Bags Heavy Duty 300G Thickened Nonwoven Plant Fabric Pots with Handles Tan","1","amazon.ca","Amazon","Toronto","Ontario","M6G 2C","Combined TCS+MTC","23.39","3.04","0","0","0","0","0","0","0","0","-3.04","-3.51","-10.53","0","0","9.35","Released","Apr 1, 2026 12:32:35 a.m. PDT"
"Apr 1, 2026 12:32:35 a.m. PDT","25978195091","Order","701-1836093-0769808","311021-5x5KK","VIVOSUN 5-Pack 5 Gallon Grow Bags Heavy Duty 300G Thickened Nonwoven Plant Fabric Pots with Handles Tan","1","amazon.ca","Amazon","Toronto","Ontario","M6G 2C","Combined TCS+MTC","18.89","2.46","0","0","0","0","0","0","0","0","-2.46","-2.83","-7.59","0","0","8.47","Released","Apr 1, 2026 12:32:35 a.m. PDT"
"Apr 1, 2026 12:36:08 a.m. PDT","25978195091","Order","702-9503752-3995463","311001-3*5K","VIVOSUN 5-Pack 3 Gallons Grow Bags Heavy Duty Thickened Nonwoven Fabric Pots with Handles","1","amazon.ca","Amazon","Thorndale","Ontario","N0M 2P","Combined TCS+MTC","17.99","2.34","0","0","0","0","0","0","0","0","-2.34","-2.70","-8.11","0","0","7.18","Released","Apr 1, 2026 12:36:08 a.m. PDT"
"Apr 1, 2026 12:37:05 a.m. PDT","25978195091","Order","701-9828071-5368268","311001-10x5K","VIVOSUN 5-Pack 10 Gallon Grow Bags Heavy Duty 300G Thickened Nonwoven Plant Fabric Pots with Handles","1","amazon.ca","Amazon","London","Ontario","N6E 1T","Combined TCS+MTC","23.39","3.04","0","0","0","0","0","0","0","0","-3.04","-3.51","-10.26","0","0","9.62","Released","Apr 1, 2026 12:37:05 a.m. PDT"
"Apr 1, 2026 12:38:45 a.m. PDT","25978195091","Order","701-4889151-6773035","311021-30x5K","VIVOSUN 5-Pack 30 Gallon Grow Bags Heavy Duty 300G Thickened Nonwoven Plant Fabric Pots with Handles Tan","1","amazon.ca","Amazon","Stayner","Ontario","L0M1S","Combined TCS+MTC","35.99","4.68","0","0","0","0","0","0","0","0","-4.68","-5.40","-10.62","0","0","19.97","Released","Apr 1, 2026 12:38:45 a.m. PDT"
"Apr 1, 2026 12:41:14 a.m. PDT","25978195091","Order","701-5222657-4220229","311021-10x5K","VIVOSUN 5-Pack 10 Gallon Grow Bags Heavy Duty 300G Thickened Nonwoven Plant Fabric Pots with Handles Tan","1","amazon.ca","Amazon","Severn","Ontario","L3V 0W","Combined TCS+MTC","23.39","3.04","0","0","0","0","0","0","0","0","-3.04","-3.51","-10.53","0","0","9.35","Released","Apr 1, 2026 12:41:14 a.m. PDT"
"Apr 1, 2026 12:43:41 a.m. PDT","25978195091","Refund","702-5002535-4284213","GG-003K","VIVOSUN 4'' Depth Ground Grid, 9x17 ft, High-Density HDPE Geo Cell, 1885 lbs per sq ft Load, Foldable & Tensile, Easy Installation with Gloves, Perfec","1","amazon.ca","Amazon","Armstrong","BC","V0E 1B","Combined TCS+MTC","-109.99","-13.20","0","0","0","0","0","0","0","0","13.20","13.20","0","0","0","-96.79","Released","Apr 1, 2026 12:43:41 a.m. PDT"
"Apr 1, 2026 12:44:19 a.m. PDT","25978195091","Order","701-7607890-7383405","305131-PENK","VIVOSUN Digital pH Meter, 0.01pH High Accuracy Pen Type pH Tester for Hydroponics, Household Drinking, Pool and Aquarium, Yellow, UL Certified","1","amazon.ca","Amazon","Caledonia","Ontario","N3W 2N","Combined TCS+MTC","15.99","2.08","4.35","0.57","0","0","0","0","0","0","-2.65","-1.92","-10.47","0","0","7.95","Released","Apr 1, 2026 12:44:19 a.m. PDT"
"Apr 1, 2026 12:45:18 a.m. PDT","25978195091","Refund","702-8327348-8812245","330101x2K","VIVOSUN 2 Pack Durable Waterproof Seedling Heat Mat 10"" x 20.75"" UL & MET-Certified Warm Hydroponic Heating Pad for Germination, Indoor Gardening, Gre","1","amazon.ca","Amazon","Morden","Manitoba","R6M 2G","Combined TCS+MTC","-32.39","-3.89","0","0","0","0","0","0","0","0","3.89","3.89","0","0","0","-28.50","Released","Apr 1, 2026 12:45:18 a.m. PDT"
"Apr 1, 2026 12:46:11 a.m. PDT","25978195091","Refund","701-1077792-8449813","330102K","VIVOSUN Durable Waterproof Seedling Heat Mat 20"" x 20.75"" UL & MET-Certified Warm Hydroponic Heating Pad for Germination, Indoor Gardening, Greenhouse","2","amazon.ca","Amazon","Coe Hill","Ontario","K0L 1P","Combined TCS+MTC","-75.98","-9.88","0","0","0","0","0","0","0","0","9.88","9.12","0","0","0","-66.86","Released","Apr 1, 2026 12:46:11 a.m. PDT"
"Apr 1, 2026 12:47:44 a.m. PDT","25978195091","Order","701-2594445-4592248","307282-2K","VIVOSUN 2-Pack Clamp Lamp Light with Detachable 5.5 Inch Aluminum Reflector up to 60W E26 Socket (No Bulb Included), 6 Feet Cord, UL Listed","1","amazon.ca","Amazon","Edmonton","Alberta","T6N 1E","Combined TCS+MTC","29.99","1.50","0","0","0","0","0","0","0","0","-1.50","-4.50","-9.38","0","0","16.11","Released","Apr 1, 2026 12:47:44 a.m. PDT"
"Apr 1, 2026 12:48:33 a.m. PDT","25978195091","Order","702-0874883-0808219","311001-20x5K","VIVOSUN 5-Pack 20 Gallons Grow Bags Heavy Duty Thickened Nonwoven Fabric Pots with Handles","1","amazon.ca","Amazon","Edmonton","AB","T5A1S","Combined TCS+MTC","29.69","1.48","0","0","0","0","0","0","0","0","-1.48","-4.45","-10.08","0","0","15.16","Released","Apr 1, 2026 12:48:33 a.m. PDT"
"Apr 1, 2026 12:49:09 a.m. PDT","25978195091","Order","701-5762996-3601035","311021-7x5JK","VIVOSUN 5-Pack 7 Gallon Grow Bags Heavy Duty 300G Thickened Nonwoven Plant Fabric Pots with Handles Tan","1","amazon.ca","Amazon","Edmonton","Alberta","T5W 2L","Combined TCS+MTC","20.69","1.03","0","0","0","0","0","0","0","0","-1.03","-3.10","-8.66","0","0","8.93","Released","Apr 1, 2026 12:49:09 a.m. PDT"
"Apr 1, 2026 12:49:37 a.m. PDT","25978195091","Order","701-1326527-7451425","305131-PENK","VIVOSUN Digital pH Meter, 0.01pH High Accuracy Pen Type pH Tester for Hydroponics, Household Drinking, Pool and Aquarium, Yellow, UL Certified","1","amazon.ca","Amazon","Morinville","Alberta","T8R 1E","Combined TCS+MTC","15.99","0.80","0","0","0","0","0","0","0","0","-0.80","-1.92","-6.07","0","0","8.00","Released","Apr 1, 2026 12:49:37 a.m. PDT"
"Apr 1, 2026 12:49:38 a.m. PDT","25978195091","Order","701-5877433-2418625","311003-4K","VIVOSUN 6.5 Inch Gardening Scissors Hand Pruner Pruning Shear with Straight Stainless Steel Blades Orange 1-Pack","1","amazon.ca","Amazon","Ottwa","Ontario","K1J7Y","Combined TCS+MTC","9.59","1.25","0","0","0","0","0","0","0","0","-1.25","-1.44","-3.61","0","0","4.54","Released","Apr 1, 2026 12:49:38 a.m. PDT"
"Apr 1, 2026 12:49:42 a.m. PDT","25978195091","Order","702-7194067-8494608","311021-20x5K","VIVOSUN 5-Pack 20 Gallon Grow Bags Heavy Duty 300G Thickened Nonwoven Plant Fabric Pots with Handles Tan","1","amazon.ca","Amazon","Ottawa","Ontario","K2T 0R","Combined TCS+MTC","29.69","3.86","0","0","0","0","0","0","0","0","-3.86","-4.45","-10.62","0","0","14.62","Released","Apr 1, 2026 12:49:42 a.m. PDT"
"Apr 1, 2026 12:50:12 a.m. PDT","25978195091","Order","701-1773174-8249815","311003-5K","VIVOSUN 6.5 Inch Gardening Scissors Hand Pruner Pruning Shear with Titanium Coated Curved Precision Blades 1-Pack","1","amazon.ca","Amazon","Sudbury","Ontario","P3C 1L","Combined TCS+MTC","8.99","1.17","0","0","0","0","0","0","0","0","-1.17","-1.35","-3.61","0","0","4.03","Released","Apr 1, 2026 12:50:12 a.m. PDT"
"Apr 1, 2026 12:50:30 a.m. PDT","25978195091","Order","702-1436749-9510601","PL-0002K","VIVOSUN 10 x 13 Feet Pond Liner, 14.5 Mil Durable LLDPE Pond Liners for Koi Ponds, Aquaculture and Water Gardens, Black","1","amazon.ca","Amazon","sherwood park","AB","T8E 1G","Combined TCS+MTC","44.99","2.25","0","0","0","0","0","0","0","0","-2.25","-6.75","-12.15","0","0","26.09","Released","Apr 1, 2026 12:50:30 a.m. PDT"
"Apr 1, 2026 12:50:30 a.m. PDT","25978195091","Order","702-1436749-9510601","PL-0003K","VIVOSUN 13.5 x 20 Feet Pond Liner, 14.5 Mil Durable LLDPE Pond Liners for Koi Ponds, Aquaculture and Water Gardens, Black","1","amazon.ca","Amazon","sherwood park","AB","T8E 1G","Combined TCS+MTC","62.99","3.15","0","0","0","0","0","0","0","0","-3.15","-9.45","-20.19","0","0","33.35","Released","Apr 1, 2026 12:50:30 a.m. PDT"
"Apr 1, 2026 12:51:21 a.m. PDT","25978195091","Order","701-1870008-4847415","311021-10x5K","VIVOSUN 5-Pack 10 Gallon Grow Bags Heavy Duty 300G Thickened Nonwoven Plant Fabric Pots with Handles Tan","1","amazon.ca","Amazon","Hanmer","Ontario","P3P1H","Combined TCS+MTC","23.39","3.04","0","0","0","0","0","0","0","0","-3.04","-3.51","-10.53","0","0","9.35","Released","Apr 1, 2026 12:51:21 a.m. PDT"
"Apr 1, 2026 12:51:32 a.m. PDT","25978195091","Order","702-9564077-7960221","305131-PENK","VIVOSUN Digital pH Meter, 0.01pH High Accuracy Pen Type pH Tester for Hydroponics, Household Drinking, Pool and Aquarium, Yellow, UL Certified","1","amazon.ca","Amazon","Falconbridge","Ontario","P0M 1S","Combined TCS+MTC","15.99","2.08","0","0","0","0","0","0","0","0","-2.08","-1.92","-6.12","0","0","7.95","Released","Apr 1, 2026 12:51:32 a.m. PDT"
"Apr 1, 2026 12:52:30 a.m. PDT","25978195091","Order","701-9920728-0684248","311001-45K","VIVOSUN 1 Pack 45 Gallon Grow Bag, Fabric Pot with Handles for Growing Vegtables and Plants","1","amazon.ca","Amazon","Leamington","Ontario","N8H 4C","Combined TCS+MTC","19.99","2.60","0","0","0","0","0","0","0","0","-2.60","-3.00","-7.59","0","0","9.40","Released","Apr 1, 2026 12:52:30 a.m. PDT"
"Apr 1, 2026 12:52:39 a.m. PDT","25978195091","Order","701-6792900-9777827","311003-4K","VIVOSUN 6.5 Inch Gardening Scissors Hand Pruner Pruning Shear with Straight Stainless Steel Blades Orange 1-Pack","1","amazon.ca","Amazon","Nepean","Ontario","K2J0Z","Combined TCS+MTC","9.59","1.25","2.74","0","0","0","0","0","-2.74","0","-1.25","-1.44","-3.61","0","0","4.54","Released","Apr 1, 2026 12:52:39 a.m. PDT"
"Apr 1, 2026 12:52:43 a.m. PDT","25978195091","Order","702-6471724-7141813","330101x2K","VIVOSUN 2 Pack Durable Waterproof Seedling Heat Mat 10"" x 20.75"" UL & MET-Certified Warm Hydroponic Heating Pad for Germination, Indoor Gardening, Gre","1","amazon.ca","Amazon","Gloucester","ON","K1X0E","Combined TCS+MTC","32.39","4.21","0","0","0","0","0","0","0","0","-4.21","-4.86","-7.82","0","0","19.71","Released","Apr 1, 2026 12:52:43 a.m. PDT"
"Apr 1, 2026 12:57:39 a.m. PDT","25978195091","Order","702-8018450-7287444","PB-7K","VIVOSUN 5-Pack 7 Gallon Potato Grow Bags with Handles, Non-Woven Fabric Bags for Carrots Tomato","1","amazon.ca","Amazon","Thedford","Ontario","N0M 2N","Combined TCS+MTC","31.99","4.16","0","0","0","0","0","0","0","0","-4.16","-4.80","-10.68","0","0","16.51","Released","Apr 1, 2026 12:57:39 a.m. PDT"
"Apr 1, 2026 12:57:54 a.m. PDT","25978195091","Order","702-1861204-4373028","311001-10x5K","VIVOSUN 5-Pack 10 Gallon Grow Bags Heavy Duty 300G Thickened Nonwoven Plant Fabric Pots with Handles","1","amazon.ca","Amazon","Komoka","Ontario","N0L 1R","Combined TCS+MTC","23.39","3.04","0","0","0","0","0","0","0","0","-3.04","-3.51","-10.26","0","0","9.62","Released","Apr 1, 2026 12:57:54 a.m. PDT"
"Apr 1, 2026 12:59:47 a.m. PDT","25978195091","Order","701-4029999-3231410","332574K","VIVOSUN 130GPH Submersible Pump(500L/H, 6W), Ultra Quiet Water Pump with 2.6ft High Lift, Fountain Pump with 5ft Power Cord, 2 Nozzles for Fish Tank,","1","amazon.ca","Amazon","Edmonton","AB","T5T 5Z","Combined TCS+MTC","20.23","1.01","0","0","0","0","0","0","0","0","-1.01","-3.03","-7.69","0","0","9.51","Released","Apr 1, 2026 12:59:47 a.m. PDT"
"Apr 1, 2026 1:01:47 a.m. PDT","25978195091","Order","702-2166309-3354625","311001-30x5K","VIVOSUN 5-Pack 30 Gallons Grow Bags Heavy Duty Thickened Nonwoven Fabric Pots with Handles","1","amazon.ca","Amazon","Windsor","Nova Scotia","B0N2T","Combined TCS+MTC","39.98","5.60","0","0","0","0","0","0","0","0","-5.60","-6.00","-11.97","0","0","22.01","Released","Apr 1, 2026 1:01:47 a.m. PDT"
"Apr 1, 2026 1:05:58 a.m. PDT","25978195091","Refund","702-2415897-2006604","VSL-T52F-8","VIVOSUN T5 Linear Grow Lights, 2ft 5000K Full Spectrum LED Grow Light Strip for Indoor Growing, Plant Lights SGS Compatible, 15W/Bar, 8-Pack","1","amazon.ca","Amazon","Minnedosa","Manitoba","R0J 1E","","0","0","0","0","0","0","0","0","0","0","0","0","0","0","0","0","Released","Apr 1, 2026 1:05:58 a.m. PDT"
"Apr 1, 2026 1:08:03 a.m. PDT","25978195091","Order","702-3605754-0456269","Spray-SX-CS4K","VIVOSUN 1 Gallon Pump Pressure Sprayer, 4L Pressurized Lawn & Garden Water Spray Bottle with 3 Water Nozzles, Adjustable Shoulder Strap, Pressure Reli","1","amazon.ca","Amazon","Binbrook","Ontario","L0R 1C","Combined TCS+MTC","39.59","5.15","0","0","0","0","0","0","0","0","-5.15","-5.94","-11.25","0","0","22.40","Released","Apr 1, 2026 1:08:03 a.m. PDT"
"Apr 1, 2026 1:08:08 a.m. PDT","25978195091","Order","702-9932060-1947454","311021-30x5K","VIVOSUN 5-Pack 30 Gallon Grow Bags Heavy Duty 300G Thickened Nonwoven Plant Fabric Pots with Handles Tan","1","amazon.ca","Amazon","Pointe-Claire","QC","H9R 5V","Combined TCS+MTC","35.99","5.39","0","0","0","0","0","0","0","0","-5.39","-5.40","-10.62","0","0","19.97","Released","Apr 1, 2026 1:08:08 a.m. PDT"
"Apr 1, 2026 1:08:28 a.m. PDT","25978195091","Order","701-7684252-0398654","VSGB-5K","VIVOSUN 5-Pack 5 Gallon Grow Bags, 500G Thick Nonwoven Fabric Pots with Strap Handles, Multi-Purpose Rings, for Low Stress Plant Training Fruits, Vege","1","amazon.ca","Amazon","Simcoe","Ontario","N3Y 2P","Combined TCS+MTC","25.99","3.38","0","0","0","0","0","0","0","0","-3.38","-3.90","-8.34","0","0","13.75","Released","Apr 1, 2026 1:08:28 a.m. PDT"
"Apr 1, 2026 1:10:51 a.m. PDT","25978195091","Order","701-8859111-2489835","VSVC-AZT6K","VIVOSUN Smart Air Filtration T6 Kit 6"", AeroZesh T6 Inline Duct Fan with E12 Speed Controller, Carbon Filter & 8' Ducting, Cooling & Ventilation Syste","1","amazon.ca","Amazon","Lorette","Manitoba","R5K 0R","Combined TCS+MTC","209.99","25.20","0","0","0","0","0","0","0","0","-25.20","-31.50","-25.71","0","0","152.78","Released","Apr 1, 2026 1:10:51 a.m. PDT"
"Apr 1, 2026 1:14:58 a.m. PDT","25978195091","Order","702-7995179-4757863","304113-3018K","VIVOSUN 30""x18""x36"" Grow Tent, High Reflective Mylar with Observation Window and Floor Tray for Hydroponics Indoor Plant Growing for VS1000","1","amazon.ca","Amazon","Edmonton","Alberta","T6W 3Y","Combined TCS+MTC","93.36","4.67","0","0","0","0","0","0","0","0","-4.67","-14.00","-18.35","0","0","61.01","Released","Apr 1, 2026 1:14:58 a.m. PDT"
"Apr 1, 2026 1:16:16 a.m. PDT","25978195091","Order","701-1037363-5224230","306104-6CK","VIVOSUN 6 Inch 25 Feet Non-Insulated Flex Air Aluminum Duct for Ventilation, 2 Clamps Included","1","amazon.ca","Amazon","L'Ange-Gardien","Quebec","J8L 0P","Combined TCS+MTC","28.49","4.27","0","0","0","0","0","0","0","0","-8.54","-8.54","-11.76","0","0","3.92","Released","Apr 1, 2026 1:16:16 a.m. PDT"
"Apr 1, 2026 1:16:16 a.m. PDT","25978195091","Order","701-1037363-5224230","306104-6CK","VIVOSUN 6 Inch 25 Feet Non-Insulated Flex Air Aluminum Duct for Ventilation, 2 Clamps Included","1","amazon.ca","Amazon","L'Ange-Gardien","Quebec","J8L 0P","","28.49","4.27","0","0","0","0","0","0","0","0","0","0","-11.76","0","0","21.00","Released","Apr 1, 2026 1:16:16 a.m. PDT"
"Apr 1, 2026 1:16:16 a.m. PDT","25978195091","Order","701-3578115-6783457","WP-330K","VIVOSUN 330 GPH Water Transfer Utility Pump 115V 1/10HP with Water Hose Kit, Impeller and Gasket","1","amazon.ca","Amazon","Cochrane","Alberta","T4C 2N","Combined TCS+MTC","59.49","2.97","0","0","0","0","0","0","0","0","-2.97","-8.92","-10.98","0","0","39.59","Released","Apr 1, 2026 1:16:16 a.m. PDT"
"Apr 1, 2026 1:16:22 a.m. PDT","25978195091","Order","701-7667005-1155408","305131-PENK","VIVOSUN Digital pH Meter, 0.01pH High Accuracy Pen Type pH Tester for Hydroponics, Household Drinking, Pool and Aquarium, Yellow, UL Certified","1","amazon.ca","Amazon","Gatineau","Quebec","J8R 3C","Combined TCS+MTC","15.99","2.39","0","0","0","0","0","0","0","0","-2.39","-1.92","-6.12","0","0","7.95","Released","Apr 1, 2026 1:16:22 a.m. PDT"
"Apr 1, 2026 1:17:06 a.m. PDT","25978195091","Order","701-3080519-7234652","330120x1K","VIVOSUN 1-Pack LCD Digital Aquarium Thermometer Fish Tank Water Terrarium Temperature with Suction Cup for Turtle","1","amazon.ca","Amazon","Calgary","Alberta","T3C 0N","Combined TCS+MTC","11.69","0.58","2.12","0.11","0","0","0","0","0","0","-0.69","-1.75","-5.78","0","0","6.28","Released","Apr 1, 2026 1:17:06 a.m. PDT"
"Apr 1, 2026 1:17:27 a.m. PDT","25978195091","Order","701-8178540-7659424","VSG-SPRAY-PP2LK","VIVOSUN 70oz Pump Sprayer, Portable Water Spray Bottle for Spraying Plants, Flowers, Weeds and Cleaning, Hand Pump with Side Filling Port, Measuring C","2","amazon.ca","Amazon","Laval","QC","H7C 2V","Combined TCS+MTC","79.98","11.98","0","0","0","0","0","0","0","0","-11.98","-12.00","-21.90","0","0","46.08","Released","Apr 1, 2026 1:17:27 a.m. PDT"
"Apr 1, 2026 1:18:54 a.m. PDT","25978195091","Order","701-2833058-0089056","305131-PENK","VIVOSUN Digital pH Meter, 0.01pH High Accuracy Pen Type pH Tester for Hydroponics, Household Drinking, Pool and Aquarium, Yellow, UL Certified","1","amazon.ca","Amazon","Laval","Quebec","H7A 2J","Combined TCS+MTC","15.99","2.39","0","0","0","0","0","0","0","0","-2.39","-1.92","-6.12","0","0","7.95","Released","Apr 1, 2026 1:18:54 a.m. PDT"
"Apr 1, 2026 1:27:03 a.m. PDT","25978195091","Order","701-7516790-4916234","311003-5K","VIVOSUN 6.5 Inch Gardening Scissors Hand Pruner Pruning Shear with Titanium Coated Curved Precision Blades 1-Pack","1","amazon.ca","Amazon","Gatineau","Quebec","J9A 2C","Combined TCS+MTC","8.99","1.35","0","0","0","0","0","0","0","0","-1.35","-1.35","-3.61","0","0","4.03","Released","Apr 1, 2026 1:27:03 a.m. PDT"
"Apr 1, 2026 1:28:45 a.m. PDT","25978195091","Order","701-6743752-9673836","332572K","VIVOSUN 800GPH Submersible Pump(3000L/H, 24W), Ultra Quiet Water Pump with 10ft High Lift, Fountain Pump with 5ft Power Cord, 3 Nozzles for Fish Tank,","1","amazon.ca","Amazon","Sherwood park","Alberta","T8A 4H","Combined TCS+MTC","32.39","1.62","0","0","0","0","0","0","0","0","-1.62","-4.86","-8.25","0","0","19.28","Released","Apr 1, 2026 1:28:45 a.m. PDT"
"Apr 1, 2026 1:29:20 a.m. PDT","25978195091","Order","701-4288836-4145805","332572K","VIVOSUN 800GPH Submersible Pump(3000L/H, 24W), Ultra Quiet Water Pump with 10ft High Lift, Fountain Pump with 5ft Power Cord, 3 Nozzles for Fish Tank,","1","amazon.ca","Amazon","Sherwood park","Alberta","T8A 4H","Combined TCS+MTC","32.39","1.62","0","0","0","0","0","0","0","0","-1.62","-4.86","-8.25","0","0","19.28","Released","Apr 1, 2026 1:29:20 a.m. PDT"
"Apr 1, 2026 1:33:33 a.m. PDT","25978195091","Order","701-6620168-6773004","SPray-08L-RK","VIVOSUN 0.2Gallon Hand held Garden Sprayer Pump Pressure Water Sprayers, 27 oz Hand Sprayer for Lawn, Garden (0.8L Red)","1","amazon.ca","Amazon","Edmundston","New Brunswick","E3V 2V","Combined TCS+MTC","26.99","4.05","0","0","0","0","0","0","0","0","-4.05","-4.05","-9.39","0","0","13.55","Released","Apr 1, 2026 1:33:33 a.m. PDT"
"Apr 1, 2026 1:33:38 a.m. PDT","25978195091","Order","702-9245787-9869014","L000002-100*2K","VIVOSUN Air Stone 4x2 inch Large Air Stone Aquarium Hydroponics Air Pump Pack of 2","2","amazon.ca","Amazon","Bear River","Nova Scotia","B0S 1B","Combined TCS+MTC","33.98","4.76","0","0","0","0","0","0","0","0","-4.76","-5.10","-15.42","0","0","13.46","Released","Apr 1, 2026 1:33:38 a.m. PDT"
"Apr 1, 2026 1:34:43 a.m. PDT","25978195091","Order","701-5124846-4034615","Spray-SX-CS4K","VIVOSUN 1 Gallon Pump Pressure Sprayer, 4L Pressurized Lawn & Garden Water Spray Bottle with 3 Water Nozzles, Adjustable Shoulder Strap, Pressure Reli","1","amazon.ca","Amazon","Calgary","Alberta","T2Z 2M","Combined TCS+MTC","39.59","1.98","6.99","0","0","0","0","0","-6.99","0","-1.98","-5.94","-11.25","0","0","22.40","Released","Apr 1, 2026 1:34:43 a.m. PDT"
"Apr 1, 2026 1:36:36 a.m. PDT","25978195091","Order","701-9849454-4312248","332572K","VIVOSUN 800GPH Submersible Pump(3000L/H, 24W), Ultra Quiet Water Pump with 10ft High Lift, Fountain Pump with 5ft Power Cord, 3 Nozzles for Fish Tank,","1","amazon.ca","Amazon","brooks","alberta","T1R0R","Combined TCS+MTC","32.39","1.62","0","0","0","0","0","0","0","0","-1.62","-4.86","-8.11","0","0","19.42","Released","Apr 1, 2026 1:36:36 a.m. PDT"
"Apr 1, 2026 1:38:24 a.m. PDT","25978195091","Adjustment","702-4331316-5915436","VSE-ASH19K","FBA Inventory Reimbursement - Customer Return","1","","","","","","","0","0","0","0","0","0","0","0","0","0","0","0","0","0","184.48","184.48","Released","Apr 1, 2026 1:38:24 a.m. PDT"
"Apr 1, 2026 1:40:01 a.m. PDT","25978195091","Order","701-8610113-1365003","306101W-4K","VIVOSUN D4 4 Inch 195 CFM Inline Duct Ventilation Fan HVAC Vent Blower for Hydroponics Grow Tent","1","amazon.ca","Amazon","Ajax","Ontario","L1T 3G","Combined TCS+MTC","37.79","4.91","0","0","0","0","0","0","0","0","-4.91","-5.67","-9.09","0","0","23.03","Released","Apr 1, 2026 1:40:01 a.m. PDT"
"Apr 1, 2026 1:40:26 a.m. PDT","25978195091","Order","701-2278677-6353839","330702x2-K","VIVOSUN 5 x 30 ft. Plant Trellis Netting, Heavy-Duty Polyester Grow Net, Garden Trellis Netting with Square Mesh for Climbing Plants, Vegetables, Frui","1","amazon.ca","Amazon","Whitby","Ontario","L1N 4R","Combined TCS+MTC","22.99","2.99","0","0","0","0","0","0","0","0","-2.99","-3.45","-6.73","0","0","12.81","Released","Apr 1, 2026 1:40:26 a.m. PDT"
"Apr 1, 2026 1:40:54 a.m. PDT","25978195091","Refund","702-5965629-8117062","VSV-IFP4","VIVOSUN 4"" Inline Booster Duct Fan, 130 CFM Quiet Exhaust Fan for HVAC Ventilation in Grow Tents, Basements, Bathrooms, Kitchens, and Attics","1","amazon.ca","Amazon","Mont-Laurier","Quebec","J9L 3G","","-33.27","0","0","0","0","0","0","0","0","0","0","3.99","0","0","0","-29.28","Released","Apr 1, 2026 1:40:54 a.m. PDT"
"Apr 1, 2026 1:41:14 a.m. PDT","25978195091","Order","701-7669068-5673043","311003-4K","VIVOSUN 6.5 Inch Gardening Scissors Hand Pruner Pruning Shear with Straight Stainless Steel Blades Orange 1-Pack","1","amazon.ca","Amazon","Scarborough","Ontario","M1M 1R","Combined TCS+MTC","9.59","1.25","3.27","0","0","0","0","0","-3.27","0","-1.25","-1.44","-3.61","0","0","4.54","Released","Apr 1, 2026 1:41:14 a.m. PDT"
"Apr 1, 2026 1:41:38 a.m. PDT","25978195091","Order","702-0533237-1645009","LOUPE-004K","VIVOSUN 30X Rechargeable Loupe Magnifier with White LED Light and UV Light, Portable Magnifying Glass with Optical Glass Lens & Scale for Jewelry, Tex","1","amazon.ca","Amazon","Toronto","Ontario","M6S 3J","Combined TCS+MTC","23.74","3.09","0","0","0","0","0","0","0","0","-3.09","-2.85","-6.12","0","0","14.77","Released","Apr 1, 2026 1:41:38 a.m. PDT"
"Apr 1, 2026 1:46:42 a.m. PDT","25978195091","Order","702-0507104-5476249","306104-4CK","VIVOSUN 4 Inch 25 Feet Non-Insulated Flex Air Aluminum Duct for Ventilation, 2 Clamps Included","1","amazon.ca","Amazon","Burlington","Ontario","L7N 2X","Combined TCS+MTC","24.99","3.25","0","0","0","0","0","0","0","0","-3.25","-3.75","-8.66","0","0","12.58","Released","Apr 1, 2026 1:46:42 a.m. PDT"
"Apr 1, 2026 1:47:51 a.m. PDT","25978195091","Order","702-5274172-1541032","VSF-AWE6W-G2K","VIVOSUN AeroWave E6 Grow Tent Fan 6"", EC Motor, Smart Wifi Control, US Patented Auto Oscillating Clip fan, Weatherproof IP-54, Strong Airflow but Quie","1","amazon.ca","Amazon","Mississauga","Ontario","L5N 3S","Combined TCS+MTC","62.99","8.19","0","0","0","0","0","0","0","0","-8.19","-9.45","-10.71","0","0","42.83","Released","Apr 1, 2026 1:47:51 a.m. PDT"
"Apr 1, 2026 1:49:34 a.m. PDT","25978195091","Order","702-7444161-7809032","306101W-4K","VIVOSUN D4 4 Inch 195 CFM Inline Duct Ventilation Fan HVAC Vent Blower for Hydroponics Grow Tent","1","amazon.ca","Amazon","Petawawa","Ontario","K8H 2W","Combined TCS+MTC","37.79","4.91","0","0","0","0","0","0","0","0","-4.91","-5.67","-9.09","0","0","23.03","Released","Apr 1, 2026 1:49:34 a.m. PDT"
"Apr 1, 2026 1:51:15 a.m. PDT","25978195091","Order","701-5852386-9431430","VSGB-10K","VIVOSUN 5-Pack 10 Gallon Grow Bags, 500G Thick Nonwoven Fabric Pots with Strap Handles, Multi-Purpose Rings, for Low Stress Plant Training Fruits, Veg","1","amazon.ca","Amazon","Richmond","British Columbia","V7C 5V","Combined TCS+MTC","30.59","3.67","3.93","0","0","0","0","0","-3.93","0","-3.67","-4.59","-11.36","0","0","14.64","Released","Apr 1, 2026 1:51:15 a.m. PDT"
"Apr 1, 2026 1:51:38 a.m. PDT","25978195091","Order","702-6212823-0221859","311011-3K","VIVOSUN 5 Pack 3 Gallon Square Grow Bags, Thick Fabric Bags with Handles","1","amazon.ca","Amazon","Laval","Québec","H7E 1K","Combined TCS+MTC","18.99","2.84","0","0","0","0","0","0","0","0","-2.84","-2.85","-7.82","0","0","8.32","Released","Apr 1, 2026 1:51:38 a.m. PDT"
"Apr 1, 2026 1:51:57 a.m. PDT","25978195091","Order","702-7030205-6638648","VSGB-3K","VIVOSUN 5-Pack 3 Gallon Grow Bags, 500G Thick Nonwoven Fabric Pots with Strap Handles, Multi-Purpose Rings, for Low Stress Plant Training Fruits, Vege","1","amazon.ca","Amazon","Stouffville","Ontario","L4A 4R","Combined TCS+MTC","20.69","2.69","0","0","0","0","0","0","0","0","-2.69","-3.10","-7.71","0","0","9.88","Released","Apr 1, 2026 1:51:57 a.m. PDT"
"Apr 1, 2026 1:52:06 a.m. PDT","25978195091","Order","702-4630035-4548227","VSV-WVK1K","VIVOSUN Window Duct Kit, Portable AC Window Seal Kit, Fit with 4""/6"" Ducting & 5.9"" Hose for Sliding Window, Adjustable AC Vent Kit for Duct Fans, Air","1","amazon.ca","Amazon","Oakville","Ontario","L6H 0V","Combined TCS+MTC","39.59","5.15","0","0","0","0","0","0","0","0","-5.15","-5.94","-10.26","0","0","23.39","Released","Apr 1, 2026 1:52:06 a.m. PDT"
"Apr 1, 2026 1:52:06 a.m. PDT","25978195091","Order","701-8167017-5213869","305131-PENK","VIVOSUN Digital pH Meter, 0.01pH High Accuracy Pen Type pH Tester for Hydroponics, Household Drinking, Pool and Aquarium, Yellow, UL Certified","1","amazon.ca","Amazon","Trois-Rivieres","Quebec","G8Y 1X","Combined TCS+MTC","15.99","2.39","0","0","0","0","0","0","0","0","-2.39","-1.92","-6.12","0","0","7.95","Released","Apr 1, 2026 1:52:06 a.m. PDT"
"Apr 1, 2026 1:53:07 a.m. PDT","25978195091","Order","701-2021756-5663459","311001-20x5K","VIVOSUN 5-Pack 20 Gallons Grow Bags Heavy Duty Thickened Nonwoven Fabric Pots with Handles","1","amazon.ca","Amazon","Laval","Quebec","H7H 2Y","Combined TCS+MTC","29.69","4.45","0","0","0","0","0","0","0","0","-4.45","-4.45","-10.08","0","0","15.16","Released","Apr 1, 2026 1:53:07 a.m. PDT"
"Apr 1, 2026 1:53:24 a.m. PDT","25978195091","Order","702-0112196-8079439","311003-4X2K","VIVOSUN 6.5 Inch Gardening Scissors Hand Pruner Pruning Shear with Straight Stainless Steel Blades Orange 2-Pack","2","amazon.ca","Amazon","Codrington","Ontario","K0K 1R","Combined TCS+MTC","29.98","3.90","0","0","0","0","0","0","0","0","-3.90","-4.50","-12.14","0","0","13.34","Released","Apr 1, 2026 1:53:24 a.m. PDT"
"Apr 1, 2026 1:56:26 a.m. PDT","25978195091","Order","701-3645171-5638623","RC-0002-4K","VIVOSUN 1"" Rockwool Cubes, 200 Plugs Stonewool Starter Grow Cubes for Cuttings, Cloning, Plant Propagation, Seed Starting, Hydroponic Grow Media for V","1","amazon.ca","Amazon","Oshawa","Ontario","L1G 5G","Combined TCS+MTC","26.99","3.51","0","0","0","0","0","0","0","0","-3.51","-4.05","-8.49","0","0","14.45","Released","Apr 1, 2026 1:56:26 a.m. PDT"
"Apr 1, 2026 1:57:42 a.m. PDT","25978195091","Order","701-2084737-8234668","311003-5K","VIVOSUN 6.5 Inch Gardening Scissors Hand Pruner Pruning Shear with Titanium Coated Curved Precision Blades 1-Pack","1","amazon.ca","Amazon","Courtice","Ontario","L1E 0H","Combined TCS+MTC","8.99","1.17","0","0","0","0","0","0","0","0","-1.17","-1.35","-3.61","0","0","4.03","Released","Apr 1, 2026 1:57:42 a.m. PDT"
"Apr 1, 2026 1:58:44 a.m. PDT","25978195091","Order","702-6554887-0279402","311021-10x5K","VIVOSUN 5-Pack 10 Gallon Grow Bags Heavy Duty 300G Thickened Nonwoven Plant Fabric Pots with Handles Tan","1","amazon.ca","Amazon","Kentville","Nova Scotia","B4N 1M","Combined TCS+MTC","23.39","3.27","0","0","0","0","0","0","0","0","-3.27","-3.51","-10.53","0","0","9.35","Released","Apr 1, 2026 1:58:44 a.m. PDT"
"Apr 1, 2026 1:59:14 a.m. PDT","25978195091","Order","702-5899856-1484248","GB0100K","VIVOSUN 5 Tier Vertical Gardening Stackable Planter for Strawberries, Flowers, Herbs, Vegetables Ivory","1","amazon.ca","Amazon","Winnipeg","Manitoba","R2C 1T","Combined TCS+MTC","47.99","5.76","3.27","0","0","0","0","0","-3.27","0","-5.76","-7.20","-18.35","0","0","22.44","Released","Apr 1, 2026 1:59:14 a.m. PDT"
"Apr 1, 2026 2:00:04 a.m. PDT","25978195091","Order","702-2399555-6941822","311001-15x5K","VIVOSUN 5-Pack 15 Gallon Grow Bags Heavy Duty 300G Thickened Nonwoven Plant Fabric Pots with Handles","1","amazon.ca","Amazon","Waverley","Nova Scotia","B2R 1J","Combined TCS+MTC","26.99","3.78","3.27","0","0","0","0","0","-3.27","0","-3.78","-4.05","-10.26","0","0","12.68","Released","Apr 1, 2026 2:00:04 a.m. PDT"
"Apr 1, 2026 2:03:39 a.m. PDT","25978195091","Order","701-1315094-6555425","330101-01K","VIVOSUN Durable Waterproof Seedling Heat Mat 10"" x 20.75"" UL & MET-Certified Warm Hydroponic Heating Pad for Germination, Indoor Gardening, Greenhouse","1","amazon.ca","Amazon","Halifax","Nova Scotia","B3M 1S","Combined TCS+MTC","17.99","2.52","0","0","0","0","0","0","0","0","-2.52","-2.70","-6.63","0","0","8.66","Released","Apr 1, 2026 2:03:39 a.m. PDT"
"Apr 1, 2026 2:04:14 a.m. PDT","25978195091","Order","701-9137500-4811428","311003-5X2K","VIVOSUN 2-Pack Curved Gardening Scissors 6.5 Inch Hand Pruner Shear with Titanium Coated Precision Blades (Curved Blades)","1","amazon.ca","Amazon","Edmonton","AB","T5Z 3R","Combined TCS+MTC","14.49","0.72","0","0","0","0","0","0","0","0","-0.72","-2.17","-6.07","0","0","6.25","Released","Apr 1, 2026 2:04:14 a.m. PDT"
"Apr 1, 2026 2:05:03 a.m. PDT","25978195091","Order","702-7671219-8796263","311003-5K","VIVOSUN 6.5 Inch Gardening Scissors Hand Pruner Pruning Shear with Titanium Coated Curved Precision Blades 1-Pack","1","amazon.ca","Amazon","Calgary","Alberta","T3E 7S","Combined TCS+MTC","8.99","0.45","0","0","0","0","0","0","0","0","-0.45","-1.35","-3.61","0","0","4.03","Released","Apr 1, 2026 2:05:03 a.m. PDT"
"Apr 1, 2026 2:08:11 a.m. PDT","25978195091","Order","702-0419626-8643405","PS-002X2K","VIVOSUN Gardening Scissors 6.5 Inch Hand Pruner Pruning Shear with Straight Stailess Steel Blades, Black and Green, 2-Pack","1","amazon.ca","Amazon","Calgary","Alberta","T2R 0B","Combined TCS+MTC","14.69","0.73","0","0","0","0","0","0","0","0","-0.73","-2.20","-6.12","0","0","6.37","Released","Apr 1, 2026 2:08:11 a.m. PDT"
"Apr 1, 2026 2:08:38 a.m. PDT","25978195091","Order","701-0730379-5707442","305131-PENK","VIVOSUN Digital pH Meter, 0.01pH High Accuracy Pen Type pH Tester for Hydroponics, Household Drinking, Pool and Aquarium, Yellow, UL Certified","1","amazon.ca","Amazon","MONTREAL","Quebec","H1X 2G","Combined TCS+MTC","15.99","2.39","0","0","0","0","0","0","0","0","-2.39","-1.92","-6.12","0","0","7.95","Released","Apr 1, 2026 2:08:38 a.m. PDT"
"Apr 1, 2026 2:08:50 a.m. PDT","25978195091","Order","702-4301068-6857800","PS-002K","VIVOSUN Gardening Scissors 6.5 Inch Hand Pruner Pruning Shear with Straight Stailess Steel Blades, Black and Green, 1-Pack","1","amazon.ca","Amazon","Calgary","Alberta","T3R 0R","Combined TCS+MTC","9.49","0.47","0","0","0","0","0","0","0","0","-0.47","-1.42","-3.61","0","0","4.46","Released","Apr 1, 2026 2:08:50 a.m. PDT"
"Apr 1, 2026 2:15:12 a.m. PDT","25978195091","Refund","701-4466106-9727424","305130-PENK","VIVOSUN pH and TDS Meter Combo, 0.05ph High Accuracy Pen Type pH Meter ± 2% Readout Accuracy 3-in-1 TDS EC Temperature Meter for Hydroponics, Househo","1","amazon.ca","Amazon","Red Deer","Alberta","T4N 3B","Combined TCS+MTC","-23.99","-1.20","0","0","0","0","0","0","0","0","1.20","2.30","0","0","0","-21.69","Released","Apr 1, 2026 2:15:12 a.m. PDT"
"Apr 1, 2026 2:19:14 a.m. PDT","25978195091","Order","702-7731905-2845036","Spray-SX-CS4K","VIVOSUN 1 Gallon Pump Pressure Sprayer, 4L Pressurized Lawn & Garden Water Spray Bottle with 3 Water Nozzles, Adjustable Shoulder Strap, Pressure Reli","1","amazon.ca","Amazon","Alliston","Ontario","L9R 1N","Combined TCS+MTC","39.59","5.15","0","0","0","0","0","0","0","0","-5.15","-5.94","-11.25","0","0","22.40","Released","Apr 1, 2026 2:19:14 a.m. PDT"
"Apr 1, 2026 2:19:50 a.m. PDT","25978195091","Order","701-2381781-8188202","332022-2K","VIVOSUN 2-Pack 30X 60X Illuminated Jewelers Loupe Foldable Magnifier with LED Light for Jewelry Gems Watches Coins Stamps Antiques Black","1","amazon.ca","Amazon","Port Perry","Ontario","L9L 1N","Combined TCS+MTC","17.99","2.34","0","0","0","0","0","0","0","0","-2.34","-2.16","-6.12","0","0","9.71","Released","Apr 1, 2026 2:19:50 a.m. PDT"
"Apr 1, 2026 2:21:43 a.m. PDT","25978195091","Order","701-1832474-0276219","330101x2K","VIVOSUN 2 Pack Durable Waterproof Seedling Heat Mat 10"" x 20.75"" UL & MET-Certified Warm Hydroponic Heating Pad for Germination, Indoor Gardening, Gre","1","amazon.ca","Amazon","Winnipeg","Manitoba","R3M 0H","Combined TCS+MTC","32.39","3.89","0","0","0","0","0","0","0","0","-3.89","-4.86","-7.95","0","0","19.58","Released","Apr 1, 2026 2:21:43 a.m. PDT"
"Apr 1, 2026 2:23:36 a.m. PDT","25978195091","Order","702-6982536-6561804","VSF-AWE9K","VIVOSUN AeroWave E9 Grow Tent Fan 9"", Black","1","amazon.ca","Amazon","Winnipeg","Manitoba","R3N 1J","Combined TCS+MTC","71.99","8.64","0","0","0","0","0","0","0","0","-8.64","-10.80","-11.52","0","0","49.67","Released","Apr 1, 2026 2:23:36 a.m. PDT"
"Apr 1, 2026 2:23:45 a.m. PDT","25978195091","Order","701-8250170-6401850","330102K","VIVOSUN Durable Waterproof Seedling Heat Mat 20"" x 20.75"" UL & MET-Certified Warm Hydroponic Heating Pad for Germination, Indoor Gardening, Greenhouse","1","amazon.ca","Amazon","Collingwood","Ontario","L9Y 0W","Combined TCS+MTC","32.39","4.21","0","0","0","0","0","0","0","0","-4.21","-4.86","-14.21","0","0","13.32","Released","Apr 1, 2026 2:23:45 a.m. PDT"
"Apr 1, 2026 2:24:08 a.m. PDT","25978195091","Order","701-4758552-0432243","304113-22K","VIVOSUN S224 2x2 Grow Tent, 24""x24""x48"" High Reflective Mylar with Observation Window and Floor Tray for Hydroponics Indoor Plant for VS1000","1","amazon.ca","Amazon","Oro-Medonte","Ontario","L0L 2L","Combined TCS+MTC","98.99","12.87","0","0","0","0","0","0","0","0","-12.87","-14.85","-18.81","0","0","65.33","Released","Apr 1, 2026 2:24:08 a.m. PDT"
"Apr 1, 2026 2:26:59 a.m. PDT","25978195091","Order","702-9657250-2577852","306109-48K","VIVOSUN 4 Inch 8 Feet Black Non-Insulated Flex Air Aluminum Ducting for HVAC Ventilation w/Two 4 Inch Stainless Steel Clamps","1","amazon.ca","Amazon","Saint-Hubert","Quebec","J3Y 5N","Combined TCS+MTC","17.99","2.69","0","0","0","0","0","0","0","0","-2.69","-2.70","-7.28","0","0","8.01","Released","Apr 1, 2026 2:26:59 a.m. PDT"
"Apr 1, 2026 2:27:22 a.m. PDT","25978195091","Order","702-6150918-6363403","330101-01K","VIVOSUN Durable Waterproof Seedling Heat Mat 10"" x 20.75"" UL & MET-Certified Warm Hydroponic Heating Pad for Germination, Indoor Gardening, Greenhouse","1","amazon.ca","Amazon","Candiac","Quebec","J5R 6S","Combined TCS+MTC","17.99","2.69","0","0","0","0","0","0","0","0","-2.69","-2.70","-6.63","0","0","8.66","Released","Apr 1, 2026 2:27:22 a.m. PDT"
"Apr 1, 2026 2:33:43 a.m. PDT","25978195091","Order","701-7668994-3813840","SPray-1L-BGK","VIVOSUN Handheld Garden Sprayer, 1L Pump Sprayer, 34oz Water Spray Bottle with Safety Valve, Adjustable Nozzle, Extended Spray Rod & Additional Seals,","1","amazon.ca","Amazon","Rocky View County","Alberta","T4C 2Y","Combined TCS+MTC","29.99","1.50","0","0","0","0","0","0","0","0","-1.50","-4.50","-8.42","0","0","17.07","Released","Apr 1, 2026 2:33:43 a.m. PDT"
"Apr 1, 2026 2:34:54 a.m. PDT","25978195091","Order","702-7155432-9311434","311001-20x5K","VIVOSUN 5-Pack 20 Gallons Grow Bags Heavy Duty Thickened Nonwoven Fabric Pots with Handles","1","amazon.ca","Amazon","Calgary","Alberta","T3A 4R","Combined TCS+MTC","29.69","1.48","0","0","0","0","0","0","0","0","-1.48","-4.45","-10.08","0","0","15.16","Released","Apr 1, 2026 2:34:54 a.m. PDT"
"Apr 1, 2026 2:35:02 a.m. PDT","25978195091","Order","702-1043819-8223462","332572K","VIVOSUN 800GPH Submersible Pump(3000L/H, 24W), Ultra Quiet Water Pump with 10ft High Lift, Fountain Pump with 5ft Power Cord, 3 Nozzles for Fish Tank,","1","amazon.ca","Amazon","Calgary","Alberta","T3K 4Y","Combined TCS+MTC","32.39","1.62","3.92","0","0","0","0","0","-3.92","0","-1.62","-4.86","-8.11","0","0","19.42","Released","Apr 1, 2026 2:35:02 a.m. PDT"
"Apr 1, 2026 2:35:19 a.m. PDT","25978195091","Order","701-0574071-1905068","330101-01K","VIVOSUN Durable Waterproof Seedling Heat Mat 10"" x 20.75"" UL & MET-Certified Warm Hydroponic Heating Pad for Germination, Indoor Gardening, Greenhouse","2","amazon.ca","Amazon","Calgary","Alberta","T3A 5T","Combined TCS+MTC","35.98","1.80","0","0","0","0","0","0","0","0","-1.80","-5.40","-13.26","0","0","17.32","Released","Apr 1, 2026 2:35:19 a.m. PDT"
"Apr 1, 2026 2:37:39 a.m. PDT","25978195091","Order","701-6470613-5237808","311001-15x5K","VIVOSUN 5-Pack 15 Gallon Grow Bags Heavy Duty 300G Thickened Nonwoven Plant Fabric Pots with Handles","1","amazon.ca","Amazon","Penhold","Alberta","T0M 1R","Combined TCS+MTC","26.99","1.35","0","0","0","0","0","0","0","0","-1.35","-4.05","-10.26","0","0","12.68","Released","Apr 1, 2026 2:37:39 a.m. PDT"
"Apr 1, 2026 2:37:58 a.m. PDT","25978195091","Order","701-2281239-9242602","VSGB-10K","VIVOSUN 5-Pack 10 Gallon Grow Bags, 500G Thick Nonwoven Fabric Pots with Strap Handles, Multi-Purpose Rings, for Low Stress Plant Training Fruits, Veg","1","amazon.ca","Amazon","Langley","British Columbia","V2Y 1H","Combined TCS+MTC","30.59","3.67","6.99","0","0","0","0","0","-6.99","0","-3.67","-4.59","-11.36","0","0","14.64","Released","Apr 1, 2026 2:37:58 a.m. PDT"
"Apr 1, 2026 2:39:54 a.m. PDT","25978195091","Order","701-0223728-8420227","Spray-SX-CS5K","VIVOSUN 1.3 Gallon Pump Pressure Sprayer, 5L Pressurized Lawn & Garden Water Spray Bottle with 3 Water Nozzles, Adjustable Shoulder Strap, Pressure Re","1","amazon.ca","Amazon","Calgary","Alberta","T3A 6K","Combined TCS+MTC","41.39","2.07","6.99","0","0","0","0","0","-6.99","0","-2.07","-6.21","-11.43","0","0","23.75","Released","Apr 1, 2026 2:39:54 a.m. PDT"
"Apr 1, 2026 2:48:10 a.m. PDT","25978195091","Order","701-2356952-9926624","VSL-T5B2WC4-US","VIVOSUN T5 Grow Lights for Indoor Plants, 5000K Full Spectrum 60W (4 x 15W), 2FT LED Plant Light Strip with Timer & Dimming Controller for Seed Starti","1","amazon.ca","Amazon","Newmarket","Ontario","L3X 1R","","72.01","0","0","0","0","0","0","0","0","0","0","-10.80","-20.88","0","0","40.33","Released","Apr 1, 2026 2:48:10 a.m. PDT"
"Apr 1, 2026 2:52:53 a.m. PDT","25978195091","Order","702-9697729-9704267","332572K","VIVOSUN 800GPH Submersible Pump(3000L/H, 24W), Ultra Quiet Water Pump with 10ft High Lift, Fountain Pump with 5ft Power Cord, 3 Nozzles for Fish Tank,","1","amazon.ca","Amazon","Rocky View County","Alberta","T4B 2Z","Combined TCS+MTC","32.39","1.62","0","0","0","0","0","0","0","0","-1.62","-4.86","-8.25","0","0","19.28","Released","Apr 1, 2026 2:52:53 a.m. PDT"
"Apr 1, 2026 2:53:22 a.m. PDT","25978195091","Order","701-0777067-3798661","311021-1x5K","VIVOSUN 5-Pack 1 Gallon Grow Bags Heavy Duty 300G Thickened Nonwoven Plant Fabric Pots with Handles Tan","3","amazon.ca","Amazon","Calgary","Alberta","T3G 5P","Combined TCS+MTC","45.87","2.28","0","0","0","0","0","0","0","0","-2.28","-6.87","-21.84","0","0","17.16","Released","Apr 1, 2026 2:53:22 a.m. PDT"
"Apr 1, 2026 2:53:52 a.m. PDT","25978195091","Order","701-0467629-6689008","330101-01K","VIVOSUN Durable Waterproof Seedling Heat Mat 10"" x 20.75"" UL & MET-Certified Warm Hydroponic Heating Pad for Germination, Indoor Gardening, Greenhouse","1","amazon.ca","Amazon","Golden","British Columbia","V0A 1H","Combined TCS+MTC","17.99","2.16","0","0","0","0","0","0","0","0","-2.16","-2.70","-6.73","0","0","8.56","Released","Apr 1, 2026 2:53:52 a.m. PDT"
"Apr 1, 2026 3:04:32 a.m. PDT","25978195091","Order","701-7351545-0411459","306104-4CK","VIVOSUN 4 Inch 25 Feet Non-Insulated Flex Air Aluminum Duct for Ventilation, 2 Clamps Included","1","amazon.ca","Amazon","Surrey","British Columbia","V3T 0C","Combined TCS+MTC","24.99","3.00","0","0","0","0","0","0","0","0","-3.00","-3.75","-8.66","0","0","12.58","Released","Apr 1, 2026 3:04:32 a.m. PDT"
"Apr 1, 2026 3:13:06 a.m. PDT","25978195091","Order","702-9569843-8854641","YOYO-003K","VIVOSUN 12 PCS Retractable Plant Yoyo with Stopper for Grow Support in Tent Garden or Hydroponics,Yellow","1","amazon.ca","Amazon","Calgary","Alberta","T2J 6R","Combined TCS+MTC","17.54","0.88","0","0","0","0","0","0","0","0","-0.88","-2.63","-7.28","0","0","7.63","Released","Apr 1, 2026 3:13:06 a.m. PDT"
"Apr 1, 2026 3:13:41 a.m. PDT","25978195091","Order","702-8666095-9349805","VSF-AWE6-G2K","VIVOSUN AeroWave E6 Gen2, Grow Tent Clip Fan 6"", EC Motor, Smart Control, Powerful Oscillating Fan, Local Timer, Weatherproof IP54, for Hydroponics Ci","1","amazon.ca","Amazon","London","Ontario","N5X 4P","Combined TCS+MTC","59.99","7.80","0","0","0","0","0","0","0","0","-7.80","-9.00","-11.46","0","0","39.53","Released","Apr 1, 2026 3:13:41 a.m. PDT"
"Apr 1, 2026 3:18:18 a.m. PDT","25978195091","Order","702-5428381-1301823","330101-01K","VIVOSUN Durable Waterproof Seedling Heat Mat 10"" x 20.75"" UL & MET-Certified Warm Hydroponic Heating Pad for Germination, Indoor Gardening, Greenhouse","1","amazon.ca","Amazon","Maple Ridge","British Columbia","V2W 2C","Combined TCS+MTC","17.99","2.16","6.99","0.84","0","0","0","0","0","0","-3.00","-2.70","-14.68","0","0","7.60","Released","Apr 1, 2026 3:18:18 a.m. PDT"
"Apr 1, 2026 3:18:58 a.m. PDT","25978195091","Order","702-1804419-3430628","VSF-AWE6W-G2K","VIVOSUN AeroWave E6 Grow Tent Fan 6"", EC Motor, Smart Wifi Control, US Patented Auto Oscillating Clip fan, Weatherproof IP-54, Strong Airflow but Quie","1","amazon.ca","Amazon","Cochrane","Alberta","T4C 0W","Combined TCS+MTC","62.99","3.15","0","0","0","0","0","0","0","0","-3.15","-9.45","-10.71","0","0","42.83","Released","Apr 1, 2026 3:18:58 a.m. PDT"
"Apr 1, 2026 3:20:19 a.m. PDT","25978195091","Order","701-0710919-6087438","GB0100K","VIVOSUN 5 Tier Vertical Gardening Stackable Planter for Strawberries, Flowers, Herbs, Vegetables Ivory","1","amazon.ca","Amazon","Victoria","British Columbia","V8N 1Y","Combined TCS+MTC","47.99","5.76","0","0","0","0","0","0","0","0","-5.76","-7.20","-18.35","0","0","22.44","Released","Apr 1, 2026 3:20:19 a.m. PDT"
"Apr 1, 2026 3:22:32 a.m. PDT","25978195091","Order","701-7050462-2685836","311001-15x5K","VIVOSUN 5-Pack 15 Gallon Grow Bags Heavy Duty 300G Thickened Nonwoven Plant Fabric Pots with Handles","1","amazon.ca","Amazon","Calgary","Alberta","T3L 0K","Combined TCS+MTC","26.99","1.35","2.33","0","0","0","0","0","-2.33","0","-1.35","-4.05","-10.26","0","0","12.68","Released","Apr 1, 2026 3:22:32 a.m. PDT"
"Apr 1, 2026 3:24:45 a.m. PDT","25978195091","Order","702-7920822-0622654","TN-44K","VIVOSUN 4 x 4Ft. Elastic Trellis Netting with 4 Hooks for Climbing Plants, Vegetables, Fruits, and Flowers, 1-Pack","1","amazon.ca","Amazon","Winnipeg","Manitoba","R2N0H","Combined TCS+MTC","25.99","3.12","0","0","0","0","0","0","0","0","-3.12","-3.90","-6.63","0","0","15.46","Released","Apr 1, 2026 3:24:45 a.m. PDT"
"Apr 1, 2026 3:26:36 a.m. PDT","25978195091","Order","702-3495437-3951441","330101-01K","VIVOSUN Durable Waterproof Seedling Heat Mat 10"" x 20.75"" UL & MET-Certified Warm Hydroponic Heating Pad for Germination, Indoor Gardening, Greenhouse","1","amazon.ca","Amazon","Abbotsford","British Columbia","V3G 2X","Combined TCS+MTC","17.99","2.16","3.50","0","0","0","0","0","-3.50","0","-2.16","-2.70","-7.20","0","0","8.09","Released","Apr 1, 2026 3:26:36 a.m. PDT"
"Apr 1, 2026 3:28:01 a.m. PDT","25978195091","Order","702-0809824-9603413","RP-001K","VIVOSUN Self-Watering Planters, 4-Pack 10.5 Inch Compact Rectangular Window Herb Planter Box with 10 PCS Plant Labels, Plant Container for Basil, Flow","1","amazon.ca","Amazon","Burnaby","BC","V5J 1T","Combined TCS+MTC","35.99","4.32","6.99","0","0","0","0","0","-6.99","0","-4.32","-5.40","-11.75","0","0","18.84","Released","Apr 1, 2026 3:28:01 a.m. PDT"
"Apr 1, 2026 3:31:52 a.m. PDT","25978195091","Order","701-7645582-5393849","332823K","VIVOSUN 164 Feet (50m) PE-Coated Twist Ties, Garden Plant Ties with Cutter for Gardening, Outdoor Garden Twine Reuseable for Climbing Supporting Plant","1","amazon.ca","Amazon","Calgary","Alberta","T3K 1T","Combined TCS+MTC","10.61","0.53","0","0","0","0","0","0","0","0","-0.53","-1.59","-5.07","0","0","3.95","Released","Apr 1, 2026 3:31:52 a.m. PDT"
"Apr 1, 2026 3:31:56 a.m. PDT","25978195091","Order","702-2957713-5473037","311001-25x10K","VIVOSUN 10-Pack 25 Gallon Grow Bags Heavy Duty 300G Thickened Nonwoven Plant Fabric Pots with Handles","1","amazon.ca","Amazon","Calgary","Alberta","T2W 2K","Combined TCS+MTC","53.99","2.70","0","0","0","0","0","0","0","0","-2.70","-8.10","-13.32","0","0","32.57","Released","Apr 1, 2026 3:31:56 a.m. PDT"
"Apr 1, 2026 3:33:24 a.m. PDT","25978195091","Order","702-1533240-3072222","332572K","VIVOSUN 800GPH Submersible Pump(3000L/H, 24W), Ultra Quiet Water Pump with 10ft High Lift, Fountain Pump with 5ft Power Cord, 3 Nozzles for Fish Tank,","1","amazon.ca","Amazon","Calgary","Alberta","T2V 3G","Combined TCS+MTC","32.39","1.62","0","0","0","0","0","0","0","0","-1.62","-4.86","-8.11","0","0","19.42","Released","Apr 1, 2026 3:33:24 a.m. PDT"
"Apr 1, 2026 3:36:47 a.m. PDT","25978195091","Order","702-3506246-7961815","311001-3*5K","VIVOSUN 5-Pack 3 Gallons Grow Bags Heavy Duty Thickened Nonwoven Fabric Pots with Handles","1","amazon.ca","Amazon","Surrey","British Columbia","V3S 8H","Combined TCS+MTC","17.99","2.16","0","0","0","0","0","0","0","0","-8.64","-10.80","-8.11","0","0","-7.40","Released","Apr 1, 2026 3:36:47 a.m. PDT"
"Apr 1, 2026 3:36:47 a.m. PDT","25978195091","Order","702-3506246-7961815","311001-3*5K","VIVOSUN 5-Pack 3 Gallons Grow Bags Heavy Duty Thickened Nonwoven Fabric Pots with Handles","1","amazon.ca","Amazon","Surrey","British Columbia","V3S 8H","","17.99","2.16","0","0","0","0","0","0","0","0","0","0","-8.11","0","0","12.04","Released","Apr 1, 2026 3:36:47 a.m. PDT"
"Apr 1, 2026 3:36:47 a.m. PDT","25978195091","Order","702-3506246-7961815","311001-3*5K","VIVOSUN 5-Pack 3 Gallons Grow Bags Heavy Duty Thickened Nonwoven Fabric Pots with Handles","1","amazon.ca","Amazon","Surrey","British Columbia","V3S 8H","","17.99","2.16","0","0","0","0","0","0","0","0","0","0","-8.11","0","0","12.04","Released","Apr 1, 2026 3:36:47 a.m. PDT"
"Apr 1, 2026 3:36:47 a.m. PDT","25978195091","Order","702-3506246-7961815","311001-3*5K","VIVOSUN 5-Pack 3 Gallons Grow Bags Heavy Duty Thickened Nonwoven Fabric Pots with Handles","1","amazon.ca","Amazon","Surrey","British Columbia","V3S 8H","","17.99","2.16","0","0","0","0","0","0","0","0","0","0","-8.11","0","0","12.04","Released","Apr 1, 2026 3:36:47 a.m. PDT"
"Apr 1, 2026 3:49:41 a.m. PDT","25978195091","Order","701-8264446-4353059","RC-0001K","VIVOSUN 1.6"" Rockwool Cubes, 28 Plugs Stonewool Starter Grow Cubes for Cuttings, Cloning, Plant Propagation, Seed Starting, Hydroponic Grow Media for","1","amazon.ca","Amazon","Cochrane","Alberta","T4C 1Z","Combined TCS+MTC","13.99","0.70","0","0","0","0","0","0","0","0","-0.70","-2.10","-6.32","0","0","5.57","Released","Apr 1, 2026 3:49:41 a.m. PDT"
"Apr 1, 2026 3:53:29 a.m. PDT","25978195091","Order","702-6982536-6561804","VSF-AWE9K","VIVOSUN AeroWave E9 Grow Tent Fan 9"", Black","1","amazon.ca","Amazon","Winnipeg","Manitoba","R3N 1J","Combined TCS+MTC","71.99","8.64","0","0","0","0","0","0","0","0","-8.64","-10.80","-11.52","0","0","49.67","Released","Apr 1, 2026 3:53:29 a.m. PDT"
"Apr 1, 2026 3:53:51 a.m. PDT","25978195091","Order","701-3980991-6439467","311003-4K","VIVOSUN 6.5 Inch Gardening Scissors Hand Pruner Pruning Shear with Straight Stainless Steel Blades Orange 1-Pack","1","amazon.ca","Amazon","Richmond","British Columbia","V6Y 4E","Combined TCS+MTC","9.59","1.15","0","0","0","0","0","0","0","0","-1.15","-1.44","-3.86","0","0","4.29","Released","Apr 1, 2026 3:53:51 a.m. PDT"
"Apr 1, 2026 3:53:55 a.m. PDT","25978195091","Order","702-5961144-9450637","HSB950-1800LK","VIVOSUN 480GPH Submersible Pump(1800L/H, 25W), Ultra Quiet Water Pump with 7.2ft High Lift, Fountain Pump with 5ft Power Cord, 3 Nozzles for Fish Tank","1","amazon.ca","Amazon","Winnipeg","Manitoba","R2V 5C","Combined TCS+MTC","29.69","3.56","0","0","0","0","0","0","0","0","-3.56","-4.45","-7.71","0","0","17.53","Released","Apr 1, 2026 3:53:55 a.m. PDT"
"Apr 1, 2026 4:08:05 a.m. PDT","25978195091","Order","702-1124658-2985863","CBIN-BLO-43K","VIVOSUN Outdoor Tumbling Composter Dual Rotating Batch Compost Bin, 43 Gallon Orange Door","1","amazon.ca","Amazon","Dryden","Ontario","P8N 2J","Combined TCS+MTC","109.99","14.30","0","0","0","0","0","0","0","0","-14.30","-16.50","-27.55","0","0","65.94","Released","Apr 1, 2026 4:08:05 a.m. PDT"
"Apr 1, 2026 4:11:54 a.m. PDT","25978195091","Order","701-8119340-7902627","GH-A22SJ","VIVOSUN GrowHub A22 with Temperature & Humidity Sensor Probe","1","amazon.ca","Amazon","Saskatoon","Saskatchewan","S7M 2B","","61.08","0","0","0","0","0","0","0","0","0","0","-7.33","-10.26","0","0","43.49","Released","Apr 1, 2026 4:11:54 a.m. PDT"
"Apr 1, 2026 4:20:11 a.m. PDT","25978195091","Order","702-3430287-9005827","311003-5X2K","VIVOSUN 2-Pack Curved Gardening Scissors 6.5 Inch Hand Pruner Shear with Titanium Coated Precision Blades (Curved Blades)","1","amazon.ca","Amazon","Strathmore","Alberta","T1P 1C","Combined TCS+MTC","14.49","0.72","0","0","0","0","0","0","0","0","-0.72","-2.17","-6.07","0","0","6.25","Released","Apr 1, 2026 4:20:11 a.m. PDT"
"Apr 1, 2026 4:22:53 a.m. PDT","25978195091","Order","701-8171224-0099451","306119K","VIVOSUN Variable Fan Speed Controller, Speed Adjuster for Inline Duct Fan in Ventilation System","1","amazon.ca","Amazon","Edmonton","Alberta","T6L 4K","Combined TCS+MTC","33.99","1.70","0","0","0","0","0","0","0","0","-1.70","-5.10","-7.61","0","0","21.28","Released","Apr 1, 2026 4:22:53 a.m. PDT"
"Apr 1, 2026 4:23:42 a.m. PDT","25978195091","Refund","702-8654561-9182605","332572K","VIVOSUN 800GPH Submersible Pump(3000L/H, 24W), Ultra Quiet Water Pump with 10ft High Lift, Fountain Pump with 5ft Power Cord, 3 Nozzles for Fish Tank,","1","amazon.ca","Amazon","Ste-Marguerite-De-Dorchester","Quebec","G0S 2X","Combined TCS+MTC","-39.99","-5.99","0","0","0","0","0","0","0","0","5.99","4.80","0","0","0","-35.19","Released","Apr 1, 2026 4:23:42 a.m. PDT"
"Apr 1, 2026 4:33:56 a.m. PDT","25978195091","Order","702-2701335-1446638","311021-30x5K","VIVOSUN 5-Pack 30 Gallon Grow Bags Heavy Duty 300G Thickened Nonwoven Plant Fabric Pots with Handles Tan","1","amazon.ca","Amazon","Port Alberni","British Columbia","V9Y 8K","Combined TCS+MTC","35.99","4.32","0","0","0","0","0","0","0","0","-4.32","-5.40","-10.62","0","0","19.97","Released","Apr 1, 2026 4:33:56 a.m. PDT"
"Apr 1, 2026 4:49:28 a.m. PDT","25978195091","Order","702-8626910-7616254","HSB950-1800LK","VIVOSUN 480GPH Submersible Pump(1800L/H, 25W), Ultra Quiet Water Pump with 7.2ft High Lift, Fountain Pump with 5ft Power Cord, 3 Nozzles for Fish Tank","1","amazon.ca","Amazon","West Vancouver","BC","V7V 3G","Combined TCS+MTC","29.69","3.56","0","0","0","0","0","0","0","0","-3.56","-4.45","-8.25","0","0","16.99","Released","Apr 1, 2026 4:49:28 a.m. PDT"
"Apr 1, 2026 4:50:16 a.m. PDT","25978195091","Order","702-0159548-0863448","RGB-0010-1K","VIVOSUN 3.6 x 1.3Ft Wooden Raised Garden Bed, 43.5 x 16 x 14 Inches, Outdoor Wood Planter Box with Screwdriver and a Liner for Gardening, Patio, Balco","1","amazon.ca","Amazon","Victoria","British Columbia","V8V 0H","Combined TCS+MTC","94.99","11.40","0","0","0","0","0","0","0","0","-11.40","-14.25","-24.63","0","0","56.11","Released","Apr 1, 2026 4:50:16 a.m. PDT"
"Apr 1, 2026 4:50:23 a.m. PDT","25978195091","Order","702-0858061-6082628","CBIN-BL-43K","VIVOSUN Tumbling Composter Dual Rotating Batch Compost Bin 43 Gallon Black","1","amazon.ca","Amazon","Burnaby","British Columbia","V5B 1H","Combined TCS+MTC","109.99","13.20","0","0","0","0","0","0","0","0","-13.20","-16.50","-27.09","0","0","66.40","Released","Apr 1, 2026 4:50:23 a.m. PDT"
"Apr 1, 2026 4:51:47 a.m. PDT","25978195091","Order","701-5424316-8322669","RGB-0011-GYK","VIVOSUN 3-Tier Metal Raised Garden Bed, 46"" x 46"" x 24"" Galvanized Steel Metal Outdoor Planter Box with Gloves and Scissors to Grow Flowers, Vegetable","1","amazon.ca","Amazon","Sherwood Park","Alberta","T8A 5P","Combined TCS+MTC","98.99","4.95","0","0","0","0","0","0","0","0","-4.95","-14.85","-25.25","0","0","58.89","Released","Apr 1, 2026 4:51:47 a.m. PDT"
"Apr 1, 2026 4:54:31 a.m. PDT","25978195091","Order","701-3250769-8306663","306201P-8K","VIVOSUN T8 8 Inch 720 CFM Inline Duct Ventilation Fan with Variable Speed Controller for Grow Tent","1","amazon.ca","Amazon","Barriere","British Columbia","V0E 1E","Combined TCS+MTC","125.99","15.12","0","0","0","0","0","0","0","0","-15.12","-18.90","-18.35","0","0","88.74","Released","Apr 1, 2026 4:54:31 a.m. PDT"
"Apr 1, 2026 5:06:58 a.m. PDT","25978195091","Order","702-4457358-0840233","306104-416K","VIVOSUN 4 Inch 16 Feet Non-Insulated Flex Air Aluminum Ducting for HVAC Ventilation with 2 Stainless Steel Clamps","1","amazon.ca","Amazon","Komoka","Ontario","N0L 1R","Combined TCS+MTC","17.99","2.34","1.75","0","0","0","0","0","-1.75","0","-2.34","-2.70","-9.68","0","0","5.61","Released","Apr 1, 2026 5:06:58 a.m. PDT"
"Apr 1, 2026 5:10:50 a.m. PDT","25978195091","Order","701-6056691-2798621","CBIN-BLO-43K","VIVOSUN Outdoor Tumbling Composter Dual Rotating Batch Compost Bin, 43 Gallon Orange Door","1","amazon.ca","Amazon","Florence","NS","B1Y1P","Combined TCS+MTC","109.99","15.40","0","0","0","0","0","0","0","0","-15.40","-16.50","-27.55","0","0","65.94","Released","Apr 1, 2026 5:10:50 a.m. PDT"
"Apr 1, 2026 5:12:36 a.m. PDT","25978195091","Order","702-9483864-5939400","311001-30x5K","VIVOSUN 5-Pack 30 Gallons Grow Bags Heavy Duty Thickened Nonwoven Fabric Pots with Handles","1","amazon.ca","Amazon","Springfield","Ontario","N0L 2J","Combined TCS+MTC","35.99","4.68","1.40","0","0","0","0","0","-1.40","0","-4.68","-5.40","-11.97","0","0","18.62","Released","Apr 1, 2026 5:12:36 a.m. PDT"
"Apr 1, 2026 5:12:50 a.m. PDT","25978195091","Order","701-0454369-0041046","311001-5x10K","VIVOSUN 10-Pack 5 Gallon Grow Bags Heavy Duty 300G Thickened Nonwoven Plant Fabric Pots with Handles","1","amazon.ca","Amazon","Dutton","Ontario","N0L 1J","Combined TCS+MTC","29.99","3.90","1.40","0","0","0","0","0","-1.40","0","-3.90","-4.50","-9.95","0","0","15.54","Released","Apr 1, 2026 5:12:50 a.m. PDT"
"Apr 1, 2026 5:28:51 a.m. PDT","25978195091","Order","702-4902378-6175456","311021-5x5KK","VIVOSUN 5-Pack 5 Gallon Grow Bags Heavy Duty 300G Thickened Nonwoven Plant Fabric Pots with Handles Tan","1","amazon.ca","Amazon","Stittsville","Ontario","K2S 0K","Combined TCS+MTC","18.89","2.46","3.50","0","0","0","0","0","-3.50","0","-2.46","-2.83","-7.59","0","0","8.47","Released","Apr 1, 2026 5:28:51 a.m. PDT"
"Apr 1, 2026 5:29:58 a.m. PDT","25978195091","Order","702-3860084-2665818","306109-8K","VIVOSUN 8 Inch 25 Feet Black Non-Insulated Flex Air Aluminum Ducting for HVAC Ventilation w/Two 8 Inch Stainless Steel Clamps","1","amazon.ca","Amazon","CHARLOTTETOWN","Prince Edward Island","C1E 2A","Combined TCS+MTC","39.99","6.00","0","0","0","0","0","0","0","0","-6.00","-6.00","-16.97","0","0","17.02","Released","Apr 1, 2026 5:29:58 a.m. PDT"
"Apr 1, 2026 5:40:09 a.m. PDT","25978195091","Order","701-6938673-5529031","311021-3x5K","VIVOSUN 5-Pack 3 Gallon Grow Bags Heavy Duty 300G Thickened Nonwoven Plant Fabric Pots with Handles Tan","1","amazon.ca","Amazon","Ottawa","Ontario","K2B 7J","Combined TCS+MTC","17.99","2.34","3.49","0","0","0","0","0","-3.49","0","-2.34","-2.70","-7.28","0","0","8.01","Released","Apr 1, 2026 5:40:09 a.m. PDT"
"Apr 1, 2026 5:41:19 a.m. PDT","25978195091","Order","701-0939628-3647400","330104K","VIVOSUN 3x20 Inches Durable Waterproof Seedling Heat Mat Warm Heating Pad for Kombucha Tea, Beer Brewing, Fermentation and Plant Germination","1","amazon.ca","Amazon","Montreal","Quebec","H1C 1B","Combined TCS+MTC","15.29","2.29","0","0","0","0","0","0","0","0","-2.29","-2.29","-6.07","0","0","6.93","Released","Apr 1, 2026 5:41:19 a.m. PDT"
"Apr 1, 2026 5:52:31 a.m. PDT","25978195091","Order","702-9671461-8725046","Spray-SX-CS4K","VIVOSUN 1 Gallon Pump Pressure Sprayer, 4L Pressurized Lawn & Garden Water Spray Bottle with 3 Water Nozzles, Adjustable Shoulder Strap, Pressure Reli","1","amazon.ca","Amazon","London","Ontario","N6K 1M","Combined TCS+MTC","39.59","5.15","6.99","0","0","0","0","0","-6.99","0","-5.15","-5.94","-11.25","0","0","22.40","Released","Apr 1, 2026 5:52:31 a.m. PDT"
"Apr 1, 2026 5:52:55 a.m. PDT","25978195091","Order","702-1467304-5796210","311021-20x5K","VIVOSUN 5-Pack 20 Gallon Grow Bags Heavy Duty 300G Thickened Nonwoven Plant Fabric Pots with Handles Tan","1","amazon.ca","Amazon","Thunder Bay","Ontario","P7G 1H","Combined TCS+MTC","29.69","3.86","0","0","0","0","0","0","0","0","-3.86","-4.45","-10.62","0","0","14.62","Released","Apr 1, 2026 5:52:55 a.m. PDT"
"Apr 1, 2026 6:14:09 a.m. PDT","25978195091","Refund","702-3035355-1085869","305131-PENK","VIVOSUN Digital pH Meter, 0.01pH High Accuracy Pen Type pH Tester for Hydroponics, Household Drinking, Pool and Aquarium, Yellow, UL Certified","1","amazon.ca","Amazon","Victoria","BC","V8T5E","Combined TCS+MTC","-15.99","-1.92","0","0","0","0","0","0","0","0","1.92","1.54","0","0","0","-14.45","Released","Apr 1, 2026 6:14:09 a.m. PDT"
"Apr 1, 2026 6:25:07 a.m. PDT","25978195091","Order","701-4351277-7341826","330101-01K","VIVOSUN Durable Waterproof Seedling Heat Mat 10"" x 20.75"" UL & MET-Certified Warm Hydroponic Heating Pad for Germination, Indoor Gardening, Greenhouse","1","amazon.ca","Amazon","Langley","British Columbia","V1M 2J","Combined TCS+MTC","17.99","2.16","0","0","0","0","0","0","0","0","-2.16","-2.70","-7.20","0","0","8.09","Released","Apr 1, 2026 6:25:07 a.m. PDT"
"Apr 1, 2026 6:35:07 a.m. PDT","25978195091","Order","701-6502188-1778641","SPray-70LK","VIVOSUN 1.8-Gallon Pump Sprayer, Pressurized Lawn & Garden Sprayer with Adjustable Shoulder Strap for Plants, Garden Watering and Household Cleaning","1","amazon.ca","Amazon","Breadalbane","New Brunswick","E5C 1N","Combined TCS+MTC","41.89","6.28","0","0","0","0","0","0","0","0","-6.28","-6.28","-16.97","0","0","18.64","Released","Apr 1, 2026 6:35:07 a.m. PDT"
"Apr 1, 2026 6:36:07 a.m. PDT","25978195091","Order","701-0705171-4314644","330103K","VIVOSUN Durable Waterproof Seedling Heat Mat 48"" x 20.75"" UL & MET-Certified Warm Hydroponic Heating Pad for Germination, Indoor Gardening, Greenhouse","1","amazon.ca","Amazon","Sainte-Elisabeth","Quebec","J0K 2J","Combined TCS+MTC","43.19","6.47","0","0","0","0","0","0","0","0","-6.47","-6.48","-16.35","0","0","20.36","Released","Apr 1, 2026 6:36:07 a.m. PDT"
"Apr 1, 2026 7:03:09 a.m. PDT","25978195091","Order","701-5732082-7271438","311001-7*5K","VIVOSUN 5-Pack 7 Gallon Grow Bags Heavy Duty 300G Thickened Nonwoven Plant Fabric Pots with Handles","2","amazon.ca","Amazon","Mississauga","Ontario","L5L 1Z","Combined TCS+MTC","45.96","5.98","6.99","0","0","0","0","0","-6.99","0","-5.98","-6.90","-15.64","0","0","23.42","Released","Apr 1, 2026 7:03:09 a.m. PDT"
"Apr 1, 2026 7:14:35 a.m. PDT","25978195091","Order","701-3760755-2769051","GB0100-2K","VIVOSUN 2-Pack 5 Tier Vertical Gardening Stackable Planter for Strawberries, Flowers, Herbs, Vegetables Ivory","1","amazon.ca","Amazon","Halifax","Nova Scotia","B3S 0J","Combined TCS+MTC","89.99","12.60","0","0","0","0","0","0","0","0","-12.60","-13.50","-20.19","0","0","56.30","Released","Apr 1, 2026 7:14:35 a.m. PDT"
"Apr 1, 2026 7:16:39 a.m. PDT","25978195091","Order","702-5961883-4397800","OUL-001-12K","VIVOSUN Outdoor LED Grow Lights, Waterproof String Grow Light, Full Spectrum Plant Growing Lights with 44Ft Adjustable Cord for Seedling, Veg, Flower","1","amazon.ca","Amazon","Airdrie","Alberta","T4B 3T","Combined TCS+MTC","94.99","4.75","0","0","0","0","0","0","0","0","-4.75","-14.25","-17.43","0","0","63.31","Released","Apr 1, 2026 7:16:39 a.m. PDT"
"Apr 1, 2026 7:27:24 a.m. PDT","25978195091","Order","702-5498889-3325842","305131-PENK","VIVOSUN Digital pH Meter, 0.01pH High Accuracy Pen Type pH Tester for Hydroponics, Household Drinking, Pool and Aquarium, Yellow, UL Certified","1","amazon.ca","Amazon","Edmonton","Alberta","T5T 6K","Combined TCS+MTC","15.99","0.80","0","0","0","0","0","0","0","0","-0.80","-1.92","-6.12","0","0","7.95","Released","Apr 1, 2026 7:27:24 a.m. PDT"
"Apr 1, 2026 7:29:36 a.m. PDT","25978195091","Order","702-5928898-4577059","Spray-SX-CS4K","VIVOSUN 1 Gallon Pump Pressure Sprayer, 4L Pressurized Lawn & Garden Water Spray Bottle with 3 Water Nozzles, Adjustable Shoulder Strap, Pressure Reli","1","amazon.ca","Amazon","Glencoe","Ontario","N0L 1M","Combined TCS+MTC","39.59","5.15","3.50","0","0","0","0","0","-3.50","0","-5.15","-5.94","-11.25","0","0","22.40","Released","Apr 1, 2026 7:29:36 a.m. PDT"
"Apr 1, 2026 7:32:04 a.m. PDT","25978195091","Order","701-3134205-1236264","VSK-GIYS448-CA","VIVOSUN Smart Grow Tent Kit, 4 × 4ft Smart Grow System, WiFi-Integrated Automatic Grow with Full Spectrum LED Grow Light 400W, Efficient Ventilation","1","amazon.ca","Amazon","Magog","Quebec","J1X 3W","Combined TCS+MTC","698.39","104.58","5.90","0","0","0","0","0","-5.90","0","-104.58","-104.76","-85.10","0","0","508.53","Released","Apr 1, 2026 7:32:04 a.m. PDT"
"Apr 1, 2026 7:32:58 a.m. PDT","25978195091","Order","702-6117543-2758611","304113-52K","VIVOSUN S538 5x2 Grow Tent, 60""x32""x80"" High Reflective Mylar with Observation Window and Floor Tray for Hydroponics Indoor Plant for VS2000/VSF4300","1","amazon.ca","Amazon","Val-Morin","Quebec","J0T 2R","Combined TCS+MTC","188.99","28.30","0","0","0","0","0","0","0","0","-28.30","-28.35","-50.26","0","0","110.38","Released","Apr 1, 2026 7:32:58 a.m. PDT"
"Apr 1, 2026 7:49:08 a.m. PDT","25978195091","Order","701-0671636-0022621","305131-PENK","VIVOSUN Digital pH Meter, 0.01pH High Accuracy Pen Type pH Tester for Hydroponics, Household Drinking, Pool and Aquarium, Yellow, UL Certified","1","amazon.ca","Amazon","Chicoutimi","Quebec","G7G 4W","Combined TCS+MTC","15.99","2.39","0","0","0","0","0","0","0","0","-2.39","-1.92","-6.12","0","0","7.95","Released","Apr 1, 2026 7:49:08 a.m. PDT"
"Apr 1, 2026 7:49:30 a.m. PDT","25978195091","Order","701-5751779-6134627","305131-PENK","VIVOSUN Digital pH Meter, 0.01pH High Accuracy Pen Type pH Tester for Hydroponics, Household Drinking, Pool and Aquarium, Yellow, UL Certified","1","amazon.ca","Amazon","London","ON","N6H 5P","Combined TCS+MTC","15.99","2.08","0","0","0","0","0","0","0","0","-2.08","-1.92","-6.12","0","0","7.95","Released","Apr 1, 2026 7:49:30 a.m. PDT"
"Apr 1, 2026 7:50:40 a.m. PDT","25978195091","Order","702-9915010-0685827","Spray-SX-CS4K","VIVOSUN 1 Gallon Pump Pressure Sprayer, 4L Pressurized Lawn & Garden Water Spray Bottle with 3 Water Nozzles, Adjustable Shoulder Strap, Pressure Reli","1","amazon.ca","Amazon","Shelburne","Nova Scotia","B0T 1W","Combined TCS+MTC","39.59","5.54","0","0","0","0","0","0","0","0","-5.54","-5.94","-11.25","0","0","22.40","Released","Apr 1, 2026 7:50:40 a.m. PDT"
"Apr 1, 2026 7:50:51 a.m. PDT","25978195091","Order","701-4482102-1574659","SPray-2L-BGK","VIVOSUN 0.5Gal Handheld Garden Sprayer, 2L Pump Sprayer, 68 Oz Water Spray Bottle with Safety Valve, Adjustable Nozzle, Extended Spray Rod & Additiona","1","amazon.ca","Amazon","Summerside","Prince Edward Island","C1N 4J","Combined TCS+MTC","34.71","5.21","0","0","0","0","0","0","0","0","-5.21","-5.21","-9.39","0","0","20.11","Released","Apr 1, 2026 7:50:51 a.m. PDT"
"Apr 1, 2026 7:51:09 a.m. PDT","25978195091","Order","702-0352241-3884278","311011-10K","VIVOSUN 5 Pack 10 Gallon Square Grow Bags, Thick Fabric Bags with Handles","1","amazon.ca","Amazon","Saint-Georges","Quebec","G5Y 6E","Combined TCS+MTC","26.99","4.04","3.26","0","0","0","0","0","-3.26","0","-4.04","-4.05","-8.85","0","0","14.09","Released","Apr 1, 2026 7:51:09 a.m. PDT"
"Apr 1, 2026 7:51:55 a.m. PDT","25978195091","Order","701-0705171-4314644","330103K","VIVOSUN Durable Waterproof Seedling Heat Mat 48"" x 20.75"" UL & MET-Certified Warm Hydroponic Heating Pad for Germination, Indoor Gardening, Greenhouse","1","amazon.ca","Amazon","Sainte-Elisabeth","Quebec","J0K 2J","Combined TCS+MTC","43.19","6.47","0","0","0","0","0","0","0","0","-6.47","-6.48","-16.35","0","0","20.36","Released","Apr 1, 2026 7:51:55 a.m. PDT"
"Apr 1, 2026 7:56:37 a.m. PDT","25978195091","Order","701-5526745-3181006","OUL-001-12K","VIVOSUN Outdoor LED Grow Lights, Waterproof String Grow Light, Full Spectrum Plant Growing Lights with 44Ft Adjustable Cord for Seedling, Veg, Flower","1","amazon.ca","Amazon","Sainte-Sophie-De-Levrard","Quebec","G0X 3C","Combined TCS+MTC","94.99","14.22","0","0","0","0","0","0","0","0","-14.22","-14.25","-17.43","0","0","63.31","Released","Apr 1, 2026 7:56:37 a.m. PDT"
"Apr 1, 2026 7:59:17 a.m. PDT","25978195091","Order","701-0510295-5206612","RP-001K","VIVOSUN Self-Watering Planters, 4-Pack 10.5 Inch Compact Rectangular Window Herb Planter Box with 10 PCS Plant Labels, Plant Container for Basil, Flow","1","amazon.ca","Amazon","Calgary","Alberta","T2R 1J","Combined TCS+MTC","35.99","1.80","2.33","0","0","0","0","0","-2.33","0","-1.80","-5.40","-10.98","0","0","19.61","Released","Apr 1, 2026 7:59:17 a.m. PDT"
"Apr 1, 2026 8:03:27 a.m. PDT","25978195091","Adjustment","","VSV-AZG6E42APRK","FBA Inventory Reimbursement - Lost:Warehouse","1","","","","","","","0","0","0","0","0","0","0","0","0","0","0","0","0","0","59.13","59.13","Released","Apr 1, 2026 8:03:27 a.m. PDT"
"Apr 1, 2026 8:07:33 a.m. PDT","25978195091","Order","701-5571072-1671439","330701-01K","VIVOSUN Heavy-Duty Polyester Plant Trellis Netting 5 x 15ft, 1 Pack","1","amazon.ca","Amazon","Kingsville","Ontario","N9Y 0G","Combined TCS+MTC","9.99","1.30","0","0","0","0","0","0","0","0","-1.30","-1.50","-3.61","0","0","4.88","Released","Apr 1, 2026 8:07:33 a.m. PDT"
"Apr 1, 2026 8:14:00 a.m. PDT","25978195091","Order","702-5219951-1820219","332582K","VIVOSUN 3567 GPH Submersible Water Pump, 130W Pond Pump, Ultra Quiet Aquarium Pump with 14.8FT Lift Height for Pond, Waterfall, Fish Tank, Statuary, H","1","amazon.ca","Amazon","Laval","Quebec","H7P 4C","Combined TCS+MTC","65.15","9.76","0","0","0","0","0","0","0","0","-9.76","-9.77","-11.43","0","0","43.95","Released","Apr 1, 2026 8:14:00 a.m. PDT"
"Apr 1, 2026 8:14:17 a.m. PDT","25978195091","Order","702-3686500-2269837","306104-416K","VIVOSUN 4 Inch 16 Feet Non-Insulated Flex Air Aluminum Ducting for HVAC Ventilation with 2 Stainless Steel Clamps","1","amazon.ca","Amazon","oshawa","Ontario","L1G 2K","Combined TCS+MTC","17.99","2.34","1.75","0","0","0","0","0","-1.75","0","-2.34","-2.70","-9.68","0","0","5.61","Released","Apr 1, 2026 8:14:17 a.m. PDT"
"Apr 1, 2026 8:15:06 a.m. PDT","25978195091","Order","702-3695081-3081866","311001-7*5K","VIVOSUN 5-Pack 7 Gallon Grow Bags Heavy Duty 300G Thickened Nonwoven Plant Fabric Pots with Handles","1","amazon.ca","Amazon","Torbay","Newfoundland","A1K 1H","Combined TCS+MTC","22.98","3.45","0","0","0","0","0","0","0","0","-3.45","-3.45","-7.82","0","0","11.71","Released","Apr 1, 2026 8:15:06 a.m. PDT"
"Apr 1, 2026 8:15:06 a.m. PDT","25978195091","Order","702-3695081-3081866","311003-4K","VIVOSUN 6.5 Inch Gardening Scissors Hand Pruner Pruning Shear with Straight Stainless Steel Blades Orange 1-Pack","1","amazon.ca","Amazon","Torbay","Newfoundland","A1K 1H","Combined TCS+MTC","9.99","1.50","0","0","0","0","0","0","0","0","-1.50","-1.50","-3.61","0","0","4.88","Released","Apr 1, 2026 8:15:06 a.m. PDT"
"Apr 1, 2026 8:15:06 a.m. PDT","25978195091","Order","702-3695081-3081866","305130-PENK","VIVOSUN pH and TDS Meter Combo, 0.05ph High Accuracy Pen Type pH Meter ± 2% Readout Accuracy 3-in-1 TDS EC Temperature Meter for Hydroponics, Househo","1","amazon.ca","Amazon","Torbay","Newfoundland","A1K 1H","Combined TCS+MTC","24.69","3.70","0","0","0","0","0","0","0","0","-3.70","-2.96","-6.12","0","0","15.61","Released","Apr 1, 2026 8:15:06 a.m. PDT"
"Apr 1, 2026 8:15:46 a.m. PDT","25978195091","Order","702-1847018-5211411","LOUPE-004K","VIVOSUN 30X Rechargeable Loupe Magnifier with White LED Light and UV Light, Portable Magnifying Glass with Optical Glass Lens & Scale for Jewelry, Tex","1","amazon.ca","Amazon","Regina","Saskatchewan","S4R 6V","Combined TCS+MTC","23.74","2.61","0","0","0","0","0","0","0","0","-2.61","-2.85","-6.12","0","0","14.77","Released","Apr 1, 2026 8:15:46 a.m. PDT"
"Apr 1, 2026 8:19:25 a.m. PDT","25978195091","Order","702-2906799-8365067","305131-PENK","VIVOSUN Digital pH Meter, 0.01pH High Accuracy Pen Type pH Tester for Hydroponics, Household Drinking, Pool and Aquarium, Yellow, UL Certified","1","amazon.ca","Amazon","Montreal","Quebec","H2G 2B","Combined TCS+MTC","15.99","2.39","0","0","0","0","0","0","0","0","-2.39","-1.92","-6.12","0","0","7.95","Released","Apr 1, 2026 8:19:25 a.m. PDT"
"Apr 1, 2026 8:19:42 a.m. PDT","25978195091","Order","701-9763045-1386661","GP0001-6K","VIVOSUN 50 Pcs 6 Inch Plastic Plant Nursery Pots, Seed Starting Pot, Flower Plant Container for Seedlings, Cuttings, Transplanting","1","amazon.ca","Amazon","Montréal","Québec","H1Y 2H","Combined TCS+MTC","31.49","4.72","0","0","0","0","0","0","0","0","-4.72","-4.72","-12.06","0","0","14.71","Released","Apr 1, 2026 8:19:42 a.m. PDT"
"Apr 1, 2026 8:20:13 a.m. PDT","25978195091","Order","701-5651397-3686615","332025K","VIVOSUN 3-Pack Jewelry Loupe, 30X/60X/90X Eye Loupe with UV/LED Lights, Foldable Magnifiers for Jewelry, Gems, Watches, Coins, and Stamps","1","amazon.ca","Amazon","Calgary","Alberta","T2T 0L","Combined TCS+MTC","26.99","1.35","0","0","0","0","0","0","0","0","-1.35","-3.24","-6.12","0","0","17.63","Released","Apr 1, 2026 8:20:13 a.m. PDT"
"Apr 1, 2026 8:26:28 a.m. PDT","25978195091","Refund","701-1854641-8650654","311001-5*5K","VIVOSUN 5-Pack 5 Gallons Grow Bags Heavy Duty Thickened Nonwoven Fabric Pots with Handles","1","amazon.ca","Amazon","Prince Twp","Ontario","P6A 6K","Combined TCS+MTC","-20.99","-2.73","-3.23","-0.42","0","0","0","0","0","0","3.15","2.52","3.23","0","0","-18.47","Released","Apr 1, 2026 8:26:28 a.m. PDT"
"Apr 1, 2026 8:26:44 a.m. PDT","25978195091","Order","702-1618093-5802619","Spray-SX-CS8K","VIVOSUN 2.1 Gal/8L Pump Sprayer, Garden Water Sprayer for Plants, Weeds & Lawn Care, with 3 Nozzles, 50'' Long Hose & Pressure Relief Valve","1","amazon.ca","Amazon","caledon","Ontario","L7C 3H","Combined TCS+MTC","53.09","6.90","5.90","0","0","0","0","0","-5.90","0","-6.90","-7.96","-16.97","0","0","28.16","Released","Apr 1, 2026 8:26:44 a.m. PDT"
"Apr 1, 2026 8:28:41 a.m. PDT","25978195091","Order","701-3524430-9170646","SPray-60LK","VIVOSUN 1.59-Gallon Pump Pressure Sprayer, Pressurized Lawn & Garden Water Spray Bottle with Adjustable Shoulder Strap, for Plants Spraying, Garden Wa","1","amazon.ca","Amazon","Abbotsford","BC","V4X2R","Combined TCS+MTC","37.59","4.51","0","0","0","0","0","0","0","0","-4.51","-5.64","-16.97","0","0","14.98","Released","Apr 1, 2026 8:28:41 a.m. PDT"
"Apr 1, 2026 8:30:42 a.m. PDT","25978195091","Order","701-4613707-0847453","VSK-GIYS224-CA","VIVOSUN GIY Smart Grow Tent System 2x2, WiFi-Integrated Grow Tent Kit, with Automate Ventilation and Circulation, Schedule Full Spectrum 100W LED Grow","1","amazon.ca","Amazon","Montreal","Quebec","H2W 2H","Combined TCS+MTC","422.99","63.34","0","0","0","0","0","0","0","0","-63.34","-63.45","-34.75","0","0","324.79","Released","Apr 1, 2026 8:30:42 a.m. PDT"
"Apr 1, 2026 8:32:40 a.m. PDT","25978195091","Order","702-6087387-5981848","311003-4K","VIVOSUN 6.5 Inch Gardening Scissors Hand Pruner Pruning Shear with Straight Stainless Steel Blades Orange 1-Pack","1","amazon.ca","Amazon","Beaconsfield","Quebec","H9W 4H","Combined TCS+MTC","9.59","1.44","0","0","0","0","0","0","0","0","-1.44","-1.44","-3.61","0","0","4.54","Released","Apr 1, 2026 8:32:40 a.m. PDT"
"Apr 1, 2026 8:34:03 a.m. PDT","25978195091","Order","702-5796094-7422633","305131K","VIVOSUN Soil Tester 3-in-1 Plant Moisture Meter Light and PH Tester for Home, Garden, Lawn, Farm, Indoor and Outdoor Use, Promote Plants Healthy Growt","1","amazon.ca","Amazon","Shawinigan","Quebec","G9T 6W","Combined TCS+MTC","10.99","1.65","2.93","0","0","0","0","0","-2.93","0","-1.65","-1.65","-5.56","0","0","3.78","Released","Apr 1, 2026 8:34:03 a.m. PDT"
"Apr 1, 2026 8:41:08 a.m. PDT","25978195091","Order","702-1267982-9840218","330103K","VIVOSUN Durable Waterproof Seedling Heat Mat 48"" x 20.75"" UL & MET-Certified Warm Hydroponic Heating Pad for Germination, Indoor Gardening, Greenhouse","1","amazon.ca","Amazon","Toronto","Ontario","M3B 2T","Combined TCS+MTC","43.19","5.61","0","0","0","0","0","0","0","0","-5.61","-6.48","-16.35","0","0","20.36","Released","Apr 1, 2026 8:41:08 a.m. PDT"
"Apr 1, 2026 8:42:30 a.m. PDT","25978195091","Order","702-4863171-6005049","305131K","VIVOSUN Soil Tester 3-in-1 Plant Moisture Meter Light and PH Tester for Home, Garden, Lawn, Farm, Indoor and Outdoor Use, Promote Plants Healthy Growt","1","amazon.ca","Amazon","Lethbridge","Alberta","T1K 5P","Combined TCS+MTC","10.99","0.55","0","0","0","0","0","0","0","0","-0.55","-1.65","-5.56","0","0","3.78","Released","Apr 1, 2026 8:42:30 a.m. PDT"
"Apr 1, 2026 8:47:43 a.m. PDT","25978195091","Order","702-4080552-3040242","GP0001-6K","VIVOSUN 50 Pcs 6 Inch Plastic Plant Nursery Pots, Seed Starting Pot, Flower Plant Container for Seedlings, Cuttings, Transplanting","1","amazon.ca","Amazon","Levis","Quebec","G6Z 8L","Combined TCS+MTC","31.49","4.72","0","0","0","0","0","0","0","0","-4.72","-4.72","-12.06","0","0","14.71","Released","Apr 1, 2026 8:47:43 a.m. PDT"
"Apr 1, 2026 8:48:09 a.m. PDT","25978195091","Order","701-5377578-6285060","PH002K","VIVOSUN 4-in-1 Digital pH Meter with ATC, pH/TDS/EC/Temp Function, ±0.1 pH Accuracy, 0-14.0 pH Measurement Range","1","amazon.ca","Amazon","Franquelin","Quebec","G0H 1E","Combined TCS+MTC","26.86","4.02","0","0","0","0","0","0","0","0","-4.02","-3.22","-6.12","0","0","17.52","Released","Apr 1, 2026 8:48:09 a.m. PDT"
"Apr 1, 2026 8:48:45 a.m. PDT","25978195091","Order","702-5891513-4296229","332823K","VIVOSUN 164 Feet (50m) PE-Coated Twist Ties, Garden Plant Ties with Cutter for Gardening, Outdoor Garden Twine Reuseable for Climbing Supporting Plant","1","amazon.ca","Amazon","Rimouski","Quebec","G5N 1C","Combined TCS+MTC","10.61","1.59","1.74","0.26","0","0","0","0","0","0","-1.85","-1.59","-6.81","0","0","3.95","Released","Apr 1, 2026 8:48:45 a.m. PDT"
"Apr 1, 2026 8:51:00 a.m. PDT","25978195091","Order","701-0702910-0281859","311021-2x5K","VIVOSUN 5-Pack 2 Gallon Grow Bags Heavy Duty 300G Thickened Nonwoven Plant Fabric Pots with Handles Tan","1","amazon.ca","Amazon","Tatamagouche","Nova Scotia","B0K 1V","Combined TCS+MTC","16.19","2.27","0","0","0","0","0","0","0","0","-2.27","-2.43","-6.63","0","0","7.13","Released","Apr 1, 2026 8:51:00 a.m. PDT"
"Apr 1, 2026 8:54:45 a.m. PDT","25978195091","Order","701-7317746-9686605","311011-7K","VIVOSUN 5 Pack 7 Gallon Square Grow Bags, Thick Fabric Bags with Handles","1","amazon.ca","Amazon","Telkwa","British Columbia","V0J 2X","Combined TCS+MTC","25.19","3.02","0","0","0","0","0","0","0","0","-6.04","-7.56","-8.66","0","0","5.95","Released","Apr 1, 2026 8:54:45 a.m. PDT"
"Apr 1, 2026 8:54:45 a.m. PDT","25978195091","Order","701-7317746-9686605","311011-7K","VIVOSUN 5 Pack 7 Gallon Square Grow Bags, Thick Fabric Bags with Handles","1","amazon.ca","Amazon","Telkwa","British Columbia","V0J 2X","","25.19","3.02","0","0","0","0","0","0","0","0","0","0","-8.66","0","0","19.55","Released","Apr 1, 2026 8:54:45 a.m. PDT"
"Apr 1, 2026 9:04:58 a.m. PDT","25978195091","Order","702-1217538-3133814","311001-5*5K","VIVOSUN 5-Pack 5 Gallons Grow Bags Heavy Duty Thickened Nonwoven Fabric Pots with Handles","1","amazon.ca","Amazon","Saskatoon","Saskatchewan","S7K 5E","Combined TCS+MTC","18.89","2.08","0","0","0","0","0","0","0","0","-6.24","-8.49","-7.59","0","0","-1.35","Released","Apr 1, 2026 9:04:58 a.m. PDT"
"Apr 1, 2026 9:04:58 a.m. PDT","25978195091","Order","702-1217538-3133814","311001-5*5K","VIVOSUN 5-Pack 5 Gallons Grow Bags Heavy Duty Thickened Nonwoven Fabric Pots with Handles","1","amazon.ca","Amazon","Saskatoon","Saskatchewan","S7K 5E","","18.89","2.08","0","0","0","0","0","0","0","0","0","0","-7.59","0","0","13.38","Released","Apr 1, 2026 9:04:58 a.m. PDT"
"Apr 1, 2026 9:04:58 a.m. PDT","25978195091","Order","702-1217538-3133814","311001-5*5K","VIVOSUN 5-Pack 5 Gallons Grow Bags Heavy Duty Thickened Nonwoven Fabric Pots with Handles","1","amazon.ca","Amazon","Saskatoon","Saskatchewan","S7K 5E","","18.89","2.08","0","0","0","0","0","0","0","0","0","0","-7.59","0","0","13.38","Released","Apr 1, 2026 9:04:58 a.m. PDT"
"Apr 1, 2026 9:05:49 a.m. PDT","25978195091","Order","701-6363293-1083455","304113-P426K","VIVOSUN P426 48""×24""×72"" PRO Grow Tent, with Thick 1 inch Poles, Strengthened High Reflective Mylar Oxford Fabric, Extra Hanging Bars & High CFM Kit","1","amazon.ca","Amazon","Bracebridge","Ontario","P1L 0N","Combined TCS+MTC","170.99","22.23","0","0","0","0","0","0","0","0","-22.23","-25.65","-26.63","0","0","118.71","Released","Apr 1, 2026 9:05:49 a.m. PDT"
"Apr 1, 2026 9:11:27 a.m. PDT","25978195091","Adjustment","702-9778487-8185016","307281-4K","FBA Inventory Reimbursement - Customer Return","1","","","","","","","0","0","0","0","0","0","0","0","0","0","0","0","0","0","39.65","39.65","Released","Apr 1, 2026 9:11:27 a.m. PDT"
"Apr 1, 2026 9:13:21 a.m. PDT","25978195091","Order","702-5273249-1313836","331101-4K","VIVOSUN 4 Inch Inline Duct Fan 100 CFM, HVAC Exhaust Ventilation Fan with Low Noise for Basements, Bathrooms, Kitchens and Attics, Silver","1","amazon.ca","Amazon","Saint-Ferdinand","Quebec","G0N 1N","Combined TCS+MTC","26.99","4.04","7.34","1.10","0","0","0","0","0","0","-5.14","-4.05","-16.73","0","0","13.55","Released","Apr 1, 2026 9:13:21 a.m. PDT"
"Apr 1, 2026 9:14:25 a.m. PDT","25978195091","Order","702-3789198-6888263","331101-4K","VIVOSUN 4 Inch Inline Duct Fan 100 CFM, HVAC Exhaust Ventilation Fan with Low Noise for Basements, Bathrooms, Kitchens and Attics, Silver","2","amazon.ca","Amazon","Arthur","Ontario","N0G 1A","Combined TCS+MTC","53.98","7.02","0","0","0","0","0","0","0","0","-7.02","-8.10","-18.78","0","0","27.10","Released","Apr 1, 2026 9:14:25 a.m. PDT"
"Apr 1, 2026 9:14:33 a.m. PDT","25978195091","Order","701-1415432-8921825","PH002K","VIVOSUN 4-in-1 Digital pH Meter with ATC, pH/TDS/EC/Temp Function, ±0.1 pH Accuracy, 0-14.0 pH Measurement Range","1","amazon.ca","Amazon","Quebec","Quebec","G2K 1S","Combined TCS+MTC","26.86","4.02","0","0","0","0","0","0","0","0","-4.02","-3.22","-6.12","0","0","17.52","Released","Apr 1, 2026 9:14:33 a.m. PDT"
"Apr 1, 2026 9:14:50 a.m. PDT","25978195091","Order","702-3323861-0702657","RP-002K","VIVOSUN Self-Watering Planters, 6-Pack 10.5 Inch Compact Rectangular Window Herb Planter Box with 10 PCS Plant Labels, Plant Container for Basil, Flow","1","amazon.ca","Amazon","Shannon","Quebec","G3S1L","Combined TCS+MTC","44.99","6.74","0","0","0","0","0","0","0","0","-6.74","-6.75","-11.61","0","0","26.63","Released","Apr 1, 2026 9:14:50 a.m. PDT"
"Apr 1, 2026 9:20:12 a.m. PDT","25978195091","Order","702-5252081-2077026","308151K","VIVOSUN Horticulture Highly Reflective Mylar Film Roll 4FT x 100FT 2 Mil","1","amazon.ca","Amazon","St. David's","Newfoundland","A0N 1X","Combined TCS+MTC","52.99","7.95","0","0","0","0","0","0","0","0","-7.95","-7.95","-16.05","0","0","28.99","Released","Apr 1, 2026 9:20:12 a.m. PDT"
"Apr 1, 2026 9:20:58 a.m. PDT","25978195091","Order","701-5507505-9769858","GB0100-2K","VIVOSUN 2-Pack 5 Tier Vertical Gardening Stackable Planter for Strawberries, Flowers, Herbs, Vegetables Ivory","1","amazon.ca","Amazon","Notre-Dame-De-L'Ile-Perrot","Quebec","J7W 3B","Combined TCS+MTC","89.99","13.48","0","0","0","0","0","0","0","0","-13.48","-13.50","-20.19","0","0","56.30","Released","Apr 1, 2026 9:20:58 a.m. PDT"
"Apr 1, 2026 9:21:10 a.m. PDT","25978195091","Order","701-5658917-9381839","304113-84K","VIVOSUN S848 4x8 Grow Tent 96""x48""x80"" High Reflective Mylar Tents with Observation Window and Floor Tray for Hydroponics Indoor Plant for VS4000/VSF4","1","amazon.ca","Amazon","Wilmot","Nova Scotia","B0P 1W","Combined TCS+MTC","229.35","32.11","0","0","0","0","0","0","0","0","-32.11","-34.40","-31.69","0","0","163.26","Released","Apr 1, 2026 9:21:10 a.m. PDT"
"Apr 1, 2026 9:21:15 a.m. PDT","25978195091","Order","701-6937473-7998631","SPray-100LK","VIVOSUN 2.64-Gallon Pump Pressure Sprayer, Pressurized Lawn & Garden Water Spray Bottle with Adjustable Shoulder Strap, for Plants Spraying, Garden Wa","1","amazon.ca","Amazon","Lyndhurst","Ontario","K0E 1N","Combined TCS+MTC","67.49","8.77","0","0","0","0","0","0","0","0","-8.77","-10.12","-17.43","0","0","39.94","Released","Apr 1, 2026 9:21:15 a.m. PDT"
"Apr 1, 2026 9:22:22 a.m. PDT","25978195091","Order","702-9917790-6342617","306101W-4K","VIVOSUN D4 4 Inch 195 CFM Inline Duct Ventilation Fan HVAC Vent Blower for Hydroponics Grow Tent","1","amazon.ca","Amazon","Aweres Twp","Ontario","P6A 5K","Combined TCS+MTC","37.79","4.91","0","0","0","0","0","0","0","0","-4.91","-5.67","-9.09","0","0","23.03","Released","Apr 1, 2026 9:22:22 a.m. PDT"
"Apr 1, 2026 9:24:00 a.m. PDT","25978195091","Order","702-4345746-9852218","330702-02K","VIVOSUN Heavy-Duty Polyester Plant Trellis Netting 5 x 30ft 1 Pack","1","amazon.ca","Amazon","Sault Ste. Marie","Ontario","P6C 1N","Combined TCS+MTC","15.99","2.08","0","0","0","0","0","0","0","0","-2.08","-2.40","-4.65","0","0","8.94","Released","Apr 1, 2026 9:24:00 a.m. PDT"
"Apr 1, 2026 9:24:04 a.m. PDT","25978195091","Order","S01-7385288-4802868","SPray-2L-BGK","VIVOSUN 0.5Gal Handheld Garden Sprayer, 2L Pump Sprayer, 68 Oz Water Spray Bottle with Safety Valve, Adjustable Nozzle, Extended Spray Rod & Additional Seals, Ideal for Watering, Fertilizing, Cleaning","1","siprod.stores.amazon.ca","Amazon","Amos","QC","J9T 4J","","0","0","0","0","0","0","0","0","0","0","0","0","-14.98","0","0","-14.98","Released","Apr 1, 2026 9:24:04 a.m. PDT"
"Apr 1, 2026 9:27:08 a.m. PDT","25978195091","Order","702-3210505-7416248","306101W-4K","VIVOSUN D4 4 Inch 195 CFM Inline Duct Ventilation Fan HVAC Vent Blower for Hydroponics Grow Tent","1","amazon.ca","Amazon","Sault Ste. Marie","Ontario","P6A 6M","Combined TCS+MTC","37.79","4.91","0","0","0","0","0","0","0","0","-4.91","-5.67","-9.09","0","0","23.03","Released","Apr 1, 2026 9:27:08 a.m. PDT"
"Apr 1, 2026 9:31:04 a.m. PDT","25978195091","Order","702-7444361-1497851","GH-A10K","VIVOSUN GrowHub Outlet Controller A10, Smart WiFi Outlet, Smart Plug, 15A 1800W, Remote Control, Compatible with Vivosun App for Grow Tent","1","amazon.ca","Amazon","Renfrew","Ontario","K7V 1E","Combined TCS+MTC","26.99","3.51","0","0","0","0","0","0","0","0","-3.51","-4.05","-5.92","0","0","17.02","Released","Apr 1, 2026 9:31:04 a.m. PDT"
"Apr 1, 2026 9:31:49 a.m. PDT","25978195091","Order","701-0100356-5473852","311005-3K","VIVOSUN 1.35-Gallon Pump Sprayer, Pressurized Lawn & Garden Sprayer with Adjustable Shoulder Strap for Plants, Garden Watering and Household Cleaning","1","amazon.ca","Amazon","Arnprior","Ontario","K7S 2J","Combined TCS+MTC","37.83","4.92","0","0","0","0","0","0","0","0","-4.92","-5.67","-11.34","0","0","20.82","Released","Apr 1, 2026 9:31:49 a.m. PDT"
"Apr 1, 2026 9:32:22 a.m. PDT","25978195091","Order","702-0518304-3923409","CBIN-H220K","VIVOSUN 220 Gallon Outdoor Compost Bin, Expandable Composter, Easy to Setup & Large Capacity for Backyard, Lawn (Black with Gloves)","1","amazon.ca","Amazon","Burnaby","British Columbia","V5B 1H","Combined TCS+MTC","34.01","4.08","0","0","0","0","0","0","0","0","-4.08","-5.10","-17.43","0","0","11.48","Released","Apr 1, 2026 9:32:22 a.m. PDT"
"Apr 1, 2026 9:32:30 a.m. PDT","25978195091","Order","701-6326518-4498604","RGB-0009K","VIVOSUN 3-Tier 3-Grid Wooden Raised Garden Bed, 42.5 x 34.5 x 15 Inches, Outdoor Elevated Wood Planter Box with Screwdriver for Gardens, Patios, Backy","1","amazon.ca","Amazon","Maple Ridge","British Columbia","V2W 0E","Combined TCS+MTC","89.99","10.80","0","0","0","0","0","0","0","0","-10.80","-13.50","-19.27","0","0","57.22","Released","Apr 1, 2026 9:32:30 a.m. PDT"
"Apr 1, 2026 9:32:43 a.m. PDT","25978195091","Order","702-4762837-9131411","Spray-SX-CS8K","VIVOSUN 2.1 Gal/8L Pump Sprayer, Garden Water Sprayer for Plants, Weeds & Lawn Care, with 3 Nozzles, 50'' Long Hose & Pressure Relief Valve","1","amazon.ca","Amazon","Vancouver","British Columbia","V5V 1Z","Combined TCS+MTC","53.09","6.37","0","0","0","0","0","0","0","0","-6.37","-7.96","-16.97","0","0","28.16","Released","Apr 1, 2026 9:32:43 a.m. PDT"
"Apr 1, 2026 9:33:03 a.m. PDT","25978195091","Order","701-6046248-8697013","306109-8K","VIVOSUN 8 Inch 25 Feet Black Non-Insulated Flex Air Aluminum Ducting for HVAC Ventilation w/Two 8 Inch Stainless Steel Clamps","1","amazon.ca","Amazon","New Westminster","British Columbia","V3L 1G","Combined TCS+MTC","39.99","4.80","0","0","0","0","0","0","0","0","-4.80","-6.00","-16.97","0","0","17.02","Released","Apr 1, 2026 9:33:03 a.m. PDT"
"Apr 1, 2026 9:34:04 a.m. PDT","25978195091","Order","701-9232753-7287410","MGN-MP28K","Maygrove 3-Pack 28"" Bendable Moss Pole Monstera Plant Support for Climbing Indoors Plants, Coir Moss Poles Sticks DIY, Plant Support Stake for Potted","1","amazon.ca","Amazon","Chicoutimi","Quebec","G7G 1K","Combined TCS+MTC","25.99","3.89","0","0","0","0","0","0","0","0","-3.89","-3.90","-7.28","0","0","14.81","Released","Apr 1, 2026 9:34:04 a.m. PDT"
"Apr 1, 2026 9:38:02 a.m. PDT","25978195091","Order","702-3808207-2180246","311001-10x5K","VIVOSUN 5-Pack 10 Gallon Grow Bags Heavy Duty 300G Thickened Nonwoven Plant Fabric Pots with Handles","1","amazon.ca","Amazon","Calgary","Alberta","T3A 6J","Combined TCS+MTC","25.99","1.30","2.33","0","0","0","0","0","-2.33","0","-1.30","-3.90","-10.26","0","0","11.83","Released","Apr 1, 2026 9:38:02 a.m. PDT"
"Apr 1, 2026 9:42:47 a.m. PDT","25978195091","Order","701-0945838-0337802","307282-2K","VIVOSUN 2-Pack Clamp Lamp Light with Detachable 5.5 Inch Aluminum Reflector up to 60W E26 Socket (No Bulb Included), 6 Feet Cord, UL Listed","1","amazon.ca","Amazon","London","Ontario","N6K 1N","Combined TCS+MTC","29.99","3.90","6.99","0","0","0","0","0","-6.99","0","-3.90","-4.50","-9.38","0","0","16.11","Released","Apr 1, 2026 9:42:47 a.m. PDT"
"Apr 1, 2026 9:45:54 a.m. PDT","25978195091","Order","701-1716569-1853069","333101-GK","VIVOSUN Indoor Hydroponics LED Grow Room Glasses with Glasses Case","1","amazon.ca","Amazon","London","Ontario","N5W1Z","Combined TCS+MTC","18.99","2.47","0","0","0","0","0","0","0","0","-2.47","-3.23","-6.36","0","0","9.40","Released","Apr 1, 2026 9:45:54 a.m. PDT"
"Apr 1, 2026 9:51:53 a.m. PDT","25978195091","Order","702-4921182-5525814","311001-15x5K","VIVOSUN 5-Pack 15 Gallon Grow Bags Heavy Duty 300G Thickened Nonwoven Plant Fabric Pots with Handles","1","amazon.ca","Amazon","Quebec","Quebec","G2A 0C","Combined TCS+MTC","26.99","4.04","0","0","0","0","0","0","0","0","-4.04","-4.05","-10.26","0","0","12.68","Released","Apr 1, 2026 9:51:53 a.m. PDT"
"Apr 1, 2026 9:52:42 a.m. PDT","25978195091","Order","701-9961625-5785046","311003-4K","VIVOSUN 6.5 Inch Gardening Scissors Hand Pruner Pruning Shear with Straight Stainless Steel Blades Orange 1-Pack","1","amazon.ca","Amazon","cap d'espoir","QC","G0C1G","Combined TCS+MTC","9.59","1.44","0","0","0","0","0","0","0","0","-5.76","-5.76","-3.61","0","0","-4.10","Released","Apr 1, 2026 9:52:42 a.m. PDT"
"Apr 1, 2026 9:52:42 a.m. PDT","25978195091","Order","701-9961625-5785046","311003-4K","VIVOSUN 6.5 Inch Gardening Scissors Hand Pruner Pruning Shear with Straight Stainless Steel Blades Orange 1-Pack","3","amazon.ca","Amazon","cap d'espoir","QC","G0C1G","","28.77","4.32","0","0","0","0","0","0","0","0","0","0","-10.83","0","0","22.26","Released","Apr 1, 2026 9:52:42 a.m. PDT"
"Apr 1, 2026 9:53:18 a.m. PDT","25978195091","Order","701-9172107-8417018","330101-01K","VIVOSUN Durable Waterproof Seedling Heat Mat 10"" x 20.75"" UL & MET-Certified Warm Hydroponic Heating Pad for Germination, Indoor Gardening, Greenhouse","1","amazon.ca","Amazon","Matane","Quebec","G4W 3M","Combined TCS+MTC","17.99","2.69","0","0","0","0","0","0","0","0","-2.69","-2.70","-6.63","0","0","8.66","Released","Apr 1, 2026 9:53:18 a.m. PDT"
"Apr 1, 2026 9:53:33 a.m. PDT","25978195091","Order","701-8304634-5601846","330101-01K","VIVOSUN Durable Waterproof Seedling Heat Mat 10"" x 20.75"" UL & MET-Certified Warm Hydroponic Heating Pad for Germination, Indoor Gardening, Greenhouse","1","amazon.ca","Amazon","Campbellton","New Brunswick","E3N 3N","Combined TCS+MTC","17.99","2.70","0","0","0","0","0","0","0","0","-2.70","-2.70","-6.63","0","0","8.66","Released","Apr 1, 2026 9:53:33 a.m. PDT"
"Apr 1, 2026 10:05:30 a.m. PDT","25978195091","Order","702-3632858-2762644","306101W-4K","VIVOSUN D4 4 Inch 195 CFM Inline Duct Ventilation Fan HVAC Vent Blower for Hydroponics Grow Tent","1","amazon.ca","Amazon","Brampton","Ontario","L7A 1A","Combined TCS+MTC","41.99","5.46","6.99","0","0","0","0","0","-6.99","0","-5.46","-6.30","-9.09","0","0","26.60","Released","Apr 1, 2026 10:05:30 a.m. PDT"
"Apr 1, 2026 10:06:38 a.m. PDT","25978195091","Order","702-9548711-5609041","VSVC-AZT6E42APRK","VIVOSUN Smart Air Filtration PRO T6 Kit 6"", AeroZesh T6 Inline Duct Fan w/GrowHub E42A+ Temp. Humidity WiFi-Controller, Carbon Filter & Ducting, Cooli","1","amazon.ca","Amazon","Humboldt","Saskatchewan","S0K 2A","Combined TCS+MTC","297.99","32.78","5.90","0","0","0","0","0","-5.90","0","-32.78","-44.70","-26.17","0","0","227.12","Released","Apr 1, 2026 10:06:38 a.m. PDT"
"Apr 1, 2026 10:09:21 a.m. PDT","25978195091","Order","701-0662552-2187406","330103K","VIVOSUN Durable Waterproof Seedling Heat Mat 48"" x 20.75"" UL & MET-Certified Warm Hydroponic Heating Pad for Germination, Indoor Gardening, Greenhouse","1","amazon.ca","Amazon","Powell River","British Columbia","V8A 3Z","Combined TCS+MTC","43.19","5.18","0","0","0","0","0","0","0","0","-5.18","-6.48","-16.35","0","0","20.36","Released","Apr 1, 2026 10:09:21 a.m. PDT"
"Apr 1, 2026 10:11:15 a.m. PDT","25978195091","Order","701-6876360-2489022","332572K","VIVOSUN 800GPH Submersible Pump(3000L/H, 24W), Ultra Quiet Water Pump with 10ft High Lift, Fountain Pump with 5ft Power Cord, 3 Nozzles for Fish Tank,","1","amazon.ca","Amazon","Scarborough","Ontario","M1E 3G","Combined TCS+MTC","39.99","5.20","6.99","0","0","0","0","0","-6.99","0","-5.20","-6.00","-8.11","0","0","25.88","Released","Apr 1, 2026 10:11:15 a.m. PDT"
"Apr 1, 2026 10:11:20 a.m. PDT","25978195091","Order","701-4729937-9204230","311001-5*5K","VIVOSUN 5-Pack 5 Gallons Grow Bags Heavy Duty Thickened Nonwoven Fabric Pots with Handles","1","amazon.ca","Amazon","Winnipeg","Manitoba","R2M 2T","Combined TCS+MTC","18.89","2.27","0","0","0","0","0","0","0","0","-2.27","-2.83","-7.59","0","0","8.47","Released","Apr 1, 2026 10:11:20 a.m. PDT"
"Apr 1, 2026 10:11:35 a.m. PDT","25978195091","Order","702-0806074-4246609","GP0001-6K","VIVOSUN 50 Pcs 6 Inch Plastic Plant Nursery Pots, Seed Starting Pot, Flower Plant Container for Seedlings, Cuttings, Transplanting","1","amazon.ca","Amazon","BEAMSVILLE","Ontario","L0R 1B","Combined TCS+MTC","29.49","3.83","0","0","0","0","0","0","0","0","-3.83","-4.42","-11.57","0","0","13.50","Released","Apr 1, 2026 10:11:35 a.m. PDT"
"Apr 1, 2026 10:11:55 a.m. PDT","25978195091","Order","701-9379817-2528218","332572K","VIVOSUN 800GPH Submersible Pump(3000L/H, 24W), Ultra Quiet Water Pump with 10ft High Lift, Fountain Pump with 5ft Power Cord, 3 Nozzles for Fish Tank,","1","amazon.ca","Amazon","Toronto","Ontario","M1C 3A","Combined TCS+MTC","32.39","4.21","2.33","0","0","0","0","0","-2.33","0","-4.21","-4.86","-8.11","0","0","19.42","Released","Apr 1, 2026 10:11:55 a.m. PDT"
"Apr 1, 2026 10:12:27 a.m. PDT","25978195091","Order","701-7392223-8217036","SPray-08L-RK","VIVOSUN 0.2Gallon Hand held Garden Sprayer Pump Pressure Water Sprayers, 27 oz Hand Sprayer for Lawn, Garden (0.8L Red)","1","amazon.ca","Amazon","Toronto","Ontario","M3C 3P","Combined TCS+MTC","26.99","3.51","6.99","0","0","0","0","0","-6.99","0","-3.51","-4.05","-9.39","0","0","13.55","Released","Apr 1, 2026 10:12:27 a.m. PDT"
"Apr 1, 2026 10:12:49 a.m. PDT","25978195091","Order","702-0806074-4246609","GP0001-6K","VIVOSUN 50 Pcs 6 Inch Plastic Plant Nursery Pots, Seed Starting Pot, Flower Plant Container for Seedlings, Cuttings, Transplanting","1","amazon.ca","Amazon","BEAMSVILLE","Ontario","L0R 1B","Combined TCS+MTC","29.49","3.83","0","0","0","0","0","0","0","0","-3.83","-4.42","-11.57","0","0","13.50","Released","Apr 1, 2026 10:12:49 a.m. PDT"
"Apr 1, 2026 10:13:51 a.m. PDT","25978195091","Order","701-4175138-9681056","330103K","VIVOSUN Durable Waterproof Seedling Heat Mat 48"" x 20.75"" UL & MET-Certified Warm Hydroponic Heating Pad for Germination, Indoor Gardening, Greenhouse","1","amazon.ca","Amazon","Mission","British Columbia","V2V 2V","Combined TCS+MTC","47.99","5.76","0","0","0","0","0","0","0","0","-5.76","-7.20","-16.35","0","0","24.44","Released","Apr 1, 2026 10:13:51 a.m. PDT"
"Apr 1, 2026 10:16:44 a.m. PDT","26106419781","Order","702-8438225-7050646","GB0101K","VIVOSUN 5 Tier Vertical Gardening Stackable Planter for Strawberries, Flowers, Herbs, Vegetables Brown","1","amazon.ca","Amazon","Dawson City","Yukon","Y0B 1G","Combined TCS+MTC","47.99","2.40","25.88","1.29","0","0","0","0","0","0","-3.69","-7.20","-44.69","0","0","21.98","Released","Apr 18, 2026 5:29:23 a.m. PDT"
"Apr 1, 2026 10:17:04 a.m. PDT","25978195091","Order","702-9627899-8200247","311001-100K","VIVOSUN 1 Pack 100 Gallon Grow Bag, Fabric Pot with Handles for Growing Vegtables and Plants","2","amazon.ca","Amazon","Markdale","Ontario","N0C 1H","Combined TCS+MTC","50.38","6.54","0","0","0","0","0","0","0","0","-6.54","-7.56","-20.88","0","0","21.94","Released","Apr 1, 2026 10:17:04 a.m. PDT"
"Apr 1, 2026 10:18:22 a.m. PDT","25978195091","Order","702-1566743-6369040","RC-0003K","VIVOSUN 1 Inch Rockwool Cubes, Grow Cubes for Hydroponics, Cuttings, Cloning, Plant Propagation, Seed Startling, 2 Sheets 100 Plugs","1","amazon.ca","Amazon","Calgary","Alberta","T2C 2K","Combined TCS+MTC","15.99","0.80","3.26","0","0","0","0","0","-3.26","0","-0.80","-2.40","-7.12","0","0","6.47","Released","Apr 1, 2026 10:18:22 a.m. PDT"
"Apr 1, 2026 10:18:44 a.m. PDT","25978195091","Order","702-2264776-6253057","332022K","VIVOSUN 30X 60X Illuminated Jewelers Loupe Foldable Magnifier with LED Light for Jewelry Gems Watches Coins Stamps Antiques Black","1","amazon.ca","Amazon","Wheatland County","Alberta","T1P 0R","Combined TCS+MTC","12.99","0.65","0","0","0","0","0","0","0","0","-0.65","-1.56","-5.12","0","0","6.31","Released","Apr 1, 2026 10:18:44 a.m. PDT"
"Apr 1, 2026 10:23:37 a.m. PDT","25978195091","Order","701-8868220-7985058","311001-10x5K","VIVOSUN 5-Pack 10 Gallon Grow Bags Heavy Duty 300G Thickened Nonwoven Plant Fabric Pots with Handles","2","amazon.ca","Amazon","Newboro","Ontario","K0G1P","Combined TCS+MTC","46.78","6.08","0","0","0","0","0","0","0","0","-6.08","-7.02","-20.52","0","0","19.24","Released","Apr 1, 2026 10:23:37 a.m. PDT"
"Apr 1, 2026 10:27:06 a.m. PDT","25978195091","Order","701-1440484-0584268","LH-001K","VIVOSUN 1-Pair 1/8 Inch Adjustable Grow Light Hanger, Heavy Duty Rope Hanger with Reinforced Metal Gears, 8Ft. Long and 150 lbs Weight Capacity Rope f","1","amazon.ca","Amazon","Midland","On","L4R 3V","Combined TCS+MTC","11.69","1.52","0","0","0","0","0","0","0","0","-1.52","-1.75","-5.27","0","0","4.67","Released","Apr 1, 2026 10:27:06 a.m. PDT"
"Apr 1, 2026 10:29:32 a.m. PDT","25978195091","Order","701-7473673-0267425","330101-01K","VIVOSUN Durable Waterproof Seedling Heat Mat 10"" x 20.75"" UL & MET-Certified Warm Hydroponic Heating Pad for Germination, Indoor Gardening, Greenhouse","1","amazon.ca","Amazon","Chicoutimi","Quebec","G7H 7L","Combined TCS+MTC","17.99","2.69","3.27","0","0","0","0","0","-3.27","0","-2.69","-2.70","-6.63","0","0","8.66","Released","Apr 1, 2026 10:29:32 a.m. PDT"
"Apr 1, 2026 10:32:27 a.m. PDT","25978195091","Order","701-3583881-8657025","304113-44K","VIVOSUN 4x4 Grow Tent, 48""x48""x80"" High Reflective Mylar with Observation Window and Floor Tray for Hydroponics Indoor Plant Growing for VS4000/VS4300","1","amazon.ca","Amazon","St Anthony","Newfoundland and Labrador","A0K 2T","Combined TCS+MTC","161.99","24.30","0","0","0","0","0","0","0","0","-24.30","-24.30","-27.09","0","0","110.60","Released","Apr 1, 2026 10:32:27 a.m. PDT"
"Apr 1, 2026 10:43:25 a.m. PDT","25978195091","Order","702-8187290-1185800","SPray-60LK","VIVOSUN 1.59-Gallon Pump Pressure Sprayer, Pressurized Lawn & Garden Water Spray Bottle with Adjustable Shoulder Strap, for Plants Spraying, Garden Wa","1","amazon.ca","Amazon","Airdrie","Alberta","T4B 2X","Combined TCS+MTC","37.59","1.88","0","0","0","0","0","0","0","0","-1.88","-5.64","-16.97","0","0","14.98","Released","Apr 1, 2026 10:43:25 a.m. PDT"
"Apr 1, 2026 10:44:06 a.m. PDT","25978195091","Order","702-8187290-1185800","SPray-60LK","VIVOSUN 1.59-Gallon Pump Pressure Sprayer, Pressurized Lawn & Garden Water Spray Bottle with Adjustable Shoulder Strap, for Plants Spraying, Garden Wa","1","amazon.ca","Amazon","Airdrie","Alberta","T4B 2X","Combined TCS+MTC","37.59","1.88","0","0","0","0","0","0","0","0","-1.88","-5.64","-16.97","0","0","14.98","Released","Apr 1, 2026 10:44:06 a.m. PDT"
"Apr 1, 2026 10:45:13 a.m. PDT","25978195091","Order","701-5570230-9552245","GP0001-6K","VIVOSUN 50 Pcs 6 Inch Plastic Plant Nursery Pots, Seed Starting Pot, Flower Plant Container for Seedlings, Cuttings, Transplanting","1","amazon.ca","Amazon","Unionville","Ontario","L3R 7N","Combined TCS+MTC","31.49","4.09","6.99","0","0","0","0","0","-6.99","0","-4.09","-4.72","-12.06","0","0","14.71","Released","Apr 1, 2026 10:45:13 a.m. PDT"
"Apr 1, 2026 10:52:11 a.m. PDT","25978195091","Order","701-7027908-0129851","COMBO-01K","VIVOSUN PH Meter TDS Meter and Soil Tester Combo","1","amazon.ca","Amazon","Belle Ewart","Ontario","L0L 1W","Combined TCS+MTC","22.79","2.96","3.92","0","0","0","0","0","-3.92","0","-2.96","-3.42","-7.12","0","0","12.25","Released","Apr 1, 2026 10:52:11 a.m. PDT"
"Apr 1, 2026 10:53:54 a.m. PDT","25978195091","Order","702-2037743-8401831","311008-05x50K","VIVOSUN 50-Pack 5 Gallon Grow Bags for Plants, Black-and-White Material for Potting Up Seedlings and Rooting","1","amazon.ca","Amazon","S. Woodslee","Ontario","N0R 1V","Combined TCS+MTC","26.09","3.39","3.27","0","0","0","0","0","-3.27","0","-3.39","-3.91","-10.41","0","0","11.77","Released","Apr 1, 2026 10:53:54 a.m. PDT"
"Apr 1, 2026 10:54:42 a.m. PDT","25978195091","Order","701-1133635-0581867","311001-15x5K","VIVOSUN 5-Pack 15 Gallon Grow Bags Heavy Duty 300G Thickened Nonwoven Plant Fabric Pots with Handles","1","amazon.ca","Amazon","London","Ontario","N5Y 4K","Combined TCS+MTC","29.99","3.90","11.99","1.56","0","0","0","0","0","0","-5.46","-4.50","-22.25","0","0","15.23","Released","Apr 1, 2026 10:54:42 a.m. PDT"
"Apr 1, 2026 10:57:02 a.m. PDT","25978195091","Order","701-0839798-3044222","311001-7*5K","VIVOSUN 5-Pack 7 Gallon Grow Bags Heavy Duty 300G Thickened Nonwoven Plant Fabric Pots with Handles","1","amazon.ca","Amazon","Surrey","British Columbia","V3S 3V","Combined TCS+MTC","22.98","2.76","0","0","0","0","0","0","0","0","-2.76","-3.45","-7.82","0","0","11.71","Released","Apr 1, 2026 10:57:02 a.m. PDT"
"Apr 1, 2026 10:57:33 a.m. PDT","25978195091","Order","701-3006234-6669852","332572K","VIVOSUN 800GPH Submersible Pump(3000L/H, 24W), Ultra Quiet Water Pump with 10ft High Lift, Fountain Pump with 5ft Power Cord, 3 Nozzles for Fish Tank,","1","amazon.ca","Amazon","Venise-En-Quebec","Quebec","J0J 2K","Combined TCS+MTC","39.99","5.99","0","0","0","0","0","0","0","0","-5.99","-6.00","-8.25","0","0","25.74","Released","Apr 1, 2026 10:57:33 a.m. PDT"
"Apr 1, 2026 10:57:44 a.m. PDT","25978195091","Refund","701-8595775-6025021","308122K","VIVOSUN Poly Film 10' x 100' 5.5 Mil Black and White Panda Film","1","amazon.ca","Amazon","Milton","Ontario","L9T 7B","Combined TCS+MTC","-104.49","-13.58","0","0","0","0","0","0","0","0","13.58","12.54","0","0","0","-91.95","Released","Apr 1, 2026 10:57:44 a.m. PDT"
"Apr 1, 2026 10:58:03 a.m. PDT","25978195091","Order","702-8163541-0040227","306101W-4K","VIVOSUN D4 4 Inch 195 CFM Inline Duct Ventilation Fan HVAC Vent Blower for Hydroponics Grow Tent","1","amazon.ca","Amazon","Quebec","Quebec","G1P 3Y","Combined TCS+MTC","41.99","6.29","0","0","0","0","0","0","0","0","-6.29","-6.30","-9.09","0","0","26.60","Released","Apr 1, 2026 10:58:03 a.m. PDT"
"Apr 1, 2026 11:02:18 a.m. PDT","25978195091","Order","702-1865501-1868206","311003-4K","VIVOSUN 6.5 Inch Gardening Scissors Hand Pruner Pruning Shear with Straight Stainless Steel Blades Orange 1-Pack","1","amazon.ca","Amazon","Guelph","Ontario","N1C 1B","Combined TCS+MTC","9.59","1.25","0","0","0","0","0","0","0","0","-1.25","-1.44","-3.61","0","0","4.54","Released","Apr 1, 2026 11:02:18 a.m. PDT"
"Apr 1, 2026 11:12:49 a.m. PDT","25978195091","Order","702-5749402-0830668","L000001-10K","VIVOSUN 6 Mil Mylar Film Roll 4 FT X 10 FT Diamond Film Foil Roll Highly Reflective Grow Room (10 FT)","1","amazon.ca","Amazon","Terrebonne","Québec","J6W5C","Combined TCS+MTC","33.29","4.99","0","0","0","0","0","0","0","0","-4.99","-4.99","-14.67","0","0","13.63","Released","Apr 1, 2026 11:12:49 a.m. PDT"
"Apr 1, 2026 11:15:37 a.m. PDT","25978195091","Order","702-2883845-0961034","311001-5*5K","VIVOSUN 5-Pack 5 Gallons Grow Bags Heavy Duty Thickened Nonwoven Fabric Pots with Handles","1","amazon.ca","Amazon","Cornwall","Ontario","K6J 2V","Combined TCS+MTC","18.89","2.46","0","0","0","0","0","0","0","0","-2.46","-2.83","-7.59","0","0","8.47","Released","Apr 1, 2026 11:15:37 a.m. PDT"
"Apr 1, 2026 11:16:54 a.m. PDT","25978195091","Refund","702-6207510-9489019","VSC-GCC4K","VIVOSUN GrowCam C4, 2K QHD WiFi Smart Camera for Grow Tent & VGrow Smart Grow Box, Timelapse, Night Vision, SD Card Storage, 2-Way Audio, App Control","1","amazon.ca","Amazon","Edmonton","Alberta","T6V 1R","Combined TCS+MTC","-62.99","-3.15","0","0","0","0","0","0","0","0","3.15","7.56","0","0","0","-55.43","Released","Apr 1, 2026 11:16:54 a.m. PDT"
"Apr 1, 2026 11:18:38 a.m. PDT","25978195091","Order","702-2134283-3246621","332823K","VIVOSUN 164 Feet (50m) PE-Coated Twist Ties, Garden Plant Ties with Cutter for Gardening, Outdoor Garden Twine Reuseable for Climbing Supporting Plant","1","amazon.ca","Amazon","Scarborough","Ontario","M1K 2G","Combined TCS+MTC","11.99","1.56","0","0","0","0","0","0","0","0","-1.56","-1.80","-5.07","0","0","5.12","Released","Apr 1, 2026 11:18:38 a.m. PDT"
"Apr 1, 2026 11:19:00 a.m. PDT","25978195091","Order","701-8781700-5126629","RC-0001-4K","VIVOSUN 1.6"" Rockwool Cubes, 112 Plugs Stonewool Starter Grow Cubes for Cuttings, Cloning, Plant Propagation, Seed Starting, Hydroponic Grow Media for","1","amazon.ca","Amazon","Surrey","BC","V3S 3H","Combined TCS+MTC","26.99","3.24","0","0","0","0","0","0","0","0","-3.24","-4.05","-10.35","0","0","12.59","Released","Apr 1, 2026 11:19:00 a.m. PDT"
"Apr 1, 2026 11:19:00 a.m. PDT","25978195091","Order","701-0284678-4100227","311001-25x10K","VIVOSUN 10-Pack 25 Gallon Grow Bags Heavy Duty 300G Thickened Nonwoven Plant Fabric Pots with Handles","1","amazon.ca","Amazon","Burlington","Ontario","L7P 2H","Combined TCS+MTC","53.99","7.02","0","0","0","0","0","0","0","0","-7.02","-8.10","-13.32","0","0","32.57","Released","Apr 1, 2026 11:19:00 a.m. PDT"
"Apr 1, 2026 11:19:34 a.m. PDT","25978195091","Order","701-3248873-9570619","311001-15x10K","VIVOSUN 10-Pack 15 Gallon Grow Bags Heavy Duty 300G Thickened Nonwoven Plant Fabric Pots with Handles","1","amazon.ca","Amazon","Arras","British Columbia","V0C1B","Combined TCS+MTC","38.69","4.64","0","0","0","0","0","0","0","0","-4.64","-5.80","-12.42","0","0","20.47","Released","Apr 1, 2026 11:19:34 a.m. PDT"
"Apr 1, 2026 11:19:43 a.m. PDT","25978195091","Order","702-9079922-2698602","330101-01K","VIVOSUN Durable Waterproof Seedling Heat Mat 10"" x 20.75"" UL & MET-Certified Warm Hydroponic Heating Pad for Germination, Indoor Gardening, Greenhouse","1","amazon.ca","Amazon","Almonte","Ontario","K0A1A","Combined TCS+MTC","19.99","2.60","0","0","0","0","0","0","0","0","-2.60","-3.00","-6.63","0","0","10.36","Released","Apr 1, 2026 11:19:43 a.m. PDT"
"Apr 1, 2026 11:19:49 a.m. PDT","25978195091","Order","701-5480604-3940205","330101-01K","VIVOSUN Durable Waterproof Seedling Heat Mat 10"" x 20.75"" UL & MET-Certified Warm Hydroponic Heating Pad for Germination, Indoor Gardening, Greenhouse","2","amazon.ca","Amazon","Appin","Ontario","N0L 1A","Combined TCS+MTC","39.98","5.20","4.66","0","0","0","0","0","-4.66","0","-5.20","-6.00","-13.26","0","0","20.72","Released","Apr 1, 2026 11:19:49 a.m. PDT"
"Apr 1, 2026 11:20:25 a.m. PDT","25978195091","Order","701-8176363-4887432","332572K","VIVOSUN 800GPH Submersible Pump(3000L/H, 24W), Ultra Quiet Water Pump with 10ft High Lift, Fountain Pump with 5ft Power Cord, 3 Nozzles for Fish Tank,","1","amazon.ca","Amazon","Kanata","Ontario","K2M 2H","Combined TCS+MTC","39.99","5.20","0","0","0","0","0","0","0","0","-5.20","-6.00","-8.11","0","0","25.88","Released","Apr 1, 2026 11:20:25 a.m. PDT"
"Apr 1, 2026 11:21:07 a.m. PDT","25978195091","Order","701-7577398-3050611","311001-15x5K","VIVOSUN 5-Pack 15 Gallon Grow Bags Heavy Duty 300G Thickened Nonwoven Plant Fabric Pots with Handles","1","amazon.ca","Amazon","Oakville","Ontario","L6H 6P","Combined TCS+MTC","26.99","3.51","3.26","0","0","0","0","0","-3.26","0","-3.51","-4.05","-10.26","0","0","12.68","Released","Apr 1, 2026 11:21:07 a.m. PDT"
"Apr 1, 2026 11:21:07 a.m. PDT","25978195091","Order","701-7577398-3050611","311001-7*5K","VIVOSUN 5-Pack 7 Gallon Grow Bags Heavy Duty 300G Thickened Nonwoven Plant Fabric Pots with Handles","1","amazon.ca","Amazon","Oakville","Ontario","L6H 6P","Combined TCS+MTC","22.98","2.99","3.27","0","0","0","0","0","-3.27","0","-2.99","-3.45","-7.82","0","0","11.71","Released","Apr 1, 2026 11:21:07 a.m. PDT"
"Apr 1, 2026 11:28:00 a.m. PDT","25978195091","Order","702-4254518-9856220","330701-01K","VIVOSUN Heavy-Duty Polyester Plant Trellis Netting 5 x 15ft, 1 Pack","1","amazon.ca","Amazon","Marmora","Ontario","K0K 2M","Combined TCS+MTC","9.99","1.30","3.27","0","0","0","0","0","-3.27","0","-1.30","-1.50","-3.61","0","0","4.88","Released","Apr 1, 2026 11:28:00 a.m. PDT"
"Apr 1, 2026 11:28:50 a.m. PDT","25978195091","Order","701-3037119-0490637","311021-10x5K","VIVOSUN 5-Pack 10 Gallon Grow Bags Heavy Duty 300G Thickened Nonwoven Plant Fabric Pots with Handles Tan","2","amazon.ca","Amazon","Powell River","British Columbia","V8A 0H","Combined TCS+MTC","46.78","5.62","5.87","0","0","0","0","0","-5.87","0","-5.62","-7.02","-21.06","0","0","18.70","Released","Apr 1, 2026 11:28:50 a.m. PDT"
"Apr 1, 2026 11:28:50 a.m. PDT","25978195091","Order","701-3037119-0490637","311001-15x5K","VIVOSUN 5-Pack 15 Gallon Grow Bags Heavy Duty 300G Thickened Nonwoven Plant Fabric Pots with Handles","1","amazon.ca","Amazon","Powell River","British Columbia","V8A 0H","Combined TCS+MTC","26.99","3.24","2.94","0","0","0","0","0","-2.94","0","-3.24","-4.05","-10.26","0","0","12.68","Released","Apr 1, 2026 11:28:50 a.m. PDT"
"Apr 1, 2026 11:31:24 a.m. PDT","25978195091","Order","702-4867352-2339450","CHTrimer-01K","VIVOSUN 20"" Cordless Hedge Trimmer, 20V Electric Bush Trimmer, 1400 RPM Shrub Trimmer, Dual-Action Laser Blade, 3/5"" Cutting Capacity, Lightweight & C","1","amazon.ca","Amazon","Brampton","Ontario","L6V 2P","Combined TCS+MTC","59.99","7.80","0","0","0","0","0","0","0","0","-7.80","-9.00","-18.81","0","0","32.18","Released","Apr 1, 2026 11:31:24 a.m. PDT"
"Apr 1, 2026 11:35:29 a.m. PDT","25978195091","Refund","702-5428432-4823400","VSF-AWE6-G2","VIVOSUN AeroWave E6 Gen2, Grow Tent Clip Fan 6"", EC Motor, Smart Control, Powerful Oscillating Fan, Local Timer, Weatherproof IP54, for Hydroponics Ci","1","amazon.ca","Amazon","Aurora","Ontario","L4G 0Z","","-77.36","0","0","0","0","0","0","0","0","0","0","9.28","0","0","0","-68.08","Released","Apr 1, 2026 11:35:29 a.m. PDT"
"Apr 1, 2026 12:03:20 p.m. PDT","25978195091","Order","702-0784117-4501032","311021-20x5K","VIVOSUN 5-Pack 20 Gallon Grow Bags Heavy Duty 300G Thickened Nonwoven Plant Fabric Pots with Handles Tan","1","amazon.ca","Amazon","Calgary","Alberta","T2E 1Z","Combined TCS+MTC","32.99","1.65","2.33","0","0","0","0","0","-2.33","0","-1.65","-4.95","-10.62","0","0","17.42","Released","Apr 1, 2026 12:03:20 p.m. PDT"
"Apr 1, 2026 12:05:59 p.m. PDT","25978195091","Order","701-4848028-6909043","332023K","VIVOSUN Slide-Out Jewelry Loupe Magnifier 30X 60X 90X LED Lighted Eye Loupe with UV Light for Jewelry, Diamonds, Gems, Coins, Stamps, Rocks, Black","1","amazon.ca","Amazon","Minden","Ontario","K0M 2L","Combined TCS+MTC","19.99","2.60","2.51","0","0","0","0","0","-2.51","0","-2.60","-2.40","-5.92","0","0","11.67","Released","Apr 1, 2026 12:05:59 p.m. PDT"
"Apr 1, 2026 12:06:25 p.m. PDT","25978195091","Order","702-9708174-3541860","333101-GK","VIVOSUN Indoor Hydroponics LED Grow Room Glasses with Glasses Case","1","amazon.ca","Amazon","Slt-Mathieu du parc","Québec","G0X1N","Combined TCS+MTC","18.99","2.84","5.19","0.78","0","0","0","0","0","0","-3.62","-3.23","-11.55","0","0","9.40","Released","Apr 1, 2026 12:06:25 p.m. PDT"
"Apr 1, 2026 12:06:34 p.m. PDT","25978195091","Order","702-2544544-5402621","305131-PENK","VIVOSUN Digital pH Meter, 0.01pH High Accuracy Pen Type pH Tester for Hydroponics, Household Drinking, Pool and Aquarium, Yellow, UL Certified","1","amazon.ca","Amazon","Forestburg","Alberta","T0B 0H","Combined TCS+MTC","15.99","0.80","0","0","0","0","0","0","0","0","-0.80","-1.92","-6.07","0","0","8.00","Released","Apr 1, 2026 12:06:34 p.m. PDT"
"Apr 1, 2026 12:13:36 p.m. PDT","25978195091","Adjustment","702-7703811-5305043","LH-001-2K","FBA Inventory Reimbursement - Customer Return","1","","","","","","","0","0","0","0","0","0","0","0","0","0","0","0","0","0","9.80","9.80","Released","Apr 1, 2026 12:13:36 p.m. PDT"
"Apr 1, 2026 12:13:37 p.m. PDT","25978195091","Order","701-4999836-4053009","311001-3*5K","VIVOSUN 5-Pack 3 Gallons Grow Bags Heavy Duty Thickened Nonwoven Fabric Pots with Handles","1","amazon.ca","Amazon","Calgary","Alberta","T3R 0H","Combined TCS+MTC","17.99","0.90","1.74","0","0","0","0","0","-1.74","0","-0.90","-2.70","-8.11","0","0","7.18","Released","Apr 1, 2026 12:13:37 p.m. PDT"
"Apr 1, 2026 12:20:33 p.m. PDT","25978195091","Order","702-4591068-4126658","330101-01K","VIVOSUN Durable Waterproof Seedling Heat Mat 10"" x 20.75"" UL & MET-Certified Warm Hydroponic Heating Pad for Germination, Indoor Gardening, Greenhouse","1","amazon.ca","Amazon","St. Catherines","Prince Edward Island","C0A 1H","Combined TCS+MTC","17.99","2.70","0","0","0","0","0","0","0","0","-2.70","-2.70","-6.63","0","0","8.66","Released","Apr 1, 2026 12:20:33 p.m. PDT"
"Apr 1, 2026 12:21:10 p.m. PDT","25978195091","Order","702-9461354-3658649","332823K","VIVOSUN 164 Feet (50m) PE-Coated Twist Ties, Garden Plant Ties with Cutter for Gardening, Outdoor Garden Twine Reuseable for Climbing Supporting Plant","1","amazon.ca","Amazon","Chatsworth","Ontario","N0H 1G","Combined TCS+MTC","10.61","1.38","3.92","0","0","0","0","0","-3.92","0","-1.38","-1.59","-5.07","0","0","3.95","Released","Apr 1, 2026 12:21:10 p.m. PDT"
"Apr 1, 2026 12:21:33 p.m. PDT","25978195091","Order","701-9593959-2592259","330705-05K","VIVOSUN 5 x 30 ft. Plant Trellis Netting, Heavy-Duty Polyester Grow Net, Garden Trellis Netting with Square Mesh for Climbing Plants, Vegetables, Frui","1","amazon.ca","Amazon","Chester","Nova Scotia","B0J 1J","Combined TCS+MTC","14.99","2.10","0","0","0","0","0","0","0","0","-2.10","-2.25","-6.27","0","0","6.47","Released","Apr 1, 2026 12:21:33 p.m. PDT"
"Apr 1, 2026 12:21:57 p.m. PDT","25978195091","Order","701-4405376-0886669","311021-10x5K","VIVOSUN 5-Pack 10 Gallon Grow Bags Heavy Duty 300G Thickened Nonwoven Plant Fabric Pots with Handles Tan","2","amazon.ca","Amazon","Gravenhurst","Ontario","P1P 1R","Combined TCS+MTC","46.78","6.08","0","0","0","0","0","0","0","0","-6.08","-7.02","-21.06","0","0","18.70","Released","Apr 1, 2026 12:21:57 p.m. PDT"
"Apr 1, 2026 12:34:35 p.m. PDT","25978195091","Order","702-8447359-1310612","305131-PENK","VIVOSUN Digital pH Meter, 0.01pH High Accuracy Pen Type pH Tester for Hydroponics, Household Drinking, Pool and Aquarium, Yellow, UL Certified","1","amazon.ca","Amazon","Golden","British Columbia","V0A 1H","Combined TCS+MTC","15.99","1.92","3.93","0","0","0","0","0","-3.93","0","-1.92","-1.92","-6.07","0","0","8.00","Released","Apr 1, 2026 12:34:35 p.m. PDT"
"Apr 1, 2026 12:37:31 p.m. PDT","25978195091","Order","701-6894465-2519443","311001-30x5K","VIVOSUN 5-Pack 30 Gallons Grow Bags Heavy Duty Thickened Nonwoven Fabric Pots with Handles","1","amazon.ca","Amazon","Revelstoke","British Columbia","V0E 2S","Combined TCS+MTC","35.99","4.32","0","0","0","0","0","0","0","0","-4.32","-5.40","-11.97","0","0","18.62","Released","Apr 1, 2026 12:37:31 p.m. PDT"
"Apr 1, 2026 12:37:55 p.m. PDT","25978195091","Order","702-9886540-0887405","332576K","VIVOSUN 400GPH Submersible Pump(1500L/H, 15W), Ultra Quiet Water Pump with 5.2ft High Lift, Fountain Pump with 5ft Power Cord, 3 Nozzles for Fish Tank","1","amazon.ca","Amazon","Logan Lake","British Columbia","V0K 1W","Combined TCS+MTC","28.99","3.48","0","0","0","0","0","0","0","0","-3.48","-4.35","-8.97","0","0","15.67","Released","Apr 1, 2026 12:37:55 p.m. PDT"
"Apr 1, 2026 12:40:45 p.m. PDT","25978195091","Order","701-9327860-7293021","GP0001-6K","VIVOSUN 50 Pcs 6 Inch Plastic Plant Nursery Pots, Seed Starting Pot, Flower Plant Container for Seedlings, Cuttings, Transplanting","1","amazon.ca","Amazon","Saskatoon","Saskatchewan","S7H 2W","Combined TCS+MTC","31.49","3.46","0","0","0","0","0","0","0","0","-3.46","-4.72","-12.06","0","0","14.71","Released","Apr 1, 2026 12:40:45 p.m. PDT"
"Apr 1, 2026 12:46:02 p.m. PDT","25978195091","Order","701-6680787-9094631","306201P-8K","VIVOSUN T8 8 Inch 720 CFM Inline Duct Ventilation Fan with Variable Speed Controller for Grow Tent","1","amazon.ca","Amazon","Roxton Pond","Quebec","J0E 1Z","Combined TCS+MTC","129.99","19.47","0","0","0","0","0","0","0","0","-19.47","-19.50","-18.35","0","0","92.14","Released","Apr 1, 2026 12:46:02 p.m. PDT"
"Apr 1, 2026 12:47:07 p.m. PDT","25978195091","Order","701-6680787-9094631","306201P-4K","VIVOSUN T4 4 Inch 190 CFM Inline Duct Ventilation Fan with Variable Speed Controller for Grow Tent","1","amazon.ca","Amazon","Roxton Pond","Quebec","J0E 1Z","Combined TCS+MTC","75.99","11.38","0","0","0","0","0","0","0","0","-11.38","-11.40","-16.97","0","0","47.62","Released","Apr 1, 2026 12:47:07 p.m. PDT"
"Apr 1, 2026 12:48:33 p.m. PDT","25978195091","Order","702-4856691-4681005","311021-20x5K","VIVOSUN 5-Pack 20 Gallon Grow Bags Heavy Duty 300G Thickened Nonwoven Plant Fabric Pots with Handles Tan","1","amazon.ca","Amazon","Edmonton","Alberta","T6H 4V","Combined TCS+MTC","32.99","1.65","1.40","0","0","0","0","0","-1.40","0","-1.65","-4.95","-10.62","0","0","17.42","Released","Apr 1, 2026 12:48:33 p.m. PDT"
"Apr 1, 2026 12:56:40 p.m. PDT","25978195091","Order","701-5580137-1857033","WB-4x250K","VIVOSUN 5oz/sq.yd Barrier Landscape Fabric 4 x 250 Ft., Commercial Ground Cover Fabric Block, Gardening Fabric Mat, Black Heavy Duty Garden Cloth Felt","1","amazon.ca","Amazon","KAMLOOPS","British Columbia","V1S 1K","Combined TCS+MTC","92.61","11.11","0","0","0","0","0","0","0","0","-11.11","-13.89","-27.09","0","0","51.63","Released","Apr 1, 2026 12:56:40 p.m. PDT"
"Apr 1, 2026 12:56:44 p.m. PDT","25978195091","Order","702-7680371-1100234","306201P-8K","VIVOSUN T8 8 Inch 720 CFM Inline Duct Ventilation Fan with Variable Speed Controller for Grow Tent","1","amazon.ca","Amazon","Winnipeg","Manitoba","R3G 3L","Combined TCS+MTC","129.99","15.60","0","0","0","0","0","0","0","0","-15.60","-19.50","-18.35","0","0","92.14","Released","Apr 1, 2026 12:56:44 p.m. PDT"
"Apr 1, 2026 12:57:45 p.m. PDT","25978195091","Order","701-7200575-1920257","332576K","VIVOSUN 400GPH Submersible Pump(1500L/H, 15W), Ultra Quiet Water Pump with 5.2ft High Lift, Fountain Pump with 5ft Power Cord, 3 Nozzles for Fish Tank","1","amazon.ca","Amazon","North Vancouver","British Columbia","V7L 1K","Combined TCS+MTC","28.99","3.48","3.92","0","0","0","0","0","-3.92","0","-3.48","-4.35","-8.97","0","0","15.67","Released","Apr 1, 2026 12:57:45 p.m. PDT"
"Apr 1, 2026 12:57:56 p.m. PDT","25978195091","Order","701-0566818-4954645","VSV-IFP4CK","VIVOSUN 4"" Inline Booster Duct Fan with Speed Regulator, 130 CFM Quiet Exhaust Fan for HVAC Ventilation in Grow Tents, Basements, Bathrooms, Kitchens,","1","amazon.ca","Amazon","Courtenay","British Columbia","V9J 1R","Combined TCS+MTC","34.99","4.20","5.11","0.61","0","0","0","0","0","0","-4.81","-5.25","-13.31","0","0","21.54","Released","Apr 1, 2026 12:57:56 p.m. PDT"
"Apr 1, 2026 12:58:23 p.m. PDT","25978195091","Order","701-9825145-7941836","331101-4K","VIVOSUN 4 Inch Inline Duct Fan 100 CFM, HVAC Exhaust Ventilation Fan with Low Noise for Basements, Bathrooms, Kitchens and Attics, Silver","1","amazon.ca","Amazon","Campbell River","British Columbia","V9H 1V","Combined TCS+MTC","26.99","3.24","7.34","0.88","0","0","0","0","0","0","-4.12","-4.05","-16.73","0","0","13.55","Released","Apr 1, 2026 12:58:23 p.m. PDT"
"Apr 1, 2026 12:58:32 p.m. PDT","25978195091","Order","701-7024114-5727418","VSVC-AZT8E42APRK","VIVOSUN Smart Air Filtration PRO Kit 8"", AeroZesh T8 Inline Duct Fan with GrowHub E42A+, Temperature Humidity Controller, Carbon Filter & Ducting Vent","1","amazon.ca","Amazon","Moncton","New Brunswick","E1C 7V","Combined TCS+MTC","347.99","52.20","0","0","0","0","0","0","0","0","-52.20","-52.20","-37.67","0","0","258.12","Released","Apr 1, 2026 12:58:32 p.m. PDT"
"Apr 1, 2026 12:58:43 p.m. PDT","25978195091","Order","702-1680454-2650612","311001-3*5K","VIVOSUN 5-Pack 3 Gallons Grow Bags Heavy Duty Thickened Nonwoven Fabric Pots with Handles","1","amazon.ca","Amazon","New Westminster","British Columbia","V3L 0J","Combined TCS+MTC","17.99","2.16","0","0","0","0","0","0","0","0","-2.16","-2.70","-8.11","0","0","7.18","Released","Apr 1, 2026 12:58:43 p.m. PDT"
"Apr 1, 2026 12:58:58 p.m. PDT","25978195091","Order","701-8097119-8243437","306201P-4K","VIVOSUN T4 4 Inch 190 CFM Inline Duct Ventilation Fan with Variable Speed Controller for Grow Tent","1","amazon.ca","Amazon","Mahone Bay","Nova Scotia","B0J 2E","Combined TCS+MTC","75.99","10.64","0","0","0","0","0","0","0","0","-10.64","-11.40","-16.97","0","0","47.62","Released","Apr 1, 2026 12:58:58 p.m. PDT"
"Apr 1, 2026 12:59:07 p.m. PDT","25978195091","Order","702-7420241-8781867","332572K","VIVOSUN 800GPH Submersible Pump(3000L/H, 24W), Ultra Quiet Water Pump with 10ft High Lift, Fountain Pump with 5ft Power Cord, 3 Nozzles for Fish Tank,","1","amazon.ca","Amazon","Black Creek","British Columbia","V9J 1J","Combined TCS+MTC","32.39","3.89","0","0","0","0","0","0","0","0","-3.89","-4.86","-8.11","0","0","19.42","Released","Apr 1, 2026 12:59:07 p.m. PDT"
"Apr 1, 2026 12:59:30 p.m. PDT","25978195091","Order","701-3913243-3323448","306104-416K","VIVOSUN 4 Inch 16 Feet Non-Insulated Flex Air Aluminum Ducting for HVAC Ventilation with 2 Stainless Steel Clamps","1","amazon.ca","Amazon","Delta","British Columbia","V4C 3G","Combined TCS+MTC","17.99","2.16","0","0","0","0","0","0","0","0","-2.16","-2.70","-9.68","0","0","5.61","Released","Apr 1, 2026 12:59:30 p.m. PDT"
"Apr 1, 2026 12:59:50 p.m. PDT","25978195091","Order","702-1867422-3578669","VSGB-15K","VIVOSUN 5-Pack 15 Gallon Grow Bags, 500G Thick Nonwoven Fabric Pots with Strap Handles, Multi-Purpose Rings, for Low Stress Plant Training Fruits, Veg","1","amazon.ca","Amazon","Vancouver","British Columbia","V5Y 0B","Combined TCS+MTC","35.99","4.32","0","0","0","0","0","0","0","0","-4.32","-5.40","-10.71","0","0","19.88","Released","Apr 1, 2026 12:59:50 p.m. PDT"
"Apr 1, 2026 1:00:36 p.m. PDT","25978195091","Order","702-3777422-8213040","VSF-AWE6-G2","VIVOSUN AeroWave E6 Gen2, Grow Tent Clip Fan 6"", EC Motor, Smart Control, Powerful Oscillating Fan, Local Timer, Weatherproof IP54, for Hydroponics Ci","1","amazon.ca","Amazon","Wasaga Beach","Ontario","L9Z 2L","","77.36","0","0","0","0","0","0","0","0","0","0","-11.60","-16.49","0","0","49.27","Released","Apr 1, 2026 1:00:36 p.m. PDT"
"Apr 1, 2026 1:05:18 p.m. PDT","25978195091","Order","701-3759250-3657042","PP-30-1K","VIVOSUN Peat Pots, 30 Packs 3.15-Inch Seed Starting Pots with Drainage Holes, Round Nursery Pot, 20 Plant Labels for Flowers, Plants, Vegetables, 30Pc","1","amazon.ca","Amazon","Vancouver","BC","V6H 0A","Combined TCS+MTC","11.99","1.44","0","0","0","0","0","0","0","0","-1.44","-1.80","-6.43","0","0","3.76","Released","Apr 1, 2026 1:05:18 p.m. PDT"
"Apr 1, 2026 1:05:28 p.m. PDT","25978195091","Order","701-6693436-8969034","330101-01K","VIVOSUN Durable Waterproof Seedling Heat Mat 10"" x 20.75"" UL & MET-Certified Warm Hydroponic Heating Pad for Germination, Indoor Gardening, Greenhouse","1","amazon.ca","Amazon","Victoria","British Columbia","V8V 3X","Combined TCS+MTC","17.99","2.16","4.25","0.51","0","0","0","0","0","0","-2.67","-2.70","-10.88","0","0","8.66","Released","Apr 1, 2026 1:05:28 p.m. PDT"
"Apr 1, 2026 1:05:47 p.m. PDT","25978195091","Refund","701-7299757-5093043","311001-15x5K","VIVOSUN 5-Pack 15 Gallon Grow Bags Heavy Duty 300G Thickened Nonwoven Plant Fabric Pots with Handles","1","amazon.ca","Amazon","Mississauga","Ontario","L5N 7S","Combined TCS+MTC","-26.99","-3.51","0","0","0","0","0","0","0","0","3.51","3.24","0","0","0","-23.75","Released","Apr 1, 2026 1:05:47 p.m. PDT"
"Apr 1, 2026 1:06:04 p.m. PDT","25978195091","Refund","701-2626385-6995434","330103K","VIVOSUN Durable Waterproof Seedling Heat Mat 48"" x 20.75"" UL & MET-Certified Warm Hydroponic Heating Pad for Germination, Indoor Gardening, Greenhouse","1","amazon.ca","Amazon","Kingston","ON","K7M 2B","Combined TCS+MTC","-47.99","-6.24","0","0","0","0","0","0","0","0","6.24","5.76","0","0","0","-42.23","Released","Apr 1, 2026 1:06:04 p.m. PDT"
"Apr 1, 2026 1:06:42 p.m. PDT","25978195091","Order","701-1910020-0155440","PL-0001K","VIVOSUN 7 x 10 Feet Pond Liner, 14.5 Mil Durable LLDPE Pond Liners for Koi Ponds, Aquaculture and Water Gardens, Black","1","amazon.ca","Amazon","New Westminster","British Columbia","V3L 3N","Combined TCS+MTC","35.99","4.32","0","0","0","0","0","0","0","0","-4.32","-5.40","-10.35","0","0","20.24","Released","Apr 1, 2026 1:06:42 p.m. PDT"
"Apr 1, 2026 1:07:03 p.m. PDT","25978195091","Order","701-9510358-8607452","311008-03x50K","VIVOSUN 50-Pack 3 Gallon Grow Bags for Plants, Black-and-White Material for Potting Up Seedlings and Rooting","1","amazon.ca","Amazon","Shell Lake","SK","S0J 2G","Combined TCS+MTC","21.59","2.37","0","0","0","0","0","0","0","0","-2.37","-3.24","-8.66","0","0","9.69","Released","Apr 1, 2026 1:07:03 p.m. PDT"
"Apr 1, 2026 1:07:18 p.m. PDT","25978195091","Order","701-6138249-5350654","311001-5*5K","VIVOSUN 5-Pack 5 Gallons Grow Bags Heavy Duty Thickened Nonwoven Fabric Pots with Handles","1","amazon.ca","Amazon","Toronto","ON","M6N 2G","Combined TCS+MTC","18.89","2.46","0","0","0","0","0","0","0","0","-2.46","-2.83","-7.71","0","0","8.35","Released","Apr 1, 2026 1:07:18 p.m. PDT"
"Apr 1, 2026 1:08:31 p.m. PDT","25978195091","Refund","701-6715080-0461033","VSE-ASH05K","VIVOSUN AeroStream H05 Intelligent Wi-Fi Humidifier, 1.32 Gal / 5 L Humidifier with Temp & Humidity Probe, Smart Remote Control, Designed for Growers","1","amazon.ca","Amazon","Saint-Lazare","QC","J7T 2G","Combined TCS+MTC","-89.99","-13.48","0","0","0","0","0","0","0","0","13.48","10.80","0","0","0","-79.19","Released","Apr 1, 2026 1:08:31 p.m. PDT"
"Apr 1, 2026 1:08:34 p.m. PDT","25978195091","Order","702-4977863-4971459","311001-10x5K","VIVOSUN 5-Pack 10 Gallon Grow Bags Heavy Duty 300G Thickened Nonwoven Plant Fabric Pots with Handles","1","amazon.ca","Amazon","Ituna","Saskatchewan","S0A 1N","Combined TCS+MTC","23.39","2.57","0","0","0","0","0","0","0","0","-2.57","-3.51","-10.26","0","0","9.62","Released","Apr 1, 2026 1:08:34 p.m. PDT"
"Apr 1, 2026 1:08:41 p.m. PDT","25978195091","Order","701-7981079-6229810","305141-PENK","VIVOSUN Digital pH Meter, 0.01pH High Accuracy Pen Type pH Tester for Hydroponics, Household Drinking, Pool and Aquarium, Black, UL Certified","1","amazon.ca","Amazon","Fairview","Alberta","T0H 1L","Combined TCS+MTC","15.19","0.76","0","0","0","0","0","0","0","0","-0.76","-2.28","-6.12","0","0","6.79","Released","Apr 1, 2026 1:08:41 p.m. PDT"
"Apr 1, 2026 1:16:32 p.m. PDT","25978195091","Refund","701-1643039-3387408","311001-20x5K","VIVOSUN 5-Pack 20 Gallons Grow Bags Heavy Duty Thickened Nonwoven Fabric Pots with Handles","1","amazon.ca","Amazon","Mississauga","Ontario","L5N 7S","Combined TCS+MTC","-29.69","-3.86","-6.99","0","0","0","0","0","6.99","0","3.86","3.56","0","0","0","-26.13","Released","Apr 1, 2026 1:16:32 p.m. PDT"
"Apr 1, 2026 1:16:45 p.m. PDT","25978195091","Order","701-3191346-6495457","311001-5*5K","VIVOSUN 5-Pack 5 Gallons Grow Bags Heavy Duty Thickened Nonwoven Fabric Pots with Handles","1","amazon.ca","Amazon","Vaudreuil-Dorion","Quebec","J7V 2W","Combined TCS+MTC","18.89","2.83","0","0","0","0","0","0","0","0","-2.83","-2.83","-7.59","0","0","8.47","Released","Apr 1, 2026 1:16:45 p.m. PDT"
"Apr 1, 2026 1:16:47 p.m. PDT","25978195091","Order","701-7990897-6887451","CBIN-BL-43K","VIVOSUN Tumbling Composter Dual Rotating Batch Compost Bin 43 Gallon Black","1","amazon.ca","Amazon","Edmonton","Alberta","T5B 2A","Combined TCS+MTC","109.99","5.50","0","0","0","0","0","0","0","0","-5.50","-16.50","-27.09","0","0","66.40","Released","Apr 1, 2026 1:16:47 p.m. PDT"
"Apr 1, 2026 1:18:33 p.m. PDT","25978195091","Order","702-8687434-4247404","311001-5*5K","VIVOSUN 5-Pack 5 Gallons Grow Bags Heavy Duty Thickened Nonwoven Fabric Pots with Handles","1","amazon.ca","Amazon","Montreal","Quebec","H3L 3E","Combined TCS+MTC","18.89","2.83","0","0","0","0","0","0","0","0","-2.83","-2.83","-7.59","0","0","8.47","Released","Apr 1, 2026 1:18:33 p.m. PDT"
"Apr 1, 2026 1:22:41 p.m. PDT","25978195091","Order","702-4793914-5042621","304113-27K","VIVOSUN S276 32""x32""x63"" Grow Tent 2.7X 2.7ft, High Reflective Mylar with Observation Window and Floor Tray for Hydroponics Indoor Plant Compatible wi","1","amazon.ca","Amazon","Cochrane","Alberta","T4C 0J","Combined TCS+MTC","116.98","5.85","0","0","0","0","0","0","0","0","-5.85","-17.55","-21.11","0","0","78.32","Released","Apr 1, 2026 1:22:41 p.m. PDT"
"Apr 1, 2026 1:29:45 p.m. PDT","25978195091","Refund","702-3239702-7651409","332573K","VIVOSUN 210GPH Submersible Pump(800L/H, 8W), Ultra Quiet Water Pump with 3.3ft High Lift, Fountain Pump with 5ft Power Cord, 2 Nozzles for Fish Tank,","1","amazon.ca","Amazon","Deschaillons-Sur-Saint-Laure","Quebec","G0S 1G","Combined TCS+MTC","-25.99","-3.89","-2.36","-0.35","0","0","0","0","0","0","4.24","3.12","2.36","0","0","-22.87","Released","Apr 1, 2026 1:29:45 p.m. PDT"
"Apr 1, 2026 1:33:28 p.m. PDT","25978195091","Order","701-7857711-4257855","330103K","VIVOSUN Durable Waterproof Seedling Heat Mat 48"" x 20.75"" UL & MET-Certified Warm Hydroponic Heating Pad for Germination, Indoor Gardening, Greenhouse","1","amazon.ca","Amazon","Picton","Ontario","K0K 2T","Combined TCS+MTC","47.99","6.24","0","0","0","0","0","0","0","0","-6.24","-7.20","-16.35","0","0","24.44","Released","Apr 1, 2026 1:33:28 p.m. PDT"
"Apr 1, 2026 1:34:24 p.m. PDT","25978195091","Order","702-5858397-3098633","311001-15x5K","VIVOSUN 5-Pack 15 Gallon Grow Bags Heavy Duty 300G Thickened Nonwoven Plant Fabric Pots with Handles","1","amazon.ca","Amazon","Regina","Saskatchewan","S4S 5E","Combined TCS+MTC","26.99","2.97","0","0","0","0","0","0","0","0","-2.97","-4.05","-10.26","0","0","12.68","Released","Apr 1, 2026 1:34:24 p.m. PDT"
"Apr 1, 2026 1:34:59 p.m. PDT","26234584771","Order","702-0288669-4252229","305131-PENK","VIVOSUN Digital pH Meter, 0.01pH High Accuracy Pen Type pH Tester for Hydroponics, Household Drinking, Pool and Aquarium, Yellow, UL Certified","1","amazon.ca","Amazon","Moose Jaw","Saskatchewan","S6H 4S","Combined TCS+MTC","15.99","1.76","0","0","0","0","0","0","0","0","-1.76","-1.92","-6.07","0","0","8.00","Released","May 1, 2026 2:36:27 p.m. PDT"
"Apr 1, 2026 1:36:24 p.m. PDT","25978195091","Refund","702-2935765-3989032","GB0100K","VIVOSUN 5 Tier Vertical Gardening Stackable Planter for Strawberries, Flowers, Herbs, Vegetables Ivory","1","amazon.ca","Amazon","Victoria","British Columbia","V8Y 3C","Combined TCS+MTC","-47.99","-5.76","0","0","0","0","0","0","0","0","5.76","5.76","0","0","0","-42.23","Released","Apr 1, 2026 1:36:24 p.m. PDT"
"Apr 1, 2026 1:39:33 p.m. PDT","25978195091","Order","702-7633516-6783442","306104-6CK","VIVOSUN 6 Inch 25 Feet Non-Insulated Flex Air Aluminum Duct for Ventilation, 2 Clamps Included","1","amazon.ca","Amazon","Saskatoon","Saskatchewan","S7K 8G","Combined TCS+MTC","28.49","3.13","3.92","0","0","0","0","0","-3.92","0","-3.13","-4.27","-11.76","0","0","12.46","Released","Apr 1, 2026 1:39:33 p.m. PDT"
"Apr 1, 2026 1:48:09 p.m. PDT","25978195091","Order","701-1826499-5078657","332021K","VIVOSUN 30X 60X Illuminated Jewelers Loupe Foldable Magnifier with LED Light for Jewelry Gems Watches Coins Stamps Antiques White","1","amazon.ca","Amazon","Ottawa","ON","K4A 0S","Combined TCS+MTC","14.99","1.95","0","0","0","0","0","0","0","0","-1.95","-1.80","-5.92","0","0","7.27","Released","Apr 1, 2026 1:48:09 p.m. PDT"
"Apr 1, 2026 1:50:37 p.m. PDT","25978195091","Order","701-4951161-5317802","311001-3*5K","VIVOSUN 5-Pack 3 Gallons Grow Bags Heavy Duty Thickened Nonwoven Fabric Pots with Handles","1","amazon.ca","Amazon","Surrey","British Columbia","V3T 1V","Combined TCS+MTC","17.99","2.16","0","0","0","0","0","0","0","0","-2.16","-2.70","-8.11","0","0","7.18","Released","Apr 1, 2026 1:50:37 p.m. PDT"
"Apr 1, 2026 1:51:17 p.m. PDT","25978195091","Order","701-7857711-4257855","330103K","VIVOSUN Durable Waterproof Seedling Heat Mat 48"" x 20.75"" UL & MET-Certified Warm Hydroponic Heating Pad for Germination, Indoor Gardening, Greenhouse","1","amazon.ca","Amazon","Picton","Ontario","K0K 2T","Combined TCS+MTC","47.99","6.24","0","0","0","0","0","0","0","0","-6.24","-7.20","-16.35","0","0","24.44","Released","Apr 1, 2026 1:51:17 p.m. PDT"
"Apr 1, 2026 1:51:21 p.m. PDT","25978195091","Order","701-6414125-2834635","311001-20x5K","VIVOSUN 5-Pack 20 Gallons Grow Bags Heavy Duty Thickened Nonwoven Fabric Pots with Handles","1","amazon.ca","Amazon","Burnaby","British Columbia","V5H 2K","Combined TCS+MTC","29.69","3.56","0","0","0","0","0","0","0","0","-3.56","-4.45","-10.08","0","0","15.16","Released","Apr 1, 2026 1:51:21 p.m. PDT"
"Apr 1, 2026 1:51:47 p.m. PDT","25978195091","Order","701-7857711-4257855","330103K","VIVOSUN Durable Waterproof Seedling Heat Mat 48"" x 20.75"" UL & MET-Certified Warm Hydroponic Heating Pad for Germination, Indoor Gardening, Greenhouse","1","amazon.ca","Amazon","Picton","Ontario","K0K 2T","Combined TCS+MTC","47.99","6.24","0","0","0","0","0","0","0","0","-6.24","-7.20","-16.35","0","0","24.44","Released","Apr 1, 2026 1:51:47 p.m. PDT"
"Apr 1, 2026 1:53:17 p.m. PDT","25978195091","Order","701-7857711-4257855","330103K","VIVOSUN Durable Waterproof Seedling Heat Mat 48"" x 20.75"" UL & MET-Certified Warm Hydroponic Heating Pad for Germination, Indoor Gardening, Greenhouse","1","amazon.ca","Amazon","Picton","Ontario","K0K 2T","Combined TCS+MTC","47.99","6.24","0","0","0","0","0","0","0","0","-6.24","-7.20","-16.35","0","0","24.44","Released","Apr 1, 2026 1:53:17 p.m. PDT"
"Apr 1, 2026 1:53:30 p.m. PDT","25978195091","Order","701-7492365-8153818","RC-0003K","VIVOSUN 1 Inch Rockwool Cubes, Grow Cubes for Hydroponics, Cuttings, Cloning, Plant Propagation, Seed Startling, 2 Sheets 100 Plugs","1","amazon.ca","Amazon","Quebec","Québec","G2B 2B","Combined TCS+MTC","15.99","2.39","2.94","0","0","0","0","0","-2.94","0","-2.39","-2.40","-7.12","0","0","6.47","Released","Apr 1, 2026 1:53:30 p.m. PDT"
"Apr 1, 2026 1:53:52 p.m. PDT","25978195091","Order","701-7857711-4257855","330103K","VIVOSUN Durable Waterproof Seedling Heat Mat 48"" x 20.75"" UL & MET-Certified Warm Hydroponic Heating Pad for Germination, Indoor Gardening, Greenhouse","1","amazon.ca","Amazon","Picton","Ontario","K0K 2T","Combined TCS+MTC","47.99","6.24","0","0","0","0","0","0","0","0","-6.24","-7.20","-16.35","0","0","24.44","Released","Apr 1, 2026 1:53:52 p.m. PDT"
"Apr 1, 2026 1:54:13 p.m. PDT","25978195091","Order","701-7857711-4257855","330103K","VIVOSUN Durable Waterproof Seedling Heat Mat 48"" x 20.75"" UL & MET-Certified Warm Hydroponic Heating Pad for Germination, Indoor Gardening, Greenhouse","1","amazon.ca","Amazon","Picton","Ontario","K0K 2T","Combined TCS+MTC","47.99","6.24","0","0","0","0","0","0","0","0","-6.24","-7.20","-16.35","0","0","24.44","Released","Apr 1, 2026 1:54:13 p.m. PDT"
"Apr 1, 2026 1:54:46 p.m. PDT","25978195091","Order","701-3621403-9916260","304113-42K","VIVOSUN S425 4x2 Grow Tent, 48""x24""x60"" High Reflective Mylar with Observation Window and Floor Tray for Hydroponics Indoor Plant for VS2000","1","amazon.ca","Amazon","Sault Ste. Marie","Ontario","P6C 5Y","Combined TCS+MTC","135.99","17.68","0","0","0","0","0","0","0","0","-17.68","-20.40","-21.57","0","0","94.02","Released","Apr 1, 2026 1:54:46 p.m. PDT"
"Apr 1, 2026 1:55:54 p.m. PDT","25978195091","Refund","702-5000272-0385022","AP-55K","VIVOSUN Commercial Air Pump 1427 GPH 55W 90L/min 12 Outlet for Aquarium and Hydroponic Systems","1","amazon.ca","Amazon","Bourget","Ontario","K0A1E","Combined TCS+MTC","-80.99","-10.53","0","0","0","0","0","0","0","0","10.53","9.72","0","0","0","-71.27","Released","Apr 1, 2026 1:55:54 p.m. PDT"
"Apr 1, 2026 1:56:15 p.m. PDT","25978195091","Order","702-6082878-3737803","332572K","VIVOSUN 800GPH Submersible Pump(3000L/H, 24W), Ultra Quiet Water Pump with 10ft High Lift, Fountain Pump with 5ft Power Cord, 3 Nozzles for Fish Tank,","1","amazon.ca","Amazon","Niagara Falls","Ontario","L2G 0L","Combined TCS+MTC","32.39","4.21","0","0","0","0","0","0","0","0","-4.21","-4.86","-8.11","0","0","19.42","Released","Apr 1, 2026 1:56:15 p.m. PDT"
"Apr 1, 2026 2:02:30 p.m. PDT","25978195091","Order","701-0692486-4489806","311008-03x50K","VIVOSUN 50-Pack 3 Gallon Grow Bags for Plants, Black-and-White Material for Potting Up Seedlings and Rooting","1","amazon.ca","Amazon","Regina","SK","S4V 1P","Combined TCS+MTC","21.59","2.37","0","0","0","0","0","0","0","0","-2.37","-3.24","-8.66","0","0","9.69","Released","Apr 1, 2026 2:02:30 p.m. PDT"
"Apr 1, 2026 2:04:20 p.m. PDT","25978195091","Refund","702-3366245-8782620","304866x4-K","VIVOSUN 4-Pack Self Adhesive Zipper Door for Debris Barriers, 3In. x 7Ft. Peel & Stick, Heavy-Duty & Double-Sided Zipper for Tarp, Greenhouse, Indoor","1","amazon.ca","Amazon","Hamilton","Ontario","L8R 1T","Combined TCS+MTC","-45.99","-5.98","-2.33","0","0","0","0","0","2.33","0","5.98","5.52","0","0","0","-40.47","Released","Apr 1, 2026 2:04:20 p.m. PDT"
"Apr 1, 2026 2:04:47 p.m. PDT","25978195091","Order","701-8918388-7666609","330701-01K","VIVOSUN Heavy-Duty Polyester Plant Trellis Netting 5 x 15ft, 1 Pack","1","amazon.ca","Amazon","Bradford","Ontario","L3Z 0M","Combined TCS+MTC","9.99","1.30","0","0","0","0","0","0","0","0","-1.30","-1.50","-3.61","0","0","4.88","Released","Apr 1, 2026 2:04:47 p.m. PDT"
"Apr 1, 2026 2:05:33 p.m. PDT","25978195091","Refund","701-7616569-1679456","LOUPE-004K","VIVOSUN 30X Rechargeable Loupe Magnifier with White LED Light and UV Light, Portable Magnifying Glass with Optical Glass Lens & Scale for Jewelry, Tex","1","amazon.ca","Amazon","Montreal","Quebec","H2H2L","Combined TCS+MTC","-23.74","-3.56","0","0","0","0","0","0","0","0","3.56","2.28","0","0","0","-21.46","Released","Apr 1, 2026 2:05:33 p.m. PDT"
"Apr 1, 2026 2:06:03 p.m. PDT","25978195091","Order","701-0961477-9131428","311001-15x5K","VIVOSUN 5-Pack 15 Gallon Grow Bags Heavy Duty 300G Thickened Nonwoven Plant Fabric Pots with Handles","1","amazon.ca","Amazon","Barrie","Ontario","L4M 0A","Combined TCS+MTC","26.99","3.51","0","0","0","0","0","0","0","0","-3.51","-4.05","-10.26","0","0","12.68","Released","Apr 1, 2026 2:06:03 p.m. PDT"
"Apr 1, 2026 2:06:25 p.m. PDT","25978195091","Order","701-7904166-6773809","Spray-SX-CS4K","VIVOSUN 1 Gallon Pump Pressure Sprayer, 4L Pressurized Lawn & Garden Water Spray Bottle with 3 Water Nozzles, Adjustable Shoulder Strap, Pressure Reli","1","amazon.ca","Amazon","Woodbridge","Ontario","L4H 0X","Combined TCS+MTC","39.59","5.15","3.27","0","0","0","0","0","-3.27","0","-5.15","-5.94","-11.25","0","0","22.40","Released","Apr 1, 2026 2:06:25 p.m. PDT"
"Apr 1, 2026 2:07:27 p.m. PDT","25978195091","Order","702-5729276-2973843","VSG-ESPRAY-2L-CA","VIVOSUN Battery Powered Sprayer 0.5Gallon, Electric Spray Bottle USB Rechargeable, Automatic Water Pump Plant Mister with Adjustable Pressure, Easy to","1","amazon.ca","Amazon","Vancouver","British Columbia","V6M 3A","Combined TCS+MTC","42.29","5.07","6.99","0","0","0","0","0","-6.99","0","-5.07","-6.34","-10.27","0","0","25.68","Released","Apr 1, 2026 2:07:27 p.m. PDT"
"Apr 1, 2026 2:13:52 p.m. PDT","25978195091","Order","701-3053905-9977049","330103K","VIVOSUN Durable Waterproof Seedling Heat Mat 48"" x 20.75"" UL & MET-Certified Warm Hydroponic Heating Pad for Germination, Indoor Gardening, Greenhouse","1","amazon.ca","Amazon","Kamloops","British Columbia","V2B 1C","Combined TCS+MTC","47.99","5.76","0","0","0","0","0","0","0","0","-5.76","-7.20","-16.35","0","0","24.44","Released","Apr 1, 2026 2:13:52 p.m. PDT"
"Apr 1, 2026 2:13:53 p.m. PDT","25978195091","Order","701-0731486-1169035","311003-4K","VIVOSUN 6.5 Inch Gardening Scissors Hand Pruner Pruning Shear with Straight Stainless Steel Blades Orange 1-Pack","1","amazon.ca","Amazon","Abbotsford","British Columbia","V2S0N","Combined TCS+MTC","9.99","1.20","2.33","0","0","0","0","0","-2.33","0","-1.20","-1.50","-3.86","0","0","4.63","Released","Apr 1, 2026 2:13:53 p.m. PDT"
"Apr 1, 2026 2:15:20 p.m. PDT","25978195091","Order","702-3227390-5954640","311011-10K","VIVOSUN 5 Pack 10 Gallon Square Grow Bags, Thick Fabric Bags with Handles","1","amazon.ca","Amazon","QUALICUM BEACH","British Columbia","V9K 1Z","Combined TCS+MTC","26.99","3.24","0","0","0","0","0","0","0","0","-3.24","-4.05","-8.85","0","0","14.09","Released","Apr 1, 2026 2:15:20 p.m. PDT"
"Apr 1, 2026 2:16:11 p.m. PDT","25978195091","Order","701-2140259-4057858","307281-2K","VIVOSUN 2-Pack Clamp Lamp Light with Detachable 8.5 Inch Aluminum Reflector up to 150 Watt E26 Socket (No Bulb Included), 6 Feet Cord, UL Listed, Type","1","amazon.ca","Amazon","Dunsford","Ontario","K0M 1L","Combined TCS+MTC","31.49","4.09","0","0","0","0","0","0","0","0","-4.09","-4.72","-10.26","0","0","16.51","Released","Apr 1, 2026 2:16:11 p.m. PDT"
"Apr 1, 2026 2:17:08 p.m. PDT","25978195091","Order","701-2825164-6885069","311001-15x5K","VIVOSUN 5-Pack 15 Gallon Grow Bags Heavy Duty 300G Thickened Nonwoven Plant Fabric Pots with Handles","3","amazon.ca","Amazon","Lac-Beauport","Quebec","G3B 0V","Combined TCS+MTC","80.97","12.12","9.80","0","0","0","0","0","-9.80","0","-12.12","-12.15","-30.78","0","0","38.04","Released","Apr 1, 2026 2:17:08 p.m. PDT"
"Apr 1, 2026 2:19:19 p.m. PDT","25978195091","Order","702-5656832-3653811","304113-84K","VIVOSUN S848 4x8 Grow Tent 96""x48""x80"" High Reflective Mylar Tents with Observation Window and Floor Tray for Hydroponics Indoor Plant for VS4000/VSF4","1","amazon.ca","Amazon","Beaverlodge","Alberta","T0H 0C","Combined TCS+MTC","229.35","11.47","0","0","0","0","0","0","0","0","-11.47","-34.40","-31.69","0","0","163.26","Released","Apr 1, 2026 2:19:19 p.m. PDT"
"Apr 1, 2026 2:21:09 p.m. PDT","25978195091","Order","701-4275752-4152234","332572K","VIVOSUN 800GPH Submersible Pump(3000L/H, 24W), Ultra Quiet Water Pump with 10ft High Lift, Fountain Pump with 5ft Power Cord, 3 Nozzles for Fish Tank,","1","amazon.ca","Amazon","Winnipeg","Manitoba","R3X 1C","Combined TCS+MTC","39.99","4.80","0","0","0","0","0","0","0","0","-4.80","-6.00","-8.11","0","0","25.88","Released","Apr 1, 2026 2:21:09 p.m. PDT"
"Apr 1, 2026 2:24:35 p.m. PDT","25978195091","Order","701-0285460-4679477","332022K","VIVOSUN 30X 60X Illuminated Jewelers Loupe Foldable Magnifier with LED Light for Jewelry Gems Watches Coins Stamps Antiques Black","2","amazon.ca","Amazon","alouette","Quebec","G0V1A","Combined TCS+MTC","25.98","3.90","6.53","0","0","0","0","0","-6.53","0","-3.90","-3.12","-10.24","0","0","12.62","Released","Apr 1, 2026 2:24:35 p.m. PDT"
"Apr 1, 2026 2:26:24 p.m. PDT","25978195091","Refund","702-6481977-7251451","306201PS-4K","VIVOSUN Ventilation Kit 4 Inch 190 CFM Inline Fan with Speed Controller, 4 Inch Carbon Filter and 8 Feet of Ducting for Grow Tent","1","amazon.ca","Amazon","Vancouver","British Columbia","V6B 5P","Combined TCS+MTC","-121.49","-14.58","0","0","0","0","0","0","0","0","14.58","14.58","0","0","0","-106.91","Released","Apr 1, 2026 2:26:24 p.m. PDT"
"Apr 1, 2026 2:30:29 p.m. PDT","25978195091","Order","702-3305528-7738602","330102K","VIVOSUN Durable Waterproof Seedling Heat Mat 20"" x 20.75"" UL & MET-Certified Warm Hydroponic Heating Pad for Germination, Indoor Gardening, Greenhouse","1","amazon.ca","Amazon","Bancroft","Ontario","K0L 1C","Combined TCS+MTC","32.39","4.21","0","0","0","0","0","0","0","0","-4.21","-4.86","-14.21","0","0","13.32","Released","Apr 1, 2026 2:30:29 p.m. PDT"
"Apr 1, 2026 2:30:54 p.m. PDT","25978195091","Order","701-0984075-0506605","CBIN-BL-43K","VIVOSUN Tumbling Composter Dual Rotating Batch Compost Bin 43 Gallon Black","1","amazon.ca","Amazon","Bancroft","Ontario","K0L 1C","Combined TCS+MTC","109.99","14.30","0","0","0","0","0","0","0","0","-14.30","-16.50","-27.09","0","0","66.40","Released","Apr 1, 2026 2:30:54 p.m. PDT"
"Apr 1, 2026 2:31:50 p.m. PDT","25978195091","Order","701-8094535-5196217","305131-PENK","VIVOSUN Digital pH Meter, 0.01pH High Accuracy Pen Type pH Tester for Hydroponics, Household Drinking, Pool and Aquarium, Yellow, UL Certified","1","amazon.ca","Amazon","Oshawa","Ontario","L1J 6E","Combined TCS+MTC","15.99","2.08","0","0","0","0","0","0","0","0","-2.08","-1.92","-6.12","0","0","7.95","Released","Apr 1, 2026 2:31:50 p.m. PDT"
"Apr 1, 2026 2:32:30 p.m. PDT","25978195091","Order","702-9108707-2588264","330101x2K","VIVOSUN 2 Pack Durable Waterproof Seedling Heat Mat 10"" x 20.75"" UL & MET-Certified Warm Hydroponic Heating Pad for Germination, Indoor Gardening, Gre","1","amazon.ca","Amazon","Peterborough","Ontario","K9J 2E","Combined TCS+MTC","32.39","4.21","0","0","0","0","0","0","0","0","-4.21","-4.86","-7.82","0","0","19.71","Released","Apr 1, 2026 2:32:30 p.m. PDT"
"Apr 1, 2026 2:33:08 p.m. PDT","25978195091","Order","702-1102562-7333847","311001-7*5K","VIVOSUN 5-Pack 7 Gallon Grow Bags Heavy Duty 300G Thickened Nonwoven Plant Fabric Pots with Handles","1","amazon.ca","Amazon","Oshawa","Ontario","L1L 0H","Combined TCS+MTC","22.99","2.99","0","0","0","0","0","0","0","0","-2.99","-3.45","-7.82","0","0","11.72","Released","Apr 1, 2026 2:33:08 p.m. PDT"
"Apr 1, 2026 2:33:25 p.m. PDT","25978195091","Order","702-1453269-6785834","VSG-PPS-05GK","VIVOSUN 1.35-Gallon Pump Sprayer, Pressurized Lawn & Garden Sprayer with Adjustable Shoulder Strap, for Plants Spraying, Garden Watering and Household","1","amazon.ca","Amazon","Baltimore","Ontario","K0K 1C","Combined TCS+MTC","38.69","5.03","0","0","0","0","0","0","0","0","-5.03","-5.80","-11.43","0","0","21.46","Released","Apr 1, 2026 2:33:25 p.m. PDT"
"Apr 1, 2026 2:33:29 p.m. PDT","25978195091","Order","701-6279061-6663406","330101-01K","VIVOSUN Durable Waterproof Seedling Heat Mat 10"" x 20.75"" UL & MET-Certified Warm Hydroponic Heating Pad for Germination, Indoor Gardening, Greenhouse","2","amazon.ca","Amazon","Squamish","British Columbia","V8B0B","Combined TCS+MTC","39.98","4.80","0","0","0","0","0","0","0","0","-4.80","-6.00","-14.40","0","0","19.58","Released","Apr 1, 2026 2:33:29 p.m. PDT"
"Apr 1, 2026 2:33:51 p.m. PDT","25978195091","Order","701-6993116-5413018","305131-PENK","VIVOSUN Digital pH Meter, 0.01pH High Accuracy Pen Type pH Tester for Hydroponics, Household Drinking, Pool and Aquarium, Yellow, UL Certified","1","amazon.ca","Amazon","70 Mile House","British Columbia","V0K 2K","Combined TCS+MTC","15.99","1.92","0","0","0","0","0","0","0","0","-1.92","-1.92","-6.55","0","0","7.52","Released","Apr 1, 2026 2:33:51 p.m. PDT"
"Apr 1, 2026 2:34:32 p.m. PDT","25978195091","Order","701-6794452-3989034","CBIN-BLO-43K","VIVOSUN Outdoor Tumbling Composter Dual Rotating Batch Compost Bin, 43 Gallon Orange Door","1","amazon.ca","Amazon","Masset","British Columbia","V0T 1M","Combined TCS+MTC","109.99","13.20","82.62","9.91","0","0","0","0","0","0","-23.11","-16.50","-110.17","0","0","65.94","Released","Apr 1, 2026 2:34:32 p.m. PDT"
"Apr 1, 2026 2:35:43 p.m. PDT","25978195091","Refund","701-1305157-4141809","305130-PENK","VIVOSUN pH and TDS Meter Combo, 0.05ph High Accuracy Pen Type pH Meter ± 2% Readout Accuracy 3-in-1 TDS EC Temperature Meter for Hydroponics, Househo","1","amazon.ca","Amazon","Mont-Laurier","QC","J9L 1K","Combined TCS+MTC","-24.69","-3.70","0","0","0","0","0","0","0","0","3.70","2.37","0","0","0","-22.32","Released","Apr 1, 2026 2:35:43 p.m. PDT"
"Apr 1, 2026 2:38:54 p.m. PDT","25978195091","Refund","702-9914815-9152258","305131-PENK","VIVOSUN Digital pH Meter, 0.01pH High Accuracy Pen Type pH Tester for Hydroponics, Household Drinking, Pool and Aquarium, Yellow, UL Certified","1","amazon.ca","Amazon","Calgary","Alberta","T3A 1R","Combined TCS+MTC","-15.99","-0.80","0","0","0","0","0","0","0","0","0.80","1.54","0","0","0","-14.45","Released","Apr 1, 2026 2:38:54 p.m. PDT"
"Apr 1, 2026 2:40:26 p.m. PDT","25978195091","Order","702-0442131-4395446","330101x2K","VIVOSUN 2 Pack Durable Waterproof Seedling Heat Mat 10"" x 20.75"" UL & MET-Certified Warm Hydroponic Heating Pad for Germination, Indoor Gardening, Gre","1","amazon.ca","Amazon","Surrey","British Columbia","V3T 3B","Combined TCS+MTC","35.99","4.32","3.50","0","0","0","0","0","-3.50","0","-4.32","-5.40","-8.37","0","0","22.22","Released","Apr 1, 2026 2:40:26 p.m. PDT"
"Apr 1, 2026 2:40:39 p.m. PDT","25978195091","Order","701-7722121-6104254","311001-30x5K","VIVOSUN 5-Pack 30 Gallons Grow Bags Heavy Duty Thickened Nonwoven Fabric Pots with Handles","1","amazon.ca","Amazon","Trenton","Ontario","K8V 1Y","Combined TCS+MTC","35.99","4.68","0","0","0","0","0","0","0","0","-4.68","-5.40","-11.97","0","0","18.62","Released","Apr 1, 2026 2:40:39 p.m. PDT"
"Apr 1, 2026 2:40:52 p.m. PDT","25978195091","Order","702-6054992-2665039","CBIN-H500K","VIVOSUN 500 Gallon Outdoor Compost Bin, Expandable Composter, Easy to Setup & Large Capacity for Backyard, Lawn (Black with Gloves)","1","amazon.ca","Amazon","Kitchener","Ontario","N2B 2T","Combined TCS+MTC","64.99","8.45","0","0","0","0","0","0","0","0","-8.45","-9.75","-18.81","0","0","36.43","Released","Apr 1, 2026 2:40:52 p.m. PDT"
"Apr 1, 2026 2:41:38 p.m. PDT","25978195091","Order","702-8907012-6822645","330101x2K","VIVOSUN 2 Pack Durable Waterproof Seedling Heat Mat 10"" x 20.75"" UL & MET-Certified Warm Hydroponic Heating Pad for Germination, Indoor Gardening, Gre","1","amazon.ca","Amazon","Belleville","Ontario","K8N 0E","Combined TCS+MTC","32.39","4.21","0","0","0","0","0","0","0","0","-4.21","-4.86","-7.95","0","0","19.58","Released","Apr 1, 2026 2:41:38 p.m. PDT"
"Apr 1, 2026 2:42:37 p.m. PDT","25978195091","Order","701-6798967-9961824","305130-PENK","VIVOSUN pH and TDS Meter Combo, 0.05ph High Accuracy Pen Type pH Meter ± 2% Readout Accuracy 3-in-1 TDS EC Temperature Meter for Hydroponics, Househo","1","amazon.ca","Amazon","Vancouver","British Columbia","V6H 1P","Combined TCS+MTC","25.99","3.12","6.99","0","0","0","0","0","-6.99","0","-3.12","-3.12","-6.55","0","0","16.32","Released","Apr 1, 2026 2:42:37 p.m. PDT"
"Apr 1, 2026 2:49:02 p.m. PDT","25978195091","Order","701-9748837-2698612","311021-3x5K","VIVOSUN 5-Pack 3 Gallon Grow Bags Heavy Duty 300G Thickened Nonwoven Plant Fabric Pots with Handles Tan","2","amazon.ca","Amazon","Hillsborough","New Brunswick","E4H 3G","Combined TCS+MTC","39.98","6.00","0","0","0","0","0","0","0","0","-6.00","-6.00","-14.56","0","0","19.42","Released","Apr 1, 2026 2:49:02 p.m. PDT"
"Apr 1, 2026 2:49:02 p.m. PDT","25978195091","Order","701-9748837-2698612","311021-2x5K","VIVOSUN 5-Pack 2 Gallon Grow Bags Heavy Duty 300G Thickened Nonwoven Plant Fabric Pots with Handles Tan","3","amazon.ca","Amazon","Hillsborough","New Brunswick","E4H 3G","Combined TCS+MTC","53.97","8.10","0","0","0","0","0","0","0","0","-8.10","-8.10","-19.89","0","0","25.98","Released","Apr 1, 2026 2:49:02 p.m. PDT"
"Apr 1, 2026 2:49:19 p.m. PDT","25978195091","Order","702-0997953-4615446","330101-01K","VIVOSUN Durable Waterproof Seedling Heat Mat 10"" x 20.75"" UL & MET-Certified Warm Hydroponic Heating Pad for Germination, Indoor Gardening, Greenhouse","2","amazon.ca","Amazon","Upper Tantallon","Nova Scotia","B3Z 2J","Combined TCS+MTC","35.98","5.04","0","0","0","0","0","0","0","0","-5.04","-5.40","-13.26","0","0","17.32","Released","Apr 1, 2026 2:49:19 p.m. PDT"
"Apr 1, 2026 2:49:31 p.m. PDT","25978195091","Order","702-7972477-9598615","CBIN-BLO-43K","VIVOSUN Outdoor Tumbling Composter Dual Rotating Batch Compost Bin, 43 Gallon Orange Door","1","amazon.ca","Amazon","Wallaceburg","Ontario","N8A 4L","Combined TCS+MTC","109.99","14.30","0","0","0","0","0","0","0","0","-14.30","-16.50","-27.55","0","0","65.94","Released","Apr 1, 2026 2:49:31 p.m. PDT"
"Apr 1, 2026 2:49:46 p.m. PDT","25978195091","Order","702-7140926-1384202","311008-03x50K","VIVOSUN 50-Pack 3 Gallon Grow Bags for Plants, Black-and-White Material for Potting Up Seedlings and Rooting","4","amazon.ca","Amazon","Terrebonne","Quebec","J7M 2C","Combined TCS+MTC","86.36","12.92","11.75","0","0","0","0","0","-11.75","0","-12.92","-12.96","-34.64","0","0","38.76","Released","Apr 1, 2026 2:49:46 p.m. PDT"
"Apr 1, 2026 2:51:46 p.m. PDT","25978195091","Order","701-3276394-9658627","308131K","VIVOSUN Highly Reflective Mylar Film Roll 4FT x 25FT for Outdoor Grow Room Indoor Decoration Aluminum Paint Coated 2 Mil Silver","1","amazon.ca","Amazon","Laval","QC","H7S 2L","Combined TCS+MTC","29.99","4.49","0","0","0","0","0","0","0","0","-4.49","-4.50","-14.67","0","0","10.82","Released","Apr 1, 2026 2:51:46 p.m. PDT"
"Apr 1, 2026 2:52:35 p.m. PDT","25978195091","Order","701-3616912-9949806","308131K","VIVOSUN Highly Reflective Mylar Film Roll 4FT x 25FT for Outdoor Grow Room Indoor Decoration Aluminum Paint Coated 2 Mil Silver","1","amazon.ca","Amazon","Lorraine","Quebec","J6Z 2W","Combined TCS+MTC","34.99","5.24","0","0","0","0","0","0","0","0","-5.24","-5.25","-14.67","0","0","15.07","Released","Apr 1, 2026 2:52:35 p.m. PDT"
"Apr 1, 2026 2:54:53 p.m. PDT","25978195091","Order","701-2096380-1276243","311001-20x5K","VIVOSUN 5-Pack 20 Gallons Grow Bags Heavy Duty Thickened Nonwoven Fabric Pots with Handles","1","amazon.ca","Amazon","Corner Brook","Newfoundland","A2H 5K","Combined TCS+MTC","32.99","4.95","0","0","0","0","0","0","0","0","-4.95","-4.95","-10.08","0","0","17.96","Released","Apr 1, 2026 2:54:53 p.m. PDT"
"Apr 1, 2026 2:55:46 p.m. PDT","25978195091","Order","702-2511269-6673025","330101-01K","VIVOSUN Durable Waterproof Seedling Heat Mat 10"" x 20.75"" UL & MET-Certified Warm Hydroponic Heating Pad for Germination, Indoor Gardening, Greenhouse","1","amazon.ca","Amazon","ANTIGONISH","Nova Scotia","B2G 3A","Combined TCS+MTC","17.99","2.52","3.26","0","0","0","0","0","-3.26","0","-2.52","-2.70","-6.63","0","0","8.66","Released","Apr 1, 2026 2:55:46 p.m. PDT"
"Apr 1, 2026 2:55:56 p.m. PDT","25978195091","Order","701-4492004-3492224","RP-001K","VIVOSUN Self-Watering Planters, 4-Pack 10.5 Inch Compact Rectangular Window Herb Planter Box with 10 PCS Plant Labels, Plant Container for Basil, Flow","1","amazon.ca","Amazon","Lantzville","BC","V0R 2H","Combined TCS+MTC","35.99","4.32","0","0","0","0","0","0","0","0","-4.32","-5.40","-11.75","0","0","18.84","Released","Apr 1, 2026 2:55:56 p.m. PDT"
"Apr 1, 2026 2:56:22 p.m. PDT","25978195091","Order","701-4185246-1751452","VSF-AWE6W-G2K","VIVOSUN AeroWave E6 Grow Tent Fan 6"", EC Motor, Smart Wifi Control, US Patented Auto Oscillating Clip fan, Weatherproof IP-54, Strong Airflow but Quie","1","amazon.ca","Amazon","Paradise","Newfoundland","A1L 0S","Combined TCS+MTC","62.99","9.45","0","0","0","0","0","0","0","0","-9.45","-9.45","-10.71","0","0","42.83","Released","Apr 1, 2026 2:56:22 p.m. PDT"
"Apr 1, 2026 2:56:45 p.m. PDT","25978195091","Order","701-5063210-4565829","AP-40kitK","VIVOSUN Air Pump Kit, with 40 W 1110 GPH Commercial Air Pump, 8-Way Splitter, 2 Pcs Air Stones, 25 ft Air Tubing, 2 Pcs Check Valves, for Aquarium, Fi","1","amazon.ca","Amazon","Sidney","British Columbia","V8L 4C","Combined TCS+MTC","79.99","9.60","0","0","0","0","0","0","0","0","-9.60","-12.00","-12.33","0","0","55.66","Released","Apr 1, 2026 2:56:45 p.m. PDT"
"Apr 1, 2026 2:57:02 p.m. PDT","25978195091","Order","702-0034172-5889832","330301K","VIVOSUN 10""x20.75"" Seedling Heat Mat with Built-in Temperature Controller, UL & MET-Certified Waterproof Plant Heating Pad for Germination, Hydroponic","1","amazon.ca","Amazon","Newcomb Corner","Nova Scotia","B0N 1X","Combined TCS+MTC","27.99","3.92","0","0","0","0","0","0","0","0","-3.92","-4.20","-7.23","0","0","16.56","Released","Apr 1, 2026 2:57:02 p.m. PDT"
"Apr 1, 2026 2:57:03 p.m. PDT","25978195091","Order","701-7760588-9921823","330101x2K","VIVOSUN 2 Pack Durable Waterproof Seedling Heat Mat 10"" x 20.75"" UL & MET-Certified Warm Hydroponic Heating Pad for Germination, Indoor Gardening, Gre","2","amazon.ca","Amazon","Paradise","Newfoundland","A1L 0S","Combined TCS+MTC","64.78","9.72","0","0","0","0","0","0","0","0","-9.72","-9.72","-15.64","0","0","39.42","Released","Apr 1, 2026 2:57:03 p.m. PDT"
"Apr 1, 2026 2:57:12 p.m. PDT","25978195091","Order","702-2859678-1335434","RC-0003K","VIVOSUN 1 Inch Rockwool Cubes, Grow Cubes for Hydroponics, Cuttings, Cloning, Plant Propagation, Seed Startling, 2 Sheets 100 Plugs","1","amazon.ca","Amazon","Toronto","Ontario","M5A 2N","Combined TCS+MTC","15.99","2.08","0","0","0","0","0","0","0","0","-2.08","-2.40","-7.12","0","0","6.47","Released","Apr 1, 2026 2:57:12 p.m. PDT"
"Apr 1, 2026 2:58:33 p.m. PDT","25978195091","Order","702-2892348-9097039","306109-48K","VIVOSUN 4 Inch 8 Feet Black Non-Insulated Flex Air Aluminum Ducting for HVAC Ventilation w/Two 4 Inch Stainless Steel Clamps","1","amazon.ca","Amazon","Laval","Quebec","H7W 4P","Combined TCS+MTC","17.99","2.69","0","0","0","0","0","0","0","0","-2.69","-2.70","-7.28","0","0","8.01","Released","Apr 1, 2026 2:58:33 p.m. PDT"
"Apr 1, 2026 2:58:33 p.m. PDT","25978195091","Order","702-2892348-9097039","VC-0001K","VIVOSUN 2-Pcs Grow Tent Vent Cover, 4""/6""/8"" Duct Filter Vent Cover with Elastic Band and Fixed Buckle for Plant Grow Tent Vent, 4inches, 2pcs/Pack","1","amazon.ca","Amazon","Laval","Quebec","H7W 4P","Combined TCS+MTC","12.49","1.87","0","0","0","0","0","0","0","0","-1.87","-1.87","-5.47","0","0","5.15","Released","Apr 1, 2026 2:58:33 p.m. PDT"
"Apr 1, 2026 2:58:33 p.m. PDT","25978195091","Order","702-2892348-9097039","VSV-IFP4CK","VIVOSUN 4"" Inline Booster Duct Fan with Speed Regulator, 130 CFM Quiet Exhaust Fan for HVAC Ventilation in Grow Tents, Basements, Bathrooms, Kitchens,","1","amazon.ca","Amazon","Laval","Quebec","H7W 4P","Combined TCS+MTC","34.99","5.24","0","0","0","0","0","0","0","0","-5.24","-5.25","-8.20","0","0","21.54","Released","Apr 1, 2026 2:58:33 p.m. PDT"
"Apr 1, 2026 3:01:41 p.m. PDT","25978195091","Order","702-7988805-3620244","VSK-GIYS336-CA","VIVOSUN GIY Smart Grow Tent System 3x3, WiFi-Integrated Grow Tent Kit 36""x36""x72"", with Automate Ventilation Circulation, Full Spectrum 200W LED Grow","1","amazon.ca","Amazon","Lancaster Park","Alberta","T0A 2H","Combined TCS+MTC","510.29","25.51","0","0","0","0","0","0","0","0","-25.51","-76.54","-40.27","0","0","393.48","Released","Apr 1, 2026 3:01:41 p.m. PDT"
"Apr 1, 2026 3:06:36 p.m. PDT","25978195091","Order","701-3906434-7951462","311003-4K","VIVOSUN 6.5 Inch Gardening Scissors Hand Pruner Pruning Shear with Straight Stainless Steel Blades Orange 1-Pack","1","amazon.ca","Amazon","Saskatoon","SK","S7H 3X","Combined TCS+MTC","9.59","1.05","0","0","0","0","0","0","0","0","-1.05","-1.44","-3.61","0","0","4.54","Released","Apr 1, 2026 3:06:36 p.m. PDT"
"Apr 1, 2026 3:13:27 p.m. PDT","25978195091","Order","702-7737330-9381063","311001-3*5K","VIVOSUN 5-Pack 3 Gallons Grow Bags Heavy Duty Thickened Nonwoven Fabric Pots with Handles","3","amazon.ca","Amazon","Cap-Saint-Ignace","Quebec","G0R 1H","Combined TCS+MTC","53.97","8.07","0","0","0","0","0","0","0","0","-8.07","-8.10","-24.33","0","0","21.54","Released","Apr 1, 2026 3:13:27 p.m. PDT"
"Apr 1, 2026 3:13:43 p.m. PDT","25978195091","Order","702-3396341-3187452","VSF-AWE6W-G2K","VIVOSUN AeroWave E6 Grow Tent Fan 6"", EC Motor, Smart Wifi Control, US Patented Auto Oscillating Clip fan, Weatherproof IP-54, Strong Airflow but Quie","1","amazon.ca","Amazon","La Pocatière","Quebec","G0R1Z","Combined TCS+MTC","62.99","9.43","3.27","0","0","0","0","0","-3.27","0","-9.43","-9.45","-10.71","0","0","42.83","Released","Apr 1, 2026 3:13:43 p.m. PDT"
"Apr 1, 2026 3:15:09 p.m. PDT","25978195091","Refund","702-8111020-4905823","331101-6K","VIVOSUN 6 Inch Inline Duct Fan 240 CFM, HVAC Exhaust Ventilation Fan with Low Noise for Basements, Bathrooms, Kitchens and Attics, Silver","1","amazon.ca","Amazon","St. Catharines","Ontario","L2M 2M","Combined TCS+MTC","-32.99","-4.29","0","0","0","0","0","0","0","0","4.29","3.96","0","0","0","-29.03","Released","Apr 1, 2026 3:15:09 p.m. PDT"
"Apr 1, 2026 3:18:43 p.m. PDT","25978195091","Refund","701-3105192-3998630","331101-4K","VIVOSUN 4 Inch Inline Duct Fan 100 CFM, HVAC Exhaust Ventilation Fan with Low Noise for Basements, Bathrooms, Kitchens and Attics, Silver","1","amazon.ca","Amazon","Saskatoon","Saskatchewan","S7J 2T","Combined TCS+MTC","-26.99","-2.97","0","0","0","0","0","0","0","0","2.97","3.24","0","0","0","-23.75","Released","Apr 1, 2026 3:18:43 p.m. PDT"
"Apr 1, 2026 3:25:43 p.m. PDT","25978195091","Order","702-3506246-7961815","311001-20x5K","VIVOSUN 5-Pack 20 Gallons Grow Bags Heavy Duty Thickened Nonwoven Fabric Pots with Handles","1","amazon.ca","Amazon","Surrey","British Columbia","V3S 8H","Combined TCS+MTC","29.69","3.56","0","0","0","0","0","0","0","0","-3.56","-4.45","-10.08","0","0","15.16","Released","Apr 1, 2026 3:25:43 p.m. PDT"
"Apr 1, 2026 3:26:56 p.m. PDT","25978195091","Order","701-3158153-1809058","311003-5K","VIVOSUN 6.5 Inch Gardening Scissors Hand Pruner Pruning Shear with Titanium Coated Curved Precision Blades 1-Pack","1","amazon.ca","Amazon","Kelowna","British Columbia","V1Z 2W","Combined TCS+MTC","8.99","1.08","0","0","0","0","0","0","0","0","-1.08","-1.35","-3.61","0","0","4.03","Released","Apr 1, 2026 3:26:56 p.m. PDT"
"Apr 1, 2026 3:27:04 p.m. PDT","25978195091","Order","702-0397782-4091401","332582-100K","VIVOSUN 1150GPH 100W Submersible Pump for Fish Tank, Pond, Aquarium, Hydroponic Systems with 5ft Power Cord and 4 Nozzles Blue","1","amazon.ca","Amazon","Tappen","British Columbia","V0E 2X","Combined TCS+MTC","42.49","5.10","0","0","0","0","0","0","0","0","-5.10","-6.37","-10.44","0","0","25.68","Released","Apr 1, 2026 3:27:04 p.m. PDT"
"Apr 1, 2026 3:27:30 p.m. PDT","25978195091","Order","702-5151024-5288233","311001-20x5K","VIVOSUN 5-Pack 20 Gallons Grow Bags Heavy Duty Thickened Nonwoven Fabric Pots with Handles","1","amazon.ca","Amazon","Nanaimo","British Columbia","V9R 0B","Combined TCS+MTC","29.69","3.56","0","0","0","0","0","0","0","0","-3.56","-4.45","-10.08","0","0","15.16","Released","Apr 1, 2026 3:27:30 p.m. PDT"
"Apr 1, 2026 3:27:49 p.m. PDT","25978195091","Order","701-6887155-2577865","311001-7x10K","VIVOSUN 10-Pack 7 Gallon Grow Bags Heavy Duty 300G Thickened Nonwoven Plant Fabric Pots with Handles","1","amazon.ca","Amazon","Surrey","British Columbia","V4N 3B","Combined TCS+MTC","35.99","4.32","0","0","0","0","0","0","0","0","-4.32","-5.40","-10.62","0","0","19.97","Released","Apr 1, 2026 3:27:49 p.m. PDT"
"Apr 1, 2026 3:29:44 p.m. PDT","25978195091","Order","702-3678782-9518632","WP-330K","VIVOSUN 330 GPH Water Transfer Utility Pump 115V 1/10HP with Water Hose Kit, Impeller and Gasket","1","amazon.ca","Amazon","Qualicum Beach","British Columbia","V9K 1C","Combined TCS+MTC","59.49","7.14","5.90","0","0","0","0","0","-5.90","0","-7.14","-8.92","-11.75","0","0","38.82","Released","Apr 1, 2026 3:29:44 p.m. PDT"
"Apr 1, 2026 3:29:47 p.m. PDT","25978195091","Order","701-1397588-5832269","VSE-ATW70K","VIVOSUN AeroFlux Smart Grow Tent Heater with Thermostat, 700W PTC Heating, Compact & Portable with VPD, APP Control & Overheat Protection, Included Ex","1","amazon.ca","Amazon","Clairmont","Alberta","T8X 5G","Combined TCS+MTC","198.54","9.93","0","0","0","0","0","0","0","0","-9.93","-29.78","-13.45","0","0","155.31","Released","Apr 1, 2026 3:29:47 p.m. PDT"
"Apr 1, 2026 3:30:15 p.m. PDT","25978195091","Order","702-2486595-9655440","332567K","VIVOSUN 2700 GPH Submersible Water Pump, 120W Pond Pump, Ultra Quiet Aquarium Pump with 15FT. Lift Height for Pond Waterfall, Fish Tank, Statuary, or","1","amazon.ca","Amazon","Qualicum Beach","British Columbia","V9K 1H","Combined TCS+MTC","89.99","10.80","0","0","0","0","0","0","0","0","-10.80","-13.50","-17.67","0","0","58.82","Released","Apr 1, 2026 3:30:15 p.m. PDT"
"Apr 1, 2026 3:30:45 p.m. PDT","25978195091","Adjustment","","306101W-4K","FBA Inventory Reimbursement - Lost:Warehouse","1","","","","","","","0","0","0","0","0","0","0","0","0","0","0","0","0","0","11.60","11.60","Released","Apr 1, 2026 3:30:45 p.m. PDT"
"Apr 1, 2026 3:36:13 p.m. PDT","25978195091","Order","702-1416549-2455463","Spray-SX-CS8K","VIVOSUN 2.1 Gal/8L Pump Sprayer, Garden Water Sprayer for Plants, Weeds & Lawn Care, with 3 Nozzles, 50'' Long Hose & Pressure Relief Valve","1","amazon.ca","Amazon","Ottawa","Ontario","K1S 4W","Combined TCS+MTC","53.09","6.90","0","0","0","0","0","0","0","0","-6.90","-7.96","-16.97","0","0","28.16","Released","Apr 1, 2026 3:36:13 p.m. PDT"
"Apr 1, 2026 3:37:42 p.m. PDT","25978195091","Refund","701-1063865-7070620","CBIN-H220K","VIVOSUN 220 Gallon Outdoor Compost Bin, Expandable Composter, Easy to Setup & Large Capacity for Backyard, Lawn (Black with Gloves)","1","amazon.ca","Amazon","Victoriaville","Quebec","G6P 7R","Combined TCS+MTC","-35.90","-5.38","-3.27","0","0","0","0","0","3.27","0","5.38","4.31","0","0","0","-31.59","Released","Apr 1, 2026 3:37:42 p.m. PDT"
"Apr 1, 2026 3:37:43 p.m. PDT","25978195091","Order","702-5685510-9122663","311003-5X2K","VIVOSUN 2-Pack Curved Gardening Scissors 6.5 Inch Hand Pruner Shear with Titanium Coated Precision Blades (Curved Blades)","1","amazon.ca","Amazon","Burnaby","BC","V5H 2N","Combined TCS+MTC","14.49","1.74","0","0","0","0","0","0","0","0","-1.74","-2.17","-6.07","0","0","6.25","Released","Apr 1, 2026 3:37:43 p.m. PDT"
"Apr 1, 2026 3:38:07 p.m. PDT","25978195091","Order","702-0896250-7545805","304866x2K","VIVOSUN 2 Packs 3 inch x 7 ft Heavy Duty Double-Side Indoor Outdoor Dust Barriers Peel & Stick Zipper for Tarp, Black","1","amazon.ca","Amazon","New Westminster","BC","V3L 2M","Combined TCS+MTC","28.79","3.45","0","0","0","0","0","0","0","0","-3.45","-4.32","-7.23","0","0","17.24","Released","Apr 1, 2026 3:38:07 p.m. PDT"
"Apr 1, 2026 3:38:43 p.m. PDT","25978195091","Order","702-6786188-0431434","VSVC-AZT6K","VIVOSUN Smart Air Filtration T6 Kit 6"", AeroZesh T6 Inline Duct Fan with E12 Speed Controller, Carbon Filter & 8' Ducting, Cooling & Ventilation Syste","1","amazon.ca","Amazon","Gatineau","Quebec","J8R 3E","Combined TCS+MTC","209.99","31.45","0","0","0","0","0","0","0","0","-31.45","-31.50","-25.71","0","0","152.78","Released","Apr 1, 2026 3:38:43 p.m. PDT"
"Apr 1, 2026 3:38:51 p.m. PDT","25978195091","Order","701-3928703-2696221","VSEX-HID1-STK","VIVOSUN Herbal Decarboxylation and Infusion Machine, Botanical Extractor and Infuser for Making Butter, Oil, and Tinctures, Includes Recipes and Compl","1","amazon.ca","Amazon","Morrisburg","Ontario","K0C1X","Combined TCS+MTC","169.41","22.02","0","0","0","0","0","0","0","0","-22.02","-25.41","-17.43","0","0","126.57","Released","Apr 1, 2026 3:38:51 p.m. PDT"
"Apr 1, 2026 3:39:25 p.m. PDT","25978195091","Order","702-4952298-7890643","331101-4K","VIVOSUN 4 Inch Inline Duct Fan 100 CFM, HVAC Exhaust Ventilation Fan with Low Noise for Basements, Bathrooms, Kitchens and Attics, Silver","1","amazon.ca","Amazon","mont-tremblant","quebec","J8E 0J","Combined TCS+MTC","26.99","4.04","0","0","0","0","0","0","0","0","-4.04","-4.05","-9.39","0","0","13.55","Released","Apr 1, 2026 3:39:25 p.m. PDT"
"Apr 1, 2026 3:39:40 p.m. PDT","25978195091","Order","701-7562510-3245824","331101-4K","VIVOSUN 4 Inch Inline Duct Fan 100 CFM, HVAC Exhaust Ventilation Fan with Low Noise for Basements, Bathrooms, Kitchens and Attics, Silver","1","amazon.ca","Amazon","Courtenay","British Columbia","V9N 9N","Combined TCS+MTC","26.99","3.24","0","0","0","0","0","0","0","0","-3.24","-4.05","-9.39","0","0","13.55","Released","Apr 1, 2026 3:39:40 p.m. PDT"
"Apr 1, 2026 3:40:07 p.m. PDT","25978195091","Order","701-4016193-6425035","SPray-1L-BGK","VIVOSUN Handheld Garden Sprayer, 1L Pump Sprayer, 34oz Water Spray Bottle with Safety Valve, Adjustable Nozzle, Extended Spray Rod & Additional Seals,","1","amazon.ca","Amazon","Toronto","Ontario","M3C 3P","Combined TCS+MTC","29.99","3.90","0","0","0","0","0","0","0","0","-3.90","-4.50","-8.42","0","0","17.07","Released","Apr 1, 2026 3:40:07 p.m. PDT"
"Apr 1, 2026 3:46:27 p.m. PDT","25978195091","Order","701-2184938-7393000","305141-PENK","VIVOSUN Digital pH Meter, 0.01pH High Accuracy Pen Type pH Tester for Hydroponics, Household Drinking, Pool and Aquarium, Black, UL Certified","1","amazon.ca","Amazon","Fort Saskatchewan","Alberta","T8L 4J","Combined TCS+MTC","15.99","0.80","0","0","0","0","0","0","0","0","-0.80","-2.40","-6.12","0","0","7.47","Released","Apr 1, 2026 3:46:27 p.m. PDT"
"Apr 1, 2026 3:47:49 p.m. PDT","25978195091","Refund","701-6633435-4597032","305131-PENK","VIVOSUN Digital pH Meter, 0.01pH High Accuracy Pen Type pH Tester for Hydroponics, Household Drinking, Pool and Aquarium, Yellow, UL Certified","1","amazon.ca","Amazon","Fairview","Alberta","T0H 1L","Combined TCS+MTC","-15.99","-0.80","0","0","0","0","0","0","0","0","0.80","1.54","0","0","0","-14.45","Released","Apr 1, 2026 3:47:49 p.m. PDT"
"Apr 1, 2026 3:47:53 p.m. PDT","25978195091","Order","702-6012465-4541858","311001-7*5K","VIVOSUN 5-Pack 7 Gallon Grow Bags Heavy Duty 300G Thickened Nonwoven Plant Fabric Pots with Handles","1","amazon.ca","Amazon","Edmonton","AB","T5C 2L","Combined TCS+MTC","22.98","1.15","0","0","0","0","0","0","0","0","-1.15","-3.45","-7.82","0","0","11.71","Released","Apr 1, 2026 3:47:53 p.m. PDT"
"Apr 1, 2026 3:48:49 p.m. PDT","25978195091","Refund","701-1063865-7070620","CBIN-H220K","VIVOSUN 220 Gallon Outdoor Compost Bin, Expandable Composter, Easy to Setup & Large Capacity for Backyard, Lawn (Black with Gloves)","1","amazon.ca","Amazon","Victoriaville","Quebec","G6P 7R","Combined TCS+MTC","-35.90","-5.38","-3.26","0","0","0","0","0","3.26","0","5.38","4.31","0","0","0","-31.59","Released","Apr 1, 2026 3:48:49 p.m. PDT"
"Apr 1, 2026 3:58:39 p.m. PDT","25978195091","Order","701-3752999-8789834","330101x2K","VIVOSUN 2 Pack Durable Waterproof Seedling Heat Mat 10"" x 20.75"" UL & MET-Certified Warm Hydroponic Heating Pad for Germination, Indoor Gardening, Gre","2","amazon.ca","Amazon","Victoria","British Columbia","V9E2E","Combined TCS+MTC","64.78","7.78","0","0","0","0","0","0","0","0","-7.78","-9.72","-16.73","0","0","38.33","Released","Apr 1, 2026 3:58:39 p.m. PDT"
"Apr 1, 2026 4:02:41 p.m. PDT","25978195091","Order","701-1025705-8069035","GB0101K","VIVOSUN 5 Tier Vertical Gardening Stackable Planter for Strawberries, Flowers, Herbs, Vegetables Brown","1","amazon.ca","Amazon","West Kelowna","British Columbia","V4T 2Z","Combined TCS+MTC","47.99","5.76","0","0","0","0","0","0","0","0","-5.76","-7.20","-18.81","0","0","21.98","Released","Apr 1, 2026 4:02:41 p.m. PDT"
"Apr 1, 2026 4:05:13 p.m. PDT","25978195091","Order","702-9680775-6805063","VSF-AWE6W-G2x2","VIVOSUN 2-Pack AeroWave E6 Grow Tent Fan 6"", EC Motor, Smart Wifi Control, US Patented Auto Oscillating Clip fan, IP54, Strong Airflow but Quiet for H","1","amazon.ca","Amazon","Port Rowan","Ontario","N0E 1M","","107.99","0","0","0","0","0","0","0","0","0","0","-16.20","-27.28","0","0","64.51","Released","Apr 1, 2026 4:05:13 p.m. PDT"
"Apr 1, 2026 4:05:25 p.m. PDT","25978195091","Order","701-6621790-3021011","CBIN-BLO-43K","VIVOSUN Outdoor Tumbling Composter Dual Rotating Batch Compost Bin, 43 Gallon Orange Door","1","amazon.ca","Amazon","West Kelowna","BC","V4T2T","Combined TCS+MTC","109.99","13.20","0","0","0","0","0","0","0","0","-13.20","-16.50","-27.55","0","0","65.94","Released","Apr 1, 2026 4:05:25 p.m. PDT"
"Apr 1, 2026 4:06:04 p.m. PDT","25978195091","Refund","702-1857394-9673018","330101-01K","VIVOSUN Durable Waterproof Seedling Heat Mat 10"" x 20.75"" UL & MET-Certified Warm Hydroponic Heating Pad for Germination, Indoor Gardening, Greenhouse","1","amazon.ca","Amazon","Lasalle","Quebec","H8N 1P","Combined TCS+MTC","-17.99","-2.69","-1.74","0","0","0","0","0","1.74","0","2.69","2.16","0","0","0","-15.83","Released","Apr 1, 2026 4:06:04 p.m. PDT"
"Apr 1, 2026 4:14:16 p.m. PDT","25978195091","Order","701-5526386-6648233","306109-6K","VIVOSUN 6 Inch 25 Feet Black Non-Insulated Flex Air Aluminum Ducting for HVAC Ventilation w/Two 6 Inch Stainless Steel Clamps","1","amazon.ca","Amazon","Whitehorse","Yukon","Y1A 7A","Combined TCS+MTC","29.99","1.50","2.74","0","0","0","0","0","-2.74","0","-1.50","-4.50","-10.80","0","0","14.69","Released","Apr 1, 2026 4:14:16 p.m. PDT"
"Apr 1, 2026 4:15:45 p.m. PDT","25978195091","Order","701-0579984-5679453","304113-44K","VIVOSUN 4x4 Grow Tent, 48""x48""x80"" High Reflective Mylar with Observation Window and Floor Tray for Hydroponics Indoor Plant Growing for VS4000/VS4300","1","amazon.ca","Amazon","Saskatoon","Saskatchewan","S7L 6N","Combined TCS+MTC","179.99","19.80","0","0","0","0","0","0","0","0","-19.80","-27.00","-27.09","0","0","125.90","Released","Apr 1, 2026 4:15:45 p.m. PDT"
"Apr 1, 2026 4:15:54 p.m. PDT","25978195091","Refund","701-7938136-3990634","308100K","VIVOSUN Black and White Panda Film Roll 10FT X 10FT 5.5 Mil","1","amazon.ca","Amazon","Calgary","Alberta","T3C 0K","Combined TCS+MTC","-25.99","-1.30","0","0","0","0","0","0","0","0","1.30","3.12","0","0","0","-22.87","Released","Apr 1, 2026 4:15:54 p.m. PDT"
"Apr 1, 2026 4:22:33 p.m. PDT","25978195091","Order","701-2889639-5529022","CBIN-BLO-43K","VIVOSUN Outdoor Tumbling Composter Dual Rotating Batch Compost Bin, 43 Gallon Orange Door","1","amazon.ca","Amazon","Medicine Hat","Alberta","T1C 1G","Combined TCS+MTC","109.99","5.50","0","0","0","0","0","0","0","0","-5.50","-16.50","-27.55","0","0","65.94","Released","Apr 1, 2026 4:22:33 p.m. PDT"
"Apr 1, 2026 4:29:39 p.m. PDT","25978195091","Order","702-6855583-0924244","311001-3*5K","VIVOSUN 5-Pack 3 Gallons Grow Bags Heavy Duty Thickened Nonwoven Fabric Pots with Handles","2","amazon.ca","Amazon","Vancouver","BC","V6N 2X","Combined TCS+MTC","35.98","4.32","0","0","0","0","0","0","0","0","-4.32","-5.40","-16.22","0","0","14.36","Released","Apr 1, 2026 4:29:39 p.m. PDT"
"Apr 1, 2026 4:34:18 p.m. PDT","25978195091","Order","701-2091965-4737057","330101-01K","VIVOSUN Durable Waterproof Seedling Heat Mat 10"" x 20.75"" UL & MET-Certified Warm Hydroponic Heating Pad for Germination, Indoor Gardening, Greenhouse","1","amazon.ca","Amazon","Winnipeg","Manitoba","R3R 0R","Combined TCS+MTC","17.99","2.16","0","0","0","0","0","0","0","0","-2.16","-2.70","-6.63","0","0","8.66","Released","Apr 1, 2026 4:34:18 p.m. PDT"
"Apr 1, 2026 4:34:26 p.m. PDT","25978195091","Order","702-8541053-6865867","311001-20x10K","VIVOSUN 10-Pack 20 Gallon Grow Bags Heavy Duty 300G Thickened Nonwoven Plant Fabric Pots with Handles","1","amazon.ca","Amazon","Kenora","Ontario","P9N 3W","Combined TCS+MTC","45.99","5.98","0","0","0","0","0","0","0","0","-5.98","-6.90","-12.51","0","0","26.58","Released","Apr 1, 2026 4:34:26 p.m. PDT"
"Apr 1, 2026 4:34:26 p.m. PDT","25978195091","Order","702-8541053-6865867","311001-10x5K","VIVOSUN 5-Pack 10 Gallon Grow Bags Heavy Duty 300G Thickened Nonwoven Plant Fabric Pots with Handles","3","amazon.ca","Amazon","Kenora","Ontario","P9N 3W","Combined TCS+MTC","70.17","9.12","0","0","0","0","0","0","0","0","-9.12","-10.53","-30.78","0","0","28.86","Released","Apr 1, 2026 4:34:26 p.m. PDT"
"Apr 1, 2026 4:34:42 p.m. PDT","25978195091","Order","701-8599772-8272205","WP-330K","VIVOSUN 330 GPH Water Transfer Utility Pump 115V 1/10HP with Water Hose Kit, Impeller and Gasket","1","amazon.ca","Amazon","Winnipeg","Manitoba","R2J 1J","Combined TCS+MTC","59.49","7.14","3.27","0","0","0","0","0","-3.27","0","-7.14","-8.92","-10.98","0","0","39.59","Released","Apr 1, 2026 4:34:42 p.m. PDT"
"Apr 1, 2026 4:36:06 p.m. PDT","25978195091","Order","702-9037806-6780263","GB0101-2K","VIVOSUN 2-Pack 5 Tier Vertical Gardening Stackable Planter for Strawberries, Flowers, Herbs, Vegetables Brown","1","amazon.ca","Amazon","Hammond","Ontario","K0A 2A","Combined TCS+MTC","77.91","10.13","0","0","0","0","0","0","0","0","-10.13","-11.69","-20.19","0","0","46.03","Released","Apr 1, 2026 4:36:06 p.m. PDT"
"Apr 1, 2026 4:36:10 p.m. PDT","25978195091","Order","702-7230493-3005815","GB0101-2K","VIVOSUN 2-Pack 5 Tier Vertical Gardening Stackable Planter for Strawberries, Flowers, Herbs, Vegetables Brown","1","amazon.ca","Amazon","Strathroy","Ontario","N7G 3H","Combined TCS+MTC","92.99","12.09","0","0","0","0","0","0","0","0","-12.09","-13.95","-20.19","0","0","58.85","Released","Apr 1, 2026 4:36:10 p.m. PDT"
"Apr 1, 2026 4:36:19 p.m. PDT","25978195091","Order","702-5901423-3108246","VSEX-HID1-STK","VIVOSUN Herbal Decarboxylation and Infusion Machine, Botanical Extractor and Infuser for Making Butter, Oil, and Tinctures, Includes Recipes and Compl","1","amazon.ca","Amazon","Brampton","Ontario","L6X 2A","Combined TCS+MTC","169.41","22.02","0","0","0","0","0","0","0","0","-22.02","-25.41","-17.43","0","0","126.57","Released","Apr 1, 2026 4:36:19 p.m. PDT"
"Apr 1, 2026 4:37:00 p.m. PDT","25978195091","Order","701-7642899-0081833","VSV-AZT6K","VIVOSUN AeroZesh T6 6-inch 408 CFM Inline Duct Fan, Entirely Programmable PWM-Controlled EC Fan for Grow Tent Ventilation","1","amazon.ca","Amazon","St-Felicien","Quebec","G8K 3E","Combined TCS+MTC","149.99","22.46","0","0","0","0","0","0","0","0","-22.46","-22.50","-17.43","0","0","110.06","Released","Apr 1, 2026 4:37:00 p.m. PDT"
"Apr 1, 2026 4:42:00 p.m. PDT","25978195091","Order","701-9359519-2757008","GB0101K","VIVOSUN 5 Tier Vertical Gardening Stackable Planter for Strawberries, Flowers, Herbs, Vegetables Brown","1","amazon.ca","Amazon","Calgary","Alberta","T2E 0J","Combined TCS+MTC","59.99","3.00","0","0","0","0","0","0","0","0","-3.00","-9.00","-18.81","0","0","32.18","Released","Apr 1, 2026 4:42:00 p.m. PDT"
"Apr 1, 2026 4:42:56 p.m. PDT","25978195091","Order","701-4807018-1087459","331101-4K","VIVOSUN 4 Inch Inline Duct Fan 100 CFM, HVAC Exhaust Ventilation Fan with Low Noise for Basements, Bathrooms, Kitchens and Attics, Silver","2","amazon.ca","Amazon","Port Carling","Ontario","P0B 1J","Combined TCS+MTC","53.98","7.02","0","0","0","0","0","0","0","0","-10.53","-12.15","-18.78","0","0","19.54","Released","Apr 1, 2026 4:42:56 p.m. PDT"
"Apr 1, 2026 4:42:56 p.m. PDT","25978195091","Order","701-4807018-1087459","331101-4K","VIVOSUN 4 Inch Inline Duct Fan 100 CFM, HVAC Exhaust Ventilation Fan with Low Noise for Basements, Bathrooms, Kitchens and Attics, Silver","1","amazon.ca","Amazon","Port Carling","Ontario","P0B 1J","","26.99","3.51","0","0","0","0","0","0","0","0","0","0","-9.39","0","0","21.11","Released","Apr 1, 2026 4:42:56 p.m. PDT"
"Apr 1, 2026 4:45:48 p.m. PDT","25978195091","Order","701-6378447-0291457","311003-4K","VIVOSUN 6.5 Inch Gardening Scissors Hand Pruner Pruning Shear with Straight Stainless Steel Blades Orange 1-Pack","1","amazon.ca","Amazon","The Pas","Manitoba","R9A 1T","Combined TCS+MTC","9.59","1.15","0","0","0","0","0","0","0","0","-1.15","-1.44","-3.61","0","0","4.54","Released","Apr 1, 2026 4:45:48 p.m. PDT"
"Apr 1, 2026 4:47:30 p.m. PDT","25978195091","Order","702-2688210-2828262","311001-20x5K","VIVOSUN 5-Pack 20 Gallons Grow Bags Heavy Duty Thickened Nonwoven Fabric Pots with Handles","1","amazon.ca","Amazon","White City","Saskatchewan","S4L 5B","Combined TCS+MTC","29.69","3.27","0","0","0","0","0","0","0","0","-3.27","-4.45","-10.08","0","0","15.16","Released","Apr 1, 2026 4:47:30 p.m. PDT"
"Apr 1, 2026 4:52:39 p.m. PDT","25978195091","Adjustment","702-7807333-9987433","332582-60K","FBA Inventory Reimbursement - Customer Return","1","","","","","","","0","0","0","0","0","0","0","0","0","0","0","0","0","0","22.17","22.17","Released","Apr 1, 2026 4:52:39 p.m. PDT"
"Apr 1, 2026 4:56:28 p.m. PDT","25978195091","Order","702-6108945-6343434","311001-20x5K","VIVOSUN 5-Pack 20 Gallons Grow Bags Heavy Duty Thickened Nonwoven Fabric Pots with Handles","1","amazon.ca","Amazon","Ardrossan","Alberta","T8E 0B","Combined TCS+MTC","29.69","1.48","0","0","0","0","0","0","0","0","-2.96","-8.90","-10.08","0","0","9.23","Released","Apr 1, 2026 4:56:28 p.m. PDT"
"Apr 1, 2026 4:56:28 p.m. PDT","25978195091","Order","702-6108945-6343434","311001-20x5K","VIVOSUN 5-Pack 20 Gallons Grow Bags Heavy Duty Thickened Nonwoven Fabric Pots with Handles","1","amazon.ca","Amazon","Ardrossan","Alberta","T8E 0B","","29.69","1.48","0","0","0","0","0","0","0","0","0","0","-10.08","0","0","21.09","Released","Apr 1, 2026 4:56:28 p.m. PDT"
"Apr 1, 2026 4:56:40 p.m. PDT","25978195091","Order","701-4158651-1637004","VSF-AWE9K","VIVOSUN AeroWave E9 Grow Tent Fan 9"", Black","1","amazon.ca","Amazon","CAMROSE","AB","T4V0Z","Combined TCS+MTC","79.99","4.00","0","0","0","0","0","0","0","0","-4.00","-12.00","-11.52","0","0","56.47","Released","Apr 1, 2026 4:56:40 p.m. PDT"
"Apr 1, 2026 5:04:11 p.m. PDT","25978195091","Order","702-3003762-8994609","308151K","VIVOSUN Horticulture Highly Reflective Mylar Film Roll 4FT x 100FT 2 Mil","1","amazon.ca","Amazon","Fairview","Alberta","T0H 1L","Combined TCS+MTC","47.69","2.38","0","0","0","0","0","0","0","0","-2.38","-7.15","-16.05","0","0","24.49","Released","Apr 1, 2026 5:04:11 p.m. PDT"
"Apr 1, 2026 5:04:47 p.m. PDT","25978195091","Order","702-6406226-2221040","330101-01K","VIVOSUN Durable Waterproof Seedling Heat Mat 10"" x 20.75"" UL & MET-Certified Warm Hydroponic Heating Pad for Germination, Indoor Gardening, Greenhouse","1","amazon.ca","Amazon","Montréal","Québec","H1N2J","Combined TCS+MTC","17.99","2.69","0","0","0","0","0","0","0","0","-2.69","-2.70","-6.63","0","0","8.66","Released","Apr 1, 2026 5:04:47 p.m. PDT"
"Apr 1, 2026 5:05:10 p.m. PDT","25978195091","Order","702-7261106-4510659","RGB-0011-GYK","VIVOSUN 3-Tier Metal Raised Garden Bed, 46"" x 46"" x 24"" Galvanized Steel Metal Outdoor Planter Box with Gloves and Scissors to Grow Flowers, Vegetable","1","amazon.ca","Amazon","medicine hat","AB","T1B4V","Combined TCS+MTC","98.99","4.95","0","0","0","0","0","0","0","0","-4.95","-14.85","-25.25","0","0","58.89","Released","Apr 1, 2026 5:05:10 p.m. PDT"
"Apr 1, 2026 5:05:39 p.m. PDT","25978195091","Refund","702-4666869-1717035","311001-20x5K","VIVOSUN 5-Pack 20 Gallons Grow Bags Heavy Duty Thickened Nonwoven Fabric Pots with Handles","1","amazon.ca","Amazon","Grondines","Quebec","G0A 1W","Combined TCS+MTC","-29.69","-4.45","0","0","0","0","0","0","0","0","4.45","3.56","0","0","0","-26.13","Released","Apr 1, 2026 5:05:39 p.m. PDT"
"Apr 1, 2026 5:05:56 p.m. PDT","25978195091","Refund","702-8837734-4187421","VSV-AZG8E42AK","VIVOSUN AeroZesh G8 Inline Duct Fan, Quiet 8"" 807 CFM Ventilation Exhaust Fan w/EC Motor and GrowHub E42A Temperature Humidity WiFi-Controller for Hea","1","amazon.ca","Amazon","St-Constant","Quebec","J5A 2J","Combined TCS+MTC","-149.99","-22.46","0","0","0","0","0","0","0","0","22.46","18.00","0","0","0","-131.99","Released","Apr 1, 2026 5:05:56 p.m. PDT"
"Apr 1, 2026 5:07:51 p.m. PDT","25978195091","Order","702-8387073-1105834","PL-0003K","VIVOSUN 13.5 x 20 Feet Pond Liner, 14.5 Mil Durable LLDPE Pond Liners for Koi Ponds, Aquaculture and Water Gardens, Black","1","amazon.ca","Amazon","ST HUBERT","QUEBEC","J3Y1X","Combined TCS+MTC","69.99","10.48","0","0","0","0","0","0","0","0","-10.48","-10.50","-21.87","0","0","37.62","Released","Apr 1, 2026 5:07:51 p.m. PDT"
"Apr 1, 2026 5:15:07 p.m. PDT","25978195091","Order","702-8698110-6763449","311001-20x5K","VIVOSUN 5-Pack 20 Gallons Grow Bags Heavy Duty Thickened Nonwoven Fabric Pots with Handles","1","amazon.ca","Amazon","Cobble Hill","British Columbia","V8H 0A","Combined TCS+MTC","29.69","3.56","0","0","0","0","0","0","0","0","-3.56","-4.45","-10.08","0","0","15.16","Released","Apr 1, 2026 5:15:07 p.m. PDT"
"Apr 1, 2026 5:16:18 p.m. PDT","25978195091","Order","701-4454815-2362665","VSK-GIYS276-CA","VIVOSUN Smart Grow Tent Kit 2.7 × 2.7ft WiFi-Integrated Automatic Complete Grow System with Full Spectrum LED Grow Light, Efficient Ventilation Syste","1","amazon.ca","Amazon","Grand Falls-Windsor","Newfoundland","A2A 1G","Combined TCS+MTC","458.99","68.85","0","0","0","0","0","0","0","0","-68.85","-68.85","-39.05","0","0","351.09","Released","Apr 1, 2026 5:16:18 p.m. PDT"
"Apr 1, 2026 5:17:47 p.m. PDT","25978195091","Refund","701-3709579-0214614","311001-15x5K","VIVOSUN 5-Pack 15 Gallon Grow Bags Heavy Duty 300G Thickened Nonwoven Plant Fabric Pots with Handles","1","amazon.ca","Amazon","Fonthill","Ontario","L0S 1E","Combined TCS+MTC","-26.99","-3.51","0","0","0","0","0","0","0","0","3.51","3.24","0","0","0","-23.75","Released","Apr 1, 2026 5:17:47 p.m. PDT"
"Apr 1, 2026 5:18:14 p.m. PDT","25978195091","Order","701-0276814-4205010","330301K","VIVOSUN 10""x20.75"" Seedling Heat Mat with Built-in Temperature Controller, UL & MET-Certified Waterproof Plant Heating Pad for Germination, Hydroponic","1","amazon.ca","Amazon","Lumby","British Columbia","V0E 2G","Combined TCS+MTC","27.99","3.36","0","0","0","0","0","0","0","0","-3.36","-4.20","-7.23","0","0","16.56","Released","Apr 1, 2026 5:18:14 p.m. PDT"
"Apr 1, 2026 5:18:28 p.m. PDT","25978195091","Order","702-8110152-2534612","311001-15x5K","VIVOSUN 5-Pack 15 Gallon Grow Bags Heavy Duty 300G Thickened Nonwoven Plant Fabric Pots with Handles","1","amazon.ca","Amazon","North Vancouver","British Columbia","V7L 4S","Combined TCS+MTC","29.99","3.60","0","0","0","0","0","0","0","0","-3.60","-4.50","-10.26","0","0","15.23","Released","Apr 1, 2026 5:18:28 p.m. PDT"
"Apr 1, 2026 5:18:46 p.m. PDT","25978195091","Order","701-3681221-5585854","332572K","VIVOSUN 800GPH Submersible Pump(3000L/H, 24W), Ultra Quiet Water Pump with 10ft High Lift, Fountain Pump with 5ft Power Cord, 3 Nozzles for Fish Tank,","1","amazon.ca","Amazon","West Vancouver","British Columbia","V7S 1R","Combined TCS+MTC","32.39","3.89","0","0","0","0","0","0","0","0","-3.89","-4.86","-8.11","0","0","19.42","Released","Apr 1, 2026 5:18:46 p.m. PDT"
"Apr 1, 2026 5:19:26 p.m. PDT","25978195091","Order","701-8898525-0802661","311021-7x5JK","VIVOSUN 5-Pack 7 Gallon Grow Bags Heavy Duty 300G Thickened Nonwoven Plant Fabric Pots with Handles Tan","1","amazon.ca","Amazon","Grand Forks","British Columbia","V0H 1H","Combined TCS+MTC","22.99","2.76","0","0","0","0","0","0","0","0","-2.76","-3.45","-8.66","0","0","10.88","Released","Apr 1, 2026 5:19:26 p.m. PDT"
"Apr 1, 2026 5:29:07 p.m. PDT","25978195091","Order","701-9888542-6509046","330101x2K","VIVOSUN 2 Pack Durable Waterproof Seedling Heat Mat 10"" x 20.75"" UL & MET-Certified Warm Hydroponic Heating Pad for Germination, Indoor Gardening, Gre","1","amazon.ca","Amazon","TERRACE","British Columbia","V8G 1A","Combined TCS+MTC","32.39","3.89","0","0","0","0","0","0","0","0","-3.89","-4.86","-7.95","0","0","19.58","Released","Apr 1, 2026 5:29:07 p.m. PDT"
"Apr 1, 2026 5:30:41 p.m. PDT","25978195091","Order","702-7011889-4109022","311001-3x10K","VIVOSUN 10-Pack 3 Gallon Grow Bags Heavy Duty 300G Thickened Nonwoven Plant Fabric Pots with Handles","1","amazon.ca","Amazon","Napan","New Brunswick","E1N 4X","Combined TCS+MTC","26.99","4.05","0","0","0","0","0","0","0","0","-4.05","-4.05","-10.58","0","0","12.36","Released","Apr 1, 2026 5:30:41 p.m. PDT"
"Apr 1, 2026 5:32:34 p.m. PDT","25978195091","Order","701-1519597-8319446","311001-30x5K","VIVOSUN 5-Pack 30 Gallons Grow Bags Heavy Duty Thickened Nonwoven Fabric Pots with Handles","1","amazon.ca","Amazon","Sarnia","Ontario","N7T 1E","Combined TCS+MTC","35.99","4.68","0","0","0","0","0","0","0","0","-4.68","-5.40","-11.97","0","0","18.62","Released","Apr 1, 2026 5:32:34 p.m. PDT"
"Apr 1, 2026 5:34:23 p.m. PDT","25978195091","Order","701-7811678-0993045","311003-4K","VIVOSUN 6.5 Inch Gardening Scissors Hand Pruner Pruning Shear with Straight Stainless Steel Blades Orange 1-Pack","1","amazon.ca","Amazon","wallaceburg","Ontario","N8A 2K","Combined TCS+MTC","11.99","1.56","0","0","0","0","0","0","0","0","-1.56","-1.80","-3.61","0","0","6.58","Released","Apr 1, 2026 5:34:23 p.m. PDT"
"Apr 1, 2026 5:39:07 p.m. PDT","25978195091","Order","702-2043578-6500216","311021-30x5K","VIVOSUN 5-Pack 30 Gallon Grow Bags Heavy Duty 300G Thickened Nonwoven Plant Fabric Pots with Handles Tan","1","amazon.ca","Amazon","Lakeside","Ontario","N0M 2G","Combined TCS+MTC","35.99","4.68","3.27","0","0","0","0","0","-3.27","0","-4.68","-5.40","-10.62","0","0","19.97","Released","Apr 1, 2026 5:39:07 p.m. PDT"
"Apr 1, 2026 5:39:07 p.m. PDT","25978195091","Order","702-2043578-6500216","311021-5x5KK","VIVOSUN 5-Pack 5 Gallon Grow Bags Heavy Duty 300G Thickened Nonwoven Plant Fabric Pots with Handles Tan","1","amazon.ca","Amazon","Lakeside","Ontario","N0M 2G","Combined TCS+MTC","18.89","2.46","3.26","0","0","0","0","0","-3.26","0","-2.46","-2.83","-7.59","0","0","8.47","Released","Apr 1, 2026 5:39:07 p.m. PDT"
"Apr 1, 2026 5:43:55 p.m. PDT","25978195091","Order","702-6399569-0701049","308151K","VIVOSUN Horticulture Highly Reflective Mylar Film Roll 4FT x 100FT 2 Mil","1","amazon.ca","Amazon","Kamloops","British Columbia","V2B 4T","Combined TCS+MTC","47.69","5.72","0","0","0","0","0","0","0","0","-5.72","-7.15","-17.17","0","0","23.37","Released","Apr 1, 2026 5:43:55 p.m. PDT"
"Apr 1, 2026 5:49:09 p.m. PDT","25978195091","Order","701-4469791-4618628","LH-001K","VIVOSUN 1-Pair 1/8 Inch Adjustable Grow Light Hanger, Heavy Duty Rope Hanger with Reinforced Metal Gears, 8Ft. Long and 150 lbs Weight Capacity Rope f","3","amazon.ca","Amazon","Ottawa","Ontario","K4A 3G","Combined TCS+MTC","35.07","4.56","0","0","0","0","0","0","0","0","-4.56","-5.25","-15.81","0","0","14.01","Released","Apr 1, 2026 5:49:09 p.m. PDT"
"Apr 1, 2026 5:57:51 p.m. PDT","25978195091","Order","701-0574428-4638667","Spray-SX-CS4K","VIVOSUN 1 Gallon Pump Pressure Sprayer, 4L Pressurized Lawn & Garden Water Spray Bottle with 3 Water Nozzles, Adjustable Shoulder Strap, Pressure Reli","1","amazon.ca","Amazon","Pierrefonds","Québec","H9J3P","Combined TCS+MTC","39.59","5.93","2.94","0","0","0","0","0","-2.94","0","-5.93","-5.94","-11.25","0","0","22.40","Released","Apr 1, 2026 5:57:51 p.m. PDT"
"Apr 1, 2026 5:58:05 p.m. PDT","25978195091","Refund","701-1631207-6924218","306101W-4K","VIVOSUN D4 4 Inch 195 CFM Inline Duct Ventilation Fan HVAC Vent Blower for Hydroponics Grow Tent","1","amazon.ca","Amazon","Calgary","AB","T2L 1Y","Combined TCS+MTC","-37.79","-1.89","0","0","0","0","0","0","0","0","1.89","4.54","0","0","0","-33.25","Released","Apr 1, 2026 5:58:05 p.m. PDT"
"Apr 1, 2026 5:58:22 p.m. PDT","25978195091","Order","702-6436680-6954651","330101-01K","VIVOSUN Durable Waterproof Seedling Heat Mat 10"" x 20.75"" UL & MET-Certified Warm Hydroponic Heating Pad for Germination, Indoor Gardening, Greenhouse","2","amazon.ca","Amazon","Montreal","Quebec","H2N 1R","Combined TCS+MTC","35.98","5.38","0","0","0","0","0","0","0","0","-5.38","-5.40","-13.26","0","0","17.32","Released","Apr 1, 2026 5:58:22 p.m. PDT"
"Apr 1, 2026 6:05:07 p.m. PDT","25978195091","Order","701-3055322-2510642","332570K","VIVOSUN 9000 GPH Submersible Water Pump, 620W Pond Pump, Ultra Quiet Aquarium Pump with 26.5 FT. Lift Height for Pond Waterfall, Fish Tank, Statuary,","1","amazon.ca","Amazon","Lasalle","Ontario","N9J 2N","Combined TCS+MTC","179.99","23.40","0","0","0","0","0","0","0","0","-23.40","-27.00","-14.94","0","0","138.05","Released","Apr 1, 2026 6:05:07 p.m. PDT"
"Apr 1, 2026 6:05:16 p.m. PDT","25978195091","Order","702-0550075-8253038","PB-10K","VIVOSUN 5-Pack 10 Gallon Potato Grow Bags, Fabric Pots with Handle and Roll-up Window, Green","1","amazon.ca","Amazon","Summerland","British Columbia","V0H 1Z","Combined TCS+MTC","35.99","4.32","0","0","0","0","0","0","0","0","-4.32","-5.40","-11.14","0","0","19.45","Released","Apr 1, 2026 6:05:16 p.m. PDT"
"Apr 1, 2026 6:05:17 p.m. PDT","25978195091","Order","701-9099683-6996257","330101-01K","VIVOSUN Durable Waterproof Seedling Heat Mat 10"" x 20.75"" UL & MET-Certified Warm Hydroponic Heating Pad for Germination, Indoor Gardening, Greenhouse","1","amazon.ca","Amazon","Wallaceburg","Ontario","N8A1M","Combined TCS+MTC","17.99","2.34","0","0","0","0","0","0","0","0","-2.34","-2.70","-6.63","0","0","8.66","Released","Apr 1, 2026 6:05:17 p.m. PDT"
"Apr 1, 2026 6:06:41 p.m. PDT","25978195091","Order","702-3768664-1870608","330101x2K","VIVOSUN 2 Pack Durable Waterproof Seedling Heat Mat 10"" x 20.75"" UL & MET-Certified Warm Hydroponic Heating Pad for Germination, Indoor Gardening, Gre","1","amazon.ca","Amazon","Oshawa","Ontario","L1J 6Y","Combined TCS+MTC","35.99","4.68","3.49","0","0","0","0","0","-3.49","0","-4.68","-5.40","-7.95","0","0","22.64","Released","Apr 1, 2026 6:06:41 p.m. PDT"
"Apr 1, 2026 6:07:04 p.m. PDT","25978195091","Order","702-7431523-4371404","331101-6K","VIVOSUN 6 Inch Inline Duct Fan 240 CFM, HVAC Exhaust Ventilation Fan with Low Noise for Basements, Bathrooms, Kitchens and Attics, Silver","1","amazon.ca","Amazon","St Catharines","Ontario","L2S 2T","Combined TCS+MTC","32.99","4.29","0","0","0","0","0","0","0","0","-4.29","-4.95","-10.58","0","0","17.46","Released","Apr 1, 2026 6:07:04 p.m. PDT"
"Apr 1, 2026 6:08:37 p.m. PDT","25978195091","Order","702-6937077-6323426","311008-01x50K","VIVOSUN 50-Pack 1 Gallon Grow Bags for Plants, Black-and-White Material for Potting Up Seedlings and Rooting","1","amazon.ca","Amazon","Peterborough","Ontario","K9K2M","Combined TCS+MTC","18.99","2.47","0","0","0","0","0","0","0","0","-2.47","-2.85","-7.28","0","0","8.86","Released","Apr 1, 2026 6:08:37 p.m. PDT"
"Apr 1, 2026 6:08:41 p.m. PDT","25978195091","Order","702-2074128-9359418","PB-10K","VIVOSUN 5-Pack 10 Gallon Potato Grow Bags, Fabric Pots with Handle and Roll-up Window, Green","1","amazon.ca","Amazon","Edmonton","Alberta","T6K 3W","Combined TCS+MTC","35.99","1.80","0","0","0","0","0","0","0","0","-1.80","-5.40","-11.14","0","0","19.45","Released","Apr 1, 2026 6:08:41 p.m. PDT"
"Apr 1, 2026 6:10:20 p.m. PDT","25978195091","Order","701-5539411-0407440","305131-PENK","VIVOSUN Digital pH Meter, 0.01pH High Accuracy Pen Type pH Tester for Hydroponics, Household Drinking, Pool and Aquarium, Yellow, UL Certified","1","amazon.ca","Amazon","Burlington","Ontario","L7R1S","Combined TCS+MTC","16.99","2.21","0","0","0","0","0","0","0","0","-2.21","-2.04","-6.12","0","0","8.83","Released","Apr 1, 2026 6:10:20 p.m. PDT"
"Apr 1, 2026 6:19:00 p.m. PDT","25978195091","Order","701-2272606-4467413","VSG-ESPRAY-2L-CA","VIVOSUN Battery Powered Sprayer 0.5Gallon, Electric Spray Bottle USB Rechargeable, Automatic Water Pump Plant Mister with Adjustable Pressure, Easy to","1","amazon.ca","Amazon","Garibaldi Highlands","British Columbia","V0N 1T","Combined TCS+MTC","42.29","5.07","0","0","0","0","0","0","0","0","-5.07","-6.34","-10.27","0","0","25.68","Released","Apr 1, 2026 6:19:00 p.m. PDT"
"Apr 1, 2026 6:19:10 p.m. PDT","25978195091","Order","701-4967740-7832231","311001-7*5K","VIVOSUN 5-Pack 7 Gallon Grow Bags Heavy Duty 300G Thickened Nonwoven Plant Fabric Pots with Handles","1","amazon.ca","Amazon","belleville","Ontario","K8N 5B","Combined TCS+MTC","22.99","2.99","0","0","0","0","0","0","0","0","-2.99","-3.45","-7.82","0","0","11.72","Released","Apr 1, 2026 6:19:10 p.m. PDT"
"Apr 1, 2026 6:19:15 p.m. PDT","25978195091","Order","702-7296950-5151461","PS-002X2K","VIVOSUN Gardening Scissors 6.5 Inch Hand Pruner Pruning Shear with Straight Stailess Steel Blades, Black and Green, 2-Pack","1","amazon.ca","Amazon","Oliver","British Columbia","V0H 1T","Combined TCS+MTC","14.69","1.76","0","0","0","0","0","0","0","0","-1.76","-2.20","-6.55","0","0","5.94","Released","Apr 1, 2026 6:19:15 p.m. PDT"
"Apr 1, 2026 6:20:23 p.m. PDT","25978195091","Order","702-5365505-1360263","311001-20x10K","VIVOSUN 10-Pack 20 Gallon Grow Bags Heavy Duty 300G Thickened Nonwoven Plant Fabric Pots with Handles","1","amazon.ca","Amazon","Deseronto","Ontario","K0K 1X","Combined TCS+MTC","45.99","5.98","0","0","0","0","0","0","0","0","-5.98","-6.90","-12.51","0","0","26.58","Released","Apr 1, 2026 6:20:23 p.m. PDT"
"Apr 1, 2026 6:22:21 p.m. PDT","25978195091","Order","702-5745122-6261033","330101-01K","VIVOSUN Durable Waterproof Seedling Heat Mat 10"" x 20.75"" UL & MET-Certified Warm Hydroponic Heating Pad for Germination, Indoor Gardening, Greenhouse","1","amazon.ca","Amazon","Maple Ridge","British Columbia","V2X 4A","Combined TCS+MTC","19.99","2.40","0","0","0","0","0","0","0","0","-2.40","-3.00","-7.20","0","0","9.79","Released","Apr 1, 2026 6:22:21 p.m. PDT"
"Apr 1, 2026 6:22:27 p.m. PDT","25978195091","Order","701-4773779-6229857","331101-6K","VIVOSUN 6 Inch Inline Duct Fan 240 CFM, HVAC Exhaust Ventilation Fan with Low Noise for Basements, Bathrooms, Kitchens and Attics, Silver","1","amazon.ca","Amazon","Saint-Gedeon-De-Beauce","Quebec","G0M 1T","Combined TCS+MTC","32.99","4.94","0","0","0","0","0","0","0","0","-4.94","-4.95","-10.58","0","0","17.46","Released","Apr 1, 2026 6:22:27 p.m. PDT"
"Apr 1, 2026 6:22:53 p.m. PDT","25978195091","Order","702-8463873-7801066","GH-A10K","VIVOSUN GrowHub Outlet Controller A10, Smart WiFi Outlet, Smart Plug, 15A 1800W, Remote Control, Compatible with Vivosun App for Grow Tent","1","amazon.ca","Amazon","Halifax","Nova Scotia","B3H 4R","Combined TCS+MTC","25.64","3.59","0","0","0","0","0","0","0","0","-3.59","-3.85","-5.92","0","0","15.87","Released","Apr 1, 2026 6:22:53 p.m. PDT"
"Apr 1, 2026 6:24:38 p.m. PDT","25978195091","Order","701-4769371-3833061","311003-4K","VIVOSUN 6.5 Inch Gardening Scissors Hand Pruner Pruning Shear with Straight Stainless Steel Blades Orange 1-Pack","1","amazon.ca","Amazon","OTTAWA","Ontario","K2B 8S","Combined TCS+MTC","11.99","1.56","3.49","0","0","0","0","0","-3.49","0","-1.56","-1.80","-3.61","0","0","6.58","Released","Apr 1, 2026 6:24:38 p.m. PDT"
