"snapshot-date","sku","fnsku","asin","product-name","condition","available","pending-removal-quantity","inv-age-0-to-90-days","inv-age-91-to-180-days","inv-age-181-to-270-days","inv-age-271-to-365-days","inv-age-365-plus-days","currency","units-shipped-t7","units-shipped-t30","units-shipped-t60","units-shipped-t90","alert","your-price","sales-price","lowest-price-new-plus-shipping","lowest-price-used","recommended-action","healthy-inventory-level","recommended-sales-price","recommended-sale-duration-days","recommended-removal-quantity","estimated-cost-savings-of-recommended-actions","sell-through","item-volume","volume-unit-measurement","storage-type","storage-volume","marketplace","product-group","sales-rank","days-of-supply","estimated-excess-quantity","weeks-of-cover-t30","weeks-of-cover-t90","featuredoffer-price","sales-shipped-last-7-days","sales-shipped-last-30-days","sales-shipped-last-60-days","sales-shipped-last-90-days","inv-age-0-to-30-days","inv-age-31-to-60-days","inv-age-61-to-90-days","inv-age-181-to-330-days","inv-age-331-to-365-days","estimated-storage-cost-next-month","inbound-quantity","inbound-working","inbound-shipped","inbound-received","Total Reserved Quantity","unfulfillable-quantity","quantity-to-be-charged-ais-181-210-days","estimated-ais-181-210-days","quantity-to-be-charged-ais-211-240-days","estimated-ais-211-240-days","quantity-to-be-charged-ais-241-270-days","estimated-ais-241-270-days","quantity-to-be-charged-ais-271-300-days","estimated-ais-271-300-days","quantity-to-be-charged-ais-301-330-days","estimated-ais-301-330-days","quantity-to-be-charged-ais-331-365-days","estimated-ais-331-365-days","quantity-to-be-charged-ais-365-plus-days","estimated-ais-365-plus-days","historical-days-of-supply","Recommended ship-in quantity","Recommended ship-in date","Last updated date for Historical Days of Supply","Exempted from Low-Inventory-Level fee?","Low-Inventory-Level fee applied in current week?","Short term historical days of supply","Long term historical days of supply","Inventory age snapshot date","Inventory Supply at FBA","Reserved FC Transfer","Reserved FC Processing","Reserved Customer Order","Total Days of Supply (including units from open shipments)","is-seasonal-in-next-3-months","season-name","season-start-date","season-end-date"
"2026-04-30","306104-6CK","X0018L0WB3","B010UCCMW6","VIVOSUN 6 Inch 25 Feet Non-Insulated Flex Air Aluminum Duct for Ventilation, 2 Clamps Included","New","68","0","74","0","0","0","0","CAD","14","78","163","227","","29.99","0.0","29.99","0.0","NoExcessInventory","230","0.0","0","0","0.0","4.16","0.327672","cubic feet","Standard","22.281696","CA","gl_home_improvement","6988","74","0","11","12","28.49","404.86","2230.52","4694.32","6591.33","46","28","0","0","0","69.77","154","30","124","0","41","6","","","","","","","","","","","","","","","28.6","188","2026-06-29","2026-04-27","No","No","28.6","20.2","2026-04-27","260","38","1","2","87","N","","",""
"2026-04-30","OUL-001-12K","X004AUSWJD","B0CGL8SV7B","VIVOSUN Outdoor LED Grow Lights, Waterproof String Grow Light, Full Spectrum Plant Growing Lights with 44Ft Adjustable Cord for Seedling, Veg, Flower in Greenhouse, Garden, Backyard, Farm (12-Light)","New","10","0","11","0","0","0","0","CAD","5","19","61","77","","129.99","0.0","129.99","0.0","CreateShippingPlan","10","0.0","0","0","0.0","2.63","0.680556","cubic feet","Oversize","6.80556","CA","gl_home","20594","14","0","2","1","129.99","649.95","2248.28","6517.86","8350.64","10","1","0","0","0","1.66","0","0","0","0","1","0","","","","","","","","","","","","","","","41.8","39","2026-05-01","2026-04-27","Yes","No","26.8","41.8","2026-04-27","10","0","0","1","16","N","","",""
"2026-04-30","311001-10x10K","X003DQFSFV","B08HRSGQV7","VIVOSUN 10-Pack 10 Gallon Grow Bags Heavy Duty 300G Thickened Nonwoven Plant Fabric Pots with Handles","New","3","0","17","0","0","0","0","CAD","16","92","144","160","","39.99","0.0","39.99","0.0","GoToRestock","31","0.0","0","0","0.0","3.67","0.417631","cubic feet","Standard","1.252893","CA","gl_home","1086","10","0","1","3","39.99","639.84","3679.08","5758.56","6398.4","17","0","0","0","0","6.06","42","14","14","14","10","0","","","","","","","","","","","","","","","36.3","102","2026-04-30","2026-04-27","No","No","19.0","36.3","2026-04-27","45","0","10","0","20","N","","",""
"2026-04-30","332569K","X002B0KETF","B07FK343K8","VIVOSUN 5300 GPH Submersible Water Pump, 310W Pond Pump, Ultra Quiet Aquarium Pump with 20FT. Lift Height for Pond Waterfall, Fish Tank, Statuary, or Hydroponics","New","2","0","1","1","2","0","0","CAD","10","33","56","59","","149.99","0.0","134.99","0.0","NoRestockExcessActionRequired","2","0.0","0","0","0.0","1.4","0.474629","cubic feet","Standard","0.949258","CA","gl_tools","699","77","0","23","41","134.99","1379.9","4244.67","7539.24","7974.21","0","0","1","2","0","0.25","188","88","0","100","2","1","0","0.0","0","0.0","2","1.94","0","0.0","0","0.0","0","0.0","0","0.0","77.3","51","2026-07-01","2026-04-27","Yes","No","28.9","77.3","2026-04-27","190","0","2","0","281","N","","",""
"2026-04-30","330704-04K","X003FHDSOL","B0BCVM2P9K","VIVOSUN 5 x 15 ft. Plant Trellis Netting, Heavy-Duty Polyester Grow Net, Garden Trellis Netting with Square Mesh for Climbing Plants, Vegetables, Fruits, and Flowers, 1-Pack","New","477","0","452","0","40","0","0","CAD","25","70","96","103","","11.99","0.0","10.39","0.0","NoExcessInventory","479","0.0","0","0","0.0","0.38","0.017045","cubic feet","Standard","8.130465","CA","gl_home","359","366","0","27","60","10.39","259.75","773.7","1070.44","1154.37","301","150","1","40","0","11.32","0","0","0","0","4","1","0","0.0","1","0.02","39","1.36","0","0.0","0","0.0","0","0.0","0","0.0","190.4","0","","2026-04-27","No","No","135.2","190.4","2026-04-27","479","2","1","1","366","N","","",""
"2026-04-30","311021-1x5K","X002PDVLJZ","B08869D3HP","VIVOSUN 5-Pack 1 Gallon Grow Bags Heavy Duty 300G Thickened Nonwoven Plant Fabric Pots with Handles Tan","New","73","0","74","0","0","0","0","CAD","11","35","60","69","","16.99","0.0","16.99","0.0","NoRestockExcessActionRequired","73","0.0","0","0","0.0","0.92","0.094077","cubic feet","Standard","6.867621","CA","gl_home","15","90","0","14","23","16.99","182.93","578.79","998.44","1151.35","0","54","20","0","0","6.03","54","54","0","0","0","1","","","","","","","","","","","","","","","104.9","29","2026-07-15","2026-04-27","No","No","78.9","104.9","2026-04-27","127","0","0","0","229","N","","",""
"2026-04-30","SPray-70LK","X00289XXFV","B07QQ3KYJC","VIVOSUN 1.8-Gallon Pump Sprayer, Pressurized Lawn & Garden Sprayer with Adjustable Shoulder Strap for Plants, Garden Watering and Household Cleaning","New","27","0","17","11","0","0","0","CAD","12","77","97","129","","49.99","0.0","42.49","0.0","CreateShippingPlan","27","0.0","0","0","0.0","1.32","0.638164","cubic feet","Oversize","17.230428","CA","gl_lawn_and_garden","1538","9","0","1","2","49.99","577.38","3423.33","4365.63","5744.91","0","17","0","0","0","5.24","0","0","0","0","0","1","","","","","","","","","","","","","","","75.3","156","2026-05-01","2026-04-27","Yes","No","31.2","75.3","2026-04-27","27","0","0","0","9","N","","",""
"2026-04-30","332597K","X0043U75K7","B0CQJCG61Q","VIVOSUN 3000 GPH Submersible Water Pump with Barrier Bag, 150W Pond Pump with 18FT. Lift Height, Ultra Quiet Aquarium Pump for Pond, Waterfall, Fish Tank, Statuary, Hydroponic","New","14","0","23","0","0","0","0","CAD","5","23","27","32","","109.99","0.0","98.99","0.0","Create Outlet deal","8","87.99","2","0","2869.03","1.05","0.358837","cubic feet","Standard","5.023718","CA","gl_home_improvement","6415","276","0","22","52","98.99","494.95","2183.27","2573.73","3035.68","8","12","3","0","0","48.8","116","4","76","36","12","0","","","","","","","","","","","","","","","99.4","23","2027-01-16","2026-04-27","Yes","No","42.2","99.4","2026-04-27","142","12","0","0","288","N","","",""
"2026-04-30","VST-SP1-GL-CA","X004XK33XZ","B0G4MBQ2VD","VIVOSUN Grow Tent High CFM Kit, Heavy-Duty Mounting Bars, High Airflow Support Pole Kit 24""-36"" Adjustable, Suitable for 2’×2’, 2.3’×2.3’, 2.7’×2.7’, and 3’×3’ Tents, 4-Pack","New","16","0","19","0","0","0","0","CAD","2","7","15","15","","41.99","0.0","41.99","0.0","NoRestockExcessActionRequired","47","0.0","0","0","0.0","2.12","0.154652","cubic feet","Standard","2.474432","CA","gl_home","44572","205","0","31","47","41.99","83.98","293.93","629.85","629.85","19","0","0","0","0","6.33","39","10","20","9","2","0","","","","","","","","","","","","","","","38.7","9","2026-11-06","2026-04-27","Yes","No","38.7","33.0","2026-04-27","56","1","1","0","275","N","","",""
"2026-04-30","332583-35K","X0048FIP0B","B0D3PLFYCQ","VIVOSUN 660 GPH 35W Submersible Water Pump, with Adjustable Water Flow, 4.9ft Tubing, Additional Ceramic Shaft, and Outlet Adapters, for Fish Tanks, Aquariums, Hydroponics, Fountains","New","1","0","5","0","0","0","0","CAD","11","15","72","109","","36.99","0.0","33.29","0.0","NoRestockExcessActionRequired","145","0.0","0","0","0.0","5.54","0.113882","cubic feet","Standard","0.113882","CA","gl_home_improvement","4289","284","0","60","26","33.29","369.89","517.85","2526.38","3861.71","5","0","0","0","0","15.73","224","48","96","80","19","3","","","","","","","","","","","","","","","17.6","0","","2026-04-27","Yes","No","3.8","17.6","2026-04-27","241","16","1","2","366","N","","",""
"2026-04-30","SPray-15L-GK","X0028BZNWZ","B07QTHF3QK","VIVOSUN 0.4 Gallon Handheld Garden Pump Sprayer, 50 oz Gallon Lawn & Garden Pressure Water Spray Bottle with Adjustable Brass Nozzle, for Plants and Other Cleaning Solutions (1.5L Green)","New","54","0","29","0","0","0","0","CAD","33","152","212","288","","29.99","0.0","26.99","0.0","NoRestockExcessActionRequired","298","0.0","0","0","0.0","1.84","0.278562","cubic feet","Standard","15.042348","CA","gl_lawn_and_garden","759","77","0","9","15","29.99","987.17","4294.98","6035.88","8179.62","1","28","0","0","0","74.79","288","54","126","108","78","3","","","","","","","","","","","","","","","56.6","198","2026-07-09","2026-04-27","No","No","24.0","56.6","2026-04-27","415","73","1","4","96","N","","",""
"2026-04-30","VSA150SE-E25K","X003LX886H","B0BKPKKWYK","VIVOSUN Smart Grow System with the AeroLight A150SE, 150W LED Grow Light w/Integrated Circulation Fan & GrowHub Controller E25, Establish an Intelligent Grow Environment","New","1","0","5","0","0","0","0","CAD","0","0","10","10","Low conversion","159.99","0.0","159.99","0.0","NoRestockExcessActionRequired","1","0.0","0","0","0.0","8.0","0.418803","cubic feet","Standard","0.418803","CA","gl_home_improvement","17884","6","0","","14","159.99","0.0","0.0","1589.9","1589.9","5","0","0","0","0","0.19","10","10","0","0","3","0","","","","","","","","","","","","","","","","11","2026-04-29","","","","","0.9","2026-04-27","11","0","0","3","70","N","","",""
"2026-04-30","311001-2x5K","X001BA59YB","B00UBLDUBO","VIVOSUN 5-Pack 2 Gallons Heavy Duty Thickened Nonwoven Fabric Pots Grow Bags with Handles","New","77","0","121","0","0","0","0","CAD","17","53","79","95","","17.99","0.0","17.99","0.0","NoExcessInventory","237","0.0","0","0","0.0","1.68","0.098305","cubic feet","Standard","7.569485","CA","gl_home","15","366","0","14","26","17.99","305.83","948.07","1406.81","1694.65","121","0","0","0","0","22.85","120","0","40","80","81","0","","","","","","","","","","","","","","","52.4","0","","2026-04-27","No","No","28.4","52.4","2026-04-27","277","80","0","1","366","N","","",""
"2026-04-30","VSV-AZG6K","X003UGU5HP","B0C6QJVMD1","VIVOSUN AeroZesh G6 6-inch 388 CFM Inline Duct Fan, Entirely Programmable PWM-Controlled EC Fan for Grow Tent Ventilation","New","53","0","53","1","0","0","0","CAD","3","22","35","51","","129.99","0.0","129.99","0.0","NoRestockExcessActionRequired","53","0.0","0","0","0.0","0.94","0.701572","cubic feet","Oversize","37.183316","CA","gl_kitchen","29549","131","0","9","13","129.99","389.97","2698.38","4344.93","6333.77","28","12","13","0","0","23.85","0","0","0","0","1","0","","","","","","","","","","","","","","","89.8","35","2026-08-25","2026-04-27","Yes","No","74.0","89.8","2026-04-27","53","0","0","1","133","N","","",""
"2026-04-30","304113-P224K","X003Y9A86L","B0CGHDFN7T","VIVOSUN P224 24""×24""×48"" PRO Grow Tent, with Thick 1 inch Poles, Strengthened High Reflective Mylar Oxford Fabric & Extra Hanging Bars for Hydroponics Indoor Plant for AeroLight A100, No High CFM Kit","New","9","0","7","0","0","0","0","CAD","1","3","9","9","","135.99","0.0","135.99","0.0","NoRestockExcessActionRequired","10","0.0","0","0","0.0","1.44","1.211417","cubic feet","Oversize","10.902753","CA","gl_home","28600","165","0","45","49","135.99","135.99","407.97","1169.51","1169.51","2","5","0","0","0","7.29","25","10","0","15","5","0","","","","","","","","","","","","","","","84.3","18","2026-09-27","2026-04-27","Yes","No","84.3","73.5","2026-04-27","35","1","4","0","218","N","","",""
"2026-04-30","TN-44K","X003SZ0I25","B0BY2JKXC7","VIVOSUN 4 x 4Ft. Elastic Trellis Netting with 4 Hooks for Climbing Plants, Vegetables, Fruits, and Flowers, 1-Pack","New","287","0","92","94","104","0","0","CAD","8","27","46","65","","25.99","0.0","20.69","0.0","NoExcessInventory","287","0.0","0","0","43.26","0.24","0.057291","cubic feet","Standard","16.442517","CA","gl_lawn_and_garden","3472","366","0","70","95","20.69","165.52","616.93","1110.74","1597.05","91","1","0","104","0","29.07","190","190","0","0","1","1","94","3.66","101","7.87","0","0.0","0","0.0","0","0.0","0","0.0","0","0.0","348.9","0","","2026-04-27","Yes","No","296.2","348.9","2026-04-27","477","0","1","0","366","N","","",""
"2026-04-30","VSK-GIYE448-CA","X004T1GCGD","B093BJ4BKZ","VIVOSUN Grow Tent Kit, 4 × 4ft 4-Plant System, WiFi-Controlled Grow System with Full Spectrum LED Grow Light, Automatic Ventilation, GrowHub Outlet A22 with Temperature and Humidity Sensor","New","13","0","13","0","0","0","0","CAD","1","1","5","8","Low conversion","899.99","0.0","854.99","0.0","NoRestockExcessActionRequired","0","0.0","0","0","19993.13","1.04","8.09375","cubic feet","Extra-large","105.21875","CA","gl_home","25120","278","0","72","29","854.99","854.99","854.99","4184.95","6704.92","6","7","0","0","0","70.17","5","5","0","0","0","0","","","","","","","","","","","","","","","","2","2027-01-14","","","","","70.3","2026-04-27","18","0","0","0","366","N","","",""
"2026-04-30","VSL-LL400-NK","X004RRU8TB","B08GPTLSZH","VIVOSUN VS4000 LED Grow Light with Samsung LM301 Diodes &Brand Driver Dimmable Lights Sunlike Full Spectrum for Seedling Veg & Bloom Plant Grow Lamp for 4x4/5x5 Grow Tent","New","59","0","65","0","0","0","0","CAD","3","12","24","24","","459.99","0.0","459.99","0.0","NoExcessInventory","66","0.0","0","0","0.0","0.95","2.202813","cubic feet","Oversize","129.965967","CA","gl_home","8321","209","0","19","31","459.99","1379.97","5519.88","10838.83","10838.83","54","7","4","0","0","100.13","0","0","0","0","8","1","","","","","","","","","","","","","","","120.7","20","2026-11-11","2026-04-27","Yes","No","120.7","100.1","2026-04-27","66","7","1","0","210","N","","",""
"2026-04-30","VSV-AZT8JK","X004MJ1QAJ","B0F2S6ZLRK","VIVOSUN T8 8"" Inline Duct Fan & 3 Cycle Modes E12 Speed Controller, AeroZesh Grow Tent Kit Ventilation Fan with 832 CFM EC Motor, Programmable Exhaust Fan for Heating Cooling Booster, Hydroponics","New","16","0","0","0","16","0","0","CAD","2","2","2","2","","149.99","0.0","149.99","0.0","Edit listing","0","0.0","0","0","4151.28","0.06","0.893634","cubic feet","Oversize","14.298144","CA","gl_kitchen","60017","366","16","32","104","149.99","299.98","299.98","299.98","299.98","0","0","0","16","0","56.41","0","0","0","0","0","0","0","0.0","0","0.0","8","14.58","8","31.58","0","0.0","0","0.0","0","0.0","","0","","","","","","","2026-04-27","16","0","0","0","366","N","","",""
"2026-04-30","306201P-6K","X001JINFG9","B01DXYMJ94","VIVOSUN T6 6 Inch 390 CFM Inline Duct Fan with Variable Speed Controller HVAC Blower for Ventilation","New","6","0","16","0","0","0","0","CAD","5","67","172","210","","109.99","0.0","109.99","0.0","NoRestockExcessActionRequired","13","0.0","0","0","0.0","3.25","0.744785","cubic feet","Oversize","4.46871","CA","gl_kitchen","19284","12","0","11","12","109.99","549.95","7303.33","18720.28","22899.9","16","0","0","0","0","1.77","189","188","0","1","9","4","","","","","","","","","","","","","","","27.1","81","2026-04-30","2026-04-27","Yes","No","15.9","27.1","2026-04-27","202","7","2","0","169","N","","",""
"2026-04-30","CBIN-BL-43K","X002KJFY1P","B08346W5S6","VIVOSUN Tumbling Composter Dual Rotating Batch Compost Bin 43 Gallon Black","New","174","0","184","0","0","0","0","CAD","20","127","196","230","","139.99","0.0","139.99","0.0","NoRestockExcessActionRequired","178","0.0","0","0","0.0","1.2","2.638959","cubic feet","Oversize","459.178866","CA","gl_lawn_and_garden","2422","59","0","7","13","139.99","2759.8","15418.73","23394.44","27230.1","55","129","0","0","0","255.71","72","70","0","2","15","0","","","","","","","","","","","","","","","79.0","113","2026-06-14","2026-04-27","Yes","No","48.4","79.0","2026-04-27","250","4","10","1","126","N","","",""
"2026-04-30","306104-8CK","X0018NJI0H","B010UCCR3A","VIVOSUN 25 Feet 8 Inch Non-Insulated Flex Air Aluminum Duct for Ventilation Ducting w/ 2pcs 8 Inch Stainless Steel Clamps","New","48","0","51","0","0","0","0","CAD","9","26","35","55","","49.99","0.0","49.99","0.0","NoExcessInventory","48","0.0","0","0","0.0","0.99","0.560581","cubic feet","Oversize","26.907888","CA","gl_home_improvement","6988","88","0","18","27","47.49","434.91","1249.74","1669.91","2616.71","2","37","12","0","0","17.64","70","40","0","30","0","0","","","","","","","","","","","","","","","97.7","48","2026-07-12","2026-04-27","Yes","No","75.7","97.7","2026-04-27","118","0","0","0","141","N","","",""
"2026-04-30","VSGB-15K","X0041ECHHL","B0BLBJ3YN1","VIVOSUN 5-Pack 15 Gallon Grow Bags, 500G Thick Nonwoven Fabric Pots with Strap Handles, Multi-Purpose Rings, for Low Stress Plant Training Fruits, Vegetables, and Flowers","New","7","0","22","0","0","0","0","CAD","24","74","105","130","","35.99","0.0","35.99","0.0","NoExcessInventory","62","0.0","0","0","0.0","3.44","0.404732","cubic feet","Standard","2.833124","CA","gl_home","1569","37","0","4","8","35.99","863.76","2663.26","3778.95","4678.7","22","0","0","0","0","15.46","81","36","18","27","24","0","","","","","","","","","","","","","","","34.9","77","2026-05-23","2026-04-27","No","No","9.3","34.9","2026-04-27","107","19","1","4","71","N","","",""
"2026-04-30","Spray-SX-CS7K","X00413JWCZ","B0BYNC8H6J","VIVOSUN 1.8 Gallon Pump Pressure Sprayer, 7L Pressurized Lawn & Garden Water Spray Bottle with 3 Water Nozzles, Adjustable Shoulder Strap, Pressure Relief Valve, for Plants and Cleaning","New","131","0","148","0","0","0","0","CAD","22","67","84","98","","54.99","0.0","44.54","0.0","NoRestockExcessActionRequired","131","0.0","0","0","0.0","1.27","0.65728","cubic feet","Oversize","86.10368","CA","gl_lawn_and_garden","254","96","0","18","42","44.54","1026.15","3247.42","4091.46","4792.33","148","0","0","0","0","56.43","186","120","0","66","6","0","","","","","","","","","","","","","","","72.1","71","2026-07-21","2026-04-27","Yes","No","59.4","72.1","2026-04-27","317","0","3","3","270","N","","",""
"2026-04-30","TN-22K","X003SYD111","B0BY2BGGN2","VIVOSUN 2 x 2Ft. Elastic Trellis Netting with 4 Hooks for Climbing Plants, Vegetables, Fruits, and Flowers, 1-Pack","New","46","0","0","3","2","45","0","CAD","2","6","12","23","","13.99","0.0","13.29","0.0","NoExcessInventory","67","0.0","0","0","0.0","0.41","0.02143","cubic feet","Standard","0.98578","CA","gl_lawn_and_garden","3472","224","0","84","71","13.29","26.58","82.54","162.98","316.87","0","0","0","47","0","6.63","80","80","0","0","21","0","1","0.01","0","0.0","2","0.09","0","0.0","45","4.69","0","0.0","0","0.0","268.5","14","2026-11-26","2026-04-27","Yes","No","268.5","217.7","2026-04-27","147","21","0","0","366","N","","",""
"2026-04-30","311021-3x5K","X001LWDR2F","B01I1D9N9Q","VIVOSUN 5-Pack 3 Gallon Grow Bags Heavy Duty 300G Thickened Nonwoven Plant Fabric Pots with Handles Tan","New","83","0","89","0","0","0","0","CAD","18","78","114","129","","19.99","0.0","19.99","0.0","NoExcessInventory","173","0.0","0","0","0.0","1.71","0.093501","cubic feet","Standard","7.760583","CA","gl_home","15","87","0","10","20","19.99","359.82","1545.23","2250.87","2550.72","60","29","0","0","0","14.91","120","30","30","60","2","0","","","","","","","","","","","","","","","52.3","66","2026-07-02","2026-04-27","No","No","33.2","52.3","2026-04-27","203","0","2","0","118","N","","",""
"2026-04-30","311008-03x50K","X00295TQCX","B0132LPUTE","VIVOSUN 50-Pack 3 Gallon Grow Bags for Plants, Black-and-White Material for Potting Up Seedlings and Rooting","New","128","0","131","0","0","0","0","CAD","10","53","74","85","","23.99","0.0","23.99","0.0","NoRestockExcessActionRequired","128","0.0","0","0","0.0","0.68","0.068369","cubic feet","Standard","8.751232","CA","gl_home","4848","177","0","9","19","23.99","239.9","1249.37","1741.16","2005.05","20","80","31","0","0","8.31","0","0","0","0","1","0","","","","","","","","","","","","","","","146.2","26","2026-10-10","2026-04-27","No","No","89.1","146.2","2026-04-27","128","0","0","1","180","N","","",""
"2026-04-30","304113-P848K","X003Y9BIH9","B0CGHPVX9S","VIVOSUN P848 96""×48""×80"" PRO Grow Tent, with Thick 1 inch Poles, Strengthened High Reflective Mylar Oxford Fabric, Extra Hanging Bars & High CFM Kit for Hydroponics Indoor Plant for AeroLight A200SE×4","New","12","0","12","0","0","0","0","CAD","0","2","4","14","","399.99","0.0","399.99","0.0","NoExcessInventory","12","0.0","0","0","3673.2","1.93","4.310185","cubic feet","Extra-large","51.72222","CA","gl_home","28600","126","0","40","18","399.99","0.0","799.98","1559.96","4959.86","5","7","0","0","0","37.58","8","8","0","0","0","0","","","","","","","","","","","","","","","162.0","11","2026-08-19","2026-04-27","Yes","No","162.0","49.9","2026-04-27","20","0","0","0","184","N","","",""
"2026-04-30","311021-20x5K","X002PDW103","B0885S2TDF","VIVOSUN 5-Pack 20 Gallon Grow Bags Heavy Duty 300G Thickened Nonwoven Plant Fabric Pots with Handles Tan","New","302","0","464","0","0","0","0","CAD","61","185","260","285","","32.99","0.0","32.99","0.0","Create Outlet deal","19","26.39","2","0","2767.64","1.09","0.372163","cubic feet","Standard","112.393226","CA","gl_home","15","366","0","10","22","32.99","2011.4","6041.77","8382.82","9205.59","268","196","0","0","0","218.49","200","20","40","140","159","2","","","","","","","","","","","","","","","75.7","0","","2026-04-27","No","No","59.4","75.7","2026-04-27","642","140","15","4","366","N","","",""
"2026-04-30","311001-25x5K","X000YNXR27","B00VWU30EK","VIVOSUN 5-Pack 25 Gallons Grow Bags Heavy Duty Thickened Nonwoven Fabric Pots with Handles","New","0","0","43","0","0","0","0","CAD","70","73","242","363","","36.99","0.0","36.99","0.0","NoExcessInventory","405","0.0","0","0","0.0","2.74","0.663496","cubic feet","Standard","0.0","CA","gl_lawn_and_garden","15","117","0","19","12","36.99","2392.31","2489.28","8160.59","11824.38","43","0","0","0","0","213.5","360","27","45","288","131","4","","","","","","","","","","","","","","","35.2","45","2026-08-03","2026-04-27","Yes","No","5.7","35.2","2026-04-27","450","90","9","32","206","N","","",""
"2026-04-30","307281-2K","X0028TRIQB","B07H8G6PKX","VIVOSUN 2-Pack Clamp Lamp Light with Detachable 8.5 Inch Aluminum Reflector up to 150 Watt E26 Socket (No Bulb Included), 6 Feet Cord, UL Listed, Type A Bulb Only","New","137","0","229","0","0","0","0","CAD","43","156","261","341","","34.99","0.0","31.49","0.0","NoRestockExcessActionRequired","281","0.0","0","0","0.0","1.79","0.307667","cubic feet","Standard","42.150379","CA","gl_home","3261","115","0","7","10","31.49","1368.07","5250.19","8733.39","11467.84","122","107","0","0","0","74.88","144","72","72","0","80","3","","","","","","","","","","","","","","","49.3","186","2026-08-17","2026-04-27","No","No","47.2","49.3","2026-04-27","353","72","5","3","147","N","","",""
"2026-04-30","VSAW400SE-E25K","X004ASXMOF","B0D8318TRS","VIVOSUN AeroLight Wing AW400SE with E25 Controller","New","29","0","0","0","25","4","0","CAD","2","3","8","8","","589.99","0.0","589.99","0.0","Create Outlet deal","0","471.99","2","0","14438.81","0.24","1.626953","cubic feet","Oversize","47.181637","CA","gl_home","17884","366","29","38","47","589.99","1179.98","1769.97","4660.92","4660.92","0","0","0","29","0","138.67","0","0","0","0","0","0","0","0.0","0","0.0","25","82.92","4","28.75","0","0.0","0","0.0","0","0.0","385.3","0","","2026-04-27","Yes","No","312.3","385.3","2026-04-27","29","0","0","0","366","N","","",""
"2026-04-30","304866x4-K","X004AUWESN","B0D2MMVCL4","VIVOSUN 4-Pack Self Adhesive Zipper Door for Debris Barriers, 3In. x 7Ft. Peel & Stick, Heavy-Duty & Double-Sided Zipper for Tarp, Greenhouse, Indoor Outdoor Tent, Black","New","24","0","28","0","0","0","0","CAD","7","32","58","79","","45.99","0.0","45.99","41.07","NoRestockExcessActionRequired","44","0.0","0","0","0.0","2.23","0.117249","cubic feet","Standard","2.813976","CA","gl_home","19655","63","0","8","10","43.69","305.83","1411.88","2545.07","3458.86","20","8","0","0","0","4.35","40","20","20","0","1","1","","","","","","","","","","","","","","","36.7","42","2026-06-17","2026-04-27","Yes","No","23.1","36.7","2026-04-27","64","0","0","1","97","N","","",""
"2026-04-30","VSV-AZT6E42APRK","X004R4A853","B0BMTK8J3P","VIVOSUN T6 6"" Inline Duct Fan & Temperature Humidity Controller, E42A+ WiFi-App Control AeroZesh Grow Tent Fan& Smart Thermostat, 408 CFM EC Motor Exhaust Fan for Heating Cooling, Greenhouse Accessory","New","69","0","24","45","0","0","0","CAD","0","7","15","27","","219.99","0.0","219.99","0.0","NoExcessInventory","69","0.0","0","0","66.4","0.42","0.7878","cubic feet","Oversize","54.3582","CA","gl_kitchen","34022","334","0","39","33","219.99","0.0","1293.53","2930.25","5138.93","24","0","0","0","0","37.47","0","0","0","0","0","0","","","","","","","","","","","","","","","210.9","0","","2026-04-27","Yes","No","210.9","200.7","2026-04-27","69","0","0","0","334","N","","",""
"2026-04-30","332581K","X002K1PH8X","B07ZR9VNCP","VIVOSUN 1982 GPH and Submersible Water Pump, 110W Pond Pump, Ultra Quiet Aquarium Pump with 14.8FT Lift Height for Pond, Waterfall, Fish Tank, Statuary, Hydroponic","New","21","0","8","0","2","32","0","CAD","5","25","27","30","","99.99","0.0","99.99","0.0","NoRestockExcessActionRequired","30","72.19","8","0","158.87","0.55","0.500835","cubic feet","Standard","10.517535","CA","gl_home_improvement","3934","59","0","12","32","99.99","303.95","1593.15","1783.13","2011.1","8","0","0","3","31","276.26","54","26","20","8","20","1","0","0.0","0","0.0","0","0.0","2","4.42","1","2.44","4","10.72","27","126.36","175.5","47","2026-06-14","2026-04-27","No","No","66.1","175.5","2026-04-27","95","20","0","0","90","N","","",""
"2026-04-30","HR-0001K","X003Y630OB","B0BWDPZTF1","VIVOSUN Outdoor Handrail, 3 Step Stair Handrail, 40"" x 36"" Fits 1 to 3 Steps, Wrought Mattle Iron Handrail for Concrete Steps, Porch Steps, One-step Assembly, Black","New","86","0","49","56","0","0","0","CAD","0","2","5","8","","99.99","0.0","81.21","0.0","Create Outlet deal","29","79.99","2","0","8858.79","0.09","0.92209","cubic feet","Oversize","79.29974","CA","gl_home_improvement","25142","366","77","174","141","81.21","0.0","162.42","406.05","696.02","19","30","0","0","0","69.28","1","0","0","1","23","0","","","","","","","","","","","","","","","1387.5","0","","2026-04-27","Yes","No","1387.5","935.8","2026-04-27","106","19","4","0","366","N","","",""
"2026-04-30","VSA-GGDJK","X004L4YUI5","B0DY729GLT","VIVOSUN Growing Room Glasses Gray Full Spectrum 1pcs Glasses Case + Glasses Cloth","New","5","0","1","1","3","0","0","CAD","0","3","7","10","","28.99","0.0","28.99","0.0","GoToRestock","5","0.0","0","0","0.0","1.05","0.044053","cubic feet","Standard","0.220265","CA","gl_sports","149955","38","0","6","6","28.99","0.0","86.97","202.93","289.9","0","1","0","3","0","0.3","0","0","0","0","0","0","","","","","","","","","","","","","","","85.6","8","2026-05-23","2026-04-27","Yes","No","65.0","85.6","2026-04-27","5","0","0","0","38","N","","",""
"2026-04-30","311011-10K","X0029YLQAJ","B07SJRBYGR","VIVOSUN 5 Pack 10 Gallon Square Grow Bags, Thick Fabric Bags with Handles","New","38","0","44","0","0","0","0","CAD","6","40","63","72","","29.99","0.0","29.99","0.0","NoExcessInventory","51","0.0","0","0","0.0","1.52","0.203469","cubic feet","Standard","7.731822","CA","gl_home","4719","48","0","5","9","29.99","179.94","1189.61","1857.39","2127.3","27","17","0","0","0","8.26","12","12","0","0","5","0","","","","","","","","","","","","","","","59.9","45","2026-06-02","2026-04-27","Yes","No","30.6","59.9","2026-04-27","51","1","0","4","62","N","","",""
"2026-04-30","VST-SP2-GL-CA","X004XK6NJV","B0G4MB8J36","VIVOSUN Grow Tent High CFM Kit, Heavy-Duty Mounting Bars, High Airflow Support Pole Kit 39""-60"" Adjustable, Suitable for 3.3’×3.3’, 4’×2’, 4’×4’, and 5’×5’ Tents, 4-Pack","New","6","0","3","0","0","0","0","CAD","1","1","1","1","","55.99","0.0","0.0","0.0","Edit listing","","","0","0","","3.0","0.324074","cubic feet","Oversize","1.944444","CA","gl_home","44572","99","0","344","1118","55.99","46.99","46.99","46.99","46.99","3","0","0","0","0","","80","80","0","0","5","0","","","","","","","","","","","","","","","","3","2026-07-23","","","","","","2026-04-27","88","2","1","2","366","N","","",""
"2026-04-30","311001-1x5K","X001BBLIKT","B00UBLDSAW","VIVOSUN 5-Pack 1 Gallon Heavy Duty Thickened Nonwoven Fabric Pots Grow Bags with Handles","New","72","0","128","0","0","0","0","CAD","16","68","110","147","","16.99","0.0","16.99","0.0","NoRestockExcessActionRequired","342","0.0","0","0","0.0","1.67","0.051489","cubic feet","Standard","3.707208","CA","gl_home","15","366","0","16","25","16.99","267.88","1151.26","1864.77","2492.41","109","19","0","0","0","16.83","216","0","54","162","108","2","","","","","","","","","","","","","","","52.0","0","","2026-04-27","No","No","27.7","52.0","2026-04-27","396","108","0","0","366","N","","",""
"2026-04-30","TN-24K","X003SYKRVN","B0BY2CLYQQ","VIVOSUN 2ft. x 4ft. Elastic Trellis Netting with 4 Hooks for Climbing Plants, Vegetables, Fruits, and Flowers, 1-Pack","New","153","0","160","2","22","0","0","CAD","12","34","55","73","","16.99","0.0","15.14","0.0","NoExcessInventory","180","0.0","0","0","0.0","0.68","0.024816","cubic feet","Standard","3.796848","CA","gl_lawn_and_garden","3472","95","0","32","48","15.14","181.68","546.21","903.0","1208.82","160","0","0","22","0","5.9","120","120","0","0","27","1","1","0.02","22","0.74","0","0.0","0","0.0","0","0.0","0","0.0","0","0.0","94.4","63","2026-07-28","2026-04-27","No","No","48.7","94.4","2026-04-27","300","27","0","0","271","N","","",""
"2026-04-30","330702-02K","X001B8V3SJ","B00P7RUJ16","VIVOSUN Heavy-Duty Polyester Plant Trellis Netting 5 x 30ft 1 Pack","New","286","0","1","1","203","3","94","CAD","17","46","50","56","","15.99","0.0","13.19","0.0","NoExcessInventory","290","0.0","0","0","8.95","0.15","0.021854","cubic feet","Standard","6.250244","CA","gl_lawn_and_garden","359","322","0","24","66","13.19","224.23","654.34","711.1","807.04","1","0","0","204","2","28.61","0","0","0","0","8","1","1","0.01","200","5.94","1","0.04","2","0.19","0","0.0","3","0.35","94","19.19","691.5","0","","2026-04-27","No","No","286.2","691.5","2026-04-27","290","4","3","1","330","N","","",""
"2026-04-30","306146-0820K","X002SUIEEZ","B08M42FD1V","VIVOSUN 8 Inch Air Carbon Filter Smelliness Control with Australia Virgin Charcoal for Inline Fan, Grow Tent Smelliness Scrubber, Pre-Filter Included, Reversible Flange 8"" x 20"", Black","New","10","0","9","0","0","0","0","CAD","1","9","13","28","","139.99","0.0","139.99","0.0","NoRestockExcessActionRequired","0","0.0","0","0","4892.03","6.22","1.760272","cubic feet","Oversize","17.60272","CA","gl_home_improvement","","76","0","21","22","139.99","139.99","1258.92","1818.88","3918.73","9","0","0","0","0","14.07","38","26","0","12","2","0","","","","","","","","","","","","","","","16.9","15","2026-07-01","2026-04-27","Yes","No","16.9","7.8","2026-04-27","49","1","1","0","180","N","","",""
"2026-04-30","VSL-LRSF50-8K","X004HJ0Z2T","B0DPFYQGVD","VIVOSUN Lumaray LED Grow Light Bars 16”(8-Bar), Full Spectrum Side Lighting with 60% Red Light up to 25% Yields for Grow Tents, Greenhouses, Magnet Reliability Upgraded, SGS Compatible","New","9","0","9","0","0","0","0","CAD","0","3","3","3","","199.99","0.0","199.99","0.0","Create Outlet deal","0","159.99","2","0","1834.68","1.33","0.488607","cubic feet","Oversize","4.397463","CA","gl_home","12554","173","0","18","60","199.99","0.0","599.97","599.97","599.97","9","0","0","0","0","3.2","5","5","0","0","0","0","","","","","","","","","","","","","","","29.7","3","2026-10-05","2026-04-27","Yes","No","29.7","29.7","2026-04-27","14","0","0","0","250","N","","",""
"2026-04-30","311001-50K","X0029QTUX7","B07SVYP3V5","VIVOSUN 1 Pack 50 Gallon Grow Bag, Fabric Pot with Handles for Growing Vegtables and Plants","New","49","0","59","0","0","0","0","CAD","34","99","150","167","","22.99","0.0","22.99","0.0","NoExcessInventory","99","0.0","0","0","0.0","2.82","0.244879","cubic feet","Standard","11.999071","CA","gl_lawn_and_garden","3661","23","0","5","9","22.99","781.66","2258.92","3383.11","3773.94","55","4","0","0","0","18.98","75","25","25","25","3","3","","","","","","","","","","","","","","","36.3","140","2026-05-09","2026-04-27","No","No","21.9","36.3","2026-04-27","124","0","1","2","31","N","","",""
"2026-04-30","VSA-GGD2JK","X004L5TDO5","B0DY71KW95","VIVOSUN Growing Room Glasses Gray Full Spectrum 2pcs Glasses Case + Glasses Cloth","New","6","0","1","0","5","0","0","CAD","2","8","11","13","","46.99","0.0","46.99","0.0","Create Outlet deal","0","37.59","2","0","239.97","0.9","0.07495","cubic feet","Standard","0.4497","CA","gl_sports","149955","35","0","3","6","46.99","93.98","375.92","516.89","593.87","1","0","0","5","0","1.23","0","0","0","0","0","1","","","","","","","","","","","","","","","110.2","9","2026-05-21","2026-04-27","Yes","No","54.7","110.2","2026-04-27","6","0","0","0","35","N","","",""
"2026-04-30","AP-40kitK","X00497N1ED","B0D59VNTDN","VIVOSUN Air Pump Kit, with 40 W 1110 GPH Commercial Air Pump, 8-Way Splitter, 2 Pcs Air Stones, 25 ft Air Tubing, 2 Pcs Check Valves, for Aquarium, Fish Tank & Hydroponics","New","8","0","12","0","0","0","0","CAD","6","12","47","78","","79.99","0.0","71.99","0.0","NoRestockExcessActionRequired","98","0.0","0","0","0.0","1.72","0.252584","cubic feet","Standard","2.020672","CA","gl_pet_products","2586","115","0","28","14","71.99","431.94","911.88","3623.53","6007.22","12","0","0","0","0","24.38","78","6","72","0","21","4","","","","","","","","","","","","","","","34.9","54","2026-08-08","2026-04-27","Yes","No","9.0","34.9","2026-04-27","104","18","3","0","127","N","","",""
"2026-04-30","SPray-100LK","X004AUZNP9","B0CRRFQFB5","VIVOSUN 2.64-Gallon Pump Pressure Sprayer, Pressurized Lawn & Garden Water Spray Bottle with Adjustable Shoulder Strap, for Plants Spraying, Garden Watering and Household Cleaning","New","45","0","39","6","0","0","0","CAD","13","40","53","58","","74.99","0.0","59.99","0.0","NoRestockExcessActionRequired","45","0.0","0","0","0.0","0.96","0.752626","cubic feet","Oversize","33.86817","CA","gl_lawn_and_garden","1538","37","0","6","14","74.99","779.87","2527.1","3494.47","3869.42","25","0","14","0","0","22.12","19","19","0","0","0","0","","","","","","","","","","","","","","","112.3","63","2026-05-21","2026-04-27","Yes","No","59.2","112.3","2026-04-27","64","0","0","0","54","N","","",""
"2026-04-30","306201P-8K","X001JINFFZ","B01DXYMM2I","VIVOSUN T8 8 Inch 720 CFM Inline Duct Ventilation Fan with Variable Speed Controller for Grow Tent","New","98","0","103","0","0","0","0","CAD","9","47","91","119","","129.99","0.0","129.99","0.0","NoRestockExcessActionRequired","98","0.0","0","0","0.0","1.04","0.91813","cubic feet","Oversize","89.97674","CA","gl_kitchen","19284","85","0","14","18","129.99","1169.91","6093.53","11972.09","15886.81","1","102","0","0","0","51.6","75","73","0","2","4","2","","","","","","","","","","","","","","","86.3","68","2026-07-10","2026-04-27","Yes","No","79.5","86.3","2026-04-27","173","0","2","2","163","N","","",""
"2026-04-30","VSK-GIYS276-CA","X004T1KAPH","B0BY7SRP8R","VIVOSUN Smart Grow Tent Kit 2.7 × 2.7ft WiFi-Integrated Automatic Complete Grow System with Full Spectrum LED Grow Light, Efficient Ventilation System with GrowHub E42A+ Controller","New","8","0","11","0","0","0","0","CAD","1","6","12","17","","509.99","0.0","458.99","0.0","NoRestockExcessActionRequired","11","0.0","0","0","0.0","1.74","4.912882","cubic feet","Oversize","39.303056","CA","gl_home","34990","53","0","8","9","458.99","509.99","2855.94","5635.38","7930.33","10","0","1","0","0","32.58","4","4","0","0","3","0","","","","","","","","","","","","","","","51.6","11","2026-06-07","2026-04-27","Yes","No","40.7","51.6","2026-04-27","15","3","0","0","77","N","","",""
"2026-04-30","304113-42Tentkit-2-CA","X003262TBD","B093BL79VG","VIVOSUN GIY 4x2 Grow Tent Kit, Complete Grow Greenhouse System with 200W VS2000 LED Plant Grow Light, Fan, Temperature Humidity Monitor, Netting, Grow Bags, Pruning Shear & Timer","New","4","0","0","0","4","0","0","CAD","0","0","0","0","Low conversion","629.99","0.0","497.69","0.0","Lower price","0","0.0","0","0","7795.78","0.14","6.216146","cubic feet","Oversize","24.864584","CA","gl_lawn_and_garden","25120","90","4","","","497.69","0.0","0.0","0.0","0.0","0","0","0","4","0","51.75","0","0","0","0","0","0","0","0.0","4","33.8","0","0.0","0","0.0","0","0.0","0","0.0","0","0.0","","2","2026-07-14","","","","","","2026-04-27","4","0","0","0","90","N","","",""
"2026-04-30","L000001-10K","X002AVHCI1","B01N5MHXQD","VIVOSUN 6 Mil Mylar Film Roll 4 FT X 10 FT Diamond Film Foil Roll Highly Reflective Grow Room (10 FT)","New","38","0","31","0","0","0","0","CAD","3","16","28","31","","36.99","0.0","36.99","0.0","NoRestockExcessActionRequired","38","0.0","0","0","0.0","2.56","0.109475","cubic feet","Oversize","4.16005","CA","gl_home","16644","71","0","21","35","35.14","105.42","562.24","1001.92","1109.19","31","0","0","0","0","2.45","47","47","0","0","2","0","","","","","","","","","","","","","","","43.2","27","2026-06-26","2026-04-27","Yes","No","43.2","34.6","2026-04-27","85","0","0","2","182","N","","",""
"2026-04-30","332021K","X002HCQXQ5","B07VK287M6","VIVOSUN 30X 60X Illuminated Jewelers Loupe Foldable Magnifier with LED Light for Jewelry Gems Watches Coins Stamps Antiques White","New","91","0","98","0","0","0","0","CAD","18","74","98","98","","14.99","0.0","14.99","0.0","NoExcessInventory","214","0.0","0","0","0.0","1.42","0.008908","cubic feet","Standard","0.810628","CA","gl_home","3857","188","0","9","22","14.99","250.47","995.99","1327.23","1327.23","3","95","0","0","0","1.85","80","80","0","0","124","0","","","","","","","","","","","","","","","101.2","24","2026-10-21","2026-04-27","No","No","63.2","101.2","2026-04-27","294","123","1","0","305","N","","",""
"2026-04-30","306109-416K","X003VVNLEX","B087632ZS3","VIVOSUN 4 Inch 16 Feet Black Non-Insulated Flex Air Aluminum Ducting for HVAC Ventilation w/Two 4 Inch Stainless Steel Clamps","New","44","0","51","0","0","0","0","CAD","3","20","38","89","","24.99","0.0","24.99","0.0","NoExcessInventory","156","0.0","0","0","0.0","2.99","0.186553","cubic feet","Standard","8.208332","CA","gl_home_improvement","1475","179","0","29","21","24.99","72.47","476.55","908.62","2113.26","51","0","0","0","0","28.71","104","0","104","0","8","1","","","","","","","","","","","","","","","16.5","66","2026-10-11","2026-04-27","Yes","No","15.1","16.5","2026-04-27","156","8","0","0","179","N","","",""
"2026-04-30","L000001-25K","X002AUPM61","B01MZ72PAH","VIVOSUN 6 Mil Mylar Film Roll 4 FT X 25 FT Diamond Film Foil Roll Highly Reflective Grow Room (25 FT)","New","54","0","57","4","0","0","0","CAD","1","8","16","24","","56.99","0.0","56.99","0.0","NoRestockExcessActionRequired","60","0.0","0","0","0.0","0.62","0.214572","cubic feet","Oversize","11.586888","CA","gl_lawn_and_garden","16644","243","0","54","58","54.14","54.14","432.12","875.14","1311.11","32","24","1","0","0","8.72","54","54","0","0","6","0","","","","","","","","","","","","","","","170.9","18","2026-12-21","2026-04-27","Yes","No","170.9","133.0","2026-04-27","114","6","0","0","366","N","","",""
"2026-04-30","332566K","X002B5JSUL","B07FJV5MWP","VIVOSUN 1600 GPH Submersible Water Pump, 100W Pond Pump, Ultra Quiet Aquarium Pump with 14FT. Lift Height for Pond, Waterfall, Fish Tank, Statuary, Hydroponic","New","92","0","147","0","0","0","0","CAD","46","119","147","162","","84.99","0.0","64.59","52.96","NoRestockExcessActionRequired","229","0.0","0","0","0.0","1.27","0.391589","cubic feet","Standard","36.026188","CA","gl_home_improvement","699","80","0","5","14","64.59","2971.14","8006.64","10103.86","11207.21","52","95","0","0","0","78.33","84","28","20","36","88","1","","","","","","","","","","","","","","","83.3","66","2026-07-05","2026-04-27","No","No","52.9","83.3","2026-04-27","257","81","3","4","113","N","","",""
"2026-04-30","304113-44K","X00167E9EP","B01731MNJE","VIVOSUN 4x4 Grow Tent, 48""x48""x80"" High Reflective Mylar with Observation Window and Floor Tray for Hydroponics Indoor Plant Growing for VS4000/VS4300","New","6","0","21","0","0","0","0","CAD","7","48","116","168","","185.99","0.0","161.99","0.0","NoRestockExcessActionRequired","6","0.0","0","0","0.0","4.25","1.730807","cubic feet","Oversize","10.384842","CA","gl_lawn_and_garden","1818","20","0","13","12","161.99","1133.93","8216.52","20068.34","28527.82","18","3","0","0","0","1.9","155","135","0","20","2","1","","","","","","","","","","","","","","","20.4","96","2026-05-06","2026-04-27","Yes","No","11.3","20.4","2026-04-27","161","0","1","1","134","N","","",""
"2026-04-30","304113-3018K","X001YRXWJZ","B079DM1WCW","VIVOSUN 30""x18""x36"" Grow Tent, High Reflective Mylar with Observation Window and Floor Tray for Hydroponics Indoor Plant Growing for VS1000","New","45","0","50","0","0","0","0","CAD","5","20","37","45","","113.99","0.0","89.09","0.0","NoRestockExcessActionRequired","50","0.0","0","0","0.0","1.2","0.815769","cubic feet","Oversize","36.709605","CA","gl_lawn_and_garden","1818","160","0","11","15","89.09","445.45","1893.95","3610.29","4492.21","10","40","0","0","0","25.7","10","0","0","10","8","0","","","","","","","","","","","","","","","95.6","27","2026-09-21","2026-04-27","Yes","No","95.6","84.0","2026-04-27","60","5","3","0","168","N","","",""
"2026-04-30","304113-P448K","X003Y9ACN5","B0CGHFFR4R","VIVOSUN P448 48""×48""×80"" PRO Grow Tent, with Thick 1 inch Poles, Strengthened High Reflective Mylar Oxford Fabric, Extra Hanging Bars & High CFM Kit for Hydroponics Indoor Plant for AeroLight A200SE×2","New","18","0","20","0","0","0","0","CAD","0","3","11","19","Low conversion","259.99","0.0","259.99","0.0","NoExcessInventory","19","0.0","0","0","0.0","1.77","2.724251","cubic feet","Oversize","49.036518","CA","gl_home","28600","204","0","57","29","259.99","0.0","623.97","2391.89","4055.81","10","10","0","0","0","34.66","25","15","0","10","2","0","","","","","","","","","","","","","","","121.0","12","2026-11-10","2026-04-27","Yes","No","121.0","38.4","2026-04-27","44","1","1","0","303","N","","",""
"2026-04-30","332022K","X002HCQY8H","B07VK1LVKX","VIVOSUN 30X 60X Illuminated Jewelers Loupe Foldable Magnifier with LED Light for Jewelry Gems Watches Coins Stamps Antiques Black","New","212","0","201","19","0","0","0","CAD","9","38","72","99","","14.99","0.0","14.99","0.0","NoRestockExcessActionRequired","216","0.0","0","0","0.0","0.57","0.00887","cubic feet","Standard","1.88044","CA","gl_home","3857","156","0","29","37","14.24","128.91","553.12","1020.98","1316.51","1","200","0","0","0","1.76","70","50","20","0","5","0","","","","","","","","","","","","","","","186.2","60","2026-09-19","2026-04-27","Yes","No","155.7","186.2","2026-04-27","286","4","0","1","208","N","","",""
"2026-04-30","AP-25K","X003FGV0TR","B0BG2HJRGB","VIVOSUN Commercial Air Pump 634GPH, 25W, 40L/min 6 Outlet for Aquarium and Hydroponic Systems","New","19","0","46","0","0","0","0","CAD","38","38","87","118","","45.99","0.0","41.39","0.0","NoExcessInventory","166","0.0","0","0","0.0","5.33","0.088882","cubic feet","Standard","1.688758","CA","gl_pet_products","2474","117","0","17","17","41.39","1687.82","1687.82","3803.33","5164.62","46","0","0","0","0","14.64","144","0","128","16","31","1","","","","","","","","","","","","","","","","108","2026-08-11","","","","","5.1","2026-04-27","182","19","6","6","125","N","","",""
"2026-04-30","306201PVC-4K","X002OWDD4N","B07SHB2WF9","VIVOSUN Inline Fan 4 Inch 190 CFM with Speed Controller, 4 Inch Carbon Filter and 8 Feet Channels, Temperature Humidity Monitor for Grow Tent Ventilation","New","5","0","0","8","0","0","0","CAD","3","10","17","24","","149.99","0.0","149.99","119.8","GoToRestock","5","0.0","0","0","0.0","1.14","1.758431","cubic feet","Oversize","8.792155","CA","gl_kitchen","30411","13","0","2","2","149.99","449.97","1497.9","2547.83","3597.76","0","0","0","0","0","3.6","0","0","0","0","2","0","","","","","","","","","","","","","","","86.2","23","2026-04-30","2026-04-27","Yes","No","46.3","86.2","2026-04-27","5","0","2","0","19","N","","",""
"2026-04-30","311021-7x5JK","X001LWF96R","B01I1D9QAM","VIVOSUN 5-Pack 7 Gallon Grow Bags Heavy Duty 300G Thickened Nonwoven Plant Fabric Pots with Handles Tan","New","219","0","228","0","0","0","0","CAD","30","112","158","176","","22.99","0.0","22.99","0.0","NoRestockExcessActionRequired","19","0.0","0","0","354.75","1.35","0.195964","cubic feet","Standard","42.916116","CA","gl_home","15","278","0","11","23","22.99","689.7","2558.78","3574.92","3988.74","134","94","0","0","0","54.72","95","19","19","57","3","0","","","","","","","","","","","","","","","64.5","12","2026-11-14","2026-04-27","No","No","48.2","64.5","2026-04-27","314","0","1","2","315","N","","",""
"2026-04-30","VSN-WB240B1-CA","X004XNASKD","B0D977XGTM","VIVOSUN 240 L/64 Gal Water Bladder, Foldable and Portable Water Storage Bag for RV, Camping, Garden Watering, Agricultural Irrigation, Drought Resistance, Firefighting","New","11","0","12","0","0","0","0","CAD","","","","","Low traffic","52.99","0.0","52.99","0.0","GoToStranded","","","0","0","","0.33","0.394057","cubic feet","Standard","4.334627","CA","gl_home","34096","366","0","","","52.99","","","","","12","0","0","0","0","","48","0","30","18","1","0","","","","","","","","","","","","","","","","0","","","","","","","2026-04-27","60","1","0","0","366","N","","",""
"2026-04-30","SPray-1L-BGK","X004AUZMRX","B0D3TKZJDH","VIVOSUN Handheld Garden Sprayer, 1L Pump Sprayer, 34oz Water Spray Bottle with Safety Valve, Adjustable Nozzle, Extended Spray Rod & Additional Seals, Ideal for Watering, Fertilizing, Cleaning","New","61","0","81","0","0","0","0","CAD","11","35","104","141","","29.99","0.0","29.99","0.0","NoRestockExcessActionRequired","196","0.0","0","0","0.0","2.36","0.194187","cubic feet","Standard","11.845407","CA","gl_lawn_and_garden","6325","189","0","24","19","29.99","329.89","1049.65","3026.96","4066.69","81","0","0","0","0","33.67","150","75","60","15","61","9","","","","","","","","","","","","","","","29.0","29","2026-10-21","2026-04-27","Yes","No","10.0","29.0","2026-04-27","271","60","0","1","310","N","","",""
"2026-04-30","YOYO-004K","X002R57ZPF","B08NT5CBYP","VIVOSUN 12 PCS Retractable Plant Yoyo with Stopper for Grow Support in Tent Garden or Hydroponics,White","New","99","0","80","19","0","0","0","CAD","1","6","11","17","Low traffic","19.49","0.0","17.54","0.0","NoRestockExcessActionRequired","13","17.54","52","0","490.9","0.29","0.117288","cubic feet","Standard","11.611512","CA","gl_lawn_and_garden","32480","366","86","66","75","19.49","17.54","105.24","202.69","319.63","40","40","0","0","0","11.83","0","0","0","0","0","1","","","","","","","","","","","","","","","392.8","0","","2026-04-27","Yes","No","392.8","299.9","2026-04-27","99","0","0","0","366","N","","",""
"2026-04-30","304866K","X002D2ERET","B01DNUIHGM","VIVOSUN 3 inch x 7 ft Heavy Duty Double-Side Indoor Outdoor Dust Barriers Peel & Stick Zipper for Tarp One Pack Black","New","142","0","102","48","0","0","0","CAD","22","66","102","141","","22.99","0.0","22.99","0.0","NoExcessInventory","143","0.0","0","0","0.0","0.76","0.026612","cubic feet","Standard","3.778904","CA","gl_home","14871","98","0","8","13","19.99","439.78","1340.59","2118.73","2971.64","0","101","1","0","0","3.44","0","0","0","0","3","1","","","","","","","","","","","","","","","113.9","113","2026-08-09","2026-04-27","No","No","100.1","113.9","2026-04-27","143","1","0","2","100","N","","",""
"2026-04-30","WP-331K","X003VJH1EB","B0BZRX7BL8","VIVOSUN Water Transfer Pump, 1/10HP 330 GPH 115V Auto Portable Utility Pump with ON/Off Switch, Water Hose Kit for Removing Water from Gardens, Hot Tubs, Rain Barrels, Pools, Ponds, Aquariums","New","42","0","96","0","0","0","0","CAD","12","23","46","63","","89.99","0.0","80.99","0.0","NoRestockExcessActionRequired","238","0.0","0","0","0.0","1.52","0.245288","cubic feet","Standard","10.302096","CA","gl_home_improvement","9916","366","0","26","31","80.99","989.68","1921.07","3882.84","5349.67","96","0","0","0","0","57.64","112","12","60","40","97","3","","","","","","","","","","","","","","","29.9","0","","2026-04-27","Yes","No","7.9","29.9","2026-04-27","250","96","1","0","366","N","","",""
"2026-04-30","311005-3K","X0026OYY4R","B07L4Q3MVY","VIVOSUN 1.35-Gallon Pump Sprayer, Pressurized Lawn & Garden Sprayer with Adjustable Shoulder Strap for Plants, Garden Watering and Household Cleaning","New","458","0","144","330","0","0","0","CAD","34","136","167","191","","42.99","0.0","36.54","0.0","NoRestockExcessActionRequired","33","38.69","27","0","5611.05","0.36","0.519702","cubic feet","Standard","238.023516","CA","gl_lawn_and_garden","1538","366","569","17","41","42.99","1319.76","5201.21","6425.54","7369.0","24","120","0","0","0","414.83","150","72","60","18","68","1","147","51.92","0","0.0","0","0.0","0","0.0","0","0.0","0","0.0","0","0.0","248.3","0","","2026-04-27","No","No","115.6","248.3","2026-04-27","674","66","0","2","366","N","","",""
"2026-04-30","VSH-IS02K","X003Y9YNC1","B0B96R2RC3","VIVOSUN Professional Automatic Drip Irrigation Kits, 15W Output, All in One Professional Grow Kit- Includes Pump, Timer and Regulator, 8 Drip Emitters Garden Plant Watering System Indoor Outdoor","New","22","0","22","0","0","0","0","CAD","8","14","14","15","","58.99","0.0","58.99","0.0","NoRestockExcessActionRequired","22","0.0","0","0","0.0","9.57","0.189048","cubic feet","Standard","4.159056","CA","gl_biss","28914","23","0","13","39","58.99","471.92","825.86","825.86","884.85","22","0","0","0","0","2.5","24","24","0","0","0","0","","","","","","","","","","","","","","","30.5","47","2026-05-08","2026-04-27","Yes","No","30.5","29.9","2026-04-27","46","0","0","0","57","N","","",""
"2026-04-30","311001-15x5K","X000WAEDU7","B00VWU37QG","VIVOSUN 5-Pack 15 Gallon Grow Bags Heavy Duty 300G Thickened Nonwoven Plant Fabric Pots with Handles","New","38","0","124","0","0","0","0","CAD","170","667","886","971","","29.99","0.0","29.99","0.0","GoToRestock","463","0.0","0","0","0.0","3.51","0.313302","cubic feet","Standard","11.905476","CA","gl_home","15","37","0","2","5","29.99","5098.3","19803.35","26148.2","28697.35","124","0","0","0","0","97.18","360","108","60","192","220","8","","","","","","","","","","","","","","","34.9","345","2026-05-23","2026-04-27","No","No","18.7","34.9","2026-04-27","570","172","28","20","65","N","","",""
"2026-04-30","330120x1K","X002AMSQV7","B07T887H59","VIVOSUN 1-Pack LCD Digital Aquarium Thermometer Fish Tank Water Terrarium Temperature with Suction Cup for Turtle","New","110","0","103","0","1","8","0","CAD","4","19","24","33","","12.99","0.0","11.69","0.0","NoRestockExcessActionRequired","112","0.0","0","0","0.0","0.55","0.007216","cubic feet","Standard","0.79376","CA","gl_biss","8565","366","0","23","43","12.98","46.76","224.71","287.71","404.62","102","1","0","1","8","1.58","0","0","0","0","3","0","1","0.0","0","0.0","0","0.0","0","0.0","0","0.0","8","0.31","0","0.0","119.6","0","","2026-04-27","Yes","No","94.1","119.6","2026-04-27","112","2","1","0","366","N","","",""
"2026-04-30","RC-0001K","X0043SHF3V","B0B8HW3N9G","VIVOSUN 1.6"" Rockwool Cubes, 28 Plugs Stonewool Starter Grow Cubes for Cuttings, Cloning, Plant Propagation, Seed Starting, Hydroponic Grow Media for Vigorous Plant Growth, 1 Sheets of 28 Plugs","New","83","0","70","15","0","0","0","CAD","4","32","55","75","","13.99","0.0","12.59","0.0","NoRestockExcessActionRequired","84","0.0","0","0","0.0","0.82","0.08693","cubic feet","Standard","7.21519","CA","gl_biss","15704","110","0","18","26","13.99","50.36","414.08","726.05","991.85","1","69","0","0","0","7.19","68","68","0","0","2","0","13","0.77","0","0.0","0","0.0","0","0.0","0","0.0","0","0.0","0","0.0","118.2","48","2026-08-03","2026-04-27","No","No","97.6","118.2","2026-04-27","152","1","0","1","210","N","","",""
"2026-04-30","304113-2014K","X003X2AGC5","B0BY2HRPWQ","VIVOSUN Small Grow Tent for Aerogarden, Hydroponics Growing System, 20”x14”x21” Highly Reflective Mylar Indoor Grow Tent with Sealed Bottom Design, Ventilation Window and Cable Hole Port","New","44","0","45","0","0","0","0","CAD","5","20","50","81","","55.99","0.0","50.39","0.0","NoRestockExcessActionRequired","112","0.0","0","0","0.0","3.31","0.37764","cubic feet","Standard","16.61616","CA","gl_home","27132","168","0","24","19","50.39","251.95","1028.52","2616.38","4178.47","16","29","0","0","0","40.06","79","25","50","4","12","2","","","","","","","","","","","","","","","65.2","65","2026-10-01","2026-04-27","Yes","No","65.2","32.2","2026-04-27","135","12","0","0","202","N","","",""
"2026-04-30","HR-0001BK","X0041I557B","B0CG1NKCC6","VIVOSUN Outdoor Handrail, 3 Step Stair Handrail, 40"" x 36"" Fits 1 to 3 Steps, Wrought Mattle Iron Stair Railing with Curved End and Balusters for Concrete Step, Porch Steps, One-step Assembly, Black","New","72","0","63","38","0","0","0","CAD","3","6","10","12","","129.99","0.0","123.49","0.0","NoRestockExcessActionRequired","35","0.0","0","0","623.34","0.14","1.142076","cubic feet","Oversize","82.229472","CA","gl_home_improvement","25142","176","70","48","79","123.49","370.47","740.94","1221.9","1468.88","32","31","0","0","0","83.63","1","0","0","1","35","0","","","","","","","","","","","","","","","788.0","23","2026-10-08","2026-04-27","Yes","No","788.0","632.7","2026-04-27","105","32","3","0","181","N","","",""
"2026-04-30","VSV-AZG6E42APRK","X004R4W0G3","B0C6QKDG53","VIVOSUN AeroZesh G6 Inline Duct Fan, Quiet 6"" 388 CFM Ventilation Exhaust Fan w/EC Motor and GrowHub E42A Temperature Humidity WiFi-Controller for Heating Cooling Booster, Grow Tents, Hydroponics","New","115","0","9","106","0","0","0","CAD","1","6","14","27","","180.99","0.0","180.99","0.0","Edit listing","43","0.0","0","0","720.34","0.32","0.705719","cubic feet","Oversize","81.157685","CA","gl_kitchen","29549","302","72","76","55","180.99","180.99","1048.94","2311.86","4257.73","0","0","9","0","0","57.99","0","0","0","0","5","0","","","","","","","","","","","","","","","436.1","0","","2026-04-27","Yes","No","337.5","436.1","2026-04-27","115","0","5","0","322","N","","",""
"2026-04-30","DSpel002K","X002HB6YW9","B07Z69TCMK","VIVOSUN #10 High-Carbon Steel Blades for Cutting Plants and Propagation","New","10","0","2","1","0","0","9","CAD","8","28","57","63","","18.99","0.0","18.99","0.0","NoRestockExcessActionRequired","30","0.0","0","0","0.0","1.29","0.016986","cubic feet","Standard","0.16986","CA","gl_home_improvement","41547","39","0","11","16","12.99","103.92","386.72","846.18","951.97","1","0","1","0","0","3.97","70","50","20","0","1","0","0","0.0","0","0.0","0","0.0","0","0.0","0","0.0","0","0.0","9","1.42","79.2","48","2026-05-26","2026-04-27","Yes","No","31.4","79.2","2026-04-27","80","0","0","1","113","N","","",""
"2026-04-30","311021-25x5K","X002PDMXN3","B0885SVNRQ","VIVOSUN 5-Pack 25 Gallon Grow Bags Heavy Duty 300G Thickened Nonwoven Plant Fabric Pots with Handles Tan","New","0","0","45","0","0","0","0","CAD","33","130","178","183","","36.99","0.0","36.99","0.0","CreateShippingPlan","69","0.0","0","0","0.0","1.68","0.477174","cubic feet","Standard","0.0","CA","gl_home","15","16","0","2","6","36.99","1220.67","4516.7","6132.22","6317.17","45","0","0","0","0","80.32","90","45","0","45","44","3","","","","","","","","","","","","","","","56.6","158","2026-05-03","2026-04-27","No","No","14.5","56.6","2026-04-27","114","24","14","6","33","N","","",""
"2026-04-30","RGB-0005K","X003IE3W1Z","B0BJNS85PG","VIVOSUN Wooden Raised Garden Bed, 48 x 24 x 30 Inches, Outdoor Wood Planter Box with Gloves and a Liner, with Trellis for Vine Climbing for Garden, Patio, Balcony, Backyard and Outdoors","New","62","0","63","0","0","0","0","CAD","0","1","10","12","","129.99","0.0","105.29","73.7","NoRestockExcessActionRequired","3","0.0","0","0","992.48","0.44","1.863449","cubic feet","Oversize","115.533838","CA","gl_home","5762","366","0","316","85","105.29","0.0","123.49","1142.6","1376.58","37","26","0","0","0","75.91","17","0","0","17","0","0","","","","","","","","","","","","","","","744.0","0","","2026-04-27","Yes","No","744.0","212.3","2026-04-27","79","0","0","0","366","N","","",""
"2026-04-30","332023J-2K","X0046LWJ27","B0CZ85T9RY","VIVOSUN 2-Pack Jewelry Loupe, Slide-Out Magnifier, 30X/60X/90X LED Lighted Eye Loupe with UV Light for Jewelry, Diamonds, Gems, Coins, Stamps, and Rocks, Black","New","8","0","24","0","0","0","0","CAD","5","7","8","22","","24.99","0.0","24.99","0.0","NoRestockExcessActionRequired","24","0.0","0","0","0.0","1.96","0.006824","cubic feet","Standard","0.054592","CA","gl_home","150240","155","0","27","28","24.99","124.95","174.93","199.92","536.03","24","0","0","0","0","0.16","40","20","20","0","16","1","","","","","","","","","","","","","","","48.4","23","2026-09-17","2026-04-27","Yes","No","48.4","25.1","2026-04-27","64","16","0","0","217","N","","",""
"2026-04-30","VSVC-AZT4K","X004181EZD","B0CBPDTSKS","VIVOSUN Exhaust Kit Duct Fan 100 mm 357m³/h E12 Carbon Filter & Duct 240 cm AeroZesh T4 Cooling Ventilation System for Grow Tent Growbox","New","13","0","16","0","0","0","0","CAD","6","15","54","84","","169.99","0.0","169.99","0.0","NoExcessInventory","77","0.0","0","0","0.0","3.61","1.890988","cubic feet","Oversize","24.582844","CA","gl_home","6224","15","0","25","14","169.99","1019.44","2548.85","9178.46","14278.16","16","0","0","0","0","100.36","82","82","0","0","1","0","","","","","","","","","","","","","","","33.9","47","2026-04-30","2026-04-27","Yes","No","33.9","22.9","2026-04-27","95","0","1","0","149","N","","",""
"2026-04-30","311001-3x10K","X003DQEK5P","B08HRR1ZJM","VIVOSUN 10-Pack 3 Gallon Grow Bags Heavy Duty 300G Thickened Nonwoven Plant Fabric Pots with Handles","New","0","0","23","0","0","0","0","CAD","16","49","118","135","","26.99","0.0","26.99","0.0","NoExcessInventory","82","0.0","0","0","0.0","8.25","0.228235","cubic feet","Standard","0.0","CA","gl_home","1086","85","0","6","8","26.99","431.84","1322.51","3184.82","3643.65","23","0","0","0","0","15.16","85","17","34","34","19","1","","","","","","","","","","","","","","","10.8","50","2026-07-09","2026-04-27","Yes","No","9.6","10.8","2026-04-27","99","14","1","4","113","N","","",""
"2026-04-30","306104-68K","X003VVPM3V","B07B7HCHR2","VIVOSUN 6 Inch 8 Feet Non-Insulated Flex Air Aluminum Ducting for HVAC Ventilation w/Two 4 Inch Stainless Steel Clamps","New","15","0","1","0","0","0","0","CAD","5","37","66","105","","19.99","0.0","19.99","0.0","NoExcessInventory","102","0.0","0","0","0.0","4.08","0.149873","cubic feet","Standard","2.248095","CA","gl_home_improvement","6988","75","0","14","16","19.99","98.95","711.63","1270.29","2006.9","1","0","0","0","0","14.01","119","40","70","9","18","3","","","","","","","","","","","","","","","19.5","86","2026-06-30","2026-04-27","Yes","No","15.1","19.5","2026-04-27","151","17","0","1","109","N","","",""
"2026-04-30","311001-3*5K","X000WAEDTD","B00TF9E4UO","VIVOSUN 5-Pack 3 Gallons Grow Bags Heavy Duty Thickened Nonwoven Fabric Pots with Handles","New","405","0","355","0","0","0","0","CAD","36","155","239","296","","19.99","0.0","19.99","0.0","NoExcessInventory","645","0.0","0","0","0.0","1.3","0.157483","cubic feet","Standard","63.780615","CA","gl_lawn_and_garden","15","289","0","15","27","19.99","719.64","3024.47","4649.63","5786.09","152","203","0","0","0","94.48","210","30","60","120","63","0","","","","","","","","","","","","","","","64.8","0","","2026-04-27","No","No","54.3","64.8","2026-04-27","675","60","1","2","313","N","","",""
"2026-04-30","VSA150SEK","X003LXO2RV","B0BKPK5CKW","VIVOSUN AeroLight A150SE, 150W LED Grow Light with an Integrated Circulation Fan, Compatible with App, Must Be Used wth Growhub Controller E42/E42A/E25 to Achieve Many Functions","","0","0","10","0","0","0","0","CAD","2","2","7","7","","0.0","0.0","0.0","0.0","NoRestockExcessActionRequired","","","0","0","","2.8","0.416179","cubic feet","Standard","0.0","CA","gl_home","17884","0","0","20","18","149.99","299.98","299.98","1039.43","1039.43","10","0","0","0","0","","10","10","0","0","5","0","","","","","","","","","","","","","","","","9","2026-04-29","","","","","0.4","2026-04-27","10","0","1","4","121","N","","",""
"2026-04-30","332022-2K","X002HCQY9V","B07VK1LVN6","VIVOSUN 2-Pack 30X 60X Illuminated Jewelers Loupe Foldable Magnifier with LED Light for Jewelry Gems Watches Coins Stamps Antiques Black","New","147","0","90","0","0","0","0","CAD","5","19","31","31","Low traffic","19.99","0.0","19.99","0.0","NoRestockExcessActionRequired","147","0.0","0","0","0.0","0.63","0.016605","cubic feet","Standard","2.440935","CA","gl_home","18017","299","0","43","86","18.99","94.95","363.81","601.69","601.69","1","89","0","0","0","2.4","60","30","30","0","2","0","","","","","","","","","","","","","","","166.6","0","","2026-04-27","Yes","No","166.6","163.7","2026-04-27","207","0","2","0","349","N","","",""
"2026-04-30","VSL-LRSF50-4K","X004HJ6Q95","B0DPFXS6PT","VIVOSUN Lumaray LED Grow Light Bars 16”(4-Bar), Full Spectrum Side Lighting with 60% Red Light up to 25% Yields for Grow Tents, Greenhouses, Magnet Reliability Upgraded, SGS Compatible","New","11","0","23","0","0","0","0","CAD","2","14","34","50","","114.99","0.0","114.99","0.0","NoExcessInventory","23","0.0","0","0","0.0","4.65","0.233071","cubic feet","Oversize","2.563781","CA","gl_home","12554","35","0","10","9","114.99","229.98","1609.86","3909.66","5749.5","23","0","0","0","0","3.09","24","24","0","0","12","0","","","","","","","","","","","","","","","17.4","35","2026-05-20","2026-04-27","Yes","No","13.2","17.4","2026-04-27","47","12","0","0","81","N","","",""
"2026-04-30","332562K","X0043U1JNL","B0CNPP4JFD","VIVOSUN 2700 GPH Submersible Water Pump with Barrier Bag, 120W Pond Pump, Ultra Quiet Aquarium Pump with 15FT. Lift Height for Pond, Waterfall, Fish Tank, Statuary, Hydroponic","New","19","0","39","0","0","0","0","CAD","19","45","57","60","","104.99","0.0","71.81","0.0","NoExcessInventory","51","0.0","0","0","7.78","1.28","0.355331","cubic feet","Standard","6.751289","CA","gl_home_improvement","699","45","0","4","10","71.81","1372.37","3354.51","4458.99","4721.01","8","31","0","0","0","16.55","28","12","12","4","17","2","","","","","","","","","","","","","","","92.5","42","2026-05-31","2026-04-27","No","No","54.0","92.5","2026-04-27","63","16","1","0","60","N","","",""
"2026-04-30","VSV-WVK1K","X0043SID3H","B0CFX9CQ4H","VIVOSUN Window Duct Kit, Portable AC Window Seal Kit, Fit with 4”/6” Ducting & 5.9” Hose for Sliding Window, Adjustable AC Vent Kit for Duct Fans, Air Conditioner, Dryer","New","220","0","105","121","0","0","0","CAD","46","100","124","145","","43.99","0.0","35.19","0.0","Create Outlet deal","62","35.19","2","0","1016.61","0.57","0.276247","cubic feet","Standard","60.77434","CA","gl_lawn_and_garden","6401","366","379","15","34","43.99","1627.54","3629.0","4623.16","5489.75","101","3","1","0","0","135.69","170","60","60","50","111","2","","","","","","","","","","","","","","","175.8","0","","2026-04-27","No","No","82.2","175.8","2026-04-27","501","111","0","0","366","N","","",""
"2026-04-30","VSK-GIYE336-CA","X004T1OGLL","B093BMSZF8","VIVOSUN Grow Tent Kit, 3 × 3ft Complete Grow System, WiFi-Controlled Grow System with 200W Full Spectrum LED Grow Light, Automatic Ventilation, GrowHub Outlet A22 with Temperature and Humidity Sensor","New","15","0","15","0","0","0","0","CAD","0","1","1","1","Low conversion","629.0","0.0","629.0","0.0","Lower price","0","0.0","0","0","19130.06","0.15","5.981481","cubic feet","Extra-large","89.722215","CA","gl_home","25120","345","0","88","286","629.0","0.0","523.56","523.56","523.56","6","9","0","0","0","65.18","7","7","0","0","0","0","","","","","","","","","","","","","","","507.0","0","","2026-04-27","Yes","No","362.0","507.0","2026-04-27","22","0","0","0","366","N","","",""
"2026-04-30","332568K","X002B5A689","B07FFXXRCT","VIVOSUN 4500 GPH Submersible Water Pump, 220W Pond Pump, Ultra Quiet Aquarium Pump with 19 FT. Lift Height for Pond Waterfall, Fish Tank, Statuary, or Hydroponics","New","78","0","67","14","0","0","0","CAD","20","54","72","79","","129.99","0.0","98.79","0.0","Create Outlet deal","34","83.19","2","0","484.79","0.85","0.588019","cubic feet","Oversize","45.865482","CA","gl_home_improvement","699","78","0","14","31","98.79","1975.8","5552.26","7580.08","8412.01","35","32","0","0","0","104.95","112","36","36","40","36","2","","","","","","","","","","","","","","","111.1","53","2026-07-03","2026-04-27","Yes","No","53.1","111.1","2026-04-27","222","32","0","4","114","N","","",""
"2026-04-30","VSK-GIYE425-CA","X004T1GBXH","B093BL79VG","VIVOSUN GIY 4x2 Grow Tent Kit, Complete Grow Greenhouse System with 200W VS2000 LED Plant Grow Light, Fan, Temperature Humidity Monitor, Netting, Grow Bags, Pruning Shear & Timer","New","19","0","16","3","0","0","0","CAD","0","1","2","2","Low conversion","629.99","0.0","497.69","0.0","Lower price","0","0.0","0","0","30738.37","0.14","6.216146","cubic feet","Oversize","118.106774","CA","gl_lawn_and_garden","25120","366","19","96","156","497.69","0.0","598.49","1196.98","1196.98","6","10","0","0","0","85.81","5","5","0","0","0","0","","","","","","","","","","","","","","","483.0","0","","2026-04-27","Yes","No","483.0","463.5","2026-04-27","24","0","0","0","366","N","","",""
"2026-04-30","PL-0004K","X0043S0IKD","B0CL6FWGN7","VIVOSUN 20 x 25 Feet Pond Liner, 14.5 Mil Durable LLDPE Pond Liners for Koi Ponds, Aquaculture and Water Gardens, Black","New","75","0","90","0","0","0","0","CAD","23","39","46","47","","139.99","0.0","125.99","0.0","NoRestockExcessActionRequired","86","0.0","0","0","4.59","0.83","1.589414","cubic feet","Oversize","119.20605","CA","gl_lawn_and_garden","","50","0","10","29","125.99","2897.77","5032.61","5956.54","6096.53","70","20","0","0","0","92.25","30","25","0","5","12","0","","","","","","","","","","","","","","","162.2","60","2026-06-05","2026-04-27","Yes","No","102.5","162.2","2026-04-27","116","11","1","0","70","N","","",""
"2026-04-30","CBIN-H300K","X003RDIDCZ","B0BML5NPXC","VIVOSUN 300 Gallon Outdoor Compost Bin, Expandable Composter, Easy to Setup & Large Capacity for Backyard, Lawn (Black with Gloves)","New","42","0","44","0","0","0","0","CAD","2","12","24","27","","69.99","0.0","59.99","0.0","NoRestockExcessActionRequired","42","0.0","0","0","0.0","0.69","0.49264","cubic feet","Oversize","20.69088","CA","gl_lawn_and_garden","6853","100","0","20","29","59.99","119.98","739.88","1474.76","1660.23","15","0","29","0","0","13.32","20","20","0","0","0","0","","","","","","","","","","","","","","","145.0","24","2026-07-24","2026-04-27","Yes","No","82.1","145.0","2026-04-27","62","0","0","0","160","N","","",""
"2026-04-30","VSS-UCSK","X003ZPKQ25","B0C1BHDKRL","VIVOSUN USB-C Splitter with 1 Male to 2 Female, 2-in-1 Type C Splitter, Daisy-Chain Adapter Dongle for GrowHub Controller E42A","New","113","0","118","0","0","0","0","CAD","8","12","22","60","Low traffic","16.99","0.0","16.99","0.0","NoRestockExcessActionRequired","115","0.0","0","0","0.0","1.19","0.006351","cubic feet","Standard","0.717663","CA","gl_electronics","","192","0","71","46","16.14","129.12","195.38","364.28","989.3","52","66","0","0","0","0.72","100","100","0","0","3","2","","","","","","","","","","","","","","","226.3","39","2026-10-26","2026-04-27","Yes","No","226.3","79.8","2026-04-27","215","2","0","1","366","N","","",""
"2026-04-30","311011-5K","X0029QU1TT","B07SN2YSG5","VIVOSUN 5 Pack 5 Gallon Square Grow Bags, Thick Fabric Bags with Handles","New","28","0","33","0","0","0","0","CAD","9","45","68","80","","22.99","0.0","22.99","0.0","NoExcessInventory","72","0.0","0","0","0.0","2.14","0.164796","cubic feet","Standard","4.614288","CA","gl_home","4719","74","0","8","15","22.99","206.91","1024.95","1533.67","1809.55","1","32","0","0","0","10.22","66","22","22","22","4","0","","","","","","","","","","","","","","","52.5","38","2026-06-28","2026-04-27","No","No","39.7","52.5","2026-04-27","94","0","0","4","124","N","","",""
"2026-04-30","VSV-IFB8K","X003Y811ZT","B0BVPYH3WM","VIVOSUN Inline Booster Duct Fan 8” 430 CFM with Speed Controller, HVAC Exhaust Ventilation Fan with Low Noise for Basements, Bathrooms, Kitchens, Attics, Grow Tents","New","14","0","1","13","0","0","0","CAD","4","22","48","75","","49.99","0.0","54.99","0.0","CreateShippingPlan","14","0.0","0","0","0.0","1.49","0.345392","cubic feet","Standard","4.835488","CA","gl_kitchen","31131","19","0","2","2","49.99","218.96","1208.28","2637.02","4119.75","1","0","0","0","0","2.27","0","0","0","0","0","4","","","","","","","","","","","","","","","63.5","50","2026-05-05","2026-04-27","Yes","No","35.3","63.5","2026-04-27","14","0","0","0","19","N","","",""
"2026-04-30","AP-40K","X003FGVA7J","B0BG2GFRQJ","VIVOSUN Commercial Air Pump 1110 GPH 8 Outlet 40W 70L/min for Aquarium and Hydroponic Systems","New","64","0","93","0","0","0","0","CAD","33","33","60","87","","59.99","0.0","53.99","0.0","NoRestockExcessActionRequired","230","0.0","0","0","0.0","3.1","0.130024","cubic feet","Standard","8.321536","CA","gl_pet_products","2474","194","0","25","31","53.99","1853.67","1853.67","3377.4","4997.13","93","0","0","0","0","30.14","148","36","81","31","64","1","","","","","","","","","","","","","","","19.7","78","2026-10-27","2026-04-27","Yes","No","19.7","5.9","2026-04-27","266","54","2","8","233","N","","",""
"2026-04-30","304113-32K","X001JE0WWD","B0716BK1KD","VIVOSUN S326 36""x20""x63"" Grow Tent, High Reflective Mylar with Observation Window and Floor Tray for Hydroponics Indoor Plant for VS1000/VS2000","New","18","0","19","0","0","0","0","CAD","1","8","20","42","","129.99","0.0","116.99","0.0","NoRestockExcessActionRequired","18","0.0","0","0","0.0","3.07","1.18733","cubic feet","Oversize","21.37194","CA","gl_lawn_and_garden","1818","88","0","45","27","116.99","116.99","1000.92","2456.8","5108.58","19","0","0","0","0","11.07","72","60","0","12","8","0","","","","","","","","","","","","","","","56.7","21","2026-07-10","2026-04-27","Yes","No","56.7","32.2","2026-04-27","90","0","7","1","332","N","","",""
"2026-04-30","VSK-GIYS336-CA","X004T1KBCT","B0BY7XVZFQ","VIVOSUN GIY Smart Grow Tent System 3x3, WiFi-Integrated Grow Tent Kit 36""x36""x72"", with Automate Ventilation Circulation, Full Spectrum 200W LED Grow Light, and GrowHub E42A+ Controller","New","28","0","29","0","0","0","0","CAD","1","4","6","7","","629.99","0.0","535.49","0.0","Edit listing","0","0.0","0","0","12894.87","0.41","4.782986","cubic feet","Extra-large","133.923608","CA","gl_home","34990","258","0","33","61","503.99","535.49","2091.56","3112.14","3742.13","5","23","1","0","0","90.5","5","5","0","0","1","0","","","","","","","","","","","","","","","228.1","5","2026-12-29","2026-04-27","Yes","No","140.5","228.1","2026-04-27","33","0","0","1","330","N","","",""
"2026-04-30","307281-4K","X003Y9NI3V","B0BC88GQCL","VIVOSUN Clamp Lamp Light with Detachable 8.5 Inch Aluminum Reflector up to 150 Watt E26 Socket (No Bulb Included), 6 Feet Cord, UL Listed, Pack of 4","New","4","0","0","9","0","0","0","CAD","13","43","84","113","","64.99","0.0","51.99","0.0","CreateShippingPlan","4","0.0","0","0","0.0","1.5","0.418047","cubic feet","Oversize","1.672188","CA","gl_home","7828","14","0","6","7","51.99","688.87","2547.07","4823.46","6455.77","0","0","0","0","0","0.31","64","48","0","16","9","0","","","","","","","","","","","","","","","65.1","95","2026-04-29","2026-04-27","Yes","No","27.9","65.1","2026-04-27","68","0","6","3","64","N","","",""
"2026-04-30","VSI-FFD2K","X004CYKB6T","B0CRDQ63HT","VIVOSUN FlexFeed Drip Irrigation Kit, 4W Automatic Irrigation System with Pump and 4 Drip Transmitter, App Controllable Professional Plant Irrigation Drip Kit for VGrow Smart Grow Box","New","6","0","6","0","0","0","0","CAD","0","0","0","0","Low conversion","27.99","0.0","27.99","0.0","Lower price","","","0","0","","7.33","0.025639","cubic feet","Standard","0.153834","CA","gl_biss","62048","30","0","","","27.99","0.0","0.0","0.0","0.0","6","0","0","0","0","","0","0","0","0","0","0","","","","","","","","","","","","","","","","14","2026-05-15","","","","","","2026-04-27","6","0","0","0","30","N","","",""
"2026-04-30","VSF-AWA6G2-CA","X004YEPG0D","B0GC67FFYW","VIVOSUN AeroWave A6 Grow Tent Clip Fan, 6"" Auto Oscillating Fan, Secure Non-Slip Clamp, Strong Air Circulating, and Low Noise, for Hydroponic Ventilation, 1-Pack","New","4","0","114","0","0","0","0","CAD","9","9","9","9","Low traffic","54.99","0.0","54.99","0.0","Advertise listing","","","0","0","","0.0","0.378179","cubic feet","Standard","1.512716","CA","gl_kitchen","26581","366","0","121","395","54.99","431.91","431.91","431.91","431.91","114","0","0","0","0","","270","30","180","60","100","0","","","","","","","","","","","","","","","","0","","","","","","","2026-04-27","364","90","6","4","366","N","","",""
"2026-04-30","304113-42K","X00169FR3P","B01DXYMQ9M","VIVOSUN S425 4x2 Grow Tent, 48""x24""x60"" High Reflective Mylar with Observation Window and Floor Tray for Hydroponics Indoor Plant for VS2000","New","55","0","60","0","0","0","0","CAD","10","68","128","159","","159.99","0.0","122.39","104.03","NoRestockExcessActionRequired","56","0.0","0","0","0.0","3.65","1.513556","cubic feet","Oversize","83.24558","CA","gl_lawn_and_garden","1818","43","0","5","8","122.39","1229.5","8900.92","17220.32","21748.01","59","1","0","0","0","40.28","45","30","0","15","4","1","","","","","","","","","","","","","","","32.3","96","2026-05-29","2026-04-27","Yes","No","25.7","32.3","2026-04-27","101","1","3","0","59","N","","",""
"2026-04-30","VSF-AWE6-G2K","X004DZX6P5","B0BP1Y3CRM","VIVOSUN AeroWave E6 Gen2, Grow Tent Clip Fan 6”, EC Motor, Smart Control, Powerful Oscillating Fan, Local Timer, Weatherproof IP54, for Hydroponics Circulation Cooling, Black","New","124","0","144","0","0","0","0","CAD","81","108","462","604","","74.99","0.0","74.99","0.0","NoRestockExcessActionRequired","595","0.0","0","0","0.0","3.14","0.395163","cubic feet","Standard","49.000212","CA","gl_lawn_and_garden","5336","148","0","28","16","74.99","5905.19","7524.92","31072.13","40672.65","144","0","0","0","0","206.4","655","400","192","63","249","2","","","","","","","","","","","","","","","28.8","263","2026-09-11","2026-04-27","No","No","2.0","28.8","2026-04-27","1019","240","2","7","269","N","","",""
"2026-04-30","VSVC-AZG8K","X003ZPT0J5","B0CBRQW2KW","VIVOSUN Smart Air Filtration G8 Kit 8"", AeroZesh G8 Inline Duct Fan with E12 Speed Controller, Carbon Filter & 25' Ducting, Cooling & Ventilation System for Grow Tents, Indoor Gardening, Hydroponics","New","6","0","6","0","0","0","0","CAD","1","4","4","4","","299.99","0.0","299.99","0.0","NoRestockExcessActionRequired","0","0.0","0","0","6885.81","0.52","4.658565","cubic feet","Oversize","27.95139","CA","gl_home","6224","69","0","16","52","299.99","299.99","1199.96","1199.96","1199.96","5","1","0","0","0","20.31","10","10","0","0","1","0","","","","","","","","","","","","","","","116.5","5","2026-06-24","2026-04-27","Yes","No","60.0","116.5","2026-04-27","16","0","1","0","217","N","","",""
"2026-04-30","VC-0001K","X003YK5EK5","B0B7HXBR75","","New","21","0","20","0","0","0","0","CAD","2","10","19","19","Low traffic","12.49","0.0","12.49","0.0","NoExcessInventory","21","0.0","0","0","0.0","1.43","0.037654","cubic feet","Standard","0.790734","CA","gl_home","","68","0","8","14","12.49","24.98","124.9","237.31","237.31","1","19","0","0","0","0.66","0","0","0","0","0","0","","","","","","","","","","","","","","","92.5","23","2026-06-22","2026-04-27","Yes","No","62.5","92.5","2026-04-27","21","0","0","0","68","N","","",""
"2026-04-30","306118K","X001VRZ61F","B07FSGNR4F","VIVOSUN Variable Fan Speed Controller Cordless Vent Blower Speed Adjuster for Inline Duct Exhaust Fan","New","67","0","74","0","0","0","0","CAD","34","34","34","35","","19.99","0.0","19.99","0.0","NoRestockExcessActionRequired","","","0","0","","1.66","0.015068","cubic feet","Standard","1.009556","CA","gl_kitchen","16352","110","0","8","25","19.99","678.66","678.66","678.66","698.65","74","0","0","0","0","","1","0","0","1","7","0","","","","","","","","","","","","","","","97.0","51","2026-08-04","2026-04-27","Yes","No","97.0","52.0","2026-04-27","71","3","0","4","116","N","","",""
"2026-04-30","311003-4X2K","X001MNI72D","B071D55QFS","VIVOSUN 6.5 Inch Gardening Scissors Hand Pruner Pruning Shear with Straight Stainless Steel Blades Orange 2-Pack","New","333","0","183","157","0","0","0","CAD","10","41","84","109","","16.99","0.0","14.99","0.0","NoRestockExcessActionRequired","334","0.0","0","0","0.0","0.35","0.020215","cubic feet","Standard","6.731595","CA","gl_home_improvement","199","211","0","44","54","14.99","149.9","642.24","1323.86","1727.36","3","180","0","0","0","7.69","120","120","0","0","4","3","93","1.27","0","0.0","0","0.0","0","0.0","0","0.0","0","0.0","0","0.0","265.7","47","2026-11-12","2026-04-27","Yes","No","242.2","265.7","2026-04-27","454","1","1","2","366","N","","",""
"2026-04-30","VSVC-AZG6K","X003ZPI6GX","B0CBRQKVVN","VIVOSUN Smart Air Filtration G6 Kit 6"", AeroZesh G6 Inline Duct Fan with E12 Speed Controller, Carbon Filter & 8' Ducting, Cooling & Ventilation System for Grow Tents, Indoor Gardening, Hydroponics","New","7","0","7","0","0","0","0","CAD","2","3","7","8","","179.99","0.0","179.99","0.0","Create Outlet deal","7","0.0","0","0","32.81","4.57","2.958355","cubic feet","Oversize","20.708485","CA","gl_home","6224","40","0","24","29","179.99","359.98","539.97","1259.93","1439.92","7","0","0","0","0","13.52","11","10","0","1","0","0","","","","","","","","","","","","","","","8.8","9","2026-05-26","2026-04-27","Yes","No","8.7","8.8","2026-04-27","18","0","0","0","120","N","","",""
"2026-04-30","332572K","X0026O3WMR","B07L54HB83","VIVOSUN 800GPH Submersible Pump(3000L/H, 24W), Ultra Quiet Water Pump with 10ft High Lift, Fountain Pump with 5ft Power Cord, 3 Nozzles for Fish Tank, Pond, Aquarium, Statuary, Hydroponics","New","1328","0","1516","0","0","0","0","CAD","345","1015","1562","1918","","39.99","0.0","30.39","0.0","NoExcessInventory","2912","0.0","0","0","0.0","1.25","0.056283","cubic feet","Standard","74.743824","CA","gl_home_improvement","218","91","0","14","25","30.39","10541.65","34491.81","54619.5","68204.04","511","1005","0","0","0","153.16","2400","1000","800","600","229","34","","","","","","","","","","","","","","","79.5","1307","2026-07-16","2026-04-27","No","No","56.4","79.5","2026-04-27","3912","184","27","18","159","N","","",""
"2026-04-30","VSH-HCP08K","X004BNPHL5","B0D9LM52X7","VIVOSUN 62% RH Two-Way Humidity Control Packs, Size 8 g, 10 Packs for Storing 1 oz, Moisture Balancer with RH Indicator Card for Food & Herb Storage","New","52","0","1","55","0","0","0","CAD","1","10","15","21","Low traffic","22.99","0.0","20.69","0.0","NoRestockExcessActionRequired","31","18.66","34","0","553.92","0.31","0.034715","cubic feet","Standard","1.80518","CA","gl_kitchen","73090","366","102","20","32","22.99","20.69","209.2","324.15","462.09","0","0","1","0","0","4.72","0","0","0","0","83","0","","","","","","","","","","","","","","","293.0","0","","2026-04-27","Yes","No","167.1","293.0","2026-04-27","133","81","1","1","366","N","","",""
"2026-04-30","VSN-WB400B1-CA","X004XNK2F9","B0D976KQ24","VIVOSUN 400 L/106 Gal Water Storage Bladder, Foldable and Portable Water Tank, Water Storage Bag Containers for RV, Camping, Garden, Irrigation, Drought Resistance, Firefighting","New","4","0","5","0","0","0","0","CAD","","","","","Low traffic","66.99","0.0","66.99","0.0","GoToStranded","","","0","0","","1.71","0.314257","cubic feet","Standard","1.257028","CA","gl_home","34096","366","0","","","66.99","","","","","5","0","0","0","0","","50","10","25","15","1","0","","","","","","","","","","","","","","","","0","","","","","","","2026-04-27","55","1","0","0","366","N","","",""
"2026-04-30","306214-01K","X002HBR8DN","B01IHAYTV0","VIVOSUN Hydroponics CO2 Regulator Emitter System with Solenoid Valve Flowmeter for Grow Room Grow Tent Garden House","New","38","0","39","0","0","0","0","CAD","8","25","50","73","","59.99","0.0","53.99","0.0","NoRestockExcessActionRequired","102","0.0","0","0","0.0","2.67","0.215443","cubic feet","Standard","8.186834","CA","gl_tools","51641","137","0","20","22","53.99","429.92","1382.15","2804.3","4129.27","16","23","0","0","0","20.84","88","40","32","16","16","0","","","","","","","","","","","","","","","45.3","56","2026-08-30","2026-04-27","Yes","No","45.3","28.6","2026-04-27","142","16","0","0","186","N","","",""
"2026-04-30","VSS-SP-456L36K","X004CJQDZ7","B0DCFNHLNM","VIVOSUN Reinforced Clear Nursery Pots, 4/5/6 Inch, Pack of 36","New","5","0","9","0","0","0","0","CAD","0","0","0","0","Low traffic","28.99","0.0","28.99","0.0","Advertise listing","","","0","0","","0.0","0.330252","cubic feet","Standard","1.65126","CA","gl_home","245864","366","0","","","28.99","0.0","0.0","0.0","0.0","9","0","0","0","0","","15","5","5","5","4","0","","","","","","","","","","","","","","","","0","","","","","","","2026-04-27","24","4","0","0","366","N","","",""
"2026-04-30","VSVC-AZG4E42APRK","X004R4AHSB","B0CBRSM7H7","VIVOSUN Smart Air Filtration PRO G4 Kit 4"", AeroZesh G4 Inline Duct Fan w/GrowHub E42A+ Temp. Humidity WiFi-Controller, Carbon Filter & Ducting, Cooling & Ventilation System for Grow Tent, Hydroponics","New","51","0","55","0","0","0","0","CAD","0","2","9","12","","239.99","0.0","239.99","0.0","NoExcessInventory","55","0.0","0","0","0.61","0.39","1.549479","cubic feet","Oversize","79.023429","CA","gl_home","6224","278","0","102","55","239.99","0.0","479.98","2159.91","2879.88","27","8","20","0","0","59.57","0","0","0","0","4","0","","","","","","","","","","","","","","","281.5","8","2027-01-17","2026-04-27","Yes","No","281.5","196.0","2026-04-27","55","4","0","0","278","N","","",""
"2026-04-30","332570K","X002B5KMRJ","B07FJZ55Y9","VIVOSUN 9000 GPH Submersible Water Pump, 620W Pond Pump, Ultra Quiet Aquarium Pump with 26.5 FT. Lift Height for Pond Waterfall, Fish Tank, Statuary, or Hydroponics","New","23","0","30","0","0","0","0","CAD","18","68","99","115","","179.99","0.0","161.99","150.65","NoExcessInventory","25","0.0","0","0","0.0","3.43","0.447575","cubic feet","Standard","10.294225","CA","gl_home_improvement","699","18","0","10","20","161.99","2915.82","10826.32","16049.56","18802.9","30","0","0","0","0","3.05","160","130","0","30","6","1","","","","","","","","","","","","","","","26.4","144","2026-05-05","2026-04-27","Yes","No","20.3","26.4","2026-04-27","185","2","4","0","77","N","","",""
"2026-04-30","YOYO-003K","X002R57ZFZ","B08NT2DMZJ","VIVOSUN 12 PCS Retractable Plant Yoyo with Stopper for Grow Support in Tent Garden or Hydroponics,Yellow","New","83","0","80","3","0","0","0","CAD","3","16","27","41","Low traffic","19.49","0.0","17.54","0.0","NoRestockExcessActionRequired","123","0.0","0","0","0.0","0.74","0.098545","cubic feet","Standard","8.179235","CA","gl_lawn_and_garden","32480","355","0","30","39","17.54","52.62","282.59","496.98","769.84","40","40","0","0","0","11.91","40","0","0","40","0","0","","","","","","","","","","","","","","","109.2","0","","2026-04-27","Yes","No","81.6","109.2","2026-04-27","123","0","0","0","355","N","","",""
"2026-04-30","VSG-PPS-05GK","X004BND0K5","B0D9K3X49G","VIVOSUN 1.35-Gallon Pump Sprayer, Pressurized Lawn & Garden Sprayer with Adjustable Shoulder Strap, for Plants Spraying, Garden Watering and Household Cleaning, Green","New","233","0","1","258","0","0","0","CAD","12","31","44","77","","42.99","0.0","38.69","0.0","Create Outlet deal","15","34.39","2","0","7100.63","0.26","0.542114","cubic feet","Standard","126.312562","CA","gl_lawn_and_garden","1538","349","332","43","56","42.99","468.58","1203.69","1745.36","2630.83","0","0","1","0","0","203.18","102","12","30","60","25","0","5","1.84","0","0.0","0","0.0","0","0.0","0","0.0","0","0.0","0","0.0","409.0","0","","2026-04-27","Yes","No","352.8","409.0","2026-04-27","359","24","1","0","366","N","","",""
"2026-04-30","306104-4CK","X0018MPHIZ","B01EUURUVM","VIVOSUN 4 Inch 25 Feet Non-Insulated Flex Air Aluminum Duct for Ventilation, 2 Clamps Included","New","138","0","91","0","0","0","0","CAD","11","33","53","103","","27.99","0.0","27.99","0.0","NoExcessInventory","358","0.0","0","0","0.0","2.37","0.207159","cubic feet","Standard","28.587942","CA","gl_home_improvement","6988","230","0","46","48","27.99","294.77","866.27","1390.23","2709.78","91","0","0","0","0","74.33","248","60","120","68","41","2","","","","","","","","","","","","","","","12.6","122","2026-12-02","2026-04-27","Yes","No","12.1","12.6","2026-04-27","426","40","1","0","265","N","","",""
"2026-04-30","VSG-ESPRAY-2L-CA","X004SO59HJ","B0FLX5613D","VIVOSUN Battery Powered Sprayer 0.5Gallon, Electric Spray Bottle USB Rechargeable, Automatic Water Pump Plant Mister with Adjustable Pressure, Easy to Refill, 2.2 Ah Battery","New","54","0","91","0","0","0","0","CAD","9","45","73","86","","46.99","0.0","42.29","0.0","NoRestockExcessActionRequired","108","0.0","0","0","0.0","0.97","0.249817","cubic feet","Standard","13.490118","CA","gl_kitchen","11169","190","0","28","48","46.99","380.61","1926.55","3237.57","3792.04","18","37","36","0","0","23.13","270","162","0","108","54","3","","","","","","","","","","","","","","","112.6","53","2026-10-22","2026-04-27","Yes","No","72.8","112.6","2026-04-27","378","54","0","0","366","N","","",""
"2026-04-30","304113-105K","X002HFS923","B07WMW41D7","VIVOSUN 10x5 Grow Tent, 120""x60""x80"" High Reflective Mylar with Observation Window and Floor Tray for Hydroponics Indoor Plant Growing for VS4000/VS6450","New","28","0","29","0","0","0","0","CAD","3","8","13","16","","389.99","0.0","350.99","0.0","NoRestockExcessActionRequired","28","0.0","0","0","0.0","0.75","3.900752","cubic feet","Extra-large","109.221056","CA","gl_lawn_and_garden","1818","103","0","14","22","350.99","1052.97","2807.92","4640.87","5771.84","6","21","2","0","0","73.85","0","0","0","0","0","0","","","","","","","","","","","","","","","152.0","17","2026-07-27","2026-04-27","Yes","No","152.0","135.0","2026-04-27","28","0","0","0","103","N","","",""
"2026-04-30","TF0002K","X0028UIRT7","B07NRXNZBS","VIVOSUN 2 Way Garden Hose Splitter, Upgraded Highly Durable Water Hose Connector, Faucet Adapter with Comfortable Rubberized Grip for Drip Irrigation, Lawns","New","80","0","120","1","0","0","0","CAD","1","5","10","10","","18.99","0.0","18.99","0.0","NoRestockExcessActionRequired","76","0.0","0","0","58.6","0.17","0.040859","cubic feet","Standard","3.26872","CA","gl_lawn_and_garden","17833","366","124","104","169","16.99","16.99","84.95","167.9","167.9","40","80","0","0","0","8.3","50","10","40","0","80","1","","","","","","","","","","","","","","","506.4","0","","2026-04-27","Yes","No","506.4","491.4","2026-04-27","210","80","0","0","366","N","","",""
"2026-04-30","VSF-AWA6G2X2-CA","X004YEIJH5","B0GC5JM2ZM","VIVOSUN AeroWave A6 Grow Tent Clip Fan, 6"" Auto Oscillating Fan, Secure Non-Slip Clamp, Strong Air Circulating, and Low Noise, for Hydroponic Ventilation, 2-Pack","New","0","0","16","0","0","0","0","CAD","7","7","7","7","Low conversion","99.99","0.0","99.99","0.0","Lower price","","","0","0","","0.25","0.686701","cubic feet","Standard","0.0","CA","gl_kitchen","43039","119","0","82","267","99.99","559.93","559.93","559.93","559.93","16","0","0","0","0","","144","16","88","40","57","0","","","","","","","","","","","","","","","","26","2026-08-12","","","","","","2026-04-27","159","15","0","42","194","N","","",""
"2026-04-30","HGK3-108K","X002KJ9RKJ","B081R8Y258","VIVOSUN Hydroponics Growing System 108 Plant Sites, 3 Layers 12 Food-Grade PVC-U Pipes Hydroponic Gardening System Grow Kit with Water Pump, Pump Timer, Nest Basket and Sponge for Leafy Vegetables","New","14","0","20","0","0","0","0","CAD","3","20","48","73","","159.99","0.0","159.99","0.0","CreateShippingPlan","18","0.0","0","0","0.0","6.08","2.326512","cubic feet","Oversize","32.571168","CA","gl_home","20210","26","0","5","5","159.99","479.97","3199.8","7679.52","11674.27","20","0","0","0","0","16.94","15","15","0","0","8","1","","","","","","","","","","","","","","","14.2","38","2026-05-12","2026-04-27","Yes","No","10.8","14.2","2026-04-27","33","4","3","1","63","N","","",""
"2026-04-30","306143-0412K","X0016UF2MZ","B01DXYMBU6","VIVOSUN 4 Inch Air Carbon Filter Smellines Control with Australia Virgin Charcoal for Inline Duct Fan, Grow Tent, Pre-filter Included, Reversible Flange 4"" x 12""","New","14","0","16","0","0","0","0","CAD","10","10","40","90","","67.99","0.0","67.99","0.0","NoRestockExcessActionRequired","146","0.0","0","0","0.0","4.24","0.507745","cubic feet","Standard","7.10843","CA","gl_home","13278","208","0","63","22","67.99","679.4","679.4","2718.6","6117.1","16","0","0","0","0","73.89","145","40","81","24","37","0","","","","","","","","","","","","","","","15.3","50","2026-11-10","2026-04-27","Yes","No","2.0","15.3","2026-04-27","193","34","0","3","265","N","","",""
"2026-04-30","308105-50K","X002EE3AFN","B0823BFW6P","VIVOSUN Insulated Spiral Pipe Wrap Insulation Bubble Film 6-Inch by 25-Feet, 2 Pack","New","71","0","19","61","0","0","0","CAD","3","6","10","23","Low traffic","42.99","0.0","42.99","0.0","NoRestockExcessActionRequired","73","34.19","26","0","374.24","0.3","0.423995","cubic feet","Standard","30.103645","CA","gl_home_improvement","95729","218","97","95","80","34.19","99.17","200.04","335.6","778.37","0","19","0","0","0","72.96","72","0","54","18","27","1","","","","","","","","","","","","","","","365.9","24","2026-12-19","2026-04-27","Yes","No","365.9","298.3","2026-04-27","170","27","0","0","218","N","","",""
"2026-04-30","311011-3K","X0029Q32VD","B07SKTL43N","VIVOSUN 5 Pack 3 Gallon Square Grow Bags, Thick Fabric Bags with Handles","New","16","0","21","0","0","0","0","CAD","9","54","68","72","","19.99","0.0","17.99","0.0","GoToRestock","18","0.0","0","0","0.0","1.4","0.124175","cubic feet","Standard","1.9868","CA","gl_home","4719","15","0","3","7","19.99","173.91","970.52","1243.39","1323.35","21","0","0","0","0","7.42","28","28","0","0","2","0","","","","","","","","","","","","","","","66.7","69","2026-04-30","2026-04-27","Yes","No","17.0","66.7","2026-04-27","46","2","0","0","42","N","","",""
"2026-04-30","311001-100K","X0029QTYJH","B07SQQQPYY","VIVOSUN 1 Pack 100 Gallon Grow Bag, Fabric Pot with Handles for Growing Vegtables and Plants","New","94","0","149","0","0","0","0","CAD","17","44","81","87","","27.99","0.0","27.99","0.0","Create Outlet deal","166","0.0","0","0","46.06","1.1","0.337538","cubic feet","Standard","31.728572","CA","gl_lawn_and_garden","3661","188","0","13","22","27.99","475.83","1209.16","2211.0","2378.94","91","58","0","0","0","52.68","54","0","18","36","49","3","","","","","","","","","","","","","","","74.8","17","2026-10-08","2026-04-27","No","No","66.1","74.8","2026-04-27","166","18","0","31","298","N","","",""
"2026-04-30","TN-55K","X003SZ0P73","B0BY2DZJ8J","VIVOSUN Elastic 5 x 5Ft. Trellis Netting with 4 Hooks for Climbing Plants, Vegetables, Fruits, and Flowers, 1-Pack","New","232","0","269","0","34","0","0","CAD","15","50","68","82","","27.99","0.0","24.59","0.0","NoRestockExcessActionRequired","299","0.0","0","0","0.0","0.53","0.073508","cubic feet","Standard","17.053856","CA","gl_lawn_and_garden","3472","190","0","32","64","24.59","368.85","1313.5","1795.82","2183.18","268","1","0","34","0","32.63","175","173","0","2","70","0","0","0.0","3","0.3","31","4.65","0","0.0","0","0.0","0","0.0","0","0.0","119.0","15","2026-10-23","2026-04-27","No","No","63.1","119.0","2026-04-27","474","67","2","1","366","N","","",""
"2026-04-30","GG-002","X003RIKDDH","B0BZP1SXN3","VIVOSUN 3’’ Depth Ground Grid, 9x17 ft, High-Density HDPE Geo Cell, 1885 lbs per sq ft Load, Foldable & Tensile, Easy Installation with Gloves, Perfect for Gardens, Driveways, Pathways, Slopes","New","1","0","1","0","0","0","0","CAD","","","","","Low conversion","152.64","0.0","99.99","0.0","Lower price","","","0","0","","1.35","1.30537","cubic feet","Oversize","1.30537","CA","gl_lawn_and_garden","12258","1","0","","","119.99","","","","","1","0","0","0","0","","0","0","0","0","0","0","","","","","","","","","","","","","","","","29","2026-04-29","","","","","","2026-04-27","1","0","0","0","1","N","","",""
"2026-04-30","RGB-0004K","X0032SM3WV","B09C1CNQKR","VIVOSUN Elevated Wooden Raised Garden Bed, 46 x 24 x 32 Inches, Mobile Outdoor Planter Box with Storage Shelf and Protective Liner for Outdoor Use, with Lockable Wheels","New","260","0","242","17","0","0","0","CAD","13","18","21","23","","149.99","0.0","128.24","0.0","Edit listing","0","0.0","0","0","91250.81","0.1","2.000295","cubic feet","Oversize","520.0767","CA","gl_home","5762","366","306","63","161","128.24","1694.12","2406.57","2856.04","3156.02","132","0","110","0","0","401.53","25","0","0","25","22","0","","","","","","","","","","","","","","","1300.2","0","","2026-04-27","Yes","No","1300.2","1216.4","2026-04-27","306","21","1","0","366","N","","",""
"2026-04-30","VSS-EXHBK","X004B6LYY1","B0BDRXF76P","VIVOSUN AeroLight Expandable H-bar, Spacing Adjustable H-Bracket for Multiple Lights Connection","New","6","0","0","0","0","0","6","CAD","0","0","1","1","Low traffic","12.99","0.0","12.34","0.0","Create removal order","0","12.34","20","0","71.82","0.15","0.007952","cubic feet","Standard","0.047712","CA","gl_home_improvement","868074","366","6","","78","12.99","0.0","0.0","11.99","11.99","0","0","0","0","0","1.19","0","0","0","0","0","0","0","0.0","0","0.0","0","0.0","0","0.0","0","0.0","0","0.0","6","0.44","","0","","","","","","590.0","2026-04-27","6","0","0","0","366","N","","",""
"2026-04-30","PS-006K","X004DNP957","B0CQZD5F1D","VIVOSUN 8"" Bypass Pruning Shears for Gardening, Heavy-Duty Garden Scissors, Ultra Sharp Pruners with 3/4 in. Cut Capacity SK5 Blades, Ergonomic Handle and Safety Lock","New","21","0","21","0","0","0","0","CAD","0","2","18","25","Low traffic","14.99","0.0","14.99","0.0","Create Outlet deal","23","11.99","2","0","6.93","2.13","0.030211","cubic feet","Standard","0.634431","CA","gl_home_improvement","29066","133","0","110","28","14.99","0.0","29.98","263.91","363.59","20","1","0","0","0","0.9","34","34","0","0","0","0","","","","","","","","","","","","","","","130.7","6","2026-08-26","2026-04-27","Yes","No","130.7","48.2","2026-04-27","55","0","0","0","366","N","","",""
"2026-04-30","332582K","X002K0ZUIB","B07ZR9ZMS7","VIVOSUN 3567 GPH Submersible Water Pump, 130W Pond Pump, Ultra Quiet Aquarium Pump with 14.8FT Lift Height for Pond, Waterfall, Fish Tank, Statuary, Hydroponic","","0","0","0","0","6","0","0","CAD","31","81","101","102","","0.0","0.0","65.15","0.0","CreateShippingPlan","","","0","0","","1.28","0.500199","cubic feet","Standard","0.0","CA","gl_home_improvement","3934","0","0","0","0","65.15","1961.34","4807.24","6291.78","6370.62","0","0","0","6","0","","0","0","0","0","4","0","0","0.0","6","4.08","0","0.0","0","0.0","0","0.0","0","0.0","0","0.0","88.7","95","2026-04-29","2026-04-27","No","No","26.4","88.7","2026-04-27","0","0","0","4","1","N","","",""
"2026-04-30","GG-004K","X004HK93Z3","B0DPGZM859","VIVOSUN 2’’ Depth Ground Grid, 6.5 x 17 ft, High-Density HDPE Geo Cell, 1885 lb per sq ft Load, Foldable & Tensile, Easy Installation with Gloves, Ideal for Gardens, Driveways, Pathways, Slopes","New","38","0","0","0","39","0","0","CAD","20","24","24","25","","69.99","0.0","69.99","0.0","Create Outlet deal","0","35.99","2","0","8159.32","0.37","0.714355","cubic feet","Oversize","27.14549","CA","gl_lawn_and_garden","27598","271","38","6","19","69.99","1024.8","1234.76","1234.76","1299.55","0","0","0","39","0","74.95","0","0","0","0","2","0","0","0.0","0","0.0","39","56.79","0","0.0","0","0.0","0","0.0","0","0.0","300.5","2","2027-01-11","2026-04-27","Yes","No","102.6","300.5","2026-04-27","38","0","2","0","316","N","","",""
"2026-04-30","DT-001X2K","X002NT8NJ7","B08889K4D2","VIVOSUN 7 Day Programmable Timer Indoor Digital Electronic Timer with Dual Outlet, 20 On/Off Program Setting, and Countdown Setting, 2 Pack","New","31","0","34","0","0","0","0","CAD","2","16","21","21","","34.99","0.0","34.99","0.0","NoExcessInventory","33","0.0","0","0","0.0","2.47","0.027532","cubic feet","Standard","0.853492","CA","gl_home","128843","71","0","7","19","34.99","69.98","557.34","732.29","732.29","34","0","0","0","0","0.92","0","0","0","0","3","0","","","","","","","","","","","","","","","20.6","27","2026-06-25","2026-04-27","Yes","No","20.6","15.7","2026-04-27","33","2","1","0","73","N","","",""
"2026-04-30","VSK-GIYP224A-CA","X004X66QBP","B0CMQ5FG7K","VIVOSUN GIY Plus Smart Grow Tent Kit, 2x2ft 1-Plant System, WiFi-Integrated Automatic Grow System with 2000D Mylar Grow Tent, Full-Spectrum Programmable Grow Light, Enhanced Ventilation & Circulation","New","6","0","7","0","0","0","0","CAD","","","","","Low conversion","499.99","0.0","323.99","0.0","Lower price","7","0.0","0","0","6481.75","0.0","4.558521","cubic feet","Oversize","27.351126","CA","gl_home","24132","157","0","","","323.99","","","","","7","0","0","0","0","23.18","10","10","0","0","1","0","","","","","","","","","","","","","","","","5","2026-09-19","","","","","","2026-04-27","17","1","0","0","315","N","","",""
"2026-04-30","GH-E25K","X003Y81825","B0BKP7VV1H","VIVOSUN GrowHub Controller E25, Supports Smart Grow System Devices, Easy to Install & Use, WiFi App Controllable, Expansion Port for E42/E42A, for Grow Tent Cooling Ventilation Lighting","New","62","0","80","0","0","0","0","CAD","34","35","41","77","","24.99","0.0","24.99","0.0","NoRestockExcessActionRequired","62","0.0","0","0","0.0","1.12","0.003213","cubic feet","Standard","0.199206","CA","gl_home","54003","72","0","7","10","24.99","849.66","874.65","1024.59","1923.73","80","0","0","0","0","0.19","0","0","0","0","2","1","","","","","","","","","","","","","","","18.0","51","2026-06-26","2026-04-27","Yes","No","7.0","18.0","2026-04-27","62","0","0","2","76","N","","",""
"2026-04-30","HR-0004K","X003Y6BI5J","B0C8153XLZ","VIVOSUN Outdoor Stair Handrail, 83"" x 36"" Fits 1-6 Steps, Wrought Iron, One-Step Assembly, Black","New","95","0","96","0","0","0","0","CAD","4","7","12","16","","159.99","0.0","144.39","0.0","NoRestockExcessActionRequired","71","0.0","0","0","265.77","0.34","1.105903","cubic feet","Extra-large","105.060785","CA","gl_home_improvement","25142","230","0","54","77","144.39","577.56","1010.73","1779.48","2340.64","30","66","0","0","0","74.19","0","0","0","0","0","0","","","","","","","","","","","","","","","355.1","12","2026-12-01","2026-04-27","Yes","No","355.1","328.3","2026-04-27","95","0","0","0","230","N","","",""
"2026-04-30","LR-0002K","X003Y663TP","B0BLC142KJ","VIVOSUN 48"" Lawn Leveling Rake, 48"" x 10"" x 78"" Heavy-Duty Stainless Steel Lawn Leveler with 7FT Adjuatble Long Handle for High Effect, Metal Levelawn for Smooth Soil, Rustproof Rakes for Garden Yard","New","86","0","86","0","0","0","0","CAD","4","4","5","5","","139.99","0.0","132.99","0.0","Edit listing","86","0.0","0","0","20121.31","0.09","1.115749","cubic feet","Oversize","95.954414","CA","gl_lawn_and_garden","18635","366","0","86","223","132.99","531.96","531.96","664.95","664.95","0","86","0","0","0","69.44","0","0","0","0","0","0","","","","","","","","","","","","","","","5247.0","0","","2026-04-27","Yes","No","2701.0","5247.0","2026-04-27","86","0","0","0","366","N","","",""
"2026-04-30","304113-27K","X0027BD4CR","B07PJ4VWF7","VIVOSUN S276 32""x32""x63"" Grow Tent 2.7X 2.7ft, High Reflective Mylar with Observation Window and Floor Tray for Hydroponics Indoor Plant Compatible with VS1500 Grow Light","New","43","0","44","0","0","0","0","CAD","5","18","23","28","","129.99","0.0","116.98","0.0","NoRestockExcessActionRequired","45","0.0","0","0","0.0","0.96","0.995045","cubic feet","Oversize","42.786935","CA","gl_lawn_and_garden","1818","152","0","11","23","116.98","584.9","2235.74","2859.67","3457.58","12","32","0","0","0","29.78","8","0","0","8","3","0","","","","","","","","","","","","","","","101.6","27","2026-09-14","2026-04-27","Yes","No","80.9","101.6","2026-04-27","53","2","1","0","154","N","","",""
"2026-04-30","RGB-0011-GRK","X004DA243P","B0CQ4FFJX9","VIVOSUN 3-Tier Metal Raised Garden Bed, 46"" x 46"" x 24"" Galvanized Steel Metal Outdoor Planter Box with Gloves and Scissors to Grow Flowers, Vegetables and Herbs for Outdoor Gardening, Green","New","39","0","39","0","0","0","0","CAD","0","2","2","2","","109.99","0.0","109.99","0.0","Edit listing","0","0.0","0","0","8716.84","0.09","0.867484","cubic feet","Oversize","33.831876","CA","gl_home","23209","366","0","118","383","109.99","0.0","219.98","219.98","219.98","16","10","13","0","0","24.58","20","0","0","20","0","0","","","","","","","","","","","","","","","904.5","0","","2026-04-27","Yes","No","389.5","904.5","2026-04-27","59","0","0","0","366","N","","",""
"2026-04-30","308100K","X0016ARA43","B018VI6ZUQ","VIVOSUN Black and White Panda Film Roll 10FT X 10FT 5.5 Mil","New","40","0","36","4","0","0","0","CAD","3","7","20","31","","25.99","0.0","25.99","0.0","NoRestockExcessActionRequired","88","0.0","0","0","0.0","0.92","0.113936","cubic feet","Standard","4.55744","CA","gl_home","12141","251","0","59","43","24.69","74.07","172.93","502.0","778.79","12","24","0","0","0","9.78","64","16","48","0","0","2","","","","","","","","","","","","","","","146.1","21","2026-12-29","2026-04-27","Yes","No","146.1","89.6","2026-04-27","104","0","0","0","309","N","","",""
"2026-04-30","332523K","X001M12U87","B06X6FT8MK","VIVOSUN Air Stone Disc 8 x 8 Inch with Shell and Sucker for Aquarium, Fish Tank and Hydroponics Air Pump","New","26","0","39","0","0","0","0","CAD","23","74","110","119","","24.99","0.0","22.49","0.0","CreateShippingPlan","39","0.0","0","0","0.0","1.54","0.068987","cubic feet","Standard","1.793662","CA","gl_pet_products","3864","30","0","2","4","19.49","502.27","1556.96","2331.4","2550.01","2","37","0","0","0","2.26","12","0","12","0","1","2","","","","","","","","","","","","","","","74.1","71","2026-05-16","2026-04-27","Yes","No","41.3","74.1","2026-04-27","39","1","0","0","30","N","","",""
"2026-04-30","CBIN-BL-5K","X0048ZOEBZ","B0D4Q8TYQX","VIVOSUN 5-Layer Worm Compost Bin, 50L Worm Composter, Easy Setup Inclusive Worm Farm Kit for Recycling Food Waste","New","10","0","6","0","0","0","0","CAD","2","9","15","16","","109.99","0.0","109.99","0.0","NoRestockExcessActionRequired","13","0.0","0","0","0.0","4.57","1.377188","cubic feet","Oversize","13.77188","CA","gl_lawn_and_garden","43426","41","0","16","30","109.99","219.98","979.91","1589.85","1699.84","6","0","0","0","0","12.3","28","28","0","0","3","0","","","","","","","","","","","","","","","20.9","21","2026-05-26","2026-04-27","Yes","No","6.8","20.9","2026-04-27","41","3","0","0","133","N","","",""
"2026-04-30","VSK-GIYS425-CA","X004T1ILZ3","B0BY7VS8K9","VIVOSUN GIY Smart Grow Tent System 2x4, WiFi-Integrated Grow Tent Kit, with Automate Ventilation and Circulation, Schedule Full Spectrum 200W LED Grow Light, and GrowHub E42A Controller","New","15","0","16","0","0","0","0","CAD","4","12","19","23","","599.99","0.0","539.99","0.0","NoRestockExcessActionRequired","15","0.0","0","0","0.0","1.7","6.278935","cubic feet","Extra-large","94.184025","CA","gl_home","34990","33","0","5","8","539.99","2159.96","6479.88","10259.81","12659.77","6","10","0","0","0","56.48","0","0","0","0","1","0","","","","","","","","","","","","","","","66.7","21","2026-05-18","2026-04-27","Yes","No","52.7","66.7","2026-04-27","15","0","1","0","35","N","","",""
"2026-04-30","305131-PENK","X002ALDC3Z","B01M5IASHD","VIVOSUN Digital pH Meter, 0.01pH High Accuracy Pen Type pH Tester for Hydroponics, Household Drinking, Pool and Aquarium, Yellow, UL Certified","New","0","0","9","0","0","0","0","CAD","129","643","1071","1288","","16.99","0.0","15.99","0.0","NoRestockExcessActionRequired","542","0.0","0","0","0.0","2.0","0.010252","cubic feet","Standard","0.0","CA","gl_lawn_and_garden","1793","31","0","7","12","15.99","2091.21","10735.72","17593.59","21101.07","9","0","0","0","0","10.39","1207","600","200","407","5","25","","","","","","","","","","","","","","","49.6","1253","2026-05-17","2026-04-27","No","No","14.6","49.6","2026-04-27","1207","0","2","3","69","N","","",""
"2026-04-30","VSGB-25K","X0041EH3LV","B0BL9XDQZL","VIVOSUN 5-Pack 25 Gallon Grow Bags, 360G Thick Nonwoven Fabric Pots with Strap Handles, Multi-Purpose Rings, for Low Stress Plant Training Fruits, Vegetables, and Flowers","New","22","0","34","0","0","0","0","CAD","17","77","126","135","","41.99","0.0","41.99","0.0","GoToRestock","34","0.0","0","0","0.0","1.9","0.509642","cubic feet","Standard","11.212124","CA","gl_home","1569","28","0","3","6","41.99","713.83","3231.25","5183.76","5561.67","9","25","0","0","0","10.57","48","24","0","24","16","1","","","","","","","","","","","","","","","65.7","69","2026-05-15","2026-04-27","No","No","29.9","65.7","2026-04-27","82","12","1","3","50","N","","",""
"2026-04-30","GG-001K","X0040NEVHR","B0BZNYBZ1R","VIVOSUN 2’’ Depth Ground Grid, 9x17 ft, High-Density HDPE Geo Cell, 1885 lbs per sq ft Load, Foldable & Tensile, Easy Installation with Gloves, Perfect for Gardens, Driveways, Pathways, Slopes","New","15","0","0","0","26","0","0","CAD","11","32","41","41","","79.99","0.0","69.99","0.0","GoToRestock","15","0.0","0","0","0.0","0.67","0.836992","cubic feet","Oversize","12.55488","CA","gl_lawn_and_garden","12258","22","0","1","4","69.99","769.89","2329.68","2995.59","2995.59","0","0","0","26","0","23.83","0","0","0","0","7","0","0","0.0","0","0.0","26","44.37","0","0.0","0","0.0","0","0.0","0","0.0","177.5","30","2026-05-15","2026-04-27","Yes","No","63.4","177.5","2026-04-27","15","0","4","3","35","N","","",""
"2026-04-30","RC-0001-8K","X0047E0DF3","B0CQ7TDJ9S","VIVOSUN 1.6 Inch Rockwool Cubes, Grow Cubes for Hydroponics, Cuttings, Cloning, Plant Propagation, Seed Startling, 8 Sheets 224 Plugs","New","7","0","12","0","0","0","0","CAD","12","17","74","102","","27.99","0.0","27.99","0.0","CreateShippingPlan","61","0.0","0","0","0.0","8.67","0.660175","cubic feet","Standard","4.621225","CA","gl_biss","57470","56","0","8","4","27.99","335.88","475.83","2071.26","2854.98","12","0","0","0","0","30.02","30","12","12","6","43","1","","","","","","","","","","","","","","","11.9","68","2026-06-12","2026-04-27","Yes","No","3.1","11.9","2026-04-27","73","36","2","5","75","N","","",""
"2026-04-30","304113-22K","X0027BD4CH","B07PK7J1XZ","VIVOSUN S224 2x2 Grow Tent, 24""x24""x48"" High Reflective Mylar with Observation Window and Floor Tray for Hydroponics Indoor Plant for VS1000","New","36","0","44","0","0","0","0","CAD","19","45","68","93","","109.99","0.0","89.09","0.0","CreateShippingPlan","38","0.0","0","0","0.0","2.46","0.862342","cubic feet","Oversize","31.044312","CA","gl_lawn_and_garden","1818","48","0","4","7","89.09","1692.71","4376.45","6675.22","9193.97","8","36","0","0","0","17.33","19","10","0","9","5","0","","","","","","","","","","","","","","","58.6","53","2026-05-31","2026-04-27","Yes","No","58.6","50.1","2026-04-27","57","2","2","1","57","N","","",""
"2026-04-30","330702x2-K","X004D013FF","B088NT1VZ2","VIVOSUN 5 x 30 ft. Plant Trellis Netting, Heavy-Duty Polyester Grow Net, Garden Trellis Netting with Square Mesh for Climbing Plants, Vegetables, Fruits, and Flowers, 2-Pack","New","141","0","50","0","2","6","89","CAD","3","10","14","16","","22.99","0.0","19.84","0.0","Create Outlet deal","67","18.39","2","0","751.03","0.13","0.062409","cubic feet","Standard","8.799669","CA","gl_home","359","366","74","56","114","19.84","59.52","214.15","297.35","343.33","0","50","0","7","1","57.89","0","0","0","0","6","1","0","0.0","2","0.17","0","0.0","4","1.1","1","0.3","0","0.0","90","52.49","681.4","0","","2026-04-27","Yes","No","459.4","681.4","2026-04-27","141","0","4","2","366","N","","",""
"2026-04-30","PP-30-2K","X0047DSCR5","B0C3LM52N5","VIVOSUN Peat Pots, 60 Packs 3.15-Inch Seed Starting Pots with Drainage Holes, Round Nursery Pot, 20 Plant Labels for Flowers, Plants, Vegetables, 60Pcs","New","30","0","0","15","15","0","0","CAD","1","16","24","27","Low traffic","17.99","0.0","16.19","0.0","NoRestockExcessActionRequired","0","11.69","15","0","1117.51","0.58","0.148409","cubic feet","Standard","4.45227","CA","gl_home","60279","118","30","7","14","17.99","16.19","259.04","399.36","449.73","0","0","0","15","0","10.12","0","0","0","0","0","0","15","1.51","0","0.0","15","4.54","0","0.0","0","0.0","0","0.0","0","0.0","163.6","12","2026-08-11","2026-04-27","Yes","No","70.4","163.6","2026-04-27","30","0","0","0","118","N","","",""
"2026-04-30","DSpel001K","X0028MO1RR","B07SHBMBT4","VIVOSUN #11 High-Carbon Steel Blades for Cutting Plants and Propagation","New","84","0","84","0","0","0","0","CAD","1","6","32","47","Low traffic","18.99","0.0","18.99","0.0","NoExcessInventory","84","0.0","0","0","0.0","1.25","0.017614","cubic feet","Standard","1.479576","CA","gl_home_improvement","138029","205","0","89","37","18.04","18.04","110.04","571.43","841.93","50","34","0","0","0","1.43","50","50","0","0","0","2","","","","","","","","","","","","","","","79.7","33","2026-11-13","2026-04-27","Yes","No","79.7","52.3","2026-04-27","134","0","0","0","326","N","","",""
"2026-04-30","331101-8K","X001674XZ5","B01C82T0QC","VIVOSUN 8 Inch Inline Duct Fan 420 CFM, HVAC Exhaust Ventilation Fan with Low Noise for Basements, Bathrooms, Kitchens and Attics, Silver","","0","0","4","0","0","0","0","CAD","8","8","20","34","","0.0","0.0","0.0","0.0","CreateShippingPlan","","","0","0","","6.55","0.314066","cubic feet","Standard","0.0","CA","gl_home_improvement","5678","20","0","6","4","44.99","364.96","364.96","912.4","1544.78","4","0","0","0","0","","12","0","0","12","16","0","","","","","","","","","","","","","","","5.7","36","2026-05-05","2026-04-27","Yes","No","1.0","5.7","2026-04-27","12","0","2","14","44","N","","",""
"2026-04-30","311003-5X2K","X001M1SRCP","B06Y1XVD1Q","VIVOSUN 2-Pack Curved Gardening Scissors 6.5 Inch Hand Pruner Shear with Titanium Coated Precision Blades (Curved Blades)","New","152","0","180","20","0","0","0","CAD","8","29","49","70","","16.99","0.0","16.99","0.0","NoExcessInventory","257","0.0","0","0","0.0","0.46","0.020083","cubic feet","Standard","3.052616","CA","gl_home_improvement","199","153","0","29","39","16.14","129.97","469.81","787.81","1126.15","60","60","60","0","0","5.13","61","0","60","1","46","0","","","","","","","","","","","","","","","191.8","98","2026-09-16","2026-04-27","Yes","No","184.9","191.8","2026-04-27","258","45","0","1","154","N","","",""
"2026-04-30","311001-20x5K","X0016HFB8N","B00VWU2UDC","VIVOSUN 5-Pack 20 Gallons Grow Bags Heavy Duty Thickened Nonwoven Fabric Pots with Handles","New","303","0","298","0","0","0","0","CAD","159","605","796","857","","32.99","0.0","32.99","0.0","NoExcessInventory","714","0.0","0","0","0.0","2.44","0.261516","cubic feet","Standard","79.239348","CA","gl_home","15","48","0","4","10","32.99","5243.43","19784.71","25886.81","27896.23","156","142","0","0","0","140.73","400","100","90","210","125","8","","","","","","","","","","","","","","","44.0","228","2026-06-03","2026-04-27","No","No","28.6","44.0","2026-04-27","814","111","5","9","75","N","","",""
"2026-04-30","SPray-08L-RK","X0029XXXEH","B07QTHYLZV","VIVOSUN 0.2Gallon Hand held Garden Sprayer Pump Pressure Water Sprayers, 27 oz Hand Sprayer for Lawn, Garden (0.8L Red)","New","53","0","52","0","0","0","0","CAD","33","99","162","222","","26.99","0.0","26.99","0.0","NoRestockExcessActionRequired","185","0.0","0","0","0.0","1.8","0.259055","cubic feet","Standard","13.729915","CA","gl_lawn_and_garden","759","87","0","9","14","26.99","889.67","2667.51","4330.28","5857.58","37","15","0","0","0","39.87","192","36","48","108","54","0","","","","","","","","","","","","","","","54.1","119","2026-07-13","2026-04-27","No","No","25.8","54.1","2026-04-27","293","48","4","2","108","N","","",""
"2026-04-30","Spray-SX-CS5K","X002IRT8BB","B07Y82117Q","VIVOSUN 1.3 Gallon Pump Pressure Sprayer, 5L Pressurized Lawn & Garden Water Spray Bottle with 3 Water Nozzles, Adjustable Shoulder Strap, Pressure Relief Valve, for Plants and Cleaning","New","821","0","1091","0","0","0","0","CAD","99","182","272","329","","45.99","0.0","41.39","0.0","NoRestockExcessActionRequired","138","0.0","0","0","3971.07","0.62","0.543184","cubic feet","Standard","445.954064","CA","gl_lawn_and_garden","254","366","0","24","44","41.39","4203.41","7962.38","11886.88","14300.81","900","191","0","0","0","850.39","300","0","168","132","535","3","","","","","","","","","","","","","","","105.8","0","","2026-04-27","No","No","81.0","105.8","2026-04-27","1631","510","16","9","366","N","","",""
"2026-04-30","VSV-AZG8E42APRK","X004R4A9AR","B0C6SCF6R1","VIVOSUN AeroZesh G8 Inline Duct Fan, Quiet 8"" 807 CFM Ventilation Exhaust Fan w/EC Motor and GrowHub E42A Temperature Humidity WiFi-Controller for Heating Cooling Booster, Grow Tents, Hydroponics","New","30","0","34","0","0","0","0","CAD","","","","","Low conversion","229.99","0.0","229.99","0.0","Lower price","34","0.0","0","0","0.0","0.99","1.210938","cubic feet","Oversize","36.32814","CA","gl_kitchen","29549","137","0","","","229.99","","","","","19","4","11","0","0","26.53","0","0","0","0","4","0","","","","","","","","","","","","","","","","20","2026-08-30","","","","","","2026-04-27","34","4","0","0","137","N","","",""
"2026-04-30","VSV-AZG4E42APRK","X004R4F5Y7","B0C6QK97P2","VIVOSUN G4 4"" Inline Duct Fan & Temperature Humidity Controller, E42A+ WiFi-App Control AeroZesh Grow Tent Fan& Smart Thermostat, 195 CFM EC Motor Exhaust Fan for Heating Cooling, Greenhouse Accessory","New","29","0","61","0","0","0","0","CAD","3","12","38","51","","152.99","0.0","152.99","0.0","NoRestockExcessActionRequired","61","0.0","0","0","0.0","0.95","0.553023","cubic feet","Standard","16.037667","CA","gl_kitchen","29549","141","0","21","16","152.99","458.97","1727.88","5462.62","7451.49","32","29","0","0","0","30.08","36","32","0","4","32","2","","","","","","","","","","","","","","","65.1","53","2026-09-03","2026-04-27","Yes","No","50.8","65.1","2026-04-27","97","32","0","0","186","N","","",""
"2026-04-30","VSN-WB540B1-CA","X004XNFHMH","B0D97767J9","VIVOSUN 540 L/143 Gal Water Storage Bladder, Foldable and Portable Water Tank, Water Storage Bag Containers for RV, Camping, Garden, Irrigation, Drought Resistance, Firefighting","New","5","0","7","0","0","0","0","CAD","1","1","1","1","Low traffic","79.99","0.0","79.99","0.0","GoToStranded","","","0","0","","1.71","0.760284","cubic feet","Standard","3.80142","CA","gl_home","34096","366","0","220","715","94.03","79.99","79.99","79.99","79.99","7","0","0","0","0","","50","0","50","0","2","0","","","","","","","","","","","","","","","","0","","","","","","","2026-04-27","57","2","0","0","366","N","","",""
"2026-04-30","VSVC-AZG6E42APRK","X004R498QX","B0CBRPS1N8","VIVOSUN Smart Air Filtration PRO G6 Kit 6"", AeroZesh G6 Inline Duct Fan w/GrowHub E42A Temp. Humidity WiFi-Controller, Carbon Filter & Ducting, Cooling & Ventilation System for Grow Tent, Hydroponics","New","38","0","37","0","0","0","0","CAD","0","0","0","1","Low conversion","305.99","0.0","305.99","0.0","Create Outlet deal","5","199.99","2","0","16503.34","0.09","2.408438","cubic feet","Oversize","91.520644","CA","gl_home","6224","284","0","","494","305.99","0.0","0.0","0.0","305.99","15","0","22","0","0","66.49","0","0","0","0","2","0","","","","","","","","","","","","","","","","0","","","","","","1933.0","2026-04-27","38","0","2","0","303","N","","",""
"2026-04-30","306104-48K","X001QWLSR1","B074FV367K","VIVOSUN 4 Inch 8 Feet Non-Insulated Flex Air Aluminum Ducting for HVAC Ventilation w/Two 4 Inch Stainless Steel Clamps","New","6","0","1","0","0","0","0","CAD","0","27","73","104","","16.99","0.0","16.99","0.0","NoExcessInventory","84","0.0","0","0","0.0","3.48","0.084834","cubic feet","Standard","0.509004","CA","gl_home_improvement","6988","70","0","18","15","16.99","0.0","428.13","1176.09","1673.03","1","0","0","0","0","6.25","120","60","45","15","21","2","","","","","","","","","","","","","","","24.8","83","2026-06-25","2026-04-27","Yes","No","3.8","24.8","2026-04-27","143","17","2","2","124","N","","",""
"2026-04-30","332593K","X0040NVN37","B0BZY3BT6R","VIVOSUN 2600 GPH Submersible Water Pump with Barrier Bag, Ultra Quiet 200W Pond Pump for Pond, Waterfall, Fish Tank, Statuary, Hydroponic, 20Ft. Lift Height","New","67","0","1","1","0","35","48","CAD","7","24","45","48","","85.49","0.0","69.24","0.0","NoRestockExcessActionRequired","42","38.08","4","0","903.51","0.42","0.58245","cubic feet","Standard","39.02415","CA","gl_home_improvement","6415","97","41","11","18","69.24","500.93","1687.37","3469.82","3717.73","1","0","0","0","35","469.35","0","0","0","0","17","0","0","0.0","0","0.0","0","0.0","0","0.0","0","0.0","0","0.0","83","451.75","242.9","27","2026-07-22","2026-04-27","No","No","139.1","242.9","2026-04-27","83","16","1","0","98","N","","",""
"2026-04-30","VSK-GIYE276-CA","X004T1G9EN","B08LGQ3XDZ","VIVOSUN Grow Tent Kit, 2.7 × 2.7ft Complete Grow System, WiFi-Controlled Grow System with Full Spectrum LED Grow Light, Automatic Ventilation, GrowHub Outlet A22 with Temperature and Humidity Sensor","New","10","0","13","0","0","0","0","CAD","2","4","4","4","","469.0","429.0","429.0","0.0","NoRestockExcessActionRequired","6","0.0","0","0","9781.71","1.16","4.68287","cubic feet","Oversize","46.8287","CA","gl_home","25120","170","0","15","48","429.0","858.0","1534.78","1534.78","1534.78","10","0","3","0","0","43.13","5","5","0","0","4","0","","","","","","","","","","","","","","","133.5","8","2026-10-02","2026-04-27","Yes","No","72.0","133.5","2026-04-27","18","3","1","0","223","N","","",""
"2026-04-30","305132-PENK","X002ALCZBF","B01N2O1Z5B","VIVOSUN 3-in-1 TDS EC & Temperature Meter - Ultrahigh Accuracy Digital Water Quality Tester (Blue)","New","58","0","0","59","0","0","0","CAD","2","8","22","29","Low traffic","15.99","0.0","15.19","0.0","NoRestockExcessActionRequired","58","0.0","0","0","0.0","0.41","0.005435","cubic feet","Standard","0.31523","CA","gl_kitchen","7315","237","0","29","26","15.19","30.38","121.52","331.38","439.31","0","0","0","0","0","0.3","0","0","0","0","1","0","","","","","","","","","","","","","","","273.6","17","2026-12-09","2026-04-27","Yes","No","273.6","215.8","2026-04-27","58","0","1","0","243","N","","",""
"2026-04-30","330705-05K","X003FHBNCF","B0BCVQ9CNP","VIVOSUN 5 x 30 ft. Plant Trellis Netting, Heavy-Duty Polyester Grow Net, Garden Trellis Netting with Square Mesh for Climbing Plants, Vegetables, Fruits, and Flowers, 1-Pack","New","383","0","480","0","0","0","0","CAD","43","90","115","121","","14.99","0.0","12.24","0.0","Create Outlet deal","279","11.99","2","0","73.07","0.44","0.034296","cubic feet","Standard","13.135368","CA","gl_home","359","366","0","17","41","12.24","526.32","1159.35","1509.6","1599.54","241","239","0","0","0","19.28","0","0","0","0","91","0","","","","","","","","","","","","","","","204.3","0","","2026-04-27","No","No","132.8","204.3","2026-04-27","464","81","3","7","366","N","","",""
"2026-04-30","VSI-FFSW6-4K","X004J3PXHF","B0D7HNXMGL","VIVOSUN 4-Pack FlexFeed Self-Watering Pots, Auto Irrigation Fabric Pot Base with Water Meter & Maintenance Window, for Use Indoors/Outdoors in Grow Tents, Greenhouses, Gardens","New","33","0","35","0","0","0","0","CAD","7","23","49","80","","99.99","0.0","89.99","0.0","NoRestockExcessActionRequired","33","0.0","0","0","0.0","2.45","1.063208","cubic feet","Oversize","35.085864","CA","gl_home","23683","124","0","28","26","89.99","639.93","2239.77","4767.51","7857.2","35","0","0","0","0","17.36","130","110","0","20","1","0","","","","","","","","","","","","","","","47.2","30","2026-08-18","2026-04-27","Yes","No","47.2","30.6","2026-04-27","163","0","1","0","366","N","","",""
"2026-04-30","332522K","X001M244R1","B06VV79ZTK","VIVOSUN Air Stones Disc 5 x 5 Inch with Shell for Aquarium, Fish Tank and Hydroponics Air Pump","New","78","0","82","0","0","0","0","CAD","6","36","66","99","","14.99","0.0","14.24","0.0","NoRestockExcessActionRequired","141","0.0","0","0","0.0","1.35","0.017829","cubic feet","Standard","1.390662","CA","gl_pet_products","3864","145","0","15","18","14.24","86.19","521.64","956.34","1448.01","62","0","20","0","0","2.38","60","0","60","0","3","0","","","","","","","","","","","","","","","69.4","68","2026-09-07","2026-04-27","No","No","39.2","69.4","2026-04-27","141","3","0","0","145","N","","",""
"2026-04-30","SST-2-0006K","X003XUW017","B0BTD3HZLX","VIVOSUN 6-Pack Seed Starter Trays, 240-Cell Seed Starter Kit with 2 Set of LED Lights, 3.6"" Higher Cover, Adjustable Vents, Drainage Holes, Green Propagation Tray for Planting Seed, 40 Cells x 6 Packs","New","5","0","4","0","0","0","0","CAD","2","2","20","49","","59.99","0.0","59.99","0.0","NoExcessInventory","35","0.0","0","0","0.0","5.23","0.523938","cubic feet","Standard","2.61969","CA","gl_home","41996","197","0","82","10","59.99","119.98","119.98","1199.8","2928.11","4","0","0","0","0","17.27","36","0","24","12","11","0","","","","","","","","","","","","","","","7.3","21","2026-10-29","2026-04-27","Yes","No","1.0","7.3","2026-04-27","47","6","1","4","215","N","","",""
"2026-04-30","311021-20x5NJ","X002IOJYKT","B0885S2TDF","VIVOSUN 5-Pack 20 Gallon Grow Bags Heavy Duty 300G Thickened Nonwoven Plant Fabric Pots with Handles Tan","New","1","0","1","0","0","0","0","CAD","","","","","Low conversion","53.96","0.0","32.99","0.0","Lower price","","","0","0","","1.09","0.325089","cubic feet","Standard","0.325089","CA","gl_home","15","0","0","","","32.99","","","","","1","0","0","0","0","","0","0","0","0","0","0","","","","","","","","","","","","","","","","176","2026-04-29","","","","","","2026-04-27","1","0","0","0","0","N","","",""
"2026-04-30","311003-4K","X0018MEL55","B01EWH83FU","VIVOSUN 6.5 Inch Gardening Scissors Hand Pruner Pruning Shear with Straight Stainless Steel Blades Orange 1-Pack","New","1439","0","1255","0","0","0","0","CAD","176","502","856","1059","","11.99","0.0","9.59","0.0","NoRestockExcessActionRequired","2767","0.0","0","0","0.0","0.91","0.008781","cubic feet","Standard","12.635859","CA","gl_home_improvement","199","162","0","23","36","9.59","1706.84","5265.58","9009.24","11274.81","5","1211","39","0","0","23.51","1558","360","960","238","144","4","","","","","","","","","","","","","","","116.1","722","2026-09-25","2026-04-27","No","No","104.7","116.1","2026-04-27","3126","129","7","8","202","N","","",""
"2026-04-30","GH-A10K","X004CJYH4B","B0DCG2W5TX","VIVOSUN GrowHub Outlet Controller A10, Smart WiFi Outlet, Smart Plug, 15A 1800W, Remote Control, Compatible with Vivosun App for Grow Tent","New","99","0","101","0","0","0","0","CAD","9","45","65","71","","26.99","0.0","26.99","0.0","NoRestockExcessActionRequired","99","0.0","0","0","0.0","0.88","0.006052","cubic feet","Standard","0.599148","CA","gl_biss","24510","117","0","13","27","25.64","230.76","1156.5","1688.2","1844.74","37","50","14","0","0","0.55","50","50","0","0","0","0","","","","","","","","","","","","","","","128.5","44","2026-08-10","2026-04-27","Yes","No","63.4","128.5","2026-04-27","149","0","0","0","186","N","","",""
"2026-04-30","HSB950-1800LK","X00305V0TN","B082M7FNK6","VIVOSUN 480GPH Submersible Pump(1800L/H, 25W), Ultra Quiet Water Pump with 7.2ft High Lift, Fountain Pump with 5ft Power Cord, 3 Nozzles for Fish Tank, Aquarium, Statuary, Hydroponics","New","241","0","206","0","0","0","0","CAD","15","96","153","193","","32.99","0.0","29.69","0.0","NoRestockExcessActionRequired","336","0.0","0","0","0.0","1.26","0.055282","cubic feet","Standard","13.322962","CA","gl_home_improvement","218","149","0","14","22","29.69","446.65","3002.14","4779.27","6052.67","162","44","0","0","0","17.4","95","0","48","47","3","4","","","","","","","","","","","","","","","72.7","114","2026-09-12","2026-04-27","No","No","49.6","72.7","2026-04-27","336","0","3","0","152","N","","",""
"2026-04-30","AP-55K","X003FGR1CH","B0BG2FG4H5","VIVOSUN Commercial Air Pump 1427 GPH 55W 90L/min 12 Outlet for Aquarium and Hydroponic Systems","New","25","0","66","0","0","0","0","CAD","17","18","52","90","","89.99","0.0","80.99","0.0","NoRestockExcessActionRequired","165","0.0","0","0","0.0","3.51","0.222406","cubic feet","Standard","5.56015","CA","gl_pet_products","2474","178","0","44","28","80.99","1439.83","1529.82","4454.48","7811.1","66","0","0","0","0","34.83","174","72","102","0","48","3","","","","","","","","","","","","","","","10.5","74","2026-10-13","2026-04-27","Yes","No","5.2","10.5","2026-04-27","237","38","6","4","265","N","","",""
"2026-04-30","SPray-2L-BGK","X004AUZN63","B0CFZWSP22","VIVOSUN 0.5Gal Handheld Garden Sprayer, 2L Pump Sprayer, 68 Oz Water Spray Bottle with Safety Valve, Adjustable Nozzle, Extended Spray Rod & Additional Seals, Ideal for Watering, Fertilizing, Cleaning","New","108","0","77","0","0","0","0","CAD","15","65","122","174","","34.71","0.0","34.71","0.0","NoRestockExcessActionRequired","240","0.0","0","0","0.0","1.84","0.258072","cubic feet","Standard","27.871776","CA","gl_lawn_and_garden","6325","186","0","16","20","34.71","520.65","2256.15","4158.28","5848.69","77","0","0","0","0","58.79","168","48","72","48","39","3","","","","","","","","","","","","","","","43.4","33","2026-10-21","2026-04-27","No","No","17.2","43.4","2026-04-27","312","36","0","3","264","N","","",""
"2026-04-30","332521K","X001M24S2R","B06W2JJSWV","VIVOSUN Air Stone Disc 4 x 4 Inch with Shell and Sucker for Aquarium, Fish Tank and Hydroponics Air Pump","New","13","0","69","0","0","0","0","CAD","26","97","168","227","","9.99","0.0","8.99","0.0","NoRestockExcessActionRequired","206","0.0","0","0","0.0","5.13","0.020866","cubic feet","Standard","0.271258","CA","gl_pet_products","3864","96","0","6","8","8.99","235.74","918.03","1591.32","2160.73","69","0","0","0","0","3.83","144","0","144","0","50","0","","","","","","","","","","","","","","","20.6","140","2026-07-20","2026-04-27","No","Yes","17.0","20.6","2026-04-27","206","49","0","1","96","N","","",""
"2026-04-30","VSGB-10K","X0041EANR7","B0BL8TRX3H","VIVOSUN Pack of 5 Plant Bags 40L Non-Woven Fabric Plant Bag 500 g/m² Thickness, Fabric Pots with Handles and Versatile Rings, Ideal for LST, Fruits, Vegetables and Flowers","New","106","0","164","0","0","0","0","CAD","11","53","82","97","","33.99","0.0","33.99","0.0","NoExcessInventory","171","0.0","0","0","0.0","1.01","0.374579","cubic feet","Standard","39.705374","CA","gl_home","1569","323","0","9","17","33.99","373.89","1760.67","2722.58","3232.43","117","47","0","0","0","55.22","26","0","0","26","58","1","","","","","","","","","","","","","","","83.3","0","","2026-04-27","Yes","No","44.2","83.3","2026-04-27","184","52","2","4","331","N","","",""
"2026-04-30","311001-2x5NJ","X001F1C9FD","B00UBLDUBO","VIVOSUN 5-Pack 2 Gallons Heavy Duty Thickened Nonwoven Fabric Pots Grow Bags with Handles","New","1","0","1","0","0","0","0","CAD","","","","","Low conversion","25.63","0.0","17.99","0.0","Lower price","","","0","0","","1.68","0.057021","cubic feet","Standard","0.057021","CA","gl_home","15","0","0","","","17.99","","","","","1","0","0","0","0","","0","0","0","0","0","0","","","","","","","","","","","","","","","","78","2026-04-29","","","","","","2026-04-27","1","0","0","0","0","N","","",""
"2026-04-30","Spray-SX-CS4K","X002IRQ01R","B07Y81DTTJ","VIVOSUN 1 Gallon Pump Pressure Sprayer, 4L Pressurized Lawn & Garden Water Spray Bottle with 3 Water Nozzles, Adjustable Shoulder Strap, Pressure Relief Valve, for Plants and Cleaning","New","472","0","457","0","0","0","0","CAD","57","389","517","611","","43.99","0.0","39.59","0.0","NoRestockExcessActionRequired","1144","0.0","0","0","0.0","1.84","0.505067","cubic feet","Standard","238.391624","CA","gl_lawn_and_garden","254","239","0","8","17","43.99","2493.5","15817.78","21067.38","24886.06","441","16","0","0","0","527.15","366","144","18","204","570","9","","","","","","","","","","","","","","","43.1","137","2026-12-12","2026-04-27","No","No","17.5","43.1","2026-04-27","1402","564","2","4","306","N","","",""
"2026-04-30","332583-20K","X0048F98VB","B0D3PMBVV1","VIVOSUN 400 GPH 20W Submersible Water Pump, with Adjustable Water Flow, 4.9 ft Tubing, Additional Ceramic Shaft, and Outlet Adapters, for Fish Tanks, Aquariums, Hydroponics, Fountains","New","0","0","5","0","0","0","0","CAD","13","13","31","49","","28.99","0.0","26.09","0.0","NoRestockExcessActionRequired","109","0.0","0","0","0.0","15.0","0.084683","cubic feet","Standard","0.0","CA","gl_home_improvement","4289","175","0","55","47","26.09","342.07","342.07","834.89","1356.21","5","0","0","0","0","9.32","180","72","90","18","21","2","","","","","","","","","","","","","","","","36","2026-10-09","","","","","3.4","2026-04-27","199","19","1","1","302","N","","",""
"2026-04-30","GG-003K","X0040NEYUB","B0BZP2HFYS","VIVOSUN 4’’ Depth Ground Grid, 9x17 ft, High-Density HDPE Geo Cell, 1885 lbs per sq ft Load, Foldable & Tensile, Easy Installation with Gloves, Perfect for Gardens, Driveways, Pathways, Slopes","New","27","0","37","0","0","0","0","CAD","1","12","22","22","","129.99","0.0","123.49","115.78","NoRestockExcessActionRequired","1","0.0","0","0","1283.36","1.04","2.037037","cubic feet","Oversize","54.999999","CA","gl_lawn_and_garden","","366","0","19","34","129.99","129.99","1457.13","2557.03","2557.03","30","7","0","0","0","59.18","31","0","0","31","21","0","","","","","","","","","","","","","","","78.3","0","","2026-04-27","Yes","No","38.4","78.3","2026-04-27","77","19","0","2","366","N","","",""
"2026-04-30","332582-100K","X002L7NT81","B086QJQK8N","VIVOSUN 1150GPH 100W Submersible Pump for Fish Tank, Pond, Aquarium, Hydroponic Systems with 5ft Power Cord and 4 Nozzles Blue","New","32","0","76","0","0","0","0","CAD","23","24","104","150","","49.99","0.0","44.99","0.0","NoRestockExcessActionRequired","272","0.0","0","0","0.0","3.16","0.177808","cubic feet","Standard","5.689856","CA","gl_home_improvement","3457","162","0","44","22","44.99","1072.27","1114.76","4863.96","7097.5","76","0","0","0","0","45.18","232","40","152","40","64","2","","","","","","","","","","","","","","","22.5","98","2026-09-26","2026-04-27","Yes","No","3.7","22.5","2026-04-27","320","56","0","8","197","N","","",""
"2026-04-30","330101x2K","X0016VM6S7","B015PD8I7I","VIVOSUN 2 Pack Durable Waterproof Seedling Heat Mat 10"" x 20.75"" UL & MET-Certified Warm Hydroponic Heating Pad for Germination, Indoor Gardening, Greenhouse","New","480","0","538","0","0","0","0","CAD","213","803","1498","1881","","35.99","0.0","30.59","0.0","GoToRestock","483","0.0","0","0","0.0","1.42","0.060082","cubic feet","Standard","28.83936","CA","gl_lawn_and_garden","431","26","0","2","3","35.99","6577.29","25557.34","49388.27","62324.73","10","528","0","0","0","17.46","0","0","0","0","18","13","","","","","","","","","","","","","","","69.8","837","2026-05-12","2026-04-27","No","No","38.7","69.8","2026-04-27","483","3","6","9","27","N","","",""
"2026-04-30","VSL-LL150-NK","X004RS11J1","B09LQCSC8P","VIVOSUN VS1500 LED Grow Light with Samsung LM301 Diodes & Daisy Chain Driver Dimmable Lights Sunlike Full Spectrum for Indoor Plants Seedling Veg and Bloom Plant Grow Lamps for 3x3 Grow Tent","New","28","0","29","0","0","0","0","CAD","2","9","17","17","","235.04","0.0","235.04","0.0","NoExcessInventory","38","0.0","0","0","83.36","1.25","0.567763","cubic feet","Oversize","15.897364","CA","gl_home","8321","239","0","17","30","235.04","470.08","2115.36","3995.68","3995.68","26","3","0","0","0","14.71","12","12","0","0","10","1","","","","","","","","","","","","","","","76.4","8","2026-12-16","2026-04-27","Yes","No","45.9","76.4","2026-04-27","50","10","0","0","327","N","","",""
"2026-04-30","308151K","X001N9XNCP","B018VI77QW","VIVOSUN Horticulture Highly Reflective Mylar Film Roll 4FT x 100FT 2 Mil","New","39","0","2","0","0","0","0","CAD","4","74","134","205","","52.99","0.0","0.0","0.0","NoRestockExcessActionRequired","39","0.0","0","0","0.0","3.32","0.245327","cubic feet","Oversize","9.567753","CA","gl_biss","5665","29","0","10","11","52.99","206.66","3711.51","6803.26","10360.8","2","0","0","0","0","2.42","150","132","0","18","2","1","","","","","","","","","","","","","","","25.0","135","2026-05-16","2026-04-27","Yes","No","13.4","25.0","2026-04-27","189","0","2","0","107","N","","",""
"2026-04-30","VSVC-AZT8E42APRK","X004R42SFL","B0FGZYYJ48","VIVOSUN Smart Air Filtration PRO Kit 8"", AeroZesh T8 Inline Duct Fan with GrowHub E42A+, Temperature Humidity Controller, Carbon Filter & Ducting Ventilation System for Grow Tent, Hydroponics","New","17","0","6","12","0","0","0","CAD","1","4","5","6","","347.99","0.0","347.99","0.0","Create Outlet deal","0","278.39","2","0","6926.29","0.35","4.682481","cubic feet","Oversize","79.602177","CA","gl_kitchen","6224","160","17","27","58","347.99","347.99","1391.96","1739.95","2087.94","6","0","0","0","0","51.88","10","10","0","0","0","0","","","","","","","","","","","","","","","310.2","3","2026-10-09","2026-04-27","Yes","No","175.0","310.2","2026-04-27","27","0","0","0","285","N","","",""
"2026-04-30","304116-44K","X002B1YTEZ","B07WMXJV9M","VIVOSUN R446 4x4 Grow Tent, 48 inches x48 inches x72 inches Roof Cube Tent with Observation Window and Floor Tray for Hydroponics Indoor Plant for VS4000/VSF4300","New","1","0","1","0","0","0","0","CAD","0","10","19","22","","169.99","0.0","169.99","0.0","CreateShippingPlan","1","0.0","0","0","0.0","4.38","2.334186","cubic feet","Oversize","2.334186","CA","gl_lawn_and_garden","24459","4","0","0","0","169.99","0.0","1648.9","3144.81","3634.38","0","1","0","0","0","0.43","0","0","0","0","0","1","","","","","","","","","","","","","","","23.0","20","2026-04-29","2026-04-27","Yes","No","10.1","23.0","2026-04-27","1","0","0","0","4","N","","",""
"2026-04-30","GB0100-2K","X002UGRDCL","B08X9Y8W7N","VIVOSUN 2-Pack 5 Tier Vertical Gardening Stackable Planter for Strawberries, Flowers, Herbs, Vegetables Ivory","","0","0","38","0","0","0","0","CAD","21","88","132","149","","0.0","0.0","0.0","0.0","CreateShippingPlan","","","0","0","","1.55","1.304859","cubic feet","Oversize","0.0","CA","gl_home","13337","12","0","1","3","89.99","1899.79","8267.62","12396.18","14035.51","0","38","0","0","0","","41","0","0","41","0","1","","","","","","","","","","","","","","","76.9","89","2026-04-30","2026-04-27","Yes","No","25.7","76.9","2026-04-27","41","0","0","0","12","N","","",""
"2026-04-30","CBIN-BLO-43K","X002P9F72L","B08H1XG2TZ","VIVOSUN Outdoor Tumbling Composter Dual Rotating Batch Compost Bin, 43 Gallon Orange Door","New","62","0","52","0","0","0","0","CAD","36","108","182","227","","139.99","0.0","139.99","0.0","NoRestockExcessActionRequired","65","0.0","0","0","0.0","2.22","2.707335","cubic feet","Oversize","167.85477","CA","gl_lawn_and_garden","2422","22","0","5","8","139.99","4605.64","13108.92","21624.18","26745.73","25","27","0","0","0","57.39","90","90","0","0","9","0","","","","","","","","","","","","","","","47.3","213","2026-05-07","2026-04-27","Yes","No","24.0","47.3","2026-04-27","155","3","6","0","55","N","","",""
"2026-04-30","CHTrimer-01J","X002EHB2OB","B0827B591D","VIVOSUN 20"" Cordless Hedge Trimmer, 20V Electric Bush Trimmer, 1400 RPM Shrub Trimmer, Dual-Action Laser Blade, 3/5"" Cutting Capacity, Lightweight & Compact Trimmer, Battery and Fast Charger Included","New","17","0","0","17","0","0","0","CAD","1","3","3","3","","107.94","0.0","107.94","0.0","NoExcessInventory","17","0.0","0","0","0.0","1.26","1.05217","cubic feet","Oversize","17.88689","CA","gl_lawn_and_garden","37899","16","0","22","73","107.94","107.94","323.82","323.82","323.82","0","0","0","0","0","3.26","0","0","0","0","0","0","","","","","","","","","","","","","","","891.0","75","2026-05-01","2026-04-27","Yes","No","291.0","891.0","2026-04-27","17","0","0","0","16","N","","",""
"2026-04-30","RGB-0002K","X0032SLZEX","B09C1B6CDZ","VIVOSUN 8×2Ft Wooden Raised Garden Bed, 97 x 25 x 11 Inches, Outdoor Wood Planter Box with Gloves and a Liner for Garden, Patio, Balcony, Backyard and Outdoors","New","66","0","52","7","0","0","0","CAD","2","2","2","2","","139.99","0.0","125.99","0.0","Edit listing","68","0.0","0","0","15566.25","0.03","1.581108","cubic feet","Oversize","104.353128","CA","gl_home","5762","366","0","242","786","125.99","251.98","251.98","251.98","251.98","7","45","0","0","0","77.25","55","0","0","55","2","0","","","","","","","","","","","","","","","","0","","","","","","","2026-04-27","123","2","0","0","366","N","","",""
"2026-04-30","RGB-0009K","X004D9Y7LN","B0CNVHWJ3T","VIVOSUN 3-Tier 3-Grid Wooden Raised Garden Bed, 42.5 x 34.5 x 15 Inches, Outdoor Elevated Wood Planter Box with Screwdriver for Gardens, Patios, Backyards, Balcony and Outdoors","New","85","0","63","0","0","0","0","CAD","3","13","17","18","","99.99","0.0","85.49","0.0","NoRestockExcessActionRequired","0","0.0","0","0","1409.16","0.58","0.895121","cubic feet","Oversize","76.085285","CA","gl_home","5762","301","0","26","61","85.49","256.47","1192.12","1586.58","1686.57","40","23","0","0","0","52.7","0","0","0","0","2","0","","","","","","","","","","","","","","","188.5","0","","2026-04-27","Yes","No","167.6","188.5","2026-04-27","87","2","0","0","301","N","","",""
"2026-04-30","311001-7*5K","X000YNXMLX","B00TF9E9PY","VIVOSUN 5-Pack 7 Gallon Grow Bags Heavy Duty 300G Thickened Nonwoven Plant Fabric Pots with Handles","New","392","0","410","0","0","0","0","CAD","101","378","512","572","","22.99","0.0","22.99","0.0","NoExcessInventory","919","0.0","0","0","0.83","1.71","0.135434","cubic feet","Standard","53.090128","CA","gl_home","15","304","0","8","17","22.99","2321.99","8647.41","11726.71","13106.11","215","195","0","0","0","113.93","387","57","95","235","259","1","","","","","","","","","","","","","","","56.8","0","","2026-04-27","No","No","39.3","56.8","2026-04-27","969","190","50","19","339","N","","",""
"2026-04-30","GG-002K","X0040NEY1F","B0BZP1SXN3","VIVOSUN 3’’ Depth Ground Grid, 9x17 ft, High-Density HDPE Geo Cell, 1885 lbs per sq ft Load, Foldable & Tensile, Easy Installation with Gloves, Perfect for Gardens, Driveways, Pathways, Slopes","New","2","0","7","0","0","0","0","CAD","4","24","28","28","","119.99","0.0","99.99","0.0","NoExcessInventory","2","0.0","0","0","0.0","1.35","1.311057","cubic feet","Oversize","2.622114","CA","gl_lawn_and_garden","12258","60","0","6","17","119.99","479.96","2639.76","3084.12","3084.12","0","7","0","0","0","0.48","35","0","0","35","4","0","","","","","","","","","","","","","","","86.0","21","2026-06-23","2026-04-27","Yes","No","27.3","86.0","2026-04-27","37","0","0","4","70","N","","",""
"2026-04-30","304114-32K","X0024W247Z","B07HQHG311","VIVOSUN D325 2-in-1 3x2 Grow Tent, 36""x24""x53"" High Reflective Mylar with Multi-Chamber and Floor Tray for Hydroponic Indoor Plant","New","10","0","15","0","0","0","0","CAD","3","9","13","19","","149.99","0.0","134.99","0.0","NoRestockExcessActionRequired","14","0.0","0","0","0.0","1.85","1.923529","cubic feet","Oversize","19.23529","CA","gl_home","24459","102","0","20","30","134.99","404.97","1214.91","1783.88","2616.29","8","7","0","0","0","15.7","35","25","0","10","7","0","","","","","","","","","","","","","","","47.6","18","2026-07-30","2026-04-27","Yes","No","46.2","47.6","2026-04-27","49","4","2","1","216","N","","",""
"2026-04-30","VSV-AZG4K","X003UH0P5V","B0C6QG963B","VIVOSUN AeroZesh G4 4-inch 195 CFM Inline Duct Fan with E12 Speed Controller, Entirely Programmable PWM-Controlled EC Fan for Grow Tent Ventilation","New","25","0","44","0","0","0","0","CAD","6","22","38","77","","109.99","0.0","109.99","0.0","NoExcessInventory","42","0.0","0","0","0.0","1.77","0.708959","cubic feet","Standard","17.723975","CA","gl_kitchen","29549","92","0","11","10","109.99","659.94","2397.28","4112.62","8259.73","25","19","0","0","0","25.71","36","24","0","12","17","2","","","","","","","","","","","","","","","47.0","39","2026-07-16","2026-04-27","Yes","No","47.0","44.4","2026-04-27","78","17","0","0","136","N","","",""
"2026-04-30","304113-88K","X002HFS92D","B07PDZ3TCS","VIVOSUN 8x8 Grow Tent, 96""x96""x80"" High Reflective Mylar with Observation Window and Floor Tray for Hydroponics Indoor Plant Growing for VS4000/VS4300","New","11","0","11","0","0","0","0","CAD","1","4","6","10","","449.99","0.0","404.99","0.0","NoRestockExcessActionRequired","2","0.0","0","0","7862.24","0.86","4.513983","cubic feet","Extra-large","49.653813","CA","gl_lawn_and_garden","1818","91","0","11","14","404.99","404.99","1754.96","2609.94","4229.9","3","7","1","0","0","35.47","0","0","0","0","1","1","","","","","","","","","","","","","","","109.8","6","2026-07-15","2026-04-27","Yes","No","94.8","109.8","2026-04-27","11","0","1","0","102","N","","",""
"2026-04-30","304113-33K","X001JE0WWN","B01DXYMKIO","VIVOSUN S336 3x3 Grow Tent, 36""x36""x72"" High Reflective Mylar with Observation Window and Floor Tray for Hydroponics Indoor Plant for VS2000/VS3000","New","3","0","5","0","0","0","0","CAD","7","21","37","69","","149.99","0.0","134.99","0.0","NoRestockExcessActionRequired","3","0.0","0","0","0.0","6.36","1.32204","cubic feet","Oversize","3.96612","CA","gl_lawn_and_garden","1818","44","0","21","21","134.99","959.93","3059.79","5399.63","9734.31","5","0","0","0","0","0.72","110","75","0","35","2","1","","","","","","","","","","","","","","","30.0","48","2026-05-29","2026-04-27","Yes","No","30.0","15.8","2026-04-27","113","0","2","0","162","N","","",""
"2026-04-30","VSV-AZG8-CA","X004AB1L0J","B0C6SDK8WD","VIVOSUN AeroZesh G8 8-inch 807 CFM Inline Duct Fan with E12 Speed Controller, Entirely Programmable PWM-Controlled EC Fan for Grow Tent Ventilation","New","48","0","0","48","0","0","0","CAD","3","4","19","34","","179.99","0.0","179.99","0.0","NoExcessInventory","48","0.0","0","0","0.0","0.67","1.202426","cubic feet","Oversize","57.716448","CA","gl_lawn_and_garden","29549","105","0","48","18","179.99","539.97","719.96","3419.81","5975.66","0","0","0","0","0","74.25","0","0","0","0","0","0","47","38.41","0","0.0","0","0.0","0","0.0","0","0.0","0","0.0","0","0.0","767.5","33","2026-07-29","2026-04-27","Yes","No","767.5","167.7","2026-04-27","48","0","0","0","105","N","","",""
"2026-04-30","VSV-AZT6K","X003UH4SSL","B0BMV1W52R","VIVOSUN AeroZesh T6 6-inch 408 CFM Inline Duct Fan, Entirely Programmable PWM-Controlled EC Fan for Grow Tent Ventilation","New","18","0","26","0","0","0","0","CAD","0","4","5","12","","149.99","0.0","149.99","0.0","NoExcessInventory","26","0.0","0","0","0.0","1.02","0.742203","cubic feet","Oversize","13.359654","CA","gl_kitchen","34022","171","0","18","19","149.99","0.0","599.96","749.95","1799.28","20","5","1","0","0","12.99","0","0","0","0","8","1","","","","","","","","","","","","","","","103.0","12","2026-10-03","2026-04-27","Yes","No","103.0","48.5","2026-04-27","26","8","0","0","171","N","","",""
"2026-04-30","332823-100K","X002JO972X","B086V9MW2Q","VIVOSUN 328 Feet (100m) PE-Coated Twist Ties, Garden Plant Ties with Cutter for Gardening, Outdoor Garden Twine Reuseable for Climbing Supporting Plants Tomatoes, Office Home Organization (Green)","New","76","0","1","78","0","0","0","CAD","4","15","25","32","","15.99","0.0","15.99","0.0","NoRestockExcessActionRequired","24","14.22","36","0","130.17","0.35","0.043903","cubic feet","Standard","3.336628","CA","gl_home_improvement","11137","366","196","45","69","15.99","61.56","226.25","378.95","484.88","1","0","0","0","0","8.68","96","0","48","48","49","0","25","0.75","0","0.0","0","0.0","0","0.0","0","0.0","0","0.0","0","0.0","290.9","0","","2026-04-27","Yes","No","218.8","290.9","2026-04-27","220","48","0","1","366","N","","",""
"2026-04-30","306101W-4K","X001KCU7VP","B01M7S46YZ","VIVOSUN D4 4 Inch 195 CFM Inline Duct Ventilation Fan HVAC Vent Blower for Hydroponics Grow Tent","New","331","0","223","0","0","0","0","CAD","43","232","483","676","","41.99","0.0","41.99","0.0","NoRestockExcessActionRequired","788","0.0","0","0","0.0","1.85","0.248392","cubic feet","Standard","82.217752","CA","gl_kitchen","5501","117","0","18","20","41.99","1798.07","9529.82","19551.35","27359.02","25","198","0","0","0","177.2","727","448","160","119","183","17","","","","","","","","","","","","","","","49.2","536","2026-08-11","2026-04-27","No","No","41.5","49.2","2026-04-27","1234","176","4","3","183","N","","",""
"2026-04-30","331101-4K","X0016A2N7H","B01C82SYZ0","VIVOSUN 4 Inch Inline Duct Fan 100 CFM, HVAC Exhaust Ventilation Fan with Low Noise for Basements, Bathrooms, Kitchens and Attics, Silver","New","0","0","44","0","0","0","0","CAD","30","70","187","253","","26.99","0.0","26.99","0.0","NoRestockExcessActionRequired","370","0.0","0","0","0.0","5.7","0.106927","cubic feet","Standard","0.0","CA","gl_home_improvement","5678","139","0","28","25","26.99","809.7","1889.3","5047.13","6828.47","44","0","0","0","0","36.37","492","54","318","120","41","3","","","","","","","","","","","","","","","4.8","341","2026-09-02","2026-04-27","Yes","No","4.8","3.2","2026-04-27","492","0","8","33","163","N","","",""
"2026-04-30","AP-40kit","X00497UXJT","B0D59VNTDN","VIVOSUN Air Pump Kit, with 40 W 1110 GPH Commercial Air Pump, 8-Way Splitter, 2 Pcs Air Stones, 25 ft Air Tubing, 2 Pcs Check Valves, for Aquarium, Fish Tank & Hydroponics","New","4","0","0","0","0","6","0","CAD","4","18","18","19","","92.71","0.0","71.99","0.0","CreateShippingPlan","4","0.0","0","0","0.0","1.72","0.245898","cubic feet","Standard","0.983592","CA","gl_pet_products","2474","4","0","0","2","71.99","370.84","1668.78","1668.78","1761.49","0","0","0","0","6","0.26","0","0","0","0","2","0","0","0.0","0","0.0","0","0.0","0","0.0","0","0.0","6","7.9","0","0.0","133.8","69","2026-04-30","2026-04-27","Yes","No","38.6","133.8","2026-04-27","4","0","0","2","6","N","","",""
"2026-04-30","LH-001-6K","X003ZEYI9D","B0C23Z53BP","VIVOSUN 6-Pair 1/8 Inch Adjustable Grow Light Hanger, Heavy Duty Rope Hanger with Reinforced Metal Gears, 8Ft. Long and 150 lbs Weight Capacity Rope for Grow Light, Inline Fan, Filters","New","0","0","39","0","0","0","0","CAD","21","21","98","167","","35.99","0.0","35.99","0.0","NoExcessInventory","85","0.0","0","0","0.0","4.28","0.101323","cubic feet","Standard","0.0","CA","gl_lawn_and_garden","18259","97","0","44","18","35.99","755.79","755.79","3527.02","6010.33","39","0","0","0","0","6.07","235","70","0","165","39","1","","","","","","","","","","","","","","","9.0","116","2026-07-21","2026-04-27","No","Yes","2.3","9.0","2026-04-27","235","0","0","39","161","N","","",""
"2026-04-30","LR-0003K","X003Y62Y6B","B0BLCWYXSF","VIVOSUN 30"" Lawn Leveling Rake, 30"" x 10"" x 78"" Heavy-Duty Stainless Steel Lawn Leveler with 7FT Adjuatble Long Handle for High Effect, Metal Levelawn for Smooth Soil, Rustproof Rakes for Garden Yard","New","35","0","36","0","0","0","0","CAD","1","2","2","3","","89.99","0.0","85.49","0.0","Create Outlet deal","0","68.39","2","0","8235.35","0.13","0.888889","cubic feet","Oversize","31.111115","CA","gl_lawn_and_garden","18635","366","0","70","151","89.99","85.49","170.98","170.98","260.97","0","23","13","0","0","22.6","0","0","0","0","1","0","","","","","","","","","","","","","","","758.0","0","","2026-04-27","Yes","No","581.0","758.0","2026-04-27","35","0","1","0","366","N","","",""
"2026-04-30","RP-002K","X0043RS1LR","B0C5MD1DW5","VIVOSUN Self-Watering Planters, 6-Pack 10.5 Inch Compact Rectangular Window Herb Planter Box with 10 PCS Plant Labels, Plant Container for Basil, Flowers, Succulents, Indoor & Outdoor","New","26","0","48","0","0","0","0","CAD","10","42","72","94","","49.99","0.0","44.99","0.0","NoExcessInventory","90","0.0","0","0","0.0","1.85","0.57997","cubic feet","Standard","15.07922","CA","gl_home","5681","67","0","10","14","44.99","469.9","1954.58","3374.28","4399.06","48","0","0","0","0","46.55","80","40","24","16","29","2","","","","","","","","","","","","","","","38.9","66","2026-06-22","2026-04-27","Yes","No","15.5","38.9","2026-04-27","130","24","4","1","110","N","","",""
"2026-04-30","311021-10x5K","X001LWGBN7","B01I1D9IF0","VIVOSUN 5-Pack 10 Gallon Grow Bags Heavy Duty 300G Thickened Nonwoven Plant Fabric Pots with Handles Tan","New","146","0","290","0","0","0","0","CAD","59","219","313","335","","25.99","0.0","25.99","0.0","NoRestockExcessActionRequired","387","0.0","0","0","0.0","1.73","0.297929","cubic feet","Standard","43.497634","CA","gl_home","15","141","0","5","11","25.99","1533.41","5607.62","7977.88","8549.66","178","112","0","0","0","111.58","160","32","48","80","127","1","","","","","","","","","","","","","","","49.6","30","2026-09-04","2026-04-27","No","No","34.4","49.6","2026-04-27","419","113","4","10","238","N","","",""
"2026-04-30","VSK-GIYE224-CA","X004T1IIUL","B08LGP2N34","VIVOSUN Grow Tent Kit, 2 × 2ft 1-Plant System, WiFi-Controlled Grow System with Full Spectrum LED Grow Light, Automatic Ventilation, GrowHub Outlet A22 with Temperature and Humidity Sensor","New","4","0","7","0","0","0","0","CAD","3","6","14","14","","349.0","0.0","349.0","0.0","NoRestockExcessActionRequired","5","0.0","0","0","45.83","2.95","3.693715","cubic feet","Oversize","14.77486","CA","gl_home","25120","29","0","10","14","349.0","1047.0","2094.0","4709.16","4709.16","7","0","0","0","0","16.57","12","12","0","0","3","0","","","","","","","","","","","","","","","33.9","11","2026-05-14","2026-04-27","Yes","No","21.0","33.9","2026-04-27","19","3","0","0","89","N","","",""
"2026-04-30","311001-2x10K","X003DPYMSL","B08HRS2TDC","VIVOSUN 10-Pack 2 Gallon Grow Bags Heavy Duty 300G Thickened Nonwoven Plant Fabric Pots with Handles","New","3","0","7","0","0","0","0","CAD","13","46","72","94","","25.99","0.0","25.99","0.0","NoExcessInventory","43","0.0","0","0","0.0","5.28","0.140873","cubic feet","Standard","0.422619","CA","gl_home","1086","38","0","6","10","25.99","337.87","1195.54","1871.28","2443.06","7","0","0","0","0","4.4","76","38","19","19","3","1","","","","","","","","","","","","","","","25.1","53","2026-05-25","2026-04-27","Yes","No","9.4","25.1","2026-04-27","81","2","0","1","87","N","","",""
"2026-04-30","304113-3018G","X003KYRGXX","B079DM1WCW","VIVOSUN 30""x18""x36"" Grow Tent, High Reflective Mylar with Observation Window and Floor Tray for Hydroponics Indoor Plant Growing for VS1000","","1","0","1","0","0","0","0","CAD","0","0","0","0","","0.0","0.0","89.09","0.0","GoToStranded","","","0","0","","1.2","0.998264","cubic feet","Oversize","0.998264","CA","gl_lawn_and_garden","1818","1","0","","","89.09","0.0","0.0","0.0","0.0","1","0","0","0","0","","0","0","0","0","0","0","","","","","","","","","","","","","","","","30","2026-04-29","","","","","","2026-04-27","1","0","0","0","1","N","","",""
"2026-04-30","VSE-ASH05K","X004EF3SIJ","B0DHGP2JQ8","VIVOSUN AeroStream H05 Intelligent Wi-Fi Humidifier, 1.32 Gal / 5 L Humidifier with Temp & Humidity Probe, Smart Remote Control, Designed for Growers","New","58","0","181","0","0","0","0","CAD","17","17","93","193","","89.99","0.0","89.99","0.0","NoRestockExcessActionRequired","203","0.0","0","0","0.0","3.58","0.60018","cubic feet","Standard","34.81044","CA","gl_kitchen","22218","147","0","46","13","89.99","1529.83","1529.83","8367.09","17365.1","181","0","0","0","0","111.75","139","138","0","1","147","2","","","","","","","","","","","","","","","16.8","117","2026-09-10","2026-04-27","Yes","No","7.5","16.8","2026-04-27","341","144","1","2","232","N","","",""
"2026-04-30","DT-001K","X002NTA8NL","B0887SFLMR","VIVOSUN 7 Day Programmable Timer Indoor Digital Electronic Timer with Dual Outlet, 20 On/Off Program Setting, and Countdown Setting","New","77","0","85","0","0","0","0","CAD","3","3","18","18","Low conversion","22.99","0.0","22.99","0.0","NoExcessInventory","78","0.0","0","0","0.0","0.71","0.018253","cubic feet","Standard","1.405481","CA","gl_home","54008","208","0","102","55","22.99","68.97","68.97","413.32","413.32","85","0","0","0","0","1.45","0","0","0","0","4","0","","","","","","","","","","","","","","","","24","2026-11-10","","","","","60.4","2026-04-27","78","1","2","1","214","N","","",""
"2026-04-30","304113-P336K","X003Y9B7EX","B0CGHJG44R","VIVOSUN P336 36""×36""×72"" PRO Grow Tent, with Thick 1 inch Poles, Strengthened High Reflective Mylar Oxford Fabric, Extra Hanging Bars & High CFM Kit for Hydroponics Indoor Plant for AeroLight A200SE","New","7","0","7","0","0","0","0","CAD","0","0","8","20","","179.99","0.0","179.99","0.0","NoRestockExcessActionRequired","9","0.0","0","0","0.0","4.44","2.07965","cubic feet","Oversize","14.55755","CA","gl_home","28600","196","0","","20","179.99","0.0","0.0","1367.92","3329.8","7","0","0","0","0","10.88","25","15","0","10","2","0","","","","","","","","","","","","","","","11.6","9","2026-10-28","2026-04-27","Yes","No","3.8","11.6","2026-04-27","34","2","0","0","318","N","","",""
"2026-04-30","304113-P105K","X003Y99F3D","B0CGHJMJGT","VIVOSUN P105 120""×60""×80"" PRO Grow Tent, with Thick 1 inch Poles, Strengthened High Reflective Mylar Oxford Fabric, Extra Hanging Bars & High CFM Kit for Hydroponics Indoor Plant for VSFD6500×2","New","4","0","4","0","0","0","0","CAD","1","4","8","8","","449.99","0.0","449.99","0.0","Create Outlet deal","0","359.99","2","0","5606.92","1.78","5.74783","cubic feet","Extra-large","22.99132","CA","gl_home","28600","62","0","4","6","449.99","449.99","1799.96","3599.92","3599.92","4","0","0","0","0","16.7","0","0","0","0","0","0","","","","","","","","","","","","","","","66.9","5","2026-06-16","2026-04-27","Yes","No","35.0","66.9","2026-04-27","4","0","0","0","62","N","","",""
"2026-04-30","PS-007K","X004DNUQT1","B0CQZC7YL3","VIVOSUN 8.5"" Bypass Pruning Shears for Gardening, Heavy-Duty Garden Scissors, Ultra Sharp Pruners with 3/4 in. Cut Capacity SK5 Blades, Thick Cushion-Covered Handle and Safety Lock","New","31","0","33","0","0","0","0","CAD","1","3","6","7","Low traffic","14.99","0.0","14.99","0.0","Create Outlet deal","12","11.99","2","0","186.32","0.41","0.028274","cubic feet","Standard","0.876494","CA","gl_home_improvement","29066","252","0","74","104","14.24","14.24","44.22","86.94","101.93","20","0","13","0","0","1.59","25","25","0","0","0","0","","","","","","","","","","","","","","","394.0","5","2026-12-23","2026-04-27","Yes","No","394.0","304.0","2026-04-27","56","0","0","0","366","N","","",""
"2026-04-30","WB-4x250K","X002HBPE0H","B07S5LNR6V","VIVOSUN 5oz/sq.yd Barrier Landscape Fabric 4 x 250 Ft., Commercial Ground Cover Fabric Block, Gardening Fabric Mat, Black Heavy Duty Garden Cloth Felt for Flower Bed, Patio, Orchard, and Playground","New","151","0","155","0","0","0","0","CAD","13","27","29","31","","149.99","0.0","84.99","0.0","NoRestockExcessActionRequired","8","92.61","24","0","2024.2","0.49","2.265502","cubic feet","Oversize","342.090802","CA","gl_home","5549","366","0","27","78","84.99","1124.87","2460.45","2645.67","2925.65","150","5","0","0","0","312.01","35","0","0","35","3","0","","","","","","","","","","","","","","","172.0","0","","2026-04-27","Yes","No","96.4","172.0","2026-04-27","186","0","1","2","366","N","","",""
"2026-04-30","VSVC-AZG8-CA","X004AB1OBP","B0CBRQW2KW","VIVOSUN Smart Air Filtration G8 Kit 8"", AeroZesh G8 Inline Duct Fan with E12 Speed Controller, Carbon Filter & 25' Ducting, Cooling & Ventilation System for Grow Tents, Indoor Gardening, Hydroponics","New","8","0","0","8","0","0","0","CAD","0","2","2","4","","299.99","0.0","299.99","0.0","Create Outlet deal","0","239.99","2","0","9670.26","0.52","4.658565","cubic feet","Oversize","37.26852","CA","gl_home","6224","98","8","16","26","299.99","0.0","599.98","599.98","1199.96","0","0","0","0","0","30.23","0","0","0","0","0","0","1","3.17","0","0.0","0","0.0","0","0.0","0","0.0","0","0.0","0","0.0","235.8","5","2026-07-22","2026-04-27","Yes","No","138.5","235.8","2026-04-27","8","0","0","0","98","N","","",""
"2026-04-30","330705-05X2K","X003RRA1AN","B0BVMBGMLK","VIVOSUN 5 x 30 ft. Plant Trellis Netting, Heavy-Duty Polyester Grow Net, Garden Trellis Netting with Square Mesh for Climbing Plants, Vegetables, Fruits, and Flowers, 2-Pack","New","179","0","160","66","0","0","0","CAD","17","36","56","64","Low traffic","23.99","0.0","19.79","0.0","NoRestockExcessActionRequired","96","0.0","0","0","751.52","0.38","0.11985","cubic feet","Standard","21.45315","CA","gl_home","8477","329","123","19","36","19.79","336.43","750.24","1185.24","1377.16","80","80","0","0","0","31.64","0","0","0","0","40","0","26","2.12","0","0.0","0","0.0","0","0.0","0","0.0","0","0.0","0","0.0","229.7","0","","2026-04-27","No","No","177.1","229.7","2026-04-27","219","40","0","0","329","N","","",""
"2026-04-30","WB-3x50K","X002HBN5XZ","B07S72KGJ7","VIVOSUN 5oz/sq.yd Barrier Landscape Fabric 3 x 50 Ft., Commercial Ground Cover Fabric Block, Gardening Fabric Mat, Black Heavy Duty Garden Cloth Felt for Flower Bed, Patio, Orchard, and Playground","New","52","0","60","0","7","5","16","CAD","8","15","17","20","","44.99","0.0","34.99","0.0","NoRestockExcessActionRequired","118","0.0","0","0","61.71","0.34","0.711944","cubic feet","Standard","37.021088","CA","gl_home","5549","162","79","56","137","34.99","279.92","553.6","643.58","761.0","60","0","0","9","3","315.54","160","50","50","60","35","0","0","0.0","1","0.97","5","7.26","2","6.29","1","3.47","2","7.62","17","113.1","347.2","18","2026-09-24","2026-04-27","Yes","No","222.4","347.2","2026-04-27","247","35","0","0","366","N","","",""
"2026-04-30","SST-1-0001K","X003XUW3S7","B0BTD741R3","VIVOSUN 1-Pack 40-Cell Seed Starter Trays with 1 Set of LED Lights and 10""x20.75"" Seedling Heat Mat, 3.6"" Higher Cover, Adjustable Vents, Drainage Holes, Green Propagation Tray for Planting Seeds","New","20","0","33","0","0","0","0","CAD","0","34","123","186","","62.99","0.0","62.99","0.0","NoRestockExcessActionRequired","132","0.0","0","0","0.0","2.91","0.487506","cubic feet","Standard","9.75012","CA","gl_home","41996","208","0","16","9","62.99","0.0","2138.16","7261.27","10794.64","32","1","0","0","0","58.7","120","16","56","48","41","2","","","","","","","","","","","","","","","27.5","60","2026-11-10","2026-04-27","Yes","No","13.6","27.5","2026-04-27","180","40","1","0","225","N","","",""
"2026-04-30","VSEX-HID1-STK","X004CHXAD7","B0DCBLL6KN","VIVOSUN Herbal Decarboxylation and Infusion Machine, Botanical Extractor and Infuser for Making Butter, Oil, and Tinctures, Includes Recipes and Complete Accessories","New","39","0","36","0","0","0","0","CAD","7","27","47","73","","188.23","0.0","169.41","0.0","NoRestockExcessActionRequired","39","0.0","0","0","0.0","2.6","0.779921","cubic feet","Oversize","30.416919","CA","gl_kitchen","45250","51","0","25","31","188.23","1185.87","4592.89","8357.49","13251.47","36","0","0","0","0","16.64","136","136","0","0","1","1","","","","","","","","","","","","","","","28.0","42","2026-06-05","2026-04-27","Yes","No","28.0","25.4","2026-04-27","175","0","1","0","232","N","","",""
"2026-04-30","304113-55K","X001JDVOGH","B01DXYM98K","VIVOSUN 5x5 Grow Tent, 60""x60""x80"" High Reflective Mylar with Observation Window and Floor Tray for Hydroponics Indoor Plant Growing for VS4000/VS4300/VS6450","New","12","0","14","0","0","0","0","CAD","8","13","23","38","","259.99","0.0","198.89","0.0","NoRestockExcessActionRequired","12","0.0","0","0","0.0","4.48","2.758782","cubic feet","Extra-large","33.105384","CA","gl_lawn_and_garden","1818","24","0","22","24","198.89","1713.32","2952.17","5185.47","8575.72","14","0","0","0","0","18.11","61","61","0","0","1","3","","","","","","","","","","","","","","","17.3","27","2026-05-09","2026-04-27","Yes","No","17.3","16.4","2026-04-27","73","0","0","1","185","N","","",""
"2026-04-30","PH002K","X002JPFWKN","B08227NGWJ","VIVOSUN 4-in-1 Digital pH Meter with ATC, pH/TDS/EC/Temp Function, ±0.1 pH Accuracy, 0-14.0 pH Measurement Range","New","3","0","7","0","0","0","0","CAD","7","48","70","96","","32.99","0.0","26.16","0.0","CreateShippingPlan","55","0.0","0","0","0.0","2.66","0.030018","cubic feet","Standard","0.090054","CA","gl_kitchen","","78","0","0","0","32.99","189.95","1292.44","1894.56","2643.97","0","7","0","0","0","1.4","0","0","0","0","54","1","","","","","","","","","","","","","","","41.1","42","2026-07-02","2026-04-27","Yes","No","19.3","41.1","2026-04-27","55","52","1","1","82","N","","",""
"2026-04-30","332023K","X002HNPU9F","B07XZ915VW","VIVOSUN Slide-Out Jewelry Loupe Magnifier 30X 60X 90X LED Lighted Eye Loupe with UV Light for Jewelry, Diamonds, Gems, Coins, Stamps, Rocks, Black","New","45","0","44","3","0","0","0","CAD","5","21","48","79","","21.99","0.0","21.99","0.0","NoRestockExcessActionRequired","46","0.0","0","0","0.0","1.45","0.003738","cubic feet","Standard","0.16821","CA","gl_home","27056","90","0","37","32","21.99","105.55","437.89","979.02","1554.71","40","1","3","0","0","0.13","150","130","20","0","1","0","","","","","","","","","","","","","","","54.3","71","2026-07-14","2026-04-27","Yes","No","42.3","54.3","2026-04-27","196","1","0","0","222","N","","",""
"2026-04-30","HGK3-90K","X002KJFY1Z","B081R8VNGY","VIVOSUN Hydroponics Growing System 90 Plant Sites, 3 Layers 10 Food-Grade PVC-U Pipes Hydroponic Gardening System Grow Kit with Water Pump, Pump Timer, Nest Basket and Sponge for Leafy Vegetables","New","1","0","1","0","0","0","0","CAD","1","6","10","12","","129.99","0.0","129.99","0.0","CreateShippingPlan","0","0.0","0","0","515.88","13.0","2.002342","cubic feet","Oversize","2.002342","CA","gl_lawn_and_garden","20210","4","0","4","6","129.99","129.99","761.09","1281.05","1541.03","1","0","0","0","0","1.45","5","5","0","0","0","0","","","","","","","","","","","","","","","3.4","12","2026-04-30","2026-04-27","Yes","No","3.4","3.1","2026-04-27","6","0","0","0","27","N","","",""
"2026-04-30","330120x2K","X002AMSP1X","B07TDJ6H7Z","VIVOSUN 2-Pack LCD Digital Aquarium Thermometer Fish Tank Water Terrarium Temperature with Suction Cup for Turtle","New","112","0","51","51","11","0","0","CAD","1","11","28","44","","15.99","0.0","14.39","0.0","NoRestockExcessActionRequired","112","0.0","0","0","0.0","0.45","0.028517","cubic feet","Standard","3.193904","CA","gl_biss","8565","338","0","40","33","15.99","14.39","169.49","436.52","692.36","51","0","0","11","0","4.11","0","0","0","0","1","2","0","0.0","0","0.0","11","0.64","0","0.0","0","0.0","0","0.0","0","0.0","197.3","0","","2026-04-27","Yes","No","197.3","176.6","2026-04-27","112","0","1","0","341","N","","",""
"2026-04-30","HR-0002K","X003Y5P7G1","B0BWDS5B79","VIVOSUN Outdoor Handrail, 4 Step Stair Handrail, 54"" x 36"" Fits 1 to 4 Steps, Wrought Mattle Iron Handrail for Concrete Steps, Porch Steps, One-step Assembly, Black","New","119","0","32","87","0","0","0","CAD","1","3","4","13","","119.99","0.0","113.99","0.0","NoRestockExcessActionRequired","11","0.0","0","0","9292.98","0.12","1.333199","cubic feet","Oversize","158.650681","CA","gl_home_improvement","33323","307","108","192","144","113.99","113.99","341.97","455.96","1355.87","30","1","1","0","0","137.67","25","25","0","0","0","1","","","","","","","","","","","","","","","1400.5","0","","2026-04-27","Yes","No","1400.5","707.3","2026-04-27","144","0","0","0","366","N","","",""
"2026-04-30","OUL-001-6K","X004AUSWD9","B0CGLC75CS","VIVOSUN Outdoor LED Grow Lights, Waterproof String Grow Light, Full Spectrum Plant Growing Lights with 22Ft Adjustable Cord for Seedling, Veg, Flower in Greenhouse, Garden, Backyard, Farm (6-Light)","New","0","0","18","0","0","0","0","CAD","10","15","47","72","","74.99","0.0","74.99","0.0","CreateShippingPlan","7","0.0","0","0","0.0","2.9","0.381011","cubic feet","Standard","0.0","CA","gl_home","20594","11","0","0","0","74.99","749.9","1049.85","3194.53","4908.03","18","0","0","0","0","1.3","0","0","0","0","9","1","","","","","","","","","","","","","","","26.3","38","2026-04-30","2026-04-27","Yes","No","4.2","26.3","2026-04-27","7","7","0","2","14","N","","",""
"2026-04-30","MGN-MP48K","X004HYAJ93","B0DQ81NLQL","Maygrove 3-Pack 48” Bendable Moss Pole Monstera Plant Support for Climbing Indoors Plants, Coir Moss Poles Moss Sticks Plant Pole DIY, Plant Support Stake for Potted Plants","New","0","0","18","0","0","0","0","CAD","12","12","13","60","Low conversion","29.99","0.0","29.99","0.0","NoRestockExcessActionRequired","59","0.0","0","0","0.0","3.03","0.149035","cubic feet","Standard","0.0","CA","gl_lawn_and_garden","19165","126","0","33","21","29.99","359.88","359.88","389.87","1709.4","18","0","0","0","0","5.98","100","40","60","0","6","0","","","","","","","","","","","","","","","","38","2026-08-20","","","","","10.6","2026-04-27","100","0","2","4","212","N","","",""
"2026-04-30","306143-0616K","X0016W7BEP","B01731MLFK","VIVOSUN 6 Inch Air Carbon Filter Smelliness Control with Australia Virgin Charcoal for Inline Duct Fan, Grow Tent, Pre-Filter Included, Reversible Flange 6""x 16""","New","20","0","14","6","0","0","0","CAD","5","9","18","30","","97.99","0.0","97.99","0.0","NoRestockExcessActionRequired","31","0.0","0","0","0.0","1.03","1.00513","cubic feet","Oversize","20.1026","CA","gl_major_appliances","13278","45","0","18","18","97.99","489.45","881.41","1763.32","2938.2","10","0","4","0","0","19.03","22","22","0","0","0","1","","","","","","","","","","","","","","","101.4","24","2026-05-30","2026-04-27","Yes","No","101.4","80.2","2026-04-27","42","0","0","0","104","N","","",""
"2026-04-30","VSV-AZT8E42APRK","X004R42SXD","B0FGN1G489","VIVOSUN AeroZesh T8 8-Inch 832 CFM Inline Duct Fan with GrowHub Controller E42A+, Programmable PWM-Controlled EC Fan Ventilation Exhaust Fan for Grow Tent, Low Noise","New","48","0","12","36","0","0","0","CAD","0","3","3","4","","229.99","0.0","229.99","0.0","Create Outlet deal","0","183.99","2","0","15047.01","0.1","0.891204","cubic feet","Oversize","42.777792","CA","gl_kitchen","34022","366","48","64","156","229.99","0.0","689.97","689.97","939.96","12","0","0","0","0","31.08","0","0","0","0","0","0","","","","","","","","","","","","","","","925.3","0","","2026-04-27","Yes","No","452.3","925.3","2026-04-27","48","0","0","0","366","N","","",""
"2026-04-30","VSK-GIYP336-CA","X004T1LJN9","B0CMQ6S9WZ","VIVOSUN GIY Plus Smart Grow Tent Kit, 3x3ft 3-Plant System, WiFi-Integrated Automatic Grow System with 2000D Mylar Grow Tent, Full-Spectrum Programmable Grow Light, Enhanced Ventilation & Circulation","New","2","0","4","0","0","0","0","CAD","0","1","8","13","","699.99","0.0","542.69","0.0","NoRestockExcessActionRequired","0","0.0","0","0","584.23","2.67","5.80042","cubic feet","Extra-large","11.60084","CA","gl_home","24132","31","0","68","17","542.69","0.0","699.99","4596.02","7626.97","4","0","0","0","0","25.68","15","10","5","0","0","0","","","","","","","","","","","","","","","37.5","12","2026-05-16","2026-04-27","Yes","No","18.7","37.5","2026-04-27","17","0","0","0","100","N","","",""
"2026-04-30","RGB-0001K","X0032SB1PL","B09C1BZD6F","VIVOSUN Elevated Wooden Raised Garden Bed, 48 x 24 x 30 Inches, Outdoor Wood Planter Box w Bed Liner and Gloves for Garden, Patio, Balcony, Backyard and Outdoors, 220-Pound Capacity","New","185","0","184","3","0","0","0","CAD","4","17","27","29","","129.99","0.0","116.99","0.0","Edit listing","0","0.0","0","0","13740.16","0.25","1.666499","cubic feet","Oversize","308.302315","CA","gl_home","5762","366","186","43","82","116.99","467.96","2047.33","3288.73","3542.21","84","100","0","0","0","210.95","0","0","0","0","21","0","","","","","","","","","","","","","","","392.6","0","","2026-04-27","Yes","No","377.5","392.6","2026-04-27","186","1","20","0","366","N","","",""
"2026-04-30","RC-0002-4K","X0043SI9CH","B0BW95Z36Q","VIVOSUN 1"" Rockwool Cubes, 200 Plugs Stonewool Starter Grow Cubes for Cuttings, Cloning, Plant Propagation, Seed Starting, Hydroponic Grow Media for Vigorous Plant Growth","New","69","0","1","1","1","67","0","CAD","1","7","19","23","Low traffic","26.99","0.0","22.94","0.0","NoRestockExcessActionRequired","13","0.0","0","0","1455.16","0.28","0.161522","cubic feet","Standard","11.145018","CA","gl_home","83192","366","56","48","47","26.99","22.94","184.88","495.26","600.52","1","0","0","51","17","60.36","15","15","0","0","0","0","0","0.0","1","0.22","0","0.0","20","14.27","30","23.6","17","14.7","0","0.0","319.4","0","","2026-04-27","Yes","No","240.1","319.4","2026-04-27","84","0","0","0","366","N","","",""
"2026-04-30","VSEX-CGM-BLK","X004PSJXAH","B0FCL6RQXS","VIVOSUN Gummy Maker Machine, Hands-Free Candy Maker, Oil Infused Edible Mixer with Dual Rotor, Food-Grade Stainless Steel Pot and Silicone Molds, for Gummies Bear, DIY Candies, Party Treats","New","7","0","12","0","0","0","0","CAD","0","3","12","12","Low traffic","84.99","0.0","84.99","0.0","Create Outlet deal","11","67.99","2","0","193.22","3.73","0.289489","cubic feet","Standard","2.026423","CA","gl_kitchen","247743","275","0","73","59","84.99","0.0","254.97","1019.88","1019.88","12","0","0","0","0","8.87","48","12","12","24","5","0","","","","","","","","","","","","","","","18.8","6","2027-01-16","2026-04-27","Yes","No","17.3","18.8","2026-04-27","55","0","0","5","366","N","","",""
"2026-04-30","330120x4K","X002AOLNXD","B07TBDJV31","VIVOSUN 4-Pack LCD Digital Aquarium Thermometer Fish Tank Water Terrarium Temperature with Suction Cup for Turtle","New","0","0","25","0","0","0","0","CAD","6","32","64","121","","19.99","0.0","19.99","0.0","CreateShippingPlan","96","0.0","0","0","0.0","3.34","0.048964","cubic feet","Standard","0.0","CA","gl_biss","8565","89","0","9","8","19.99","119.94","637.9","1276.08","2414.51","25","0","0","0","0","3.94","75","25","50","0","50","0","","","","","","","","","","","","","","","25.2","92","2026-07-14","2026-04-27","Yes","No","20.3","25.2","2026-04-27","121","46","0","4","116","N","","",""
"2026-04-30","311001-10x5K","X000WAEDUH","B00VWU30PO","VIVOSUN 5-Pack 10 Gallon Grow Bags Heavy Duty 300G Thickened Nonwoven Plant Fabric Pots with Handles","New","404","0","491","0","0","0","0","CAD","181","633","941","1010","","25.99","0.0","25.99","0.0","NoExcessInventory","885","0.0","0","0","0.0","2.37","0.306213","cubic feet","Standard","123.710052","CA","gl_home","15","293","0","5","10","25.99","4704.19","16294.19","24010.51","25803.82","291","200","0","0","0","221.3","433","160","0","273","342","1","","","","","","","","","","","","","","","47.2","0","","2026-04-27","No","No","29.1","47.2","2026-04-27","1142","305","15","22","328","N","","",""
"2026-04-30","311001-30x10K","X003ASERIL","B097PJS964","VIVOSUN 10-Pack 30 Gallon Grow Bags Heavy Duty 300G Thickened Nonwoven Plant Fabric Pots with Handles","New","25","0","39","0","0","0","0","CAD","24","49","73","88","","65.99","0.0","65.99","0.0","NoExcessInventory","79","0.0","0","0","0.18","2.01","0.984931","cubic feet","Oversize","24.623275","CA","gl_home","1086","54","0","6","12","65.99","1582.77","3231.53","4814.3","5804.15","27","12","0","0","0","50.16","60","18","15","27","12","0","","","","","","","","","","","","","","","55.4","47","2026-06-09","2026-04-27","Yes","No","40.4","55.4","2026-04-27","97","12","0","0","72","N","","",""
"2026-04-30","VSV-WVK2K","X00440KG3T","B0CRDP18Q6","VIVOSUN Window Duct Kit, Portable AC Window Seal Kit with 5.9"" Diameter 59"" Length Hose, Fit with 4""/6"" Ducting for Sliding Window, Adjustable AC Vent Kit for Duct Fans, Air Conditioner, Dryer","New","24","0","28","119","0","0","0","CAD","16","51","88","106","","49.99","0.0","49.99","39.31","NoRestockExcessActionRequired","24","0.0","0","0","0.0","0.53","0.625767","cubic feet","Standard","15.018408","CA","gl_home_improvement","6401","13","0","6","10","49.99","759.84","2354.49","4109.12","4958.94","25","2","1","0","0","7.15","60","60","0","0","115","2","","","","","","","","","","","","","","","169.1","105","2026-04-30","2026-04-27","Yes","No","99.4","169.1","2026-04-27","84","0","111","4","152","N","","",""
"2026-04-30","311001-1x10K","X003DQEIJN","B08HRVR5TV","VIVOSUN 10-Pack 1 Gallon Grow Bags Heavy Duty 300G Thickened Nonwoven Plant Fabric Pots with Handles","New","14","0","22","0","0","0","0","CAD","18","56","104","129","","23.99","0.0","23.99","0.0","NoRestockExcessActionRequired","64","0.0","0","0","0.0","6.83","0.117086","cubic feet","Standard","1.639204","CA","gl_home","1086","44","0","8","11","23.99","431.82","1343.44","2494.96","3094.71","22","0","0","0","0","5.85","100","50","25","25","1","0","","","","","","","","","","","","","","","22.6","71","2026-05-30","2026-04-27","No","Yes","22.6","19.0","2026-04-27","114","0","1","0","93","N","","",""
"2026-04-30","332595K","X0043U4OJR","B0CQJDT91K","VIVOSUN 1800 GPH Submersible Water Pump with Barrier Bag, 100W Pond Pump with 14FT. Lift Height, Ultra Quiet Aquarium Pump for Pond, Waterfall, Fish Tank, Statuary, Hydroponic","New","2","0","4","1","6","0","0","CAD","14","38","45","47","","99.99","0.0","64.97","0.0","NoRestockExcessActionRequired","22","0.0","0","0","0.0","1.07","0.352467","cubic feet","Standard","0.704934","CA","gl_home_improvement","6415","25","0","4","10","64.97","944.6","2629.16","3280.09","3440.07","4","0","0","6","0","19.89","36","12","20","4","6","1","1","0.24","6","2.88","0","0.0","0","0.0","0","0.0","0","0.0","0","0.0","104.8","48","2026-05-10","2026-04-27","No","No","35.4","104.8","2026-04-27","38","0","3","3","46","N","","",""
"2026-04-30","308102K","X0028OK5M5","B018VI71GS","VIVOSUN Black and White Panda Film 10' x 25' 5.5 Mil Poly Film","New","26","0","0","28","0","0","0","CAD","1","4","10","16","","42.99","0.0","42.99","0.0","NoRestockExcessActionRequired","26","0.0","0","0","0.0","0.44","0.533958","cubic feet","Oversize","13.882908","CA","gl_home","11329","121","0","86","69","40.84","40.84","162.51","417.45","668.09","0","0","0","0","0","9.24","60","60","0","0","3","0","","","","","","","","","","","","","","","205.0","20","2026-08-14","2026-04-27","Yes","No","199.6","205.0","2026-04-27","86","0","3","0","366","N","","",""
"2026-04-30","HR-0000BK","X0041I53NR","B0CG1MWVFW","VIVOSUN Outdoor Handrail, 2 Step Stair Handrail, 26"" x 36"" Fits 1 to 2 Steps, Wrought Mattle Iron Stair Railing with Curved Ends and Balusters for Concrete Steps, Porch Steps, One-step Assembly, Black","New","91","0","39","60","15","0","0","CAD","2","3","4","5","","109.99","0.0","104.49","62.64","Create Outlet deal","1","87.99","2","0","6592.62","0.05","1.072653","cubic feet","Oversize","97.611423","CA","gl_home_improvement","25142","366","114","121","236","104.49","208.98","313.47","423.46","513.45","24","13","2","15","0","90.71","0","0","0","0","29","0","15","10.94","0","0.0","0","0.0","0","0.0","0","0.0","0","0.0","0","0.0","1693.4","0","","2026-04-27","Yes","No","744.3","1693.4","2026-04-27","115","24","5","0","366","N","","",""
"2026-04-30","311003-4J","X001375NH5","B01EWH83FU","VIVOSUN 6.5 Inch Gardening Scissors Hand Pruner Pruning Shear with Straight Stainless Steel Blades Orange 1-Pack","New","2","0","3","0","0","0","0","CAD","0","2","2","2","","12.99","0.0","9.59","0.0","NoRestockExcessActionRequired","","","0","0","","0.91","0.008469","cubic feet","Standard","0.016938","CA","gl_home_improvement","199","0","0","4","13","9.59","0.0","25.98","25.98","25.98","3","0","0","0","0","","0","0","0","0","1","0","","","","","","","","","","","","","","","20.5","1494","2026-04-29","2026-04-27","Yes","No","20.5","20.5","2026-04-27","2","0","1","0","0","N","","",""
"2026-04-30","VSC-GCC4K","X004S2Z7H3","B0D8PQQWM3","VIVOSUN GrowCam C4, 2K QHD WiFi Smart Camera for Grow Tent & VGrow Smart Grow Box, Timelapse, Night Vision, SD Card Storage, 2-Way Audio, App Control","New","0","0","73","0","0","0","0","CAD","12","37","75","148","","69.99","0.0","69.99","0.0","NoRestockExcessActionRequired","210","0.0","0","0","0.0","3.18","0.021577","cubic feet","Standard","0.0","CA","gl_home_improvement","5788","170","0","23","18","69.99","829.73","2534.33","5120.8","9966.92","73","0","0","0","0","4.39","216","72","144","0","73","3","","","","","","","","","","","","","","","40.7","72","2026-10-03","2026-04-27","Yes","No","40.7","25.6","2026-04-27","281","65","0","8","244","N","","",""
"2026-04-30","Spray-SX-CS8K","X00413DX6V","B0BYNCZJ63","VIVOSUN 2.1 Gal/8L Pump Sprayer, Garden Water Sprayer for Plants, Weeds & Lawn Care, with 3 Nozzles, 50'' Long Hose & Pressure Relief Valve","New","92","0","104","0","0","0","0","CAD","39","99","135","160","","58.99","0.0","53.09","0.0","NoRestockExcessActionRequired","92","0.0","0","0","0.0","2.56","0.688927","cubic feet","Oversize","63.381284","CA","gl_lawn_and_garden","254","63","0","11","23","53.09","2070.51","5332.61","7409.05","8883.8","104","0","0","0","0","34.55","192","78","0","114","3","1","","","","","","","","","","","","","","","33.3","132","2026-06-16","2026-04-27","Yes","No","32.7","33.3","2026-04-27","284","0","3","0","112","N","","",""
"2026-04-30","VSV-WVK4K","X004D5EDLL","B0DDKNBV3D","VIVOSUN Portable AC Sliding Door Vent Kit, 16.9""/21.2""-88.6"" Length Adjustable, Fits 5.1” & 5.9” Exhaust Hose for Sliding Doors or Windows","New","81","0","25","66","0","0","0","CAD","7","21","23","24","","49.99","0.0","42.49","0.0","NoRestockExcessActionRequired","10","39.7","43","0","3841.52","0.25","0.31635","cubic feet","Standard","25.62435","CA","gl_home_improvement","30786","225","79","15","43","49.99","297.43","904.79","1004.77","1054.76","8","17","0","0","0","33.37","0","0","0","0","9","0","18","3.87","0","0.0","0","0.0","0","0.0","0","0.0","0","0.0","0","0.0","437.6","5","2026-11-30","2026-04-27","No","No","175.8","437.6","2026-04-27","89","8","0","1","239","N","","",""
"2026-04-30","VSVC-AZT4E42APRK","X004R497JL","B0CBPHLMKY","VIVOSUN Smart Air Filtration PRO T4 Kit 4"", AeroZesh T4 Inline Duct Fan w/GrowHub E42A+ Temp. Humidity WiFi-Controller, Carbon Filter & Ducting, Cooling & Ventilation System for Grow Tent, Hydroponics","New","3","0","5","0","0","0","0","CAD","7","26","36","51","","229.99","0.0","229.99","0.0","GoToRestock","3","0.0","0","0","0.0","2.85","1.615185","cubic feet","Oversize","4.845555","CA","gl_lawn_and_garden","81902","4","0","4","7","229.99","1609.93","5979.74","8279.64","11729.49","5","0","0","0","0","0.88","26","26","0","0","2","2","","","","","","","","","","","","","","","34.1","32","2026-04-30","2026-04-27","Yes","No","13.4","34.1","2026-04-27","29","0","1","1","58","N","","",""
"2026-04-30","PB-10K","X002P1TVA3","B08KQ4BY9Y","VIVOSUN 5-Pack 10 Gallon Potato Grow Bags, Fabric Pots with Handle and Roll-up Window, Green","New","0","0","1","0","0","0","0","CAD","14","18","66","84","","35.99","0.0","35.99","0.0","NoExcessInventory","14","0.0","0","0","0.0","3.33","0.285488","cubic feet","Standard","0.0","CA","gl_home","7604","63","0","16","11","35.99","503.86","647.82","2365.34","3013.16","1","0","0","0","0","2.44","75","15","15","45","1","0","","","","","","","","","","","","","","","31.6","36","2026-06-17","2026-04-27","Yes","No","2.1","31.6","2026-04-27","75","0","0","1","85","N","","",""
"2026-04-30","330120x1J","X0027WI6H9","B07T887H59","VIVOSUN 1-Pack LCD Digital Aquarium Thermometer Fish Tank Water Terrarium Temperature with Suction Cup for Turtle","New","9","0","9","0","0","0","0","CAD","0","0","0","0","Low conversion","12.98","0.0","11.69","0.0","Lower price","","","0","0","","0.55","0.009719","cubic feet","Standard","0.087471","CA","gl_biss","8565","27","0","","","12.98","0.0","0.0","0.0","0.0","9","0","0","0","0","","0","0","0","0","0","0","","","","","","","","","","","","","","","","24","2026-05-12","","","","","","2026-04-27","9","0","0","0","27","N","","",""
"2026-04-30","332596K","X0043U4LEP","B0CQJG8YCH","VIVOSUN 2700 GPH Submersible Water Pump with Barrier Bag, 120W Pond Pump with 15FT. Lift Height, Ultra Quiet Aquarium Pump for Pond, Waterfall, Fish Tank, Statuary, Hydroponic","New","62","0","60","7","0","0","0","CAD","7","15","18","24","","104.99","0.0","94.49","0.0","NoRestockExcessActionRequired","2","77.83","16","0","1989.85","0.58","0.360776","cubic feet","Standard","22.368112","CA","gl_home_improvement","6415","366","136","30","61","94.49","661.43","1406.85","1690.32","2236.26","40","20","0","0","0","40.59","52","4","8","40","28","0","","","","","","","","","","","","","","","154.1","0","","2026-04-27","Yes","No","91.2","154.1","2026-04-27","142","28","0","0","366","N","","",""
"2026-04-30","306104-416K","X003VVNEHR","B0875SPZT4","VIVOSUN 4 Inch 16 Feet Non-Insulated Flex Air Aluminum Ducting for HVAC Ventilation with 2 Stainless Steel Clamps","New","58","0","44","0","0","0","0","CAD","14","58","135","157","","19.99","0.0","19.99","0.0","NoExcessInventory","142","0.0","0","0","0.0","6.18","0.14783","cubic feet","Standard","8.57414","CA","gl_home_improvement","1475","80","0","12","15","19.99","279.86","1132.42","2604.15","3043.93","44","0","0","0","0","18.74","125","70","45","10","30","7","","","","","","","","","","","","","","","11.5","104","2026-07-05","2026-04-27","Yes","No","11.2","11.5","2026-04-27","213","30","0","0","127","N","","",""
"2026-04-30","PL-0001K","X003RS3C9J","B0BB799H1L","VIVOSUN 7 x 10 Feet Pond Liner, 14.5 Mil Durable LLDPE Pond Liners for Koi Ponds, Aquaculture and Water Gardens, Black","New","209","0","187","0","0","0","0","CAD","40","97","120","127","","39.99","0.0","35.99","0.0","NoRestockExcessActionRequired","7","0.0","0","0","557.58","1.16","0.24923","cubic feet","Standard","52.08907","CA","gl_lawn_and_garden","","333","0","8","22","35.99","1439.6","3621.03","4500.8","4760.73","148","39","0","0","0","49.67","8","0","0","8","5","1","","","","","","","","","","","","","","","99.7","0","","2026-04-27","No","No","61.1","99.7","2026-04-27","217","0","3","2","338","N","","",""
"2026-04-30","332967K","X0026R0BV9","B07L4FWW1F","VIVOSUN 6 Inch 100-Pack Garden Stakes, Galvanized Steel Landscape Stapes 11 Gauge U-Shaped Pins for Weed Barrier Fabric, Ground Cover, Soaker Hose, Irrigation Tubing, Holding Fence","New","169","0","286","0","0","0","0","CAD","18","38","45","45","","22.99","0.0","22.99","0.0","Create Outlet deal","167","18.39","2","0","136.91","0.52","0.045146","cubic feet","Standard","7.629674","CA","gl_lawn_and_garden","4580","366","0","38","106","22.99","401.82","810.62","971.55","971.55","270","16","0","0","0","18.24","200","0","120","80","115","0","","","","","","","","","","","","","","","118.0","0","","2026-04-27","No","No","94.4","118.0","2026-04-27","479","110","1","4","366","N","","",""
"2026-04-30","306143-0616","X000VV26DN","B01731MLFK","VIVOSUN 6 Inch Air Carbon Filter Smelliness Control with Australia Virgin Charcoal for Inline Duct Fan, Grow Tent, Pre-Filter Included, Reversible Flange 6""x 16""","New","1","0","0","1","0","0","0","CAD","","","","","Low conversion","134.93","0.0","97.99","0.0","Lower price","","","0","0","","1.03","1.034444","cubic feet","Oversize","1.034444","CA","gl_major_appliances","13278","1","0","","","97.99","","","","","0","0","0","0","0","","0","0","0","0","0","0","","","","","","","","","","","","","","","","26","2026-04-29","","","","","","2026-04-27","1","0","0","0","1","N","","",""
"2026-04-30","330103K","X0016X79E1","B01EMXI6VA","VIVOSUN Durable Waterproof Seedling Heat Mat 48"" x 20.75"" UL & MET-Certified Warm Hydroponic Heating Pad for Germination, Indoor Gardening, Greenhouse","","0","0","6","0","0","0","0","CAD","8","155","600","897","","0.0","0.0","0.0","0.0","CreateShippingPlan","","","0","0","","5.37","0.247994","cubic feet","Oversize","0.0","CA","gl_lawn_and_garden","144","110","0","4","2","47.99","383.92","7145.65","27435.6","40683.63","6","0","0","0","0","","168","60","0","108","7","4","","","","","","","","","","","","","","","16.4","50","2026-08-03","2026-04-27","Yes","No","5.2","16.4","2026-04-27","168","0","1","6","190","N","","",""
"2026-04-30","CBIN-H220K","X003RDIP3H","B0BML5MRRN","VIVOSUN 220 Gallon Outdoor Compost Bin, Expandable Composter, Easy to Setup & Large Capacity for Backyard, Lawn (Black with Gloves)","New","12","0","18","0","0","0","0","CAD","11","23","60","68","","59.99","0.0","34.1","0.0","CreateShippingPlan","12","0.0","0","0","0.0","1.81","0.520884","cubic feet","Oversize","6.250608","CA","gl_lawn_and_garden","6853","10","0","5","6","34.1","400.99","980.97","2291.75","2625.09","1","17","0","0","0","1.5","20","20","0","0","5","2","","","","","","","","","","","","","","","73.1","62","2026-04-30","2026-04-27","Yes","No","59.2","73.1","2026-04-27","32","0","3","2","34","N","","",""
"2026-04-30","L000001-50K","X002AUPCIT","B01N7P96NN","VIVOSUN 6 Mil Mylar Film Roll 4 FT X 50 FT Diamond Film Foil Roll Highly Reflective Grow Room (50 FT)","New","38","0","16","16","0","0","0","CAD","3","9","16","18","","75.99","0.0","75.99","0.0","NoRestockExcessActionRequired","9","61.13","17","0","1124.2","0.52","0.35184","cubic feet","Oversize","13.36992","CA","gl_lawn_and_garden","21813","316","41","28","46","68.58","205.74","631.07","1124.6","1268.98","1","15","0","0","0","9.18","27","15","0","12","0","1","","","","","","","","","","","","","","","198.1","0","","2026-04-27","Yes","No","102.3","198.1","2026-04-27","65","0","0","0","366","N","","",""
"2026-04-30","305140-PENK","X004CYKMQX","B0CGZYKSGK","VIVOSUN Digital pH and TDS Meter Kits, 0.01pH High Accuracy Pen Type pH Meter ± 2% Readout Accuracy 3-in-1 TDS EC Temperature Meter for Hydroponics, Pool and Aquarium, Black White, UL Certified","New","0","0","9","0","0","0","0","CAD","37","81","122","128","","25.99","0.0","25.99","0.0","NoRestockExcessActionRequired","92","0.0","0","0","0.0","19.85","0.021012","cubic feet","Standard","0.0","CA","gl_kitchen","2033","35","0","4","9","25.99","961.63","2105.19","3170.28","3326.22","9","0","0","0","0","1.84","90","90","0","0","96","1","","","","","","","","","","","","","","","7.0","149","2026-05-20","2026-04-27","No","Yes","7.0","4.3","2026-04-27","182","92","1","3","79","N","","",""
"2026-04-30","311021-30x5K","X0027LF9U7","B01I1D9OT0","VIVOSUN 5-Pack 30 Gallon Grow Bags Heavy Duty 300G Thickened Nonwoven Plant Fabric Pots with Handles Tan","New","168","0","248","0","0","0","0","CAD","50","139","216","232","","39.99","0.0","39.99","0.0","NoExcessInventory","305","0.0","0","0","0.0","1.7","0.372217","cubic feet","Standard","62.532456","CA","gl_home","15","111","0","7","15","39.99","1999.5","5513.62","8476.85","9116.69","168","80","0","0","0","96.69","102","16","16","70","75","2","","","","","","","","","","","","","","","51.9","35","2026-07-26","2026-04-27","No","No","42.3","51.9","2026-04-27","319","49","21","5","196","N","","",""
"2026-04-30","306119K","X000WAK32J","B015SLCJ2W","VIVOSUN Variable Fan Speed Controller, Speed Adjuster for Inline Duct Fan in Ventilation System","New","15","0","47","0","0","0","0","CAD","1","4","29","43","","33.99","0.0","33.99","0.0","CreateShippingPlan","60","0.0","0","0","0.0","2.57","0.058999","cubic feet","Standard","0.884985","CA","gl_lawn_and_garden","16352","111","0","39","11","33.99","33.99","135.96","985.71","1461.57","47","0","0","0","0","3.13","24","24","0","0","55","1","","","","","","","","","","","","","","","13.6","35","2026-08-04","2026-04-27","Yes","No","3.4","13.6","2026-04-27","84","45","1","9","173","N","","",""
"2026-04-30","VSE-ASH19K","X004GPQEA1","B0CYZPJMJR","VIVOSUN AeroStream H19 Intelligent Environmental 19L Humidifier with Temp & Humidity Probe, Top Control Panel, Smart Remote Control, Designed Specifically for Use with Grow Tents","New","33","0","35","0","0","0","0","CAD","1","14","33","56","","249.99","0.0","249.99","0.0","NoExcessInventory","35","0.0","0","0","0.0","1.26","2.810235","cubic feet","Oversize","92.737755","CA","gl_kitchen","22218","145","0","32","26","249.99","249.99","3499.86","8249.67","13999.44","8","1","26","0","0","60.19","80","60","0","20","3","0","","","","","","","","","","","","","","","71.4","29","2026-09-07","2026-04-27","Yes","No","71.4","66.8","2026-04-27","115","2","1","0","285","N","","",""
"2026-04-30","GH-E42APRK","X004R4A7VX","B0BS2BVL3Q","VIVOSUN GrowHub Controller E42A+ for Grow Tent, Smart Environmental WiFi-Controller with Temperature, Humidity, VPD, Timer, Cycle, Schedule Controls, Cooling Ventilation Lighting Programming","New","38","0","24","0","0","0","0","CAD","29","29","53","70","","95.99","0.0","95.99","0.0","NoRestockExcessActionRequired","63","0.0","0","0","0.0","5.87","0.056643","cubic feet","Standard","2.152434","CA","gl_home","85571","92","0","25","33","95.99","2783.71","2783.71","5087.47","6719.3","24","0","0","0","0","3.73","144","120","24","0","3","1","","","","","","","","","","","","","","","6.1","50","2026-07-17","2026-04-27","No","Yes","1.0","6.1","2026-04-27","183","1","0","2","247","N","","",""
"2026-04-30","311003-5K","X001M23OUT","B06Y1XVD1P","VIVOSUN 6.5 Inch Gardening Scissors Hand Pruner Pruning Shear with Titanium Coated Curved Precision Blades 1-Pack","New","435","0","484","0","0","0","0","CAD","90","174","296","374","","11.99","0.0","8.99","0.0","NoRestockExcessActionRequired","919","0.0","0","0","0.0","0.8","0.007617","cubic feet","Standard","3.313395","CA","gl_home_improvement","199","184","0","21","31","8.99","818.89","1718.24","2932.72","3826.12","2","482","0","0","0","6.9","480","120","240","120","136","3","","","","","","","","","","","","","","","127.5","222","2026-10-17","2026-04-27","No","No","104.2","127.5","2026-04-27","1039","124","4","8","225","N","","",""
"2026-04-30","HGKB-36K","X002R5AZP7","B08GPXVHD8","VIVOSUN Wall-Mounted Hydroponic Grow Kit, 1 Layers 36 Plant Sites 4 Food-Grade PVC-U Pipes Hydroponics Planting System with Water Pump, Pump Timer, Nest Basket and Sponge for Leafy Vegetables","","0","0","2","0","0","0","0","CAD","2","2","4","19","","0.0","0.0","0.0","0.0","CreateShippingPlan","","","0","0","","3.5","0.994123","cubic feet","Oversize","0.0","CA","gl_lawn_and_garden","20210","0","0","30","10","79.99","159.98","159.98","319.96","1519.81","2","0","0","0","0","","15","15","0","0","2","0","","","","","","","","","","","","","","","20.0","3","2026-04-29","2026-04-27","Yes","No","20.0","15.9","2026-04-27","15","0","0","2","120","N","","",""
"2026-04-30","311011-7K","X0029YJ3KT","B07SN2JKSZ","VIVOSUN 5 Pack 7 Gallon Square Grow Bags, Thick Fabric Bags with Handles","New","45","0","46","0","0","0","0","CAD","4","38","58","65","","27.99","0.0","27.99","0.0","NoExcessInventory","45","0.0","0","0","0.0","1.43","0.207681","cubic feet","Standard","9.345645","CA","gl_home","4719","50","0","6","12","27.99","111.96","1048.63","1566.03","1759.98","18","28","0","0","0","7.43","16","16","0","0","1","0","","","","","","","","","","","","","","","67.3","50","2026-06-04","2026-04-27","Yes","No","35.1","67.3","2026-04-27","61","0","1","0","62","N","","",""
"2026-04-30","VSGB-5K","X0041E9T7R","B0BLBHZ6CS","VIVOSUN 5-Pack 5 Gallon Grow Bags, 500G Thick Nonwoven Fabric Pots with Strap Handles, Multi-Purpose Rings, for Low Stress Plant Training Fruits, Vegetables, and Flowers","New","58","0","23","0","0","0","0","CAD","17","65","106","138","","25.99","0.0","25.99","0.0","NoExcessInventory","201","0.0","0","0","0.0","3.39","0.152556","cubic feet","Standard","8.848248","CA","gl_home","1569","196","0","14","22","25.99","441.83","1689.35","2754.94","3586.62","23","0","0","0","0","28.13","180","0","40","140","25","0","","","","","","","","","","","","","","","33.8","48","2026-10-29","2026-04-27","No","No","13.9","33.8","2026-04-27","261","23","2","0","198","N","","",""
"2026-04-30","332576K","X0028L19J1","B07RZKRM13","VIVOSUN 400GPH Submersible Pump(1500L/H, 15W), Ultra Quiet Water Pump with 5.2ft High Lift, Fountain Pump with 5ft Power Cord, 3 Nozzles for Fish Tank, Pond, Aquarium, Statuary, Hydroponics","New","0","0","37","0","0","0","0","CAD","34","43","107","144","","28.99","0.0","26.09","0.0","NoRestockExcessActionRequired","248","0.0","0","0","0.0","11.08","0.044128","cubic feet","Standard","0.0","CA","gl_home_improvement","218","290","0","26","26","26.09","911.96","1172.87","2957.43","3971.46","37","0","0","0","0","10.93","288","0","144","144","74","1","","","","","","","","","","","","","","","8.3","0","","2026-04-27","No","Yes","5.0","8.3","2026-04-27","356","68","1","5","296","N","","",""
"2026-04-30","PL-0002K","X003RS5ONV","B0BB7C3V4H","VIVOSUN 10 x 13 Feet Pond Liner, 14.5 Mil Durable LLDPE Pond Liners for Koi Ponds, Aquaculture and Water Gardens, Black","New","95","0","130","0","0","0","0","CAD","35","85","114","127","","49.99","0.0","44.99","0.0","NoRestockExcessActionRequired","14","0.0","0","0","456.03","1.82","0.431445","cubic feet","Standard","40.987275","CA","gl_lawn_and_garden","","100","0","11","24","44.99","1574.65","3959.15","5303.86","5933.73","130","0","0","0","0","105.9","148","56","40","52","85","1","","","","","","","","","","","","","","","39.6","33","2026-07-27","2026-04-27","No","No","16.8","39.6","2026-04-27","319","76","4","5","210","N","","",""
"2026-04-30","306109-4CK","X004RIQXCV","B0FHQ7WGSX","VIVOSUN 4 Inch Flexible Aluminum Ducting, 25 Feet Long Flex Air Duct with 2 Clamps, Heavy-Duty Multi-Layer Dryer Hose Vent Kit for Heating Cooling Ventilation and Exhaust","New","45","0","52","0","0","0","0","CAD","14","31","49","51","","28.99","0.0","28.99","0.0","Create Outlet deal","63","23.19","2","0","85.22","2.17","0.213289","cubic feet","Standard","9.598005","CA","gl_home_improvement","6988","133","0","18","36","27.54","384.25","856.68","1360.9","1418.88","50","2","0","0","0","30.51","100","10","90","0","7","1","","","","","","","","","","","","","","","31.6","90","2026-08-27","2026-04-27","No","No","31.6","27.3","2026-04-27","150","5","2","0","145","N","","",""
"2026-04-30","306109-48K","X003VVQ0EV","B07WW7CY9F","VIVOSUN 4 Inch 8 Feet Black Non-Insulated Flex Air Aluminum Ducting for HVAC Ventilation w/Two 4 Inch Stainless Steel Clamps","New","101","0","103","0","0","0","0","CAD","11","48","79","90","","19.99","0.0","19.99","0.0","NoExcessInventory","177","0.0","0","0","0.0","1.27","0.09549","cubic feet","Standard","9.64449","CA","gl_home_improvement","1475","164","0","14","25","18.99","209.89","919.52","1506.45","1726.34","44","59","0","0","0","16.32","73","30","30","13","32","2","","","","","","","","","","","","","","","66.6","105","2026-09-27","2026-04-27","Yes","No","57.9","66.6","2026-04-27","205","31","1","0","186","N","","",""
"2026-04-30","RP-001K","X0043S1AWX","B0C5MBVTR9","VIVOSUN Self-Watering Planters, 4-Pack 10.5 Inch Compact Rectangular Window Herb Planter Box with 10 PCS Plant Labels, Plant Container for Basil, Flowers, Succulents, Indoor & Outdoor","New","19","0","32","0","0","0","0","CAD","14","64","92","112","","39.99","0.0","35.99","0.0","GoToRestock","35","0.0","0","0","0.0","1.67","0.44226","cubic feet","Standard","8.40294","CA","gl_home","5681","20","0","3","5","35.99","503.86","2355.36","3399.08","4162.88","24","8","0","0","0","10.14","32","24","0","8","11","0","","","","","","","","","","","","","","","56.7","87","2026-05-06","2026-04-27","No","No","21.8","56.7","2026-04-27","59","8","2","1","38","N","","",""
"2026-04-30","TF0004K","X0028UITJP","B07NRWZ9TY","VIVOSUN Garden Hose Splitter 4 Way Heavy Duty Water Hose Connector, Water Hose Manifold, Faucet Adapter with Comfortable Rubberized Grip for Drip Irrigation, Lawns","New","107","0","88","0","0","0","0","CAD","9","35","44","47","","22.99","0.0","22.99","0.0","NoRestockExcessActionRequired","147","0.0","0","0","0.0","0.73","0.06428","cubic feet","Standard","6.87796","CA","gl_lawn_and_garden","17833","366","0","32","79","21.84","196.56","766.45","955.36","1020.88","20","68","0","0","0","9.08","180","0","20","160","1","0","","","","","","","","","","","","","","","146.7","0","","2026-04-27","No","No","74.2","146.7","2026-04-27","287","0","0","1","366","N","","",""
"2026-04-30","332582-60K","X002L7NT8B","B086QJPQ6X","VIVOSUN 850GPH 60W Submersible Pump for Fish Tank, Pond, Aquarium, Hydroponic Systems with 5ft Power Cord and 4 Nozzles Blue","New","59","0","126","0","0","0","0","CAD","66","66","66","115","","35.99","0.0","32.39","0.0","NoExcessInventory","276","0.0","0","0","0.0","2.16","0.099133","cubic feet","Standard","5.848847","CA","gl_home_improvement","3457","183","0","13","24","32.39","2276.64","2276.64","2276.64","3968.15","126","0","0","0","0","26.84","162","0","126","36","62","4","","","","","","","","","","","","","","","13.0","81","2026-10-16","2026-04-27","Yes","No","13.0","10.7","2026-04-27","276","55","1","6","189","N","","",""
"2026-04-30","WP-330K","X002H4JZEF","B07R7V1HJW","VIVOSUN 330 GPH Water Transfer Utility Pump 115V 1/10HP with Water Hose Kit, Impeller and Gasket","New","86","0","65","0","0","0","0","CAD","11","45","74","108","","69.99","0.0","62.99","0.0","NoRestockExcessActionRequired","119","0.0","0","0","0.0","1.56","0.254757","cubic feet","Standard","21.909102","CA","gl_home_improvement","9916","83","0","25","35","62.99","692.89","2894.05","4727.76","6946.42","65","0","0","0","0","25.36","205","184","0","21","37","0","","","","","","","","","","","","","","","46.1","48","2026-07-09","2026-04-27","Yes","No","14.0","46.1","2026-04-27","323","32","1","4","366","N","","",""
"2026-04-30","VSK-GIYS224-CA","X004T1FC2X","B0BY7PSQ69","VIVOSUN GIY Smart Grow Tent System 2x2, WiFi-Integrated Grow Tent Kit, with Automate Ventilation and Circulation, Schedule Full Spectrum 100W LED Grow Light, and GrowHub E42A+ Controller","New","4","0","9","0","0","0","0","CAD","0","2","7","11","","469.99","0.0","469.99","0.0","NoRestockExcessActionRequired","9","0.0","0","0","5644.96","1.63","3.751389","cubic feet","Oversize","15.005556","CA","gl_home","34990","101","0","26","15","469.99","0.0","892.98","3031.43","4723.39","9","0","0","0","0","24.52","9","9","0","0","6","0","","","","","","","","","","","","","","","44.1","6","2026-07-25","2026-04-27","Yes","No","40.3","44.1","2026-04-27","18","5","1","0","208","N","","",""
"2026-04-30","TN-33K","X003SZ13H9","B0BY2CVFB9","VIVOSUN 3 x 3Ft. Elastic Trellis Netting with 4 Hooks for Climbing Plants, Vegetables, Fruits, and Flowers, 1-Pack","New","56","0","46","0","0","7","56","CAD","6","19","30","40","","19.99","0.0","17.99","0.0","NoRestockExcessActionRequired","103","0.0","0","0","0.0","0.41","0.026117","cubic feet","Standard","1.462552","CA","gl_lawn_and_garden","3472","124","0","40","62","17.99","107.94","355.81","567.7","767.6","45","1","0","4","3","20.73","135","135","0","0","51","0","0","0.0","0","0.0","0","0.0","0","0.0","4","0.51","2","0.28","57","13.91","200.1","36","2026-08-25","2026-04-27","Yes","No","151.1","200.1","2026-04-27","238","47","2","2","366","N","","",""
"2026-04-30","VSF-R410-WK","X003UXKIBB","B0C4S397J4","VIVOSUN Quiet Register Booster Fan for 𝟒"" 𝐱𝟏𝟎"" Holes, Cooling Heating Vent with Intelligent Thermostat Control, 10-Speeds Increase Airflow Booster Fan for Bedroom & Attic, Matte White","New","172","0","3","185","0","0","0","CAD","32","63","66","82","","59.99","0.0","59.99","0.0","NoRestockExcessActionRequired","173","0.0","0","0","0.0","0.33","0.149342","cubic feet","Standard","25.686824","CA","gl_biss","9139","52","0","10","27","59.99","1919.68","3887.37","4115.34","5331.18","1","0","2","0","0","26.24","0","0","0","0","9","0","","","","","","","","","","","","","","","323.4","200","2026-06-08","2026-04-27","No","No","158.6","323.4","2026-04-27","173","1","2","6","54","N","","",""
"2026-04-30","304114-94K","X002PDV7Q7","B07PFVC3KN","VIVOSUN D948 2-in-1 9x4 Grow Tent, 108""x48""x80"" High Reflective Mylar with Multi-Chamber and Floor Tray for Hydroponic Indoor Plant","New","5","0","5","0","0","0","0","CAD","0","1","3","11","","329.99","0.0","329.99","0.0","NoRestockExcessActionRequired","5","0.0","0","0","75.52","4.0","3.515625","cubic feet","Extra-large","17.578125","CA","gl_home","24459","58","0","52","15","329.99","0.0","329.99","989.97","3481.39","4","1","0","0","0","12.77","8","8","0","0","0","1","","","","","","","","","","","","","","","87.0","8","2026-06-12","2026-04-27","Yes","No","87.0","16.5","2026-04-27","13","0","0","0","145","N","","",""
"2026-04-30","SPray-15L-RK","X0028B1A8L","B07QSCTT31","VIVOSUN 0.4 Gallon Handheld Garden Pump Sprayer, 50 oz Gallon Lawn & Garden Pressure Water Spray Bottle with Adjustable Brass Nozzle, for Plants and Other Cleaning Solutions (1.5L Red)","New","124","0","20","1","3","134","0","CAD","43","120","165","202","","29.99","0.0","26.99","0.0","NoRestockExcessActionRequired","143","0.0","0","0","0.0","0.74","0.27413","cubic feet","Standard","33.99212","CA","gl_lawn_and_garden","759","43","0","7","13","29.99","1169.07","3256.3","4557.35","5614.48","18","2","0","8","129","333.09","90","90","0","0","24","4","0","0.0","0","0.0","2","1.12","2","2.42","3","4.01","1","1.47","129","330.44","138.6","156","2026-06-05","2026-04-27","No","No","65.8","138.6","2026-04-27","233","19","1","4","80","N","","",""
"2026-04-30","311001-5x10K","X003DQFS9R","B08HRTY8PY","VIVOSUN 10-Pack 5 Gallon Grow Bags Heavy Duty 300G Thickened Nonwoven Plant Fabric Pots with Handles","New","0","0","6","0","0","0","0","CAD","17","55","132","175","","29.99","0.0","29.99","0.0","NoExcessInventory","104","0.0","0","0","0.0","10.06","0.225694","cubic feet","Standard","0.0","CA","gl_home","1086","75","0","8","8","29.99","508.84","1633.61","3940.86","5229.44","6","0","0","0","0","15.43","121","22","33","66","16","0","","","","","","","","","","","","","","","11.1","62","2026-06-30","2026-04-27","Yes","No","2.9","11.1","2026-04-27","125","4","0","12","108","N","","",""
"2026-04-30","308131K","X001N9V6OH","B018VI75CS","VIVOSUN Highly Reflective Mylar Film Roll 4FT x 25FT for Outdoor Grow Room Indoor Decoration Aluminum Paint Coated 2 Mil Silver","","1","0","2","0","0","0","0","CAD","18","73","131","189","","0.0","0.0","31.49","0.0","NoRestockExcessActionRequired","","","0","0","","2.91","0.190587","cubic feet","Oversize","0.190587","CA","gl_home","5665","7","0","7","9","33.24","598.32","2428.42","4386.99","6321.91","2","0","0","0","0","","135","117","0","18","2","1","","","","","","","","","","","","","","","33.3","122","2026-04-30","2026-04-27","Yes","No","16.6","33.3","2026-04-27","136","0","2","0","65","N","","",""
"2026-04-30","GG-005K","X004HK98A3","B0DPGZSJ8D","VIVOSUN 3’’ Depth Ground Grid, 6.5 x 17 ft, High-Density HDPE Geo Cell, 1885 lb per sq ft Load, Foldable & Tensile, Easy Installation with Gloves, Ideal for Gardens, Driveways, Pathways, Slopes","New","45","0","0","0","45","0","0","CAD","1","5","8","12","","89.99","0.0","89.99","0.0","Create Outlet deal","0","68.39","2","0","12634.3","0.23","1.045139","cubic feet","Oversize","47.031255","CA","gl_lawn_and_garden","198542","366","45","36","48","89.99","85.49","427.45","637.42","925.38","0","0","0","45","0","127.8","0","0","0","0","0","0","0","0.0","0","0.0","45","95.89","0","0.0","0","0.0","0","0.0","0","0.0","391.9","0","","2026-04-27","Yes","No","288.6","391.9","2026-04-27","45","0","0","0","366","N","","",""
"2026-04-30","PH007K","X003FFTIB5","B0BBVT3P6G","VIVOSUN 5-in-1 Digital PH Meter with PH/Salinity/TDS/EC/Temperature Function, Backlight Screen, IP67 Waterproof for Hydroponics, Home Drinking, Pool and Aquarium","New","74","0","79","0","0","0","0","CAD","13","42","70","79","","35.99","0.0","28.28","0.0","NoRestockExcessActionRequired","128","0.0","0","0","0.0","1.28","0.029855","cubic feet","Standard","2.20927","CA","gl_home_improvement","39375","142","0","12","20","28.28","372.11","1235.44","2069.0","2374.25","52","27","0","0","0","3.58","52","0","52","0","2","2","","","","","","","","","","","","","","","80.4","42","2026-09-04","2026-04-27","No","No","61.4","80.4","2026-04-27","128","2","0","0","142","N","","",""
"2026-04-30","311001-5*5K","X000WAEDQV","B00TF9E6XE","VIVOSUN 5-Pack 5 Gallons Grow Bags Heavy Duty Thickened Nonwoven Fabric Pots with Handles","New","346","0","373","0","0","0","0","CAD","188","255","595","734","","20.99","0.0","20.99","0.0","NoExcessInventory","1313","0.0","0","0","0.0","3.89","0.121184","cubic feet","Standard","41.929664","CA","gl_lawn_and_garden","15","366","0","18","20","20.99","3932.26","5237.79","12136.22","15051.85","373","0","0","0","0","146.13","814","110","110","594","525","3","","","","","","","","","","","","","","","20.7","0","","2026-04-27","No","Yes","4.6","20.7","2026-04-27","1665","505","4","16","366","N","","",""
"2026-04-30","DWC-0004K","X004CYKBFZ","B0CWSPDFNL","VIVOSUN DWC Hydroponics Grow System with Top Drip Kit, 5-Gallon Deep Water Culture, Recirculating Drip Garden System with Multi-Purpose Air Hose, Air Pump, and Air Stone (2 Buckets + Top Drip Kit)","","0","0","1","0","0","0","0","CAD","2","4","14","17","","0.0","0.0","129.99","0.0","GoToRestock","","","0","0","","4.0","1.953259","cubic feet","Oversize","0.0","CA","gl_lawn_and_garden","16031","0","0","5","3","129.99","259.98","489.96","1729.86","2093.83","1","0","0","0","0","","5","5","0","0","0","0","","","","","","","","","","","","","","","27.6","5","2026-04-29","2026-04-27","Yes","No","6.0","27.6","2026-04-27","5","0","0","0","60","N","","",""
"2026-04-30","PB-7K","X002P1XTCJ","B08KQ58T54","VIVOSUN 5-Pack 7 Gallon Potato Grow Bags with Handles, Non-Woven Fabric Bags for Carrots Tomato","New","24","0","23","0","0","0","0","CAD","8","41","67","76","","31.99","0.0","31.99","0.0","NoExcessInventory","44","0.0","0","0","0.0","1.62","0.32682","cubic feet","Standard","7.84368","CA","gl_home","7604","43","0","6","10","31.99","255.92","1311.59","2133.73","2421.64","20","3","0","0","0","9.3","40","0","0","40","0","2","","","","","","","","","","","","","","","60.7","57","2026-05-28","2026-04-27","Yes","No","23.8","60.7","2026-04-27","64","0","0","0","43","N","","",""
"2026-04-30","L000001-10J","X001B1UVU7","B01N5MHXQD","VIVOSUN 6 Mil Mylar Film Roll 4 FT X 10 FT Diamond Film Foil Roll Highly Reflective Grow Room (10 FT)","","0","0","1","0","0","0","0","CAD","","","","","","0.0","0.0","36.99","0.0","NoRestockExcessActionRequired","","","0","0","","2.56","0.203766","cubic feet","Oversize","0.0","CA","gl_home","16644","0","0","","","35.14","","","","","1","0","0","0","0","","0","0","0","0","0","0","","","","","","","","","","","","","","","","29","2026-04-29","","","","","","2026-04-27","0","0","0","0","0","N","","",""
"2026-04-30","VSA200SEK","X003LXOA7D","B0BKPNRGCJ","VIVOSUN AeroLight A200SE, 200W LED Grow Light with an Integrated Circulation Fan, Compatible with App, Must Be Used wth Growhub Controller E42/E42A/E25 to Achieve Many Functions","New","0","0","9","0","0","0","0","CAD","8","12","38","38","","169.99","0.0","169.99","0.0","CreateShippingPlan","","","0","0","","11.08","0.478274","cubic feet","Standard","0.0","CA","gl_home","17884","35","0","3","3","169.99","1359.42","2039.38","6459.12","6459.12","9","0","0","0","0","","9","0","0","9","7","0","","","","","","","","","","","","","","","4.2","24","2026-05-20","2026-04-27","Yes","No","1.8","4.2","2026-04-27","9","0","1","6","56","N","","",""
"2026-04-30","GP0001-4K","X002HBLZF5","B07QWNL67H","VIVOSUN 100 Pcs 4 Inch Plastic Plant Nursery Pots, Seed Starting Pot, Flower Plant Container for Seedlings, Cuttings, Transplanting","New","0","0","36","0","0","0","0","CAD","2","2","64","94","","24.99","0.0","22.49","0.0","NoRestockExcessActionRequired","42","0.0","0","0","0.0","3.11","0.351579","cubic feet","Standard","0.0","CA","gl_lawn_and_garden","16404","115","0","128","8","22.49","29.9","29.9","1167.52","1756.84","36","0","0","0","0","13.47","64","15","30","19","45","1","","","","","","","","","","","","","","","20.1","20","2026-08-09","2026-04-27","Yes","No","0.5","20.1","2026-04-27","66","2","3","40","288","N","","",""
"2026-04-30","HR-0003K","X003Y64PP9","B0C818F9Q6","VIVOSUN Outdoor Handrail, 5 Step Stair Handrail, 69"" x 36"" Fits 1 to 5 Steps, Wrought Mattle Iron Handrail for Concrete Steps, Porch Steps, One-step Assembly, Black","New","68","0","52","19","0","0","0","CAD","0","3","8","17","","139.99","0.0","120.02","0.0","NoRestockExcessActionRequired","7","0.0","0","0","2429.54","0.36","1.07581","cubic feet","Extra-large","73.15508","CA","gl_home_improvement","25142","331","61","90","52","120.02","0.0","360.06","991.76","2102.22","20","32","0","0","0","78.02","0","0","0","0","2","0","","","","","","","","","","","","","","","609.0","0","","2026-04-27","Yes","No","609.0","225.6","2026-04-27","68","0","2","0","344","N","","",""
"2026-04-30","306146-0616K","X002SUM09F","B08M3VN2ST","VIVOSUN 6 Inch Air Carbon Filter Smelliness Control with Australia Virgin Charcoal for Inline Fan, Grow Tent Smelliniss Scrubber, Pre-Filter Included, Reversible Flange 6""x 18"", Black","New","61","0","64","0","0","0","0","CAD","4","14","25","44","","99.99","0.0","99.99","63.17","NoRestockExcessActionRequired","70","0.0","0","0","0.0","0.95","0.947846","cubic feet","Oversize","57.818606","CA","gl_home_improvement","","142","0","17","18","99.99","399.96","1399.36","2498.75","4398.56","36","22","6","0","0","44.0","0","0","0","0","10","0","","","","","","","","","","","","","","","120.9","41","2026-09-04","2026-04-27","Yes","No","120.9","89.0","2026-04-27","70","9","1","0","144","N","","",""
"2026-04-30","332573K","X0028MN7QD","B07QQX9C9H","VIVOSUN 210GPH Submersible Pump(800L/H, 8W), Ultra Quiet Water Pump with 3.3ft High Lift, Fountain Pump with 5ft Power Cord, 2 Nozzles for Fish Tank, Pond, Aquarium, Statuary, Hydroponics","New","0","0","13","0","0","0","0","CAD","37","84","136","188","","25.99","0.0","23.39","0.0","NoRestockExcessActionRequired","147","0.0","0","0","0.0","10.08","0.023138","cubic feet","Standard","0.0","CA","gl_home_improvement","218","66","0","11","16","23.39","871.33","2007.06","3183.78","4464.64","13","0","0","0","0","3.13","240","96","96","48","8","6","","","","","","","","","","","","","","","17.2","108","2026-06-28","2026-04-27","Yes","No","17.2","12.2","2026-04-27","243","3","3","2","126","N","","",""
"2026-04-30","CP-0002K","X0040NLH5V","B0CF995HKV","VIVOSUN Automatic Condensate Removal Pump with Transparent Base, 115 Volts/60Hz, 80GPH, 1/30 HP, Safety Switch and Tubing for Air Conditioners, Dehumidifiers, Ice Machines, and Furnaces","New","0","0","4","0","0","0","0","CAD","0","0","12","26","Low traffic","49.99","0.0","49.99","0.0","CreateShippingPlan","","","0","0","","6.5","0.417393","cubic feet","Standard","0.0","CA","gl_home_improvement","167074","21","0","","2","49.99","0.0","0.0","589.88","1254.74","4","0","0","0","0","","4","0","0","4","4","0","","","","","","","","","","","","","","","","23","2026-05-06","","","","","5.8","2026-04-27","4","0","0","4","34","N","","",""
"2026-04-30","VGPF-1100K","X003R0YZLL","B0BVB8VCYS","VIVOGROW Bio Pressure Pond Filter, up to 1000 Gallons, Pond Filter System with Convenient Cleaning Crank Handle for Garden, Pool, Fishpond, Black","New","46","0","49","0","0","0","0","CAD","10","20","22","25","","119.99","0.0","107.99","0.0","Create Outlet deal","0","95.99","2","0","5677.1","2.19","1.22854","cubic feet","Oversize","56.51284","CA","gl_home_improvement","5491","133","0","20","52","107.99","1079.9","2195.8","2435.78","2795.75","49","0","0","0","0","39.39","55","40","0","15","3","0","","","","","","","","","","","","","","","72.2","3","2026-09-03","2026-04-27","Yes","No","72.2","58.2","2026-04-27","101","0","2","1","366","N","","",""
"2026-04-30","VSE-ASH09K","X004FAP10V","B0DJV658NX","VIVOSUN AeroStream H09 Intelligent Wi-Fi Humidifier, 2.38 Gal / 9 L Humidifier with Temp & Humidity Probe, Smart Remote Control, Designed for Growers","New","17","0","27","0","0","0","0","CAD","3","13","51","98","","149.99","0.0","149.99","0.0","NoRestockExcessActionRequired","77","0.0","0","0","0.0","3.73","1.050486","cubic feet","Standard","17.858262","CA","gl_kitchen","22218","175","0","32","13","149.99","449.97","1949.87","7649.49","14699.02","27","0","0","0","0","71.99","87","27","30","30","16","2","","","","","","","","","","","","","","","29.6","54","2026-10-08","2026-04-27","Yes","No","9.7","29.6","2026-04-27","119","15","1","0","215","N","","",""
"2026-04-30","333101-G2K","X002ATO65P","B07RBL1XJV","VIVOSUN 2-Pack Indoor Hydroponics LED Grow Room Glasses with Glasses Case","New","21","0","74","0","0","0","0","CAD","26","26","26","26","","32.99","0.0","32.99","0.0","CreateShippingPlan","","","0","0","","1.41","0.083288","cubic feet","Standard","1.749048","CA","gl_sports","16376","126","0","3","10","32.99","850.24","850.24","850.24","850.24","74","0","0","0","0","","0","0","0","0","52","0","","","","","","","","","","","","","","","20.3","51","2026-08-20","2026-04-27","Yes","No","20.3","20.3","2026-04-27","72","51","0","1","127","N","","",""
"2026-04-30","PS-002X2K","X003RDJ6ZN","B0BM8SK9QY","VIVOSUN Gardening Scissors 6.5 Inch Hand Pruner Pruning Shear with Straight Stailess Steel Blades, Black and Green, 2-Pack","New","96","0","186","15","0","0","0","CAD","27","65","95","121","","16.99","0.0","14.69","0.0","NoRestockExcessActionRequired","396","0.0","0","0","0.0","0.79","0.021193","cubic feet","Standard","2.034528","CA","gl_home_improvement","199","281","0","24","42","14.69","398.08","1005.5","1485.0","1909.59","125","61","0","0","0","8.35","300","60","180","60","66","1","","","","","","","","","","","","","","","100.8","0","","2026-04-27","No","No","57.8","100.8","2026-04-27","456","60","2","4","349","N","","",""
"2026-04-30","330104K","X0028CCR9L","B073PTZCJ4","VIVOSUN 3x20 Inches Durable Waterproof Seedling Heat Mat Warm Heating Pad for Kombucha Tea, Beer Brewing, Fermentation and Plant Germination","New","111","0","106","11","0","0","0","CAD","18","84","161","218","","16.99","0.0","14.44","0.0","GoToRestock","111","0.0","0","0","0.0","1.19","0.015781","cubic feet","Standard","1.751691","CA","gl_lawn_and_garden","144","82","0","5","6","16.99","262.47","1286.91","2525.44","3446.77","0","102","4","0","0","1.38","0","0","0","0","1","3","","","","","","","","","","","","","","","73.6","74","2026-07-14","2026-04-27","No","No","56.9","73.6","2026-04-27","111","0","0","1","83","N","","",""
"2026-04-30","PL-0003K","X003RS5PCB","B0BB78XGNK","VIVOSUN 13.5 x 20 Feet Pond Liner, 14.5 Mil Durable LLDPE Pond Liners for Koi Ponds, Aquaculture and Water Gardens, Black","New","59","0","120","0","0","0","0","CAD","46","98","118","138","","69.99","0.0","62.99","0.0","NoRestockExcessActionRequired","35","0.0","0","0","1293.97","1.71","0.95123","cubic feet","Standard","56.12257","CA","gl_lawn_and_garden","","272","0","7","16","62.99","2874.44","6305.32","7649.12","8992.92","119","1","0","0","0","202.2","121","40","30","51","105","1","","","","","","","","","","","","","","","57.6","0","","2026-04-27","Yes","No","31.8","57.6","2026-04-27","274","94","5","6","366","N","","",""
"2026-04-30","304113-P426K","X003Y94YIT","B0CGHKN4TV","VIVOSUN P426 48""×24""×72"" PRO Grow Tent, with Thick 1 inch Poles, Strengthened High Reflective Mylar Oxford Fabric, Extra Hanging Bars & High CFM Kit for Hydroponics Indoor Plant for AeroLight A200SE","New","44","0","54","0","0","0","0","CAD","2","21","40","44","","189.99","0.0","170.99","0.0","NoExcessInventory","54","0.0","0","0","0.0","1.35","2.185095","cubic feet","Oversize","96.14418","CA","gl_home","28600","156","0","10","15","189.99","341.98","3723.79","7162.6","7903.56","11","43","0","0","0","73.46","10","0","0","10","11","0","","","","","","","","","","","","","","","80.7","35","2026-09-18","2026-04-27","Yes","No","80.7","72.5","2026-04-27","64","10","1","0","159","N","","",""
"2026-04-30","VSV-IFP6CK","X004H4OVZL","B0DNSVKPYX","VIVOSUN 6” Inline Booster Duct Fan with Speed Regulator, 345 CFM Quiet Exhaust Fan for HVAC Ventilation in Grow Tents, Basements, Bathrooms, Kitchens, and Attics","New","25","0","63","0","0","0","0","CAD","34","35","76","76","","37.99","0.0","37.99","0.0","NoExcessInventory","177","0.0","0","0","0.0","4.0","0.260981","cubic feet","Standard","6.524525","CA","gl_home","8066","215","0","22","34","37.99","1291.66","1329.65","2887.24","2887.24","63","0","0","0","0","45.26","176","24","72","80","27","1","","","","","","","","","","","","","","","48.5","87","2026-11-17","2026-04-27","Yes","No","48.5","7.5","2026-04-27","225","24","3","0","228","N","","",""
"2026-04-30","306201PS-8K","X002OW7191","B07YZLLR3M","VIVOSUN Grow Tent Ventilation System, 8 Inch Inline Duct Fan with Speed Controller, 8'' Carbon Filter, and 25ft. Ducting Combo, Air Cooling and Filtration Kit for Grow Tent, Hydroponics","New","2","0","4","0","0","0","0","CAD","0","3","10","16","","239.99","0.0","239.99","0.0","CreateShippingPlan","4","0.0","0","0","0.0","3.76","4.139541","cubic feet","Oversize","8.279082","CA","gl_home","","20","0","4","2","239.99","0.0","719.97","2375.9","3815.84","3","1","0","0","0","6.26","1","1","0","0","2","0","","","","","","","","","","","","","","","20.8","8","2026-05-06","2026-04-27","Yes","No","20.8","17.1","2026-04-27","5","2","0","0","26","N","","",""
"2026-04-30","311008-05x50K","X00295TR7H","B0132LQF8E","VIVOSUN 50-Pack 5 Gallon Grow Bags for Plants, Black-and-White Material for Potting Up Seedlings and Rooting","New","89","0","102","0","0","0","0","CAD","11","68","111","121","","28.99","0.0","28.99","0.0","NoRestockExcessActionRequired","101","0.0","0","0","0.0","1.1","0.192694","cubic feet","Standard","17.149766","CA","gl_home","4848","57","0","6","12","28.99","318.89","1942.32","3105.69","3395.59","24","78","0","0","0","15.43","24","24","0","0","12","1","","","","","","","","","","","","","","","89.3","72","2026-06-11","2026-04-27","No","No","40.4","89.3","2026-04-27","125","12","0","0","74","N","","",""
"2026-04-30","304113-21K","X002PDVK69","B07VRSCVVC","VIVOSUN S223 2x2 Grow Tent, 24""x24""x36"" High Reflective Mylar with Observation Window and Floor Tray for Hydroponics Indoor Plant for VS1000","New","23","0","28","0","0","0","0","CAD","4","9","21","28","","109.99","0.0","98.99","0.0","NoRestockExcessActionRequired","24","0.0","0","0","0.0","1.6","1.174687","cubic feet","Oversize","27.017801","CA","gl_lawn_and_garden","1818","69","0","45","47","98.99","417.96","967.91","2254.79","2947.17","25","3","0","0","0","18.74","79","79","0","0","5","2","","","","","","","","","","","","","","","63.4","18","2026-06-27","2026-04-27","Yes","No","63.4","48.6","2026-04-27","103","1","2","2","366","N","","",""
"2026-04-30","311021-5x5KK","X001LWFZ9D","B01I1D9OOU","VIVOSUN 5-Pack 5 Gallon Grow Bags Heavy Duty 300G Thickened Nonwoven Plant Fabric Pots with Handles Tan","New","310","0","436","0","0","0","0","CAD","58","198","284","314","","20.99","0.0","20.99","0.0","Create Outlet deal","119","16.79","2","0","239.12","1.7","0.123488","cubic feet","Standard","38.28128","CA","gl_home","15","290","0","10","21","20.99","1217.42","4102.53","5852.08","6481.78","436","0","0","0","0","68.74","198","22","88","88","116","4","","","","","","","","","","","","","","","47.1","0","","2026-04-27","No","No","31.2","47.1","2026-04-27","618","110","2","4","313","N","","",""
"2026-04-30","GP0001-6K","X002HBM045","B07R22S3B5","VIVOSUN 50 Pcs 6 Inch Plastic Plant Nursery Pots, Seed Starting Pot, Flower Plant Container for Seedlings, Cuttings, Transplanting","New","15","0","63","0","0","0","0","CAD","14","78","116","130","","34.99","0.0","31.49","0.0","NoExcessInventory","62","0.0","0","0","0.0","2.11","0.667892","cubic feet","Standard","10.01838","CA","gl_lawn_and_garden","16404","44","0","4","9","31.49","465.36","2526.72","3777.34","4244.2","63","0","0","0","0","22.4","80","80","0","0","52","0","","","","","","","","","","","","","","","37.1","53","2026-05-31","2026-04-27","Yes","No","9.1","37.1","2026-04-27","142","47","2","3","162","N","","",""
"2026-04-30","LOUPE-004K","X0043SHGP3","B08S6V7D1V","VIVOSUN 30X Rechargeable Loupe Magnifier with White LED Light and UV Light, Portable Magnifying Glass with Optical Glass Lens & Scale for Jewelry, Textile, Gems, Stamps, Coins and Plants","New","13","0","23","0","0","0","0","CAD","6","50","89","136","","24.99","0.0","24.99","0.0","NoRestockExcessActionRequired","17","0.0","0","0","0.0","4.55","0.01007","cubic feet","Standard","0.13091","CA","gl_home","72699","36","0","10","12","23.74","142.44","1212.0","2175.36","3317.39","23","0","0","0","0","0.04","122","102","20","0","5","1","","","","","","","","","","","","","","","25.8","74","2026-05-22","2026-04-27","Yes","No","17.2","25.8","2026-04-27","139","4","1","0","131","N","","",""
"2026-04-30","331101-6K","X00168MM39","B01C82SZRM","VIVOSUN 6 Inch Inline Duct Fan 240 CFM, HVAC Exhaust Ventilation Fan with Low Noise for Basements, Bathrooms, Kitchens and Attics, Silver","New","67","0","146","0","0","0","0","CAD","19","76","206","246","","32.99","0.0","32.99","0.0","NoRestockExcessActionRequired","391","0.0","0","0","0.0","3.63","0.19618","cubic feet","Standard","13.14406","CA","gl_home_improvement","5678","184","0","20","20","32.99","626.81","2507.24","6795.94","8115.54","146","0","0","0","0","70.13","320","68","176","76","75","8","","","","","","","","","","","","","","","9.0","288","2026-10-17","2026-04-27","Yes","No","9.0","7.3","2026-04-27","459","72","0","3","205","N","","",""
"2026-04-30","L000002-100*2K","X001MQUMUF","B01MV5C1I4","VIVOSUN Air Stone 4x2 inch Large Air Stone Aquarium Hydroponics Air Pump Pack of 2","New","38","0","55","0","0","0","0","CAD","19","38","91","117","Low traffic","19.99","0.0","17.99","0.0","NoExcessInventory","148","0.0","0","0","0.0","5.73","0.027956","cubic feet","Standard","1.062328","CA","gl_pet_products","9230","122","0","21","22","17.99","347.81","702.62","1692.09","2211.83","55","0","0","0","0","3.64","168","72","48","48","38","0","","","","","","","","","","","","","","","13.6","107","2026-08-15","2026-04-27","Yes","No","6.9","13.6","2026-04-27","244","38","0","0","180","N","","",""
"2026-04-30","332574K","X0028MLG4X","B07RVHDZN1","VIVOSUN 130GPH Submersible Pump(500L/H, 6W), Ultra Quiet Water Pump with 2.6ft High Lift, Fountain Pump with 5ft Power Cord, 2 Nozzles for Fish Tank, Pond, Aquarium, Statuary, Hydroponics","New","0","0","60","0","0","0","0","CAD","37","45","133","134","","23.99","0.0","21.59","0.0","NoRestockExcessActionRequired","191","0.0","0","0","0.0","6.47","0.022335","cubic feet","Standard","0.0","CA","gl_home_improvement","218","97","0","12","13","21.59","821.15","982.99","2992.83","3016.82","60","0","0","0","0","3.67","144","48","48","48","103","5","","","","","","","","","","","","","","","8.5","102","2026-07-30","2026-04-27","Yes","No","8.5","5.5","2026-04-27","239","95","2","6","132","N","","",""
"2026-04-30","RGB-0011-GYK","X004D9YAC9","B0CQ4HLG96","VIVOSUN 3-Tier Metal Raised Garden Bed, 46"" x 46"" x 24"" Galvanized Steel Metal Outdoor Planter Box with Gloves and Scissors to Grow Flowers, Vegetables and Herbs for Outdoor Gardening, Dark Gray","New","52","0","52","0","0","0","0","CAD","7","22","33","38","","109.99","0.0","104.49","0.0","NoExcessInventory","52","0.0","0","0","2.99","1.24","0.848597","cubic feet","Oversize","44.127044","CA","gl_home","23209","230","0","15","29","104.49","731.43","2265.78","3442.67","3992.62","46","6","0","0","0","24.78","35","0","0","35","0","0","","","","","","","","","","","","","","","60.9","8","2026-12-01","2026-04-27","Yes","No","36.0","60.9","2026-04-27","87","0","0","0","230","N","","",""
"2026-04-30","311021-15x5K","X001LWFXHH","B01I1D9KFI","","New","323","0","359","0","0","0","0","CAD","38","112","167","186","","29.99","0.0","29.99","0.0","Create Outlet deal","7","23.99","2","0","946.47","0.92","0.201514","cubic feet","Standard","65.089022","CA","gl_home","","366","0","16","32","29.99","1137.64","3328.91","4918.36","5488.17","192","167","0","0","0","87.12","141","24","36","81","29","1","","","","","","","","","","","","","","","88.8","0","","2026-04-27","No","No","70.8","88.8","2026-04-27","488","24","3","2","366","N","","",""
"2026-04-30","332583-10K","X0048FHTSZ","B0D3PCGMXM","VIVOSUN 210 GPH 10W Submersible Water Pump, with Adjustable Water Flow, 4.9ft Tubing, Additional Ceramic Shaft, and Outlet Adapters, for Fish Tanks, Aquariums, Hydroponics, Fountains","New","57","0","63","0","0","0","0","CAD","9","15","62","84","","26.99","0.0","24.29","0.0","NoRestockExcessActionRequired","98","0.0","0","0","0.0","3.83","0.058129","cubic feet","Standard","3.313353","CA","gl_home_improvement","4289","107","0","53","31","24.29","221.31","383.25","1603.18","2177.46","63","0","0","0","0","5.54","144","108","36","0","5","4","","","","","","","","","","","","","","","20.4","47","2026-07-31","2026-04-27","Yes","No","7.4","20.4","2026-04-27","206","5","0","0","259","N","","",""
"2026-04-30","306146-0412K","X002SUO6LF","B08M3G5TH3","VIVOSUN 4 Inch Air Carbon Filter Smelliness Control with Australia Virgin Charcoal for Inline Fan, Grow Tent Smelliness Scrubber, Pre-Filter Included, Reversible Flange 4"" x 12"", Black","New","24","0","31","0","0","0","0","CAD","3","18","53","85","","69.99","0.0","69.99","0.0","NoRestockExcessActionRequired","124","0.0","0","0","0.0","1.94","0.512819","cubic feet","Standard","12.307656","CA","gl_home_improvement","19073","160","0","25","17","69.99","209.97","1259.82","3709.47","5949.15","26","5","0","0","0","59.6","91","7","55","29","19","2","","","","","","","","","","","","","","","37.7","66","2026-09-23","2026-04-27","Yes","No","26.2","37.7","2026-04-27","134","19","0","0","167","N","","",""
"2026-04-30","WB-4x100","X003P4ALD5","B0BTYB1YQT","VIVOSUN Premium Weed Barrier Landscape Fabric Heavy Duty, 4ftx100ft 5oz Double-Layered Weed Control Mat with High Permeability, Commercial Ground Cover, Easy Set up & Superior Weed Control","New","1","0","0","0","0","0","1","CAD","","","","","Low traffic","135.74","0.0","135.74","0.0","Create removal order","0","0.0","0","0","259.57","0.0","0.857784","cubic feet","Oversize","0.857784","CA","gl_lawn_and_garden","","","1","","","135.74","","","","","0","0","0","0","0","8.61","0","0","0","0","0","0","0","0.0","0","0.0","0","0.0","0","0.0","0","0.0","0","0.0","1","8.02","","0","","","","","","","2026-04-27","1","0","0","0","","N","","",""
"2026-04-30","311021-2x5K","X002PDVG6N","B088666QZF","VIVOSUN 5-Pack 2 Gallon Grow Bags Heavy Duty 300G Thickened Nonwoven Plant Fabric Pots with Handles Tan","New","126","0","88","0","0","0","0","CAD","14","32","57","71","","17.99","0.0","17.99","0.0","NoRestockExcessActionRequired","166","0.0","0","0","0.0","1.13","0.06569","cubic feet","Standard","8.27694","CA","gl_home","15","232","0","25","37","17.99","251.86","568.48","1011.03","1261.9","40","48","0","0","0","10.53","80","40","40","0","0","0","","","","","","","","","","","","","","","76.9","17","2026-12-04","2026-04-27","No","No","76.9","73.1","2026-04-27","206","0","0","0","343","N","","",""
"2026-04-30","LED-200J","X002XSNGIB","B08GNZ7M74","VIVOSUN VS2000 LED Grow Light with Samsung LM301 Diodes & Brand Driver Dimmable Lights Sunlike Full Spectrum for Seedling Veg & Bloom Plant Grow Lamps for 4x2/3x3 Grow Tent","","1","0","1","0","0","0","0","CAD","","","","","","0.0","0.0","367.81","0.0","GoToStranded","","","0","0","","1.82","1.246094","cubic feet","Oversize","1.246094","CA","gl_home","8321","5","0","","","367.81","","","","","1","0","0","0","0","","0","0","0","0","0","0","","","","","","","","","","","","","","","","9","2026-04-29","","","","","","2026-04-27","1","0","0","0","5","N","","",""
"2026-04-30","VSK-GIYS448-CA","X004T1EVBL","B0BY7Z72TR","VIVOSUN Smart Grow Tent Kit, 4 × 4ft Smart Grow System, WiFi-Integrated Automatic Grow with Full Spectrum LED Grow Light 400W, Efficient Ventilation System with GrowHub E42A+ Controller","New","28","0","28","0","0","0","0","CAD","2","3","8","8","","969.99","0.0","969.99","0.0","NoRestockExcessActionRequired","12","0.0","0","0","6704.08","0.59","8.109809","cubic feet","Extra-large","227.074652","CA","gl_home","34990","203","0","37","45","969.99","1668.38","2366.77","6602.53","6602.53","6","22","0","0","0","157.43","0","0","0","0","0","0","","","","","","","","","","","","","","","264.7","8","2026-11-04","2026-04-27","Yes","No","264.7","169.1","2026-04-27","28","0","0","0","203","N","","",""
"2026-04-30","VSL-LL100-NK","X004RRZ6KR","B08772CTK7","VIVOSUN VS1000 LED Grow Light with Full Spectrum Diodes & Sosen Driver Dimmable Lights Sunlike for Indoor Plants Seedling Veg and Bloom Lamps for 2x2/3x3 Tent","New","19","0","54","0","0","0","0","CAD","6","32","68","68","","159.99","0.0","159.99","0.0","NoExcessInventory","109","0.0","0","0","0.0","6.69","0.421983","cubic feet","Standard","8.017677","CA","gl_home","8321","187","0","17","26","159.99","959.94","5119.68","10879.32","10879.32","54","0","0","0","0","44.94","120","42","0","78","31","0","","","","","","","","","","","","","","","17.8","60","2026-10-19","2026-04-27","Yes","No","17.8","16.8","2026-04-27","169","30","0","1","233","N","","",""
"2026-04-30","304114-43K","X0024YWNPL","B07HQMX3S1","VIVOSUN D436 2-in-1 4x3 Grow Tent, 48""x36""x72"" High Reflective Mylar with Multi-Chamber and Floor Tray for Hydroponic Indoor Plant","New","14","0","14","0","0","0","0","CAD","0","1","5","13","","209.99","0.0","209.99","0.0","NoRestockExcessActionRequired","14","0.0","0","0","0.0","1.44","2.453163","cubic feet","Oversize","34.344282","CA","gl_home","24459","158","0","128","32","209.99","0.0","209.99","1049.95","2578.67","8","6","0","0","0","21.84","18","10","0","8","0","0","","","","","","","","","","","","","","","318.0","12","2026-09-18","2026-04-27","Yes","No","318.0","61.7","2026-04-27","32","0","0","0","210","N","","",""
"2026-04-30","311001-25x10K","X003DQFPYZ","B097PHG8PV","VIVOSUN 10-Pack 25 Gallon Grow Bags Heavy Duty 300G Thickened Nonwoven Plant Fabric Pots with Handles","New","26","0","60","0","0","0","0","CAD","13","58","72","79","","59.99","0.0","59.99","0.0","NoExcessInventory","82","0.0","0","0","0.0","1.91","0.907128","cubic feet","Standard","23.585328","CA","gl_home","1086","44","0","4","9","59.99","779.87","3419.42","4226.28","4646.21","40","20","0","0","0","61.52","32","8","8","16","33","1","","","","","","","","","","","","","","","50.5","36","2026-05-29","2026-04-27","No","No","37.3","50.5","2026-04-27","90","32","1","0","54","N","","",""
"2026-04-30","308112K","X0028NLOZD","B018VI72S0","VIVOSUN Black and White Panda Film 10' x 50' 5.5 Mil Poly Film","New","63","0","46","20","0","0","0","CAD","6","17","23","33","","69.99","0.0","69.99","0.0","NoRestockExcessActionRequired","71","0.0","0","0","0.0","0.53","0.797264","cubic feet","Oversize","50.227632","CA","gl_home","11329","166","0","19","33","66.49","398.94","1130.33","1543.27","2215.17","8","38","0","0","0","38.21","21","20","0","1","12","0","","","","","","","","","","","","","","","174.8","27","2026-09-29","2026-04-27","Yes","No","152.9","174.8","2026-04-27","92","8","4","0","226","N","","",""
"2026-04-30","L000001-100K","X002AUPMI9","B01MZ72WG1","VIVOSUN 6 Mil Mylar Film Roll 4 FT X 100 FT Diamond Film Foil Roll Highly Reflective Grow Room (100 FT)","New","24","0","20","1","5","0","0","CAD","1","7","10","12","","128.99","0.0","128.99","0.0","NoRestockExcessActionRequired","25","0.0","0","0","0.03","0.7","0.757959","cubic feet","Oversize","18.191016","CA","gl_home","16644","204","0","36","69","110.28","110.28","802.29","1163.46","1408.54","20","0","0","5","0","24.24","40","20","0","20","2","0","0","0.0","1","1.03","4","6.18","0","0.0","0","0.0","0","0.0","0","0.0","106.4","12","2026-11-11","2026-04-27","Yes","No","46.7","106.4","2026-04-27","65","1","1","0","320","N","","",""
"2026-04-30","VSK-GIYP276-CA","X004T1EU2B","B0CMQ4T2RB","VIVOSUN GIY Plus Smart Grow Tent Kit, 2.7x2.7ft 2-Plant System,WiFi-Integrated Automatic Grow System with 2000D Mylar Grow Tent,Full-Spectrum Programmable Grow Light,Enhanced Ventilation&Circulation","New","25","0","25","0","0","0","0","CAD","0","5","5","5","","638.99","0.0","384.3","0.0","Edit listing","1","0.0","0","0","18773.45","0.4","5.227865","cubic feet","Extra-large","130.696625","CA","gl_home","24132","359","0","20","65","384.3","0.0","2091.91","2091.91","2091.91","5","20","0","0","0","89.12","0","0","0","0","0","0","","","","","","","","","","","","","","","209.6","0","","2026-04-27","Yes","No","143.2","209.6","2026-04-27","25","0","0","0","359","N","","",""
"2026-04-30","PF-2600K","X003RDJRP7","B0BS8WQHXW","VIVOGROW Bio Pressure Pond Filter, with 13W UV-C Light, 2630 GPH Suitable for Koi Ponds up to 1300 Gallons or Landscape Pools up to 2600 Gallons","","0","0","2","0","0","0","0","CAD","22","38","42","43","","0.0","0.0","206.99","0.0","GoToRestock","","","0","0","","15.6","3.246528","cubic feet","Oversize","0.0","CA","gl_home_improvement","5491","8","0","0","2","206.99","4622.78","8026.62","8923.58","9153.57","2","0","0","0","0","","8","0","0","8","1","0","","","","","","","","","","","","","","","20.0","20","2026-04-30","2026-04-27","Yes","No","16.5","20.0","2026-04-27","8","0","0","1","9","N","","",""
"2026-04-30","330101-01K","X000U6HQI9","B00P7U259C","VIVOSUN Durable Waterproof Seedling Heat Mat 10"" x 20.75"" UL & MET-Certified Warm Hydroponic Heating Pad for Germination, Indoor Gardening, Greenhouse","New","1528","0","1609","0","0","0","0","CAD","368","1519","2677","3171","","19.99","0.0","16.99","0.0","CreateShippingPlan","1536","0.0","0","0","0.0","1.35","0.031904","cubic feet","Standard","48.749312","CA","gl_lawn_and_garden","144","124","0","4","6","19.99","6297.32","26829.87","48644.35","57861.49","180","1429","0","0","0","38.74","1","0","0","1","41","12","","","","","","","","","","","","","","","75.0","356","2026-08-07","2026-04-27","No","No","49.5","75.0","2026-04-27","1537","8","22","11","128","N","","",""
"2026-04-30","SPray-08L-GK","X0029LVMNN","B07QTHF9ZT","VIVOSUN 0.2 Gallon Handheld Garden Pump Sprayer, 27 oz Gallon Lawn & Garden Pressure Water Spray Bottle with Adjustable Brass Nozzle, for Plants and Other Cleaning Solutions (0.8L Green)","New","175","0","178","0","0","0","0","CAD","30","113","199","277","","26.99","0.0","24.29","0.0","NoRestockExcessActionRequired","463","0.0","0","0","0.0","2.8","0.251633","cubic feet","Standard","44.035775","CA","gl_lawn_and_garden","759","186","0","17","22","26.99","806.5","2862.07","5114.41","7120.63","178","0","0","0","0","108.04","312","48","132","132","115","2","","","","","","","","","","","","","","","22.9","116","2026-10-19","2026-04-27","No","Yes","12.1","22.9","2026-04-27","595","108","5","2","216","N","","",""
"2026-04-30","304113-52K","X002PDRIR9","B07WK3Q372","VIVOSUN S538 5x2 Grow Tent, 60""x32""x80"" High Reflective Mylar with Observation Window and Floor Tray for Hydroponics Indoor Plant for VS2000/VSF4300","New","35","0","54","0","0","0","0","CAD","4","22","43","58","","209.99","0.0","188.99","0.0","NoRestockExcessActionRequired","53","0.0","0","0","0.0","1.63","2.120999","cubic feet","Extra-large","74.234965","CA","gl_lawn_and_garden","1818","105","0","10","13","188.99","755.96","4157.78","8263.07","11265.92","19","35","0","0","0","71.31","25","25","0","0","19","1","","","","","","","","","","","","","","","63.9","33","2026-07-29","2026-04-27","Yes","No","63.9","56.0","2026-04-27","78","18","1","0","160","N","","",""
"2026-04-30","304114-54K","X0024W23M1","B07HQRGL6P","VIVOSUN D548 2-in-1 5x4 Grow Tent, 60""x48""x80"" High Reflective Mylar with Multi-Chamber and Floor Tray for Hydroponic Indoor Plant","New","15","0","13","0","0","0","0","CAD","0","3","8","13","","249.99","0.0","224.99","0.0","NoExcessInventory","15","0.0","0","0","0.0","1.04","2.959016","cubic feet","Oversize","44.38524","CA","gl_home","24459","160","0","25","19","224.99","0.0","674.97","1787.42","2849.87","0","12","1","0","0","28.01","4","0","0","4","1","0","","","","","","","","","","","","","","","152.7","9","2026-09-23","2026-04-27","Yes","No","152.7","71.7","2026-04-27","19","0","1","0","168","N","","",""
"2026-04-30","WC-001K","X003VJMOXT","B0BZS3N5WF","VIVOSUN 15-AMP Electric Wood Chipper and Shredder with Wheels and Safety Locking Knob, Equipped with Plunger, 50L Collection Bag, Additional Blades and Carbon Brushes, Gloves & Goggles","","0","0","1","0","0","0","0","CAD","14","82","97","97","","0.0","0.0","0.0","0.0","CreateShippingPlan","","","0","0","","1.37","2.494187","cubic feet","Oversize","0.0","CA","gl_lawn_and_garden","18620","0","0","0","0","129.99","1819.86","10659.18","12799.03","12799.03","0","0","1","0","0","","0","0","0","0","0","0","","","","","","","","","","","","","","","80.5","54","2026-04-29","2026-04-27","Yes","No","19.2","80.5","2026-04-27","0","0","0","0","0","N","","",""
"2026-04-30","VSL-LL200-NK","X004RRMMEF","B08GNZ7M74","VIVOSUN VS2000 LED Grow Light with Samsung LM301 Diodes & Brand Driver Dimmable Lights Sunlike Full Spectrum for Seedling Veg & Bloom Plant Grow Lamps for 4x2/3x3 Grow Tent","New","18","0","43","0","0","0","0","CAD","2","2","2","2","","367.81","0.0","367.81","0.0","Edit listing","","","0","0","","1.82","0.5349","cubic feet","Standard","9.6282","CA","gl_home","8321","366","0","76","247","367.81","751.8","751.8","751.8","751.8","43","0","0","0","0","","20","0","0","20","55","0","","","","","","","","","","","","","","","","0","","","","","","","2026-04-27","93","55","0","0","366","N","","",""
"2026-04-30","SPray-80LK","X00289XUJZ","B07QVWQ1HC","VIVOSUN 2-Gallon Pump Pressure Sprayer, Pressurized Lawn & Garden Water Spray Bottle with Adjustable Shoulder Strap, Pressure Relief Valve, for Spraying Plants, Garden Watering and Household Cleaning","New","0","0","13","0","0","0","0","CAD","9","18","53","97","","53.99","0.0","53.99","0.0","NoRestockExcessActionRequired","5","0.0","0","0","0.0","1.93","0.679291","cubic feet","Oversize","0.0","CA","gl_lawn_and_garden","1538","79","0","65","39","53.99","485.91","923.22","2688.67","4621.43","13","0","0","0","0","11.77","294","144","0","150","13","1","","","","","","","","","","","","","","","34.5","68","2026-07-11","2026-04-27","Yes","No","5.3","34.5","2026-04-27","299","5","1","7","230","N","","",""
"2026-04-30","VSK-GIYP426-CA","X004T1L547","B0CMQ5P338","VIVOSUN GIY Plus Smart Grow Tent Kit, 4x2ft 2-Plant System, WiFi-Integrated Automatic Grow System with 2000D Mylar Grow Tent, Full-Spectrum Programmable Grow Light, Enhanced Ventilation & Circulation","New","4","0","4","0","0","0","0","CAD","0","7","14","15","","699.99","0.0","629.99","0.0","CreateShippingPlan","4","0.0","0","0","0.0","2.22","6.380208","cubic feet","Extra-large","25.520832","CA","gl_home","24132","22","0","2","4","629.99","0.0","4409.93","8854.86","9484.85","4","0","0","0","0","9.11","1","0","0","1","0","1","","","","","","","","","","","","","","","45.5","14","2026-05-07","2026-04-27","Yes","No","15.7","45.5","2026-04-27","5","0","0","0","22","N","","",""
"2026-04-30","308105-25K","X002CTURQZ","B0739ZSW17","VIVOSUN Insulated Spiral Pipe Wrap Insulation Bubble Film 6-Inch by 25-Feet","New","103","0","28","61","0","0","0","CAD","0","2","10","24","Low traffic","26.99","0.0","26.99","0.0","NoRestockExcessActionRequired","139","25.12","27","0","431.03","0.29","0.212133","cubic feet","Standard","21.849699","CA","gl_home_improvement","95729","366","67","412","111","25.49","0.0","50.03","255.15","610.0","8","19","1","0","0","45.71","103","0","72","31","0","0","","","","","","","","","","","","","","","1276.5","0","","2026-04-27","Yes","No","1276.5","236.7","2026-04-27","206","0","0","0","366","N","","",""
"2026-04-30","332567K","X002B0KFFN","B07FJWM52K","VIVOSUN 2700 GPH Submersible Water Pump, 120W Pond Pump, Ultra Quiet Aquarium Pump with 15FT. Lift Height for Pond Waterfall, Fish Tank, Statuary, or Hydroponics","New","1","0","18","0","0","0","0","CAD","17","74","107","122","","89.99","0.0","68.62","0.0","NoExcessInventory","134","0.0","0","0","0.0","1.59","0.460119","cubic feet","Oversize","0.460119","CA","gl_home_improvement","699","60","0","8","15","68.39","1254.44","5413.61","8068.01","9244.48","18","0","0","0","0","79.56","148","40","72","36","33","3","","","","","","","","","","","","","","","59.7","98","2026-06-13","2026-04-27","Yes","No","14.1","59.7","2026-04-27","174","25","2","6","90","N","","",""
"2026-04-30","RC-0004K","X004KRHCV5","B0CQYD6HK5","VIVOSUN 72 Rockwool Cubes & Net Pots Set for Hydroponics, 1.2” x 1.2” x 1.6” Cubes, 72 Plugs & 72 2” Net Cups for Hydroponic Growing, Seed-Starting, Cloning, Tower Gardens","New","8","0","25","0","0","0","0","CAD","9","11","58","95","","29.99","0.0","29.99","0.0","CreateShippingPlan","57","0.0","0","0","0.0","2.69","0.364526","cubic feet","Standard","2.916208","CA","gl_home","30047","96","0","20","7","29.99","269.91","329.89","1649.42","2681.05","25","0","0","0","0","19.71","48","10","33","5","13","2","","","","","","","","","","","","","","","24.8","35","2026-07-20","2026-04-27","Yes","No","4.3","24.8","2026-04-27","68","12","0","1","116","N","","",""
"2026-04-30","304866x2K","X002D2F6OT","B01F30YI9K","VIVOSUN 2 Packs 3 inch x 7 ft Heavy Duty Double-Side Indoor Outdoor Dust Barriers Peel & Stick Zipper for Tarp, Black","New","49","0","53","8","0","0","0","CAD","20","55","100","132","","31.99","0.0","31.99","0.0","NoRestockExcessActionRequired","56","0.0","0","0","0.0","1.21","0.081162","cubic feet","Standard","3.976938","CA","gl_home","19655","40","0","9","12","29.99","607.8","1668.25","3045.4","4015.48","0","51","2","0","0","3.52","75","75","0","0","7","2","","","","","","","","","","","","","","","69.2","113","2026-05-25","2026-04-27","No","No","68.2","69.2","2026-04-27","131","7","0","0","104","N","","",""
"2026-04-30","VSGB-7K","X0041EANFT","B0BLBQJ5J7","VIVOSUN 5-Pack 7 Gallon Grow Bags, 500G Thick Nonwoven Fabric Pots with Strap Handles, Multi-Purpose Rings, for Low Stress Plant Training Fruits, Vegetables, and Flowers","New","78","0","82","0","0","0","0","CAD","18","56","89","116","","27.99","0.0","27.99","0.0","NoExcessInventory","146","0.0","0","0","0.0","1.7","0.242356","cubic feet","Standard","18.903768","CA","gl_home","1569","297","0","16","25","27.99","503.82","1567.44","2491.11","3246.84","69","13","0","0","0","32.23","153","0","17","136","2","1","","","","","","","","","","","","","","","59.3","0","","2026-04-27","No","No","32.0","59.3","2026-04-27","231","0","1","1","301","N","","",""
"2026-04-30","332591K","X002KJ7PP3","B07ZR9PGV9","VIVOSUN 5284 GPH Submersible Water Pump, 400W Pond Pump, Ultra Quiet Aquarium Pump with 29.5FT Lift Height for Pond, Waterfall, Fish Tank, Statuary, Hydroponic","New","42","0","38","7","0","0","0","CAD","7","15","21","24","","169.99","0.0","129.19","0.0","NoRestockExcessActionRequired","42","0.0","0","0","0.0","0.4","0.932307","cubic feet","Oversize","39.156894","CA","gl_home_improvement","13062","59","0","11","22","129.19","904.33","2019.45","2869.39","3345.36","1","11","26","0","0","24.18","0","0","0","0","1","0","","","","","","","","","","","","","","","255.6","32","2026-06-14","2026-04-27","Yes","No","137.0","255.6","2026-04-27","42","0","1","0","61","N","","",""
"2026-04-30","330702x2K","X001B8V3ST","B00UHBBPHE","VIVOSUN Heavy-Duty Polyester Plant Trellis Netting 5 x 30ft 2 Pack","","1","0","1","0","0","0","0","CAD","","","","","","0.0","0.0","0.0","0.0","GoToStranded","","","0","0","","0.0","0.047785","cubic feet","Standard","0.047785","CA","gl_lawn_and_garden","","366","0","","","22.99","","","","","1","0","0","0","0","","0","0","0","0","0","0","","","","","","","","","","","","","","","","0","","","","","","","2026-04-27","1","0","0","0","366","N","","",""
"2026-04-30","HM001K","X002M1C0PJ","B0823MGXXD","VIVOSUN Reptile Heating Pad 6x8 Inch with Thermostat Combo Under Tank Terrarium Heating Mat Surface Waterproof for Turtles, Lizards, Frogs and Other Reptiles","New","46","0","30","0","0","0","0","CAD","0","0","31","63","Low traffic","35.99","0.0","35.99","0.0","CreateShippingPlan","76","0.0","0","0","0.0","4.0","0.067279","cubic feet","Standard","3.094834","CA","gl_pet_products","11877","98","0","","9","35.99","0.0","0.0","1110.35","2262.03","30","0","0","0","0","5.02","1","0","0","1","40","0","","","","","","","","","","","","","","","","59","2026-07-23","","","","","6.7","2026-04-27","77","30","7","3","111","N","","",""
"2026-04-30","VSV-IFP4CK","X004H4F04H","B0DNSXKN4G","VIVOSUN 4” Inline Booster Duct Fan with Speed Regulator, 130 CFM Quiet Exhaust Fan for HVAC Ventilation in Grow Tents, Basements, Bathrooms, Kitchens, and Attics","New","137","0","245","0","0","0","0","CAD","21","62","136","221","","34.99","0.0","34.99","0.0","NoRestockExcessActionRequired","251","0.0","0","0","0.0","2.2","0.121413","cubic feet","Standard","16.633581","CA","gl_home","5678","220","0","18","16","34.99","734.79","2169.38","4758.64","7732.79","245","0","0","0","0","28.09","144","104","0","40","116","2","","","","","","","","","","","","","","","18.1","102","2026-11-22","2026-04-27","Yes","No","12.8","18.1","2026-04-27","395","114","0","2","294","N","","",""
"2026-04-30","VC-0002K","X003YK5AEF","B0B7J1151P","VIVOSUN 2-Pcs. Grow Tent Vent Cover, 4""/6""/8"" Duct Filter Vent Cover with Elastic Band and Fixed Buckle for Plant Grow Tent Vent","New","39","0","39","0","0","0","0","CAD","0","10","22","23","Low traffic","13.49","0.0","13.49","0.0","NoExcessInventory","39","0.0","0","0","0.0","1.02","0.051571","cubic feet","Standard","2.011269","CA","gl_home","71812","108","0","15","22","13.49","0.0","134.9","296.78","310.27","1","38","0","0","0","1.88","0","0","0","0","0","0","","","","","","","","","","","","","","","117.4","24","2026-08-01","2026-04-27","Yes","No","86.7","117.4","2026-04-27","39","0","0","0","108","N","","",""
"2026-04-30","330704-04X2K","X003RRCXQD","B0BVM964Z8","VIVOSUN 5 x 15 ft. Plant Trellis Netting, Heavy-Duty Polyester Grow Net, Garden Trellis Netting with Square Mesh for Climbing Plants, Vegetables, Fruits, and Flowers, 2-Pack","New","302","0","151","4","153","0","0","CAD","9","21","30","35","","17.99","0.0","15.09","0.0","Create Outlet deal","198","14.39","2","0","225.4","0.15","0.043842","cubic feet","Standard","13.240284","CA","gl_home","359","366","104","57","112","15.09","135.81","340.09","488.7","578.65","76","75","0","153","0","29.86","0","0","0","0","1","0","0","0.0","75","4.47","75","6.71","3","0.58","0","0.0","0","0.0","0","0.0","639.5","0","","2026-04-27","Yes","No","444.1","639.5","2026-04-27","302","0","0","1","366","N","","",""
"2026-04-30","LH-001-2K","X003ZEV97H","B0C2436JDR","VIVOSUN 2-Pair 1/8 Inch Adjustable Grow Light Hanger, Heavy Duty Rope Hanger with Reinforced Metal Gears, 8Ft. Long and 150 lbs Weight Capacity Rope for Grow Light, Inline Fan, Filters","New","68","0","75","0","0","0","0","CAD","26","28","57","108","","19.33","0.0","19.33","0.0","NoExcessInventory","120","0.0","0","0","0.0","2.52","0.042132","cubic feet","Standard","2.864976","CA","gl_lawn_and_garden","10331","152","0","26","22","19.33","502.58","541.24","1101.81","2087.64","75","0","0","0","0","4.65","120","70","0","50","4","0","","","","","","","","","","","","","","","18.7","48","2026-09-15","2026-04-27","No","Yes","4.1","18.7","2026-04-27","190","2","0","2","259","N","","",""
"2026-04-30","308141K","X001NAFG9H","B018VI76JA","VIVOSUN Horticulture Highly Reflective Mylar Film Roll 4FT X 50FT 2 Mil","New","20","0","20","0","0","0","0","CAD","8","32","55","77","","39.99","0.0","39.99","0.0","NoRestockExcessActionRequired","29","0.0","0","0","0.0","3.84","0.160187","cubic feet","Oversize","3.20374","CA","gl_home","5665","36","0","20","27","39.99","319.92","1207.68","2122.95","2956.06","20","0","0","0","0","1.34","144","126","0","18","9","0","","","","","","","","","","","","","","","10.3","62","2026-05-21","2026-04-27","Yes","No","10.3","9.9","2026-04-27","173","9","0","0","152","N","","",""
"2026-04-30","AP-15K","X003FGVA7T","B0BG2BT9RX","VIVOSUN 317GPH Air Pump 15W 6 Outlet 20 L/Min for Aquarium and Hydroponic Systems","New","45","0","52","0","0","0","0","CAD","13","15","63","101","","39.99","0.0","35.99","0.0","NoRestockExcessActionRequired","189","0.0","0","0","0.0","6.8","0.087974","cubic feet","Standard","3.95883","CA","gl_pet_products","2474","168","0","37","18","35.99","467.87","547.85","2359.37","3878.99","52","0","0","0","0","16.87","96","0","96","0","53","1","","","","","","","","","","","","","","","13.0","75","2026-10-01","2026-04-27","Yes","No","13.0","9.8","2026-04-27","189","48","2","3","172","N","","",""
"2026-04-30","CBIN-H500K","X003RDIDST","B0BMLG159J","VIVOSUN 500 Gallon Outdoor Compost Bin, Expandable Composter, Easy to Setup & Large Capacity for Backyard, Lawn (Black with Gloves)","New","30","0","26","5","0","0","0","CAD","9","27","40","50","","79.99","0.0","69.99","0.0","NoExcessInventory","30","0.0","0","0","0.0","0.93","0.652123","cubic feet","Oversize","19.56369","CA","gl_lawn_and_garden","6853","56","0","5","10","69.99","629.91","2009.73","2965.2","3657.1","0","26","0","0","0","10.96","10","0","0","10","6","0","","","","","","","","","","","","","","","116.6","38","2026-06-11","2026-04-27","Yes","No","70.8","116.6","2026-04-27","40","0","5","1","67","N","","",""
"2026-04-30","WB-3x100K","X002HBPE07","B07S61C2BM","VIVOSUN 5oz/sq.yd Barrier Landscape Fabric 3 x 100 Ft., Commercial Ground Cover Fabric Block, Gardening Fabric Mat, Black Heavy Duty Garden Cloth Felt for Flower Bed, Patio, Orchard, and Playground","New","9","0","0","0","10","0","0","CAD","1","3","6","9","","74.99","0.0","74.99","0.0","NoRestockExcessActionRequired","9","0.0","0","0","0.0","0.54","1.031944","cubic feet","Oversize","9.287496","CA","gl_home","5549","366","0","145","157","74.99","74.99","224.97","438.69","640.16","0","0","0","10","0","15.34","100","0","0","100","0","0","0","0.0","10","14.03","0","0.0","0","0.0","0","0.0","0","0.0","0","0.0","175.0","0","","2026-04-27","Yes","No","175.0","171.0","2026-04-27","109","0","0","0","366","N","","",""
"2026-04-30","PH001K","X002JPFX0R","B08228CNGT","VIVOSUN 3-in-1 Digital pH Meter with ATC, ±0.1 pH Accuracy, 0-14.0 pH Measurement Range","New","98","0","155","0","0","0","0","CAD","0","5","20","34","","32.99","0.0","29.77","0.0","NoRestockExcessActionRequired","150","0.0","0","0","0.0","0.54","0.030018","cubic feet","Standard","2.941764","CA","gl_kitchen","","332","0","78","37","29.77","0.0","156.7","631.75","1089.66","104","51","0","0","0","4.47","0","0","0","0","57","0","","","","","","","","","","","","","","","293.0","0","","2026-04-27","Yes","No","293.0","118.7","2026-04-27","150","52","0","5","345","N","","",""
"2026-04-30","332021-2K","X002HCQXP1","B07VJDZHXG","VIVOSUN 2-Pack 30X 60X Illuminated Jewelers Loupe Foldable Magnifier with LED Light for Jewelry Gems Watches Coins Stamps Antiques","New","93","0","60","34","0","0","0","CAD","0","16","21","25","Low traffic","19.99","0.0","19.99","0.0","Create Outlet deal","98","15.99","2","0","79.46","0.31","0.016895","cubic feet","Standard","1.571235","CA","gl_home","18017","214","25","48","100","18.99","0.0","303.34","399.29","479.25","0","60","0","0","0","2.84","100","70","30","0","0","1","","","","","","","","","","","","","","","267.9","21","2026-11-16","2026-04-27","No","No","185.7","267.9","2026-04-27","193","0","0","0","366","N","","",""
"2026-04-30","308122K","X0028NLQ8N","B018VI744C","VIVOSUN Poly Film 10' x 100' 5.5 Mil Black and White Panda Film","New","47","0","21","27","0","0","0","CAD","4","18","23","29","","109.99","0.0","109.99","0.0","NoRestockExcessActionRequired","47","0.0","0","0","0.0","0.49","0.936651","cubic feet","Oversize","44.022597","CA","gl_home","11329","73","0","23","47","104.49","423.46","1906.32","2439.27","3077.21","1","18","2","0","0","27.94","60","60","0","0","0","0","","","","","","","","","","","","","","","169.1","38","2026-06-27","2026-04-27","Yes","No","117.4","169.1","2026-04-27","107","0","0","0","171","N","","",""
"2026-04-30","RC-0003K","X0047DUT3P","B0CQ7W5RZZ","VIVOSUN 1 Inch Rockwool Cubes, Grow Cubes for Hydroponics, Cuttings, Cloning, Plant Propagation, Seed Startling, 2 Sheets 100 Plugs","New","48","0","60","0","0","0","0","CAD","6","30","70","83","","15.99","0.0","15.99","0.0","NoRestockExcessActionRequired","115","0.0","0","0","0.0","3.22","0.082712","cubic feet","Standard","3.970176","CA","gl_biss","23523","142","0","14","17","15.99","95.94","479.7","1119.3","1327.17","60","0","0","0","0","9.45","64","0","64","0","5","0","","","","","","","","","","","","","","","18.8","48","2026-09-05","2026-04-27","Yes","No","8.0","18.8","2026-04-27","115","3","0","2","146","N","","",""
"2026-04-30","330301K","X003YG5X19","B09SZ9VS93","VIVOSUN 10""x20.75"" Seedling Heat Mat with Built-in Temperature Controller, UL & MET-Certified Waterproof Plant Heating Pad for Germination, Hydroponics, Brewing, Breeding, and Greenhouses","New","84","0","138","0","0","0","0","CAD","51","226","417","553","","27.99","0.0","25.19","0.0","CreateShippingPlan","225","0.0","0","0","0.0","3.1","0.046843","cubic feet","Standard","3.934812","CA","gl_lawn_and_garden","3606","23","0","3","5","27.99","1290.29","5964.54","11181.83","14730.87","82","56","0","0","0","7.46","140","140","0","0","43","10","","","","","","","","","","","","","","","32.3","287","2026-05-09","2026-04-27","No","No","26.5","32.3","2026-04-27","265","41","1","1","57","N","","",""
"2026-04-30","VSF-AWE6-G2x2K","X004DZX821","B0BZYVVKQB","VIVOSUN 2-Pack AeroWave E6 Gen2, Grow Tent Clip Fan 6”, EC Motor, Smart Control, Powerful Oscillating Fan, Local Timer, Weatherproof IP54, for Hydroponics Circulation Cooling, Black","New","147","0","123","0","0","0","0","CAD","15","15","97","149","","149.99","0.0","146.01","0.0","NoExcessInventory","294","0.0","0","0","0.0","3.04","0.782656","cubic feet","Oversize","115.050432","CA","gl_lawn_and_garden","5336","219","0","93","30","149.99","2164.85","2164.85","10948.45","16689.21","123","0","0","0","0","160.31","204","88","104","12","43","0","","","","","","","","","","","","","","","19.0","89","2026-11-21","2026-04-27","Yes","No","19.0","18.7","2026-04-27","394","43","0","0","291","N","","",""
"2026-04-30","VSVC-AZT6K","X00417RTWL","B0CBPGTTYW","VIVOSUN Smart Air Filtration T6 Kit 6"", AeroZesh T6 Inline Duct Fan with E12 Speed Controller, Carbon Filter & 8' Ducting, Cooling & Ventilation System for Grow Tents, Indoor Gardening, Hydroponics","New","2","0","3","0","0","0","0","CAD","5","13","24","29","","209.99","0.0","209.99","0.0","NoRestockExcessActionRequired","2","0.0","0","0","0.0","4.7","2.373503","cubic feet","Oversize","4.747006","CA","gl_home","6224","6","0","11","16","209.99","1049.95","2729.87","5039.76","6037.21","3","0","0","0","0","0.87","35","35","0","0","1","0","","","","","","","","","","","","","","","24.3","23","2026-04-30","2026-04-27","Yes","No","13.2","24.3","2026-04-27","37","0","1","0","149","N","","",""
"2026-04-30","VSL-LL100X2-NK","X004RRMNFX","B08JG8F18N","VIVOSUN 2-Pack VS1000 LED Grow Light with Samsung LM301 Diodes & Sosen Driver Dimmable Lights Sunlike Full Spectrum for Indoor Plants Seedling Veg and Bloom Plant Grow Lamps for 2x2/3x3 Grow Tent","New","16","0","20","0","0","0","0","CAD","4","12","23","23","","279.99","0.0","279.99","0.0","NoRestockExcessActionRequired","22","0.0","0","0","0.0","4.0","0.757722","cubic feet","Standard","12.123552","CA","gl_lawn_and_garden","8321","98","0","30","50","279.99","1119.96","3359.88","6439.77","6439.77","20","0","0","0","0","15.66","74","71","0","3","6","0","","","","","","","","","","","","","","","20.6","17","2026-07-22","2026-04-27","Yes","No","20.6","17.8","2026-04-27","96","6","0","0","327","N","","",""
"2026-04-30","GAT-002K","X003T0MGGP","B0C1MHLZSC","VIVOSUN 7Ft. Arch Trellis for Climbing Plants, 7 x 6 x 7ft Tall Metal Tunnel Trellis, Lightweight Metal Plant Support Archway with Nylon Netting for Climbing Vine, Vegetables, Fruits, Flowers, Black","New","7","0","62","0","0","0","0","CAD","31","42","180","202","","119.99","0.0","51.29","0.0","NoRestockExcessActionRequired","12","0.0","0","0","0.0","2.37","1.235095","cubic feet","Oversize","8.645665","CA","gl_lawn_and_garden","2610","3","0","18","12","51.29","1906.09","2565.98","10775.1","12581.19","62","0","0","0","0","5.19","191","190","0","1","38","0","","","","","","","","","","","","","","","32.0","120","2026-04-30","2026-04-27","Yes","No","5.1","32.0","2026-04-27","203","5","7","26","269","N","","",""
"2026-04-30","305131K","X00249CNEH","B01DNUIGUY","VIVOSUN Soil Tester 3-in-1 Plant Moisture Meter Light and PH Tester for Home, Garden, Lawn, Farm, Indoor and Outdoor Use, Promote Plants Healthy Growth","New","194","0","201","2","0","0","0","CAD","11","47","67","85","","11.99","0.0","11.39","0.0","NoRestockExcessActionRequired","195","0.0","0","0","0.0","0.66","0.050459","cubic feet","Standard","9.789046","CA","gl_lawn_and_garden","9140","152","0","16","29","11.39","126.49","533.33","759.41","964.43","100","100","1","0","0","9.36","0","0","0","0","3","0","","","","","","","","","","","","","","","144.3","53","2026-09-17","2026-04-27","No","No","107.0","144.3","2026-04-27","195","1","2","0","154","N","","",""
"2026-04-30","333101-BK","X002JO1G95","B087TJGHWJ","VIVOSUN Indoor Hydroponics Anti UVA & UVB Grow Room Glasses Goggles with Glasses Case","New","32","0","41","0","0","0","0","CAD","10","20","40","57","","18.99","0.0","18.99","0.0","NoRestockExcessActionRequired","35","0.0","0","0","0.0","1.58","0.048847","cubic feet","Standard","1.563104","CA","gl_sports","16376","53","0","24","28","18.99","189.4","379.3","756.6","1078.93","23","18","0","0","0","1.34","92","92","0","0","5","0","","","","","","","","","","","","","","","72.1","36","2026-06-08","2026-04-27","Yes","No","72.1","63.5","2026-04-27","127","3","1","1","256","N","","",""
"2026-04-30","VSVC-AZG8E42A-CA","X004AB1OPB","B0CBRRD7SP","VIVOSUN Smart Air Filtration PRO G8 Kit 8"", AeroZesh G8 Inline Duct Fan w/GrowHub E42A Temp. Humidity WiFi-Controller, Carbon Filter & Ducting, Cooling & Ventilation System for Grow Tent, Hydroponics","New","3","0","0","3","0","0","0","CAD","3","4","7","7","","299.99","0.0","299.99","0.0","CreateShippingPlan","0","0.0","0","0","1060.65","0.48","4.569855","cubic feet","Oversize","13.709565","CA","gl_home","6224","16","0","3","5","299.99","899.97","1199.96","2129.93","2129.93","0","0","0","0","0","7.45","0","0","0","0","0","1","","","","","","","","","","","","","","","112.3","11","2026-05-01","2026-04-27","Yes","No","33.8","112.3","2026-04-27","3","0","0","0","16","N","","",""
"2026-04-30","VGPF-2100K","X003R1AGKJ","B0BVBBLDLZ","VIVOGROW Bio Pressure Pond Filter, up to 2100 Gallons, Pond Filter System with Convenient Cleaning Crank Handle for Garden, Pool, Fishpond, Black","New","17","0","15","0","0","0","0","CAD","11","19","22","24","","179.99","0.0","161.99","0.0","Create Outlet deal","1","143.99","2","0","111.37","5.11","1.949315","cubic feet","Oversize","33.138355","CA","gl_home_improvement","5491","27","0","6","17","161.99","1781.89","3113.81","3635.78","3995.76","15","0","0","0","0","23.1","15","15","0","0","2","1","","","","","","","","","","","","","","","34.1","32","2026-05-13","2026-04-27","Yes","No","32.9","34.1","2026-04-27","33","1","1","0","57","N","","",""
"2026-04-30","GB0006K","X002HMCIJB","B07WYDG3XB","VIVOSUN Bamboo Plant Stand 3 Tier for Indoor Plants, Hanging Plant Rack Foldable Tall Plant Shelf Indoor Plant Rack Outdoor Multiple Flower Pot Holder","New","1","0","1","0","0","0","0","CAD","","","","","Low traffic","79.99","0.0","79.99","0.0","Advertise listing","0","0.0","0","0","163.11","0.0","0.739313","cubic feet","Oversize","0.739313","CA","gl_lawn_and_garden","528092","366","0","","","79.99","","","","","1","0","0","0","0","0.54","0","0","0","0","0","0","","","","","","","","","","","","","","","","0","","","","","","","2026-04-27","1","0","0","0","366","N","","",""
"2026-04-30","VSGB-3K","X0041ECFCX","B0BLB36L7K","VIVOSUN 5-Pack 3 Gallon Grow Bags, 500G Thick Nonwoven Fabric Pots with Strap Handles, Multi-Purpose Rings, for Low Stress Plant Training Fruits, Vegetables, and Flowers","New","94","0","51","0","0","0","0","CAD","8","34","50","63","","22.99","0.0","22.99","0.0","NoExcessInventory","166","0.0","0","0","0.0","1.21","0.123095","cubic feet","Standard","11.57093","CA","gl_home","1569","248","0","16","29","22.99","183.92","769.17","1127.81","1426.68","24","24","3","0","0","19.25","48","0","24","24","25","0","","","","","","","","","","","","","","","78.7","24","2026-12-18","2026-04-27","Yes","No","41.8","78.7","2026-04-27","166","24","0","1","252","N","","",""
"2026-04-30","RGB-0010-1K","X004DA239F","B0CNVJL7KH","VIVOSUN 3.6 x 1.3Ft Wooden Raised Garden Bed, 43.5 x 16 x 14 Inches, Outdoor Wood Planter Box with Screwdriver and a Liner for Gardening, Patio, Balcony, Backyard and Outdoors","New","106","0","91","0","0","0","0","CAD","7","13","14","14","","99.99","0.0","85.49","0.0","Edit listing","0","0.0","0","0","33171.84","0.31","1.803591","cubic feet","Oversize","191.180646","CA","gl_home","5762","366","0","32","98","85.49","598.43","1154.12","1254.11","1254.11","55","36","0","0","0","138.72","0","0","0","0","14","0","","","","","","","","","","","","","","","442.0","0","","2026-04-27","Yes","No","310.8","442.0","2026-04-27","108","2","11","1","366","N","","",""
"2026-04-30","HSB950B-2500LK","X00305V1U1","B097HF98WF","VIVOSUN 660GPH Submersible Water Pump, 2500L/H 35W Aquarium Pump, Ultra Quiet Fountain Pump with 8.2ft/2.5m High Lift for Fish Tank, Pond, Aquarium, Statuary, Hydroponics","New","0","0","5","0","0","0","0","CAD","21","26","169","301","","29.99","0.0","26.99","0.0","NoRestockExcessActionRequired","308","0.0","0","0","0.0","12.84","0.053829","cubic feet","Standard","0.0","CA","gl_home_improvement","218","257","0","70","19","26.99","593.79","731.74","4780.31","8633.99","5","0","0","0","0","15.13","455","48","264","143","27","7","","","","","","","","","","","","","","","10.9","147","2026-12-29","2026-04-27","No","Yes","2.1","10.9","2026-04-27","475","20","0","7","287","N","","",""
"2026-04-30","306201P-4K","X001D613UR","B01DXYMGOM","VIVOSUN T4 4 Inch 190 CFM Inline Duct Ventilation Fan with Variable Speed Controller for Grow Tent","New","20","0","19","0","0","0","0","CAD","9","54","144","176","","75.99","0.0","75.99","0.0","NoRestockExcessActionRequired","84","0.0","0","0","0.0","4.65","0.623987","cubic feet","Oversize","12.47974","CA","gl_kitchen","19284","23","0","22","21","75.99","683.91","4103.38","10942.35","13374.03","19","0","0","0","0","25.32","277","277","0","0","13","3","","","","","","","","","","","","","","","18.3","110","2026-05-09","2026-04-27","Yes","No","9.6","18.3","2026-04-27","306","9","0","4","225","N","","",""
"2026-04-30","311008-01x50K","X00295TR77","B00W386VV4","VIVOSUN 50-Pack 1 Gallon Grow Bags for Plants, Black-and-White Material for Potting Up Seedlings and Rooting","New","4","0","8","0","0","0","0","CAD","12","90","107","125","","18.99","0.0","18.99","0.0","GoToRestock","5","0.0","0","0","0.0","1.77","0.045891","cubic feet","Standard","0.183564","CA","gl_lawn_and_garden","4848","1","0","1","4","18.99","227.88","1695.8","2001.03","2342.85","0","8","0","0","0","0.06","36","36","0","0","2","0","","","","","","","","","","","","","","","57.6","93","2026-04-29","2026-04-27","No","No","20.0","57.6","2026-04-27","41","1","0","1","20","N","","",""
"2026-04-30","330701-01K","X001BA006X","B00P7RUI3U","VIVOSUN Heavy-Duty Polyester Plant Trellis Netting 5 x 15ft, 1 Pack","New","111","0","296","0","0","0","0","CAD","83","199","253","270","","9.99","0.0","8.49","0.0","GoToRestock","261","0.0","0","0","0.0","1.22","0.010671","cubic feet","Standard","1.184481","CA","gl_lawn_and_garden","359","25","0","2","5","8.49","704.67","1790.01","2293.47","2463.3","154","142","0","0","0","2.41","10","10","0","0","167","2","","","","","","","","","","","","","","","87.9","371","2026-05-11","2026-04-27","No","No","57.4","87.9","2026-04-27","271","150","9","8","28","N","","",""
"2026-04-30","332563K","X0043U8YKH","B0CP7H9LS3","VIVOSUN 3000 GPH Submersible Water Pump with Barrier Bag, 150W Pond Pump, Ultra Quiet Aquarium Pump with 18FT. Lift Height for Pond, Waterfall, Fish Tank, Statuary, Hydroponic","New","71","0","64","0","0","0","0","CAD","9","16","20","27","","109.99","0.0","98.99","0.0","NoRestockExcessActionRequired","18","0.0","0","0","535.45","0.62","0.354591","cubic feet","Standard","25.175961","CA","gl_home_improvement","699","310","0","26","51","98.99","890.91","1633.34","2034.8","2694.73","13","48","3","0","0","37.09","35","0","20","15","0","0","","","","","","","","","","","","","","","209.4","0","","2026-04-27","Yes","No","209.4","201.4","2026-04-27","106","0","0","0","310","N","","",""
"2026-04-30","305130-PENK","X002AO9XN5","B06XKMH86J","VIVOSUN pH and TDS Meter Combo, 0.05ph High Accuracy Pen Type pH Meter ± 2% Readout Accuracy 3-in-1 TDS EC Temperature Meter for Hydroponics, Household Drinking, and Aquarium, UL Certified","New","211","0","80","0","0","0","0","CAD","12","140","421","623","","25.99","0.0","23.99","0.0","NoRestockExcessActionRequired","755","0.0","0","0","0.0","1.98","0.019802","cubic feet","Standard","4.178222","CA","gl_lawn_and_garden","1469","188","0","26","19","23.99","299.88","3621.5","10497.89","15491.27","80","0","0","0","0","14.79","720","270","450","0","125","10","","","","","","","","","","","","","","","41.5","302","2026-10-21","2026-04-27","Yes","No","15.7","41.5","2026-04-27","1025","94","4","27","266","N","","",""
"2026-04-30","HR-0000K","X004CY1XQ1","B0CPPFRJ4L","VIVOSUN Outdoor Handrail, 2 Step Stair Handrail, 26"" × 36"" Fits 1 to 2 Steps, Wrought Mattle Iron Handrail for Concrete Steps, Porch Steps, One-step Assembly, Black","New","105","0","73","33","0","0","0","CAD","0","1","4","9","","68.99","0.0","65.54","0.0","Create Outlet deal","23","55.19","2","0","4129.89","0.11","0.849491","cubic feet","Oversize","89.196555","CA","gl_home_improvement","25142","366","82","420","151","65.54","0.0","65.54","262.16","589.86","1","69","3","0","0","63.77","0","0","0","0","5","0","","","","","","","","","","","","","","","3320.0","0","","2026-04-27","Yes","No","3320.0","719.4","2026-04-27","105","0","4","1","366","N","","",""
"2026-04-30","330120x2J","X00280185H","B07TDJ6H7Z","VIVOSUN 2-Pack LCD Digital Aquarium Thermometer Fish Tank Water Terrarium Temperature with Suction Cup for Turtle","","1","0","0","0","1","0","0","CAD","","","","","","0.0","0.0","14.39","0.0","GoToStranded","1","0.0","0","0","0.0","0.45","0.017354","cubic feet","Standard","0.017354","CA","gl_biss","8565","2","0","","","15.99","","","","","0","0","0","1","0","0.0","0","0","0","0","0","0","0","0.0","0","0.0","1","0.04","0","0.0","0","0.0","0","0.0","0","0.0","","26","2026-04-29","","","","","","2026-04-27","1","0","0","0","2","N","","",""
"2026-04-30","306201PVC-6K","X002OW723V","B07SG989NY","VIVOSUN Inline Channel Fan 150 mm, Extractor Fan 663m³/h with Speed Controller, Activated Carbon Filter 240 cm, Temperature Humidity Meter for Grow Tent, Greenhouse and Greenhouse","New","19","0","0","19","0","0","0","CAD","1","7","11","17","","194.99","0.0","194.99","0.0","NoExcessInventory","19","0.0","0","0","0.0","0.57","2.472027","cubic feet","Oversize","46.968513","CA","gl_kitchen","30411","87","0","10","14","194.99","194.99","1364.93","2144.89","3313.84","0","0","0","0","0","30.35","0","0","0","0","0","0","","","","","","","","","","","","","","","163.6","15","2026-07-11","2026-04-27","Yes","No","89.3","163.6","2026-04-27","19","0","0","0","87","N","","",""
"2026-04-30","VSK-GIYP448-CA","X004T1ERMT","B0CMQ4VMHM","VIVOSUN GIY Plus Smart Grow Tent Kit, 4x4ft 4-Plant System, WiFi-Integrated Automatic Grow System with 2000D Mylar Grow Tent, Full-Spectrum Programmable Grow Light, Enhanced Ventilation & Circulation","New","21","0","21","0","0","0","0","CAD","0","3","4","8","","1099.99","0.0","989.99","0.0","NoRestockExcessActionRequired","21","0.0","0","0","16.96","1.02","8.736111","cubic feet","Extra-large","183.458331","CA","gl_home","24132","116","0","28","34","989.99","0.0","2969.97","4069.96","8029.92","5","16","0","0","0","121.89","0","0","0","0","0","1","","","","","","","","","","","","","","","149.8","14","2026-08-09","2026-04-27","Yes","No","149.8","89.0","2026-04-27","21","0","0","0","116","N","","",""
"2026-04-30","330102K","X000YNXVHD","B00Y27FJ1C","VIVOSUN Durable Waterproof Seedling Heat Mat 20"" x 20.75"" UL & MET-Certified Warm Hydroponic Heating Pad for Germination, Indoor Gardening, Greenhouse","New","189","0","207","11","0","0","0","CAD","22","105","227","274","","37.99","0.0","32.29","0.0","NoRestockExcessActionRequired","214","0.0","0","0","0.0","0.95","0.07059","cubic feet","Oversize","13.34151","CA","gl_lawn_and_garden","144","193","0","7","9","37.99","710.38","3539.75","7947.53","9603.86","56","150","1","0","0","9.36","1","0","0","1","59","1","","","","","","","","","","","","","","","97.6","93","2026-10-26","2026-04-27","Yes","No","72.4","97.6","2026-04-27","215","25","34","0","221","N","","",""
"2026-04-30","PP-30-4K","X0047DSAY5","B0C3LK4RZC","VIVOSUN Peat Pots, 120 Packs 3.15-Inch Seed Starting Pots with Drainage Holes, Round Nursery Pot, 20 Plant Labels for Flowers, Plants, Vegetables, 120Pcs","New","68","0","0","30","20","18","0","CAD","0","1","2","2","Low traffic","25.99","0.0","22.09","0.0","Create removal order","0","22.96","34","0","6474.67","0.03","0.321209","cubic feet","Standard","21.842212","CA","gl_home","145732","366","68","272","442","22.09","0.0","23.39","49.38","49.38","0","0","0","38","0","67.06","0","0","0","0","0","0","15","3.27","0","0.0","20","13.1","0","0.0","18","28.16","0","0.0","0","0.0","3072.0","0","","2026-04-27","Yes","No","1027.0","3072.0","2026-04-27","68","0","0","0","366","N","","",""
"2026-04-30","VSG-SPRAY-PP2LK","X004QXNAEB","B0FGHGBPC3","VIVOSUN 70oz Pump Sprayer, Portable Water Spray Bottle for Spraying Plants, Flowers, Weeds and Cleaning, Hand Pump with Side Filling Port, Measuring Cup, Adjustable Nozzles","New","222","0","186","0","0","0","0","CAD","19","67","118","153","","39.99","0.0","39.99","0.0","NoExcessInventory","510","0.0","0","0","29.06","1.14","0.383186","cubic feet","Standard","85.067292","CA","gl_lawn_and_garden","9535","274","0","25","36","39.99","759.81","2679.33","4718.82","6118.47","132","52","2","0","0","190.81","210","24","138","48","104","1","","","","","","","","","","","","","","","72.7","89","2027-01-15","2026-04-27","Yes","No","47.9","72.7","2026-04-27","534","102","0","2","292","N","","",""
"2026-04-30","VSF-AWE9K","X0046BLS2T","B0CYPFLPML","VIVOSUN AeroWave E9 Grow Tent Fan 9”, Black","New","39","0","42","0","0","0","0","CAD","4","25","46","61","","79.99","0.0","79.99","0.0","Create Outlet deal","75","63.99","2","0","446.78","2.17","0.551364","cubic feet","Standard","21.503196","CA","gl_kitchen","68127","366","0","28","37","75.99","311.96","1931.75","3547.54","4691.39","42","0","0","0","0","128.52","138","36","96","6","84","3","","","","","","","","","","","","","","","32.4","0","","2026-04-27","Yes","No","8.8","32.4","2026-04-27","261","84","0","0","366","N","","",""
"2026-04-30","307282-2K","X003Y9MGZR","B0B9GVFMCD","VIVOSUN 2-Pack Clamp Lamp Light with Detachable 5.5 Inch Aluminum Reflector up to 60W E26 Socket (No Bulb Included), 6 Feet Cord, UL Listed","New","0","0","22","0","0","0","0","CAD","14","105","201","217","","29.99","0.0","26.99","0.0","NoRestockExcessActionRequired","64","0.0","0","0","0.0","7.26","0.175775","cubic feet","Standard","0.0","CA","gl_home","7828","23","0","6","10","26.99","380.86","3094.95","5948.49","6428.33","22","0","0","0","0","9.0","180","120","60","0","18","4","","","","","","","","","","","","","","","11.0","180","2026-05-09","2026-04-27","No","Yes","8.0","11.0","2026-04-27","184","4","6","8","77","N","","",""
"2026-04-30","LH-001K","X003ZF76FZ","B0BTM3RC2G","VIVOSUN 1-Pair 1/8 Inch Adjustable Grow Light Hanger, Heavy Duty Rope Hanger with Reinforced Metal Gears, 8Ft. Long and 150 lbs Weight Capacity Rope for Grow Light, Inline Fan, Filters","New","83","0","9","93","0","0","0","CAD","12","48","102","122","","11.69","0.0","11.69","0.0","NoExcessInventory","90","0.0","0","0","0.0","0.76","0.030479","cubic feet","Standard","2.529757","CA","gl_home_improvement","18259","75","0","15","19","11.69","140.28","561.12","1192.38","1426.18","0","1","8","0","0","2.2","100","100","0","0","7","0","","","","","","","","","","","","","","","131.6","69","2026-06-29","2026-04-27","No","No","80.4","131.6","2026-04-27","190","7","0","0","175","N","","",""
"2026-04-30","311008-02x50K","X00294U8XF","B00W387078","VIVOSUN 50-Pack 2 Gallon Grow Bags for Plants, Black-and-White Material for Potting Up Seedlings and Rooting","New","115","0","117","0","0","0","0","CAD","10","45","83","86","","21.99","0.0","21.99","0.0","NoExcessInventory","115","0.0","0","0","0.0","0.74","0.075139","cubic feet","Standard","8.640985","CA","gl_lawn_and_garden","4848","96","0","10","17","21.99","219.9","974.15","1762.47","1828.44","0","96","21","0","0","7.82","0","0","0","0","2","0","","","","","","","","","","","","","","","134.2","39","2026-07-22","2026-04-27","No","No","90.4","134.2","2026-04-27","115","0","2","0","98","N","","",""
"2026-04-30","VSV-AZT4K","X003UGTR5V","B0BQF728P7","VIVOSUN AeroZesh T4 210 CFM Inline Duct Fan with E12 Speed Controller, Entirely Programmable PWM-Controlled EC Fan for Grow Tent Ventilation","New","3","0","10","0","0","0","0","CAD","8","10","26","34","","119.99","0.0","119.99","0.0","NoExcessInventory","9","0.0","0","0","0.0","5.91","0.635028","cubic feet","Standard","1.905084","CA","gl_kitchen","34022","124","0","13","12","119.99","959.02","1175.0","3058.24","4018.16","10","0","0","0","0","4.54","30","6","0","24","7","2","","","","","","","","","","","","","","","15.9","21","2026-08-17","2026-04-27","Yes","No","6.5","15.9","2026-04-27","39","6","0","1","152","N","","",""
"2026-04-30","RC-0001-4K","X0043SEDG3","B0BW94JFT3","VIVOSUN 1.6"" Rockwool Cubes, 112 Plugs Stonewool Starter Grow Cubes for Cuttings, Cloning, Plant Propagation, Seed Starting, Hydroponic Grow Media for Vigorous Plant Growth, 4 Sheets of 112 Plugs","New","29","0","18","0","0","0","0","CAD","6","24","56","67","","26.99","0.0","26.99","0.0","NoRestockExcessActionRequired","101","0.0","0","0","0.0","5.7","0.333856","cubic feet","Standard","9.681824","CA","gl_biss","20216","193","0","16","19","26.99","161.94","647.76","1511.44","1808.33","18","0","0","0","0","31.03","72","12","12","48","48","0","","","","","","","","","","","","","","","16.9","45","2026-10-25","2026-04-27","Yes","No","9.4","16.9","2026-04-27","149","48","0","0","209","N","","",""
"2026-04-30","311001-30x5K","X0016G57GP","B00VWU35F4","VIVOSUN 5-Pack 30 Gallons Grow Bags Heavy Duty Thickened Nonwoven Fabric Pots with Handles","New","455","0","427","0","0","0","0","CAD","108","388","522","568","","39.99","0.0","39.99","0.0","Create Outlet deal","110","38.31","14","0","2616.33","1.81","0.647993","cubic feet","Standard","294.836815","CA","gl_lawn_and_garden","15","311","0","8","19","39.99","4318.91","15467.01","20824.31","22663.85","211","216","0","0","0","521.98","376","32","0","344","160","9","","","","","","","","","","","","","","","59.7","0","","2026-04-27","Yes","No","41.0","59.7","2026-04-27","967","136","14","10","324","N","","",""
"2026-04-30","304113-P558K","X003Y97U71","B0CGHL4R3F","VIVOSUN P558 60""×60""×80"" PRO Grow Tent, with Thick 1 inch Poles, Strengthened High Reflective Mylar Oxford Fabric, Extra Hanging Bars & High CFM Kit for Hydroponics Indoor Plant for AeroLight A200SE×3","New","10","0","11","0","0","0","0","CAD","0","3","8","16","","329.99","0.0","329.99","0.0","Create Outlet deal","0","263.99","2","0","9096.81","1.56","3.671296","cubic feet","Extra-large","36.71296","CA","gl_home","28600","148","0","26","16","329.99","0.0","893.77","2510.72","4950.64","7","2","2","0","0","26.67","10","10","0","0","0","0","","","","","","","","","","","","","","","57.5","6","2026-09-10","2026-04-27","Yes","No","57.5","54.4","2026-04-27","20","0","0","0","272","N","","",""
"2026-04-30","DWC-0002K","X0038II7AH","B09JRRJVSJ","VIVOSUN DWC Hydroponics Grow System with Top Drip Kit, 5-Gallon Deep Water Culture, Recirculating Drip Garden System with Multi-Purpose Air Hose, Air Pump, and Air Stone (4 Buckets + Top Drip Kit)","New","3","0","6","0","0","0","0","CAD","8","45","83","100","","199.99","0.0","143.99","0.0","CreateShippingPlan","3","0.0","0","0","0.0","2.91","2.607197","cubic feet","Oversize","7.821591","CA","gl_lawn_and_garden","16031","2","0","0","0","199.99","1337.42","7058.45","13209.17","16203.4","0","6","0","0","0","1.43","0","0","0","0","3","0","","","","","","","","","","","","","","","39.9","56","2026-04-29","2026-04-27","Yes","No","18.3","39.9","2026-04-27","3","0","0","3","5","N","","",""
"2026-04-30","304113-P276K","X003Y9HOEP","B0CGHJ3F21","VIVOSUN P276 2.7x2.7 PRO Grow Tent, Indoor Plant Grow Tent Greenhouse with 2000D Mylar Fabric Thickened Support Poles, Extra Hanging Bars, 32""×32""×63""","New","9","0","15","0","0","0","0","CAD","1","4","7","10","","159.99","0.0","159.99","0.0","NoRestockExcessActionRequired","0","0.0","0","0","5424.49","1.26","1.808973","cubic feet","Oversize","16.280757","CA","gl_home","28600","148","0","19","24","159.99","159.99","607.96","1087.93","1519.9","14","0","1","0","0","15.77","10","10","0","0","3","0","","","","","","","","","","","","","","","59.1","8","2026-09-10","2026-04-27","Yes","No","56.3","59.1","2026-04-27","22","3","0","0","243","N","","",""
"2026-04-30","306109-68K","X003VVNGPR","B07WT519SL","VIVOSUN 6 Inch 8 Feet Black Non-Insulated Flex Air Aluminum Ducting for Ventilation w/ 2pcs 6 Inch Stainless Steel Clamps","New","73","0","58","0","0","0","0","CAD","3","19","25","33","","22.99","0.0","22.99","0.0","NoExcessInventory","146","0.0","0","0","0.0","0.99","0.16033","cubic feet","Standard","11.70409","CA","gl_home_improvement","6988","174","0","28","53","21.84","65.52","411.71","544.35","717.92","34","24","0","0","0","23.96","62","10","46","6","21","4","","","","","","","","","","","","","","","75.1","71","2026-10-06","2026-04-27","Yes","No","75.1","46.6","2026-04-27","156","21","0","0","183","N","","",""
"2026-04-30","GB0101-2K","X002UR5OUX","B08XBRTR3P","VIVOSUN 2-Pack 5 Tier Vertical Gardening Stackable Planter for Strawberries, Flowers, Herbs, Vegetables Brown","New","0","0","12","0","0","0","0","CAD","17","78","112","114","","92.99","0.0","83.69","0.0","NoRestockExcessActionRequired","8","0.0","0","0","0.0","3.53","1.265536","cubic feet","Oversize","0.0","CA","gl_home","2895","3","0","4","8","83.69","1432.03","6577.1","9462.31","9642.29","12","0","0","0","0","1.85","78","78","0","0","12","0","","","","","","","","","","","","","","","25.4","59","2026-04-30","2026-04-27","Yes","No","7.3","25.4","2026-04-27","86","8","0","4","80","N","","",""
"2026-04-30","330101CK","X000Y40U1R","B016MKY7C8","VIVOSUN 10""x 20.75"" Seedling Heat Mat and Digital Thermostat Combo Set, UL & MET-Certified Warm Hydroponic Heating Pad for Germination, Indoor Gardening, Greenhouse","","0","0","2","0","0","0","0","CAD","0","0","748","1627","","0.0","0.0","0.0","0.0","CreateShippingPlan","","","0","0","","2.35","0.119762","cubic feet","Standard","0.0","CA","gl_lawn_and_garden","","0","0","","0","39.99","0.0","0.0","26162.52","55985.73","2","0","0","0","0","","0","0","0","0","0","388","","","","","","","","","","","","","","","","0","","","","","","29.7","2026-04-27","0","0","0","0","0","N","","",""
"2026-04-30","304113-84K","X001JE5Y9J","B01DXYMSMM","VIVOSUN S848 4x8 Grow Tent 96""x48""x80"" High Reflective Mylar Tents with Observation Window and Floor Tray for Hydroponics Indoor Plant for VS4000/VSF4300","New","71","0","72","0","0","0","0","CAD","7","29","52","54","","276.99","0.0","216.88","0.0","NoRestockExcessActionRequired","71","0.0","0","0","0.0","1.13","2.776616","cubic feet","Oversize","197.139736","CA","gl_lawn_and_garden","1818","137","0","12","21","216.88","1533.12","6777.08","12572.47","13058.45","32","40","0","0","0","122.97","20","0","0","20","0","0","","","","","","","","","","","","","","","102.7","41","2026-08-31","2026-04-27","Yes","No","69.3","102.7","2026-04-27","91","0","0","0","137","N","","",""
"2026-04-30","306201PS-6K","X002HBQCJT","B07YZLP1WY","VIVOSUN Extractor Kit 150 mm Inline Fan 663m³/h EC Motor, Extractor with Activated Carbon Filter and Exhaust Pipe, Silent Fan Model for Interior, Growtent, Greenhouse and Hydroculture","","0","0","0","1","0","0","0","CAD","0","0","12","22","","0.0","0.0","0.0","0.0","CreateShippingPlan","","","0","0","","2.32","2.58563","cubic feet","Oversize","0.0","CA","gl_home","9109","0","0","","1","159.99","0.0","0.0","1919.88","3719.78","0","0","0","0","0","","3","3","0","0","0","0","","","","","","","","","","","","","","","","3","2026-04-29","","","","","31.9","2026-04-27","3","0","0","0","57","N","","",""
"2026-04-30","VSAW400SEK","X004ASRE03","B0D826L2JD","VIVOSUN AeroLight Wing AW400SE, LED Grow Light 400W with Integrated Circulation Fan, App Compatible, Used with Growhub Controller E42A/E25 to Achieve More Functions for 4 x 4/5 x 5 ft Grow Tent","New","15","0","0","0","15","0","0","CAD","0","0","2","4","Low conversion","569.99","0.0","569.99","0.0","Create Outlet deal","0","453.84","2","0","8819.3","0.3","1.704427","cubic feet","Oversize","25.566405","CA","gl_home","17884","337","15","","48","569.99","0.0","0.0","1082.98","2222.96","0","0","0","15","0","65.18","0","0","0","0","0","0","0","0.0","0","0.0","15","52.13","0","0.0","0","0.0","0","0.0","0","0.0","","0","","","","","","370.5","2026-04-27","15","0","0","0","337","N","","",""
"2026-04-30","311001-20x10K","X003DQEKYL","B097PJW1QP","VIVOSUN 10-Pack 20 Gallon Grow Bags Heavy Duty 300G Thickened Nonwoven Plant Fabric Pots with Handles","","0","0","3","0","0","0","0","CAD","6","88","150","167","","0.0","0.0","0.0","0.0","CreateShippingPlan","","","0","0","","3.21","0.759852","cubic feet","Standard","0.0","CA","gl_home","1086","6","0","2","3","45.99","275.94","4047.12","6896.52","7677.36","0","3","0","0","0","","48","24","12","12","1","4","","","","","","","","","","","","","","","34.7","98","2026-04-29","2026-04-27","No","No","12.1","34.7","2026-04-27","48","0","0","1","14","N","","",""
"2026-04-30","332594K","X0040NVO9P","B0BZXJGT3Z","VIVOSUN 3700 GPH Submersible Water Pump with Barrier Bag, Ultra Quiet 300W Pond Pump for Pond, Waterfall, Fish Tank, Statuary, Hydroponic, 21Ft. Lift Height","New","26","0","8","0","17","10","0","CAD","5","12","19","21","","139.99","0.0","111.99","0.0","NoExcessInventory","38","0.0","0","0","0.0","0.45","0.59199","cubic feet","Standard","15.39174","CA","gl_home_improvement","6415","75","0","12","23","111.99","601.95","1483.88","2379.81","2631.79","0","8","0","17","10","90.48","12","8","0","4","13","0","0","0.0","16","12.88","0","0.0","1","2.62","0","0.0","1","3.17","9","49.79","210.9","21","2026-07-01","2026-04-27","Yes","No","102.2","210.9","2026-04-27","50","12","1","0","97","N","","",""
"2026-04-30","301123B-10B","X000YNX4BV","B016POA2KW","VIVOSUN 1000 Watt UL Listed Dimmable Electronic Digital Ballast for MH HPS Grow Light Bulb Lamp","New","1","0","1","0","0","0","0","CAD","0","1","1","1","Low traffic","139.99","0.0","139.99","0.0","NoRestockExcessActionRequired","","","0","0","","4.0","0.214186","cubic feet","Standard","0.214186","CA","gl_lawn_and_garden","123956","22","0","4","13","139.99","0.0","139.99","139.99","139.99","1","0","0","0","0","","0","0","0","0","0","0","","","","","","","","","","","","","","","1.0","2","2026-05-07","2026-04-27","Yes","No","1.0","1.0","2026-04-27","1","0","0","0","22","N","","",""
"2026-04-30","VSN-WB110B1-CA","X004XNLJFV","B0D976XCDW","VIVOSUN 110 L/30 Gal Water Storage Bladder, Foldable and Portable Water Tank, Water Storage Bag Containers for RV, Camping, Garden, Irrigation, Drought Resistance, Firefighting","New","15","0","20","0","0","0","0","CAD","1","1","1","1","Low traffic","40.99","0.0","40.99","0.0","GoToStranded","","","0","0","","0.83","0.287018","cubic feet","Standard","4.30527","CA","gl_home","34096","366","0","300","975","40.99","40.99","40.99","40.99","40.99","20","0","0","0","0","","60","5","45","10","4","0","","","","","","","","","","","","","","","","0","","","","","","","2026-04-27","79","4","0","0","366","N","","",""
"2026-04-30","GB0100K","X002MBSJ9F","B083XMPXGB","VIVOSUN 5 Tier Vertical Gardening Stackable Planter for Strawberries, Flowers, Herbs, Vegetables Ivory","New","0","0","4","0","0","0","0","CAD","18","112","168","185","","59.99","0.0","53.99","0.0","GoToRestock","2","0.0","0","0","0.0","2.09","0.90847","cubic feet","Oversize","0.0","CA","gl_home","2895","2","0","1","2","53.99","1025.82","6280.88","9256.32","10252.15","4","0","0","0","0","0.33","39","25","0","14","1","4","","","","","","","","","","","","","","","48.6","71","2026-04-29","2026-04-27","Yes","No","12.0","48.6","2026-04-27","39","0","1","0","10","N","","",""
"2026-04-30","311001-45K","X0029O2KC7","B07SWYW8WX","VIVOSUN 1 Pack 45 Gallon Grow Bag, Fabric Pot with Handles for Growing Vegtables and Plants","New","26","0","49","0","0","0","0","CAD","32","61","116","122","","19.99","0.0","19.99","0.0","NoExcessInventory","137","0.0","0","0","0.0","2.59","0.10811","cubic feet","Standard","2.81086","CA","gl_lawn_and_garden","3661","75","0","9","16","19.99","639.68","1219.39","2289.84","2409.78","49","0","0","0","0","13.04","125","25","50","50","17","1","","","","","","","","","","","","","","","33.7","63","2026-06-29","2026-04-27","Yes","No","9.3","33.7","2026-04-27","162","11","5","1","100","N","","",""
"2026-04-30","332582-40K","X002L7RLJ9","B086QHTGZ5","VIVOSUN 660GPH 40W Submersible Pump for Fish Tank, Pond, Aquarium, Hydroponic Systems with 5ft Power Cord and 4 Nozzles Blue","New","11","0","44","0","0","0","0","CAD","27","27","63","76","","32.99","0.0","29.69","0.0","NoRestockExcessActionRequired","264","0.0","0","0","0.0","4.86","0.086651","cubic feet","Standard","0.953161","CA","gl_home_improvement","3457","273","0","25","29","29.69","823.43","823.43","1980.87","2389.44","44","0","0","0","0","23.29","162","0","126","36","106","0","","","","","","","","","","","","","","","39.0","53","2027-01-15","2026-04-27","Yes","No","39.0","6.6","2026-04-27","263","90","1","15","295","N","","",""
"2026-04-30","VS-THB1SK","X0045ZP87H","B0BXP3XLLR","VIVOSUN AeroLab THB1S Bluetooth Hygrometer Thermometer, Indoor Temp & Humidity Gauge with LCD, App Control, 2 Years Data Storage, Alert Notifications & Dual Channels, External Sensor Probe Included","New","53","0","56","0","0","0","0","CAD","18","27","37","37","","29.99","0.0","27.06","0.0","NoRestockExcessActionRequired","53","0.0","0","0","0.0","1.02","0.01884","cubic feet","Standard","0.99852","CA","gl_biss","","187","0","7","18","27.06","487.08","734.91","1030.31","1030.31","1","55","0","0","0","0.98","0","0","0","0","0","0","","","","","","","","","","","","","","","212.4","21","2026-10-20","2026-04-27","Yes","No","161.1","212.4","2026-04-27","53","0","0","0","187","N","","",""
"2026-04-30","VSV-AZT4E42APRK","X004R4ADCV","B0BQF568WN","VIVOSUN T4 4"" Inline Duct Fan & Temperature Humidity Controller, E42A+ WiFi-App Control AeroZesh Grow Tent Fan& Smart Thermostat, 210 CFM EC Motor Exhaust Fan for Heating Cooling, Greenhouse Accessory","New","53","0","0","53","0","0","0","CAD","1","9","19","26","","169.99","0.0","169.99","0.0","NoRestockExcessActionRequired","53","0.0","0","0","0.0","0.4","0.560733","cubic feet","Standard","29.718849","CA","gl_kitchen","34022","242","0","28","32","169.99","169.99","1459.91","3054.81","4139.74","0","0","0","0","0","28.95","12","0","0","12","0","1","","","","","","","","","","","","","","","228.0","17","2026-12-13","2026-04-27","Yes","No","156.1","228.0","2026-04-27","65","0","0","0","242","N","","",""
"2026-04-30","VSVC-AZG8E42APRK","X004R4991H","B0CBRRD7SP","VIVOSUN Smart Air Filtration PRO G8 Kit 8"", AeroZesh G8 Inline Duct Fan w/GrowHub E42A Temp. Humidity WiFi-Controller, Carbon Filter & Ducting, Cooling & Ventilation System for Grow Tent, Hydroponics","New","14","0","1","13","0","0","0","CAD","0","0","1","2","Low conversion","390.99","0.0","299.99","0.0","Lower price","0","144.67","2","0","13378.62","0.48","4.512932","cubic feet","Oversize","63.181048","CA","gl_home","6224","115","14","","136","299.99","0.0","0.0","369.55","738.66","0","0","1","0","0","49.87","7","7","0","0","2","0","3","9.2","0","0.0","0","0.0","0","0.0","0","0.0","0","0.0","0","0.0","","8","2026-08-08","","","","","746.0","2026-04-27","21","0","2","0","204","N","","",""
"2026-04-30","304113-P888K","X003Y9G09Z","B0CGHMPZ9R","VIVOSUN P888 96""×96""×80"" PRO Grow Tent, with Thick 1 inch Poles, Strengthened High Reflective Mylar Oxford Fabric, Extra Hanging Bars & High CFM Kit for Hydroponics Indoor Plant for VS4000×4","New","3","0","3","0","0","0","0","CAD","0","1","5","6","","499.99","0.0","499.99","0.0","Create Outlet deal","0","399.99","2","0","5627.9","1.26","7.17419","cubic feet","Extra-large","21.52257","CA","gl_home","28600","67","0","12","6","499.99","0.0","499.99","2499.95","2999.94","0","0","3","0","0","15.64","0","0","0","0","0","0","","","","","","","","","","","","","","","95.0","3","2026-06-21","2026-04-27","Yes","No","95.0","80.2","2026-04-27","3","0","0","0","67","N","","",""
"2026-04-30","VSVC-AZT6E42APRK","X004R497RD","B0CBPK262W","VIVOSUN Smart Air Filtration PRO T6 Kit 6"", AeroZesh T6 Inline Duct Fan w/GrowHub E42A+ Temp. Humidity WiFi-Controller, Carbon Filter & Ducting, Cooling & Ventilation System for Grow Tent, Hydroponics","New","18","0","18","0","0","0","0","CAD","2","7","18","24","","297.99","0.0","297.99","0.0","NoExcessInventory","30","0.0","0","0","0.0","1.32","2.446111","cubic feet","Oversize","44.029998","CA","gl_lawn_and_garden","81902","66","0","27","26","297.99","595.98","2085.93","5363.82","7151.76","10","8","0","0","0","47.5","30","30","0","0","0","0","","","","","","","","","","","","","","","67.4","18","2026-06-20","2026-04-27","Yes","No","62.6","67.4","2026-04-27","48","0","0","0","197","N","","",""
"2026-04-30","SPray-30LK","X00289XXFL","B07QTHHGZL","VIVOSUN 0.8-Gallon Pump Sprayer, Pressurized Lawn & Garden Sprayer with Adjustable Shoulder Strap for Plants, Garden Watering and Household Cleaning","New","1","0","7","0","0","0","0","CAD","14","69","98","119","","38.99","0.0","31.19","0.0","CreateShippingPlan","2","0.0","0","0","0.0","1.9","0.441175","cubic feet","Standard","0.441175","CA","gl_lawn_and_garden","1538","0","0","0","0","38.49","467.86","2236.35","3255.02","3962.18","2","5","0","0","0","0.23","0","0","0","0","6","2","","","","","","","","","","","","","","","55.0","216","2026-04-29","2026-04-27","No","No","19.1","55.0","2026-04-27","2","1","0","5","2","N","","",""
"2026-04-30","330103CK","X0028CCZVB","B074N2TTHP","VIVOSUN 48"" x 20.75"" Seedling Heat Mat and Digital Thermostat Combo Set, UL & MET-Certified Warm Hydroponic Heating Pad for Germination, Indoor Gardening, Greenhouse","","0","0","1","0","0","0","0","CAD","0","0","295","600","","0.0","0.0","0.0","0.0","CreateShippingPlan","","","0","0","","2.46","0.282499","cubic feet","Oversize","0.0","CA","gl_lawn_and_garden","","165","0","","2","68.99","0.0","0.0","19044.55","38073.2","1","0","0","0","0","","98","0","0","98","0","182","","","","","","","","","","","","","","","","33","2026-10-09","","","","","25.0","2026-04-27","98","0","0","0","165","N","","",""
"2026-04-30","VSVC-AZG4K","X003ZPI66N","B0CBRLZJHL","VIVOSUN Smart Air Filtration G4 Kit 4"", AeroZesh G4 Inline Duct Fan with E12 Speed Controller, Carbon Filter & 8' Ducting, Cooling & Ventilation System for Grow Tents, Indoor Gardening, Hydroponics","New","12","0","14","0","0","0","0","CAD","4","13","23","27","","149.99","0.0","149.99","0.0","NoExcessInventory","13","0.0","0","0","0.0","5.14","1.688112","cubic feet","Oversize","20.257344","CA","gl_home","6224","21","0","11","17","149.99","599.96","1949.87","3449.77","4049.73","14","0","0","0","0","13.87","25","25","0","0","1","0","","","","","","","","","","","","","","","11.9","33","2026-05-06","2026-04-27","Yes","No","11.9","9.3","2026-04-27","38","1","0","0","68","N","","",""
"2026-04-30","VSV-AZG8K","X003UH4B0B","B0C6SDK8WD","VIVOSUN AeroZesh G8 8-inch 807 CFM Inline Duct Fan with E12 Speed Controller, Entirely Programmable PWM-Controlled EC Fan for Grow Tent Ventilation","New","1","0","0","2","0","0","0","CAD","0","0","6","12","Low conversion","179.99","0.0","179.99","0.0","CreateShippingPlan","1","0.0","0","0","0.0","0.67","1.202426","cubic feet","Oversize","1.202426","CA","gl_lawn_and_garden","29549","1","0","","1","179.99","0.0","0.0","1079.94","2159.88","0","0","0","0","0","0.22","0","0","0","0","1","0","2","1.63","0","0.0","0","0.0","0","0.0","0","0.0","0","0.0","0","0.0","","32","2026-04-30","","","","","38.3","2026-04-27","1","0","1","0","3","N","","",""
"2026-04-30","Wheelspray-12LK","X003Y9K2W1","B07W6CY544","VIVOSUN 3.2 Gallon Lawn and Garden Wheeled Pump Compression Sprayer with Pressure Relief Valve, Labor-Saving Wheel Design","New","25","0","0","0","0","25","0","CAD","1","4","4","7","Low traffic","119.99","0.0","119.99","0.0","NoRestockExcessActionRequired","16","86.39","3","0","93.08","0.21","2.560283","cubic feet","Oversize","64.007075","CA","gl_lawn_and_garden","34499","68","0","25","46","119.99","115.49","467.96","467.96","779.93","0","0","0","1","24","595.03","0","0","0","0","0","0","0","0.0","0","0.0","0","0.0","0","0.0","1","12.47","0","0.0","24","574.19","441.5","17","2026-06-22","2026-04-27","Yes","No","281.3","441.5","2026-04-27","25","0","0","0","68","N","","",""
"2026-04-30","332561K","X0043U7FL1","B0CNPPL1HG","VIVOSUN 1600 GPH Submersible Water Pump with Barrier Bag, 100W Pond Pump, Ultra Quiet Aquarium Pump with 14FT. Lift Height for Pond, Waterfall, Fish Tank, Statuary, Hydroponic","New","23","0","46","0","0","0","0","CAD","25","45","52","54","","99.99","0.0","60.79","0.0","CreateShippingPlan","0","0.0","0","0","27.41","0.91","0.363379","cubic feet","Standard","8.357717","CA","gl_home_improvement","699","29","0","2","5","60.79","1617.15","3062.55","3615.98","3785.96","4","42","0","0","0","12.96","0","0","0","0","19","1","","","","","","","","","","","","","","","165.8","45","2026-05-15","2026-04-27","No","No","92.8","165.8","2026-04-27","39","16","2","1","33","N","","",""
"2026-04-30","SPray-20L-BGK","X002A9RKU3","B07VRDD15L","VIVOSUN 68oz Hand held Garden Sprayer Pump Pressure Water Sprayers, 0.53 Gallon Hand Sprayer for Lawn, Garden","New","1","0","1","0","0","0","0","CAD","","","","","Low traffic","24.99","0.0","24.99","0.0","Advertise listing","0","0.0","0","0","57.23","0.0","0.245463","cubic feet","Standard","0.245463","CA","gl_lawn_and_garden","","","0","","","24.99","","","","","1","0","0","0","0","0.25","0","0","0","0","0","0","","","","","","","","","","","","","","","","0","","","","","","","2026-04-27","1","0","0","0","","N","","",""
"2026-04-30","306109-6K","X003VVPZ3D","B07WT4VNC1","VIVOSUN 6 Inch 25 Feet Black Non-Insulated Flex Air Aluminum Ducting for HVAC Ventilation w/Two 6 Inch Stainless Steel Clamps","New","234","0","167","0","0","0","0","CAD","6","31","65","82","","33.99","0.0","33.99","0.0","Create Outlet deal","123","27.19","2","0","302.66","1.12","0.421444","cubic feet","Standard","98.617896","CA","gl_home_improvement","","286","0","49","60","32.29","194.24","1009.59","2106.35","2659.6","80","87","0","0","0","142.79","150","50","65","35","7","4","","","","","","","","","","","","","","","87.7","0","","2026-04-27","No","No","87.7","61.3","2026-04-27","391","7","0","0","339","N","","",""
"2026-04-30","332967-50K","X002IK09KH","B081N6NQ7B","VIVOSUN 6 Inch 50-Pack Garden Stakes, Galvanized Steel Landscape Stapes 11 Gauge U-Shaped Pins for Weed Barrier Fabric, Ground Cover, Soaker Hose, Irrigation Tubing, Holding Fence","New","40","0","358","0","0","0","0","CAD","22","45","49","49","","19.99","0.0","14.99","0.0","NoRestockExcessActionRequired","163","0.0","0","0","108.63","0.33","0.021213","cubic feet","Standard","0.84852","CA","gl_lawn_and_garden","4580","366","0","14","42","14.99","329.78","709.55","789.51","789.51","320","38","0","0","0","9.67","120","0","100","20","309","10","","","","","","","","","","","","","","","178.2","0","","2026-04-27","No","No","116.7","178.2","2026-04-27","460","300","2","7","366","N","","",""
"2026-04-30","PS-002K","X003RDK5Z3","B0BKZTQZCN","VIVOSUN Gardening Scissors 6.5 Inch Hand Pruner Pruning Shear with Straight Stailess Steel Blades, Black and Green, 1-Pack","New","391","0","781","0","0","0","0","CAD","59","148","272","363","","11.99","0.0","9.49","0.0","NoRestockExcessActionRequired","998","0.0","0","0","0.0","0.97","0.006909","cubic feet","Standard","2.701419","CA","gl_home_improvement","199","205","0","14","19","9.49","570.61","1560.32","2885.28","3922.57","603","178","0","0","0","6.73","160","40","0","120","618","2","","","","","","","","","","","","","","","77.6","228","2026-11-07","2026-04-27","No","No","63.9","77.6","2026-04-27","1037","486","127","5","259","N","","",""
"2026-04-30","LED-4barK","X00305XH7L","B08D6L45FP","VIVOSUN Patented Design VS4300 LED Grow Light Foldable Dimmable Plant Grow Light with Samsung & OSRAM Diodes and 5 Dimming Option - Full Spectrum for Indoor Plants","","0","0","0","0","0","0","1","CAD","0","0","3","3","","0.0","0.0","0.0","0.0","CreateShippingPlan","","","0","0","","1.2","2.789063","cubic feet","Oversize","0.0","CA","gl_home","180652","0","0","","0","269.99","0.0","0.0","809.97","809.97","0","0","0","0","0","","0","0","0","0","0","0","0","0.0","0","0.0","0","0.0","0","0.0","0","0.0","0","0.0","1","26.06","","0","","","","","","45.3","2026-04-27","0","0","0","0","0","N","","",""
"2026-04-30","VSV-WVK3K","X004D5EDED","B0DDKLX3FZ","VIVOSUN Portable AC Sliding Door Vent Kit, 16.9""/21.2""-88.6"" Length Adjustable, Fits 5.1"" & 5.9"" Exhaust Hose for Sliding Doors or Windows, 5.9” Exhaust Hose Included","New","74","0","1","50","27","0","0","CAD","9","23","37","37","","57.79","0.0","49.12","0.0","NoRestockExcessActionRequired","1","0.0","0","0","343.13","0.36","0.547695","cubic feet","Standard","40.52943","CA","gl_home_improvement","30786","82","0","17","34","57.79","450.75","1225.13","1883.91","1883.91","1","0","0","27","0","61.09","24","24","0","0","2","0","24","8.93","27","20.1","0","0.0","0","0.0","0","0.0","0","0.0","0","0.0","292.7","24","2026-07-07","2026-04-27","Yes","No","143.2","292.7","2026-04-27","98","0","0","2","151","N","","",""
"2026-04-30","330701x2-K","X004CZVBKN","B088NSTT2R","VIVOSUN 5 x 15 ft. Plant Trellis Netting, Heavy-Duty Polyester Grow Net, Garden Trellis Netting with Square Mesh for Climbing Plants, Vegetables, Fruits, and Flowers, 2-Pack","New","94","0","76","1","0","0","29","CAD","21","43","61","67","","14.78","0.0","13.05","0.0","NoExcessInventory","110","0.0","0","0","0.0","0.57","0.018059","cubic feet","Standard","1.697546","CA","gl_home","359","46","0","10","21","13.05","274.05","590.56","856.6","945.28","1","75","0","0","0","7.1","15","15","0","0","5","0","0","0.0","0","0.0","0","0.0","0","0.0","0","0.0","0","0.0","29","4.89","187.3","77","2026-05-31","2026-04-27","Yes","No","139.4","187.3","2026-04-27","110","1","1","3","55","N","","",""
