"snapshot-date","sku","fnsku","asin","product-name","condition","available","pending-removal-quantity","inv-age-0-to-90-days","inv-age-91-to-180-days","inv-age-181-to-270-days","inv-age-271-to-365-days","inv-age-366-to-455-days","inv-age-456-plus-days","currency","units-shipped-t7","units-shipped-t30","units-shipped-t60","units-shipped-t90","alert","your-price","sales-price","lowest-price-new-plus-shipping","lowest-price-used","recommended-action","DEPRECATED healthy-inventory-level","recommended-sales-price","recommended-sale-duration-days","recommended-removal-quantity","estimated-cost-savings-of-recommended-actions","sell-through","item-volume","volume-unit-measurement","storage-type","storage-volume","marketplace","product-group","sales-rank","days-of-supply","estimated-excess-quantity","weeks-of-cover-t30","weeks-of-cover-t90","featuredoffer-price","sales-shipped-last-7-days","sales-shipped-last-30-days","sales-shipped-last-60-days","sales-shipped-last-90-days","inv-age-0-to-30-days","inv-age-31-to-60-days","inv-age-61-to-90-days","inv-age-181-to-330-days","inv-age-331-to-365-days","estimated-storage-cost-next-month","inbound-quantity","inbound-working","inbound-shipped","inbound-received","no-sale-last-6-months","Total Reserved Quantity","unfulfillable-quantity","quantity-to-be-charged-ais-181-210-days","estimated-ais-181-210-days","quantity-to-be-charged-ais-211-240-days","estimated-ais-211-240-days","quantity-to-be-charged-ais-241-270-days","estimated-ais-241-270-days","quantity-to-be-charged-ais-271-300-days","estimated-ais-271-300-days","quantity-to-be-charged-ais-301-330-days","estimated-ais-301-330-days","quantity-to-be-charged-ais-331-365-days","estimated-ais-331-365-days","quantity-to-be-charged-ais-366-455-days","estimated-ais-366-455-days","quantity-to-be-charged-ais-456-plus-days","estimated-ais-456-plus-days","historical-days-of-supply","fba-minimum-inventory-level","fba-inventory-level-health-status","Recommended ship-in quantity","Recommended ship-in date","Last updated date for Historical Days of Supply","Exempted from Low-Inventory-Level fee?","Low-Inventory-Level fee applied in current week?","Short term historical days of supply","Long term historical days of supply","Inventory age snapshot date","Inventory Supply at FBA","Reserved FC Transfer","Reserved FC Processing","Reserved Customer Order","Total Days of Supply (including units from open shipments)","supplier","is-seasonal-in-next-3-months","season-name","season-start-date","season-end-date"
"2026-04-30","306106-64J","X002EYTB0B","B082TX7PNB","VIVOSUN Stainless Steel Air Ducting Clamps, 6/8/12 Inch Adjustable Hose Clamps with Worm Drive for Ducting, Heating, Cooling, Exhaust, and Ventilation (Pack of 4)","New","69","0","70","0","0","0","0","0","USD","2","14","42","51","","14.99","0.0","10.44","0.0","NoExcessInventory","","0.0","0","0","0.0","0.73","0.075082","cubic feet","Standard","5.180658","US","gl_tools","30177","117","0","28","25","10.44","20.88","167.15","484.71","587.77","22","48","0","0","0","3.26","30","30","0","0","","1","1","","","","","","","","","","","","","","","","","111.3","56","Healthy","","","2026-04-27","Yes","No","98.5","111.3","2026-04-27","99","0","1","0","171","unassigned","N","","",""
"2026-04-30","VSK-GIYS448-US","X004T1F0FR","B0BY7Z72TR","VIVOSUN Smart Grow Tent Kit, 4 × 4ft 4-Plant System, WiFi-Integrated Automatic Grow System with Full Spectrum LED Grow Light, Efficient Ventilation System with GrowHub E42A+ Controller","New","43","0","61","0","0","0","0","0","USD","39","82","133","196","","719.99","0.0","579.99","550.99","NoRestockExcessActionRequired","","0.0","0","0","0.0","2.04","8.005208","cubic feet","Extra-large","344.223944","US","gl_lawn_and_garden","14023","54","0","7","10","579.99","23362.94","50341.84","82877.96","122693.33","16","45","0","0","0","126.09","111","44","67","0","","6","1","","","","","","","","","","","","","","","","","52.6","18","Healthy","","","2026-04-27","Yes","No","44.5","52.6","2026-04-27","154","0","2","4","63","unassigned","N","","",""
"2026-04-30","HM003J","X003DEYP6B","B0BBYX2XZ9","VIVOSUN Reptile Heating Pad 8x18 Inch with Thermostat Combo Under Tank Terrarium Heating Mat for Turtles, Lizards, Frogs, and Other Reptiles","New","78","0","146","0","0","0","0","0","USD","36","192","392","586","","39.99","0.0","39.99","0.0","NoRestockExcessActionRequired","","0.0","0","0","0.0","2.5","0.091592","cubic feet","Standard","7.144176","US","gl_pet_products","15907","58","0","10","11","39.99","1436.64","7193.08","14718.58","22438.77","64","82","0","0","0","4.06","420","220","100","100","","61","0","","","","","","","","","","","","","","","","","36.4","169","Low stock","","","2026-04-27","Yes","No","34.9","36.4","2026-04-27","555","57","2","2","99","unassigned","N","","",""
"2026-04-30","CHTrimer-02J","X003FU7E2Z","B0BJV7B8BY","VIVOSUN 20"" Cordless Hedge Trimmer, 20V Electric Bush Trimmer, 1400 RPM Shrub Trimmer, Dual-Action Laser Blade, 3/5"" Cutting Capacity, Lightweight & Compact, 2Pcs Batteries and Fast Charger Included","","0","0","2","4","8","0","0","0","USD","5","113","127","140","","0.0","0.0","0.0","0.0","NoRestockExcessActionRequired","","","0","0","","0.88","1.022211","cubic feet","Oversize","0.0","US","gl_lawn_and_garden","42423","0","0","4","12","60.91","279.95","6375.87","7415.73","8274.6","0","2","0","8","0","","130","130","0","0","","45","2","0","0.0","1","1.02","7","10.73","0","0.0","0","0.0","0","0.0","0","0.0","0","0.0","105.5","155","Out of stock","270","2026-05-06","2026-04-27","No","No","30.9","105.5","2026-04-27","130","0","45","0","60","unassigned","N","","",""
"2026-04-30","AqClean001J","X002A358ZD","B07WHW41BS","VIVOSUN Aquarium Gravel Cleaner Siphon Fish Tank Vacuum Cleaner with Fishing Net Long Nozzle Water Flow Controller - BPA Free","New","27","0","38","0","0","0","0","0","USD","5","18","18","38","Low traffic","9.99","0.0","9.99","0.0","NoExcessInventory","","0.0","0","0","0.0","2.41","0.125867","cubic feet","Standard","3.398409","US","gl_biss","66514","50","0","18","28","9.99","49.95","169.82","169.82","369.12","38","0","0","0","0","2.97","56","56","0","0","","9","0","","","","","","","","","","","","","","","","","56.7","65","Low stock","15","2026-05-07","2026-04-27","Yes","No","56.7","26.5","2026-04-27","91","8","1","0","115","unassigned","N","","",""
"2026-04-30","VSGBS-20x3","X003ZWTS77","B0CKWV77WQ","VIVOSUN 3-Pack 3-Grid 20 Gallon Grow Bags, Heavy Duty Square Plant Grow Pots, 400G Thickened Breathable Fabric Plant Container with Reinforced Handles & 10 Pcs Plant Labels for Flowers, Vegetables","New","0","0","23","0","0","0","0","0","USD","11","65","208","273","","23.99","0.0","0.0","0.0","NoRestockExcessActionRequired","","0.0","0","0","0.0","5.05","0.311879","cubic feet","Standard","0.0","US","gl_biss","37552","34","0","17","13","23.99","263.39","1558.85","4987.95","6546.3","23","0","0","0","0","3.05","280","200","40","40","","49","0","","","","","","","","","","","","","","","","","14.3","159","Low stock","63","2026-05-06","2026-04-27","Yes","No","9.3","14.3","2026-04-27","309","29","0","20","115","unassigned","N","","",""
"2026-04-30","332021","X00296J9AV","B07VK287M6","VIVOSUN 30X 60X Illuminated Jewelers Loupe Foldable Magnifier with LED Light for Jewelry Gems Watches Coins Stamps Antiques White","New","700","0","927","0","0","0","0","0","USD","92","443","639","845","","11.99","0.0","11.99","0.0","NoExcessInventory","","0.0","0","0","0.0","1.0","0.008907","cubic feet","Standard","6.2349","US","gl_home","5058","86","0","10","18","11.99","1057.08","4639.97","6710.61","9058.15","485","243","199","0","0","6.87","480","240","240","0","","215","0","","","","","","","","","","","","","","","","","95.3","352","Healthy","","","2026-04-27","No","No","63.1","95.3","2026-04-27","1375","195","15","5","110","unassigned","N","","",""
"2026-04-30","VSV-AZT6E42APR","X004R4LSC5","B0BMTK8J3P","VIVOSUN T6 6"" Inline Duct Fan & Temperature Humidity Controller, E42A+ WiFi-App Control AeroZesh Grow Tent Fan& Smart Thermostat, 408 CFM EC Motor Exhaust Fan for Heating Cooling, Greenhouse Accessory","New","177","0","181","5","0","0","0","0","USD","22","85","137","180","","130.99","0.0","120.99","0.0","NoExcessInventory","","0.0","0","0","0.0","0.74","0.765531","cubic feet","Oversize","135.498987","US","gl_lawn_and_garden","26793","87","0","9","14","120.99","2661.78","10314.15","17371.53","23412.95","0","1","180","0","0","60.58","20","20","0","0","","6","1","","","","","","","","","","","","","","","","","134.6","40","Healthy","","","2026-04-27","Yes","No","94.9","134.6","2026-04-27","197","0","5","1","100","unassigned","N","","",""
"2026-04-30","HGKB-36","X002MLJR9L","B08GPXVHD8","VIVOSUN Wall-Mounted Hydroponic Grow Kit, 1 Layers 36 Plant Sites 4 Food-Grade PVC-U Pipes Hydroponics Planting System with Water Pump, Pump Timer, Nest Basket and Sponge for Leafy Vegetables","New","124","0","129","0","0","0","0","0","USD","7","78","150","212","","74.99","0.0","74.99","70.53","NoRestockExcessActionRequired","","0.0","0","0","0.0","1.12","0.916667","cubic feet","Oversize","113.666708","US","gl_lawn_and_garden","45249","105","0","7","8","74.99","465.99","4407.44","8350.22","11964.35","0","36","93","0","0","49.99","20","20","0","0","","3","0","","","","","","","","","","","","","","","","","84.0","75","Healthy","37","2026-05-06","2026-04-27","Yes","No","60.8","84.0","2026-04-27","144","0","3","0","128","unassigned","N","","",""
"2026-04-30","306106-84J","X002EYVEU1","B082V19Z4W","VIVOSUN Stainless Steel Air Ducting Clamps, 6/8/12 Inch Adjustable Hose Clamps with Worm Drive for Ducting, Heating, Cooling, Exhaust, and Ventilation (Pack of 4)","New","110","0","102","9","0","0","0","0","USD","5","9","19","25","","19.99","0.0","14.99","13.73","NoExcessInventory","","0.0","0","0","2.45","0.33","0.097006","cubic feet","Standard","10.67066","US","gl_tools","30177","346","0","57","67","14.99","75.9","136.97","294.17","392.16","50","51","1","0","0","7.28","20","20","0","0","","0","0","","","","","","","","","","","","","","","","","546.2","29","Healthy","","","2026-04-27","Yes","No","546.2","244.8","2026-04-27","130","0","0","0","366","unassigned","N","","",""
"2026-04-30","330103NJ","X001Z1N8F3","B01EMXI6VA","VIVOSUN Durable Waterproof Seedling Heat Mat 48"" x 20.75"" UL & MET-Certified Warm Hydroponic Heating Pad for Germination, Indoor Gardening, Greenhouse","New","1498","0","1518","0","0","0","0","0","USD","59","684","2039","2988","","45.99","0.0","45.99","0.0","CreateShippingPlan","","0.0","0","0","0.0","1.28","0.126222","cubic feet","Oversize","189.080556","US","gl_lawn_and_garden","751","234","0","8","6","45.99","2564.51","29028.75","85040.08","123711.08","71","789","658","0","0","75.08","24","24","0","0","","12","7","","","","","","","","","","","","","","","","","72.3","374","Healthy","","","2026-04-27","No","No","72.3","70.2","2026-04-27","1522","0","11","1","238","unassigned","N","","",""
"2026-04-30","Amazon.Found.B0BZY3BT6R","B0BZY3BT6R","B0BZY3BT6R","VIVOSUN 2600 GPH Submersible Water Pump with Barrier Bag, Ultra Quiet 200W Pond Pump for Pond, Waterfall, Fish Tank, Statuary, Hydroponic, 20Ft. Lift Height","New","5","0","2","3","0","0","0","0","USD","0","0","0","0","Low conversion","94.99","0.0","85.49","0.0","Lower price","","0.0","0","0","0.0","0.8","0.579624","cubic feet","Standard","2.89812","US","gl_home_improvement","62775","2","0","","","85.49","0.0","0.0","0.0","0.0","2","0","0","0","0","0.52","0","0","0","0","","1","0","3","0.87","0","0.0","0","0.0","0","0.0","0","0.0","0","0.0","0","0.0","0","0.0","","1","Healthy","157","2026-05-07","","","","","406.0","2026-04-27","5","0","1","0","3","unassigned","N","","",""
"2026-04-30","311021-1x5NJ","X002IOJYKJ","B08869D3HP","VIVOSUN 5-Pack 1 Gallons Grow Bags Heavy Duty Thickened Nonwoven Fabric Pots with Strap Handles Tan","New","87","0","175","0","0","0","0","0","USD","67","304","492","585","","12.99","0.0","12.99","0.0","NoExcessInventory","","0.0","0","0","0.0","2.4","0.059148","cubic feet","Standard","5.145876","US","gl_lawn_and_garden","30","18","0","5","9","12.99","865.33","3882.46","6156.38","7325.75","175","0","0","0","0","2.79","325","324","0","1","","84","0","","","","","","","","","","","","","","","","","42.2","295","Low stock","258","2026-05-07","2026-04-27","No","No","24.6","42.2","2026-04-27","481","69","12","3","69","unassigned","N","","",""
"2026-04-30","VSG-FWT-400B","X004BEW1GD","B0D976KQ24","VIVOSUN 400 L/106 Gal Water Storage Bladder, Foldable and Portable Water Tank, Water Storage Bag Containers for RV, Camping, Garden, Irrigation, Drought Resistance, Firefighting","","0","0","2","0","0","0","0","0","USD","0","22","88","109","","0.0","0.0","44.09","0.0","CreateShippingPlan","","","0","0","","3.9","0.314257","cubic feet","Standard","0.0","US","gl_lawn_and_garden","120275","0","0","0","0","44.09","0.0","1079.08","4255.17","5259.56","0","2","0","0","0","","0","0","0","0","","1","0","","","","","","","","","","","","","","","","","18.9","99","Out of stock","194","2026-04-30","2026-04-27","Yes","No","4.7","18.9","2026-04-27","0","0","1","0","0","unassigned","N","","",""
"2026-04-30","304113-P336","X003XWUTE5","B0CGHJG44R","VIVOSUN P336 36""×36""×72"" PRO Grow Tent, with Thick 1 inch Poles, Strengthened High Reflective Mylar Oxford Fabric, Extra Hanging Bars & High CFM Kit for Hydroponics Indoor Plant for AeroLight A200SE","New","70","0","76","0","0","0","0","0","USD","7","18","42","70","","149.99","0.0","119.98","0.0","NoRestockExcessActionRequired","","0.0","0","0","0.0","1.08","6.962508","cubic feet","Oversize","487.37556","US","gl_lawn_and_garden","24195","154","0","30","25","119.98","839.86","2369.71","5580.9","9337.83","19","31","26","0","0","59.6","65","41","24","0","","3","0","","","","","","","","","","","","","","","","","127.1","48","Healthy","","","2026-04-27","Yes","No","127.1","79.1","2026-04-27","136","1","1","1","216","unassigned","N","","",""
"2026-04-30","SPray-1L-BG","X0048HB425","B0D3TKZJDH","VIVOSUN Handheld Garden Sprayer, 1L Pump Sprayer, 34oz Water Spray Bottle with Safety Valve, Adjustable Nozzle, Extended Spray Rod & Additional Seals, Ideal for Watering, Fertilizing, Cleaning","New","473","0","532","0","0","0","0","0","USD","86","368","716","1082","","18.99","0.0","18.99","0.0","NoRestockExcessActionRequired","","0.0","0","0","0.0","2.23","0.19067","cubic feet","Standard","90.18691","US","gl_lawn_and_garden","10856","57","0","18","20","18.99","1630.64","6835.82","13425.59","20364.03","323","209","0","0","0","44.48","1262","1005","180","77","","44","4","","","","","","","","","","","","","","","","","51.6","382","Healthy","","","2026-04-27","No","No","51.6","42.0","2026-04-27","1754","19","19","6","141","unassigned","N","","",""
"2026-04-30","GB0101-2J","X002TD5FD9","B08XBRTR3P","VIVOSUN 2-Pack 5 Tier Vertical Gardening Stackable Planter for Strawberries, Flowers, Herbs, Vegetables, Brown","New","614","0","630","0","0","0","0","0","USD","41","146","324","447","","69.99","0.0","62.99","0.0","Create Outlet deal","","55.99","2","0","2793.79","0.71","1.36764","cubic feet","Oversize","839.73096","US","gl_lawn_and_garden","6162","331","0","16","17","62.99","2579.79","9356.14","20806.36","27908.03","125","111","394","0","0","393.11","1","0","0","1","","14","0","","","","","","","","","","","","","","","","","129.9","115","Healthy","","","2026-04-27","No","No","121.9","129.9","2026-04-27","621","6","7","1","333","unassigned","N","","",""
"2026-04-30","WP-331","X003RK0OAR","B0BZRX7BL8","VIVOSUN 115V Water Transfer Pump, 1/10HP 330 GPH Portable Electric Utility Pump with ON/OFF Switch and Water Hose Kit, Ideal for Removing Water from Gardens, Hot Tubs, Pools, Ponds, and More","New","407","0","429","103","0","0","0","0","USD","34","112","189","243","","59.99","0.0","53.99","0.0","NoRestockExcessActionRequired","","0.0","0","0","0.0","0.52","0.238819","cubic feet","Standard","97.199333","US","gl_home_improvement","14616","169","0","28","41","53.99","1841.66","6027.38","10319.61","13424.37","161","147","121","0","0","91.61","377","296","64","17","","120","1","13","1.55","0","0.0","0","0.0","0","0.0","0","0.0","0","0.0","0","0.0","0","0.0","168.2","227","Healthy","","","2026-04-27","No","No","132.7","168.2","2026-04-27","864","80","36","4","291","unassigned","N","","",""
"2026-04-30","CL-002J","X0045CZXDT","B0CWN5D6GW","VIVOSUN Coco Liner Roll 16x120 in, 100% Natural Coconut Fiber Mat, Thickened Coir Liner for Planters, Hanging Baskets, Garden Decoration, DIY Crafts, Pet Pads & Reptile Carpet","New","0","0","1","0","0","0","0","0","USD","1","10","231","287","Low traffic","26.99","0.0","26.99","0.0","CreateShippingPlan","","0.0","0","0","0.0","2.83","0.543958","cubic feet","Standard","0.0","US","gl_home","76406","0","0","32","3","26.99","26.99","211.9","2999.19","4316.13","1","0","0","0","0","0.1","81","81","0","0","","1","0","","","","","","","","","","","","","","","","","27.4","25","Out of stock","","","2026-04-27","Yes","No","3.8","27.4","2026-04-27","81","0","0","1","122","unassigned","N","","",""
"2026-04-30","WB-1.5x100","X004DLVIFJ","B0DFLFWXG7","VIVOSUN Premium Weed Barrier Landscape Fabric Heavy Duty, 1.5ftx100ft 5oz Double-Layered Weed Control Mat with High Permeability, Commercial Ground Cover, Easy Set up & Superior Weed Control","","0","0","14","0","0","0","0","0","USD","6","72","139","161","","0.0","0.0","0.0","0.0","CreateShippingPlan","","","0","0","","4.24","0.341305","cubic feet","Oversize","0.0","US","gl_lawn_and_garden","5098","0","0","0","0","29.99","179.94","2093.28","3898.61","4514.39","14","0","0","0","0","","0","0","0","0","","12","0","","","","","","","","","","","","","","","","","27.8","174","Out of stock","299","2026-04-29","2026-04-27","Yes","No","8.8","27.8","2026-04-27","0","0","0","12","4","unassigned","N","","",""
"2026-04-30","332569J","X001U19ZD7","B07FK343K8","VIVOSUN 5300 GPH Submersible Water Pump, 310W Pond Pump, Ultra Quiet Aquarium Pump with 20FT. Lift Height for Pond Waterfall, Fish Tank, Statuary, or Hydroponics","New","307","0","336","0","0","0","0","0","USD","91","247","404","475","","109.99","0.0","79.93","0.0","NoRestockExcessActionRequired","","0.0","0","0","0.0","0.98","0.492188","cubic feet","Oversize","151.101716","US","gl_lawn_and_garden","6769","73","0","9","16","79.93","7333.25","21988.91","37016.64","43737.38","32","157","147","0","0","59.05","288","152","136","0","","15","2","","","","","","","","","","","","","","","","","106.6","245","Healthy","86","2026-05-07","2026-04-27","No","No","61.9","106.6","2026-04-27","595","0","10","5","124","unassigned","N","","",""
"2026-04-30","311001-20x5NJ","X001F11R3D","B00VWU2UDC","VIVOSUN 5-Pack 20 Gallon Plant Grow Bags, Heavy Duty Thickened Nonwoven Fabric Pots with Handles","New","0","0","657","0","0","0","0","0","USD","936","4266","8629","9790","","23.99","0.0","23.99","0.0","GoToRestock","","0.0","0","0","0.0","4.5","0.33705","cubic feet","Standard","0.0","US","gl_lawn_and_garden","30","15","0","2","2","23.0","22438.8","99922.73","197184.37","224077.06","657","0","0","0","0","73.29","2160","1860","300","0","","1448","13","","","","","","","","","","","","","","","","","23.4","2477","Low stock","643","2026-05-07","2026-04-27","No","Yes","10.1","23.4","2026-04-27","3370","1210","98","140","49","unassigned","N","","",""
"2026-04-30","HM002J","X002EEAL87","B0823Q1V1P","VIVOSUN Reptile Heating Pad 8x12 Inch with Thermostat Combo Under Tank Terrarium Heating Mat for Turtles, Lizards, Frogs, and Other Reptiles","New","159","0","268","0","0","0","0","0","USD","24","204","429","693","","35.99","0.0","35.99","0.0","GoToRestock","","0.0","0","0","0.0","1.86","0.094427","cubic feet","Standard","15.013893","US","gl_pet_products","15907","45","0","9","9","35.99","850.96","6839.36","14381.71","23837.83","148","120","0","0","0","14.41","324","300","0","24","","94","0","","","","","","","","","","","","","","","","","43.9","167","Healthy","","","2026-04-27","Yes","No","39.2","43.9","2026-04-27","573","90","2","2","98","unassigned","N","","",""
"2026-04-30","PH007","X003DCRADN","B0BBVT3P6G","VIVOSUN 5-in-1 Digital PH Meter with PH/Salinity/TDS/EC/Temperature Function, Backlight Screen, IP67 Waterproof for Hydroponics, Home Drinking, Pool and Aquarium","New","72","0","74","0","0","0","0","0","USD","15","73","123","137","","32.99","0.0","31.34","0.0","NoRestockExcessActionRequired","","0.0","0","0","0.0","1.47","0.032392","cubic feet","Standard","2.332224","US","gl_biss","36998","38","0","12","21","31.34","470.1","2282.92","3853.48","4313.84","5","56","13","0","0","0.88","156","156","0","0","","2","0","","","","","","","","","","","","","","","","","69.2","118","Low stock","","","2026-04-27","Yes","No","44.1","69.2","2026-04-27","228","0","2","0","156","unassigned","N","","",""
"2026-04-30","LR-0003","X003H3FJDB","B0BLCWYXSF","VIVOSUN 30"" Lawn Leveling Rake, 30"" x 10"" x 78"" Heavy-Duty Stainless Steel Lawn Leveler with 7FT Adjuatble Long Handle for High Effect, Metal Levelawn for Smooth Soil, Rustproof Rakes for Garden Yard","New","95","0","101","1","1","7","0","0","USD","52","96","174","182","","89.99","45.47","45.47","0.0","NoRestockExcessActionRequired","","0.0","0","0","0.0","0.93","0.888889","cubic feet","Oversize","84.444455","US","gl_lawn_and_garden","10599","32","0","6","11","35.99","1879.48","3670.2","7089.21","7516.98","27","0","74","8","0","27.18","60","60","0","0","","6","0","0","0.0","1","0.89","0","0.0","0","0.0","7","35.47","0","0.0","0","0.0","0","0.0","126.8","81","Healthy","47","2026-05-06","2026-04-27","Yes","No","66.8","126.8","2026-04-27","156","1","3","2","59","unassigned","N","","",""
"2026-04-30","RP-002","X003TRYZO9","B0C5MD1DW5","VIVOSUN Self-Watering Planters, 6-Pack 10.5 Inch Compact Rectangular Window Herb Planter Box with 10 PCS Plant Labels, Plant Container for Basil, Flowers, Succulents, Indoor & Outdoor","New","190","0","324","0","0","0","0","0","USD","101","206","365","523","","34.99","0.0","31.49","0.0","GoToRestock","","0.0","0","0","0.0","2.35","0.57997","cubic feet","Other","110.1943","US","gl_lawn_and_garden","14982","54","0","4","6","31.49","3182.49","6567.19","11900.6","17140.27","225","99","0","0","0","255.76","64","64","0","0","","280","0","","","","","","","","","","","","","","","","","65.2","221","Healthy","","","2026-04-27","No","No","65.2","40.4","2026-04-27","526","272","5","3","62","unassigned","N","","",""
"2026-04-30","LED-100x2NJ","X0031Z6EAH","B08JG8F18N","VIVOSUN LumaLight 100W LED Grow Light, Full Spectrum Plant Light, Smart Dimmable & High PPFD for Indoor Plants Seedling Vegetables Bloom, Fits 2×2/2×4 Grow Tents, 2-Pack","New","2","0","2","1","2","0","0","0","USD","0","0","0","0","Low conversion","219.99","0.0","127.97","0.0","Lower price","","0.0","0","0","0.0","1.95","0.78831","cubic feet","Standard","1.57662","US","gl_lawn_and_garden","7091","0","0","","","127.97","0.0","0.0","0.0","0.0","1","1","0","2","0","0.28","0","0","0","0","","3","0","2","0.79","1","0.79","0","0.0","0","0.0","0","0.0","0","0.0","0","0.0","0","0.0","","1","Healthy","164","2026-05-07","","","","","","2026-04-27","2","0","0","3","0","unassigned","N","","",""
"2026-04-30","RGB-0004","X002Z8NNJL","B09C1CNQKR","VIVOSUN Elevated Wooden Raised Garden Bed, 46 x 24 x 32 Inches, Mobile Outdoor Planter Box with Storage Shelf and Protective Liner for Outdoor Use, with Lockable Wheels","New","363","0","418","0","0","0","0","0","USD","175","480","719","775","","109.99","0.0","76.58","0.0","CreateShippingPlan","","0.0","0","0","0.0","1.27","1.781293","cubic feet","Oversize","646.609359","US","gl_lawn_and_garden","7064","30","0","3","6","76.58","13811.83","40154.28","61357.37","66921.69","207","211","0","0","0","196.31","0","0","0","0","","53","3","","","","","","","","","","","","","","","","","84.5","318","Healthy","459","2026-05-07","2026-04-27","No","No","46.6","84.5","2026-04-27","363","0","40","13","35","unassigned","N","","",""
"2026-04-30","RB-0003B","X003P4BO27","B0BTYLTMMY","VIVOSUN Collapsible Rain Barrel, 132 Gallon Water Storage Tank with 1000D Oxford Cloth, Portable Rain Collection System Includes Two Spigots and Overflow Kit, Black","","0","0","3","0","0","0","0","0","USD","45","134","191","208","","0.0","0.0","0.0","0.0","CreateShippingPlan","","","0","0","","1.91","0.891204","cubic feet","Oversize","0.0","US","gl_lawn_and_garden","18793","0","0","0","0","79.99","3223.26","10102.16","14489.55","15813.38","1","2","0","0","0","","0","0","0","0","","3","2","","","","","","","","","","","","","","","","","59.8","131","Out of stock","300","2026-05-06","2026-04-27","No","No","22.9","59.8","2026-04-27","0","0","0","3","0","unassigned","N","","",""
"2026-04-30","303121-25J","X0010BY5Y1","B01EL16XBI","VIVOSUN 25 ft Extension Cord, 3-Outlet Power Strip with 1800W Surge Protection, 15A 14 AWG, Flat Heavy Duty Extender for Indoor Outdoor Use, Garden Home Office, Black","","0","0","2","0","0","0","0","0","USD","0","0","0","2","","0.0","0.0","0.0","0.0","CreateShippingPlan","","","0","0","","0.62","0.168651","cubic feet","Standard","0.0","US","gl_electronics","386501","0","0","","0","29.99","0.0","0.0","0.0","59.98","0","0","2","0","0","","0","0","0","0","","2","1","","","","","","","","","","","","","","","","","","28","Out of stock","74","2026-05-06","","","","","97.0","2026-04-27","0","0","2","0","10","unassigned","N","","",""
"2026-04-30","WP-0004","X003K9YQQX","B0BP7M3WH9","VIVOGROW Water Pressure Pump, 110V 5.5GPM 70 PSI Diaphragm Water Pump Include 1/2"" and 3/4"" Garden Hose Adapters, Power Plug for Bathrooms, Kitchens, RVs, and Yachts, Green","New","28","0","14","15","0","0","0","0","USD","4","14","45","58","Low traffic","76.99","0.0","61.59","0.0","CreateShippingPlan","","0.0","0","0","0.0","1.04","0.238715","cubic feet","Standard","6.68402","US","gl_home_improvement","465240","49","0","8","6","61.59","261.76","929.91","2647.55","3568.12","0","2","12","0","0","4.45","0","0","0","0","","2","0","","","","","","","","","","","","","","","","","88.3","34","Low stock","33","2026-05-06","2026-04-27","Yes","No","77.5","88.3","2026-04-27","29","1","1","0","51","unassigned","N","","",""
"2026-04-30","311021-30x5J","X0015VGFFD","B01I1D9OT0","VIVOSUN 5-Pack 30 Gallons Grow Bags Heavy Duty Thickened Nonwoven Fabric Pots with Strap Handles Tan","New","169","0","489","0","0","0","0","0","USD","229","809","1615","1943","","28.99","0.0","28.99","0.0","GoToRestock","","0.0","0","0","0.0","3.0","0.341029","cubic feet","Standard","57.633901","US","gl_lawn_and_garden","30","43","0","3","4","28.99","6631.78","22817.82","44758.87","53899.22","489","0","0","0","0","75.17","440","360","80","0","","549","1","","","","","","","","","","","","","","","","","26.6","549","Healthy","318","2026-05-07","2026-04-27","No","Yes","14.5","26.6","2026-04-27","1128","519","15","15","83","unassigned","N","","",""
"2026-04-30","VSA-GGD2J","X004L1HZHL","B0DY71KW95","VIVOSUN Grow Room Glasses, Indoor Hydroponics LED Grow Light Glasses, Anti-UV Glasse for Visual Eye Protection, 2pcs","New","110","0","121","0","0","0","0","0","USD","19","91","195","285","","32.99","0.0","32.99","0.0","NoExcessInventory","","0.0","0","0","0.0","2.11","0.07495","cubic feet","Standard","8.2445","US","gl_lawn_and_garden","26279","40","0","18","18","32.99","622.81","2956.99","6344.25","9168.15","83","38","0","0","0","3.5","300","300","0","0","","8","0","","","","","","","","","","","","","","","","","52.9","176","Low stock","","","2026-04-27","Yes","No","52.9","47.0","2026-04-27","410","0","5","3","177","unassigned","N","","",""
"2026-04-30","VSV-WVK2","X00438AL9B","B0CRDP18Q6","VIVOSUN Window Duct Kit, Portable AC Window Seal Kit with 5.9"" Diameter 59"" Length Hose, Fit with 4""/6"" Ducting for Sliding Window, Adjustable AC Vent Kit for Duct Fans, Air Conditioner, Dryer","New","78","0","125","0","0","0","0","0","USD","21","139","461","587","","39.99","0.0","39.99","31.07","NoExcessInventory","","0.0","0","0","0.0","2.12","0.682936","cubic feet","Oversize","53.269008","US","gl_lawn_and_garden","130534","54","0","25","19","39.99","830.79","5220.11","17448.35","22110.59","68","57","0","0","0","9.13","794","577","0","217","","48","2","","","","","","","","","","","","","","","","","40.7","416","Low stock","52","2026-05-07","2026-04-27","No","No","29.9","40.7","2026-04-27","873","1","47","0","225","unassigned","N","","",""
"2026-04-30","VSC-GCC4","X004ETM2XR","B0D8PQQWM3","VIVOSUN GrowCam C4, 2K QHD WiFi Smart Camera for Grow Tent & VGrow Smart Grow Box, Supports 2.4GHz WiFi (Not 5GHz/6GHz), Timelapse, Night Vision, SD Card Storage, 2-Way Audio, App Control","New","557","0","622","0","0","0","0","0","USD","196","752","1480","2351","","49.99","0.0","42.49","0.0","NoRestockExcessActionRequired","","0.0","0","0","0.0","2.86","0.021577","cubic feet","Standard","12.018389","US","gl_camera","","48","0","13","13","42.49","8400.54","34227.48","69423.78","111465.87","430","192","0","0","0","4.13","1944","1224","360","360","","33","2","","","","","","","","","","","","","","","","","38.0","917","Low stock","35","2026-05-06","2026-04-27","No","No","38.0","35.1","2026-04-27","2515","14","16","3","94","unassigned","N","","",""
"2026-04-30","VSK-GIYP448A-US","X004X6BF2F","B0CMQ4VMHM","VIVOSUN Smart Pro Grow Tent Kit 4×4 Complete Smart Grow System WiFi-Integrated Automatic Control GrowHub E42A+, 2-in-1 Tunable Spectrum LED Grow Light, 360° Ventilation & Circulation Control System","","0","0","1","0","0","0","0","0","USD","5","60","114","123","","0.0","0.0","0.0","0.0","CreateShippingPlan","","","0","0","","3.16","8.736111","cubic feet","Extra-large","0.0","US","gl_lawn_and_garden","67305","0","0","0","0","819.99","4042.55","45490.3","86498.26","93890.07","0","1","0","0","0","","0","0","0","0","","1","4","","","","","","","","","","","","","","","","","34.9","4","Out of stock","94","2026-04-29","2026-04-27","Yes","No","14.6","34.9","2026-04-27","0","0","1","0","0","unassigned","N","","",""
"2026-04-30","VSGB-7","X003H2OTTH","B0BLBQJ5J7","VIVOSUN 5-Pack 7 Gallon Grow Bags, 500G Thick Nonwoven Fabric Pots with Strap Handles, Multi-Purpose Rings, for Low Stress Plant Training Fruits, Vegetables, and Flowers","New","183","0","310","0","0","0","0","0","USD","119","514","827","978","","21.99","0.0","21.99","0.0","NoExcessInventory","","0.0","0","0","0.0","2.64","0.180594","cubic feet","Standard","33.048702","US","gl_lawn_and_garden","2935","44","0","5","9","21.99","2608.81","11254.86","18107.98","21427.34","283","27","0","0","0","40.58","560","459","0","101","","350","0","","","","","","","","","","","","","","","","","37.0","582","Low stock","434","2026-05-07","2026-04-27","No","No","26.7","37.0","2026-04-27","1070","327","14","9","134","unassigned","N","","",""
"2026-04-30","RGB-0001","X002Z8UMLN","B09C1BZD6F","VIVOSUN Elevated Wooden Raised Garden Bed, 48 x 24 x 30 Inches, Outdoor Wood Planter Box w Bed Liner and Gloves for Garden, Patio, Balcony, Backyard and Outdoors, 220-Pound Capacity","New","272","0","274","0","0","0","0","0","USD","33","395","656","668","","79.99","0.0","79.99","0.0","CreateShippingPlan","","0.0","0","0","0.0","1.45","1.604167","cubic feet","Oversize","436.333424","US","gl_lawn_and_garden","7064","56","0","4","7","79.99","2639.67","25530.29","41264.96","42124.79","123","151","0","0","0","71.19","139","135","0","4","","7","1","","","","","","","","","","","","","","","","","65.5","227","Healthy","105","2026-05-07","2026-04-27","No","No","24.2","65.5","2026-04-27","411","0","5","2","162","unassigned","N","","",""
"2026-04-30","311001-25x10","X002XOK22D","B097PHG8PV","VIVOSUN 10-Pack 25 Gallon Grow Bags, Reinforced Planter Fabric Pots for Gardening Black","New","212","0","293","0","0","0","0","0","USD","92","373","560","614","","39.99","0.0","39.99","0.0","NoExcessInventory","","0.0","0","0","0.0","2.12","0.761608","cubic feet","Standard","161.460896","US","gl_lawn_and_garden","1974","30","0","4","9","39.99","3671.16","14501.43","21568.61","23727.08","293","0","0","0","0","136.08","252","252","0","0","","235","1","","","","","","","","","","","","","","","","","44.8","442","Low stock","326","2026-05-07","2026-04-27","No","No","28.1","44.8","2026-04-27","670","206","20","9","64","unassigned","N","","",""
"2026-04-30","VSN-NB32","X004444KK5","B0CT8MK3QX","VIVOSUN Seaweed and Kelp Fertilizer, Concentrated Plant Additive NutriBoost (0-0-1), All-Purpose Liquid Food for All Growing Stages, for Trees, Vegetables, Flowers, Fruits, Lawn, 32 Ounces/1 Quart","New","87","0","103","0","0","0","0","0","USD","6","27","77","115","Low traffic","36.99","0.0","31.44","0.0","NoRestockExcessActionRequired","","0.0","0","0","0.0","0.95","0.048055","cubic feet","Standard","4.180785","US","gl_lawn_and_garden","114251","84","0","12","9","31.44","188.64","936.97","2671.29","4010.23","1","71","31","0","0","2.55","0","0","0","0","","4","0","","","","","","","","","","","","","","","","","103.9","32","Healthy","","","2026-04-27","Yes","No","103.9","88.6","2026-04-27","91","4","0","0","84","unassigned","N","","",""
"2026-04-30","AP-15","X003EHR4D3","B0BG2BT9RX","VIVOSUN 317GPH Commercial Air Pump 15W 6 Outlet 20 L/Min for Aquarium and Hydroponic Systems","New","109","0","275","0","0","0","0","0","USD","26","170","356","534","","34.99","0.0","31.49","0.0","NoExcessInventory","","0.0","0","0","0.0","2.57","0.086991","cubic feet","Standard","9.482019","US","gl_pet_products","7330","69","0","17","18","31.49","832.14","5588.11","11703.11","17662.82","275","0","0","0","0","11.1","640","560","0","80","","150","0","","","","","","","","","","","","","","","","","31.9","153","Healthy","","","2026-04-27","No","No","27.6","31.9","2026-04-27","896","147","0","3","211","unassigned","N","","",""
"2026-04-30","WP-330","X00255WEKD","B07R7V1HJW","VIVOSUN 115V Water Transfer Pump, 1/10HP 330 GPH Portable Utility Pump with Water Hose Kit, Ideal for Removing Water from Gardens, Hot Tubs, Rain Barrels, Pools, Ponds, and Aquariums","New","99","0","366","0","0","0","0","0","USD","135","466","772","896","","49.99","0.0","44.99","42.74","NoExcessInventory","","0.0","0","0","0.0","1.72","0.24714","cubic feet","Standard","24.46686","US","gl_home_improvement","14616","19","0","7","12","44.99","6082.05","21108.0","35052.74","40795.5","355","11","0","0","0","24.46","772","772","0","0","","235","13","","","","","","","","","","","","","","","","","52.8","454","Low stock","661","2026-05-07","2026-04-27","No","No","27.6","52.8","2026-04-27","1060","189","42","4","84","unassigned","N","","",""
"2026-04-30","VSK-GIYE336-US","X004T1EGJX","B093BMSZF8","VIVOSUN Grow Tent Kit, 3 × 3ft Complete Grow System, WiFi-Controlled Grow System with 200W Full Spectrum LED Grow Light, Automatic Ventilation, GrowHub Outlet A22 with Temperature and Humidity Sensor","New","5","0","6","0","0","0","0","0","USD","5","45","85","104","","399.99","0.0","399.99","0.0","CreateShippingPlan","","0.0","0","0","0.0","5.0","5.981481","cubic feet","Extra-large","29.907405","US","gl_lawn_and_garden","46516","48","0","4","6","399.99","1615.75","15406.2","28734.3","36614.11","6","0","0","0","0","4.63","48","0","48","0","","1","0","","","","","","","","","","","","","","","","","26.0","10","Low stock","","","2026-04-27","Yes","No","19.5","26.0","2026-04-27","54","1","0","0","48","unassigned","N","","",""
"2026-04-30","HR-0002C","X0042AWCNX","B0CPP79HMQ","VIVOSUN Outdoor Handrail, 4 Step Stair Handrail, 48"" x 39"" Fits 1 to 4 Steps, Wrought Mattle Iron Stair Railing with Single Curved End for Concrete Steps, Porch Steps, One-Step Assembly, Black","New","94","0","92","3","0","0","0","0","USD","8","17","27","51","","69.99","0.0","66.49","0.0","NoRestockExcessActionRequired","","0.0","0","0","0.0","0.63","0.902778","cubic feet","Oversize","84.861132","US","gl_home_improvement","2999","131","0","30","32","66.49","531.92","1116.33","1770.73","3369.12","40","0","52","0","0","37.75","35","35","0","0","","3","0","","","","","","","","","","","","","","","","","179.9","53","Healthy","","","2026-04-27","Yes","No","179.9","133.0","2026-04-27","129","0","3","0","193","unassigned","N","","",""
"2026-04-30","306104-68J","X001PQPWOD","B07B7HCHR2","VIVOSUN 6 Inch Flex Air Aluminum Ducting for HVAC Ventilation with 2 Stainless Steel Clamps, 8 Feet Long Multi-Layer Dryer Hose Vent Kit for Duct Fan Systems","New","907","0","1077","0","0","0","0","0","USD","58","279","521","683","","19.99","0.0","19.99","0.0","NoRestockExcessActionRequired","","0.0","0","0","0.0","0.78","0.155348","cubic feet","Standard","140.900636","US","gl_home_improvement","2235","95","0","18","24","19.99","1058.4","4793.53","9077.78","12089.6","478","421","178","0","0","99.61","382","368","0","14","","176","3","","","","","","","","","","","","","","","","","116.9","598","Healthy","","","2026-04-27","No","No","109.5","116.9","2026-04-27","1404","115","60","1","142","unassigned","N","","",""
"2026-04-30","MGS-PS10C4","X004DT8ZE3","B0DG1ZGWTR","Maygrove 4 Pack Plant Saucer, 8 10 12 inch Plant Saucers for Indoor, Heavy Duty Plastic Plant Trays for pots, Grow Bags, Bird Baths, Flower Drip Trays for Indoor and Outdoor Uses (10"", 4 Colors)","","0","0","1","0","0","0","0","0","USD","4","17","19","19","","0.0","0.0","0.0","0.0","Edit listing","","","0","0","","2.53","0.102275","cubic feet","Standard","0.0","US","gl_lawn_and_garden","14341","35","0","25","73","11.69","44.94","199.37","220.15","220.15","1","0","0","0","0","","108","78","30","0","","1","0","","","","","","","","","","","","","","","","","36.6","34","Out of stock","","","2026-04-27","Yes","No","24.3","36.6","2026-04-27","108","0","0","1","173","unassigned","N","","",""
"2026-04-30","MGS-PS12C4","X004DTGUMR","B0DG1LNQXT","Maygrove 4 Pack Plant Saucer, 8 10 12 inch Plant Saucers for Indoor, Heavy Duty Plastic Plant Trays for pots, Grow Bags, Bird Baths, Flower Drip Trays for Indoor and Outdoor Uses (12"", 4 Colors)","New","3","0","6","0","0","0","0","0","USD","8","19","19","19","","18.99","0.0","15.29","0.0","NoExcessInventory","","0.0","0","0","0.0","2.4","0.156862","cubic feet","Standard","0.470586","US","gl_lawn_and_garden","14341","44","0","24","80","15.29","122.32","312.21","312.21","312.21","0","6","0","0","0","0.08","114","78","36","0","","1","0","","","","","","","","","","","","","","","","","57.7","39","Low stock","","","2026-04-27","Yes","No","38.5","57.7","2026-04-27","117","0","0","1","166","unassigned","N","","",""
"2026-04-30","330702X2NJ","X002IY5C23","B088NT1VZ2","VIVOSUN 5 x 30 ft. Plant Trellis Netting, Heavy-Duty Polyester Grow Net, Garden Trellis Netting with Square Mesh for Climbing Plants, Vegetables, Fruits, and Flowers, 2-Pack","New","1110","0","1201","0","0","0","0","0","USD","84","397","702","839","Low traffic","16.49","0.0","16.49","0.0","NoExcessInventory","","0.0","0","0","0.0","0.78","0.029219","cubic feet","Standard","32.43309","US","gl_lawn_and_garden","32917","132","0","15","23","16.49","1375.96","6468.33","11480.58","13737.31","315","272","614","0","0","20.27","405","400","0","5","","104","2","","","","","","","","","","","","","","","","","121.3","377","Healthy","","","2026-04-27","No","No","100.7","121.3","2026-04-27","1541","26","75","3","300","unassigned","N","","",""
"2026-04-30","306104-482","X001U0X61Z","B07FKJNGSZ","VIVOSUN 2-Pack 4 Inch 8 Feet Flex Air Aluminum Ducting, Flexible Dryer Vent Hose for HVAC Ventilation, 4 Clamps Included","New","184","0","215","0","0","0","0","0","USD","33","92","148","168","Low traffic","18.99","0.0","18.99","14.57","NoExcessInventory","","0.0","0","0","0.0","0.78","0.17552","cubic feet","Standard","32.29568","US","gl_home_improvement","45098","142","0","13","24","16.27","554.43","1580.82","2550.31","2912.22","88","127","0","0","0","19.81","135","85","0","50","","28","4","","","","","","","","","","","","","","","","","114.8","146","Healthy","","","2026-04-27","No","No","73.7","114.8","2026-04-27","334","15","8","5","196","unassigned","N","","",""
"2026-04-30","308105-50J","X002EE2HDT","B0823BFW6P","VIVOSUN 2-Pack Double Bubble Foil Insulation Roll, 6"" x 25 ft Reflective HVAC Pipe & Duct Wrap, Weatherproof Thermal Insulation for Attics, Windows, Garages","New","384","0","456","0","0","0","0","0","USD","22","133","259","463","","29.99","0.0","29.99","0.0","NoRestockExcessActionRequired","","0.0","0","0","0.0","1.12","0.411535","cubic feet","Standard","158.02944","US","gl_biss","42477","105","0","28","26","29.99","653.78","3701.19","7076.6","12618.75","225","122","109","0","0","107.3","556","495","0","61","","77","1","","","","","","","","","","","","","","","","","84.3","504","Low stock","","","2026-04-27","No","No","84.3","74.0","2026-04-27","983","43","34","0","222","unassigned","N","","",""
"2026-04-30","HR-0001B","X003XOJAP7","B0CG1NKCC6","VIVOSUN Outdoor Handrail, 3 Step Stair Handrail, 40"" x 36"" Fits 1 to 3 Steps, Wrought Mattle Iron Stair Railing with Curved Ends and Balusters for Concrete Steps, Porch Steps, One-Step Assembly, Black","New","795","0","849","0","0","0","0","0","USD","212","962","1728","2033","","89.99","0.0","85.49","0.0","NoRestockExcessActionRequired","","0.0","0","0","0.0","1.26","1.13925","cubic feet","Oversize","905.70375","US","gl_home_improvement","2999","31","0","5","8","85.49","17363.89","72733.75","129921.94","153261.53","104","745","0","0","0","273.03","600","600","0","0","","102","18","","","","","","","","","","","","","","","","","76.5","1150","Low stock","1651","2026-05-07","2026-04-27","No","No","48.8","76.5","2026-04-27","1397","2","95","5","56","unassigned","N","","",""
"2026-04-30","HR-0001A","X003WHDB87","B0CCJ4ZCY4","VIVOSUN Outdoor Handrail, 3 Step Stair Handrail, 40"" x 36"" Fits 1 to 3 Steps, Wrought Mattle Iron Stair Railing with Curved Ends for Concrete Steps, Porch Steps, One-Step Assembly, Black","New","154","0","157","0","0","0","0","0","USD","19","104","178","200","","69.99","0.0","66.49","0.0","NoRestockExcessActionRequired","","0.0","0","0","0.0","0.8","0.906128","cubic feet","Oversize","139.543712","US","gl_home_improvement","2999","54","0","9","15","66.49","1221.27","6168.75","10485.17","11787.63","2","1","154","0","0","53.59","80","80","0","0","","16","1","","","","","","","","","","","","","","","","","119.7","196","Low stock","218","2026-05-06","2026-04-27","No","No","66.5","119.7","2026-04-27","235","1","14","1","74","unassigned","N","","",""
"2026-04-30","RC-0004","X0042ZM25B","B0CQYD6HK5","VIVOSUN 72 Rockwool Cubes & Net Pots Set for Hydroponics, 1.2” x 1.2” x 1.6” Cubes, 72 Plugs & 72 2” Net Cups for Hydroponic Growing, Seed-Starting, Cloning, Tower Gardens","New","230","0","342","0","0","0","0","0","USD","41","225","434","648","","23.99","0.0","23.99","0.0","NoExcessInventory","","0.0","0","0","0.0","1.49","0.364526","cubic feet","Standard","83.84098","US","gl_lawn_and_garden","59711","56","0","7","8","23.99","976.99","5007.35","9952.86","14831.32","58","284","0","0","0","49.52","200","128","0","72","","87","2","","","","","","","","","","","","","","","","","62.1","199","Healthy","54","2026-05-06","2026-04-27","No","No","52.5","62.1","2026-04-27","492","62","23","2","84","unassigned","N","","",""
"2026-04-30","306104-42C","X0029ZV76B","B07WFDCYZL","VIVOSUN 2-Pack 4 Inch 25 Feet Flex Air Aluminum Ducting Dryer, Flexible Vent Hose for HVAC Ventilation with Four 4 Inch Stainless Steel Clamps","New","524","0","682","0","0","0","0","0","USD","68","233","622","883","Low traffic","36.99","0.0","36.99","31.34","NoExcessInventory","","0.0","0","0","0.0","1.34","0.42679","cubic feet","Standard","223.63796","US","gl_home_improvement","45098","110","0","25","21","31.34","2297.16","7963.35","20150.84","28528.29","422","260","0","0","0","158.8","969","645","0","324","","137","4","","","","","","","","","","","","","","","","","79.1","250","Healthy","","","2026-04-27","No","No","79.1","59.7","2026-04-27","1598","105","29","3","188","unassigned","N","","",""
"2026-04-30","GIY-SGS-224","X003QWTBYB","B0BY7PSQ69","VIVOSUN GIY Smart Grow Tent System 2x2, WiFi-Integrated Grow Tent Kit, with Automate Ventilation and Circulation, Schedule Full Spectrum 100W LED Grow Light, and GrowHub E42A+ Controller","New","2","0","1","2","0","0","0","0","USD","0","0","0","0","Low conversion","349.99","0.0","297.49","0.0","Lower price","","0.0","0","0","0.0","1.01","3.625","cubic feet","Oversize","7.25","US","gl_lawn_and_garden","14023","0","0","","","297.49","0.0","0.0","0.0","0.0","0","0","1","0","0","1.3","0","0","0","0","","1","0","","","","","","","","","","","","","","","","","","53","Low stock","182","2026-05-07","","","","","","2026-04-27","2","0","1","0","0","unassigned","N","","",""
"2026-04-30","VSGB-5","X003H2C2RN","B0BLBHZ6CS","VIVOSUN 5-Pack 5 Gallon Grow Bags, 500G Thick Nonwoven Fabric Pots with Strap Handles, Multi-Purpose Rings, for Low Stress Plant Training Fruits, Vegetables, and Flowers","New","1067","0","1347","0","0","0","0","0","USD","94","418","708","893","","20.99","0.0","20.99","0.0","NoExcessInventory","","0.0","0","0","0.0","0.83","0.137966","cubic feet","Standard","147.209722","US","gl_lawn_and_garden","2935","227","0","14","21","20.99","1961.28","8546.76","14487.42","18370.03","707","323","317","0","0","133.88","400","400","0","0","","559","0","","","","","","","","","","","","","","","","","96.6","553","Healthy","","","2026-04-27","No","No","79.1","96.6","2026-04-27","1952","485","68","6","325","unassigned","N","","",""
"2026-04-30","VSFL4300","X0041ODPGD","B0CNQS59G5","VIVOSUN VSFL4300 Bar LED Grow Light, 430W 4 Bars Plant Grow Light, Foldable & Dimmable, Full Spectrum with UR/FR Light for Indoor Plants","New","51","0","3","26","27","0","0","0","USD","2","9","12","13","","379.99","0.0","319.99","0.0","Edit listing","","0.0","0","0","4993.56","0.2","1.875","cubic feet","Oversize","95.625","US","gl_lawn_and_garden","54687","303","58","36","81","303.99","623.98","2863.91","3984.88","4345.87","2","0","1","27","0","86.43","30","28","2","0","","10","0","5","4.69","22","41.28","0","0.0","0","0.0","0","0.0","0","0.0","0","0.0","0","0.0","501.5","15","Excess","","","2026-04-27","Yes","No","235.9","501.5","2026-04-27","88","7","3","0","366","unassigned","N","","",""
"2026-04-30","YOYO-003J","X002PW1AM9","B08NT2DMZJ","VIVOSUN 12 PCS Retractable Plant Yoyo with Stopper for Grow Support in Tent Garden or Hydroponics, Yellow","New","151","0","181","0","0","0","0","0","USD","26","115","234","314","Low traffic","15.99","0.0","15.99","0.0","NoExcessInventory","","0.0","0","0","0.0","1.85","0.110241","cubic feet","Standard","16.646391","US","gl_lawn_and_garden","66553","55","0","16","19","15.99","415.74","1763.65","3542.06","4814.86","123","58","0","0","0","9.83","321","280","40","1","","36","0","","","","","","","","","","","","","","","","","53.5","170","Healthy","","","2026-04-27","No","No","53.5","49.7","2026-04-27","496","24","10","2","143","unassigned","N","","",""
"2026-04-30","330704-04","X003DQ04EL","B0BCVM2P9K","VIVOSUN 5 x 15 ft. Plant Trellis Netting, Heavy-Duty Polyester Grow Net, Garden Trellis Netting with Square Mesh for Climbing Plants, Vegetables, Fruits, and Flowers, 1-Pack","New","576","0","608","0","0","0","0","0","USD","86","418","668","849","","7.99","0.0","7.99","0.0","NoExcessInventory","","0.0","0","0","0.0","1.5","0.019023","cubic feet","Standard","10.957248","US","gl_lawn_and_garden","2355","47","0","10","17","7.99","687.14","3339.42","5336.18","6779.67","468","140","0","0","0","5.49","547","540","0","7","","22","0","","","","","","","","","","","","","","","","","61.1","469","Healthy","258","2026-05-07","2026-04-27","No","No","48.2","61.1","2026-04-27","1126","3","17","2","113","unassigned","N","","",""
"2026-04-30","311001-5x5NJ","X001F1MPD9","B00TF9E6XE","VIVOSUN 5-Pack 5 Gallon Grow Bags Heavy Duty 300G Thickened Nonwoven Plant Fabric Pots with Handles","New","7900","0","13671","0","0","0","0","0","USD","2875","11296","18601","21227","","15.99","0.0","15.99","0.0","CreateShippingPlan","","0.0","0","0","0.0","1.74","0.128144","cubic feet","Standard","1012.3376","US","gl_lawn_and_garden","30","58","0","3","6","15.99","45922.85","177125.47","285885.92","326411.07","10511","3160","0","0","0","1069.16","2387","2376","0","11","","8007","116","","","","","","","","","","","","","","","","","54.5","8379","Healthy","4370","2026-05-07","2026-04-27","No","No","35.1","54.5","2026-04-27","17645","7358","546","103","82","unassigned","N","","",""
"2026-04-30","GG-005","X004HKC0T9","B0DPGZSJ8D","VIVOSUN 3’’ Depth Ground Grid, 6.5 x 17 ft, High-Density HDPE Geo Cell, 1885 lb per sq ft Load, Foldable & Tensile, Easy Installation with Gloves, Ideal for Gardens, Driveways, Pathways, Slopes","New","75","0","76","0","0","0","0","0","USD","21","90","124","130","","89.99","0.0","71.99","0.0","NoRestockExcessActionRequired","","0.0","0","0","0.0","1.5","1.045139","cubic feet","Oversize","78.385425","US","gl_lawn_and_garden","45558","40","0","7","15","89.99","1511.79","6497.1","9088.76","9592.7","63","13","0","0","0","25.85","84","66","18","0","","0","0","","","","","","","","","","","","","","","","","64.1","143","Low stock","175","2026-05-06","2026-04-27","Yes","No","33.2","64.1","2026-04-27","159","0","0","0","72","unassigned","N","","",""
"2026-04-30","304113-P448","X003XWZ4K9","B0CGHFFR4R","VIVOSUN P448 Advance PRO Grow Tent 4x4, with Thick 1 inch Poles, Strengthened High Reflective Mylar Oxford Tent, Extra Hanging Bars & High CFM Kit 48""×48""×80"" for Indoor Plants","New","37","0","40","0","0","0","0","0","USD","13","36","123","231","","179.99","0.0","179.99","0.0","NoRestockExcessActionRequired","","0.0","0","0","0.0","2.27","2.551111","cubic feet","Oversize","94.391107","US","gl_lawn_and_garden","24195","71","0","29","15","179.99","1767.74","5581.89","18839.36","34767.34","22","18","0","0","0","20.49","232","149","83","0","","2","0","","","","","","","","","","","","","","","","","37.7","123","Low stock","","","2026-04-27","Yes","No","27.5","37.7","2026-04-27","269","0","2","0","176","unassigned","N","","",""
"2026-04-30","311003-5X3NJ","X002IUQ9K1","B088GVCMZH","VIVOSUN 3-Pack 6.5 Inch Gardening Scissors Hand Pruner Pruning Shear with Titanium Coated Curved Precision Blades","New","793","0","694","237","0","0","0","0","USD","31","101","163","226","","12.99","0.0","9.68","0.0","NoRestockExcessActionRequired","","0.0","0","0","0.0","0.3","0.030819","cubic feet","Standard","24.439467","US","gl_lawn_and_garden","156","161","0","31","45","9.68","301.26","1061.98","1760.24","2498.81","125","488","81","0","0","17.73","1","0","0","1","","143","0","","","","","","","","","","","","","","","","","314.4","415","Healthy","","","2026-04-27","No","No","260.6","314.4","2026-04-27","842","48","92","3","183","unassigned","N","","",""
"2026-04-30","PS-006","X00430FYTB","B0CQZD5F1D","VIVOSUN 8"" Bypass Pruning Shears for Gardening, Heavy-Duty Garden Scissors, Ultra Sharp Pruners with 3/4 in. Cut Capacity, Garden Clippers for Pruning","New","361","0","284","93","0","0","0","0","USD","20","78","135","199","Low traffic","15.99","0.0","12.79","0.0","NoExcessInventory","","0.0","0","0","0.0","0.55","0.027232","cubic feet","Standard","9.830752","US","gl_lawn_and_garden","200715","141","0","25","32","12.79","253.0","1005.96","1723.73","2697.78","151","132","1","0","0","6.39","144","144","0","0","","25","0","","","","","","","","","","","","","","","","","168.8","156","Healthy","","","2026-04-27","Yes","No","136.0","168.8","2026-04-27","511","6","17","2","233","unassigned","N","","",""
"2026-04-30","GH-0004","X002ITCNN9","B088FK9ZVF","VIVOSUN Portable Mini Greenhouse 94.5x36x36-Inch Tunnels, PE Cover with Roll-up Zipper Door, for Indoor Outdoor or Garden Plant Growing","","0","0","1","0","0","0","0","0","USD","1","6","50","67","","0.0","0.0","0.0","0.0","CreateShippingPlan","","","0","0","","2.71","0.850078","cubic feet","Oversize","0.0","US","gl_lawn_and_garden","23234","0","0","0","0","49.99","49.99","283.87","2100.34","2920.89","1","0","0","0","0","","0","0","0","0","","0","1","","","","","","","","","","","","","","","","","30.0","17","Out of stock","58","2026-04-29","2026-04-27","Yes","No","9.0","30.0","2026-04-27","0","0","0","0","0","unassigned","N","","",""
"2026-04-30","330701-01J","X000OXKC43","B00P7RUI3U","VIVOSUN Heavy-duty Polyester Plant Trellis Netting 5 x 15ft, 1 Pack","New","1712","0","1815","0","0","0","0","0","USD","111","511","1003","1251","","6.49","0.0","6.49","0.0","NoRestockExcessActionRequired","","0.0","0","0","0.0","0.87","0.011006","cubic feet","Standard","18.842272","US","gl_lawn_and_garden","2355","132","0","20","26","6.49","720.39","3315.1","6505.88","8111.47","624","794","397","0","0","12.28","860","860","0","0","","109","4","","","","","","","","","","","","","","","","","110.8","933","Healthy","","","2026-04-27","No","No","108.2","110.8","2026-04-27","2648","76","27","6","285","unassigned","N","","",""
"2026-04-30","311001-7x20","X002XOK22X","B097PJ7KQY","VIVOSUN 20-Pack 7 Gallon Grow Bags, Heavy Duty Thickened Nonwoven Fabric Pots with Handles for Flowers Fruits and Vegetables Black","New","95","0","118","0","0","0","0","0","USD","12","91","156","203","","42.99","0.0","42.99","0.0","NoExcessInventory","","0.0","0","0","0.0","1.6","0.669794","cubic feet","Standard","63.63043","US","gl_lawn_and_garden","1974","209","0","6","9","42.99","515.88","3758.44","6338.23","8211.13","28","90","0","0","0","70.41","60","16","20","24","","93","0","","","","","","","","","","","","","","","","","59.3","91","Healthy","","","2026-04-27","Yes","No","39.0","59.3","2026-04-27","243","88","1","4","248","unassigned","N","","",""
"2026-04-30","GIY-SGS-448","X003QX3HH7","B0BY7Z72TR","VIVOSUN Smart Grow Tent Kit, 4 × 4ft 4-Plant System, WiFi-Integrated Automatic Grow System with Full Spectrum LED Grow Light, Efficient Ventilation System with GrowHub E42A+ Controller","New","1","0","0","1","0","0","0","0","USD","0","0","2","2","Low conversion","719.99","0.0","579.99","550.99","CreateShippingPlan","","0.0","0","0","0.0","2.04","7.949219","cubic feet","Extra-large","7.949219","US","gl_lawn_and_garden","14023","0","0","","6","579.99","0.0","0.0","1367.98","1367.98","0","0","0","0","0","1.43","0","0","0","0","","0","0","","","","","","","","","","","","","","","","","","32","Low stock","93","2026-05-06","","","","","84.5","2026-04-27","1","0","0","0","0","unassigned","N","","",""
"2026-04-30","304116-44G","X003RHYS07","B07WMXJV9M","VIVOSUN R446 4x4 Grow Tent, 48""x48""x72"" Roof Cube Tent with Observation Window and Floor Tray for Hydroponics Indoor Plant for VS4000/VSF4300","New","27","0","31","0","0","0","0","0","USD","7","26","60","103","","139.99","0.0","139.99","108.0","GoToRestock","","0.0","0","0","0.0","1.93","2.024653","cubic feet","Oversize","54.665631","US","gl_lawn_and_garden","50102","36","0","4","3","139.99","977.95","3579.78","7863.44","13281.01","0","0","31","0","0","15.05","0","0","0","0","","2","1","","","","","","","","","","","","","","","","","54.8","28","Healthy","54","2026-05-06","2026-04-27","Yes","No","45.8","54.8","2026-04-27","28","1","1","0","37","unassigned","N","","",""
"2026-04-30","304114-54","X003REHDB1","B07HQRGL6P","VIVOSUN 4x5 Grow Tent 2-in-1 Propagation & Growing Tents, 60""x48""x80"" High Reflective Mylar Grow Tents with Multi-Chamber and Floor Tray for Hydroponic Indoor Plant","New","48","0","50","0","0","0","0","0","USD","10","32","46","60","","199.99","0.0","179.99","0.0","NoExcessInventory","","0.0","0","0","0.0","0.77","2.949074","cubic feet","Oversize","141.555552","US","gl_lawn_and_garden","50102","74","0","6","10","179.99","1772.9","5732.68","8252.54","10772.4","9","20","21","0","0","59.1","0","0","0","0","","16","0","","","","","","","","","","","","","","","","","132.0","32","Healthy","17","2026-05-06","2026-04-27","Yes","No","88.5","132.0","2026-04-27","48","0","16","0","102","unassigned","N","","",""
"2026-04-30","VSVC-AZG8","X003W4EHO7","B0CBRQW2KW","VIVOSUN Smart Air Filtration G8 Kit 8"", AeroZesh G8 Inline Duct Fan with E12 Speed Controller, Carbon Filter & 25' Ducting, Cooling & Ventilation System for Grow Tents, Indoor Gardening, Hydroponics","","0","0","3","0","0","0","0","0","USD","3","7","25","47","","0.0","0.0","188.99","0.0","NoExcessInventory","","","0","0","","11.06","4.658565","cubic feet","Oversize","0.0","US","gl_lawn_and_garden","15350","20","0","61","29","160.64","481.92","1124.48","4016.0","7550.08","3","0","0","0","0","","107","91","16","0","","2","0","","","","","","","","","","","","","","","","","11.3","19","Out of stock","","","2026-04-27","Yes","No","9.1","11.3","2026-04-27","107","0","0","2","179","unassigned","N","","",""
"2026-04-30","VSN-WB540B1-US","X004XNK8I5","B0D97767J9","VIVOSUN 540 L/143 Gal Water Storage Bladder, Foldable and Portable Water Tank, Water Storage Bag Containers for RV, Camping, Garden, Irrigation, Drought Resistance, Firefighting","New","38","0","48","0","0","0","0","0","USD","3","28","32","32","","59.99","0.0","53.09","0.0","NoExcessInventory","","0.0","0","0","0.0","1.81","0.760284","cubic feet","Standard","28.890792","US","gl_lawn_and_garden","190119","153","0","17","48","53.09","159.27","1599.62","1833.58","1833.58","45","3","0","0","0","19.29","81","27","50","4","","10","0","","","","","","","","","","","","","","","","","55.3","","","","","2026-04-27","Yes","No","42.1","55.3","2026-04-27","124","5","4","1","213","unassigned","N","","",""
"2026-04-30","GT-Pole","X003R48NMT","B0BYRBRX9V","VIVOSUN Grow Tent High CFM Kit, Green Pole Range of 24""-48"", Suitable for 2'x2', 3'x3', 4'x2' and 4'x4' Grow Tent, 4-Pack","New","5","0","21","0","0","0","0","0","USD","36","159","450","844","","35.99","0.0","35.99","0.0","GoToRestock","","0.0","0","0","0.0","2.56","0.248767","cubic feet","Oversize","1.243835","US","gl_lawn_and_garden","23141","0","0","0","0","35.99","1295.64","5721.41","16193.0","30369.56","4","6","11","0","0","0.16","0","0","0","0","","11","0","","","","","","","","","","","","","","","","","34.5","169","Low stock","501","2026-05-07","2026-04-27","No","No","19.3","34.5","2026-04-27","5","0","9","2","2","unassigned","N","","",""
"2026-04-30","330101NJ","X001YUGJ3X","B00P7U259C","VIVOSUN Durable Waterproof Seedling Heat Mat 10"" x 20.75"" UL & MET-Certified Warm Hydroponic Heating Pad for Germination, Indoor Gardening, Greenhouse","New","4996","0","6313","0","0","0","0","0","USD","1840","10864","32469","51707","","14.99","0.0","14.99","0.0","CreateShippingPlan","","0.0","0","0","0.0","3.4","0.02649","cubic feet","Standard","132.34404","US","gl_lawn_and_garden","751","42","0","4","3","14.99","26972.05","153844.19","463278.09","704446.74","6313","0","0","0","0","35.12","7441","6300","0","1141","","1047","60","","","","","","","","","","","","","","","","","26.1","6174","Low stock","2232","2026-05-07","2026-04-27","Yes","No","20.8","26.1","2026-04-27","13319","882","124","41","144","unassigned","N","","",""
"2026-04-30","GH-0017","X003U7WDHJ","B0C6LDZNDD","VIVOSUN 39x39x63-Inch Portable Walk-in Greenhouse, with PVC Cover & Detachable Base, Instant Pop-up and Folding, Mini Greenhouse with Roll-Up Door & Mesh Window for Indoor Outdoor, Wind Ropes Included","New","86","0","87","0","0","0","0","0","USD","4","8","15","25","","65.99","0.0","55.99","37.51","Create Outlet deal","","53.54","20","0","53.18","0.44","0.662558","cubic feet","Oversize","56.979988","US","gl_lawn_and_garden","23234","286","0","43","44","55.99","223.96","463.92","890.35","1576.25","15","46","26","0","0","27.99","0","0","0","0","","2","0","","","","","","","","","","","","","","","","","433.5","27","Healthy","","","2026-04-27","Yes","No","433.5","204.4","2026-04-27","87","1","1","0","289","unassigned","N","","",""
"2026-04-30","THM003-3J","X002FGLIC7","B083J5TSJV","VIVOSUN Digital Thermometer and Hygrometer with 3 Remote Sensors, Indoor Outdoor Temperature and Humidity Monitor with Touchscreen LCD Backlight, 200ft/60m Range, Battery Included","New","62","0","65","0","0","0","0","0","USD","12","32","71","102","Low traffic","28.99","0.0","20.56","0.0","NoExcessInventory","","0.0","0","0","0.0","1.36","0.038141","cubic feet","Standard","2.364742","US","gl_biss","71800","67","0","22","23","20.56","246.72","676.82","1542.94","2281.39","42","23","0","0","0","1.84","120","120","0","0","","2","0","","","","","","","","","","","","","","","","","70.8","59","Healthy","","","2026-04-27","Yes","No","70.8","70.4","2026-04-27","184","2","0","0","193","unassigned","N","","",""
"2026-04-30","AWM-003","X0045U0PRZ","B0CXPHT5GC","VIVOSUN Aquarium Wave Maker, 3432GPH 40W Circulation Pump with Controller & Magnetic Suction Base, Adjustable Submersible Powerhead for 60-300 Gal Freshwater/Saltwater Fish Tank","New","37","0","13","9","10","7","1","0","USD","9","25","58","96","Low traffic","79.99","0.0","59.99","0.0","GoToRestock","","0.0","0","0","0.0","1.15","0.130123","cubic feet","Standard","4.814551","US","gl_pet_products","65059","46","0","5","5","59.99","563.91","1755.75","4187.42","6699.04","0","7","6","17","0","3.66","0","0","0","0","","2","0","4","0.26","3","0.39","5","0.98","1","0.71","4","2.97","2","1.54","1","0.9","0","0.0","88.9","48","Low stock","62","2026-05-06","2026-04-27","Yes","No","88.9","77.7","2026-04-27","39","2","0","0","46","unassigned","N","","",""
"2026-04-30","332967-50J","X002E2775J","B081N6NQ7B","VIVOSUN 6 Inch 50-Pack Garden Stakes, Galvanized Steel Landscape Stapes 11 Gauge U-Shaped Pins for Weed Barrier Fabric, Ground Cover, Soaker Hose, Irrigation Tubing, Holding Fence","New","107","0","188","0","0","0","0","0","USD","45","188","321","371","","11.49","0.0","9.77","0.0","NoExcessInventory","","0.0","0","0","0.0","1.93","0.018889","cubic feet","Standard","2.021123","US","gl_lawn_and_garden","19664","39","0","10","17","9.77","474.58","1895.96","3265.75","3794.95","171","17","0","0","0","1.45","380","260","0","120","","74","0","","","","","","","","","","","","","","","","","52.5","289","Low stock","188","2026-05-06","2026-04-27","No","No","36.5","52.5","2026-04-27","556","69","4","1","94","unassigned","N","","",""
"2026-04-30","HM001J","X002EE85J9","B0823MGXXD","VIVOSUN Reptile Heating Pad 6x8 Inch with Thermostat Combo Under Tank Terrarium Heating Mat for Turtles, Lizards, Frogs, and Other Reptiles","New","121","0","180","0","0","0","0","0","USD","53","328","635","990","","29.99","0.0","29.99","0.0","NoExcessInventory","","0.0","0","0","0.0","2.59","0.067474","cubic feet","Standard","8.164354","US","gl_pet_products","15907","36","0","7","8","29.99","1575.47","9188.22","18359.51","28988.11","100","80","0","0","0","2.44","509","360","120","29","","46","1","","","","","","","","","","","","","","","","","33.2","286","Low stock","220","2026-05-06","2026-04-27","Yes","No","25.5","33.2","2026-04-27","671","41","3","2","81","unassigned","N","","",""
"2026-04-30","TC-0001","X003RCWAG1","B0BZC2VTXL","VIVOSUN 1500W Digital Temperature Controller, 2-Stage Outlet Thermostat Heating and Cooling Mode, Thermostat with Dual LED Display, for Homebrew Fermenter Greenhouse Terrarium, 110-240V 20A 1500W","New","214","0","235","0","0","0","0","0","USD","16","39","90","122","Low traffic","32.99","0.0","29.99","0.0","NoRestockExcessActionRequired","","0.0","0","0","0.0","0.52","0.070694","cubic feet","Standard","15.128516","US","gl_lawn_and_garden","104635","222","0","34","35","29.99","479.84","1182.96","2783.05","3868.98","1","80","154","0","0","10.36","120","120","0","0","","41","0","","","","","","","","","","","","","","","","","328.2","66","Healthy","","","2026-04-27","Yes","No","328.2","171.8","2026-04-27","334","0","41","0","366","unassigned","N","","",""
"2026-04-30","E331903J","X001Z8MOAL","B07L8CZK73","VIVOSUN 16 inch Bud Leaf Bowl Trimmer- Clear Visibility Dome, Sharp Stainless Steel Blades for Spin Cut & Solid Metal Gear Box, Hand Pruner Included (Upgraded Version)","New","137","0","142","0","0","0","0","0","USD","7","38","76","101","","129.99","0.0","129.99","0.0","NoExcessInventory","","0.0","0","0","0.0","1.04","1.91191","cubic feet","Oversize","261.93167","US","gl_lawn_and_garden","213293","104","0","20","25","129.99","909.93","4939.62","9879.24","13128.99","54","77","11","0","0","115.96","60","49","11","0","","8","0","","","","","","","","","","","","","","","","","106.1","74","Healthy","","","2026-04-27","Yes","No","106.1","79.2","2026-04-27","197","0","8","0","127","unassigned","N","","",""
"2026-04-30","HR-0003B","X0042AZNW5","B0CPP83W9B","VIVOSUN Outdoor Handrail, 5 Step Stair Handrail, 69"" x 36"" Fits 1 to 5 Steps, Wrought Mattle Iron Stair Railing with Curved End and Balusters for Concrete Step, Porch Steps, One-Step Assembly, Black","New","213","0","256","0","0","0","0","0","USD","25","96","192","247","","119.99","0.0","91.19","0.0","NoExcessInventory","","0.0","0","0","0.0","0.88","2.247106","cubic feet","Extra-large","478.633578","US","gl_home_improvement","2999","56","0","10","12","119.99","2999.25","11517.54","21502.78","27227.23","47","74","135","0","0","198.52","30","30","0","0","","36","4","","","","","","","","","","","","","","","","","114.2","82","Healthy","63","2026-05-06","2026-04-27","Yes","No","97.6","114.2","2026-04-27","243","0","36","0","66","unassigned","N","","",""
"2026-04-30","VSG-BR280g63X30G","X004B3DN61","B0D8P8XV2Q","VIVOSUN 63 in x 30 ft Premium Burlap Fabric, 10 oz Heavy Duty High Density Natural Jute Fiber, Multipurpose Burlap for Gardening, Outdoor Plant Care, Weed Barrier, DIY Crafts, and Decoration","New","11","0","31","0","0","0","0","0","USD","12","27","79","103","","45.99","0.0","40.49","0.0","NoExcessInventory","","0.0","0","0","0.0","3.24","0.665347","cubic feet","Standard","7.318817","US","gl_lawn_and_garden","30066","20","0","16","14","40.49","496.88","1114.98","3305.61","4352.37","31","0","0","0","0","8.59","100","80","0","20","","19","0","","","","","","","","","","","","","","","","","24.7","120","Low stock","107","2026-05-07","2026-04-27","Yes","No","16.3","24.7","2026-04-27","127","16","1","2","71","unassigned","N","","",""
"2026-04-30","L000001-50J","X001B18LD1","B01N7P96NN","VIVOSUN 6 Mil Mylar Film Roll, 4 ft. x 50 ft. Diamond Film Foil Roll, Heavy-Duty Reflective Film for Grow Tent, Warm House, and Grow Room (50 ft.)","New","145","0","145","0","0","0","0","0","USD","17","64","122","182","","64.99","0.0","64.99","0.0","NoRestockExcessActionRequired","","0.0","0","0","0.0","1.23","0.347367","cubic feet","Oversize","50.368215","US","gl_lawn_and_garden","48776","133","0","19","21","64.99","1022.83","3981.01","7541.63","11236.53","51","57","37","0","0","21.19","162","108","51","3","","2","7","","","","","","","","","","","","","","","","","73.1","112","Healthy","","","2026-04-27","Yes","No","73.1","70.0","2026-04-27","307","0","1","1","203","unassigned","N","","",""
"2026-04-30","VSI-DIK01","X004PJTX0B","B0FBWDWK4R","VIVOSUN Automatic Drip Irrigation Kit, Smart Watering System with 16 Drip Emitters, 4mm Fast Flow, App-Controlled A10 GrowHub, Quiet 15W Pump, Anti-Siphon & Filtered for Indoor & Outdoor Plants","","0","0","12","0","0","0","0","0","USD","74","633","1475","1921","","0.0","0.0","0.0","0.0","NoRestockExcessActionRequired","","","0","0","","4.74","0.158666","cubic feet","Standard","0.0","US","gl_lawn_and_garden","12454","56","0","17","19","49.99","3691.76","31583.17","73590.75","95382.29","12","0","0","0","0","","2848","1416","600","832","","12","1","","","","","","","","","","","","","","","","","19.6","788","Out of stock","","","2026-04-27","No","Yes","13.2","19.6","2026-04-27","2848","0","2","10","120","unassigned","N","","",""
"2026-04-30","VSA-GGDJ","X004L1HYCR","B0DY729GLT","VIVOSUN Grow Room Glasses, Indoor Hydroponics LED Grow Light Glasse, Anti-UV Glasses for Visual Eye Protection, 1pcs","New","84","0","96","0","0","0","0","0","USD","19","77","150","240","","19.99","0.0","19.99","0.0","NoExcessInventory","","0.0","0","0","0.0","3.46","0.044053","cubic feet","Standard","3.700452","US","gl_lawn_and_garden","26279","40","0","17","18","19.99","378.81","1537.23","2996.5","4753.6","96","0","0","0","0","1.91","251","250","0","1","","10","0","","","","","","","","","","","","","","","","","37.2","161","Low stock","","","2026-04-27","Yes","No","37.2","24.5","2026-04-27","343","8","2","0","164","unassigned","N","","",""
"2026-04-30","VSL-T51F-8","X004JLNW39","B0DTK4ZF3C","VIVOSUN T5 Grow Lights for Indoor Plants, 5000K Full Spectrum 48W(8 X 6W), 1FT LED Plant Light Strip for Seed Starting, Greenhouse, Hydroponics, SGS Compatible, Linkable, 8-Pack","New","334","0","251","131","0","0","0","0","USD","29","119","289","405","","44.99","0.0","38.24","0.0","NoExcessInventory","","0.0","0","0","0.0","0.78","0.139656","cubic feet","Standard","46.645104","US","gl_lawn_and_garden","8844","108","0","11","10","38.24","1115.71","4965.41","11416.21","15768.55","44","9","198","0","0","27.64","3","0","0","3","","43","0","","","","","","","","","","","","","","","","","120.9","119","Healthy","","","2026-04-27","No","No","94.2","120.9","2026-04-27","349","12","28","3","119","unassigned","N","","",""
"2026-04-30","332562J","X0041N4QZN","B0CNPP4JFD","VIVOSUN 2700 GPH Submersible Water Pump with Barrier Bag, 120W Pond Pump, Ultra Quiet Aquarium Pump with 15FT. Lift Height for Pond, Waterfall, Fish Tank, Statuary, Hydroponic","New","240","0","319","0","0","0","0","0","USD","49","149","194","224","","89.99","0.0","71.99","0.0","NoRestockExcessActionRequired","","0.0","0","0","0.0","0.72","0.352179","cubic feet","Standard","84.52296","US","gl_lawn_and_garden","1741","82","0","8","18","71.99","3590.51","11668.01","15377.56","17974.76","88","137","94","0","0","63.42","76","76","0","0","","82","0","","","","","","","","","","","","","","","","","148.9","123","Healthy","","","2026-04-27","No","No","84.8","148.9","2026-04-27","358","42","35","5","141","unassigned","N","","",""
"2026-04-30","306143-0820","X000ZYIKLD","B01DXYMHWS","VIVOSUN 8 Inch Air Carbon Filter Smelliness Control with Australia Virgin Charcoal for Inline Duct Fan, Grow Tent,Pre-Filter Included, Reversible Flange 8""x 20""","New","28","0","29","0","0","0","0","0","USD","5","43","84","104","","99.99","0.0","99.99","75.2","NoRestockExcessActionRequired","","0.0","0","0","0.0","1.94","1.75944","cubic feet","Oversize","49.26432","US","gl_lawn_and_garden","13059","43","0","34","46","99.99","499.95","4262.27","8359.86","10359.66","11","2","16","0","0","7.96","343","312","31","0","","0","2","","","","","","","","","","","","","","","","","46.3","71","Low stock","","","2026-04-27","Yes","No","29.4","46.3","2026-04-27","371","0","0","0","366","unassigned","N","","",""
"2026-04-30","HDR004x2","X003UVQ169","B0C7Z5R79F","VIVOSUN 2-Pack 4-Layer Mesh Drying Rack Hanging Design with Green Zippers for Dehydrating, Indoor and Outdoor (Pruning Shears Included)","New","91","0","109","0","0","0","0","0","USD","2","23","51","64","","34.99","0.0","34.99","0.0","NoExcessInventory","","0.0","0","0","0.0","0.72","0.450912","cubic feet","Standard","41.032992","US","gl_lawn_and_garden","","110","0","24","28","34.99","69.98","804.27","1783.99","2238.36","37","38","34","0","0","27.2","49","48","0","1","","17","0","","","","","","","","","","","","","","","","","125.6","73","Healthy","","","2026-04-27","Yes","No","119.7","125.6","2026-04-27","143","3","13","1","198","unassigned","N","","",""
"2026-04-30","311003-4J","X001375NH5","B01EWH83FU","VIVOSUN 6.5 Inch Gardening Scissors Hand Pruner Pruning Shear with Straight Stainless Steel Blades Orange 1-Pack","New","24672","0","27715","0","0","0","0","0","USD","4030","12735","20961","27816","","6.99","0.0","5.99","0.0","NoRestockExcessActionRequired","","0.0","0","0","0.0","1.16","0.008469","cubic feet","Standard","208.947168","US","gl_lawn_and_garden","156","54","0","13","19","5.99","24334.54","82393.93","136402.34","180795.68","12410","15305","0","0","0","126.37","17753","16320","0","1433","","2795","44","","","","","","","","","","","","","","","","","87.6","14340","Healthy","","","2026-04-27","No","No","75.9","87.6","2026-04-27","43196","771","1902","122","86","unassigned","N","","",""
"2026-04-30","Spray-SX-CS8","X003R30QWP","B0BYNCZJ63","VIVOSUN 2.1 Gal/8L Pump Sprayer, Garden Water Sprayer for Plants, Weeds & Lawn Care, with 3 Nozzles, 50'' Long Hose & Pressure Relief Valve","New","1234","0","1282","0","0","0","0","0","USD","72","276","448","673","","46.99","0.0","39.09","35.53","NoRestockExcessActionRequired","","0.0","0","0","0.0","0.61","0.684375","cubic feet","Oversize","844.51875","US","gl_lawn_and_garden","4908","191","0","25","33","39.09","2836.58","11193.6","18827.46","27810.75","254","288","740","0","0","412.39","523","396","126","1","","81","2","","","","","","","","","","","","","","","","","153.3","568","Healthy","","","2026-04-27","No","No","150.2","153.3","2026-04-27","1805","48","30","3","284","unassigned","N","","",""
"2026-04-30","VSL-T52F-8","X004HTZAKV","B0DPYVQQNP","VIVOSUN 2ft Grow Lights for Indoor Plants Full Spectrum, LED Plant Lights 120W(8 X 15W), T5 Grow Light Strip for Seed Starting, Greenhouse, Hydroponics, SGS Compatible, Linkable, 5000K, 8-Pack","","0","0","1","0","0","0","0","0","USD","0","8","374","714","","0.0","0.0","0.0","0.0","CreateShippingPlan","","","0","0","","3.67","0.208333","cubic feet","Oversize","0.0","US","gl_lawn_and_garden","","0","0","0","0","34.62","0.0","479.92","21807.44","40791.23","1","0","0","0","0","","0","0","0","0","","0","0","","","","","","","","","","","","","","","","","24.0","445","Out of stock","761","2026-04-29","2026-04-27","Yes","No","2.8","24.0","2026-04-27","0","0","0","0","0","unassigned","N","","",""
"2026-04-30","332024J","X0046LUVW7","B0CZ85T6LW","VIVOSUN 2-Pack Jewelry Loupe, 30X and 60X Foldable Magnifier UV/LED Lights, Desktop Loupe with LED & UV Lights for Jewelry, Gems, Watches, Coins, and Stamps, Black","New","229","0","316","0","0","0","0","0","USD","67","287","639","940","","29.99","0.0","29.99","0.0","NoExcessInventory","","0.0","0","0","0.0","2.67","0.021691","cubic feet","Standard","4.967239","US","gl_home","10934","96","0","15","15","29.99","1562.93","7709.31","16752.67","24193.68","256","60","0","0","0","2.48","900","350","550","0","","78","0","","","","","","","","","","","","","","","","","37.3","571","Low stock","","","2026-04-27","No","No","34.7","37.3","2026-04-27","1195","66","7","5","138","unassigned","N","","",""
"2026-04-30","311001-100J","X0027JRJDJ","B07SQQQPYY","VIVOSUN 1 Pack 100 Gallon Grow Bag, Fabric Pot with Handles for Vegtables and Plants","New","340","0","391","0","0","0","0","0","USD","45","189","324","397","","18.99","0.0","18.99","0.0","NoExcessInventory","","0.0","0","0","0.0","1.01","0.203937","cubic feet","Standard","69.33858","US","gl_lawn_and_garden","25353","140","0","9","14","18.99","854.55","3568.21","6059.76","7356.03","99","128","164","0","0","56.66","90","90","0","0","","149","2","","","","","","","","","","","","","","","","","96.2","178","Healthy","","","2026-04-27","No","No","68.4","96.2","2026-04-27","558","128","21","0","245","unassigned","N","","",""
"2026-04-30","311003-4X6NJ","X002IUOMA5","B088GMYWZH","VIVOSUN 6-Pack 6.5 Inch Gardening Scissors Hand Pruner Pruning Shear with Straight Stainless Steel Blades Orange","New","385","0","386","26","0","0","0","0","USD","14","61","129","167","","19.99","0.0","16.99","0.0","NoRestockExcessActionRequired","","0.0","0","0","0.0","0.47","0.06315","cubic feet","Standard","24.31275","US","gl_lawn_and_garden","156","130","0","42","50","16.99","240.86","1150.97","2425.71","3146.19","143","242","1","0","0","16.96","263","240","0","23","","48","0","","","","","","","","","","","","","","","","","208.4","253","Healthy","","","2026-04-27","Yes","No","208.4","189.8","2026-04-27","668","20","26","2","261","unassigned","N","","",""
"2026-04-30","LOUPE-007J","X0046LUM1R","B0CZ84CV6X","VIVOSUN 30X Rechargeable Loupe, Portable Mini Magnifier, Desktop Magnifying Glass with 3 LED & 3 UV Lights, for Jewelry, Gems, Watches, Coins, Stamps, White","New","192","0","199","0","0","0","0","0","USD","13","68","126","171","","27.99","26.99","26.99","0.0","NoExcessInventory","","0.0","0","0","0.0","1.11","0.010398","cubic feet","Standard","1.996416","US","gl_home","14989","194","0","23","30","24.99","337.27","1674.58","2935.2","3965.09","76","123","0","0","0","1.47","211","67","72","72","","2","1","","","","","","","","","","","","","","","","","78.2","128","Healthy","","","2026-04-27","No","No","77.3","78.2","2026-04-27","404","1","0","1","240","unassigned","N","","",""
"2026-04-30","MGS-PS8W6","X004DT5MXP","B0DG1TKSHV","Maygrove 6 Pack Plant Saucer, 8 10 12 inch Plant Saucers for Indoor, Heavy Duty Plastic Plant Trays for pots, Grow Bags, Bird Baths, Flower Drip Trays for Indoor and Outdoor Uses (8"", White)","New","12","0","23","0","0","0","0","0","USD","15","45","50","50","","12.99","0.0","11.69","0.0","NoExcessInventory","","0.0","0","0","0.0","2.02","0.046703","cubic feet","Standard","0.560436","US","gl_lawn_and_garden","14341","22","0","11","34","11.69","175.35","538.01","592.56","592.56","0","23","0","0","0","0.1","120","96","24","0","","5","0","","","","","","","","","","","","","","","","","62.7","54","Low stock","","","2026-04-27","Yes","No","42.6","62.7","2026-04-27","132","0","2","3","132","unassigned","N","","",""
"2026-04-30","HR-0004J","X0049PKXPF","B0C8153XLZ","VIVOSUN Outdoor Handrail, 6 Step Stair Handrail, 83"" x 36"" Fits 1 to 6 Steps, Wrought Mattle Iron Handrail for Concrete Steps, Porch Steps, One-Step Assembly, Black","New","1120","0","254","980","0","0","0","0","USD","68","357","693","903","","109.99","0.0","104.49","0.0","NoRestockExcessActionRequired","","0.0","0","0","0.0","0.52","1.279839","cubic feet","Extra-large","1433.41968","US","gl_home_improvement","2999","113","0","17","21","104.49","7039.32","33903.93","64801.94","84540.02","9","12","233","0","0","636.21","400","0","400","0","","102","0","","","","","","","","","","","","","","","","","177.9","592","Healthy","","","2026-04-27","Yes","No","127.3","177.9","2026-04-27","1520","0","101","1","122","unassigned","N","","",""
"2026-04-30","VSGBS-10x3","X003ZWTRUZ","B0CKWW74BW","VIVOSUN 3-Pack 2-Grid 10 Gallon Grow Bags, Heavy Duty Square Plant Grow Pots, 400G Thickened Breathable Fabric Plant Container with Reinforced Handles & 10 Pcs Plant Labels for Flowers, Vegetables","New","0","0","20","0","0","0","0","0","USD","21","54","222","343","","17.99","0.0","17.99","0.0","NoExcessInventory","","0.0","0","0","0.0","5.41","0.165531","cubic feet","Standard","0.0","US","gl_lawn_and_garden","37552","35","0","16","8","17.99","377.79","971.46","3990.58","6166.87","20","0","0","0","0","6.86","220","160","40","20","","100","0","","","","","","","","","","","","","","","","","15.6","175","Low stock","81","2026-05-06","2026-04-27","Yes","No","10.2","15.6","2026-04-27","313","93","0","7","98","unassigned","N","","",""
"2026-04-30","304113-P558","X003XWXHU3","B0CGHL4R3F","VIVOSUN P558 60""×60""×80"" PRO Grow Tent, with Thick 1 inch Poles, Strengthened High Reflective Mylar Oxford Fabric, Extra Hanging Bars & High CFM Kit for Hydroponics Indoor Plant for AeroLight A200SE×3","New","84","0","89","0","0","0","0","0","USD","8","15","41","79","","219.99","0.0","186.99","0.0","NoRestockExcessActionRequired","","0.0","0","0","0.0","1.01","3.470052","cubic feet","Extra-large","291.484368","US","gl_lawn_and_garden","24195","180","0","33","20","186.99","1495.92","2903.85","8161.59","15762.21","1","69","19","0","0","134.63","40","10","30","0","","2","0","","","","","","","","","","","","","","","","","178.0","50","Healthy","","","2026-04-27","Yes","No","178.0","93.4","2026-04-27","124","0","0","2","198","unassigned","N","","",""
"2026-04-30","311001-30x5NJ","X001F1PO69","B00VWU35F4","VIVOSUN 5-Pack 30 Gallons Grow Bags, Heavy Duty Thickened Nonwoven Fabric Pots with Handles","New","849","0","2052","0","0","0","0","0","USD","431","2185","3642","4155","","28.99","0.0","28.99","0.0","GoToRestock","","0.0","0","0","0.0","2.0","0.51781","cubic feet","Standard","439.62069","US","gl_lawn_and_garden","30","55","0","3","5","28.99","12493.7","62270.05","101775.8","116085.92","1980","72","0","0","0","560.35","825","824","0","1","","1920","19","","","","","","","","","","","","","","","","","42.0","1849","Healthy","1313","2026-05-07","2026-04-27","No","No","24.3","42.0","2026-04-27","3518","1844","56","20","98","unassigned","N","","",""
"2026-04-30","VSFD4500","X003KBBMHR","B0BPC8K1HW","VIVOSUN Patented Design VSFD4500 LED Grow Light, 450W Removable Dimmable Plant Grow Light with 6 Dimming Option - Full Spectrum and UR/IR Light for Indoor Plants","New","32","0","32","0","0","0","0","0","USD","1","15","29","48","","399.99","0.0","339.99","0.0","GoToRestock","","0.0","0","0","0.0","1.31","1.653128","cubic feet","Oversize","52.900096","US","gl_lawn_and_garden","54687","71","0","8","8","339.99","339.99","5099.85","10578.77","17798.58","2","30","0","0","0","22.76","0","0","0","0","","2","0","","","","","","","","","","","","","","","","","81.5","35","Low stock","31","2026-05-04","2026-04-27","Yes","No","72.3","81.5","2026-04-27","32","0","2","0","76","unassigned","N","","",""
"2026-04-30","VSL-LRUC100X2","X004NKXNGR","B0F5HFLWCN","VIVOSUN LumaRay Under Canopy Grow Light, Full Spectrum Dimmable LED Grow Lights for Grow Tents, Greenhouses, SGS Compatible, 100W, 3.28 ft, 2 Pack","New","0","0","14","0","0","0","0","0","USD","8","27","83","153","","219.99","0.0","219.99","0.0","NoRestockExcessActionRequired","","0.0","0","0","0.0","4.0","1.381076","cubic feet","Oversize","0.0","US","gl_home_improvement","69743","28","0","24","14","219.99","1693.92","5863.73","17757.17","33025.47","14","0","0","0","0","0.79","166","128","38","0","","14","2","","","","","","","","","","","","","","","","","21.7","68","Low stock","","","2026-04-27","Yes","No","7.4","21.7","2026-04-27","169","3","1","10","125","unassigned","N","","",""
"2026-04-30","311011-10J","X00279IFTV","B07SJRBYGR","VIVOSUN 5 Pack 10 Gallon Square Grow Bags, Thick Nonwoven Cubic Fabric Pots with Handles for Indoor and Outdoor Gardening","New","181","0","214","0","0","0","0","0","USD","39","152","250","295","","23.99","0.0","23.99","0.0","NoExcessInventory","","0.0","0","0","0.0","1.16","0.248452","cubic feet","Standard","44.969812","US","gl_lawn_and_garden","19634","74","0","6","10","23.99","935.61","3619.51","5970.53","7048.1","38","145","31","0","0","31.19","60","60","0","0","","66","1","","","","","","","","","","","","","","","","","90.5","145","Healthy","42","2026-05-06","2026-04-27","No","No","54.1","90.5","2026-04-27","306","65","1","0","114","unassigned","N","","",""
"2026-04-30","311011-7J","X00279IFU5","B07SN2JKSZ","VIVOSUN 5 Pack 7 Gallon Square Grow Bags, Thick Nonwoven Cubic Fabric Pots with Handles for Indoor and Outdoor Gardening","New","159","0","166","0","0","0","0","0","USD","40","150","241","312","","20.99","0.0","20.99","0.0","NoExcessInventory","","0.0","0","0","0.0","1.46","0.202945","cubic feet","Standard","32.268255","US","gl_lawn_and_garden","19634","74","0","7","11","20.99","824.9","3096.66","5004.76","6493.06","23","143","0","0","0","25.08","128","96","0","32","","76","1","","","","","","","","","","","","","","","","","74.3","124","Healthy","","","2026-04-27","No","No","53.8","74.3","2026-04-27","356","69","4","3","128","unassigned","N","","",""
"2026-04-30","Spray-SX-CS5J","X002BM62HL","B07Y82117Q","VIVOSUN 1.35 Gal/5L Pump Sprayer, Garden Water Sprayer for Plants, Weeds & Lawn Care, with 3 Nozzles, 50'' Long Hose & Pressure Relief Valve","New","908","0","1225","0","0","0","0","0","USD","142","487","849","1168","","34.99","0.0","29.74","0.0","NoRestockExcessActionRequired","","0.0","0","0","0.0","1.22","0.544059","cubic feet","Standard","494.005572","US","gl_lawn_and_garden","4908","55","0","20","27","29.74","4217.08","14813.0","26669.43","36327.85","732","349","144","0","0","370.26","1588","1512","0","76","","297","0","","","","","","","","","","","","","","","","","74.6","1261","Low stock","125","2026-05-07","2026-04-27","No","No","74.6","73.5","2026-04-27","2717","221","71","5","141","unassigned","N","","",""
"2026-04-30","GIY-SGS-558","X004L8439H","B0DYNWLN28","VIVOSUN GIY Smart Grow Tent Kit System 5x5 WiFi-Integrated Grow Tent Kit with Automate Ventilation Circulation, Clip Fans, Full-Spectrum LED Grow Light 645W, GrowHub E42A Controller","New","24","0","0","25","0","0","0","0","USD","4","16","27","33","","1299.99","1099.0","1099.0","0.0","NoRestockExcessActionRequired","","0.0","0","0","0.0","0.73","17.76272","cubic feet","Extra-large","426.30528","US","gl_lawn_and_garden","14023","35","0","6","9","999.0","3996.0","16884.99","29217.88","35977.79","0","0","0","0","0","167.74","0","0","0","0","","0","0","5","44.41","0","0.0","0","0.0","0","0.0","0","0.0","0","0.0","0","0.0","0","0.0","126.5","36","Low stock","44","2026-05-07","2026-04-27","Yes","No","59.5","126.5","2026-04-27","24","0","0","0","35","unassigned","N","","",""
"2026-04-30","VSH-HCP04","X004BNMS8P","B0D9LJZ2XT","VIVOSUN 62% RH Two-Way Humidity Control Packs, Size 4 g, 10 Packs for Storing 1/2 oz, Moisture Balancer with RH Indicator Card for Food & Herb Storage","New","631","0","522","133","0","0","0","0","USD","11","62","286","524","","11.49","0.0","11.49","10.63","NoRestockExcessActionRequired","","0.0","0","0","0.0","0.78","0.02227","cubic feet","Standard","14.05237","US","gl_home","72885","214","0","79","30","11.49","125.45","697.04","3246.58","6053.58","104","207","211","0","0","9.54","600","600","0","0","","27","1","","","","","","","","","","","","","","","","","270.9","78","Healthy","","","2026-04-27","Yes","No","270.9","106.9","2026-04-27","1246","15","12","0","366","unassigned","N","","",""
"2026-04-30","VC-0002","X003BRXN09","B0B7J1151P","VIVOSUN 2-Pcs. Grow Tent Vent Cover, 4""/6""/8"" Duct Filter Vent Cover with Elastic Band and Fixed Buckle for Plant Grow Tent Vent","New","99","0","118","0","0","0","0","0","USD","46","182","384","495","","14.49","0.0","14.49","0.0","NoExcessInventory","","0.0","0","0","0.0","2.46","0.034064","cubic feet","Standard","3.372336","US","gl_lawn_and_garden","23738","35","0","10","13","14.49","659.83","2614.27","5515.65","7123.84","16","102","0","0","0","0.97","400","300","100","0","","11","0","","","","","","","","","","","","","","","","","40.9","156","Low stock","","","2026-04-27","No","No","37.2","40.9","2026-04-27","501","2","5","4","102","unassigned","N","","",""
"2026-04-30","330705-05X2","X003PRLXB1","B0BVMBGMLK","VIVOSUN 5 x 30 ft. Plant Trellis Netting, Heavy-Duty Polyester Grow Net, Garden Trellis Netting with Square Mesh for Climbing Plants, Vegetables, Fruits, and Flowers, 2-Pack","New","594","0","616","0","0","0","0","0","USD","47","192","322","415","Low traffic","15.99","0.0","15.99","0.0","NoExcessInventory","","0.0","0","0","0.0","0.84","0.071305","cubic feet","Standard","42.35517","US","gl_lawn_and_garden","52161","129","0","18","27","15.99","748.53","3048.58","5104.78","6591.35","165","348","103","0","0","26.85","275","275","0","0","","33","0","","","","","","","","","","","","","","","","","124.8","192","Healthy","","","2026-04-27","No","No","107.5","124.8","2026-04-27","873","4","22","7","287","unassigned","N","","",""
"2026-04-30","VSV-AZG6E42APR","X004R4A597","B0C6QKDG53","VIVOSUN G6 6"" Inline Duct Fan & Temperature Humidity Controller, E42A+ WiFi-App Control AeroZesh Grow Tent Fan& Smart Thermostat, 388 CFM EC Motor Exhaust Fan for Heating Cooling, Greenhouse Accessory","New","134","0","137","0","0","0","0","0","USD","17","90","181","209","","93.99","0.0","93.99","0.0","NoExcessInventory","","0.0","0","0","0.0","1.12","0.709583","cubic feet","Oversize","95.084122","US","gl_lawn_and_garden","26793","57","0","21","29","93.99","1597.83","8421.5","16946.39","19601.11","20","0","117","0","0","35.03","340","324","16","0","","3","1","","","","","","","","","","","","","","","","","95.9","13","Healthy","","","2026-04-27","Yes","No","60.7","95.9","2026-04-27","475","1","2","0","213","unassigned","N","","",""
"2026-04-30","GT-0004","X00325V48D","B09KGQY5B3","VIVOSUN G558 5x5 Pro Grow Tent 60""x60""x80"", Plant Greenhouse Tent 2000D Mylar Hydroponic Tent with 22mm Thickened Poles, Observation Window and Floor Tray for Plants for VSF6450","New","5","0","7","0","0","0","0","0","USD","0","10","18","34","Low traffic","199.99","0.0","179.99","0.0","GoToRestock","","0.0","0","0","0.0","2.72","2.771892","cubic feet","Extra-large","13.85946","US","gl_lawn_and_garden","5584","17","0","2","1","179.99","0.0","1889.9","3389.82","6389.66","0","7","0","0","0","2.95","0","0","0","0","","1","0","","","","","","","","","","","","","","","","","31.2","9","Low stock","30","2026-05-06","2026-04-27","Yes","No","31.2","30.1","2026-04-27","5","0","1","0","20","unassigned","N","","",""
"2026-04-30","SDP-001","X003SB1KSZ","B0C2766D1S","VIVOSUN 3/4HP Submersible Sewage/Effluent Pump, 4680 GPH, Cast Iron Sump Pump with Automatic Adjustable Float Switch & 2'' NPT discharge, Perfect for Sewage System, Septic Tank, Basement","New","32","0","33","0","0","0","0","0","USD","4","22","22","22","Low traffic","99.99","0.0","79.99","0.0","NoRestockExcessActionRequired","","0.0","0","0","1577.88","2.05","0.803093","cubic feet","Oversize","25.698976","US","gl_home_improvement","237069","33","0","14","46","79.99","329.96","2029.28","2029.28","2029.28","33","0","0","0","0","13.6","46","46","0","0","","2","1","","","","","","","","","","","","","","","","","31.1","98","Low stock","89","2026-05-05","2026-04-27","Yes","No","31.1","29.0","2026-04-27","79","1","1","0","86","unassigned","N","","",""
"2026-04-30","VSI-FFSW6-4","X004ABE3LD","B0D7HNXMGL","VIVOSUN 4-Pack FlexFeed Self-Watering Pots, Auto Irrigation Fabric Pot Base with Water Meter & Maintenance Window, for Use Indoors/Outdoors in Grow Tents, Greenhouses, Gardens","New","1124","0","1183","0","0","0","0","0","USD","226","732","1467","2069","","59.99","0.0","50.98","48.43","NoRestockExcessActionRequired","","0.0","0","0","0.0","1.55","1.04975","cubic feet","Oversize","1179.919","US","gl_lawn_and_garden","8783","76","0","14","16","50.98","11592.51","40046.9","81586.16","116532.91","360","823","0","0","0","461.65","1493","894","552","47","","59","0","","","","","","","","","","","","","","","","","60.7","897","Healthy","","","2026-04-27","No","No","58.3","60.7","2026-04-27","2626","9","35","15","132","unassigned","N","","",""
"2026-04-30","LOUPE-004J","X002RLBDST","B08S6V7D1V","VIVOSUN 30X Rechargeable Loupe Magnifier with White LED Light and UV Light, Portable Magnifying Glass with Optical Glass Lens & Scale for Jewelry, Textile, Gems, Stamps, Coins and Plants","New","555","0","599","0","0","0","0","0","USD","74","294","658","986","","26.99","0.0","26.99","0.0","NoExcessInventory","","0.0","0","0","0.0","1.75","0.009963","cubic feet","Standard","5.529465","US","gl_home","14989","79","0","16","15","23.74","1839.01","7290.95","16281.67","23824.22","155","444","0","0","0","4.23","647","432","72","143","","32","0","","","","","","","","","","","","","","","","","81.6","278","Healthy","","","2026-04-27","No","No","81.6","64.4","2026-04-27","1213","11","17","4","125","unassigned","N","","",""
"2026-04-30","GH-0003","X002ITW1Z9","B088FK7RQS","VIVOSUN 57x57x77-Inch Transparent Mini Walk-in Green House with Window and Anchor, Plant Garden Hot House 2 Tiers 8 Shelves, 4.7 x 4.7 x 6.4 FT","New","99","0","5","90","1","3","0","0","USD","3","5","29","32","","99.99","0.0","79.99","0.0","NoRestockExcessActionRequired","","0.0","0","0","1508.05","0.25","1.500723","cubic feet","Oversize","148.571577","US","gl_lawn_and_garden","23234","186","83","79","40","79.99","239.97","411.95","2261.71","2541.68","0","0","5","4","0","76.71","0","0","0","0","","17","0","0","0.0","1","1.5","0","0.0","0","0.0","3","25.66","0","0.0","0","0.0","0","0.0","905.5","35","Excess","","","2026-04-27","Yes","No","905.5","413.0","2026-04-27","99","0","17","0","207","unassigned","N","","",""
"2026-04-30","TB-33","X002HE9RTX","B085HNHQD9","2pcs VIVOSUN Grow Tent Support Poles, Hanging Bar for 3x3 Grow Tent 36""x36""","New","75","0","77","0","0","0","0","0","USD","4","19","51","78","Low traffic","19.99","0.0","19.99","0.0","NoExcessInventory","","0.0","0","0","0.0","0.93","0.084491","cubic feet","Oversize","6.336825","US","gl_lawn_and_garden","91800","121","0","18","14","19.99","79.96","378.31","1017.99","1557.72","0","24","53","0","0","2.82","12","12","0","0","","0","1","","","","","","","","","","","","","","","","","130.5","39","Healthy","","","2026-04-27","Yes","No","130.5","99.7","2026-04-27","87","0","0","0","141","unassigned","N","","",""
"2026-04-30","VSL-LL100X2-N","X004RRMB73","B08JG8F18N","VIVOSUN LumaLight 100W LED Grow Light, Full Spectrum Plant Light, Smart Dimmable & High PPFD for Indoor Plants Seedling Vegetables Bloom, Fits 2×2/2×4 Grow Tents, 2-Pack","New","298","0","333","0","0","0","0","0","USD","53","123","264","493","","219.99","0.0","127.97","0.0","NoRestockExcessActionRequired","","0.0","0","0","0.0","1.95","0.753042","cubic feet","Standard","224.406516","US","gl_lawn_and_garden","7091","129","0","33","27","127.97","6978.47","20481.37","41593.6","76022.61","201","132","0","0","0","146.69","730","615","100","15","","29","0","","","","","","","","","","","","","","","","","85.8","83","Healthy","","","2026-04-27","Yes","No","85.8","40.4","2026-04-27","1043","15","9","5","320","unassigned","N","","",""
"2026-04-30","VSL-LLB500-US","X004X7VAL5","B0G39M7T3L","VIVOSUN LumaLight 500W LED Grow Light, Full Spectrum Indoor Plant Light with Deep Canopy Penetration, Smart Dimmable LED Bar Lamp for Vegetables, Herbs, Flowers, 4x4ft Coverage, GrowHub Compatible","New","109","0","113","0","0","0","0","0","USD","10","25","26","26","","359.0","0.0","324.99","0.0","NoExcessInventory","","0.0","0","0","0.0","0.49","1.859375","cubic feet","Oversize","202.671875","US","gl_lawn_and_garden","54687","131","0","49","155","324.99","3249.9","8464.85","8823.85","8823.85","50","63","0","0","0","92.47","201","129","72","0","","2","0","","","","","","","","","","","","","","","","","258.6","","","","","2026-04-27","Yes","No","164.1","258.6","2026-04-27","310","0","2","0","272","unassigned","N","","",""
"2026-04-30","PH004J","X002VPPPU3","B093C1QHRW","VIVOSUN PH Meter Digital PH Tester Pen 0.01 High Accuracy Water Quality Tester with 0-14 PH Measurement Range for Hydroponics, Household Drinking, Pool and Aquarium, with ATC, Orange","New","9","0","5","7","5","0","0","0","USD","13","53","109","194","Low traffic","13.99","0.0","10.82","0.0","CreateShippingPlan","","0.0","0","0","0.0","1.81","0.008683","cubic feet","Standard","0.078147","US","gl_biss","44805","5","0","0","0","10.82","140.66","598.48","1367.38","2419.99","0","3","2","5","0","0.02","0","0","0","0","","4","0","7","0.03","0","0.0","0","0.0","0","0.0","0","0.0","0","0.0","0","0.0","0","0.0","49.4","74","Low stock","156","2026-05-06","2026-04-27","Yes","No","32.3","49.4","2026-04-27","10","1","0","3","7","unassigned","N","","",""
"2026-04-30","GT-001","X004ASQ30F","B0D82YTC9B","VIVOSUN Greenhouse Repair Tape, 6.3 mil 3"" x 108' Weatherproof Clear Poly Patch Tape, Heavy Duty Greenhouse Sheeting Coverings Film Tape for Plastic Sheeting and Tents","New","725","0","772","0","0","0","0","0","USD","58","237","495","659","","16.99","14.99","14.99","0.0","NoRestockExcessActionRequired","","0.0","0","0","0.0","0.76","0.036136","cubic feet","Standard","26.1986","US","gl_lawn_and_garden","13925","158","0","12","14","13.49","795.72","3376.5","7131.97","9671.49","7","280","485","0","0","16.12","2","0","0","2","","63","2","","","","","","","","","","","","","","","","","120.3","330","Healthy","","","2026-04-27","No","No","108.2","120.3","2026-04-27","731","4","59","0","168","unassigned","N","","",""
"2026-04-30","OUL-001-6","X003XYGFWD","B0CGLC75CS","VIVOSUN Outdoor LED Grow Lights, Waterproof String Grow Light, Full Spectrum Plant Growing Lights with 22Ft Adjustable Cord for Seedling, Veg, Flower in Greenhouse, Garden, Backyard, Farm (6-Light)","New","162","0","190","0","0","0","0","0","USD","28","165","325","502","","69.99","0.0","59.49","0.0","GoToRestock","","0.0","0","0","0.0","1.67","0.381011","cubic feet","Standard","61.723782","US","gl_lawn_and_garden","41610","44","0","5","5","59.49","1847.22","10220.43","19745.2","30043.26","88","88","14","0","0","38.13","48","48","0","0","","22","0","","","","","","","","","","","","","","","","","54.8","169","Healthy","205","2026-05-06","2026-04-27","No","No","50.4","54.8","2026-04-27","227","17","3","2","60","unassigned","N","","",""
"2026-04-30","GB0103J-2J","X003DIRIDJ","B0BC7M13K2","VIVOSUN 2-Pack 5 Tier Vertical Gardening Stackable Planter for Strawberries, Flowers, Herbs, Vegetables, Grey","New","421","0","452","0","0","0","0","0","USD","39","137","397","472","","69.99","0.0","62.99","0.0","NoRestockExcessActionRequired","","0.0","0","0","6.92","0.96","1.32825","cubic feet","Oversize","559.19325","US","gl_lawn_and_garden","6162","306","0","12","11","62.99","2463.61","8762.63","23925.23","28267.98","102","79","271","0","0","253.98","1","0","0","1","","26","2","","","","","","","","","","","","","","","","","97.5","120","Healthy","","","2026-04-27","No","No","95.0","97.5","2026-04-27","441","19","4","3","307","unassigned","N","","",""
"2026-04-30","MGN-GSBM","X004MB2VLP","B0F29BY95Q","Maygrove Gardening Sleeves Arm Protection for Women, Anti-Slip UV Protection Garden Sleeves for Women Thorn Proof, Farmers Defense Sleeve Cooling Garden Arm Cover for Outdoor Gardening, M, 1 Pair","New","87","0","4","89","0","0","0","0","USD","8","16","26","50","","15.99","0.0","9.99","0.0","NoExcessInventory","","0.0","0","0","0.0","0.37","0.019807","cubic feet","Apparel","1.723209","US","gl_apparel","30826","244","0","34","35","9.99","79.92","159.84","306.94","522.7","0","3","1","0","0","1.0","50","50","0","0","","20","0","","","","","","","","","","","","","","","","","266.8","28","Healthy","","","2026-04-27","Yes","No","266.8","262.7","2026-04-27","138","1","19","0","366","unassigned","N","","",""
"2026-04-30","L000002-100*2J","X001C3FPNR","B01MV5C1I4","VIVOSUN Air Stone 2PCS 4 x 2 Inch Large Air Stone for Aquarium, Fish Tank and Hydroponics Air Pump","New","536","0","1006","0","0","0","0","0","USD","181","826","1641","2257","","9.99","0.0","8.99","0.0","NoRestockExcessActionRequired","","0.0","0","0","0.0","2.5","0.02521","cubic feet","Standard","13.51256","US","gl_lawn_and_garden","13499","55","0","13","16","8.99","1602.49","7457.36","14952.67","20667.1","866","140","0","0","0","10.77","2342","1896","144","302","","473","6","","","","","","","","","","","","","","","","","37.5","785","Healthy","","","2026-04-27","No","No","34.0","37.5","2026-04-27","3286","408","49","16","153","unassigned","N","","",""
"2026-04-30","SPray-2L-BG","X003XO0I1H","B0CFZWSP22","VIVOSUN 0.5Gal Handheld Garden Sprayer, 2L Pump Sprayer, 68 Oz Water Spray Bottle with Safety Valve, Adjustable Nozzle, Extended Spray Rod & Additional Seals, Ideal for Watering, Fertilizing, Cleaning","New","1568","0","2033","0","0","0","0","0","USD","156","726","1589","2295","","21.99","0.0","21.99","0.0","NoExcessInventory","","0.0","0","0","0.0","1.2","0.251935","cubic feet","Standard","395.03408","US","gl_lawn_and_garden","10856","80","0","16","16","21.99","3408.18","15547.38","33605.37","48153.85","1041","453","539","0","0","277.05","1355","1308","0","47","","449","1","","","","","","","","","","","","","","","","","79.1","1147","Healthy","","","2026-04-27","No","No","79.1","70.7","2026-04-27","3203","280","164","5","153","unassigned","N","","",""
"2026-04-30","AT-0003","X003PEV4XL","B0BV61ZWCN","VIVOSUN Adjustable Outdoor Ashtray, Covered Ashtray for Outside Patio, Smokeless Windproof Standing Ash tray with Lid for Home, Adjustable Height from 21.5"" to 35"" for Indoor (Red)","New","12","0","18","0","0","0","0","0","USD","4","15","31","42","Low traffic","24.99","22.49","22.49","20.78","NoRestockExcessActionRequired","","0.0","0","0","0.0","1.75","0.284854","cubic feet","Standard","3.418248","US","gl_home","267727","38","0","12","14","22.49","88.16","341.8","691.59","933.48","12","6","0","0","0","1.77","36","36","0","0","","4","0","","","","","","","","","","","","","","","","","39.4","29","Low stock","3","2026-05-06","2026-04-27","Yes","No","31.7","39.4","2026-04-27","52","4","0","0","146","unassigned","N","","",""
"2026-04-30","GB0013J","X002TSSVIP","B08Y88J7T9","VIVOSUN Hydroponics Growing System, Herb Garden with Spectrum LED Light, Circulating Water Pump and Wireless Control for Indoor Germination and Planting","New","2","0","0","2","0","0","0","0","USD","","","","","Low traffic","49.99","0.0","97.0","0.0","Advertise listing","","0.0","0","0","390.22","0.0","0.875766","cubic feet","Oversize","1.751532","US","gl_lawn_and_garden","","","2","","","97.0","","","","","0","0","0","0","0","1.34","0","0","0","0","","0","0","1","0.44","0","0.0","0","0.0","0","0.0","0","0.0","0","0.0","0","0.0","0","0.0","","","Excess","","","","","","","","2026-04-27","2","0","0","0","","unassigned","N","","",""
"2026-04-30","VSFW006","X003XDMKWD","B0CFFHDXL5","VIVOSUN Collapsible Folding Wagon, Outdoor Utility with Silent Universal Wheels, Cup Holders & Side Pockets, Adjustable Handle, for Camping, Garden, Sports, Picnic, Shopping, 220LBS, Grey & Green","New","38","0","1","37","0","0","0","0","USD","0","3","6","7","","99.99","0.0","79.99","0.0","NoRestockExcessActionRequired","","0.0","0","0","281.62","0.17","1.317708","cubic feet","Oversize","50.072904","US","gl_lawn_and_garden","33456","96","30","50","70","79.99","0.0","299.97","539.94","619.93","1","0","0","0","0","24.43","0","0","0","0","","1","0","","","","","","","","","","","","","","","","","551.6","13","Excess","","","2026-04-27","Yes","No","406.7","551.6","2026-04-27","38","0","1","0","99","unassigned","N","","",""
"2026-04-30","VSVC-AZG8E42APR","X004R4LSYX","B0CBRRD7SP","VIVOSUN Smart Air Filtration PRO G8 Kit 8"", AeroZesh G8 Inline Duct Fan w/GrowHub E42A+ Temp. Humidity WiFi-Controller, Carbon Filter & Ducting, Cooling & Ventilation System for Grow Tent, Hydroponics","New","44","0","44","0","0","0","0","0","USD","1","22","25","25","","239.99","0.0","239.99","0.0","NoExcessInventory","","0.0","0","0","0.0","1.36","4.569855","cubic feet","Oversize","201.07362","US","gl_lawn_and_garden","80960","119","0","21","60","239.99","239.99","5279.78","5999.75","5999.75","22","9","13","0","0","121.42","72","44","28","0","","1","0","","","","","","","","","","","","","","","","","146.6","2","Healthy","","","2026-04-27","Yes","No","60.6","146.6","2026-04-27","116","0","1","0","191","unassigned","N","","",""
"2026-04-30","VC-0001","X003BRTV37","B0B7HXBR75","VIVOSUN 2-Pcs Grow Tent Vent Cover, 4""/6""/8"" Duct Filter Vent Cover with Elastic Band and Fixed Buckle for Plant Grow Tent Vent, 4inches, 2pcs/Pack","New","317","0","336","0","0","0","0","0","USD","42","201","420","604","","12.49","0.0","12.49","0.0","NoExcessInventory","","0.0","0","0","0.0","1.95","0.020579","cubic feet","Standard","6.523543","US","gl_lawn_and_garden","26067","75","0","10","11","12.49","516.58","2485.27","5187.3","7484.58","116","220","0","0","0","3.39","200","100","100","0","","17","1","","","","","","","","","","","","","","","","","61.6","170","Healthy","","","2026-04-27","No","No","61.6","50.4","2026-04-27","520","3","7","7","99","unassigned","N","","",""
"2026-04-30","VSN-CAMGIR32J","X00444BBU7","B0CT8BGPYP","VIVOSUN Cal+Mag+Iron (2-0-0), Calcium, Magnesium & Iron Supplement, Liquid Nutrient Fertilizer for All Plants, Concentrated Plant Food for Soil/Soilless Cultivation, Hydroponics, 1 Quart","New","379","0","392","0","0","0","0","0","USD","63","210","364","555","","29.99","0.0","25.49","0.0","NoRestockExcessActionRequired","","0.0","0","0","0.0","1.24","0.048237","cubic feet","Standard","18.281823","US","gl_lawn_and_garden","31790","50","0","9","11","25.49","1605.87","5732.86","9945.72","15195.74","0","243","149","0","0","10.3","120","120","0","0","","11","0","","","","","","","","","","","","","","","","","84.2","187","Healthy","","","2026-04-27","No","No","84.2","76.7","2026-04-27","499","0","8","3","68","unassigned","N","","",""
"2026-04-30","MGN-GSAL","X004MB26P1","B0F29CLH8P","Maygrove Gardening Sleeves Arm Protection for Women, Anti-Slip UV Protection Garden Sleeves for Women Thorn Proof, Farmers Defense Sleeve Cooling Garden Arm Cover for Outdoor Gardening, L, 1 Pair","New","80","0","51","32","0","0","0","0","USD","6","44","64","70","","15.99","0.0","9.99","0.0","NoExcessInventory","","0.0","0","0","0.0","0.61","0.017934","cubic feet","Apparel","1.43472","US","gl_apparel","30826","77","0","16","33","9.99","59.94","461.96","741.76","818.5","1","0","50","0","0","0.76","100","100","0","0","","0","0","","","","","","","","","","","","","","","","","160.6","64","Healthy","","","2026-04-27","Yes","No","64.1","160.6","2026-04-27","180","0","0","0","283","unassigned","N","","",""
"2026-04-30","VSV-IFA8","X003VTY9J1","B0CB8GPK43","VIVOSUN Inline Booster Duct Fan 8” 420 CFM, HVAC Exhaust Ventilation Fan with Low Noise for Basements, Bathrooms, Kitchens, Attics, Grow Tents, Black","New","38","0","42","0","0","0","0","0","USD","3","42","60","65","","25.99","0.0","28.99","0.0","GoToRestock","","0.0","0","0","0.0","1.82","0.527546","cubic feet","Oversize","20.046748","US","gl_home_improvement","93022","31","0","3","7","25.99","86.97","1217.58","1759.4","1924.35","40","2","0","0","0","7.01","0","0","0","0","","5","0","","","","","","","","","","","","","","","","","53.7","46","Low stock","104","2026-05-07","2026-04-27","Yes","No","29.7","53.7","2026-04-27","38","0","4","1","35","unassigned","N","","",""
"2026-04-30","330705-05","X003DQA4Q9","B0BCVQ9CNP","VIVOSUN 5 x 30 ft. Plant Trellis Netting, Heavy-Duty Polyester Grow Net, Garden Trellis Netting with Square Mesh for Climbing Plants, Vegetables, Fruits, and Flowers, 1-Pack","New","682","0","726","0","0","0","0","0","USD","97","424","683","884","","11.99","0.0","11.99","0.0","NoExcessInventory","","0.0","0","0","0.0","1.06","0.02894","cubic feet","Standard","19.73708","US","gl_lawn_and_garden","2355","61","0","10","16","11.99","1158.23","5057.36","8155.57","10558.36","250","349","127","0","0","10.7","413","410","0","3","","42","0","","","","","","","","","","","","","","","","","86.6","381","Healthy","","","2026-04-27","No","No","64.7","86.6","2026-04-27","1104","9","29","4","119","unassigned","N","","",""
"2026-04-30","TF0002J","X00225Z54D","B07NRXNZBS","VIVOSUN Garden Hose Splitter 2 Way Heavy Duty, Upgraded Highly Durable Dual Water Hose Connector, Faucet Adapter with Comfortable Rubberized Grip for Drip Irrigation, Lawns","New","529","0","618","0","0","0","0","0","USD","86","306","412","476","","13.99","0.0","10.99","0.0","NoRestockExcessActionRequired","","0.0","0","0","0.0","0.69","0.040998","cubic feet","Standard","21.687942","US","gl_lawn_and_garden","10053","89","0","11","24","10.99","996.84","3842.5","5137.37","5992.13","83","171","364","0","0","12.35","360","320","40","0","","72","3","","","","","","","","","","","","","","","","","139.3","365","Healthy","","","2026-04-27","No","No","74.6","139.3","2026-04-27","908","19","51","2","222","unassigned","N","","",""
"2026-04-30","332582-100","X002I2R87R","B086QJQK8N","VIVOSUN 1150GPH 100W Submersible Pump for Fish Tank, Pond, Aquarium, Hydroponic Systems with 5ft Power Cord and 4 Nozzles Blue","New","1649","0","2201","0","0","0","0","0","USD","156","629","1152","1438","","36.99","0.0","31.44","0.0","NoRestockExcessActionRequired","","0.0","0","0","0.0","0.84","0.185045","cubic feet","Standard","305.139205","US","gl_lawn_and_garden","2926","122","0","16","22","31.44","5118.74","21460.78","39506.55","49672.17","893","1035","273","0","0","232.93","880","768","0","112","","549","14","","","","","","","","","","","","","","","","","113.8","1004","Healthy","","","2026-04-27","No","No","103.0","113.8","2026-04-27","2927","398","143","8","231","unassigned","N","","",""
"2026-04-30","CBIN-BL-3","X0048ZJQ6D","B0D4QF9ZMJ","VIVOSUN 3-Layer Worm Compost Bin, 30L Worm Composter, Easy Setup Inclusive Worm Farm Kit for Recycling Food Waste","New","90","0","110","0","0","0","0","0","USD","12","69","126","151","","72.99","0.0","72.99","0.0","NoExcessInventory","","0.0","0","0","0.0","1.1","1.045367","cubic feet","Oversize","94.08303","US","gl_lawn_and_garden","46969","70","0","7","11","72.99","744.48","4144.25","7611.18","9163.03","38","67","5","0","0","33.09","40","25","15","0","","21","0","","","","","","","","","","","","","","","","","88.6","88","Healthy","63","2026-05-06","2026-04-27","No","No","50.6","88.6","2026-04-27","133","3","18","0","110","unassigned","N","","",""
"2026-04-30","PGC-0002","X003BU3NS3","B0B7MCDFV5","VIVOSUN Garden Netting Cover, 36 x 36 x 39 Inch Pop-up Guard Cover with Zip Entry for Plants, Vegetables, Fruits, Outdoor Run and Enclosure for Small Animals, 2-Pack, Green","New","468","0","417","28","0","0","0","0","USD","19","35","52","59","Low traffic","48.99","0.0","39.19","0.0","NoRestockExcessActionRequired","","0.0","0","0","6653.99","0.18","0.435503","cubic feet","Oversize","203.815404","US","gl_lawn_and_garden","100253","366","462","53","103","39.19","744.61","1509.55","2330.03","2672.96","160","33","224","0","0","101.43","0","0","0","0","","0","0","","","","","","","","","","","","","","","","","556.3","39","Excess","","","2026-04-27","Yes","No","438.6","556.3","2026-04-27","468","0","0","0","366","unassigned","N","","",""
"2026-04-30","VSF-AWE9","X0046B4WEZ","B0CYPFLPML","VIVOSUN AeroWave E9 Grow Tent Fan 9”, EC Motor, WiFi-Controllable, US Patented Auto Oscillating Clip fan, IP54 Weatherproof, Strong Airflow & Quiet for Hydroponic Ventilation Circulation, Black","New","479","0","585","0","0","0","0","0","USD","119","319","580","749","","59.99","0.0","49.99","47.49","NoRestockExcessActionRequired","","0.0","0","0","0.0","1.51","0.551364","cubic feet","Other","264.103356","US","gl_home","1724","82","0","16","22","49.99","6063.81","17377.88","32025.29","41570.8","301","284","0","0","0","202.22","810","552","204","54","","99","0","","","","","","","","","","","","","","","","","72.0","310","Healthy","","","2026-04-27","Yes","No","72.0","61.1","2026-04-27","1344","55","43","1","171","unassigned","N","","",""
"2026-04-30","SST-H-0001","X003FFJLAN","B0BHW1FXK2","VIVOSUN 6-Pack Seed Starter Trays with 10""x20.75"" Seedling Heat Mat, Self-Adjusting Dual Digital Display Temperature Controller, 72-Cell Seed Starter Kit with Humidity Dome, Reusable Propagation Trays","New","450","0","458","50","0","0","0","0","USD","39","293","586","863","","32.99","0.0","32.99","0.0","GoToRestock","","0.0","0","0","0.0","1.05","0.253283","cubic feet","Standard","113.97735","US","gl_lawn_and_garden","10075","77","0","6","6","32.99","1276.21","8620.12","17894.79","26430.27","5","165","288","0","0","68.16","0","0","0","0","","47","1","","","","","","","","","","","","","","","","","85.9","246","Healthy","248","2026-05-06","2026-04-27","No","No","65.1","85.9","2026-04-27","466","16","30","1","84","unassigned","N","","",""
"2026-04-30","VSF-AWD4","X004184QXF","B0CMYX2H9Q","VIVOSUN AeroWave D4, 4” Grow Tent Clip Fan with Detachable Hook, 3-Speed Strong & Quiet Airflow, Adjustable Airflow Angle for Hydroponics, Circulation & Cooling, Black, 1-Pack","New","838","0","1082","0","0","0","0","0","USD","158","843","2242","2763","","21.99","0.0","21.99","0.0","NoExcessInventory","","0.0","0","0","0.0","2.52","0.045938","cubic feet","Standard","38.496044","US","gl_lawn_and_garden","6810","57","0","17","17","21.99","3472.42","18166.47","45600.98","55967.19","992","90","0","0","0","20.61","2822","2580","0","242","","218","0","","","","","","","","","","","","","","","","","35.7","1747","Low stock","","","2026-04-27","No","No","35.7","32.5","2026-04-27","3802","142","72","4","210","unassigned","N","","",""
"2026-04-30","VSL-T51F-4","X004JLJR6F","B0DTK2BZSS","VIVOSUN T5 Grow Lights for Indoor Plants, 5000K Full Spectrum 24W(4 X 6W), 1FT LED Plant Light Strip for Seed Starting, Greenhouse, Hydroponics, SGS Compatible, Linkable, 4-Pack","New","218","0","274","0","0","0","0","0","USD","66","326","749","1189","","29.99","0.0","26.99","0.0","GoToRestock","","0.0","0","0","0.0","1.56","0.068855","cubic feet","Standard","15.01039","US","gl_lawn_and_garden","8844","24","0","2","2","26.99","1788.31","9336.4","21135.96","32945.4","13","5","256","0","0","4.5","0","0","0","0","","44","1","","","","","","","","","","","","","","","","","57.0","288","Low stock","557","2026-05-07","2026-04-27","No","No","37.6","57.0","2026-04-27","226","8","34","2","28","unassigned","N","","",""
"2026-04-30","DWC-0004","X0045GLB7H","B0CWSPDFNL","VIVOSUN DWC Hydroponics Grow System with Top Drip Kit, 5-Gallon Deep Water Culture, Recirculating Drip Garden System with Multi-Purpose Air Hose, Air Pump, and Air Stone (2 Buckets + Top Drip Kit)","New","47","0","53","0","0","0","0","0","USD","9","35","113","193","","99.99","0.0","99.99","0.0","CreateShippingPlan","","0.0","0","0","0.0","1.89","1.953259","cubic feet","Oversize","91.803173","US","gl_lawn_and_garden","40693","56","0","9","5","94.99","899.91","3499.65","10858.87","18128.07","32","21","0","0","0","33.72","35","35","0","0","","3","0","","","","","","","","","","","","","","","","","43.1","54","Low stock","30","2026-05-06","2026-04-27","Yes","No","39.3","43.1","2026-04-27","85","3","0","0","96","unassigned","N","","",""
"2026-04-30","GB0100J","X002FTLJPF","B083XMPXGB","VIVOSUN 5 Tier Vertical Gardening Stackable Planter for Strawberries, Flowers, Herbs, Vegetables, Ivory","New","529","0","556","0","0","0","0","0","USD","107","819","1525","1690","","39.99","0.0","35.99","0.0","GoToRestock","","0.0","0","0","0.0","2.04","0.913583","cubic feet","Oversize","483.285407","US","gl_lawn_and_garden","6162","35","0","2","4","35.99","3821.43","29784.45","55820.89","62202.74","424","132","0","0","0","131.26","0","0","0","0","","21","1","","","","","","","","","","","","","","","","","49.3","581","Low stock","763","2026-05-06","2026-04-27","No","No","28.7","49.3","2026-04-27","529","0","19","2","37","unassigned","N","","",""
"2026-04-30","VSFW001-BLUE-ZYJ","X003XMC4FR","B08LG2ZRB5","VIVOSUN Collapsible Folding Wagon, 350 lb Load-Bearing Outdoor Utility Cart with Silent Universal Wheels, Cup Holders &Side Pockets, Adjustable Handle, for Camping, Garden, Sports, Picnic, Shopping","New","135","0","54","87","0","0","0","0","USD","15","135","287","355","","109.99","85.99","85.99","0.0","GoToRestock","","0.0","0","0","0.0","1.03","1.796224","cubic feet","Oversize","242.49024","US","gl_lawn_and_garden","14760","36","0","4","4","85.99","1199.45","10188.25","21413.93","26853.25","2","2","50","0","0","41.42","0","0","0","0","","3","2","","","","","","","","","","","","","","","","","92.1","278","Low stock","449","2026-05-06","2026-04-27","Yes","No","30.1","92.1","2026-04-27","135","0","1","2","37","unassigned","N","","",""
"2026-04-30","GG-002","X003RIKDDH","B0BZP1SXN3","VIVOSUN 3’’ Depth Ground Grid, 9x17 ft, High-Density HDPE Geo Cell, 1885 lbs per sq ft Load, Foldable & Tensile, Easy Installation with Gloves, Perfect for Gardens, Driveways, Pathways, Slopes","New","523","0","528","0","0","0","0","0","USD","26","106","195","225","","109.99","0.0","87.99","0.0","NoRestockExcessActionRequired","","0.0","0","0","0.0","0.55","1.30537","cubic feet","Oversize","682.70851","US","gl_lawn_and_garden","45558","198","0","22","33","87.99","2286.78","9368.44","17414.05","20221.75","173","114","241","0","0","307.05","60","12","48","0","","9","3","","","","","","","","","","","","","","","","","163.5","223","Healthy","","","2026-04-27","No","No","145.3","163.5","2026-04-27","586","3","6","0","209","unassigned","N","","",""
"2026-04-30","330101x2NJ","X001YUGJ7J","B015PD8I7I","VIVOSUN 2 Pack Durable Waterproof Seedling Heat Mat 10"" x 20.75"" UL & MET-Certified Warm Hydroponic Heating Pad for Germination, Indoor Gardening, Greenhouse","New","6321","0","6965","0","0","0","0","0","USD","663","3363","8544","11244","","27.99","0.0","22.39","0.0","CreateShippingPlan","","0.0","0","0","0.0","1.14","0.063996","cubic feet","Standard","404.518716","US","gl_lawn_and_garden","2850","216","0","7","7","22.39","14838.05","77617.37","210965.45","279144.62","103","2067","4795","0","0","234.18","0","0","0","0","","619","16","","","","","","","","","","","","","","","","","80.6","2024","Healthy","","","2026-04-27","No","No","74.4","80.6","2026-04-27","6459","138","464","17","226","unassigned","N","","",""
"2026-04-30","VSV-IFP8C-US","X004XNE9EJ","B0G4VTQ6DZ","VIVOSUN 8” Inline Booster Duct Fan with Speed Regulator, 640 CFM Quiet Exhaust Fan for HVAC Ventilation in Grow Tents, Basements, Bathrooms, Kitchens, and Attics","New","292","0","348","0","0","0","0","0","USD","34","98","117","117","","53.98","0.0","45.88","0.0","NoRestockExcessActionRequired","","0.0","0","0","0.0","0.83","0.359369","cubic feet","Oversize","104.935748","US","gl_lawn_and_garden","4107","56","0","18","50","45.88","1708.12","5052.42","5964.64","5964.64","277","71","0","0","0","47.74","162","160","2","0","","41","0","","","","","","","","","","","","","","","","","107.4","","","","","2026-04-27","No","No","90.2","107.4","2026-04-27","455","1","37","3","99","unassigned","N","","",""
"2026-04-30","FPS-002","X003XMHQ9L","B0CFXYPDN1","VIVOSUN Fence Post Repair Kit, Heavy-Duty Ground Spike with Gloves for Repairing Tilted or Broken Wood Posts (4 Pack, Black)","","0","0","11","0","0","0","0","0","USD","8","36","150","158","","0.0","0.0","0.0","0.0","CreateShippingPlan","","","0","0","","3.47","0.781955","cubic feet","Oversize","0.0","US","gl_lawn_and_garden","38640","23","0","7","5","84.99","679.92","3038.39","10933.25","11545.17","11","0","0","0","0","","71","24","47","0","","8","0","","","","","","","","","","","","","","","","","30.9","49","Out of stock","13","2026-05-06","2026-04-27","Yes","No","7.7","30.9","2026-04-27","71","0","1","7","42","unassigned","N","","",""
"2026-04-30","311001-20x10","X002XOK22N","B097PJW1QP","VIVOSUN 10-Pack 20 Gallon Grow Bags, Reinforced Planter Fabric Pots for Gardening Black","New","0","0","153","0","0","0","0","0","USD","204","764","1072","1171","","34.99","0.0","34.99","0.0","GoToRestock","","0.0","0","0","0.0","2.55","0.55055","cubic feet","Standard","0.0","US","gl_lawn_and_garden","7682","8","0","1","3","34.99","7135.98","26385.17","36717.13","40181.14","153","0","0","0","0","25.85","360","360","0","0","","231","0","","","","","","","","","","","","","","","","","42.6","349","Low stock","145","2026-05-07","2026-04-27","No","No","21.0","42.6","2026-04-27","552","192","15","24","51","unassigned","N","","",""
"2026-04-30","332568J","X001U0RM01","B07FFXXRCT","VIVOSUN 4500 GPH Submersible Water Pump, 220W Pond Pump, Ultra Quiet Aquarium Pump with 19FT. Lift Height for Pond Waterfall, Fish Tank, Statuary, or Hydroponics","New","103","0","295","0","0","0","0","0","USD","164","481","716","840","","99.99","0.0","79.99","0.0","NoRestockExcessActionRequired","","0.0","0","0","0.0","2.09","0.505556","cubic feet","Standard","52.072268","US","gl_lawn_and_garden","1741","29","0","7","13","79.99","13238.36","41004.86","62797.51","74630.27","295","0","0","0","0","45.97","745","528","184","33","","154","8","","","","","","","","","","","","","","","","","53.5","551","Low stock","521","2026-05-07","2026-04-27","No","No","32.2","53.5","2026-04-27","977","129","17","8","70","unassigned","N","","",""
"2026-04-30","Amazon.Found.B0CM6884Z8","B0CM6884Z8","B0CM6884Z8","VIVOSUN Landscape Edging Kit 33ft Long 2in High, No-Dig Plastic Garden Border Edging with 30 Anchoring Spikes & Scissors, Black","New","4","0","0","0","4","0","0","0","USD","","","","","Low traffic","22.99","0.0","22.99","0.0","Advertise listing","","0.0","0","0","0.0","0.35","0.421187","cubic feet","Standard","1.684748","US","gl_lawn_and_garden","213294","4","0","","","22.99","","","","","0","0","0","4","0","0.3","0","0","0","0","","0","0","4","0.84","0","0.0","0","0.0","0","0.0","0","0.0","0","0.0","0","0.0","0","0.0","","","","96","2026-05-06","","","","","","2026-04-27","4","0","0","0","4","unassigned","N","","",""
"2026-04-30","351002J","X002H2FILB","B085497XYR","VIVOSUN Folding Camping Shovel, 18'' Survival Shovel, Portable Small Shovel with High Carbon Steel, Tactical Entrenching Tool for Hiking, Digging, Backpacking, Gardening, Off Road, Beach","New","42","0","67","0","0","0","0","0","USD","15","40","88","114","Low traffic","19.99","0.0","15.29","0.0","NoExcessInventory","","0.0","0","0","0.0","2.18","0.072917","cubic feet","Standard","3.062514","US","gl_lawn_and_garden","57014","96","0","26","29","15.29","222.47","611.92","1376.44","1801.18","42","25","0","0","0","2.28","219","119","100","0","","24","0","","","","","","","","","","","","","","","","","48.8","115","Low stock","","","2026-04-27","Yes","No","48.8","38.0","2026-04-27","283","22","1","1","200","unassigned","N","","",""
"2026-04-30","MGG-GH-RH50","X004G6SNGN","B0DLG5PMW9","Maygrove 50 ft Garden Hose, 5/8 in ID, Heavy-Duty, Leakproof, Kink-Resistant Water Hose with Swivel Brass Fittings, 600 PSI Burst Rating, Ideal for Car Wash & Lawn Watering","New","279","0","3","3","44","232","0","0","USD","20","115","158","171","","39.99","0.0","39.99","0.0","Create Outlet deal","","19.99","2","0","747.0","0.43","0.587384","cubic feet","Standard","163.880136","US","gl_lawn_and_garden","65110","96","228","9","21","37.99","743.8","4276.37","5865.48","6359.3","3","0","0","276","0","842.38","0","0","0","0","","1","0","1","0.29","1","0.59","3","2.64","40","128.05","168","562.48","64","221.8","0","0.0","0","0.0","224.4","119","Excess","28","2026-05-06","2026-04-27","No","No","83.4","224.4","2026-04-27","280","1","0","0","96","unassigned","N","","",""
"2026-04-30","HGK3-90J","X002E3UKBV","B081R8VNGY","VIVOSUN Hydroponics Growing System 90 Plant Sites, 3 Layers 10 Food-Grade PVC-U Pipes Hydroponic Gardening System Grow Kit with Water Pump, Pump Timer, Nest Basket and Sponge for Leafy Vegetables","New","117","0","20","102","0","0","0","0","USD","5","42","74","201","","104.99","99.99","99.99","0.0","NoRestockExcessActionRequired","","0.0","0","0","12.29","1.05","1.975188","cubic feet","Oversize","231.096996","US","gl_lawn_and_garden","45249","184","0","12","8","99.99","499.95","4094.58","7121.76","16736.1","13","3","4","0","0","109.36","18","4","14","0","","3","0","","","","","","","","","","","","","","","","","100.4","69","Healthy","","","2026-04-27","Yes","No","100.4","83.6","2026-04-27","137","2","1","0","191","unassigned","N","","",""
"2026-04-30","GH-0012W","X004044WSJ","B0CL4JSP8P","VIVOSUN Mini 4-Tier Greenhouse with Wheels, 27 x 19 x 63-Inch Reusable Portable Warm House with White PE Cover and Shelf for Compact Garden and Small Backyards, with Wheels","New","68","0","70","0","0","0","0","0","USD","1","30","91","98","","49.99","0.0","39.98","0.0","NoRestockExcessActionRequired","","0.0","0","0","0.0","0.97","0.923611","cubic feet","Oversize","62.805548","US","gl_lawn_and_garden","23234","92","0","9","9","39.98","39.98","1334.58","3781.39","4113.82","0","2","68","0","0","26.39","0","0","0","0","","2","0","","","","","","","","","","","","","","","","","97.9","27","Healthy","26","2026-05-07","2026-04-27","Yes","No","66.0","97.9","2026-04-27","68","0","2","0","96","unassigned","N","","",""
"2026-04-30","VSS-THSP","X003S7N0MN","B0C1Z462XW","VIVOSUN Temperature & Humidity Sensor Probe, Waterproof Stainless Steel Environmental Monitoring Probe for GrowHub Controller E42/E42A, AeroLab THB1/THB1S, 12ft","New","0","0","78","0","0","0","0","0","USD","74","217","471","681","Low traffic","9.99","0.0","9.99","0.0","CreateShippingPlan","","0.0","0","0","0.0","3.72","0.015121","cubic feet","Standard","0.0","US","gl_lawn_and_garden","51271","5","0","7","7","9.99","738.96","2166.33","4706.42","6800.17","78","0","0","0","0","0.09","400","400","0","0","","63","0","","","","","","","","","","","","","","","","","24.9","163","Low stock","64","2026-05-07","2026-04-27","No","Yes","15.2","24.9","2026-04-27","433","33","8","22","77","unassigned","N","","",""
"2026-04-30","DCC-003","X0040W6Y5Z","B0CM88K2NJ","[outlets]VIVOSUN Double Camping Chair, Fully Padded Folding Loveseat, Portable Oversized Duo Chair with Storage Cup Holders, Height-adjustable Armrests & Carry Bag, Supports up to 500lbs, Green & Grey","New","159","0","33","140","0","0","0","0","USD","43","103","159","163","Low traffic","69.99","0.0","50.99","0.0","NoRestockExcessActionRequired","","0.0","0","0","0.0","0.59","1.541667","cubic feet","Oversize","245.125053","US","gl_furniture","29828","47","0","6","12","50.99","2210.57","5901.49","9084.64","9350.6","32","1","0","0","0","104.77","0","0","0","0","","9","0","","","","","","","","","","","","","","","","","171.5","152","Healthy","174","2026-05-06","2026-04-27","No","No","74.7","171.5","2026-04-27","161","2","5","2","50","unassigned","N","","",""
"2026-04-30","311001-50J","X0027HWOAT","B07SVYP3V5","VIVOSUN 1 Pack 50 Gallon Grow Bag, Fabric Pot with Handles for Growing Vegtables and Plants","New","795","0","915","0","0","0","0","0","USD","48","256","400","458","","15.99","0.0","15.99","0.0","NoExcessInventory","","7.99","2","0","364.16","0.63","0.175297","cubic feet","Standard","139.361115","US","gl_lawn_and_garden","25353","342","0","13","23","15.99","755.52","4023.94","6267.0","7185.42","135","666","114","0","0","103.02","50","50","0","0","","245","1","","","","","","","","","","","","","","","","","161.0","257","Healthy","","","2026-04-27","No","No","113.9","161.0","2026-04-27","997","152","89","4","366","unassigned","N","","",""
"2026-04-30","311021-20x5NJ","X002IOJYKT","B0885S2TDF","VIVOSUN 5-Pack 20 Gallons Grow Bags Heavy Duty Thickened Nonwoven Fabric Pots with Strap Handles Tan","New","44","0","479","0","0","0","0","0","USD","395","1039","2278","2699","","25.99","0.0","25.99","0.0","GoToRestock","","0.0","0","0","0.0","3.66","0.325089","cubic feet","Standard","14.303916","US","gl_lawn_and_garden","30","60","0","2","3","25.99","10258.13","26320.0","56906.21","67423.21","479","0","0","0","0","54.22","697","440","100","157","","707","2","","","","","","","","","","","","","","","","","23.1","432","Healthy","","","2026-04-27","No","Yes","12.5","23.1","2026-04-27","1391","650","37","20","167","unassigned","N","","",""
"2026-04-30","304113-52G","X003RI1KVB","B07WK3Q372","VIVOSUN S538 5x2 Grow Tent, 60""x32""x80"" High Reflective Mylar Growing Tents 2x5 with Observation Window and Floor Tray for Hydroponics Indoor Plant for VS2000/VSF4300","New","30","0","76","0","0","0","0","0","USD","13","46","128","206","","169.99","0.0","144.49","133.61","GoToRestock","","0.0","0","0","0.0","1.58","2.275752","cubic feet","Extra-large","68.27256","US","gl_lawn_and_garden","5584","21","0","11","8","144.49","1878.37","6900.89","19676.42","31669.14","27","14","35","0","0","13.77","100","100","0","0","","42","2","","","","","","","","","","","","","","","","","65.7","74","Low stock","20","2026-05-06","2026-04-27","Yes","No","65.7","63.0","2026-04-27","130","0","41","1","115","unassigned","N","","",""
"2026-04-30","306201PS-4","X002CQ7HOD","B07YZKWNG5","VIVOSUN Grow Tent Ventilation System, 4 Inch Inline Duct Fan with Speed Controller, 4'' Carbon Filter, and 8ft. Ducting Combo, Air Cooling and Filtration Kit for Grow Tent, Hydroponics","","0","0","2","0","0","0","0","0","USD","7","9","61","119","","0.0","0.0","98.99","0.0","NoExcessInventory","","","0","0","","3.81","1.778558","cubic feet","Oversize","0.0","US","gl_lawn_and_garden","28735","35","0","120","29","98.99","679.43","877.41","5595.54","10814.96","2","0","0","0","0","","270","240","30","0","","1","1","","","","","","","","","","","","","","","","","27.9","58","Out of stock","","","2026-04-27","Yes","No","13.5","27.9","2026-04-27","270","0","0","1","310","unassigned","N","","",""
"2026-04-30","E331905","X003BZYNPZ","B0B7WMNGD7","VIVOSUN 13 inch Bud Leaf Bowl Trimmer- Clear Visibility Dome, Sharp Stainless Steel Blades for Spin Cut & Solid Metal Gear Box, Hand Pruner Included (Upgraded Version)","New","20","0","23","0","0","0","0","0","USD","7","29","69","90","","109.99","0.0","109.99","0.0","NoExcessInventory","","0.0","0","0","0.0","2.02","0.919054","cubic feet","Oversize","18.38108","US","gl_lawn_and_garden","59194","33","0","18","19","109.99","769.93","3189.71","7589.31","9949.1","6","0","17","0","0","4.28","113","102","11","0","","1","0","","","","","","","","","","","","","","","","","52.2","64","Low stock","","","2026-04-27","Yes","No","38.0","52.2","2026-04-27","133","0","1","0","129","unassigned","N","","",""
"2026-04-30","332570J","X001U19KCX","B07FJZ55Y9","VIVOSUN 9000 GPH Submersible Water Pump 620W Pond Pump Ultra Quiet Aquarium Pump with 26.5FT. Lift Height for Pond Waterfall, Fish Tank, Statuary, or Hydroponics","New","679","0","729","0","0","0","0","0","USD","79","220","317","359","","159.99","0.0","127.99","0.0","NoRestockExcessActionRequired","","0.0","0","0","0.0","0.5","0.798056","cubic feet","Oversize","541.880024","US","gl_lawn_and_garden","1741","294","0","14","28","127.99","10219.81","30094.44","44472.87","50749.65","189","220","320","0","0","270.5","104","24","80","0","","43","11","","","","","","","","","","","","","","","","","188.1","234","Healthy","","","2026-04-27","No","No","121.3","188.1","2026-04-27","811","28","13","2","311","unassigned","N","","",""
"2026-04-30","VSVC-AZT4E42APR","X004R4LT51","B0CBPHLMKY","VIVOSUN Smart Air Filtration PRO T4 Kit 4"", AeroZesh T4 Inline Duct Fan w/GrowHub E42A+ Temp. Humidity WiFi-Controller, Carbon Filter & Ducting Ventilation System for Grow Tent, Hydroponics","New","227","0","274","0","0","0","0","0","USD","37","142","305","475","","169.99","0.0","169.99","0.0","NoExcessInventory","","0.0","0","0","0.0","1.75","1.615185","cubic feet","Oversize","366.646995","US","gl_lawn_and_garden","22061","58","0","17","17","169.99","6281.13","24061.77","51727.64","80583.44","211","63","0","0","0","200.77","397","338","59","0","","40","0","","","","","","","","","","","","","","","","","49.9","113","Healthy","","","2026-04-27","No","No","49.0","49.9","2026-04-27","639","15","24","1","149","unassigned","N","","",""
"2026-04-30","332823-100J","X002I4KK93","B086V9MW2Q","VIVOSUN Twist Ties, 328 ft (100m) PE-Coated Green Plant Ties with Cutter, Reusable & Flexible Tomate Ties for Plant Support, Indoor Outdoor Gardening, Cable Management, Home Office Organization","New","323","0","401","0","0","0","0","0","USD","73","221","487","573","","13.99","0.0","13.99","0.0","NoExcessInventory","","0.0","0","0","0.0","1.54","0.032963","cubic feet","Standard","10.647049","US","gl_home_improvement","10228","59","0","13","17","13.99","913.52","2797.24","6073.54","7143.43","251","150","0","0","0","6.55","432","432","0","0","","92","0","","","","","","","","","","","","","","","","","69.8","386","Low stock","","","2026-04-27","No","No","53.1","69.8","2026-04-27","810","55","32","5","157","unassigned","N","","",""
"2026-04-30","VSV-IFB8","X003PTB5HV","B0BVPYH3WM","VIVOSUN Inline Booster Duct Fan 8” 430 CFM with Speed Controller, HVAC Exhaust Ventilation Fan with Low Noise for Basements, Bathrooms, Kitchens, Attics, Grow Tents","New","33","0","65","0","0","0","0","0","USD","10","13","16","34","","39.99","0.0","39.99","0.0","GoToRestock","","0.0","0","0","0.0","1.57","0.341667","cubic feet","Standard","11.275011","US","gl_home","124451","54","0","26","33","39.99","397.9","517.87","637.84","1353.66","65","0","0","0","0","9.12","54","0","54","0","","31","0","","","","","","","","","","","","","","","","","145.2","165","Low stock","204","2026-05-06","2026-04-27","Yes","No","145.2","30.3","2026-04-27","117","30","0","1","54","unassigned","N","","",""
"2026-04-30","331101-8","X000YYF49P","B01C82T0QC","VIVOSUN 8 Inch Inline Duct Fan 420 CFM, HVAC Exhaust Ventilation Fan with Low Noise for Basements, Bathrooms, Kitchens and Attics, Silver","New","716","0","790","0","0","0","0","0","USD","69","279","520","887","","35.99","0.0","35.99","29.47","NoRestockExcessActionRequired","","0.0","0","0","0.0","1.07","0.311563","cubic feet","Standard","223.079108","US","gl_home_improvement","32342","58","0","13","13","35.99","2251.11","9691.15","18216.44","31245.26","232","315","243","0","0","136.35","204","204","0","0","","71","18","","","","","","","","","","","","","","","","","84.7","498","Healthy","418","2026-05-07","2026-04-27","No","No","84.7","84.7","2026-04-27","946","26","44","1","80","unassigned","N","","",""
"2026-04-30","304113-2014","X003QU1439","B0BY2HRPWQ","VIVOSUN Small Grow Tent for Aerogarden, Hydroponics Growing System, 20”x14”x21” Highly Reflective Mylar Indoor Grow Tent with Sealed Bottom Design, Ventilation Window and Cable Hole Port","New","79","0","174","0","0","0","0","0","USD","77","338","635","895","","29.99","0.0","29.99","0.0","NoExcessInventory","","0.0","0","0","0.0","2.5","0.468434","cubic feet","Standard","37.006286","US","gl_lawn_and_garden","30593","25","0","7","8","29.99","2302.23","10106.13","18977.93","26754.33","126","48","0","0","0","16.29","531","425","60","46","","82","1","","","","","","","","","","","","","","","","","37.2","250","Low stock","31","2026-05-07","2026-04-27","No","No","28.5","37.2","2026-04-27","675","65","12","5","78","unassigned","N","","",""
"2026-04-30","332967-200","X004AQPPLF","B0D7YT3B87","VIVOSUN 6-Inch 200-Pack Garden Stakes, 11-Gauge Galvanized Steel U-Shaped Staples for Landscape Fabric, Ground Cover, Soaker Hose, Irrigation Tubing, and Fence Securing","New","63","0","109","0","0","0","0","0","USD","14","83","129","153","","24.99","0.0","24.99","0.0","NoExcessInventory","","0.0","0","0","0.0","1.54","0.101227","cubic feet","Standard","6.377301","US","gl_lawn_and_garden","19664","65","0","12","22","24.99","345.86","2022.67","3129.71","3674.47","85","24","0","0","0","4.68","200","125","0","75","","40","1","","","","","","","","","","","","","","","","","61.9","121","Low stock","","","2026-04-27","Yes","No","37.3","61.9","2026-04-27","298","35","2","3","175","unassigned","N","","",""
"2026-04-30","311011-5J","X0027ACZPZ","B07SN2YSG5","VIVOSUN 5 Pack 5 Gallon Square Grow Bags, Thick Nonwoven Cubic Fabric Pots with Handles for Indoor and Outdoor Gardening","New","280","0","315","0","0","0","0","0","USD","44","192","323","420","","19.99","0.0","19.99","0.0","NoExcessInventory","","0.0","0","0","0.0","1.25","0.200682","cubic feet","Standard","56.19096","US","gl_lawn_and_garden","19634","58","0","10","16","19.99","877.57","3804.13","6422.82","8355.88","70","245","0","0","0","37.58","242","242","0","0","","85","1","","","","","","","","","","","","","","","","","79.6","183","Healthy","","","2026-04-27","No","No","65.4","79.6","2026-04-27","591","69","16","0","141","unassigned","N","","",""
"2026-04-30","HD-2118J","X002W8ENWP","B094G22C5G","VIVOSUN 4L Cool Mist Humidifier with Remote Control for Bedroom, Plants, Baby, Dry Skin","New","76","0","24","41","12","0","0","0","USD","2","5","10","20","Low traffic","49.99","0.0","49.99","0.0","Create Outlet deal","","24.99","2","0","157.03","0.25","0.486905","cubic feet","Standard","37.00478","US","gl_home","489237","265","39","60","49","49.99","91.98","241.95","475.9","947.8","0","12","12","12","0","40.79","0","0","0","0","","3","0","14","3.39","12","5.85","0","0.0","0","0.0","0","0.0","0","0.0","0","0.0","0","0.0","829.0","19","Excess","","","2026-04-27","Yes","No","829.0","388.4","2026-04-27","76","0","3","0","274","unassigned","N","","",""
"2026-04-30","GH-0002","X002EN83TR","B082FJ37D1","VIVOSUN 57x57x77 Inch Mini Walk in Green House with Window and Anchor, Plant Garden Hot House 2 Tiers 8 Shelves, 4.7 x 4.7 x 6.4 FT","New","101","0","1","12","5","81","0","0","USD","15","51","154","160","","99.99","0.0","65.99","0.0","NoRestockExcessActionRequired","","0.0","0","0","0.0","0.75","1.749912","cubic feet","Oversize","176.741112","US","gl_lawn_and_garden","23234","55","0","13","14","65.99","993.85","3547.49","11108.46","11671.4","0","1","0","86","0","593.56","76","72","4","0","","11","0","1","0.88","2","3.5","1","2.62","51","486.38","31","309.2","0","0.0","0","0.0","0","0.0","132.7","83","Healthy","2","2026-05-06","2026-04-27","Yes","No","60.0","132.7","2026-04-27","177","0","10","1","129","unassigned","N","","",""
"2026-04-30","AT-0001","X0036OOGAD","B09V6VS359","VIVOSUN Adjustable Outdoor Ashtray, Covered Ashtray for Outside Patio, Smokeless Windproof Standing Ash tray with Lid for Home, Adjustable Height from 21.5"" to 35"" for Indoor (Black)","New","106","0","134","0","0","0","0","0","USD","13","69","133","175","Low traffic","24.99","22.49","22.49","0.0","NoRestockExcessActionRequired","","0.0","0","0","0.0","1.27","0.278528","cubic feet","Standard","29.523968","US","gl_home","267727","57","0","16","21","22.49","294.87","1620.36","3053.47","4061.05","53","81","0","0","0","18.07","181","180","0","1","","21","0","","","","","","","","","","","","","","","","","76.8","114","Healthy","","","2026-04-27","Yes","No","56.4","76.8","2026-04-27","302","15","2","4","160","unassigned","N","","",""
"2026-04-30","Amazon.Found.B08HRS2TDC","B08HRS2TDC","B08HRS2TDC","VIVOSUN 10-Pack 2 Gallon Grow Bags, Reinforced Planter Fabric Pots for Gardening Black","New","1","0","0","0","1","0","0","0","USD","0","0","0","0","","19.99","0.0","19.99","0.0","Edit listing","","0.0","0","0","0.0","0.67","0.140873","cubic feet","Standard","0.140873","US","gl_lawn_and_garden","1974","6","0","","","19.99","0.0","0.0","0.0","0.0","0","0","0","1","0","0.03","0","0","0","0","","0","0","1","0.07","0","0.0","0","0.0","0","0.0","0","0.0","0","0.0","0","0.0","0","0.0","","1","Healthy","98","2026-05-06","","","","","","2026-04-27","1","0","0","0","6","unassigned","N","","",""
"2026-04-30","CBIN-BL-43J","X002F6LW9L","B08346W5S6","VIVOSUN Outdoor Tumbling Composter Dual Rotating Batch Compost Bin, 43 Gallon Black Door","New","1","0","3","0","0","0","0","0","USD","0","1","2","4","","89.99","0.0","0.0","0.0","CreateShippingPlan","","","0","0","","0.76","2.770517","cubic feet","Oversize","2.770517","US","gl_lawn_and_garden","2058","0","0","4","3","71.99","0.0","79.99","159.98","319.96","1","1","1","0","0","","0","0","0","0","","4","1","","","","","","","","","","","","","","","","","85.5","1005","Low stock","3415","2026-05-06","2026-04-27","Yes","No","60.5","85.5","2026-04-27","1","0","2","2","0","unassigned","N","","",""
"2026-04-30","306201P-8","X000ZYIJ87","B01DXYMM2I","VIVOSUN R8 8 Inch 720 CFM Inline Duct Ventilation Fan with Variable Speed Controller for Grow Tent","New","3","0","14","0","0","0","0","0","USD","27","162","257","375","","75.99","0.0","75.99","0.0","NoRestockExcessActionRequired","","0.0","0","0","0.0","1.86","0.910301","cubic feet","Oversize","2.730903","US","gl_lawn_and_garden","28735","54","0","8","11","75.99","2049.55","12056.26","19269.5","29075.51","14","0","0","0","0","0.47","326","133","193","0","","8","9","","","","","","","","","","","","","","","","","47.2","128","Low stock","66","2026-05-06","2026-04-27","No","No","13.3","47.2","2026-04-27","330","1","1","6","103","unassigned","N","","",""
"2026-04-30","304113-55","X000ZYIIWJ","B01DXYM98K","VIVOSUN S558 5x5 Grow Tent, 60""x60""x80"" High Reflective Mylar with Observation Window and Floor Tray for Hydroponics Indoor Plant for VSF6450","New","60","0","69","0","0","0","0","0","USD","44","118","193","257","","199.99","0.0","179.99","0.0","NoExcessInventory","","0.0","0","0","0.0","2.17","3.118647","cubic feet","Extra-large","187.11882","US","gl_lawn_and_garden","5584","53","0","8","12","179.99","7082.56","19326.82","33205.36","45090.35","3","66","0","0","0","61.22","184","60","124","0","","6","1","","","","","","","","","","","","","","","","","46.8","123","Low stock","69","2026-05-06","2026-04-27","Yes","No","42.6","46.8","2026-04-27","244","0","1","5","61","unassigned","N","","",""
"2026-04-30","LEK-002","X0040UWVJZ","B0CM68NL2X","VIVOSUN Landscape Edging Kit 40ft Long 2in High, No-Dig Plastic Garden Edging Border with 36 Anchoring Spikes & Scissors, Black","","0","0","1","0","0","0","0","0","USD","0","1","96","97","","0.0","0.0","0.0","0.0","CreateShippingPlan","","","0","0","","1.96","0.436969","cubic feet","Standard","0.0","US","gl_lawn_and_garden","","0","0","0","0","28.99","0.0","28.99","1188.04","1217.03","0","1","0","0","0","","0","0","0","0","","0","0","","","","","","","","","","","","","","","","","44.7","22","Out of stock","51","2026-04-29","2026-04-27","Yes","No","11.0","44.7","2026-04-27","0","0","0","0","0","unassigned","N","","",""
"2026-04-30","VSVC-AZG6E42APR","X004R48X73","B0CBRPS1N8","VIVOSUN Smart Air Filtration PRO G6 Kit 6"", AeroZesh G6 Inline Duct Fan w/GrowHub E42A+ Temp. Humidity WiFi-Controller, Carbon Filter & Ducting, Cooling & Ventilation System for Grow Tent, Hydroponics","New","186","0","128","68","0","0","0","0","USD","14","69","101","104","","199.99","179.99","179.99","0.0","NoExcessInventory","","0.0","0","0","0.0","0.85","2.466406","cubic feet","Oversize","458.751516","US","gl_lawn_and_garden","22061","141","0","17","38","179.99","2519.86","12419.31","18325.05","18895.02","10","6","112","0","0","266.83","124","26","98","0","","8","0","","","","","","","","","","","","","","","","","229.7","1","Healthy","","","2026-04-27","Yes","No","96.7","229.7","2026-04-27","310","0","4","4","159","unassigned","N","","",""
"2026-04-30","332574J","X0025VFUCV","B07RVHDZN1","VIVOSUN 130GPH Submersible Pump(500L/H, 6W), Ultra Quiet Water Pump with 2.6ft High Lift, Fountain Water Pump with 5ft Power Cord, 2 Nozzles for Fish Tank, Pond, Aquarium, Statuary, Hydroponics","New","12","0","82","0","0","0","0","0","USD","69","291","661","966","","14.99","0.0","13.49","0.0","NoExcessInventory","","0.0","0","0","0.0","4.41","0.025304","cubic feet","Standard","0.303648","US","gl_pet_products","8490","16","0","9","9","13.49","933.81","4075.59","9309.89","13708.59","82","0","0","0","0","0.26","675","576","0","99","","62","0","","","","","","","","","","","","","","","","","24.3","270","Low stock","91","2026-05-07","2026-04-27","No","Yes","13.6","24.3","2026-04-27","732","45","11","6","84","unassigned","N","","",""
"2026-04-30","311001-10x5NJ","X001F1COM1","B00VWU30PO","VIVOSUN 5-Pack 10 Gallon Plant Grow Bags, Heavy Duty Thickened Nonwoven Fabric Pots with Handles","New","2386","0","4111","0","0","0","0","0","USD","1716","6432","10084","11119","","20.99","0.0","20.99","0.0","GoToRestock","","0.0","0","0","0.0","2.56","0.193993","cubic feet","Standard","462.867298","US","gl_lawn_and_garden","30","28","0","3","6","20.99","35992.35","132560.11","204042.71","225010.82","4111","0","0","0","0","448.91","2848","2848","0","0","","3257","7","","","","","","","","","","","","","","","","","37.3","5122","Healthy","3610","2026-05-07","2026-04-27","No","No","23.8","37.3","2026-04-27","8177","2943","233","81","54","unassigned","N","","",""
"2026-04-30","MGG-GS12-U20J","X004LFBGOZ","B0DZ5D9KGX","Maygrove 12 Inch Rebar Stakes Heavy Duty 20 Pack, U Shaped Ground Stakes, Galvanized Steel Trampoline Stakes, Tent Anchor Kit Anti-Rust, Drip Hose Wind Stakes, Black","New","13","0","20","0","0","0","0","0","USD","2","13","81","81","Low traffic","39.99","0.0","39.99","0.0","CreateShippingPlan","","0.0","0","0","0.0","2.3","0.090797","cubic feet","Other","1.180361","US","gl_lawn_and_garden","44849","35","0","4","2","39.99","79.98","311.87","1703.19","1703.19","13","7","0","0","0","0.72","0","0","0","0","","0","0","","","","","","","","","","","","","","","","","34.1","26","Low stock","26","2026-05-06","2026-04-27","Yes","No","21.2","34.1","2026-04-27","13","0","0","0","35","unassigned","N","","",""
"2026-04-30","305142-PEN","X0049L6ASD","B0D62HTFKS","VIVOSUN TDS Meter, 3 in 1 TDS, EC & Temperature Meter, Accurate Digital Water Quality Tester for Drinking Water, Aquarium, Hydroponics, RO/DI System, Swimming Pool, White","New","86","0","95","0","0","0","0","0","USD","13","48","103","161","Low traffic","9.99","0.0","9.99","0.0","NoRestockExcessActionRequired","","0.0","0","0","0.0","2.21","0.009197","cubic feet","Standard","0.790942","US","gl_biss","45731","60","0","15","15","9.99","129.37","479.02","1012.47","1580.51","95","0","0","0","0","0.58","100","100","0","0","","5","0","","","","","","","","","","","","","","","","","69.7","53","Healthy","","","2026-04-27","Yes","No","69.7","46.2","2026-04-27","189","3","1","1","131","unassigned","N","","",""
"2026-04-30","VSK-GIYE425-US","X004T1EY3L","B093BL79VG","VIVOSUN Grow Tent Kit 2x4 Complete System, WiFi-Controlled Grow System with Full Spectrum LED Grow Light, Automatic Ventilation, GrowHub Outlet A22 with Temperature and Humidity Sensor","New","39","0","51","0","0","0","0","0","USD","8","43","88","111","","459.99","0.0","413.99","0.0","NoRestockExcessActionRequired","","0.0","0","0","0.0","1.92","6.216146","cubic feet","Oversize","242.429694","US","gl_lawn_and_garden","46516","55","0","8","11","413.99","3127.88","16835.32","34268.87","43790.64","25","26","0","0","0","88.31","56","40","16","0","","3","1","","","","","","","","","","","","","","","","","56.3","17","Healthy","","","2026-04-27","Yes","No","45.5","56.3","2026-04-27","96","1","1","1","100","unassigned","N","","",""
"2026-04-30","VSVC-AZS4","X0041ZPVOB","B0CP51TMWW","VIVOSUN Smart Air Filtration S4 Kit 4"", AeroZesh S4 Inline Duct Fan with E12 Speed Controller, Carbon Filter & 8' Ducting, Cooling & Ventilation System for Grow Tents, Indoor Gardening, Hydroponics","","0","0","1","0","0","0","0","0","USD","0","0","0","14","","0.0","0.0","0.0","0.0","CreateShippingPlan","","","0","0","","3.2","1.880208","cubic feet","Oversize","0.0","US","gl_lawn_and_garden","","0","0","","0","99.99","0.0","0.0","0.0","1419.86","0","1","0","0","0","","0","0","0","0","","0","0","","","","","","","","","","","","","","","","","","18","Out of stock","29","2026-04-29","","","","","5.7","2026-04-27","0","0","0","0","0","unassigned","N","","",""
"2026-04-30","330103CNJ","X001Z0D2H3","B074N2TTHP","VIVOSUN 48"" x 20.75"" Seedling Heat Mat and Digital Thermostat Combo Set, UL & MET-Certified Warm Hydroponic Heating Pad for Germination, Indoor Gardening, Greenhouse","New","1180","0","1249","0","0","0","0","0","USD","211","1100","3338","5389","","56.99","0.0","45.59","0.0","CreateShippingPlan","","0.0","0","0","0.0","2.18","0.277461","cubic feet","Oversize","327.40398","US","gl_lawn_and_garden","1279","138","0","4","2","45.59","9704.99","54268.83","175920.35","282224.44","13","1236","0","0","0","106.4","0","0","0","0","","27","7","","","","","","","","","","","","","","","","","44.8","519","Healthy","","","2026-04-27","No","No","44.8","43.1","2026-04-27","1185","5","12","10","141","unassigned","N","","",""
"2026-04-30","332581J","X002CZQREF","B07ZR9VNCP","VIVOSUN 1982 GPH Submersible Water Pump, 110W Pond Pump, Ultra Quiet Aquarium Pump with 14.8FT Lift Height for Pond, Waterfall, Fish Tank, Statuary, Hydroponic","","0","0","2","0","0","0","0","0","USD","0","5","5","150","","0.0","0.0","0.0","0.0","NoRestockExcessActionRequired","","","0","0","","3.24","0.500216","cubic feet","Standard","0.0","US","gl_lawn_and_garden","262061","62","0","83","9","45.71","0.0","199.95","199.95","6078.5","2","0","0","0","0","","104","68","0","36","","0","1","","","","","","","","","","","","","","","","","14.8","60","Out of stock","","","2026-04-27","Yes","No","14.8","13.4","2026-04-27","104","0","0","0","164","unassigned","N","","",""
"2026-04-30","VSFW001-Black-ZYJ","X003WOY6WF","B07SBZ2ZJ9","VIVOSUN Collapsible Folding Wagon, 350 lb Load-Bearing Outdoor Utility Cart with Silent Universal Wheels, Cup Holders &Side Pockets, Adjustable Handle, for Camping, Garden, Sports, Picnic, Shopping","New","760","0","795","0","0","0","0","0","USD","103","561","982","1167","","109.99","0.0","75.99","71.47","NoExcessInventory","","0.0","0","0","0.0","1.07","1.634468","cubic feet","Oversize","1242.19568","US","gl_lawn_and_garden","14760","125","0","13","20","75.99","7766.17","41240.4","74046.49","88844.64","4","640","151","0","0","472.81","1074","0","0","1074","","24","3","","","","","","","","","","","","","","","","","88.1","924","Low stock","397","2026-05-07","2026-04-27","Yes","No","57.3","88.1","2026-04-27","1834","0","18","6","127","unassigned","N","","",""
"2026-04-30","VSN-VNSK32-US","X004ZWS5Y3","B0GL19WHWV","VIVOSUN Complete Nutrient System Starter Kit, Plant Nutrient and Fertilizer Solution, Hydroponics Growing System with Base A & B, Bloom Juice, CalMag and Iron, for Indoor Growers","New","12","0","21","0","0","0","0","0","USD","3","20","20","20","Low traffic","129.99","0.0","129.99","0.0","CreateShippingPlan","","0.0","0","0","0.0","0.9","0.832091","cubic feet","Oversize","9.985092","US","gl_lawn_and_garden","447896","12","0","2","7","129.99","389.97","2594.8","2594.8","2594.8","21","0","0","0","0","1.39","0","0","0","0","","7","0","","","","","","","","","","","","","","","","","30.8","","","51","2026-05-06","2026-04-27","Yes","No","30.8","30.8","2026-04-27","13","1","6","0","17","unassigned","N","","",""
"2026-04-30","HDR004","X002X8PCQZ","B096VPCTTV","VIVOSUN 4-Layer Mesh Drying Rack Hanging Design with Green Zippers for Dehydrating, Indoor and Outdoor Pruning Shears Included","New","266","0","269","0","0","0","0","0","USD","6","43","86","144","","23.99","0.0","23.99","0.0","NoExcessInventory","","0.0","0","0","0.0","0.8","0.155265","cubic feet","Standard","41.30049","US","gl_lawn_and_garden","","222","0","33","32","23.99","142.44","1029.07","2048.78","3424.54","145","74","50","0","0","26.77","97","96","0","1","","8","1","","","","","","","","","","","","","","","","","154.4","135","Healthy","","","2026-04-27","Yes","No","154.4","109.9","2026-04-27","365","2","5","1","329","unassigned","N","","",""
"2026-04-30","GB0100-2J","X002TD0W2N","B08X9Y8W7N","VIVOSUN 2-Pack 5 Tier Vertical Gardening Stackable Planter for Strawberries, Flowers, Herbs, Vegetables, Ivory","New","932","0","978","0","0","0","0","0","USD","77","322","559","641","","69.99","0.0","62.99","0.0","NoExcessInventory","","0.0","0","0","0.0","0.7","1.379774","cubic feet","Oversize","1285.949368","US","gl_lawn_and_garden","6162","280","0","11","18","62.99","4827.83","20470.38","35686.49","41010.03","295","215","468","0","0","562.96","0","0","0","0","","57","2","","","","","","","","","","","","","","","","","133.7","239","Healthy","","","2026-04-27","No","No","94.0","133.7","2026-04-27","948","16","38","3","292","unassigned","N","","",""
"2026-04-30","308131","X000WUFUBN","B018VI75CS","VIVOSUN Highly Reflective Mylar Film Roll 4FT x 25FT for Outdoor Grow Room Indoor Decoration Aluminum Paint Coated 2 Mil Silver","New","827","0","908","0","0","0","0","0","USD","168","555","1024","1493","","32.99","0.0","26.99","0.0","NoRestockExcessActionRequired","","0.0","0","0","0.0","1.16","0.159505","cubic feet","Oversize","131.910635","US","gl_lawn_and_garden","6540","56","0","12","15","26.99","4597.22","15972.15","29837.35","43708.11","298","610","0","0","0","50.44","963","756","198","9","","62","3","","","","","","","","","","","","","","","","","83.1","831","Low stock","","","2026-04-27","No","No","69.9","83.1","2026-04-27","1793","3","47","12","110","unassigned","N","","",""
"2026-04-30","306146-0820J","X002P0009F","B08M42FD1V","VIVOSUN 8 Inch Air Carbon Filter Smelliness Control with Australia Virgin Charcoal for Inline Fan, Grow Tent Smelliness Scrubber, Pre-Filter Included, Reversible Flange 8"" x 20"", Black","New","42","0","59","0","0","0","0","0","USD","19","58","127","151","","99.99","0.0","99.99","75.2","CreateShippingPlan","","0.0","0","0","0.0","1.77","1.728841","cubic feet","Oversize","72.611322","US","gl_lawn_and_garden","26770","28","0","6","7","99.99","1899.31","5790.61","12688.92","15088.68","18","0","41","0","0","14.81","49","30","19","0","","14","0","","","","","","","","","","","","","","","","","56.5","47","Low stock","2","2026-05-06","2026-04-27","Yes","No","36.8","56.5","2026-04-27","92","1","3","10","48","unassigned","N","","",""
"2026-04-30","VSV-AZG8","X003UBLZZL","B0C6SDK8WD","VIVOSUN G8 8"" Inline Duct Fan & 3 Cycle Modes E12 Speed Controller, AeroZesh Grow Tent Kit Ventilation Fan with 725 CFM EC Motor, Programmable Exhaust Fan for Heating Cooling Booster, Hydroponics","New","59","0","2","51","7","0","0","0","USD","4","10","24","43","","119.99","0.0","119.99","0.0","NoExcessInventory","","0.0","0","0","0.0","0.57","1.263962","cubic feet","Oversize","74.573758","US","gl_lawn_and_garden","97177","168","0","46","35","83.99","359.96","973.1","2400.96","4338.77","0","1","1","7","0","37.54","57","39","18","0","","1","0","10","6.32","0","0.0","0","0.0","0","0.0","0","0.0","0","0.0","0","0.0","0","0.0","257.5","24","Healthy","","","2026-04-27","Yes","No","257.5","169.7","2026-04-27","116","0","1","0","277","unassigned","N","","",""
"2026-04-30","VSH-IS02","X003PMBTW9","B0B96R2RC3","VIVOSUN Professional Automatic Drip Irrigation Kits, 15W Output, All in One Professional Grow Kit- Includes Pump, Timer and Regulator, 8 Drip Emitters Garden Plant Watering System Indoor Outdoor","New","711","0","752","0","0","0","0","0","USD","89","250","485","755","","39.99","0.0","39.99","37.99","NoRestockExcessActionRequired","","0.0","0","0","0.0","0.83","0.176065","cubic feet","Standard","125.182215","US","gl_lawn_and_garden","12454","58","0","14","15","39.99","3528.31","9317.1","18020.55","27343.05","13","377","362","0","0","76.16","180","156","0","24","","20","1","","","","","","","","","","","","","","","","","119.0","451","Healthy","271","2026-05-06","2026-04-27","No","No","119.0","111.1","2026-04-27","896","5","10","5","74","unassigned","N","","",""
"2026-04-30","HDR-0002","X0035MWBCB","B09SKZK6T3","VIVOSUN 2-Layer Mesh Drying Rack Hanging Design with Green Zippers for Dehydrating, Indoor and Outdoor Pruning Shears Included","New","117","0","121","0","0","0","0","0","USD","4","38","62","82","","17.99","0.0","17.99","0.0","NoExcessInventory","","0.0","0","0","0.0","0.95","0.152927","cubic feet","Standard","17.892459","US","gl_lawn_and_garden","","63","0","22","33","17.99","71.06","678.74","1108.5","1467.39","59","57","5","0","0","11.11","96","96","0","0","","1","0","","","","","","","","","","","","","","","","","100.8","108","Healthy","","","2026-04-27","Yes","No","100.8","100.3","2026-04-27","213","0","0","1","116","unassigned","N","","",""
"2026-04-30","DT-001X2J","X002IPZGCN","B08889K4D2","VIVOSUN 7 Day Programmable Digital Timer with Dual Outlet, 20 On/Off UL Listed Heavy Duty Plug-in Outlet Timer with Countdown Setting, Indoor for Lamp, Fan, Heater, Humidifiers, Aquarium (2 Pack)","New","172","0","182","0","0","0","0","0","USD","48","174","387","618","","24.99","0.0","24.99","0.0","NoExcessInventory","","0.0","0","0","0.0","2.24","0.026568","cubic feet","Standard","4.569696","US","gl_home_improvement","31515","39","0","12","10","24.99","1138.82","4236.32","9545.81","15310.5","108","60","14","0","0","1.95","350","300","0","50","","4","0","","","","","","","","","","","","","","","","","49.2","149","Healthy","","","2026-04-27","No","No","49.2","41.5","2026-04-27","523","1","2","1","97","unassigned","N","","",""
"2026-04-30","HR-0002B","X003XOJ0V1","B0CG1P8QZZ","VIVOSUN Outdoor Handrail, 4 Step Stair Handrail, 54"" x 36"" Fits 1 to 4 Steps, Wrought Mattle Iron Stair Railing with Curved Ends and Balusters for Concrete Steps, Porch Steps, One-Step Assembly, Black","New","669","0","693","0","0","0","0","0","USD","105","429","727","829","","99.99","0.0","94.99","88.34","NoRestockExcessActionRequired","","0.0","0","0","0.0","0.8","1.589844","cubic feet","Oversize","1063.605636","US","gl_home_improvement","2999","56","0","7","12","94.99","9613.71","36713.02","62025.79","70647.52","7","549","137","0","0","448.5","140","140","0","0","","40","5","","","","","","","","","","","","","","","","","113.2","371","Healthy","429","2026-05-07","2026-04-27","No","No","71.2","113.2","2026-04-27","822","13","22","5","64","unassigned","N","","",""
"2026-04-30","305130-PEN","X001CXZH71","B06XKMH86J","VIVOSUN Digital pH and TDS Meter Kits, 0.01pH High Accuracy Pen Type pH Meter ± 2% Readout Accuracy 3-in-1 TDS EC Temperature Meter for Hydroponics, Pool and Aquarium, Yellow Blue, UL Certified","New","7079","0","9219","0","0","0","0","0","USD","1525","5709","10917","16083","","15.99","0.0","13.59","0.0","NoRestockExcessActionRequired","","0.0","0","0","0.0","1.85","0.010611","cubic feet","Standard","75.115269","US","gl_biss","473","56","0","14","16","13.59","20903.05","83347.43","162280.06","241241.74","8207","1012","0","0","0","61.93","12958","11250","0","1708","","1878","12","","","","","","","","","","","","","","","","","51.0","5642","Healthy","","","2026-04-27","No","No","50.4","51.0","2026-04-27","21629","1592","190","96","123","unassigned","N","","",""
"2026-04-30","VSL-T5B1WC8-US","X004X0HEG7","B0G2L2YNCT","VIVOSUN T5 Grow Lights for Indoor Plants, 5000K Full Spectrum 56W (8 x 7W), 1FT LED Plant Light Strip with Timer & Dimming Controller for Seed Starting, Hydroponics, SGS Compatible, Linkable, 8-Pack","New","62","0","69","0","0","0","0","0","USD","23","116","224","228","","49.99","0.0","49.99","0.0","NoExcessInventory","","0.0","0","0","0.0","2.2","0.136228","cubic feet","Standard","8.446136","US","gl_lawn_and_garden","8844","26","0","7","13","49.99","1149.77","5644.84","10523.76","10723.72","57","12","0","0","0","2.14","168","140","0","28","","8","0","","","","","","","","","","","","","","","","","46.9","","","","","2026-04-27","No","No","32.2","46.9","2026-04-27","232","2","6","0","72","unassigned","N","","",""
"2026-04-30","CBIN-BLO-80","X002WLTADJ","B095CG7ZGP","VIVOSUN Compost Bin 80Gallon (300L), Outdoor Composter W/Large Capacity & Easy Assembling, Compost Barrel for Fast Creation of Fertile Soil","New","65","0","69","0","0","0","0","0","USD","10","50","110","129","","82.99","0.0","82.99","0.0","NoExcessInventory","","0.0","0","0","0.0","1.55","2.635417","cubic feet","Oversize","171.302105","US","gl_lawn_and_garden","189374","56","0","10","13","82.99","817.6","4036.5","8319.74","9739.45","35","34","0","0","0","54.98","70","55","15","0","","2","1","","","","","","","","","","","","","","","","","68.3","81","Low stock","43","2026-05-06","2026-04-27","Yes","No","61.5","68.3","2026-04-27","136","1","1","0","111","unassigned","N","","",""
"2026-04-30","VSVC-AZT4E42A","X003W2AUNV","B0CBPHLMKY","VIVOSUN Smart Air Filtration PRO T4 Kit 4"", AeroZesh T4 Inline Duct Fan w/GrowHub E42A+ Temp. Humidity WiFi-Controller, Carbon Filter & Ducting Ventilation System for Grow Tent, Hydroponics","","0","0","0","1","0","0","0","0","USD","0","4","10","10","","0.0","0.0","169.99","0.0","CreateShippingPlan","","","0","0","","1.75","1.830729","cubic feet","Oversize","0.0","US","gl_lawn_and_garden","22061","0","0","0","0","169.99","0.0","679.92","1699.8","1699.8","0","0","0","0","0","","0","0","0","0","","1","0","","","","","","","","","","","","","","","","","68.9","73","Out of stock","537","2026-04-30","2026-04-27","Yes","No","4.0","68.9","2026-04-27","0","0","0","1","0","unassigned","N","","",""
"2026-04-30","CBIN-BL-5","X0048ZJQ63","B0D4Q8TYQX","VIVOSUN 5-Layer Worm Compost Bin, 50L Worm Composter, Easy Setup Inclusive Worm Farm Kit for Recycling Food Waste","New","66","0","90","0","0","0","0","0","USD","35","227","388","474","","74.99","0.0","74.99","0.0","GoToRestock","","0.0","0","0","0.0","1.98","1.377188","cubic feet","Oversize","90.894408","US","gl_lawn_and_garden","46969","20","0","5","7","74.99","2617.15","16078.48","27738.28","33859.67","90","0","0","0","0","12.78","222","178","44","0","","19","1","","","","","","","","","","","","","","","","","48.2","213","Low stock","247","2026-05-07","2026-04-27","No","No","19.8","48.2","2026-04-27","294","6","11","2","69","unassigned","N","","",""
"2026-04-30","304113-42","X000ZYIIWT","B01DXYMQ9M","VIVOSUN S425 2x4 Grow Tent, 48""x24""x60"" High Reflective Mylar Grow Tents with Observation Window and Floor Tray for Hydroponics Indoor Plant for VS2000","New","1154","0","1261","0","0","0","0","0","USD","109","433","902","1373","","99.99","0.0","89.99","0.0","NoRestockExcessActionRequired","","0.0","0","0","0.0","0.98","1.701389","cubic feet","Oversize","1963.402906","US","gl_lawn_and_garden","5584","105","0","13","13","89.99","9808.24","39259.42","82291.28","125510.57","151","288","822","0","0","864.73","281","201","80","0","","86","8","","","","","","","","","","","","","","","","","98.1","348","Healthy","","","2026-04-27","No","No","94.6","98.1","2026-04-27","1447","12","67","7","132","unassigned","N","","",""
"2026-04-30","VSL-T5B2WC4-US","X004X0GUNZ","B0G2L1GS42","VIVOSUN T5 Grow Lights for Indoor Plants, 5000K Full Spectrum 60W (4 x 15W), 2FT LED Plant Light Strip with Timer & Dimming Controller for Seed Starting, Hydroponics, SGS Compatible, Linkable, 4-Pack","New","109","0","129","0","0","0","0","0","USD","72","263","437","453","","44.99","0.0","44.99","0.0","NoExcessInventory","","0.0","0","0","0.0","2.43","0.124725","cubic feet","Oversize","13.595025","US","gl_lawn_and_garden","8844","20","0","7","14","44.99","3237.03","11526.37","18738.13","19453.47","124","5","0","0","0","2.14","380","300","80","0","","9","5","","","","","","","","","","","","","","","","","43.3","276","Low stock","","","2026-04-27","No","No","22.9","43.3","2026-04-27","489","0","3","6","57","unassigned","N","","",""
"2026-04-30","VSFL3000","X0041O4FFX","B0CNQSQ8FF","VIVOSUN VSFL3000 Bar LED Grow Light, 300W 4 Bars Plant Grow Light, Foldable & Dimmable, Full Spectrum with UR/FR Light for Indoor Plants","New","45","0","48","2","0","0","0","0","USD","1","4","7","11","","325.99","0.0","289.69","0.0","Create Outlet deal","","260.79","2","0","1510.82","0.3","2.226494","cubic feet","Oversize","100.19223","US","gl_lawn_and_garden","54687","366","68","110","130","289.69","289.69","1222.72","2208.69","3462.65","16","1","31","0","0","51.4","65","43","22","0","","4","1","","","","","","","","","","","","","","","","","268.4","11","Excess","","","2026-04-27","Yes","No","268.4","247.2","2026-04-27","112","2","2","0","366","unassigned","N","","",""
"2026-04-30","Amazon.Found.B0C4GCW5WW","B0C4GCW5WW","B0C4GCW5WW","VIVOSUN Collapsible Folding Wagon, 350 lb Load-Bearing Outdoor Utility Cart with Silent Universal Wheels, Cup Holders &Side Pockets, Adjustable Handle, for Camping, Garden, Sports, Picnic, Shopping","New","2","0","0","0","2","0","0","0","USD","0","0","0","0","Low conversion","109.99","0.0","75.99","0.0","Lower price","","0.0","0","0","0.0","0.71","1.6875","cubic feet","Oversize","3.375","US","gl_lawn_and_garden","14760","0","0","","","75.99","0.0","0.0","0.0","0.0","0","0","0","2","0","0.44","0","0","0","0","","0","0","2","1.68","0","0.0","0","0.0","0","0.0","0","0.0","0","0.0","0","0.0","0","0.0","","1","Healthy","465","2026-05-06","","","","","","2026-04-27","2","0","0","0","0","unassigned","N","","",""
"2026-04-30","PS-002X2","X003I8DM4D","B0BM8SK9QY","VIVOSUN Gardening Scissors, 6.5 Inch Hand Pruner Pruning Shear with Straight Stainless Steel Blades Black 2-Pack","New","760","0","609","226","0","0","0","0","USD","33","125","198","263","","9.99","0.0","7.99","0.0","NoRestockExcessActionRequired","","0.0","0","0","0.0","0.37","0.018588","cubic feet","Standard","14.12688","US","gl_lawn_and_garden","156","147","0","32","49","7.99","264.87","1122.25","1813.1","2428.38","122","303","184","0","0","9.43","240","240","0","0","","71","1","","","","","","","","","","","","","","","","","250.5","457","Healthy","","","2026-04-27","No","No","226.2","250.5","2026-04-27","1001","1","69","1","219","unassigned","N","","",""
"2026-04-30","330303","X003S77KAB","B0C1Z2RWM7","VIVOSUN 48""x20.75"" Seedling Heat Mat with Built-in Temperature Controller, UL & MET-Certified Waterproof Plant Heating Pad for Germination, Hydroponics, Brewing, Breeding, and Greenhouses","New","45","0","75","0","0","0","0","0","USD","10","24","106","368","","45.99","0.0","45.99","0.0","GoToRestock","","0.0","0","0","0.0","5.55","0.129892","cubic feet","Oversize","5.84514","US","gl_lawn_and_garden","33803","114","0","23","4","45.99","457.9","1099.76","4869.95","16911.09","75","0","0","0","0","4.64","96","96","0","0","","37","0","","","","","","","","","","","","","","","","","41.3","94","Low stock","","","2026-04-27","Yes","No","41.3","13.8","2026-04-27","177","36","1","0","176","unassigned","N","","",""
"2026-04-30","VSH-HCP08","X004BNMS8Z","B0D9LM52X7","VIVOSUN 62% RH Two-Way Humidity Control Packs, Size 8 g, 10 Packs, Each for Storing 1 oz, Moisture Balancer with RH Indicator Card for Food Storage","New","980","0","815","265","0","0","0","0","USD","53","298","539","800","","14.99","0.0","14.99","0.0","NoRestockExcessActionRequired","","0.0","0","0","0.0","0.71","0.03634","cubic feet","Standard","35.6132","US","gl_home","","130","0","22","27","14.99","785.97","4222.52","7790.26","11849.15","82","727","6","0","0","24.51","720","480","0","240","","114","0","","","","","","","","","","","","","","","","","125.7","598","Healthy","","","2026-04-27","No","No","120.3","125.7","2026-04-27","1781","81","26","7","171","unassigned","N","","",""
"2026-04-30","333101-BJ","X002IJR93D","B087TJGHWJ","VIVOSUN Indoor Hydroponics Anti UVA and UVB Grow Room Glasses Goggles with Glasses Case, Blue","New","113","0","170","0","0","0","0","0","USD","24","75","184","230","","15.99","0.0","15.99","0.0","NoExcessInventory","","0.0","0","0","0.0","1.91","0.038543","cubic feet","Standard","4.355359","US","gl_lawn_and_garden","26279","66","0","12","13","15.99","378.86","1166.84","2850.0","3564.36","170","0","0","0","0","3.85","120","117","0","3","","48","0","","","","","","","","","","","","","","","","","39.8","138","Healthy","","","2026-04-27","Yes","No","39.8","37.5","2026-04-27","278","45","3","0","120","unassigned","N","","",""
"2026-04-30","VSL-T52F-4","X004HU470T","B0DPYWYZ8B","VIVOSUN 2ft Grow Lights for Indoor Plants Full Spectrum, LED Plant Lights 60W(4 X 15W), T5 Grow Light Strip for Seed Starting, Greenhouse, Hydroponics, SGS Compatible, Linkable, 5000K, 4-Pack","New","0","0","2","0","0","0","0","0","USD","3","286","1050","1573","","39.99","0.0","0.0","0.0","CreateShippingPlan","","0.0","0","0","0.0","2.6","0.120085","cubic feet","Oversize","0.0","US","gl_lawn_and_garden","","1","0","0","0","39.99","119.97","10777.74","39023.88","57643.54","2","0","0","0","0","0.02","0","0","0","0","","1","0","","","","","","","","","","","","","","","","","36.7","525","Low stock","1077","2026-05-06","2026-04-27","Yes","No","5.9","36.7","2026-04-27","1","1","0","0","1","unassigned","N","","",""
"2026-04-30","RGB-0009","X0041RSVRX","B0CNVHWJ3T","VIVOSUN 3-Tier 3-Grid Wooden Raised Garden Bed, 42.5 x 34.5 x 15 Inches, Outdoor Elevated Wood Planter Box with Screwdriver for Gardens, Patios, Backyards, Balcony and Outdoors","","0","0","2","0","0","0","0","0","USD","24","68","288","361","","0.0","0.0","0.0","0.0","CreateShippingPlan","","","0","0","","4.41","0.996528","cubic feet","Oversize","0.0","US","gl_lawn_and_garden","7064","0","0","3","2","48.59","1166.16","4406.27","18915.02","23261.69","2","0","0","0","0","","63","63","0","0","","3","0","","","","","","","","","","","","","","","","","27.6","101","Out of stock","163","2026-05-07","2026-04-27","No","Yes","6.9","27.6","2026-04-27","63","0","1","2","18","unassigned","N","","",""
"2026-04-30","306106-62J","X000Q6TFUZ","B00T62C1PK","VIVOSUN Stainless Steel Air Ducting Clamps, 4/6/8/12 Inch Adjustable Hose Clamps with Worm Drive for Ducting, Heating, Cooling, Exhaust, and Ventilation (Pack of 2)","New","190","0","199","0","0","0","0","0","USD","10","49","93","119","","8.99","0.0","8.99","0.0","NoRestockExcessActionRequired","","0.0","0","0","0.0","0.74","0.036788","cubic feet","Standard","6.98972","US","gl_home_improvement","30177","169","0","26","36","7.4","75.59","381.81","701.1","918.63","50","107","42","0","0","4.53","140","100","40","0","","7","0","","","","","","","","","","","","","","","","","134.9","121","Healthy","","","2026-04-27","Yes","No","115.9","134.9","2026-04-27","332","2","4","1","246","unassigned","N","","",""
"2026-04-30","VSV-AZT4","X003IQNC4Z","B0BQF728P7","VIVOSUN T4 4"" Inline Duct Fan & 3 Cycle Modes E12 Speed Controller, AeroZesh Grow Tent Kit Ventilation Fan with 210 CFM EC Motor, Programmable Exhaust Fan for Heating Cooling Booster, Hydroponics","New","0","0","8","0","0","0","0","0","USD","15","19","84","205","","79.99","0.0","71.99","0.0","NoExcessInventory","","0.0","0","0","0.0","4.48","0.559463","cubic feet","Standard","0.0","US","gl_lawn_and_garden","26540","102","0","113","34","71.99","1068.09","1356.05","6018.55","14726.54","8","0","0","0","0","0.34","540","354","186","0","","7","0","","","","","","","","","","","","","","","","","20.5","142","Low stock","","","2026-04-27","Yes","No","20.5","18.3","2026-04-27","543","3","0","4","296","unassigned","N","","",""
"2026-04-30","VSK-GIYS336-US","X004T1I7QV","B0BY7XVZFQ","VIVOSUN GIY Smart Grow Tent System 3x3, WiFi-Integrated Grow Tent Kit, with Automate Ventilation and Circulation, Schedule Full Spectrum 200W LED Grow Light, and GrowHub E42A+Controller","New","44","0","71","0","0","0","0","0","USD","69","118","180","239","","499.99","0.0","358.01","0.0","CreateShippingPlan","","0.0","0","0","0.0","2.62","5.034722","cubic feet","Extra-large","221.527768","US","gl_lawn_and_garden","14023","30","0","3","4","358.01","24794.67","46358.46","73570.47","98573.08","23","48","0","0","0","66.9","45","0","45","0","","18","0","","","","","","","","","","","","","","","","","48.5","30","Healthy","12","2026-05-07","2026-04-27","Yes","No","48.5","45.7","2026-04-27","89","0","10","8","38","unassigned","N","","",""
"2026-04-30","304113-84","X000ZYIIX3","B01DXYMSMM","VIVOSUN S848 4x8 Grow Tent 96""x48""x80"" High Reflective Mylar Tents with Observation Window and Floor Tray for Hydroponics Indoor Plant for VS4000/VSF4300","New","236","0","250","0","0","0","0","0","USD","11","113","337","522","","219.99","0.0","197.99","0.0","NoRestockExcessActionRequired","","0.0","0","0","0.0","1.35","2.949074","cubic feet","Oversize","695.981464","US","gl_lawn_and_garden","50102","81","0","14","9","197.99","2147.88","20772.73","61311.22","95639.37","2","161","87","0","0","237.45","160","144","16","0","","8","2","","","","","","","","","","","","","","","","","74.6","135","Healthy","","","2026-04-27","Yes","No","74.6","68.1","2026-04-27","396","0","4","4","132","unassigned","N","","",""
"2026-04-30","VSFD6500","X003K85V59","B0BP1Z4ZDR","VIVOSUN Patented Design VSFD6500 LED Grow Light, 650W Detachable Dimmable Plant Grow Light with 6 Dimming Option - Full Spectrum and UR/IR Light for Indoor Plants","New","68","0","75","0","0","0","0","0","USD","11","55","90","155","","499.99","0.0","499.99","0.0","GoToRestock","","0.0","0","0","0.0","1.79","1.587666","cubic feet","Oversize","107.961288","US","gl_lawn_and_garden","54687","51","0","4","5","388.06","4294.89","21474.45","36359.6","63023.45","0","75","0","0","0","38.21","0","0","0","0","","6","1","","","","","","","","","","","","","","","","","61.9","85","Low stock","100","2026-05-06","2026-04-27","Yes","No","61.9","59.0","2026-04-27","68","0","4","2","55","unassigned","N","","",""
"2026-04-30","PH002J","X002ECSOVF","B08227NGWJ","VIVOSUN 4-in-1 Digital pH Meter with pH/TDS/EC/Temp Function, 0-14.0 pH Measurement Range, ±0.1 pH Accuracy Water Quality Tester for Hydroponics, Household Drinking, and Aquarium","New","60","0","70","0","0","0","0","0","USD","13","58","101","156","","27.99","0.0","25.26","0.0","NoExcessInventory","","0.0","0","0","0.0","1.72","0.034236","cubic feet","Standard","2.05416","US","gl_kitchen","36998","31","0","14","18","25.26","333.84","1476.19","2632.16","4106.71","54","0","16","0","0","0.93","156","156","0","0","","10","0","","","","","","","","","","","","","","","","","57.5","81","Low stock","","","2026-04-27","Yes","No","52.3","57.5","2026-04-27","216","0","10","0","135","unassigned","N","","",""
"2026-04-30","TGB-0004","X00430C0PR","B0CQZH1R3F","VIVOSUN 5-Pack 10 Gallon Potato Grow Bags, Thick Fabric Pots with 360 Visibility & Harvest Window, Black","New","33","0","124","0","0","0","0","0","USD","28","91","291","360","","32.99","0.0","32.99","0.0","NoExcessInventory","","0.0","0","0","0.0","3.62","0.217009","cubic feet","Standard","7.161297","US","gl_lawn_and_garden","37167","65","0","10","8","32.99","920.22","2998.59","9582.59","11844.9","124","0","0","0","0","26.82","196","196","0","0","","170","0","","","","","","","","","","","","","","","","","17.4","138","Healthy","","","2026-04-27","Yes","No","15.6","17.4","2026-04-27","395","166","3","1","162","unassigned","N","","",""
"2026-04-30","MGS-PS12S6","X004DT8ZBL","B0DG1FSVZM","Maygrove 6 Pack Plant Saucer, 8 10 12 inch Plant Saucers for Indoor, Heavy Duty Plastic Plant Trays for pots, Grow Bags, Bird Baths, Flower Drip Trays for Indoor and Outdoor Uses (12"", Brown)","New","6","0","8","0","0","0","0","0","USD","3","17","19","19","","21.99","0.0","19.79","0.0","NoExcessInventory","","0.0","0","0","0.0","2.12","0.179578","cubic feet","Standard","1.077468","US","gl_lawn_and_garden","14341","44","0","29","86","19.79","59.37","346.28","385.86","385.86","0","8","0","0","0","0.24","120","90","0","30","","0","0","","","","","","","","","","","","","","","","","49.2","40","Low stock","","","2026-04-27","Yes","No","33.4","49.2","2026-04-27","126","0","0","0","177","unassigned","N","","",""
"2026-04-30","GH-0008","X002JURKUX","B08B61SG9W","VIVOSUN Transparent 57 x 29 x 77-Inch Mini Walk-in Green House with Windows and Anchors, Plant Garden Hot House","New","178","0","52","129","0","0","0","0","USD","0","3","27","29","","75.99","0.0","59.99","0.0","NoRestockExcessActionRequired","","0.0","0","0","5793.34","0.18","1.106968","cubic feet","Oversize","197.040304","US","gl_lawn_and_garden","23234","366","172","237","79","59.99","0.0","197.97","1647.73","1792.11","22","24","6","0","0","98.65","0","0","0","0","","5","0","","","","","","","","","","","","","","","","","1312.3","10","Excess","","","2026-04-27","Yes","No","1312.3","512.6","2026-04-27","179","1","4","0","366","unassigned","N","","",""
"2026-04-30","306146-0616J","X002P01R2T","B08M3VN2ST","VIVOSUN 6 Inch Air Carbon Filter Smelliness Control with Australia Virgin Charcoal for Inline Fan, Grow Tent Smelliniss Scrubber, Pre-Filter Included, Reversible Flange 6""x 16"", Black","New","249","0","262","0","0","0","0","0","USD","34","160","314","460","","64.99","0.0","64.99","0.0","NoRestockExcessActionRequired","","0.0","0","0","0.0","1.42","1.002805","cubic feet","Oversize","249.698445","US","gl_lawn_and_garden","26770","92","0","18","20","64.99","2206.41","10361.4","20421.83","29929.58","51","153","58","0","0","101.69","489","338","151","0","","9","0","","","","","","","","","","","","","","","","","64.7","140","Healthy","","","2026-04-27","No","No","64.7","60.4","2026-04-27","739","1","6","2","194","unassigned","N","","",""
"2026-04-30","307281-2J","X001W3NE3P","B07H8G6PKX","VIVOSUN Clamp Lamp Light with Detachable 8.5 Inch Aluminum Reflector up to 150 Watt E26 Socket (No Bulb Included), 6 Feet Cord, UL Listed, Pack of 2","New","294","0","464","0","0","0","0","0","USD","298","1361","3134","4470","","24.99","0.0","24.99","0.0","GoToRestock","","0.0","0","0","0.0","4.2","0.255756","cubic feet","Standard","75.192264","US","gl_lawn_and_garden","7075","35","0","7","7","24.99","7380.94","33582.02","77791.91","112297.19","464","0","0","0","0","15.52","2404","1380","0","1024","","118","18","","","","","","","","","","","","","","","","","17.2","1076","Low stock","","","2026-04-27","No","Yes","15.7","17.2","2026-04-27","2741","43","49","26","81","unassigned","N","","",""
"2026-04-30","332521J","X001C2JOIP","B06W2JJSWV","VIVOSUN Air Stone Disc 4 x 4 Inch with Shell and Sucker for Aquarium, Fish Tank and Hydroponics Air Pump","New","180","0","266","0","0","0","0","0","USD","41","226","446","692","","9.99","0.0","8.99","0.0","NoExcessInventory","","0.0","0","0","0.0","2.71","0.013059","cubic feet","Standard","2.35062","US","gl_pet_products","19733","51","0","12","12","8.99","369.59","2090.3","4114.99","6482.03","225","41","0","0","0","1.48","504","432","72","0","","71","0","","","","","","","","","","","","","","","","","34.5","202","Healthy","","","2026-04-27","No","No","30.8","34.5","2026-04-27","748","64","7","0","125","unassigned","N","","",""
"2026-04-30","VSV-AZT8E42APR","X004R4V82P","B0FGN1G489","VIVOSUN T8 8"" Inline Duct Fan & Temperature Humidity Controller, E42A+ WiFi-App Control AeroZesh Grow Tent Fan& Smart Thermostat, 832 CFM EC Motor Exhaust Fan for Heating Cooling, Greenhouse Accessory","","0","0","2","0","0","0","0","0","USD","2","7","23","46","","0.0","0.0","0.0","0.0","NoRestockExcessActionRequired","","","0","0","","3.67","0.891204","cubic feet","Oversize","0.0","US","gl_lawn_and_garden","320577","0","0","41","20","179.99","359.98","1259.93","4121.77","8243.54","2","0","0","0","0","","72","72","0","0","","2","0","","","","","","","","","","","","","","","","","24.2","33","Out of stock","","","2026-04-27","Yes","No","15.3","24.2","2026-04-27","72","0","0","2","214","unassigned","N","","",""
"2026-04-30","GH-0007","X002JV1IWD","B08B63NZX8","VIVOSUN 57 x 29 x 77-Inch Mini Walk-in Greenhouse with Windows, Shelves and Anchors, Plant Garden Hot House","New","6","0","27","0","0","0","0","0","USD","3","14","381","396","","59.99","0.0","59.99","46.07","GoToRestock","","0.0","0","0","0.0","2.37","1.219347","cubic feet","Oversize","7.316082","US","gl_lawn_and_garden","85242","29","0","37","4","59.99","179.97","819.86","15745.49","16561.24","18","2","7","0","0","1.06","124","72","51","1","","2","0","","","","","","","","","","","","","","","","","32.4","82","Low stock","182","2026-05-06","2026-04-27","Yes","No","11.0","32.4","2026-04-27","131","1","0","1","54","unassigned","N","","",""
"2026-04-30","330104NJ","X001Z0RJI1","B073PTZCJ4","VIVOSUN Durable Waterproof Seedling Heat Mat 3"" x 20"" UL & MET-Certified Heating Pad for Hydroponic, Kombucha Tea, Brewing, Fermentation & Plant Germination","New","825","0","848","0","0","0","0","0","USD","78","380","932","1490","","11.99","0.0","11.99","0.0","NoRestockExcessActionRequired","","0.0","0","0","0.0","1.65","0.015435","cubic feet","Standard","12.733875","US","gl_lawn_and_garden","751","142","0","13","11","11.99","920.82","4331.8","10865.78","17268.7","141","649","58","0","0","6.88","500","500","0","0","","30","3","","","","","","","","","","","","","","","","","77.2","438","Healthy","","","2026-04-27","No","No","77.2","53.4","2026-04-27","1332","7","21","2","206","unassigned","N","","",""
"2026-04-30","304113-P426","X003XWP6V1","B0CGHKN4TV","VIVOSUN PRO Grow Tent 2x4 Indoor Grow Tent with Thick 1 inch Poles Strengthened High Reflective Mylar Oxford Fabric Extra Hanging Bars & High CFM Kit for Hydroponics Indoor Plant for AeroLight A200SE","New","179","0","193","0","0","0","0","0","USD","37","97","170","260","","139.99","0.0","107.09","0.0","NoRestockExcessActionRequired","","0.0","0","0","0.0","1.09","2.234375","cubic feet","Oversize","399.953125","US","gl_lawn_and_garden","24195","93","0","12","14","107.09","4028.13","11772.33","21111.12","32704.54","29","71","93","0","0","169.9","115","95","20","0","","8","2","","","","","","","","","","","","","","","","","82.8","133","Healthy","","","2026-04-27","Yes","No","80.2","82.8","2026-04-27","296","2","5","1","146","unassigned","N","","",""
"2026-04-30","332573x2J","X002BESGSH","B07XYZZ2J7","VIVOSUN 2-pack 210GPH Submersible Pump(800L/H, 8W), Ultra Quiet Water Pump with 3.3ft High Lift, Fountain Pump with 5ft Power Cord, 2 Nozzles for Fish Tank, Pond, Aquarium, Statuary, Hydroponics","New","630","0","694","0","0","0","0","0","USD","71","265","500","659","Low traffic","29.99","0.0","26.99","0.0","NoExcessInventory","","0.0","0","0","0.0","0.96","0.049713","cubic feet","Standard","31.31919","US","gl_pet_products","25637","84","0","16","21","26.99","1803.48","7013.08","13309.25","17851.11","126","315","253","0","0","20.74","480","480","0","0","","64","2","","","","","","","","","","","","","","","","","101.7","231","Healthy","","","2026-04-27","No","No","86.5","101.7","2026-04-27","1162","52","9","3","154","unassigned","N","","",""
"2026-04-30","304113-21","X003KYRF4N","B07VRSCVVC","VIVOSUN S223 2x2 Grow Tent, 24""x24""x36"" High Reflective Mylar with Observation Window and Floor Tray for Hydroponics Indoor Plant for VS1000","New","166","0","176","0","0","0","0","0","USD","19","95","221","312","","69.99","0.0","69.99","0.0","NoExcessInventory","","0.0","0","0","0.0","1.38","1.097917","cubic feet","Oversize","182.254222","US","gl_lawn_and_garden","5584","58","0","14","14","69.99","1238.68","6330.15","14749.44","20613.88","31","81","64","0","0","70.82","170","148","22","0","","18","0","","","","","","","","","","","","","","","","","72.7","154","Healthy","","","2026-04-27","No","No","71.1","72.7","2026-04-27","337","1","14","3","130","unassigned","N","","",""
"2026-04-30","FBA192TN8KL1.missing1","B01MV5C1I4","B01MV5C1I4","VIVOSUN Air Stone 2PCS 4 x 2 Inch Large Air Stone for Aquarium, Fish Tank and Hydroponics Air Pump","New","1","0","1","0","0","0","0","0","USD","0","1","3","3","","9.99","0.0","8.99","0.0","CreateShippingPlan","","0.0","0","0","0.0","2.5","0.025984","cubic feet","Standard","0.025984","US","gl_lawn_and_garden","13499","0","0","4","4","8.99","0.0","9.99","29.97","29.97","1","0","0","0","0","0.0","0","0","0","0","","0","0","","","","","","","","","","","","","","","","","37.0","","","2189","2026-05-07","2026-04-27","Yes","No","37.0","12.7","2026-04-27","1","0","0","0","0","unassigned","N","","",""
"2026-04-30","305131-PENJ","X001A9H2K7","B01M5IASHD","VIVOSUN Digital pH Meter, 0.01pH High Accuracy Pen Type pH Tester for Hydroponics, Household Drinking, Pool and Aquarium, Yellow, UL Certified","New","5989","0","6388","0","0","0","0","0","USD","426","3098","6506","8384","","9.99","0.0","8.89","0.0","NoRestockExcessActionRequired","","0.0","0","0","0.0","2.47","0.009821","cubic feet","Standard","58.817969","US","gl_biss","1902","77","0","14","16","8.89","3762.6","28877.82","62542.52","83918.75","6388","0","0","0","0","42.71","4874","4390","0","484","","470","3","","","","","","","","","","","","","","","","","50.2","3021","Healthy","","","2026-04-27","No","No","50.2","39.1","2026-04-27","11090","227","215","28","130","unassigned","N","","",""
"2026-04-30","HE0002","X002YEJUGL","B0998J69CP","VIVOSUN 2-in-1 Warm and Cool Mist Humidifier, 5L Indoor Ultrasonic Air Humidifier with Essential Oil Tray for Bedrooms, Plants, Offices and Babies","New","130","0","136","0","0","0","0","0","USD","4","25","47","80","Low traffic","59.99","0.0","59.99","0.0","NoRestockExcessActionRequired","","0.0","0","0","0.0","0.83","0.848589","cubic feet","Oversize","110.31657","US","gl_home","489237","186","0","25","26","59.99","227.96","1436.75","2702.53","4682.2","38","67","31","0","0","52.69","30","30","0","0","","7","0","","","","","","","","","","","","","","","","","150.3","61","Healthy","","","2026-04-27","Yes","No","150.3","109.1","2026-04-27","162","2","5","0","215","unassigned","N","","",""
"2026-04-30","311001-1x5NJ","X001F20MSD","B00UBLDSAW","VIVOSUN 5-Pack 1 Gallon Heavy Duty Thickened Nonwoven Fabric Pots Grow Bags with Handles","New","141","0","208","0","0","0","0","0","USD","227","972","1776","2272","","12.99","0.0","12.99","0.0","CreateShippingPlan","","0.0","0","0","0.0","2.94","0.065378","cubic feet","Standard","9.218298","US","gl_lawn_and_garden","30","13","0","5","7","12.99","2928.48","12421.89","22236.79","28436.94","208","0","0","0","0","4.61","1136","1026","0","110","","195","4","","","","","","","","","","","","","","","","","34.1","815","Low stock","1162","2026-05-06","2026-04-27","No","No","20.7","34.1","2026-04-27","1444","167","15","13","58","unassigned","N","","",""
"2026-04-30","NB-003J","X004BPMUHR","B0D9NDKB8T","VIVOSUN Liquid Nutrients Base A & B Bundle, Grow Big Hydroponic Fertilizer, Supports Vegetative and Flowering Stages for Outdoor, Indoor Plants, Best Plant Food, Set of 1 Gallon","New","34","0","40","0","0","0","0","0","USD","3","35","97","146","","119.99","0.0","101.99","0.0","NoRestockExcessActionRequired","","0.0","0","0","0.0","1.92","0.59375","cubic feet","Oversize","20.1875","US","gl_lawn_and_garden","3043","70","0","11","9","119.99","305.97","3728.65","10514.03","16143.54","2","38","0","0","0","4.08","70","0","70","0","","6","0","","","","","","","","","","","","","","","","","46.6","61","Low stock","27","2026-05-06","2026-04-27","Yes","No","41.3","46.6","2026-04-27","104","0","4","2","75","unassigned","N","","",""
"2026-04-30","VSV-WVK1","X003XLYAP5","B0CFX9CQ4H","VIVOSUN Window Vent Kit, Portable AC Window Seal Kit, Fit with 4”/6” Ducting & 5.9” Hose for Sliding Window, Adjustable AC Vent Kit for Duct Fans, Air Conditioner, Dryer","New","638","0","1184","0","0","0","0","0","USD","46","380","924","1275","","35.99","0.0","35.99","0.0","NoExcessInventory","","0.0","0","0","0.0","1.4","0.277698","cubic feet","Standard","177.171324","US","gl_lawn_and_garden","47553","138","0","18","17","35.99","1648.51","12789.27","31341.51","42906.72","923","261","0","0","0","205.77","1108","970","0","138","","543","0","","","","","","","","","","","","","","","","","59.1","438","Healthy","","","2026-04-27","No","No","59.1","56.9","2026-04-27","2251","505","36","2","287","unassigned","N","","",""
"2026-04-30","311003-5X12NJ","X002HE62TL","B085HBYFXX","VIVOSUN 12-Pack 6.5 Inch Gardening Scissors Hand Pruner Pruning Shear with Titanium Coated Curved Precision Blades","New","102","0","125","0","0","0","0","0","USD","10","53","134","181","","39.99","0.0","33.99","0.0","NoRestockExcessActionRequired","","0.0","0","0","0.0","1.19","0.09526","cubic feet","Standard","9.71652","US","gl_lawn_and_garden","156","55","0","19","18","33.99","339.9","1989.47","4965.1","6721.02","23","102","0","0","0","6.02","150","150","0","0","","16","0","","","","","","","","","","","","","","","","","77.1","125","Low stock","","","2026-04-27","Yes","No","58.8","77.1","2026-04-27","265","13","3","0","130","unassigned","N","","",""
"2026-04-30","DSpel001J","X0027BRQDZ","B07SHBMBT4","VIVOSUN #11 High-Carbon Steel Blades for Cutting Plants and Propagation","New","425","0","445","0","0","0","0","0","USD","21","109","169","208","","14.99","0.0","13.59","0.0","NoExcessInventory","","0.0","0","0","0.0","0.47","0.016942","cubic feet","Standard","7.20035","US","gl_tools","89035","161","0","15","26","11.99","252.39","1428.51","2198.01","2769.97","52","153","240","0","0","4.79","0","0","0","0","","73","0","","","","","","","","","","","","","","","","","203.6","187","Healthy","","","2026-04-27","No","No","145.9","203.6","2026-04-27","437","12","59","2","189","unassigned","N","","",""
"2026-04-30","332022-2","X00296J9AL","B07VK1LVN6","VIVOSUN 2-Pack 30X 60X Illuminated Jewelers Loupe Foldable Magnifier with LED Light for Jewelry Gems Watches Coins Stamps Antiques Black","New","851","0","997","0","0","0","0","0","USD","70","342","660","918","","17.99","0.0","17.99","0.0","NoExcessInventory","","0.0","0","0","0.0","1.06","0.018469","cubic feet","Standard","15.717119","US","gl_home","12238","112","0","16","20","17.99","1105.52","4941.6","9447.02","13453.9","376","504","117","0","0","14.07","602","240","360","2","","145","1","","","","","","","","","","","","","","","","","92.1","729","Healthy","","","2026-04-27","No","No","86.1","92.1","2026-04-27","1574","121","22","2","135","unassigned","N","","",""
"2026-04-30","VSL-T5B2WC8-US","X004X0HGPB","B0G2L2RL8Q","VIVOSUN T5 Grow Lights for Indoor Plants, 5000K Full Spectrum 120W (8 x 15W), 2FT LED Plant Light Strip with Timer & Dimming Controller for Seed Starting, Hydroponics, SGS Compatible, Linkable, 8-Pack","New","9","0","27","0","0","0","0","0","USD","19","106","250","268","","69.99","0.0","69.99","0.0","NoExcessInventory","","0.0","0","0","0.0","4.8","0.190327","cubic feet","Oversize","1.712943","US","gl_lawn_and_garden","8844","19","0","10","13","69.99","1316.15","7364.3","16798.86","18041.18","27","0","0","0","0","0.36","260","210","50","0","","14","0","","","","","","","","","","","","","","","","","22.7","147","Low stock","","","2026-04-27","Yes","No","10.9","22.7","2026-04-27","269","0","8","6","101","unassigned","N","","",""
"2026-04-30","VSV-IFB6","X003PSRTQN","B0BVQ3Y7QX","VIVOSUN Inline Booster Duct Fan 6” 275 CFM with Speed Controller, HVAC Exhaust Ventilation Fan with Low Noise for Basements, Bathrooms, Kitchens, Attics, Grow Tents","New","54","0","108","0","0","0","0","0","USD","39","58","62","80","","30.99","0.0","30.99","0.0","GoToRestock","","0.0","0","0","0.0","2.13","0.226078","cubic feet","Standard","12.208212","US","gl_lawn_and_garden","32342","38","0","12","30","30.99","1092.44","1650.25","1774.21","2332.03","108","0","0","0","0","14.8","132","0","132","0","","54","0","","","","","","","","","","","","","","","","","52.7","300","Low stock","443","2026-05-06","2026-04-27","No","No","52.7","26.5","2026-04-27","235","49","5","0","39","unassigned","N","","",""
"2026-04-30","306104-8C","X000T0VGG9","B010UCCR3A","VIVOSUN 8 Inch Flexible Aluminum Ducting for HVAC Ventilation, 25 FT Long Air Duct Hose with 2 Clamps, Multi-Layer Dryer Vent Duct for Heating Cooling Ventilation and Exhaust","New","955","0","980","0","0","0","0","0","USD","67","328","607","857","","32.99","0.0","32.99","26.84","NoRestockExcessActionRequired","","0.0","0","0","0.0","0.96","0.53853","cubic feet","Oversize","514.29615","US","gl_home_improvement","2235","107","0","22","28","29.99","2005.73","9928.96","18551.13","26427.33","188","607","185","0","0","219.63","920","566","354","0","","12","3","","","","","","","","","","","","","","","","","100.7","959","Healthy","","","2026-04-27","No","No","100.7","98.2","2026-04-27","1879","4","4","4","159","unassigned","N","","",""
"2026-04-30","VSV-IFP6C","X004H4ENH7","B0DNSVKPYX","VIVOSUN 6"" Inline Exhaust Fan & Speed Controller, Low Noise Workshop 345 CFM Duct Fan for HVAC Ventilation, Vent Booster Fan in Grow Tents, Basements, Bathrooms, Kitchens, Attics and 3D Printer","New","195","0","846","0","0","0","0","0","USD","148","559","1478","2122","","33.99","0.0","30.59","28.77","NoRestockExcessActionRequired","","0.0","0","0","0.0","2.4","0.26117","cubic feet","Standard","50.92815","US","gl_lawn_and_garden","19222","43","0","20","17","30.59","4785.8","18591.99","49125.75","70192.87","846","0","0","0","0","106.24","2632","2592","0","40","","612","1","","","","","","","","","","","","","","","","","30.4","1346","Low stock","","","2026-04-27","No","No","21.9","30.4","2026-04-27","3406","579","17","16","188","unassigned","N","","",""
"2026-04-30","306201P-6","X000ZYIJ7X","B01DXYMJ94","VIVOSUN R6 6 Inch 390 CFM Inline Duct Fan with Variable Speed Controller HVAC Blower for Ventilation","New","78","0","86","0","0","0","0","0","USD","30","168","260","325","","63.99","0.0","63.99","0.0","NoRestockExcessActionRequired","","0.0","0","0","0.0","1.66","0.701823","cubic feet","Oversize","54.742194","US","gl_lawn_and_garden","28735","15","0","7","13","63.99","1919.7","10750.32","17131.03","22326.78","28","2","56","0","0","9.21","250","250","0","0","","4","15","","","","","","","","","","","","","","","","","55.1","119","Low stock","82","2026-05-06","2026-04-27","No","No","27.1","55.1","2026-04-27","328","0","2","2","68","unassigned","N","","",""
"2026-04-30","330701X2NJ","X002IY5BLZ","B088NSTT2R","VIVOSUN 5 x 15 ft. Plant Trellis Netting, Heavy-Duty Polyester Grow Net, Garden Trellis Netting with Square Mesh for Climbing Plants, Vegetables, Fruits, and Flowers, 2-Pack","New","530","0","574","0","0","0","0","0","USD","46","182","347","425","","11.99","0.0","11.99","0.0","NoExcessInventory","","0.0","0","0","0.0","0.88","0.018598","cubic feet","Standard","9.85694","US","gl_lawn_and_garden","2355","79","0","18","25","11.99","547.54","2166.18","4130.53","5065.55","230","236","108","0","0","6.26","305","305","0","0","","34","0","","","","","","","","","","","","","","","","","109.8","219","Healthy","","","2026-04-27","No","No","95.2","109.8","2026-04-27","863","28","4","2","164","unassigned","N","","",""
"2026-04-30","HR-0000J","X0042BCFMZ","B0CPPFRJ4L","VIVOSUN Outdoor Handrail, 2 Step Stair Handrail, 26"" × 36"" Fits 1 to 2 Steps, Wrought Mattle Iron Handrail for Concrete Steps, Porch Steps, One-Step Assembly, Black","New","329","0","167","180","0","0","0","0","USD","41","204","476","577","","49.99","0.0","49.99","45.59","NoRestockExcessActionRequired","","0.0","0","0","0.0","0.95","0.685185","cubic feet","Oversize","225.425865","US","gl_home_improvement","2999","56","0","15","18","49.99","2049.59","9004.0","18738.98","22719.01","67","6","94","0","0","73.38","475","375","100","0","","28","10","","","","","","","","","","","","","","","","","98.4","476","Low stock","279","2026-05-06","2026-04-27","No","No","65.9","98.4","2026-04-27","805","1","26","1","110","unassigned","N","","",""
"2026-04-30","VSX1600","X0038IQHWR","B09F2K9TFX","VIVOSUN VSX1600 LED Grow Light, 2 x 2 FT. LED Plant Light with Samsung Diodes and Sunlike Full Spectrum for Indoor Plants, Seedlings, Vegetables, and Flowers","New","3","0","4","0","0","0","0","0","USD","0","0","0","0","Low traffic","139.99","0.0","139.99","0.0","Advertise listing","","","0","0","","0.0","0.654778","cubic feet","Oversize","1.964334","US","gl_lawn_and_garden","2596766","269","0","","","139.99","0.0","0.0","0.0","0.0","4","0","0","0","0","","34","11","23","0","","1","0","","","","","","","","","","","","","","","","","","4","Healthy","","","","","","","","2026-04-27","38","1","0","0","366","unassigned","N","","",""
"2026-04-30","LH-001-6","X003S9ER5Z","B0C23Z53BP","VIVOSUN 6-Pair 1/8 Inch Adjustable Grow Light Hanger, Heavy Duty Rope Hanger with Reinforced Metal Gears, 8Ft. Long and 150 lbs Weight Capacity Rope for Grow Light, Inline Fan, Filters","","0","0","9","0","0","0","0","0","USD","42","304","1052","1726","","0.0","0.0","26.99","0.0","NoExcessInventory","","","0","0","","5.65","0.086516","cubic feet","Standard","0.0","US","gl_lawn_and_garden","11449","16","0","16","9","26.99","1132.23","8110.44","28182.86","46320.88","9","0","0","0","0","","1216","1040","100","76","","10","0","","","","","","","","","","","","","","","","","18.0","357","Out of stock","","","2026-04-27","No","Yes","10.8","18.0","2026-04-27","1216","0","4","6","133","unassigned","N","","",""
"2026-04-30","VSFW001-Green-ZY","X003XILQ69","B0C4GCW5WW","VIVOSUN Collapsible Folding Wagon, 350 lb Load-Bearing Outdoor Utility Cart with Silent Universal Wheels, Cup Holders &Side Pockets, Adjustable Handle, for Camping, Garden, Sports, Picnic, Shopping","New","178","0","22","162","0","0","0","0","USD","12","88","175","228","","109.99","0.0","75.99","0.0","NoExcessInventory","","0.0","0","0","0.0","0.71","1.6875","cubic feet","Oversize","300.375","US","gl_lawn_and_garden","14760","338","0","33","42","75.99","881.48","6515.32","13382.35","17621.82","1","0","21","0","0","118.45","565","0","0","565","","20","0","","","","","","","","","","","","","","","","","130.5","231","Low stock","","","2026-04-27","Yes","No","82.9","130.5","2026-04-27","743","0","17","3","347","unassigned","N","","",""
"2026-04-30","304113-P108","X003XWUUJJ","B0CGHLTX88","VIVOSUN P108 120""×120""×80"" PRO Grow Tent 10x10 ft, with Thick 1 inch Poles, Strengthened High Reflective Mylar Oxford Fabric, Extra Hanging Bars & High CFM Kit for Hydroponics Indoor Plant","","0","0","2","0","0","0","0","0","USD","3","6","13","19","","0.0","0.0","424.99","0.0","CreateShippingPlan","","","0","0","","2.3","8.931134","cubic feet","Extra-large","0.0","US","gl_lawn_and_garden","24195","0","0","5","5","424.99","1274.97","2674.94","5949.87","8948.82","2","0","0","0","0","","8","8","0","0","","0","0","","","","","","","","","","","","","","","","","41.8","16","Out of stock","21","2026-05-07","2026-04-27","Yes","No","20.9","41.8","2026-04-27","8","0","0","0","36","unassigned","N","","",""
"2026-04-30","WMM-0001","X004C51W61","B0DBGZXYR6","VIVOSUN Wood Moisture Meter, 3-In-1 Pin-Type Digital Moisture Tester, Ambient Temp & Humidity Tester, 7 Modes, Color Backlit Screen, for Wood, Walls, Bricks, Dried Flowers","New","231","0","236","0","0","0","0","0","USD","19","71","131","191","Low traffic","24.99","0.0","22.99","0.0","NoExcessInventory","","0.0","0","0","0.0","1.24","0.036128","cubic feet","Standard","8.345568","US","gl_tools","103507","121","0","24","29","22.99","436.81","1657.29","3107.94","4600.84","203","33","0","0","0","6.87","200","200","0","0","","3","0","","","","","","","","","","","","","","","","","108.4","144","Healthy","","","2026-04-27","Yes","No","108.4","78.8","2026-04-27","432","1","1","1","229","unassigned","N","","",""
"2026-04-30","VSGB-25","X003H2OW5D","B0BL9XDQZL","VIVOSUN 5-Pack 25 Gallon Grow Bags, 500G Thick Nonwoven Fabric Pots with Strap Handles, Multi-Purpose Rings, for Low Stress Plant Training Fruits, Vegetables, and Flowers","New","378","0","522","0","0","0","0","0","USD","157","989","1514","1664","","28.99","0.0","28.99","27.26","GoToRestock","","0.0","0","0","0.0","2.02","0.548925","cubic feet","Standard","207.49365","US","gl_lawn_and_garden","2935","44","0","2","5","28.99","4551.43","28367.11","43202.06","47546.66","374","148","0","0","0","71.99","352","304","0","48","","115","1","","","","","","","","","","","","","","","","","52.4","561","Low stock","519","2026-05-06","2026-04-27","No","No","26.2","52.4","2026-04-27","801","71","38","6","113","unassigned","N","","",""
"2026-04-30","332967J","X001Z3A87H","B07L4FWW1F","VIVOSUN 6 Inch 100-Pack Landscape Staples, Galvanized Steel Garden Stakes 11 Gauge U-Shaped Pins for Weed Barrier Fabric, Soaker Hose, Holding Fence","New","311","0","417","0","0","0","0","0","USD","66","220","391","470","","17.99","0.0","16.19","0.0","NoExcessInventory","","0.0","0","0","0.0","1.2","0.048463","cubic feet","Standard","15.071993","US","gl_lawn_and_garden","19664","74","0","12","19","16.19","1095.74","3584.41","6353.87","7637.38","203","214","0","0","0","10.88","391","250","0","141","","99","0","","","","","","","","","","","","","","","","","82.5","310","Healthy","","","2026-04-27","No","No","63.3","82.5","2026-04-27","792","90","9","0","135","unassigned","N","","",""
"2026-04-30","HR-0001-2","X0046G4AGZ","B0CYZ2FHPX","VIVOSUN 2-Pack Outdoor Handrail, 3 Step Stair Handrail, 40"" x 36"" Fits 1 to 3 Steps, Wrought Mattle Iron Handrail for Concrete Steps, Porch Steps, One-Step Assembly, 2 Packs, Black","New","45","0","47","0","0","0","0","0","USD","11","101","210","242","","98.99","0.0","98.99","62.04","CreateShippingPlan","","0.0","0","0","0.0","1.36","1.567925","cubic feet","Oversize","70.556625","US","gl_home_improvement","2999","16","0","5","7","98.99","1088.89","8370.12","16301.11","18710.71","1","1","45","0","0","11.0","101","101","0","0","","23","1","","","","","","","","","","","","","","","","","70.8","186","Low stock","306","2026-05-06","2026-04-27","Yes","No","36.4","70.8","2026-04-27","146","0","23","0","57","unassigned","N","","",""
"2026-04-30","VSS-UCS","X003RXU8ZF","B0C1BHDKRL","VIVOSUN USB-C Splitter with 1 Male to 2 Female, 2-in-1 Type C Splitter, Daisy-Chain Adapter Dongle for GrowHub Controller E42A","New","988","0","1018","0","0","0","0","0","USD","95","356","711","987","Low traffic","14.99","13.99","13.99","12.94","NoExcessInventory","","0.0","0","0","0.0","1.27","0.010761","cubic feet","Standard","10.631868","US","gl_pc","","96","0","19","22","13.99","1278.85","4838.75","9715.91","13653.96","188","830","0","0","0","6.53","750","750","0","0","","37","1","","","","","","","","","","","","","","","","","106.7","317","Healthy","","","2026-04-27","No","No","106.7","85.0","2026-04-27","1745","7","26","4","171","unassigned","N","","",""
"2026-04-30","VSG-SPRAY-PP2L","X004QXIEBZ","B0FGHGBPC3","VIVOSUN 70oz Pump Sprayer, Portable Water Spray Bottle for Spraying Plants, Flowers, Weeds and Cleaning, Hand Pump with Side Filling Port, Measuring Cup, Adjustable Nozzles","New","1270","0","1463","0","0","0","0","0","USD","342","1889","3621","4292","","24.99","0.0","24.99","23.74","NoRestockExcessActionRequired","","0.0","0","0","0.0","2.35","0.384492","cubic feet","Standard","488.30484","US","gl_lawn_and_garden","6532","58","0","22","32","24.99","8508.98","47057.99","90055.65","106695.59","1033","430","0","0","0","165.74","9519","7082","1020","1417","","136","4","","","","","","","","","","","","","","","","","39.2","2023","Low stock","","","2026-04-27","Yes","No","33.0","39.2","2026-04-27","10866","77","41","18","206","unassigned","N","","",""
"2026-04-30","HGKB-54","X003SBATUZ","B0C27LWCK8","VIVOSUN Hydroponic Grow Kit, 54 Plant Sites 6 Food-Grade PVC-U Pipes Hydroponics Planting System with Water Pump, Pump Timer, Nest Basket and Sponge for Leafy Vegetable","New","11","0","12","0","0","0","0","0","USD","6","39","106","183","","94.99","0.0","94.99","0.0","CreateShippingPlan","","0.0","0","0","0.0","2.02","1.222222","cubic feet","Oversize","13.444442","US","gl_lawn_and_garden","45249","34","0","3","2","94.99","569.94","3619.03","9403.86","15155.59","2","10","0","0","0","1.73","26","5","21","0","","1","0","","","","","","","","","","","","","","","","","41.0","58","Low stock","80","2026-05-06","2026-04-27","Yes","No","21.2","41.0","2026-04-27","37","0","1","0","41","unassigned","N","","",""
"2026-04-30","VSVC-AZG6E42A","X003W3U5IZ","B0CBRPS1N8","VIVOSUN Smart Air Filtration PRO G6 Kit 6"", AeroZesh G6 Inline Duct Fan w/GrowHub E42A+ Temp. Humidity WiFi-Controller, Carbon Filter & Ducting, Cooling & Ventilation System for Grow Tent, Hydroponics","New","1","0","1","0","0","0","0","0","USD","0","1","41","138","","209.99","0.0","179.99","0.0","CreateShippingPlan","","0.0","0","0","0.0","0.85","2.461849","cubic feet","Oversize","2.461849","US","gl_lawn_and_garden","22061","0","0","4","0","179.99","0.0","209.99","7469.59","24928.62","1","0","0","0","0","0.44","0","0","0","0","","0","0","","","","","","","","","","","","","","","","","23.6","71","Low stock","134","2026-05-07","2026-04-27","Yes","No","16.5","23.6","2026-04-27","1","0","0","0","0","unassigned","N","","",""
"2026-04-30","332583-20","X0048FBSPF","B0D3PMBVV1","VIVOSUN 400 GPH 20W Submersible Water Pump, with Adjustable Water Flow, 4.9 ft Tubing, Additional Ceramic Shaft, and Outlet Adapters, for Fish Tanks, Aquariums, Hydroponics, Fountains","New","50","0","102","0","0","0","0","0","USD","40","241","458","596","","26.99","0.0","24.29","22.54","NoExcessInventory","","0.0","0","0","0.0","3.83","0.077502","cubic feet","Standard","3.8751","US","gl_pet_products","14302","23","0","8","11","24.29","977.0","6032.44","11573.37","15197.79","102","0","0","0","0","1.17","486","432","54","0","","42","0","","","","","","","","","","","","","","","","","27.6","204","Low stock","44","2026-05-07","2026-04-27","No","Yes","16.1","27.6","2026-04-27","570","34","4","4","103","unassigned","N","","",""
"2026-04-30","332573J","X0024B8FA1","B07QQX9C9H","VIVOSUN 210GPH Submersible Pump(800L/H, 8W), Ultra Quiet Water Pump with 3.3ft High Lift, with 5ft Power Cord, 2 Nozzles for Fish Tank, Pond, Aquarium, Statuary, Hydroponics Black","New","185","0","392","0","0","0","0","0","USD","109","440","902","1245","","15.99","0.0","15.19","0.0","NoExcessInventory","","0.0","0","0","0.0","3.27","0.023426","cubic feet","Standard","4.33381","US","gl_pet_products","8490","26","0","9","11","15.19","1662.11","6802.1","13958.68","19292.85","392","0","0","0","0","2.82","912","912","0","0","","182","2","","","","","","","","","","","","","","","","","29.1","395","Low stock","","","2026-04-27","No","No","23.0","29.1","2026-04-27","1263","166","11","5","101","unassigned","N","","",""
"2026-04-30","306201P-4","X000ZYIJ7N","B01DXYMGOM","VIVOSUN R4 4 Inch 190 CFM Inline Duct Ventilation Fan with Variable Speed Controller for Grow Tent","New","349","0","336","15","0","0","0","0","USD","15","108","228","308","","59.99","0.0","59.99","53.97","NoExcessInventory","","0.0","0","0","0.0","0.73","0.590625","cubic feet","Oversize","206.128125","US","gl_lawn_and_garden","28735","99","0","15","17","53.99","809.85","5783.09","11943.97","16283.57","31","1","304","0","0","89.16","70","70","0","0","","1","14","","","","","","","","","","","","","","","","","122.2","177","Healthy","","","2026-04-27","No","No","91.2","122.2","2026-04-27","419","0","1","0","123","unassigned","N","","",""
"2026-04-30","VSE-CO2S4-US","X004Z3KXH9","B0GGFC4Q7D","VIVOSUN 4-in-1 Sensor, Temperature and Humidity Monitoring with CO₂ and Light Detection, CO₂ Data VPD Tracking for Indoor Growing, High Accuracy, Compatible with GrowHub E42A+","New","0","0","50","0","0","0","0","0","USD","1","1","1","1","","49.99","0.0","49.99","0.0","Edit listing","","","0","0","","0.04","0.021759","cubic feet","Standard","0.0","US","gl_biss","17977","366","0","400","1300","49.99","49.99","49.99","49.99","49.99","50","0","0","0","0","","100","100","0","0","","99","0","","","","","","","","","","","","","","","","","","","","","","","","","","","2026-04-27","194","94","0","5","366","unassigned","N","","",""
"2026-04-30","330102NJ","X001Z1P6U3","B00Y27FJ1C","VIVOSUN Durable Waterproof Seedling Heat Mat 20"" x 20.75"" UL & MET-Certified Warm Hydroponic Heating Pad for Germination, Indoor Gardening, Greenhouse","New","1104","0","1121","0","0","0","0","0","USD","60","462","1241","1920","","29.99","0.0","29.99","0.0","CreateShippingPlan","","0.0","0","0","0.0","1.41","0.073306","cubic feet","Oversize","80.929824","US","gl_lawn_and_garden","751","212","0","9","7","29.99","1745.9","13011.55","35918.93","54835.63","23","793","305","0","0","32.49","0","0","0","0","","33","7","","","","","","","","","","","","","","","","","80.8","351","Healthy","","","2026-04-27","No","No","80.8","69.4","2026-04-27","1107","3","27","3","214","unassigned","N","","",""
"2026-04-30","GAT-002","X003S2D4I3","B0C1MHLZSC","VIVOSUN 7Ft. Arch Trellis for Climbing Plants, 7 x 6 x 7ft Tall Metal Tunnel Trellis, Lightweight Metal Plant Support Archway with Nylon Netting for Climbing Vine, Vegetables, Fruits, Flowers, Black","New","247","0","282","0","0","0","0","0","USD","30","563","647","663","","69.99","0.0","56.99","0.0","GoToRestock","","0.0","0","0","0.0","1.72","1.341776","cubic feet","Oversize","331.418672","US","gl_lawn_and_garden","59517","42","0","1","5","69.99","2051.7","27685.37","32668.53","33823.57","202","80","0","0","0","98.27","30","30","0","0","","27","4","","","","","","","","","","","","","","","","","54.9","309","Low stock","658","2026-05-07","2026-04-27","No","No","20.7","54.9","2026-04-27","297","20","5","2","50","unassigned","N","","",""
"2026-04-30","311021-5x5J","X0015UYMVN","B01I1D9OOU","VIVOSUN 5-Pack 5 Gallons Grow Bags Heavy Duty Thickened Nonwoven Fabric Pots with Strap Handles Tan","New","821","0","1390","0","0","0","0","0","USD","592","2482","4130","4707","","16.99","0.0","16.99","0.0","GoToRestock","","0.0","0","0","0.0","2.09","0.130875","cubic feet","Standard","107.448375","US","gl_lawn_and_garden","30","29","0","3","5","16.99","10047.22","41499.84","67826.64","77303.15","764","626","0","0","0","82.64","1079","858","0","221","","914","1","","","","","","","","","","","","","","","","","49.4","1737","Low stock","1599","2026-05-06","2026-04-27","No","No","28.7","49.4","2026-04-27","2724","824","60","30","51","unassigned","N","","",""
"2026-04-30","WP-0006","X0041MMKYN","B0CNPQNFPG","VIVOSUN 1HP Water Transfer Pump, 2700GPH Cast Iron Casing Water Transfer Utility Pump with ON/OFF Switch, Hose Adapters, Brass Connectors and Suction Strainer for Pools, Ponds, Aquariums, Black","","0","0","3","0","0","0","0","0","USD","33","131","230","321","","0.0","0.0","0.0","0.0","NoRestockExcessActionRequired","","","0","0","","5.12","0.787037","cubic feet","Oversize","0.0","US","gl_home_improvement","14616","29","0","10","13","104.49","3773.67","15196.78","26971.29","38026.88","3","0","0","0","0","","339","229","110","0","","4","1","","","","","","","","","","","","","","","","","20.8","88","Out of stock","","","2026-04-27","No","Yes","8.8","20.8","2026-04-27","339","0","1","3","104","unassigned","N","","",""
"2026-04-30","PL-0004","X004088OWF","B0CL6FWGN7","VIVOSUN 20 x 25 Feet Pond Liner, 14.5 Mil Durable LLDPE Pond Liners for Koi Ponds, Aquaculture and Water Gardens, Black","New","152","0","165","0","0","0","0","0","USD","40","106","164","169","","99.99","0.0","89.99","0.0","NoRestockExcessActionRequired","","0.0","0","0","0.0","0.88","1.674654","cubic feet","Oversize","254.547408","US","gl_lawn_and_garden","12963","42","0","6","14","89.99","3649.1","9806.44","14765.86","15255.81","59","25","81","0","0","106.87","33","8","24","1","","8","0","","","","","","","","","","","","","","","","","118.7","100","Healthy","10","2026-05-06","2026-04-27","No","No","68.5","118.7","2026-04-27","187","2","3","3","47","unassigned","N","","",""
"2026-04-30","VSN-GT3X213","X004QWPYV9","B0FGHQT8PQ","VIVOSUN Greenhouse Repair Tape, 6.3 mil 3"" x 213' Weatherproof Clear Poly Patch Tape, Heavy Duty Greenhouse Sheeting Coverings Film Tape for Plastic Sheeting and Tents","New","524","0","315","128","140","0","0","0","USD","14","61","130","156","","19.99","18.99","18.99","0.0","NoRestockExcessActionRequired","","0.0","0","0","0.06","0.28","0.069816","cubic feet","Standard","36.583584","US","gl_lawn_and_garden","13925","226","0","37","47","17.99","252.86","1076.54","2346.4","2828.64","2","312","1","140","0","29.78","48","48","0","0","","68","0","175","6.04","40","2.79","0","0.0","0","0.0","0","0.0","0","0.0","0","0.0","0","0.0","334.2","97","Healthy","","","2026-04-27","Yes","No","295.4","334.2","2026-04-27","572","0","67","1","314","unassigned","N","","",""
"2026-04-30","NB-001J","X003SMLWKP","B0BWDZR3DG","VIVOSUN Liquid Nutrients Base A & B Bundle, Grow Big Hydroponic Fertilizer, Supports Vegetative and Flowering Stages for Outdoor, Indoor Plants, Best Plant Food, Set of Quarts","New","1489","0","1710","0","0","0","0","0","USD","419","1273","2801","3905","","39.99","0.0","35.99","0.0","CreateShippingPlan","","0.0","0","0","0.0","2.27","0.165033","cubic feet","Standard","245.734137","US","gl_lawn_and_garden","3043","60","0","7","8","39.99","15123.37","47778.92","103819.55","145092.79","1710","0","0","0","0","253.04","921","900","0","21","","1370","5","","","","","","","","","","","","","","","","","42.7","1028","Healthy","","","2026-04-27","No","No","42.7","39.4","2026-04-27","3656","1246","96","28","95","unassigned","N","","",""
"2026-04-30","VSX3200","X0038IQIB7","B09F2DWF8B","VIVOSUN VSX3200 LED Grow Lights, 2 x 4 Ft. Coverage with 1000Pcs Samsung LM301 Diodes, Daisy Chain Dimmable Full Spectrum Grow Lamp for Indoor Plants Seedling Veg and Bloom Plant Grow Lamps","New","7","0","7","0","0","0","0","0","USD","0","0","0","0","Low traffic","299.99","0.0","299.99","0.0","Advertise listing","","","0","0","","0.0","1.255319","cubic feet","Oversize","8.787233","US","gl_lawn_and_garden","671831","366","0","","","299.99","0.0","0.0","0.0","0.0","7","0","0","0","0","","68","23","45","0","","0","0","","","","","","","","","","","","","","","","","","6","Healthy","","","","","","","","2026-04-27","75","0","0","0","366","unassigned","N","","",""
"2026-04-30","PB-7","X002O4QFDR","B08KQ58T54","VIVOSUN 5-Pack 7 Gallon Potato Grow Bags for Growing Potatoes, Fabric Potato Pots with Handle and Roll-up Window, Potato Growing Containers Potato Planter Potato Planter for Growing Potatoes, Green","New","0","0","10","0","0","0","0","0","USD","8","21","106","158","","21.99","0.0","21.99","0.0","NoExcessInventory","","0.0","0","0","0.0","3.15","0.137912","cubic feet","Standard","0.0","US","gl_lawn_and_garden","23634","72","0","30","13","21.99","175.92","452.82","2258.99","3270.48","10","0","0","0","0","1.39","160","100","20","40","","30","0","","","","","","","","","","","","","","","","","26.4","97","Low stock","","","2026-04-27","Yes","No","7.6","26.4","2026-04-27","185","25","0","5","239","unassigned","N","","",""
"2026-04-30","VSA-100-HUB","X0036XKBMB","B09VSLW7CH","VIVOSUN AeroLight A100, Tunable Spectrum, LED Grow Light 100W with Integrated Circulation Fan & Growhub Controller E42A, Compatible with App & E25, 2 x 2 Ft. Coverage","","0","0","0","0","0","0","4","0","USD","0","0","0","0","","0.0","0.0","0.0","0.0","NoRestockExcessActionRequired","","","0","0","","0.0","0.5","cubic feet","Standard","0.0","US","gl_lawn_and_garden","34658","0","0","","","189.99","0.0","0.0","0.0","0.0","0","0","0","0","0","","0","0","0","0","","4","0","0","0.0","0","0.0","0","0.0","0","0.0","0","0.0","0","0.0","4","13.8","0","0.0","","1","Out of stock","","","","","","","","2026-04-27","0","0","4","0","366","unassigned","N","","",""
"2026-04-30","VSA200SE","X003GFIKBX","B0BKPNRGCJ","VIVOSUN AeroLight Wing AW200SE, LED Grow Light 200W with Integrated Circulation Fan, Compatible with App, Used with Growhub Controller E42A/E25 to Achieve More Functions for 2x4/3x3 Grow Tent","New","148","0","188","0","0","0","0","0","USD","26","200","473","699","","189.99","0.0","179.49","0.0","GoToRestock","","0.0","0","0","0.0","3.99","0.465245","cubic feet","Standard","68.85626","US","gl_lawn_and_garden","22668","37","0","7","7","179.49","4590.1","30380.87","72702.64","112192.1","188","0","0","0","0","28.96","230","230","0","0","","33","0","","","","","","","","","","","","","","","","","32.0","265","Low stock","188","2026-05-06","2026-04-27","No","No","32.0","23.4","2026-04-27","401","23","9","1","94","unassigned","N","","",""
"2026-04-30","311021-10x5J","X0015U9RQD","B01I1D9IF0","VIVOSUN 5-Pack 10 Gallons Grow Bags Heavy Duty Thickened Nonwoven Fabric Pots with Strap Handles Tan","New","0","0","292","0","0","0","0","0","USD","188","1396","3148","3716","","20.99","0.0","20.99","0.0","CreateShippingPlan","","0.0","0","0","0.0","3.68","0.253152","cubic feet","Standard","0.0","US","gl_lawn_and_garden","30","14","0","5","6","20.99","3944.14","28320.48","62886.72","74399.66","292","0","0","0","0","16.0","1792","1792","0","0","","694","1","","","","","","","","","","","","","","","","","26.2","1110","Low stock","841","2026-05-06","2026-04-27","No","Yes","10.7","26.2","2026-04-27","2299","507","31","156","133","unassigned","N","","",""
"2026-04-30","311021-7x5J","X0015P9UID","B01I1D9QAM","VIVOSUN 5-Pack 7 Gallons Grow Bags Heavy Duty Thickened Nonwoven Fabric Pots with Strap Handles Tan","New","0","0","296","0","0","0","0","0","USD","306","1269","2478","2930","","18.99","0.0","18.99","0.0","GoToRestock","","0.0","0","0","0.0","3.69","0.138589","cubic feet","Standard","0.0","US","gl_lawn_and_garden","30","26","0","4","6","18.99","5807.97","23456.7","44914.99","53106.15","296","0","0","0","0","20.95","1517","1254","190","73","","757","4","","","","","","","","","","","","","","","","","28.7","1061","Low stock","911","2026-05-07","2026-04-27","No","No","12.3","28.7","2026-04-27","2182","665","27","65","89","unassigned","N","","",""
"2026-04-30","VSA200SE-E25","X003GFERRJ","B0BKPH1CZ6","VIVOSUN AeroLight Wing AW200SE, LED Grow Light 200W with Integrated Circulation Fan & GrowHub Controller E25, Compatible with App & E42A, 3x3/4x4 Coverage, Establish an Intelligent Grow Environment","New","299","0","338","0","0","0","0","0","USD","28","152","338","381","","199.99","0.0","179.98","0.0","NoRestockExcessActionRequired","","0.0","0","0","0.0","1.36","0.448059","cubic feet","Standard","133.969641","US","gl_lawn_and_garden","34658","103","0","13","17","179.98","5030.58","26270.26","59877.8","68476.96","111","216","11","0","0","72.73","220","220","0","0","","38","5","","","","","","","","","","","","","","","","","73.3","107","Healthy","","","2026-04-27","No","No","66.0","73.3","2026-04-27","524","5","32","1","194","unassigned","N","","",""
"2026-04-30","311005-3J","X001Z2GBHT","B07L4Q3MVY","VIVOSUN 1.35-Gallon Pump Pressure Sprayer, Pressurized Lawn & Garden Water Spray Bottle with Adjustable Shoulder Strap, for Spraying Plants, Garden Watering and Household Cleaning","New","783","0","1319","0","0","0","0","0","USD","361","1927","3455","4202","","29.99","0.0","29.99","0.0","NoExcessInventory","","0.0","0","0","0.0","2.25","0.539912","cubic feet","Standard","422.751096","US","gl_lawn_and_garden","3625","30","0","7","11","29.99","10665.87","51360.61","92784.83","113098.56","970","349","0","0","0","221.98","2792","2430","0","362","","477","1","","","","","","","","","","","","","","","","","45.2","1765","Low stock","","","2026-04-27","No","No","29.6","45.2","2026-04-27","4017","442","28","7","78","unassigned","N","","",""
"2026-04-30","305103x2J","X0010ATPIX","B01EACC2BS","VIVOSUN Two Pack 7-Day Dual Outlet Digital Program Timer","New","1","0","1","0","0","0","0","0","USD","","","","","Low traffic","21.99","0.0","21.99","0.0","Improve keywords","","","0","0","","0.0","0.111521","cubic feet","Standard","0.111521","US","gl_home_improvement","","","0","","","21.99","","","","","1","0","0","0","0","","0","0","0","0","","0","0","","","","","","","","","","","","","","","","","","","","","","","","","","","2026-04-27","1","0","0","0","","unassigned","N","","",""
"2026-04-30","VSV-WVK3","X004D3MRL1","B0DDKLX3FZ","VIVOSUN Portable AC Sliding Door Vent Kit, 16.9""/21.2""-88.6"" Length Adjustable, Fits 5.1"" & 5.9"" Exhaust Hose for Sliding Doors or Windows, 5.9” Exhaust Hose Included","New","7","0","3","9","0","0","0","0","USD","9","75","258","287","","42.99","0.0","42.99","0.0","NoRestockExcessActionRequired","","0.0","0","0","0.0","1.65","0.556192","cubic feet","Standard","3.893344","US","gl_home_improvement","119737","3","0","19","16","42.99","386.91","3224.25","9641.12","10733.03","2","0","1","0","0","0.7","360","360","0","0","","2","0","","","","","","","","","","","","","","","","","56.1","135","Low stock","","","2026-04-27","Yes","No","17.1","56.1","2026-04-27","367","0","2","0","301","unassigned","N","","",""
"2026-04-30","E331904J","X0023DGCV9","B07NLXH9TT","VIVOSUN 19 inch Bud Leaf Bowl Trimmer with Clear Visibility Dome, Sharp Stainless Steel Blades for Spin Cut, Solid Metal Gear Box, and Hand Pruner (Upgraded Version)","New","97","0","106","0","0","0","0","0","USD","16","102","217","332","","149.99","0.0","149.99","0.0","NoExcessInventory","","0.0","0","0","0.0","1.91","2.777778","cubic feet","Oversize","269.444466","US","gl_lawn_and_garden","213293","77","0","21","21","149.99","2399.84","15297.48","32543.83","49792.18","66","40","0","0","0","82.56","440","272","168","0","","7","2","","","","","","","","","","","","","","","","","43.8","103","Low stock","","","2026-04-27","No","No","34.4","43.8","2026-04-27","537","0","4","3","134","unassigned","N","","",""
"2026-04-30","VSVC-AZT8","X004PBZTDT","B0FB8V8DH6","VIVOSUN Smart Air Filtration T8 Kit 8"", AeroZesh T8 Inline Duct Fan with E12 Speed Controller, Carbon Filter & 25' Ducting, Cooling & Ventilation System for Grow Tents, Indoor Gardening, Hydroponics","New","1","0","0","3","0","0","0","0","USD","8","28","55","64","","209.99","0.0","209.99","0.0","NoExcessInventory","","0.0","0","0","0.0","1.44","4.375","cubic feet","Oversize","4.375","US","gl_lawn_and_garden","15350","1","0","10","14","209.99","1679.92","5879.72","11549.45","13439.36","0","0","0","0","0","0.56","72","72","0","0","","1","0","","","","","","","","","","","","","","","","","66.8","28","Low stock","","","2026-04-27","Yes","No","24.0","66.8","2026-04-27","73","0","1","0","133","unassigned","N","","",""
"2026-04-30","GT-002","X004AT22TF","B0D83JKQSD","VIVOSUN Greenhouse Repair Tape, 6.3 mil 6"" x108' Weatherproof Clear Poly Patch Tape, Heavy Duty Greenhouse Sheeting Coverings Film Tape for Plastic Sheeting and Tents","New","611","0","465","107","115","0","0","0","USD","28","94","201","277","","24.99","21.99","21.99","20.48","NoRestockExcessActionRequired","","0.0","0","0","0.0","0.42","0.071966","cubic feet","Standard","43.971226","US","gl_lawn_and_garden","13925","304","0","26","28","19.99","570.16","1957.04","4253.97","5927.21","3","195","267","115","0","29.09","0","0","0","0","","64","0","75","2.71","40","2.87","0","0.0","0","0.0","0","0.0","0","0.0","0","0.0","0","0.0","227.8","137","Healthy","","","2026-04-27","Yes","No","202.9","227.8","2026-04-27","611","0","64","0","329","unassigned","N","","",""
"2026-04-30","304114-43","X003CI14ZN","B07HQMX3S1","VIVOSUN 2-in-1 4x3 Grow Tent, 48""x36""x72"" Seedling Clone Tent High Reflective Mylar with Multi-Chamber and Floor Tray for Hydroponic Indoor Plant Tent","New","74","0","75","0","0","0","0","0","USD","5","23","52","83","","159.99","0.0","143.99","0.0","NoExcessInventory","","0.0","0","0","0.0","1.1","2.652146","cubic feet","Oversize","196.258804","US","gl_lawn_and_garden","50102","139","0","19","17","143.99","719.95","3375.77","7544.28","11984.35","12","44","19","0","0","94.72","37","23","14","0","","4","0","","","","","","","","","","","","","","","","","101.5","55","Healthy","","","2026-04-27","Yes","No","101.5","90.4","2026-04-27","112","1","2","1","176","unassigned","N","","",""
"2026-04-30","MGS-PS10B6","X004DTH5DZ","B0DG1CKTH2","Maygrove 6 Pack Plant Saucer, 8 10 12 inch Plant Saucers for Indoor, Heavy Duty Plastic Plant Trays for pots, Grow Bags, Bird Baths, Flower Drip Trays for Indoor and Outdoor Uses (10"", Black)","New","21","0","36","0","0","0","0","0","USD","35","126","128","129","","16.99","0.0","15.29","0.0","NoExcessInventory","","0.0","0","0","0.0","2.36","0.122596","cubic feet","Standard","2.574516","US","gl_lawn_and_garden","14341","25","0","12","38","15.29","535.15","1906.82","1937.4","1954.39","5","31","0","0","0","0.48","360","280","60","20","","15","0","","","","","","","","","","","","","","","","","50.0","154","Low stock","","","2026-04-27","No","No","33.5","50.0","2026-04-27","382","1","10","4","131","unassigned","N","","",""
"2026-04-30","DWC-0003","X0032VDTLH","B09M2NZNPT","VIVOSUN DWC Hydroponics Grow System, 5-Gallon Deep Water Culture, Recirculating Drip Garden System with Multi-Purpose Air Hose, Air Pump, and Air Stone (8 Buckets + Top Drip Kit)","New","24","0","30","0","0","0","0","0","USD","7","64","168","251","","199.99","0.0","199.99","0.0","GoToRestock","","0.0","0","0","0.0","2.62","4.011719","cubic feet","Oversize","96.281256","US","gl_lawn_and_garden","40693","36","0","4","3","199.99","1399.93","12612.78","32900.34","49038.11","30","0","0","0","0","15.35","46","20","25","1","","4","0","","","","","","","","","","","","","","","","","32.7","62","Low stock","97","2026-05-06","2026-04-27","Yes","No","21.1","32.7","2026-04-27","71","1","2","1","55","unassigned","N","","",""
"2026-04-30","311021-25x5NJ","X002IPI161","B0885SVNRQ","VIVOSUN 5-Pack 25 Gallons Grow Bags Heavy Duty Thickened Nonwoven Fabric Pots with Strap Handles Tan","New","0","0","97","0","0","0","0","0","USD","140","921","1587","1860","","25.99","0.0","25.99","0.0","GoToRestock","","0.0","0","0","0.0","3.53","0.370575","cubic feet","Standard","0.0","US","gl_lawn_and_garden","30","19","0","2","4","25.99","3627.71","23470.17","39805.67","46647.38","97","0","0","0","0","16.53","684","576","0","108","","277","1","","","","","","","","","","","","","","","","","29.5","608","Low stock","414","2026-05-07","2026-04-27","No","No","13.7","29.5","2026-04-27","932","248","9","20","101","unassigned","N","","",""
"2026-04-30","304113-27","X003CHTMET","B07PJ4VWF7","VIVOSUN S276 32""x32""x63"" Grow Tent, High Reflective Mylar with Observation Window and Floor Tray for Hydroponics Indoor Plant for VS1500","New","329","0","335","0","0","0","0","0","USD","16","69","140","203","","95.99","0.0","86.39","71.36","NoExcessInventory","","0.0","0","0","3.15","0.65","1.221354","cubic feet","Oversize","401.825466","US","gl_lawn_and_garden","5584","187","0","19","21","86.39","1295.84","5644.71","11788.0","17230.57","15","2","318","0","0","190.93","0","0","0","0","","4","1","","","","","","","","","","","","","","","","","167.9","126","Healthy","","","2026-04-27","No","No","167.9","158.2","2026-04-27","330","1","2","1","188","unassigned","N","","",""
"2026-04-30","305140-PEN","X003Y7ZWY1","B0CGZYKSGK","VIVOSUN Digital pH and TDS Meter Kits, 0.01pH High Accuracy Pen Type pH Meter ± 2% Readout Accuracy 3-in-1 TDS EC Temperature Meter for Hydroponics, Pool and Aquarium, Black White, UL Certified","New","361","0","510","0","0","0","0","0","USD","311","1431","2814","3576","","23.99","0.0","20.99","0.0","NoRestockExcessActionRequired","","0.0","0","0","0.0","3.52","0.019707","cubic feet","Standard","7.114227","US","gl_kitchen","473","24","0","10","13","20.99","5976.14","26799.8","54543.04","73864.01","510","0","0","0","0","1.85","3330","2700","0","630","","95","17","","","","","","","","","","","","","","","","","27.9","1765","Low stock","1651","2026-05-07","2026-04-27","No","Yes","21.7","27.9","2026-04-27","3743","52","20","23","77","unassigned","N","","",""
"2026-04-30","VSFW005-Black","X003VOL9HL","B0C9ZD37Y8","VIVOSUN Collapsible Folding Wagon, Outdoor Utility with All-Terrain Wheels, Adjustable Handle, Cup Holders & Side Pockets, for Camping, Shopping, Garden, 210Lbs Capacity, Black","New","37","0","39","0","0","0","0","0","USD","3","22","59","86","Low traffic","89.99","0.0","89.99","0.0","GoToRestock","","0.0","0","0","0.0","1.63","1.996296","cubic feet","Oversize","73.862952","US","gl_lawn_and_garden","169880","25","0","6","5","89.99","269.97","1844.78","4139.19","5827.92","1","0","38","0","0","27.75","0","0","0","0","","2","0","","","","","","","","","","","","","","","","","69.4","199","Low stock","334","2026-05-06","2026-04-27","Yes","No","68.0","69.4","2026-04-27","37","0","2","0","26","unassigned","N","","",""
"2026-04-30","LR-0001","X002Z3CAYF","B09BMQ4J34","VIVOSUN 2-Piece Leaf Rake Set - Adjustable Garden/Camping Rake with 15/9 Tines, Collapsing Tines & Telescopic Handle (64'' & 30'')","","0","0","5","0","0","0","0","0","USD","106","258","482","607","","0.0","0.0","0.0","0.0","NoRestockExcessActionRequired","","","0","0","","3.7","0.436551","cubic feet","Oversize","0.0","US","gl_lawn_and_garden","10599","7","0","7","10","15.99","1772.94","4788.42","9052.38","11330.08","5","0","0","0","0","","490","386","104","0","","8","0","","","","","","","","","","","","","","","","","28.0","250","Out of stock","","","2026-04-27","No","No","6.5","28.0","2026-04-27","490","0","0","8","54","unassigned","N","","",""
"2026-04-30","RB-0001B","X003P4BFFN","B0BTYHN25X","VIVOSUN Collapsible Rain Barrel, 53 Gallon Water Storage Tank with 1000D Oxford Cloth, Portable Rain Collection System Includes Two Spigots and Overflow Kit, Black","","0","0","5","0","0","0","0","0","USD","14","56","88","103","","0.0","0.0","53.19","0.0","CreateShippingPlan","","","0","0","","1.91","0.514272","cubic feet","Oversize","0.0","US","gl_lawn_and_garden","18793","0","0","0","0","53.19","678.65","2937.34","4683.82","5488.07","0","1","4","0","0","","0","0","0","0","","1","0","","","","","","","","","","","","","","","","","52.4","62","Out of stock","159","2026-04-29","2026-04-27","No","No","22.0","52.4","2026-04-27","0","0","1","0","0","unassigned","N","","",""
"2026-04-30","306143-0616","X000VV26DN","B01731MLFK","VIVOSUN 6 Inch Air Carbon Filter Smelliness Control with Australia Virgin Charcoal for Inline Duct Fan, Grow Tent, Pre-Filter Included, Reversible Flange 6""x 16""","New","130","0","146","0","0","0","0","0","USD","53","291","644","851","","59.99","0.0","59.99","0.0","NoRestockExcessActionRequired","","0.0","0","0","0.0","2.25","1.034444","cubic feet","Oversize","134.47772","US","gl_lawn_and_garden","13059","48","0","16","18","59.99","3166.11","16798.61","37300.64","49583.64","24","3","119","0","0","18.24","1050","813","237","0","","11","16","","","","","","","","","","","","","","","","","44.8","355","Low stock","","","2026-04-27","No","No","27.7","44.8","2026-04-27","1181","1","6","4","186","unassigned","N","","",""
"2026-04-30","SPray-100L","X0043F0OU5","B0CRRFQFB5","VIVOSUN 2.64-Gallon Pump Pressure Sprayer, Pressurized Lawn & Garden Water Spray Bottle with Adjustable Shoulder Strap, for Plants Spraying, Garden Watering and Household Cleaning","New","176","0","185","0","0","0","0","0","USD","24","131","216","251","","43.99","0.0","43.99","0.0","NoRestockExcessActionRequired","","0.0","0","0","0.0","1.15","0.772574","cubic feet","Oversize","135.973024","US","gl_lawn_and_garden","3625","48","0","12","21","43.99","1046.96","5428.29","8877.04","10355.09","57","84","44","0","0","56.72","237","207","30","0","","9","0","","","","","","","","","","","","","","","","","90.2","299","Low stock","271","2026-05-06","2026-04-27","No","No","54.3","90.2","2026-04-27","416","3","5","1","91","unassigned","N","","",""
"2026-04-30","304113-32","X001EDFEYP","B0716BK1KD","VIVOSUN S326 36""x20""x63"" Grow Tent, High Reflective Mylar with Observation Window and Floor Tray for Hydroponics Indoor Plant for VS1000/VS2000","New","142","0","123","22","0","0","0","0","USD","18","68","141","208","","89.99","0.0","89.99","0.0","NoExcessInventory","","0.0","0","0","0.0","1.03","1.269531","cubic feet","Oversize","180.273402","US","gl_lawn_and_garden","5584","75","0","13","13","89.99","1405.62","5465.92","11553.69","17079.02","4","68","51","0","0","77.99","81","43","38","0","","4","1","","","","","","","","","","","","","","","","","95.0","69","Healthy","","","2026-04-27","No","No","86.3","95.0","2026-04-27","223","0","3","1","100","unassigned","N","","",""
"2026-04-30","332582-40","X002I2UUL3","B086QHTGZ5","VIVOSUN 660GPH 40W Submersible Pump for Fish Tank, Pond, Aquarium, Hydroponic Systems with 5ft Power Cord and 4 Nozzles Blue","New","2106","0","2319","0","0","0","0","0","USD","170","573","987","1315","","22.99","0.0","19.54","0.0","NoRestockExcessActionRequired","","0.0","0","0","0.0","0.73","0.087071","cubic feet","Standard","183.371526","US","gl_lawn_and_garden","2926","141","0","19","27","19.54","3424.6","12039.47","20986.83","28233.15","719","970","630","0","0","122.62","684","684","0","0","","165","3","","","","","","","","","","","","","","","","","148.5","1094","Healthy","","","2026-04-27","No","No","148.5","142.9","2026-04-27","2865","75","80","10","230","unassigned","N","","",""
"2026-04-30","VSF-BF412B","X004B9KMKP","B0D8KDWWMM","VIVOSUN Quiet Register Booster Fan for 𝟒"" 𝐱 𝟏𝟐"" Holes, Cooling Heating Vent Fan with 10-Speeds App Control &Adjustable Wind Direction, Thermostat Control for Bedroom, Bathroom &Attic, Brown","New","16","0","18","0","0","0","0","0","USD","7","18","18","18","","35.99","0.0","35.99","0.0","CreateShippingPlan","","","0","0","","4.0","0.192703","cubic feet","Standard","3.083248","US","gl_home","107462","12","0","3","11","35.99","251.93","647.82","647.82","647.82","18","0","0","0","0","","0","0","0","0","","2","0","","","","","","","","","","","","","","","","","20.1","183","Low stock","334","2026-05-06","2026-04-27","Yes","No","20.1","20.1","2026-04-27","17","1","0","1","12","unassigned","N","","",""
"2026-04-30","VSVC-AZT6","X003W2ARM5","B0CBPGTTYW","VIVOSUN Smart Air Filtration T6 Kit 6"", AeroZesh T6 Inline Duct Fan with E12 Speed Controller, Carbon Filter & 8' Ducting, Cooling & Ventilation System for Grow Tents, Indoor Gardening, Hydroponics","New","3","0","11","0","0","0","0","0","USD","10","20","98","154","","169.99","140.99","140.99","0.0","NoExcessInventory","","0.0","0","0","0.0","4.76","2.430738","cubic feet","Oversize","7.292214","US","gl_lawn_and_garden","15350","23","0","64","27","140.99","1409.9","2819.8","13817.02","21712.46","11","0","0","0","0","3.28","321","277","44","0","","7","0","","","","","","","","","","","","","","","","","16.7","123","Low stock","","","2026-04-27","Yes","No","5.8","16.7","2026-04-27","327","3","2","2","182","unassigned","N","","",""
"2026-04-30","VSA150SE","X003GFM25N","B0BKPK5CKW","VIVOSUN AeroLight A150SE, LED Grow Light 150W with Integrated Circulation Fan, Compatible with App, Used with Growhub Controller E42A/E25 to Achieve More Functions for 2x4/3x3 Grow Tent","New","106","0","109","0","0","0","0","0","USD","2","33","92","144","","149.99","0.0","149.99","0.0","NoExcessInventory","","0.0","0","0","0.0","1.59","0.416179","cubic feet","Standard","44.114974","US","gl_lawn_and_garden","83030","117","0","24","17","149.99","299.98","4204.48","12008.37","18716.21","109","0","0","0","0","27.41","93","93","0","0","","4","0","","","","","","","","","","","","","","","","","96.5","77","Healthy","","","2026-04-27","Yes","No","96.5","54.4","2026-04-27","202","3","0","1","212","unassigned","N","","",""
"2026-04-30","330101CNJ","X001Z0D25Z","B016MKY7C8","VIVOSUN 10""x 20.75"" Seedling Heat Mat and Digital Thermostat Combo Set, UL & MET-Certified Warm Hydroponic Heating Pad for Germination, Indoor Gardening, Greenhouse","New","10868","0","11928","0","0","0","0","0","USD","1032","4965","10716","19084","","30.99","0.0","24.78","0.0","CreateShippingPlan","","0.0","0","0","0.0","1.13","0.113275","cubic feet","Standard","1231.0727","US","gl_lawn_and_garden","1279","159","0","8","7","24.78","25600.16","124536.46","283540.42","495439.48","153","3788","7987","0","0","742.38","0","0","0","0","","1088","11","","","","","","","","","","","","","","","","","84.6","3603","Healthy","","","2026-04-27","No","No","84.6","80.2","2026-04-27","11151","283","762","43","169","unassigned","N","","",""
"2026-04-30","332022","X00291BJTF","B07VK1LVKX","VIVOSUN 30X 60X Illuminated Jewelers Loupe Foldable Magnifier with LED Light for Jewelry Gems Watches Coins Stamps Antiques Black","New","256","0","285","0","0","0","0","0","USD","62","441","956","1260","","10.99","0.0","10.99","0.0","NoExcessInventory","","0.0","0","0","0.0","2.14","0.008168","cubic feet","Standard","2.091008","US","gl_home","12238","43","0","9","11","10.99","665.78","4611.32","9910.45","13151.36","136","149","0","0","0","0.69","840","600","120","120","","20","1","","","","","","","","","","","","","","","","","47.5","398","Low stock","","","2026-04-27","No","No","35.0","47.5","2026-04-27","1105","9","7","4","87","unassigned","N","","",""
"2026-04-30","HR-0002J","X0048EXVMT","B0BWDS5B79","VIVOSUN Outdoor Handrail, 4 Step Stair Handrail, 54"" x 36"" Fits 1 to 4 Steps, Wrought Mattle Iron Handrail for Concrete Steps, Porch Steps, One-Step Assembly, Black","New","2216","0","1643","645","0","0","0","0","USD","107","601","995","1277","","56.99","0.0","54.14","0.0","NoRestockExcessActionRequired","","0.0","0","0","0.0","0.49","1.201606","cubic feet","Oversize","2662.758896","US","gl_home_improvement","2999","116","0","14","22","56.99","5652.45","30090.47","51484.56","65039.6","121","1112","410","0","0","1222.15","0","0","0","0","","182","6","","","","","","","","","","","","","","","","","177.6","595","Healthy","","","2026-04-27","No","No","138.5","177.6","2026-04-27","2238","22","152","8","126","unassigned","N","","",""
"2026-04-30","305132-PENJ","X0019ZB6SB","B01N2O1Z5B","VIVOSUN TDS Tester 3-in-1 TDS EC & Temperature Meter Ultrahigh Accuracy Digital Water Quality TDS Tester (Blue)","New","138","0","146","0","0","0","0","0","USD","15","80","141","199","Low traffic","9.99","0.0","8.99","0.0","NoRestockExcessActionRequired","","0.0","0","0","0.0","1.59","0.005743","cubic feet","Standard","0.792534","US","gl_lawn_and_garden","45731","66","0","16","22","8.99","134.85","722.2","1310.99","1878.61","102","3","41","0","0","0.57","200","200","0","0","","3","0","","","","","","","","","","","","","","","","","60.8","164","Low stock","","","2026-04-27","Yes","No","60.8","56.5","2026-04-27","341","3","0","0","187","unassigned","N","","",""
"2026-04-30","VSP-SWP-PT16","X004B1J9EN","B0D8KVF8V9","VIVOSUN 1.6 HP Shallow Well Pump with Pressure Tank, NSF Certified, 1320 GPH, Stainless Steel, Automatic Water Booster Jet Pump with Two Adapters for Home, Garden, Lawn","New","58","0","64","0","0","0","0","0","USD","14","115","179","218","","219.99","0.0","219.99","0.0","NoExcessInventory","","0.0","0","0","0.0","1.83","3.527344","cubic feet","Oversize","204.585952","US","gl_home_improvement","61911","30","0","7","13","219.99","2912.13","21652.1","34157.76","42341.87","57","7","0","0","0","41.28","163","127","36","0","","5","3","","","","","","","","","","","","","","","","","49.4","245","Low stock","335","2026-05-06","2026-04-27","Yes","No","24.8","49.4","2026-04-27","223","2","2","1","71","unassigned","N","","",""
"2026-04-30","311001-30x10","X002XOL8S5","B097PJS964","VIVOSUN 10-Pack 30 Gallon Grow Bags, Reinforced Planter Fabric Pots for Gardening Black","New","269","0","430","0","0","0","0","0","USD","85","383","644","727","","40.99","0.0","40.99","0.0","GoToRestock","","0.0","0","0","0.0","1.56","0.837891","cubic feet","Standard","225.392679","US","gl_lawn_and_garden","1974","195","0","3","6","40.99","3484.15","15235.54","25197.43","28598.1","275","155","0","0","0","201.78","80","78","0","2","","260","0","","","","","","","","","","","","","","","","","57.5","200","Healthy","","","2026-04-27","No","No","31.3","57.5","2026-04-27","581","232","25","3","286","unassigned","N","","",""
"2026-04-30","306109-68C","X002AINM2T","B07WT519SL","VIVOSUN Dryer Vent Hose, 6 inch Aluminum Foil Ducting, 8FT Long Heavy-Duty Dryer Hose Vent Kit for HVAC Ventilation, Exhaust, Duct Fan Systems, Black Flexible Air Duct w/ 2 Clamps","New","350","0","387","0","0","0","0","0","USD","16","161","321","441","","18.99","0.0","18.99","16.71","NoExcessInventory","","0.0","0","0","0.0","1.14","0.15796","cubic feet","Standard","55.286","US","gl_home_improvement","2235","71","0","17","20","17.99","288.86","2913.5","5805.18","8005.41","167","220","0","0","0","30.27","343","306","0","37","","38","3","","","","","","","","","","","","","","","","","76.0","244","Healthy","","","2026-04-27","No","No","68.4","76.0","2026-04-27","699","6","27","5","143","unassigned","N","","",""
"2026-04-30","304866x4-J","X0047U8NE5","B0D2MMVCL4","VIVOSUN 4-Pack Self Adhesive Zipper Door for Debris Barriers, 3In. x 7Ft. Peel & Stick, Heavy-Duty & Double-Sided Zipper for Tarp, Greenhouse, Indoor Outdoor Tent, Black","New","223","0","275","0","0","0","0","0","USD","19","88","154","212","","35.99","0.0","35.99","0.0","NoExcessInventory","","0.0","0","0","0.0","0.8","0.117249","cubic feet","Standard","26.146527","US","gl_home","15749","134","0","15","21","34.19","627.68","3007.36","5254.99","7223.09","105","134","36","0","0","15.64","120","100","0","20","","45","0","","","","","","","","","","","","","","","","","106.5","155","Healthy","","","2026-04-27","No","No","96.7","106.5","2026-04-27","343","0","44","1","208","unassigned","N","","",""
"2026-04-30","SWS-002","X003PYM4PX","B0BW3RS1C1","VIVOSUN 125ML Self-Watering Spikes, Mushroom Shaped Terracotta Watering Stakes, Auto-Water Device, Planter Insert for Indoor & Outdoor Potted Plants, 4-Pack","New","22","0","0","27","0","0","0","0","USD","14","28","30","30","Low traffic","19.99","0.0","14.99","0.0","Create Outlet deal","","11.19","2","0","81.73","0.58","0.249987","cubic feet","Standard","5.499714","US","gl_lawn_and_garden","111931","12","0","3","9","14.99","209.86","448.72","488.7","488.7","0","0","0","0","0","3.57","0","0","0","0","","1","0","","","","","","","","","","","","","","","","","228.8","44","Low stock","81","2026-05-07","2026-04-27","Yes","No","76.8","228.8","2026-04-27","22","0","1","0","13","unassigned","N","","",""
"2026-04-30","HGK3-108J","X002E3ZNQ3","B081R8Y258","VIVOSUN Hydroponics Growing System 108 Plant Sites, 3 Layers 12 Food-Grade PVC-U Pipes Gardening System Grow Kit with Water Pump Timer, Nest Basket and Sponge for Leafy Vegetables","New","389","0","282","124","0","0","0","0","USD","24","185","350","521","","139.99","0.0","118.99","0.0","NoRestockExcessActionRequired","","0.0","0","0","0.0","0.84","2.24032","cubic feet","Oversize","871.48448","US","gl_lawn_and_garden","45249","148","0","8","9","118.99","2675.76","19834.27","38798.74","57642.59","19","41","222","0","0","359.27","0","0","0","0","","35","2","","","","","","","","","","","","","","","","","109.2","168","Healthy","14","2026-05-06","2026-04-27","No","No","75.0","109.2","2026-04-27","389","0","30","5","162","unassigned","N","","",""
"2026-04-30","VSL-LL100-N","X004RRPF3P","B08772CTK7","VIVOSUN LumaLight 100W LED Grow Light, Full Spectrum Plant Light, Smart Dimmable & High PPFD for Indoor Plants Seedling Vegetables Bloom, Fits 2×2/2×4 Grow Tents","New","990","0","1194","0","0","0","0","0","USD","150","490","1214","2123","","109.99","0.0","69.98","0.0","NoRestockExcessActionRequired","","0.0","0","0","0.0","2.08","0.421983","cubic feet","Standard","417.76317","US","gl_lawn_and_garden","7091","66","0","30","23","69.98","10917.21","45522.47","108212.86","180221.21","607","587","0","0","0","260.53","2800","2604","100","96","","172","0","","","","","","","","","","","","","","","","","67.8","449","Healthy","","","2026-04-27","No","No","67.8","43.2","2026-04-27","3908","118","44","10","252","unassigned","N","","",""
"2026-04-30","CBIN-H300","X003IJCHAR","B0BML5NPXC","VIVOSUN 300 Gallon Outdoor Compost Bin, Expandable Composter, Easy to Setup & Large Capacity for Backyard, Lawn (Black with Gloves)","New","184","0","210","0","0","0","0","0","USD","29","150","369","552","","44.99","0.0","42.74","0.0","NoExcessInventory","","0.0","0","0","0.0","2.09","0.514501","cubic feet","Oversize","94.668184","US","gl_lawn_and_garden","11870","107","0","18","16","42.74","1233.46","6303.0","15821.31","23036.84","161","49","0","0","0","34.15","507","231","276","0","","31","2","","","","","","","","","","","","","","","","","49.5","327","Low stock","","","2026-04-27","No","No","49.5","43.3","2026-04-27","692","1","24","6","177","unassigned","N","","",""
"2026-04-30","Amazon.Found.B0DCFFQ66D","B0DCFFQ66D","B0DCFFQ66D","VIVOSUN 40 Packs 3/4/5/6 Inch Clear Nursery Pots with Drainage Holes, Reinforced Plastic Seedling Pots for Plants, Flowers, Cuttings, and Succulents, 40 pcs Plant Labels","","0","0","1","0","0","0","0","0","USD","","","","","","0.0","0.0","19.99","0.0","GoToStranded","","","0","0","","1.96","0.323789","cubic feet","Standard","0.0","US","gl_lawn_and_garden","39631","0","0","","","19.99","","","","","0","1","0","0","0","","0","0","0","0","","1","0","","","","","","","","","","","","","","","","","","","","268","2026-04-30","","","","","","2026-04-27","0","0","1","0","0","unassigned","N","","",""
"2026-04-30","PF-2600","X003LWXHOB","B0BS8WQHXW","VIVOGROW Bio Pressure Pond Filter, with 13W UV-C Light, 2630 GPH Suitable for Koi Ponds up to 1300 Gallons or Landscape Pools up to 2600 Gallons","","0","0","2","0","0","0","0","0","USD","8","121","261","297","","0.0","0.0","0.0","0.0","CreateShippingPlan","","","0","0","","3.41","3.246528","cubic feet","Oversize","0.0","US","gl_lawn_and_garden","47629","67","0","5","6","179.99","1539.92","22098.14","47916.74","54904.39","2","0","0","0","0","","152","52","100","0","","0","2","","","","","","","","","","","","","","","","","27.5","87","Out of stock","52","2026-05-06","2026-04-27","Yes","No","6.6","27.5","2026-04-27","152","0","0","0","127","unassigned","N","","",""
"2026-04-30","VSN-BJ8","X004442NOZ","B0CT81RJB1","VIVOSUN Bloom Juice (0-6-4), Flowering Supplement Liquid Fertilizer for Flowering Stage, Concentrated Plant Food for All Flowering Plants, 8 Ounces","New","313","0","327","0","0","0","0","0","USD","21","114","200","317","Low traffic","17.99","0.0","15.29","0.0","NoRestockExcessActionRequired","","0.0","0","0","0.0","0.95","0.011717","cubic feet","Standard","3.667421","US","gl_lawn_and_garden","50357","74","0","10","12","15.29","321.09","1835.57","3239.78","5204.25","3","289","35","0","0","2.29","0","0","0","0","","9","0","","","","","","","","","","","","","","","","","109.1","118","Healthy","","","2026-04-27","No","No","109.1","82.2","2026-04-27","315","2","3","4","76","unassigned","N","","",""
"2026-04-30","GG-001","X003RIYJV9","B0BZNYBZ1R","VIVOSUN 2’’ Depth Ground Grid, 9x17 ft, High-Density HDPE Geo Cell, 1885 lbs per sq ft Load, Foldable & Tensile, Easy Installation with Gloves, Perfect for Gardens, Driveways, Pathways, Slopes","New","553","0","566","0","0","0","0","0","USD","20","119","191","284","","79.99","0.0","63.99","58.23","NoRestockExcessActionRequired","","0.0","0","0","0.0","0.61","1.008572","cubic feet","Oversize","557.740316","US","gl_lawn_and_garden","45558","146","0","20","28","63.99","1279.8","7602.81","12482.09","19124.76","172","101","293","0","0","255.51","60","12","48","0","","10","0","","","","","","","","","","","","","","","","","148.2","281","Healthy","","","2026-04-27","No","No","145.9","148.2","2026-04-27","613","0","9","1","153","unassigned","N","","",""
"2026-04-30","RC-0001-4","X003Q1X7NX","B0BW94JFT3","VIVOSUN 1.6"" Rockwool Cubes, 112 Plugs Stonewool Starter Grow Cubes for Cuttings, Cloning, Plant Propagation, Seed Starting, Hydroponic Grow Media for Vigorous Plant Growth, 4 Sheets of 112 Plugs","New","254","0","270","0","0","0","0","0","USD","37","168","312","429","","21.99","0.0","21.99","0.0","NoRestockExcessActionRequired","","0.0","0","0","0.0","1.21","0.293773","cubic feet","Standard","74.618342","US","gl_lawn_and_garden","22632","84","0","8","10","21.99","813.63","3401.92","6273.96","8651.69","52","148","70","0","0","40.1","108","84","0","24","","11","0","","","","","","","","","","","","","","","","","78.6","108","Healthy","","","2026-04-27","No","No","60.7","78.6","2026-04-27","364","2","5","4","116","unassigned","N","","",""
"2026-04-30","SST-1-0001","X003OVGTDF","B0BTD741R3","VIVOSUN 1-Pack 40-Cell Seed Starter Trays with 1 Set of LED Lights and 10""x20.75"" Seedling Heat Mat, 3.6"" Higher Cover, Adjustable Vents, Drainage Holes, Green Propagation Tray for Planting Seeds","New","976","0","1296","0","0","0","0","0","USD","155","537","1443","1874","","49.99","0.0","39.99","0.0","NoExcessInventory","","0.0","0","0","0.0","1.05","0.47981","cubic feet","Standard","468.29456","US","gl_lawn_and_garden","15106","68","0","9","9","39.99","6203.45","22546.2","62844.86","83001.19","18","510","768","0","0","273.54","349","256","0","93","","299","3","","","","","","","","","","","","","","","","","93.7","448","Healthy","","","2026-04-27","No","No","93.7","93.6","2026-04-27","1347","22","275","2","110","unassigned","N","","",""
"2026-04-30","306109-8C","X002AJM7K1","B07WW4RRPX","VIVOSUN Dryer Vent Hose, 8 inch Aluminum Foil Ducting, 25FT Long Heavy-Duty Dryer Hose Vent Kit for HVAC Ventilation, Exhaust, Duct Fan Systems, Black Flexible Air Duct w/ 2 Clamps","New","338","0","346","0","0","0","0","0","USD","30","158","289","412","","34.99","0.0","34.99","26.09","NoRestockExcessActionRequired","","0.0","0","0","0.0","1.36","0.62717","cubic feet","Oversize","211.98346","US","gl_home_improvement","2235","91","0","18","23","34.99","1003.83","5115.2","9315.37","13302.72","149","178","19","0","0","87.22","394","232","162","0","","7","2","","","","","","","","","","","","","","","","","75.0","284","Healthy","","","2026-04-27","No","No","63.4","75.0","2026-04-27","733","1","6","0","142","unassigned","N","","",""
"2026-04-30","VSG-PS-002X6-US","X004X7N7ZR","B0G39BW1FN","VIVOSUN Gardening Hand Pruner Pruning Shear with Straight Stainless Steel Blades (Black, Straight Blade, 6 Pack)","New","403","0","424","0","0","0","0","0","USD","11","22","39","45","","19.99","0.0","15.42","0.0","Edit listing","","15.95","52","0","879.26","0.16","0.049876","cubic feet","Standard","20.100028","US","gl_lawn_and_garden","156","366","0","98","156","15.42","175.89","363.78","676.65","791.69","101","160","163","0","0","14.17","140","120","20","0","","29","0","","","","","","","","","","","","","","","","","605.0","70","Healthy","","","2026-04-27","Yes","No","592.9","605.0","2026-04-27","544","1","28","0","366","unassigned","N","","",""
"2026-04-30","GIY-SGS-336","X003QWYCT5","B0BY7XVZFQ","VIVOSUN GIY Smart Grow Tent System 3x3, WiFi-Integrated Grow Tent Kit, with Automate Ventilation and Circulation, Schedule Full Spectrum 200W LED Grow Light, and GrowHub E42A+Controller","New","1","0","1","0","0","0","0","0","USD","0","0","0","1","Low conversion","499.99","0.0","358.01","0.0","CreateShippingPlan","","0.0","0","0","0.0","2.62","4.522859","cubic feet","Oversize","4.522859","US","gl_lawn_and_garden","14023","0","0","","13","358.01","0.0","0.0","0.0","499.99","1","0","0","0","0","0.81","0","0","0","0","","0","0","","","","","","","","","","","","","","","","","","28","Low stock","101","2026-05-06","","","","","34.5","2026-04-27","1","0","0","0","0","unassigned","N","","",""
"2026-04-30","VSE-UH075","X0049KTL0X","B0D626DZTN","VIVOSUN AeroStream U075 USB Humidifier, 750ml Cool Mist Mini Humidifier with 2 Mist Modes, Auto Shut-Off, Smart Remote Control with VGrow, Designed for Small Grow Tents/VGrow","New","279","0","378","0","0","0","0","0","USD","147","621","1208","1607","","24.99","0.0","24.99","0.0","NoExcessInventory","","0.0","0","0","0.0","3.77","0.067406","cubic feet","Standard","18.806274","US","gl_home","71883","32","0","8","10","24.99","3654.78","15444.57","30060.2","40034.85","378","0","0","0","0","6.75","1039","760","120","159","","90","1","","","","","","","","","","","","","","","","","28.6","518","Low stock","187","2026-05-07","2026-04-27","No","No","28.6","26.1","2026-04-27","1378","60","25","5","77","unassigned","N","","",""
"2026-04-30","VSG-GB-10OYBGG350","X004B9L457","B0D91X4KS7","VIVOSUN 5-Pack 10-Gallon Colored Grow Bags, 350G Thick nonwoven Fabric Pots with Handles for Flowers, Fruits and Vegetables","New","120","0","144","0","0","0","0","0","USD","37","167","275","309","","18.99","0.0","18.99","0.0","GoToRestock","","0.0","0","0","0.0","1.45","0.193282","cubic feet","Standard","23.19384","US","gl_lawn_and_garden","19649","23","0","4","7","18.99","701.03","3135.43","5139.15","5784.81","49","95","0","0","0","9.85","64","64","0","0","","8","2","","","","","","","","","","","","","","","","","70.9","185","Low stock","279","2026-05-06","2026-04-27","No","No","38.7","70.9","2026-04-27","185","1","5","2","41","unassigned","N","","",""
"2026-04-30","306101S-8","X00132Q941","B01CTM0LLO","VIVOSUN Z8 8 Inch Inline Duct Fan, 740 CFM Ventilation Fan with Variable Speed Controller for Grow Tent, Indoor Garden Ventilation, Black","","0","0","1","0","0","0","0","0","USD","0","0","0","1","","0.0","0.0","0.0","0.0","CreateShippingPlan","","","0","0","","0.19","1.352693","cubic feet","Oversize","0.0","US","gl_biss","196124","0","0","","0","65.99","0.0","0.0","0.0","65.99","0","0","1","0","0","","0","0","0","0","","1","4","","","","","","","","","","","","","","","","","","9","Out of stock","30","2026-04-29","","","","","12.0","2026-04-27","0","0","0","1","13","unassigned","N","","",""
"2026-04-30","AP-40","X003EI08VR","B0BG2GFRQJ","VIVOSUN Commercial Air Pump 1110 GPH 8 Outlet 40W 70L/min for Aquarium and Hydroponic Systems","New","391","0","607","0","0","0","0","0","USD","85","445","781","1092","","49.99","0.0","44.09","0.0","NoExcessInventory","","0.0","0","0","0.0","1.73","0.133216","cubic feet","Standard","52.087456","US","gl_pet_products","7330","58","0","11","15","44.09","3748.26","19704.39","34893.76","49499.21","369","238","0","0","0","41.92","873","729","0","144","","211","0","","","","","","","","","","","","","","","","","51.9","341","Healthy","","","2026-04-27","No","No","41.0","51.9","2026-04-27","1455","191","17","3","126","unassigned","N","","",""
"2026-04-30","MGG-GS12-J20J","X004LFBGHH","B0DZ5B6RZT","Maygrove 12 Inch Rebar Stakes Heavy Duty 20 Pack, J Hook Ground Stakes, Galvanized Steel Trampoline Stakes, Tent Anchor Kit Anti-Rust, Drip Hose Wind Stakes, Black","New","1","0","2","0","0","0","0","0","USD","0","0","81","84","Low traffic","29.99","0.0","29.99","0.0","CreateShippingPlan","","0.0","0","0","0.0","2.37","0.090797","cubic feet","Standard","0.090797","US","gl_lawn_and_garden","44849","1","0","","0","29.99","0.0","0.0","1223.19","1290.16","1","1","0","0","0","0.03","0","0","0","0","","1","0","","","","","","","","","","","","","","","","","","6","Low stock","8","2026-05-05","","","","","36.3","2026-04-27","1","0","1","0","4","unassigned","N","","",""
"2026-04-30","RC-0001-8","X0042KVAOF","B0CQ7TDJ9S","VIVOSUN 1.6 Inch Rockwool Cubes, Grow Cubes for Hydroponics, Cuttings, Cloning, Plant Propagation, Seed Startling, 8 Sheets 224 Plugs","New","153","0","205","0","0","0","0","0","USD","33","121","218","309","","27.99","0.0","27.99","0.0","NoRestockExcessActionRequired","","0.0","0","0","0.0","1.35","0.660175","cubic feet","Standard","101.006775","US","gl_lawn_and_garden","22632","102","0","8","11","27.99","890.17","3158.99","5833.42","8223.16","45","140","20","0","0","65.74","113","78","0","35","","42","0","","","","","","","","","","","","","","","","","71.7","114","Healthy","9","2026-05-07","2026-04-27","No","No","57.2","71.7","2026-04-27","303","37","4","1","146","unassigned","N","","",""
"2026-04-30","VSN-GT4X108","X004QXR2KT","B0FGHLTMFH","VIVOSUN Greenhouse Repair Tape, 6.3 mil 4"" x108' Weatherproof Clear Poly Patch Tape, Heavy Duty Greenhouse Sheeting Coverings Film Tape for Plastic Sheeting and Tents","New","740","0","261","264","264","0","0","0","USD","7","53","82","113","","19.99","0.0","19.99","0.0","Edit listing","","16.99","41","0","458.08","0.15","0.055726","cubic feet","Standard","41.23724","US","gl_biss","13925","366","446","58","89","16.49","115.43","934.04","1469.74","2056.19","9","216","36","264","0","37.98","36","36","0","0","","56","0","255","7.14","103","5.76","0","0.0","0","0.0","0","0.0","0","0.0","0","0.0","0","0.0","636.3","65","Excess","","","2026-04-27","Yes","No","503.8","636.3","2026-04-27","777","1","55","0","366","unassigned","N","","",""
"2026-04-30","311001-1x10","X002N55JY3","B08HRVR5TV","VIVOSUN 10-Pack 1 Gallon Grow Bags, Reinforced Planter Fabric Pots for Gardening Black","New","56","0","125","0","0","0","0","0","USD","35","180","390","506","","17.99","0.0","17.99","13.18","NoExcessInventory","","0.0","0","0","0.0","3.58","0.092399","cubic feet","Standard","5.174344","US","gl_lawn_and_garden","1974","52","0","11","13","17.99","626.95","3107.7","6778.31","8849.23","125","0","0","0","0","7.25","475","475","0","0","","178","0","","","","","","","","","","","","","","","","","20.1","174","Healthy","","","2026-04-27","Yes","No","13.3","20.1","2026-04-27","706","175","2","1","295","unassigned","N","","",""
"2026-04-30","Amazon.Found.B00T62BZWA","B00T62BZWA","B00T62BZWA","VIVOSUN Stainless Steel Air Ducting Clamps, 4/6/8/12 Inch Adjustable Hose Clamps with Worm Drive for Ducting, Heating, Cooling, Exhaust, and Ventilation (Pack of 2)","New","1","0","1","0","0","0","0","0","USD","0","0","0","0","Low conversion","6.99","0.0","6.99","0.0","Lower price","","0.0","0","0","0.0","0.76","0.0231","cubic feet","Standard","0.0231","US","gl_home_improvement","30177","0","0","","","6.99","0.0","0.0","0.0","0.0","0","0","1","0","0","0.0","0","0","0","0","","0","0","","","","","","","","","","","","","","","","","","1","Healthy","118","2026-05-06","","","","","","2026-04-27","1","0","0","0","0","unassigned","N","","",""
"2026-04-30","WB-3x250","X003P48MPJ","B0BTY3FJ6H","VIVOSUN Premium Weed Barrier Landscape Fabric Heavy Duty, 3ftx250ft 5oz Double-Layered Weed Control Mat with High Permeability, Commercial Ground Cover, Easy Set up & Superior Weed Control","New","168","0","202","0","0","0","0","0","USD","70","260","406","448","","84.99","0.0","84.99","0.0","CreateShippingPlan","","0.0","0","0","0.0","1.73","1.6875","cubic feet","Oversize","283.5","US","gl_lawn_and_garden","5098","21","0","3","7","84.99","5856.91","21811.83","33087.96","36492.29","165","37","0","0","0","76.1","83","56","18","9","","33","0","","","","","","","","","","","","","","","","","61.4","245","Low stock","316","2026-05-07","2026-04-27","No","No","37.0","61.4","2026-04-27","265","14","14","5","34","unassigned","N","","",""
"2026-04-30","332572J","X001Z5JQOB","B07L54HB83","VIVOSUN 800GPH Submersible Pump(3000L/H, 24W), Ultra Quiet Water Fountain Pump with 10ft. High Lift with 6.5ft. Power Cord, 3 Nozzles for Fish Tank, Pond, Aquarium, Statuary, Hydroponics Green","New","9013","0","15368","0","0","0","0","0","USD","3584","14807","26494","33216","","24.99","0.0","22.49","20.69","NoExcessInventory","","0.0","0","0","0.0","2.01","0.084847","cubic feet","Standard","764.726011","US","gl_pet_products","749","33","0","10","14","22.49","80556.2","339311.05","609190.61","772208.28","11357","4011","0","0","0","515.65","28981","26360","0","2621","","5837","226","","","","","","","","","","","","","","","","","48.2","12886","Healthy","","","2026-04-27","No","No","35.5","48.2","2026-04-27","42678","4684","1026","127","91","unassigned","N","","",""
"2026-04-30","306106-42J","X002CMUW03","B00T62BZWA","VIVOSUN Stainless Steel Air Ducting Clamps, 4/6/8/12 Inch Adjustable Hose Clamps with Worm Drive for Ducting, Heating, Cooling, Exhaust, and Ventilation (Pack of 2)","New","173","0","200","0","0","0","0","0","USD","40","99","163","214","","6.99","0.0","6.99","0.0","NoExcessInventory","","0.0","0","0","0.0","0.76","0.023211","cubic feet","Standard","4.015503","US","gl_home_improvement","30177","97","0","11","16","6.99","257.6","653.64","1071.26","1416.63","10","106","84","0","0","2.27","100","100","0","0","","7","0","","","","","","","","","","","","","","","","","119.7","61","Healthy","","","2026-04-27","Yes","No","85.2","119.7","2026-04-27","274","1","6","0","159","unassigned","N","","",""
"2026-04-30","MGG-GH-RH75","X004G6SNGX","B0DLG2NDM2","Maygrove 75 ft Garden Hose, 5/8 in ID, Heavy-Duty, Leakproof, Kink-Resistant Water Hose with Swivel Brass Fittings, 600 PSI Burst Rating, Ideal for Car Wash & Lawn Watering","New","74","0","2","43","31","0","0","0","USD","6","25","47","51","","49.99","0.0","49.99","0.0","NoExcessInventory","","0.0","0","0","0.0","0.48","0.6875","cubic feet","Oversize","50.875","US","gl_lawn_and_garden","65110","50","0","11","18","44.99","269.94","1161.75","2198.51","2393.47","1","1","0","31","0","38.29","0","0","0","0","","1","0","0","0.0","2","1.38","29","29.9","0","0.0","0","0.0","0","0.0","0","0.0","0","0.0","206.6","40","Healthy","33","2026-05-06","2026-04-27","Yes","No","89.9","206.6","2026-04-27","75","1","0","0","50","unassigned","N","","",""
"2026-04-30","VSVC-AZT8E42APR","X004R492TL","B0FGZYYJ48","VIVOSUN Smart Air Filtration PRO Kit 8"", AeroZesh T8 Inline Duct Fan with GrowHub E42A+, Temperature Humidity Controller, Carbon Filter & Ducting Ventilation System for Grow Tent, Hydroponics","New","15","0","22","0","0","0","0","0","USD","4","14","40","46","","249.99","0.0","249.99","0.0","NoExcessInventory","","0.0","0","0","0.0","2.77","4.682481","cubic feet","Oversize","70.237215","US","gl_lawn_and_garden","22061","14","0","21","21","249.99","987.46","3462.36","9949.6","11449.54","22","0","0","0","0","28.55","61","61","0","0","","5","0","","","","","","","","","","","","","","","","","16.6","29","Low stock","","","2026-04-27","Yes","No","16.6","16.1","2026-04-27","78","2","2","1","73","unassigned","N","","",""
"2026-04-30","GH-0011W","X003CCNDPX","B0B8S84LG6","VIVOSUN Mini Lean-to Greenhouse, 6.6’ x 3.3’ x 6.9’ Portable Wall House with White PE Cover and Shelf for Compact Garden 79x39x83-Inch","New","24","0","25","0","0","0","0","0","USD","2","10","19","21","","69.99","0.0","53.99","0.0","NoRestockExcessActionRequired","","0.0","0","0","0.0","1.08","1.871528","cubic feet","Oversize","44.916672","US","gl_lawn_and_garden","23234","86","0","13","21","53.99","107.98","562.49","1111.96","1251.94","15","10","0","0","0","20.4","10","10","0","0","","1","0","","","","","","","","","","","","","","","","","80.6","15","Healthy","","","2026-04-27","Yes","No","71.1","80.6","2026-04-27","35","1","0","0","129","unassigned","N","","",""
"2026-04-30","DCC-004","X00454FBGB","B0CW58R9FD","VIVOSUN Double Camping Chair, Fully Padded Folding Loveseat, Oversized Duo Chair with Cup & Wine Glass Holders, Pocket, Armrests & Carry Bag, Supports up to 500lbs, Blue & Grey","New","1","0","18","0","0","0","0","0","USD","14","143","233","258","","59.99","0.0","50.99","0.0","CreateShippingPlan","","0.0","0","0","0.0","4.33","2.054241","cubic feet","Oversize","2.054241","US","gl_outdoors","46122","0","0","0","0","50.99","749.86","7984.57","13071.67","14565.42","18","0","0","0","0","0.53","0","0","0","0","","11","0","","","","","","","","","","","","","","","","","17.3","166","Low stock","480","2026-05-07","2026-04-27","Yes","No","7.2","17.3","2026-04-27","2","1","6","4","2","unassigned","N","","",""
"2026-04-30","AP-55","X003EHR8NT","B0BG2FG4H5","VIVOSUN Commercial Air Pump 1427 GPH 55W 90L/min 12 Outlet for Aquarium and Hydroponic Systems","New","66","0","207","0","0","0","0","0","USD","66","290","659","961","","69.99","0.0","62.99","0.0","NoExcessInventory","","0.0","0","0","0.0","4.24","0.224928","cubic feet","Standard","14.845248","US","gl_pet_products","7330","52","0","13","13","62.99","4284.59","19368.15","43448.14","63462.18","207","0","0","0","0","10.06","944","624","186","134","","123","0","","","","","","","","","","","","","","","","","22.0","295","Low stock","","","2026-04-27","No","Yes","15.7","22.0","2026-04-27","1129","119","4","0","120","unassigned","N","","",""
"2026-04-30","VSFW001-RED-ZY","X003UN4PZV","B08LGFD8SV","VIVOSUN Collapsible Folding Wagon, 350 lb Load-Bearing Outdoor Utility Cart with Silent Universal Wheels, Cup Holders &Side Pockets, Adjustable Handle, for Camping, Garden, Sports, Picnic, Shopping","New","321","0","3","339","0","0","0","0","USD","8","69","124","153","","109.99","82.99","82.99","0.0","NoExcessInventory","","0.0","0","0","0.0","0.35","1.652344","cubic feet","Oversize","530.402424","US","gl_lawn_and_garden","14760","97","0","18","27","82.99","663.92","5427.31","9746.76","12066.47","0","2","1","0","0","316.67","0","0","0","0","","19","1","123","101.62","0","0.0","0","0.0","0","0.0","0","0.0","0","0.0","0","0.0","0","0.0","243.8","239","Healthy","188","2026-05-07","2026-04-27","Yes","No","149.8","243.8","2026-04-27","321","0","18","1","103","unassigned","N","","",""
"2026-04-30","VSF-AWE9W","X0046B77IN","B0CYPLPSV2","VIVOSUN AeroWave E9 Grow Tent Fan, 9"" Oscillating Clip Fan with EC Motor, WiFi-Controllable US Patented Auto Circulation Tent Fan, IP54 Weatherproof, Strong Airflow & Quiet for Hydroponic Ventilation","","0","0","2","0","0","0","0","0","USD","0","22","98","147","","0.0","0.0","0.0","0.0","CreateShippingPlan","","","0","0","","2.01","0.571647","cubic feet","Standard","0.0","US","gl_lawn_and_garden","391849","0","0","0","0","53.99","0.0","1153.78","5406.72","8186.23","2","0","0","0","0","","0","0","0","0","","4","0","","","","","","","","","","","","","","","","","40.1","118","Out of stock","213","2026-04-29","2026-04-27","Yes","No","7.5","40.1","2026-04-27","0","0","4","0","6","unassigned","N","","",""
"2026-04-30","VSG-ESPRAY-2L-US","X004SNSQED","B0FLX5613D","VIVOSUN Battery Powered Sprayer 0.5Gallon, Electric Spray Bottle USB Rechargeable, Automatic Water Pump Plant Mister with Adjustable Pressure, Easy to Refill, 2.2 Ah Battery","New","1154","0","1396","0","0","0","0","0","USD","180","660","1187","1460","","31.99","0.0","27.19","0.0","NoRestockExcessActionRequired","","0.0","0","0","0.0","1.19","0.249865","cubic feet","Standard","288.34421","US","gl_lawn_and_garden","15903","83","0","23","35","27.19","4933.2","19616.35","35685.68","43798.15","572","578","246","0","0","241.75","2789","2502","180","107","","219","2","","","","","","","","","","","","","","","","","78.9","762","Healthy","","","2026-04-27","Yes","No","68.4","78.9","2026-04-27","4092","149","55","15","265","unassigned","N","","",""
"2026-04-30","AT-0002","X0036OIF05","B09V6ZCNSZ","VIVOSUN Adjustable Outdoor Ashtray, Covered Ashtray for Outside Patio, Smokeless Windproof Standing Ash tray with Lid for Home, Adjustable Height from 21.5"" to 35"" for Indoor (Chrome)","New","120","0","177","0","0","0","0","0","USD","10","57","127","193","Low traffic","24.99","22.49","22.49","20.15","NoRestockExcessActionRequired","","0.0","0","0","0.0","1.2","0.280811","cubic feet","Standard","33.69732","US","gl_home","267727","92","0","26","25","22.49","223.6","1324.38","2905.53","4417.83","62","96","19","0","0","22.38","252","204","24","24","","43","0","","","","","","","","","","","","","","","","","79.4","160","Low stock","","","2026-04-27","Yes","No","75.2","79.4","2026-04-27","402","30","13","0","221","unassigned","N","","",""
"2026-04-30","MGS-PS8B6","X004DTH5DF","B0DG1JKQWZ","Maygrove 6 Pack Plant Saucer, 8 10 12 inch Plant Saucers for Indoor, Heavy Duty Plastic Plant Trays for pots, Grow Bags, Bird Baths, Flower Drip Trays for Indoor and Outdoor Uses (8"", Black)","New","0","0","10","0","0","0","0","0","USD","62","181","206","211","","12.99","0.0","11.69","0.0","NoExcessInventory","","0.0","0","0","0.0","3.46","0.088963","cubic feet","Standard","0.0","US","gl_lawn_and_garden","14341","14","0","9","25","11.69","725.08","2148.99","2434.84","2498.19","8","2","0","0","0","0.08","408","312","96","0","","11","0","","","","","","","","","","","","","","","","","39.0","189","Low stock","11","2026-05-07","2026-04-27","No","No","25.2","39.0","2026-04-27","413","5","5","1","98","unassigned","N","","",""
"2026-04-30","330118NJ","X001V958HF","B015F4VFGI","VIVOSUN Digital Heat Mat Thermostat Controller, 40–108 ºF 1000W for Reptiles, Seedlings, Germination, Incubation and Fermentation","New","1239","0","1336","0","0","0","0","0","USD","208","1337","3265","5500","","18.99","0.0","18.99","17.49","CreateShippingPlan","","0.0","0","0","0.0","2.27","0.039898","cubic feet","Standard","49.433622","US","gl_home_improvement","11697","54","0","6","4","18.99","3941.07","24188.06","60248.73","99445.33","731","605","0","0","0","19.59","800","800","0","0","","63","1","","","","","","","","","","","","","","","","","39.5","730","Healthy","","","2026-04-27","No","No","37.4","39.5","2026-04-27","2063","24","31","8","104","unassigned","N","","",""
"2026-04-30","HR-0002-2","X0046G8MUP","B0CYZ7QXL8","VIVOSUN 2-Pack Outdoor Handrail, 4 Step Stair Handrail, 54"" x 36"" Fits 1 to 4 Steps, Wrought Mattle Iron Handrail for Concrete Steps, Porch Steps, One-Step Assembly, 2 Packs, Black","New","157","0","183","0","0","0","0","0","USD","19","127","193","219","","109.99","0.0","85.49","0.0","NoExcessInventory","","0.0","0","0","0.0","0.76","1.490885","cubic feet","Oversize","234.068945","US","gl_home_improvement","2999","54","0","10","20","109.99","1822.31","10748.73","16881.2","19614.98","1","2","180","0","0","92.26","190","154","36","0","","4","2","","","","","","","","","","","","","","","","","116.8","162","Low stock","75","2026-05-06","2026-04-27","No","No","61.3","116.8","2026-04-27","347","0","2","2","92","unassigned","N","","",""
"2026-04-30","VG-Y18B","X0040AZHNR","B0CL9VRP1C","VGrow All-in-One Smart Grow Box, Professional System with Samsung LM301H EVO Grow Light, Advanced Circulation & Ventilation System, Irrigation, Nutrient, Magnetic Window for Indoor Hydroponics","New","84","0","97","0","0","0","0","0","USD","15","116","196","266","","699.99","599.99","599.99","0.0","NoRestockExcessActionRequired","","0.0","0","0","0.0","2.21","4.365833","cubic feet","Extra-large","366.729972","US","gl_lawn_and_garden","123178","56","0","6","8","599.99","7607.85","56698.84","100164.04","138824.34","80","17","0","0","0","125.78","100","0","100","0","","10","1","","","","","","","","","","","","","","","","","36.1","85","Low stock","","","2026-04-27","Yes","No","27.0","36.1","2026-04-27","184","0","6","4","56","unassigned","N","","",""
"2026-04-30","311021-15x5J","X0015U9RQ3","B01I1D9KFI","VIVOSUN 5-Pack 15 Gallons Grow Bags Heavy Duty Thickened Nonwoven Fabric Pots with Strap Handles Tan","New","0","0","256","0","0","0","0","0","USD","251","1458","2775","3221","","22.99","0.0","22.99","0.0","GoToRestock","","0.0","0","0","0.0","3.47","0.26143","cubic feet","Standard","0.0","US","gl_lawn_and_garden","30","16","0","3","4","22.99","5765.1","32750.64","61184.32","71069.51","256","0","0","0","0","28.58","1200","1200","0","0","","629","6","","","","","","","","","","","","","","","","","25.5","1189","Low stock","1130","2026-05-06","2026-04-27","No","Yes","12.2","25.5","2026-04-27","1747","547","29","53","95","unassigned","N","","",""
"2026-04-30","RGB-0011-GY","X0042JA7XL","B0CQ4HLG96","VIVOSUN 3-Tier Metal Raised Garden Bed, 46"" x 46"" x 24"" Galvanized Steel Metal Outdoor Planter Box with Gloves and Scissors to Grow Flowers, Vegetables and Herbs for Outdoor Gardening, Dark Gray","New","187","0","193","0","0","0","0","0","USD","22","135","196","197","","75.99","0.0","72.19","0.0","NoExcessInventory","","0.0","0","0","0.0","0.9","0.864468","cubic feet","Oversize","161.655516","US","gl_lawn_and_garden","104459","220","0","5","12","72.19","1588.18","9745.65","14217.64","14312.63","46","42","105","0","0","52.22","0","0","0","0","","7","1","","","","","","","","","","","","","","","","","118.5","136","Healthy","74","2026-05-07","2026-04-27","No","No","55.0","118.5","2026-04-27","187","0","6","1","254","unassigned","N","","",""
"2026-04-30","RC-0001","X003C9HPDR","B0B8HW3N9G","VIVOSUN 1.6"" Rockwool Cubes, 28 Plugs Stonewool Starter Grow Cubes for Cuttings, Cloning, Plant Propagation, Seed Starting, Hydroponic Grow Media for Vigorous Plant Growth, 1 Sheets of 28 Plugs","","829","0","834","0","0","0","0","0","USD","52","245","491","709","","0.0","0.0","10.99","0.0","NoRestockExcessActionRequired","","","0","0","","0.79","0.089602","cubic feet","Standard","74.280058","US","gl_lawn_and_garden","22632","135","0","17","20","10.99","569.18","2530.45","5021.09","7268.28","13","482","339","0","0","","272","272","0","0","","8","0","","","","","","","","","","","","","","","","","119.5","197","Healthy","","","2026-04-27","No","No","114.4","119.5","2026-04-27","1103","2","6","0","183","unassigned","N","","",""
"2026-04-30","VSVC-AZG6","X003W4D4LJ","B0CBRQKVVN","VIVOSUN Smart Air Filtration G6 Kit 6"", AeroZesh G6 Inline Duct Fan with E12 Speed Controller, Carbon Filter & 8' Ducting, Cooling & Ventilation System for Grow Tents, Indoor Gardening, Hydroponics","New","10","0","38","0","0","0","0","0","USD","32","69","105","251","","149.99","134.99","134.99","0.0","NoExcessInventory","","0.0","0","0","0.0","3.73","2.585503","cubic feet","Oversize","25.85503","US","gl_lawn_and_garden","15350","61","0","17","15","134.99","3733.78","8029.11","12397.35","31368.79","38","0","0","0","0","8.33","292","92","200","0","","29","0","","","","","","","","","","","","","","","","","17.6","173","Low stock","","","2026-04-27","Yes","No","10.5","17.6","2026-04-27","317","15","11","3","95","unassigned","N","","",""
"2026-04-30","GH-0001W","X003KI2FAX","B0BPWKSZGQ","VIVOSUN 10x7x7 Ft. Large Walk in Greenhouse, Greenhouse Tunnel, Garden Plant Hot House with White PE Cover, Roll-up Zipper Door and Window for Outdoor, White","","0","0","0","1","0","0","0","0","USD","0","0","20","27","","0.0","0.0","0.0","0.0","NoRestockExcessActionRequired","","","0","0","","2.04","2.939453","cubic feet","Oversize","0.0","US","gl_lawn_and_garden","23234","0","0","","9","99.99","0.0","0.0","1474.1","2014.08","0","0","0","0","0","","20","20","0","0","","1","0","","","","","","","","","","","","","","","","","","5","Out of stock","","","","","","","39.5","2026-04-27","20","0","0","1","132","unassigned","N","","",""
"2026-04-30","332021-2","X00295SBLP","B07VJDZHXG","VIVOSUN 2-Pack 30X 60X Illuminated Jewelers Loupe Foldable Magnifier with LED Light for Jewelry Gems Watches Coins Stamps Antiques White","New","703","0","759","99","0","0","0","0","USD","31","154","265","355","","16.99","14.99","14.99","0.0","NoExcessInventory","","0.0","0","0","0.0","0.5","0.01739","cubic feet","Standard","12.22517","US","gl_home","12238","133","0","19","28","14.99","437.5","2054.49","3511.07","4806.07","244","270","245","0","0","9.02","63","60","0","3","","158","1","","","","","","","","","","","","","","","","","183.8","460","Healthy","","","2026-04-27","No","No","155.3","183.8","2026-04-27","858","92","64","2","155","unassigned","N","","",""
"2026-04-30","330120x1J","X0027WI6H9","B07T887H59","VIVOSUN 1-Pack LCD Digital Aquarium Thermometer Fish Tank Water Terrarium Temperature with Suction Cup for Turtle","New","305","0","405","0","0","0","0","0","USD","37","207","341","510","Low traffic","7.99","0.0","7.99","0.0","NoExcessInventory","","0.0","0","0","0.0","0.96","0.009719","cubic feet","Standard","2.964295","US","gl_pet_products","20082","66","0","7","10","7.99","295.63","1526.68","2585.49","3821.76","104","102","199","0","0","2.17","100","100","0","0","","102","0","","","","","","","","","","","","","","","","","94.4","174","Healthy","7","2026-05-06","2026-04-27","No","No","61.8","94.4","2026-04-27","485","80","16","6","90","unassigned","N","","",""
"2026-04-30","VSF-BF410W","X004B17SHX","B0D8KH8CYR","VIVOSUN Quiet Register Booster Fan for 𝟒"" 𝐱 𝟏𝟎"" Holes, Cooling Heating Vent Fan with 10-Speeds App Control &Adjustable Wind Direction, Thermostat Control for Bedroom, Bathroom &Attic, White","","0","0","1","0","0","0","0","0","USD","0","9","9","70","","0.0","0.0","0.0","0.0","NoRestockExcessActionRequired","","","0","0","","5.24","0.196535","cubic feet","Standard","0.0","US","gl_home","107462","0","0","80","33","23.99","0.0","215.91","215.91","1679.3","1","0","0","0","0","","180","180","0","0","","1","1","","","","","","","","","","","","","","","","","4.4","97","Out of stock","","","2026-04-27","Yes","No","2.4","4.4","2026-04-27","180","0","0","1","137","unassigned","N","","",""
"2026-04-30","308102J","X0019KIBO3","B018VI71GS","VIVOSUN Black and White Panda Film, 10' x 25' 5.5 Mil Poly Film, Blackout Tarp for Warm House","New","54","0","57","0","0","0","0","0","USD","15","51","119","158","","37.99","0.0","37.99","0.0","NoRestockExcessActionRequired","","0.0","0","0","0.0","2.61","0.282118","cubic feet","Oversize","15.234372","US","gl_lawn_and_garden","38099","94","0","19","20","35.14","525.85","1865.35","4318.19","5740.95","54","3","0","0","0","4.46","191","119","72","0","","1","0","","","","","","","","","","","","","","","","","36.7","101","Low stock","","","2026-04-27","Yes","No","32.1","36.7","2026-04-27","245","0","1","0","189","unassigned","N","","",""
"2026-04-30","330704-04X2","X003PS9XCV","B0BVM964Z8","VIVOSUN 5 x 15 ft. Plant Trellis Netting, Heavy-Duty Polyester Grow Net, Garden Trellis Netting with Square Mesh for Climbing Plants, Vegetables, Fruits, and Flowers, 2-Pack","New","298","0","340","0","0","0","0","0","USD","40","191","297","350","","12.49","0.0","12.49","0.0","NoExcessInventory","","0.0","0","0","0.0","1.03","0.042336","cubic feet","Standard","12.616128","US","gl_lawn_and_garden","2066","51","0","11","20","12.49","491.6","2310.39","3615.7","4277.67","162","80","98","0","0","7.23","243","235","0","8","","27","0","","","","","","","","","","","","","","","","","94.2","242","Healthy","62","2026-05-06","2026-04-27","No","No","59.9","94.2","2026-04-27","558","17","7","3","118","unassigned","N","","",""
"2026-04-30","PS-007","X0043061T3","B0CQZC7YL3","VIVOSUN 8.5"" Bypass Pruning Shears for Gardening, Heavy-Duty Garden Scissors, Ultra Sharp Pruners with 3/4 in. Cut Capacity SK5 Blades, Thick Cushion-Covered Handle and Safety Lock","New","326","0","377","0","0","0","0","0","USD","9","23","41","46","Low traffic","15.99","0.0","12.99","0.0","NoExcessInventory","","0.0","0","0","5.38","0.15","0.028274","cubic feet","Standard","9.217324","US","gl_lawn_and_garden","55742","366","0","90","146","12.99","116.91","309.31","554.36","630.31","1","7","369","0","0","6.42","192","48","144","0","","54","0","","","","","","","","","","","","","","","","","611.4","81","Healthy","","","2026-04-27","Yes","No","496.0","611.4","2026-04-27","518","0","54","0","366","unassigned","N","","",""
"2026-04-30","SFP-001","X0046M4IX9","B0CZ8H7N2M","VIVOSUN Solar Fountain, 4W Solar Water Fountain with Upgraded Glass Panel, Built-in Battery, 7 Nozzles, Colored LED Lights, Outdoor Solar Fountain Pump for Bird Bath, Pond, Pool, Fish Tank, Garden","New","90","0","104","0","0","0","0","0","USD","68","213","241","256","","29.99","0.0","26.99","0.0","NoRestockExcessActionRequired","","0.0","0","0","0.0","1.61","0.071542","cubic feet","Standard","6.43878","US","gl_lawn_and_garden","43539","12","0","3","8","26.99","1805.32","5913.93","6665.02","7045.06","40","64","0","0","0","2.82","72","72","0","0","","8","1","","","","","","","","","","","","","","","","","77.0","166","Low stock","170","2026-05-06","2026-04-27","No","No","35.6","77.0","2026-04-27","163","1","3","4","23","unassigned","N","","",""
"2026-04-30","VSFW002-Black-ZY","X00413AAF3","B0CMPYNW28","VIVOSUN Collapsible Folding Wagon, Outdoor Utility with Silent All-Terrain Wide Wheels, Adjustable Handle, Cup Holders & Side Pockets, for Camping, Beach, Shopping, Garden, Sports, Picnic, Black","New","170","0","118","61","0","0","0","0","USD","24","68","131","146","","169.99","0.0","69.99","0.0","NoExcessInventory","","0.0","0","0","0.0","0.68","2.154931","cubic feet","Oversize","366.33827","US","gl_lawn_and_garden","140320","43","0","10","15","69.99","1719.76","5165.88","10474.65","11764.5","10","89","19","0","0","149.41","0","0","0","0","","6","0","","","","","","","","","","","","","","","","","151.7","97","Healthy","16","2026-05-06","2026-04-27","Yes","No","105.3","151.7","2026-04-27","170","0","6","0","45","unassigned","N","","",""
"2026-04-30","PL-0001","X003CWSORP","B0BB799H1L","VIVOSUN 7 x 10 Feet Pond Liner, 14.5 Mil Durable LLDPE Pond Liners for Koi Ponds, Aquaculture and Water Gardens, Black","New","52","0","129","0","0","0","0","0","USD","28","229","419","462","","20.99","0.0","18.89","0.0","NoRestockExcessActionRequired","","0.0","0","0","0.0","2.43","0.238346","cubic feet","Standard","12.393992","US","gl_lawn_and_garden","12963","26","0","5","9","18.89","530.42","4392.41","8122.71","8980.58","129","0","0","0","0","6.67","272","256","0","16","","76","0","","","","","","","","","","","","","","","","","37.8","262","Low stock","364","2026-05-06","2026-04-27","No","No","16.5","37.8","2026-04-27","392","68","4","4","110","unassigned","N","","",""
"2026-04-30","330302","X003S7HYBV","B0C1Z2Y6X2","VIVOSUN 20""x20.75"" Seedling Heat Mat with Built-in Temperature Controller, UL & MET-Certified Waterproof Plant Heating Pad for Germination, Hydroponics, Brewing, Breeding, and Greenhouses","New","37","0","51","0","0","0","0","0","USD","4","52","305","518","","35.99","0.0","35.99","0.0","GoToRestock","","0.0","0","0","0.0","4.42","0.085641","cubic feet","Oversize","3.168717","US","gl_lawn_and_garden","33803","67","0","6","2","35.99","142.97","1854.33","10797.05","18212.34","51","0","0","0","0","3.21","50","50","0","0","","84","0","","","","","","","","","","","","","","","","","19.9","68","Healthy","","","2026-04-27","Yes","No","9.6","19.9","2026-04-27","162","75","7","2","132","unassigned","N","","",""
"2026-04-30","SWS-003","X004D3UN5N","B0DDKGQHT3","VIVOSUN 6-Pack Self-Watering Spikes, Hexagonal Terracotta Watering Stakes, Auto-Water Device, Planter Insert for Indoor & Outdoor Potted Plants","New","96","0","116","0","0","0","0","0","USD","33","104","174","189","","19.99","0.0","19.99","0.0","NoExcessInventory","","0.0","0","0","0.0","2.83","0.217928","cubic feet","Standard","20.921088","US","gl_lawn_and_garden","8278","77","0","28","50","17.09","657.67","2072.06","3444.36","3744.21","116","0","0","0","0","12.0","632","328","80","224","","15","0","","","","","","","","","","","","","","","","","43.6","210","Low stock","","","2026-04-27","No","No","43.6","43.2","2026-04-27","738","10","4","1","311","unassigned","N","","",""
"2026-04-30","VSGBS-129x1","X003ZWTGB5","B0CKWW4ZV6","VIVOSUN 8-Grid 129 Gallon Plant Grow Bags, Large Fabric Raised Garden Bed with 400G Thickened Breathable Fabric, Reinforced Handles & 10 Pcs Plant Labels for Flowers, Vegetables, Fruits","New","0","0","21","0","0","0","0","0","USD","27","158","271","328","","25.99","0.0","25.99","0.0","NoExcessInventory","","0.0","0","0","0.0","3.31","0.336232","cubic feet","Standard","0.0","US","gl_lawn_and_garden","37552","21","0","5","8","25.99","701.73","4100.42","7036.29","8515.72","21","0","0","0","0","2.11","217","168","21","28","","40","1","","","","","","","","","","","","","","","","","29.8","145","Low stock","169","2026-05-06","2026-04-27","No","No","14.4","29.8","2026-04-27","252","35","1","4","99","unassigned","N","","",""
"2026-04-30","VSN-NB8","X004442NMH","B0CT7VKWK5","VIVOSUN Seaweed and Kelp Fertilizer, Concentrated Plant Additive NutriBoost (0-0-1), All-Purpose Liquid Food for All Growing Stages, for Trees, Vegetables, Flowers, Fruits, Lawn, Plants, 8 Ounces","New","115","0","115","0","0","0","0","0","USD","4","28","61","100","Low traffic","19.99","0.0","16.99","0.0","NoRestockExcessActionRequired","","0.0","0","0","0.0","0.75","0.011446","cubic feet","Standard","1.31629","US","gl_lawn_and_garden","114251","119","0","16","14","16.99","67.96","506.9","1109.12","1843.95","1","0","114","0","0","0.81","0","0","0","0","","23","0","","","","","","","","","","","","","","","","","157.2","28","Healthy","","","2026-04-27","Yes","No","157.2","133.8","2026-04-27","115","0","22","1","145","unassigned","N","","",""
"2026-04-30","AP-25","X003EKIAMT","B0BG2HJRGB","VIVOSUN Commercial Air Pump 634GPH, 25W, 40L/min 6 Outlet for Aquarium and Hydroponic Systems","New","428","0","670","0","0","0","0","0","USD","128","480","993","1301","","39.99","0.0","35.99","0.0","NoExcessInventory","","0.0","0","0","0.0","1.95","0.088821","cubic feet","Standard","38.015388","US","gl_pet_products","7330","50","0","12","15","35.99","4569.4","17733.54","36447.14","48074.56","427","243","0","0","0","27.1","1077","960","0","117","","209","1","","","","","","","","","","","","","","","","","50.5","388","Healthy","","","2026-04-27","No","No","40.5","50.5","2026-04-27","1690","185","18","6","123","unassigned","N","","",""
"2026-04-30","VSV-IFP4C","X004H4JKF7","B0DNSXKN4G","VIVOSUN 4"" Inline Exhaust Fan & Speed Controller, Low Noise Workshop 130 CFM Duct Fan for HVAC Ventilation, Vent Booster Fan in Grow Tents, Basements, Bathrooms, Kitchens, Attics and 3D Printer","New","1356","0","1842","0","0","0","0","0","USD","516","1974","3343","4212","","26.39","0.0","24.39","23.17","NoRestockExcessActionRequired","","0.0","0","0","0.0","1.61","0.122913","cubic feet","Standard","166.670028","US","gl_lawn_and_garden","4107","26","0","9","14","24.39","13227.19","51202.97","86626.95","109821.16","574","1268","0","0","0","85.01","3300","3132","0","168","","377","2","","","","","","","","","","","","","","","","","64.3","2278","Low stock","821","2026-05-07","2026-04-27","No","No","41.7","64.3","2026-04-27","4876","220","131","26","77","unassigned","N","","",""
"2026-04-30","VSV-AZG6E42A","X003UA90D1","B0C6QKDG53","VIVOSUN G6 6"" Inline Duct Fan & Temperature Humidity Controller, E42A+ WiFi-App Control AeroZesh Grow Tent Fan& Smart Thermostat, 388 CFM EC Motor Exhaust Fan for Heating Cooling, Greenhouse Accessory","New","2","0","2","0","0","0","0","0","USD","1","12","15","35","","95.99","0.0","93.99","0.0","CreateShippingPlan","","0.0","0","0","0.0","1.12","0.708125","cubic feet","Oversize","1.41625","US","gl_lawn_and_garden","26793","0","0","0","0","93.99","95.99","1131.87","1415.67","3380.93","1","1","0","0","0","0.18","0","0","0","0","","0","0","","","","","","","","","","","","","","","","","18.6","195","Low stock","408","2026-05-06","2026-04-27","Yes","No","17.9","18.6","2026-04-27","2","0","0","0","0","unassigned","N","","",""
"2026-04-30","VSG-GB-7OYBGG350","X004B9L44X","B0D91VVF33","VIVOSUN 5-Pack 7-Gallon Colored Grow Bags, 350G Thick nonwoven Fabric Pots with Handles for Flowers, Fruits and Vegetables","New","152","0","223","0","0","0","0","0","USD","29","136","170","185","","17.99","0.0","17.99","0.0","NoExcessInventory","","0.0","0","0","0.0","0.87","0.176661","cubic feet","Standard","26.852472","US","gl_lawn_and_garden","72408","48","0","4","10","17.99","521.71","2412.44","2995.3","3264.35","62","161","0","0","0","18.83","0","0","0","0","","71","0","","","","","","","","","","","","","","","","","114.1","130","Healthy","164","2026-05-06","2026-04-27","No","No","58.5","114.1","2026-04-27","192","40","29","2","57","unassigned","N","","",""
"2026-04-30","VSK-GIYS425-US","X004T1EI69","B0BY7VS8K9","VIVOSUN Smart Grow Tent Kit, 4 × 2ft 2-Plant System, WiFi-Integrated Automatic Grow System with Full Spectrum LED Grow Light, Efficient Ventilation System with GrowHub E42A+ Controller","New","156","0","160","0","0","0","0","0","USD","13","67","150","210","","499.99","0.0","449.99","0.0","NoExcessInventory","","0.0","0","0","0.0","1.49","6.278935","cubic feet","Extra-large","979.51386","US","gl_lawn_and_garden","14023","102","0","17","17","449.99","5849.87","30374.2","67598.32","94597.72","58","102","0","0","0","575.4","130","50","80","0","","3","1","","","","","","","","","","","","","","","","","81.9","8","Healthy","","","2026-04-27","Yes","No","81.9","65.4","2026-04-27","286","0","2","1","136","unassigned","N","","",""
"2026-04-30","VSG-BR230g40X75M","X004B383A7","B0D8PSCK93","VIVOSUN 40 in x 75 ft Burlap Fabric, High Density Natural Jute Fiber, Multipurpose Burlap for Gardening, Outdoor Plant Care, Weed Barrier, DIY Crafts, and Decoration","New","75","0","9","40","30","0","0","0","USD","22","68","71","85","","59.99","0.0","45.59","0.0","NoRestockExcessActionRequired","","0.0","0","0","19.03","0.63","0.710938","cubic feet","Oversize","53.32035","US","gl_lawn_and_garden","30066","50","0","6","17","45.59","1002.98","3224.92","3380.89","4214.75","0","5","4","30","0","35.25","42","42","0","0","","2","1","50","17.79","0","0.0","0","0.0","0","0.0","0","0.0","0","0.0","0","0.0","0","0.0","169.9","80","Low stock","36","2026-05-07","2026-04-27","Yes","No","66.8","169.9","2026-04-27","117","0","1","1","90","unassigned","N","","",""
"2026-04-30","HHC-0001","X0046LWZOT","B0CZ8PQSD1","VIVOSUN Humidity Controller, 1200W Dual-Stage Outlet, Pre-Wired Digital Humidistat with Dual LED Displays for Humidifier/Dehumidifier/Fan, Ideal for Greenhouse, Grow Tent, Home-Brewing, Mushroom","New","450","0","563","0","0","0","0","0","USD","40","110","201","311","","32.99","0.0","29.99","0.0","NoExcessInventory","","0.0","0","0","0.0","1.16","0.071053","cubic feet","Standard","31.97385","US","gl_biss","63359","163","0","26","30","29.99","1199.6","3351.85","6245.35","9858.45","523","40","0","0","0","25.24","280","240","0","40","","105","0","","","","","","","","","","","","","","","","","141.1","205","Healthy","","","2026-04-27","No","No","141.1","76.1","2026-04-27","806","76","24","5","249","unassigned","N","","",""
"2026-04-30","306143-0412J","X001GU51IZ","B01DXYMBU6","VIVOSUN 4 Inch Air Carbon Filter Smellines Control with Australia Virgin Charcoal for Inline Duct Fan, Grow Tent, Pre-filter Included, Reversible Flange 4"" x 12""","New","661","0","819","0","0","0","0","0","USD","144","587","1211","1886","","39.99","0.0","39.99","0.0","NoRestockExcessActionRequired","","0.0","0","0","0.0","1.48","0.495509","cubic feet","Standard","327.531449","US","gl_lawn_and_garden","13059","82","0","16","16","39.99","5588.28","22988.01","47226.64","72760.34","173","37","609","0","0","162.3","1687","1076","512","99","","129","12","","","","","","","","","","","","","","","","","57.9","480","Healthy","","","2026-04-27","No","No","50.7","57.9","2026-04-27","2392","44","73","12","165","unassigned","N","","",""
"2026-04-30","VSV-TF13","X003Q21DR9","B0BW93RPZW","VIVOSUN 13'' Tower Fan, Bladeless Desk Fan, for Cooling Air Circulation Anywhere, 3 Speeds 70° Oscillation, Quiet Portable Desk Fan for Home Office, Black","New","0","0","7","0","0","0","0","0","USD","24","135","340","447","","34.99","0.0","34.99","0.0","NoExcessInventory","","0.0","0","0","0.0","1.89","0.318974","cubic feet","Standard","0.0","US","gl_home","212033","21","0","17","17","34.99","821.82","4580.94","11308.25","14825.31","7","0","0","0","0","0.06","588","480","48","60","","5","1","","","","","","","","","","","","","","","","","49.5","246","Low stock","","","2026-04-27","No","No","15.1","49.5","2026-04-27","589","1","3","1","108","unassigned","N","","",""
"2026-04-30","311001-45J","X0027HWPDP","B07SWYW8WX","VIVOSUN 1 Pack 45 Gallon Grow Bag, Fabric Pot with Handles for Vegtables and Plants","New","164","0","192","0","0","0","0","0","USD","81","307","575","626","","13.99","0.0","13.99","12.66","NoExcessInventory","","0.0","0","0","0.0","2.01","0.156252","cubic feet","Standard","25.625328","US","gl_lawn_and_garden","25353","61","0","6","9","13.99","1113.69","4187.83","7764.85","8478.34","39","153","0","0","0","17.62","299","225","0","74","","173","2","","","","","","","","","","","","","","","","","55.7","258","Healthy","","","2026-04-27","No","No","34.9","55.7","2026-04-27","616","153","15","5","218","unassigned","N","","",""
"2026-04-30","PC-001","X004B56F0P","B0D8T491F2","VIVOSUN Grow Tent","","0","0","0","2","0","0","0","0","USD","0","0","0","0","","0.0","0.0","0.0","0.0","NoRestockExcessActionRequired","","","0","0","","0.0","0.016199","cubic feet","Standard","0.0","US","gl_wireless","","0","0","","","28.49","0.0","0.0","0.0","0.0","0","0","0","0","0","","0","0","0","0","","2","0","","","","","","","","","","","","","","","","","","1","Out of stock","","","","","","","","2026-04-27","0","0","2","0","366","unassigned","N","","",""
"2026-04-30","LH-001","X003OYDYY9","B0BTM3RC2G","VIVOSUN 1-Pair 1/8 Inch Adjustable Grow Light Hanger, Heavy Duty Rope Hanger with Reinforced Metal Gears, 8Ft. Long and 150 lbs Weight Capacity Rope for Grow Light, Inline Fan, Filters","New","556","0","528","45","0","0","0","0","USD","38","219","465","684","","8.49","0.0","8.49","0.0","NoExcessInventory","","0.0","0","0","0.0","0.92","0.022119","cubic feet","Standard","12.298164","US","gl_lawn_and_garden","11449","116","0","12","13","8.49","321.92","1857.21","3945.05","5784.79","8","210","310","0","0","7.23","130","130","0","0","","6","0","","","","","","","","","","","","","","","","","94.1","203","Healthy","","","2026-04-27","No","No","85.9","94.1","2026-04-27","687","1","3","2","144","unassigned","N","","",""
"2026-04-30","304113-44","X000VV26B5","B01731MNJE","VIVOSUN S448 4x4 Grow Tent, 48""x48""x80"" High Reflective Mylar Grow Tents with Observation Window and Floor Tray for Hydroponics Indoor Plant Tents for VS4000/VSF4300","New","1705","0","1796","0","0","0","0","0","USD","174","603","1223","1774","","129.99","0.0","129.99","0.0","NoExcessInventory","","0.0","0","0","0.0","0.86","2.016094","cubic feet","Oversize","3437.44027","US","gl_home","5584","87","0","13","15","129.99","19185.42","69184.5","145827.18","214325.17","14","430","1352","0","0","1582.63","400","320","80","0","","80","7","","","","","","","","","","","","","","","","","117.4","1082","Healthy","125","2026-05-06","2026-04-27","No","No","108.8","117.4","2026-04-27","2164","59","13","8","112","unassigned","N","","",""
"2026-04-30","306214-01","X0015LOVDL","B01IHAYTV0","VIVOSUN Hydroponics CO2 Regulator Emitter System with Solenoid Valve Flowmeter for Grow Room Grow Tent Garden","New","254","0","499","0","0","0","0","0","USD","101","387","793","1107","","43.99","0.0","41.79","0.0","NoRestockExcessActionRequired","","0.0","0","0","0.0","1.67","0.211717","cubic feet","Standard","53.776118","US","gl_tools","40576","42","0","11","12","41.79","4152.79","16342.93","33485.87","46882.73","323","176","0","0","0","36.97","832","736","0","96","","245","19","","","","","","","","","","","","","","","","","50.2","350","Healthy","","","2026-04-27","No","No","36.1","50.2","2026-04-27","1250","164","43","38","116","unassigned","N","","",""
"2026-04-30","306201PS-6","X002CQ7ABD","B07YZLP1WY","VIVOSUN Grow Tent Ventilation System, 6 Inch Inline Duct Fan with Speed Controller, 6'' Carbon Filter, and 16ft. Ducting Combo, Air Cooling and Filtration Kit for Grow Tent, Hydroponics","New","12","0","16","0","0","0","0","0","USD","12","33","57","83","","114.99","0.0","114.99","0.0","NoExcessInventory","","0.0","0","0","0.0","5.59","2.58563","cubic feet","Oversize","31.02756","US","gl_lawn_and_garden","28735","7","0","14","18","114.99","1374.13","3777.42","6531.43","9521.17","16","0","0","0","0","14.58","104","104","0","0","","9","2","","","","","","","","","","","","","","","","","14.1","57","Low stock","29","2026-05-06","2026-04-27","Yes","No","13.5","14.1","2026-04-27","116","0","9","0","97","unassigned","N","","",""
"2026-04-30","HSB950B-2500L","X002XOAMXR","B097HF98WF","VIVOSUN 660GPH Submersible Water Pump, 2500L/H 35W aquarium pump, Ultra Quiet Fountain Pump with 8.2ft/2.5m High Lift for Fish Tank, Pond, Aquarium, Statuary, Hydroponics","New","47","0","246","0","0","0","0","0","USD","152","317","1094","1432","","19.99","0.0","17.99","0.0","NoExcessInventory","","0.0","0","0","0.0","5.51","0.058382","cubic feet","Standard","2.743954","US","gl_pet_products","4586","26","0","13","9","17.99","2846.58","5829.03","20403.93","27021.49","246","0","0","0","0","3.51","1034","816","144","74","","168","1","","","","","","","","","","","","","","","","","17.6","582","Low stock","458","2026-05-07","2026-04-27","No","Yes","11.7","17.6","2026-04-27","1206","125","11","32","85","unassigned","N","","",""
"2026-04-30","WP-0005","X003ZWN8UZ","B0CKWXF9V4","VIVOSUN 1.6HP Portable Shallow Well Pump Garden, 1320 GPH, 115V, 2 Adapters, Stainless Steel, Water Transfer Draining Irrigation Pump, Sprinkler Pump for Lawn, Farm and Clear Water Transfer","","0","0","1","0","0","0","0","0","USD","36","93","131","136","","0.0","0.0","0.0","0.0","CreateShippingPlan","","","0","0","","1.58","1.289128","cubic feet","Oversize","0.0","US","gl_home_improvement","61911","0","0","0","0","87.99","3261.14","9405.07","13590.69","14214.64","0","0","1","0","0","","0","0","0","0","","0","1","","","","","","","","","","","","","","","","","78.0","94","Out of stock","204","2026-04-29","2026-04-27","No","No","25.8","78.0","2026-04-27","0","0","0","0","0","unassigned","N","","",""
"2026-04-30","332563J","X004214KGT","B0CP7H9LS3","VIVOSUN 3000 GPH Submersible Water Pump with Barrier Bag, 150W Pond Pump, Ultra Quiet Aquarium Pump with 18FT. Lift Height for Pond, Waterfall, Fish Tank, Statuary, Hydroponic","New","182","0","262","0","0","0","0","0","USD","52","129","178","202","","94.99","0.0","75.99","0.0","NoRestockExcessActionRequired","","0.0","0","0","0.0","0.83","0.352533","cubic feet","Standard","64.161006","US","gl_lawn_and_garden","1741","72","0","8","16","75.99","3970.48","10391.96","14704.72","16932.98","91","128","43","0","0","51.54","76","64","0","12","","76","0","","","","","","","","","","","","","","","","","131.6","156","Healthy","49","2026-05-06","2026-04-27","No","No","86.9","131.6","2026-04-27","302","44","29","3","117","unassigned","N","","",""
"2026-04-30","SPF-001","X003XDCU19","B0CFDZH8VM","VIVOSUN 20W Solar Fan Kit, 20W Solar Panel with Two Waterproof Fans, Solar Powered Fan with 16.4ft On/Off Switch Cable for Outside Chicken Coops, Greenhouses, Sheds","","0","0","1","0","0","0","0","0","USD","1","1","3","4","","0.0","0.0","0.0","0.0","CreateShippingPlan","","","0","0","","2.29","0.272803","cubic feet","Standard","0.0","US","gl_lawn_and_garden","","0","0","0","0","49.99","49.99","49.99","125.97","165.96","1","0","0","0","0","","0","0","0","0","","0","0","","","","","","","","","","","","","","","","","","4","Out of stock","6","2026-04-29","","","","","23.5","2026-04-27","0","0","0","0","0","unassigned","N","","",""
"2026-04-30","WB-4x100","X003P4ALD5","B0BTYB1YQT","VIVOSUN Premium Weed Barrier Landscape Fabric Heavy Duty, 4ftx100ft 5oz Double-Layered Weed Control Mat with High Permeability, Commercial Ground Cover, Easy Set up & Superior Weed Control","New","0","0","39","0","0","0","0","0","USD","42","275","569","627","","61.99","0.0","61.99","0.0","CreateShippingPlan","","0.0","0","0","0.0","3.03","0.857784","cubic feet","Oversize","0.0","US","gl_lawn_and_garden","5098","8","0","1","1","61.99","2547.62","16466.76","33095.82","36477.01","39","0","0","0","0","2.65","77","13","39","25","","31","0","","","","","","","","","","","","","","","","","33.2","308","Low stock","596","2026-05-06","2026-04-27","No","No","11.2","33.2","2026-04-27","101","24","2","5","10","unassigned","N","","",""
"2026-04-30","306104-88J","X004RIQPGZ","B0FHQ5RMQ2","VIVOSUN 8 Inch 8 Feet Flex Air Aluminum Ducting, Dryer Vent Hose for HVAC Ventilation, Exhaust, Duct Fan Systems, Silver Flexible Air Duct w/ 2 Clamps","New","138","0","152","0","0","0","0","0","USD","35","146","253","332","","23.99","0.0","23.99","0.0","NoExcessInventory","","0.0","0","0","0.0","1.69","0.185066","cubic feet","Standard","25.539108","US","gl_home_improvement","2235","44","0","10","14","23.99","806.89","3166.48","5532.41","7309.82","78","74","0","0","0","11.01","227","190","0","37","","6","1","","","","","","","","","","","","","","","","","57.9","112","Healthy","","","2026-04-27","No","No","47.8","57.9","2026-04-27","367","2","4","0","74","unassigned","N","","",""
"2026-04-30","311003-4X12NJ","X002HINYJD","B085NGVT5H","VIVOSUN 12-Pack 6.5 Inch Gardening Scissors Hand Pruner Pruning Shear with Straight Stainless Steel Blades Orange","New","314","0","347","0","0","0","0","0","USD","16","57","118","199","","39.99","0.0","33.99","0.0","NoRestockExcessActionRequired","","0.0","0","0","0.0","0.84","0.077038","cubic feet","Standard","24.189932","US","gl_lawn_and_garden","156","167","0","33","30","33.99","547.84","2081.87","4353.96","7322.37","170","151","26","0","0","17.73","160","160","0","0","","32","1","","","","","","","","","","","","","","","","","179.1","51","Healthy","","","2026-04-27","Yes","No","179.1","104.6","2026-04-27","504","30","2","0","232","unassigned","N","","",""
"2026-04-30","VSV-WVK4","X004D3MSHT","B0DDKNBV3D","VIVOSUN Portable AC Sliding Door Vent Kit, 16.9""/21.2""-88.6"" Length Adjustable, Fits 5.1” & 5.9” Exhaust Hose for Sliding Doors or Windows","","0","0","3","0","0","0","0","0","USD","2","96","403","442","","0.0","0.0","0.0","0.0","NoRestockExcessActionRequired","","","0","0","","1.91","0.325054","cubic feet","Standard","0.0","US","gl_home_improvement","119737","0","0","29","20","39.99","79.98","3825.09","14088.22","15477.83","3","0","0","0","0","","704","704","0","0","","2","0","","","","","","","","","","","","","","","","","49.7","221","Out of stock","","","2026-04-27","Yes","No","8.9","49.7","2026-04-27","704","0","1","1","345","unassigned","N","","",""
"2026-04-30","VSK-SCK212-US","X004WVZ4EB","B0G24BX86D","VIVOSUN Clone Tent Kit 24"" x 16"" x 20"", with T5 Full-Spectrum Grow Light, Seed Starter Tray, Heat Mat, AeroStream U075 Humidifier, and AeroWave D4 Clip Fan, for Indoor Plant Germination, Cloning","New","176","0","199","0","0","0","0","0","USD","46","125","242","350","","159.99","0.0","135.99","0.0","NoRestockExcessActionRequired","","0.0","0","0","0.0","1.3","1.939959","cubic feet","Oversize","341.432784","US","gl_lawn_and_garden","39679","56","0","9","11","135.99","6687.54","18246.75","36341.58","53236.5","1","123","75","0","0","139.26","130","0","130","0","","8","0","","","","","","","","","","","","","","","","","84.0","142","Healthy","","","2026-04-27","No","No","70.9","84.0","2026-04-27","306","0","7","1","57","unassigned","N","","",""
"2026-04-30","VSG-BR230g40X13M","X004B3FGR5","B0D8PR4Q2Z","VIVOSUN 40 in x 13 ft Burlap Fabric, High Density Natural Jute Fiber, Multipurpose Burlap for Gardening, Outdoor Plant Care, Weed Barrier, DIY Crafts, and Decoration","New","12","0","71","0","0","0","0","0","USD","56","261","450","523","","15.99","0.0","14.39","0.0","GoToRestock","","0.0","0","0","0.0","2.18","0.154754","cubic feet","Standard","1.857048","US","gl_lawn_and_garden","30066","5","0","3","5","14.39","809.04","3862.29","6697.05","7821.12","71","0","0","0","0","1.28","200","200","0","0","","53","0","","","","","","","","","","","","","","","","","45.3","259","Low stock","346","2026-05-07","2026-04-27","No","No","18.9","45.3","2026-04-27","246","34","15","4","40","unassigned","N","","",""
"2026-04-30","VSV-AZG4E42APR","X004R4V9BP","B0C6QK97P2","VIVOSUN G4 4"" Inline Duct Fan & Temperature Humidity Controller, E42A+ WiFi-App Control AeroZesh Grow Tent Fan& Smart Thermostat, 195 CFM EC Motor Exhaust Fan for Heating Cooling, Greenhouse Accessory","New","296","0","310","0","0","0","0","0","USD","12","81","144","185","","100.99","0.0","100.99","0.0","NoExcessInventory","","0.0","0","0","0.0","0.86","0.563075","cubic feet","Standard","166.6702","US","gl_lawn_and_garden","26793","117","0","14","20","100.99","1211.88","8180.19","14697.56","19047.15","91","156","63","0","0","104.98","0","0","0","0","","13","0","","","","","","","","","","","","","","","","","119.6","20","Healthy","70","2026-05-06","2026-04-27","No","No","119.6","115.6","2026-04-27","296","0","13","0","123","unassigned","N","","",""
"2026-04-30","WB-1.5x50","X004DM2CET","B0DFL5WMH8","VIVOSUN Premium Weed Barrier Landscape Fabric Heavy Duty, 1.5ftx50ft 5oz Double-Layered Weed Control Mat with High Permeability, Commercial Ground Cover, Easy Set up & Superior Weed Control","","0","0","17","0","0","0","0","0","USD","20","49","92","115","","0.0","0.0","19.99","0.0","CreateShippingPlan","","","0","0","","4.44","0.190506","cubic feet","Oversize","0.0","US","gl_lawn_and_garden","5098","0","0","0","0","19.99","397.8","928.51","1625.08","2015.85","17","0","0","0","0","","0","0","0","0","","14","0","","","","","","","","","","","","","","","","","23.5","81","Out of stock","232","2026-04-29","2026-04-27","Yes","No","16.2","23.5","2026-04-27","0","0","9","5","5","unassigned","N","","",""
"2026-04-30","VSV-TF13-W","X003UU8ATB","B0C7VW19BS","VIVOSUN 13'' Tower Fan, Bladeless Desk Fan with 3 Speeds and 70° Oscillation, Portable and Compact, Quiet Cooling Fan for Home and Office, White","New","24","0","26","11","0","0","0","0","USD","19","83","281","361","","39.99","0.0","39.99","0.0","NoExcessInventory","","0.0","0","0","0.0","1.67","0.31347","cubic feet","Standard","7.52328","US","gl_home","212033","24","0","34","25","39.99","617.81","3065.67","10300.25","13236.95","8","8","10","0","0","1.46","684","564","0","120","","6","0","","","","","","","","","","","","","","","","","52.7","381","Low stock","","","2026-04-27","No","No","21.6","52.7","2026-04-27","710","2","3","1","80","unassigned","N","","",""
"2026-04-30","GT-0002","X00325V66D","B09KGSY9WH","VIVOSUN G336 36""x36""x72"" Grow Tent, 3x3 FT Advanced Gray Mylar Tent with 19mm Poles, Observation Window and Floor Tray for Hydroponic Plants for VS2000/VS3000","New","26","0","28","0","0","0","0","0","USD","6","19","50","77","","119.99","0.0","107.99","0.0","GoToRestock","","0.0","0","0","0.0","2.67","1.524688","cubic feet","Oversize","39.641888","US","gl_lawn_and_garden","4882","74","0","9","7","107.99","647.89","2075.7","5412.47","8447.61","22","6","0","0","0","16.29","20","0","20","0","","2","0","","","","","","","","","","","","","","","","","52.4","38","Low stock","32","2026-05-06","2026-04-27","Yes","No","52.4","32.9","2026-04-27","48","2","0","0","74","unassigned","N","","",""
"2026-04-30","RGB-0005","X003FRYC4L","B0BJNS85PG","VIVOSUN Wooden Raised Garden Bed, 48 x 24 x 30 Inches, Outdoor Wood Planter Box with Gloves and a Liner, with Trellis for Vine Climbing for Garden, Patio, Balcony, Backyard and Outdoors","New","0","0","6","0","0","0","0","0","USD","81","107","178","242","","99.99","0.0","0.0","0.0","CreateShippingPlan","","0.0","0","0","0.0","4.63","1.871528","cubic feet","Oversize","0.0","US","gl_lawn_and_garden","7064","15","0","1","1","49.84","4182.49","6337.03","11255.92","15254.96","6","0","0","0","0","42.43","30","30","0","0","","76","1","","","","","","","","","","","","","","","","","27.5","54","Healthy","20","2026-05-07","2026-04-27","No","Yes","21.5","27.5","2026-04-27","93","63","4","9","40","unassigned","N","","",""
"2026-04-30","332566J","X001U0UDY3","B07FJV5MWP","VIVOSUN 1600 GPH Submersible Water Pump, 100W Pond Pump, Ultra Quiet Aquarium Pump with 15FT. Lift Height for Pond, Waterfall, Fish Tank, Statuary, Hydroponic","New","727","0","1316","0","0","0","0","0","USD","352","938","1312","1494","","79.99","0.0","57.59","0.0","NoRestockExcessActionRequired","","0.0","0","0","0.0","1.12","0.378688","cubic feet","Standard","275.306176","US","gl_lawn_and_garden","1741","47","0","4","9","57.59","20315.48","59885.1","85102.44","98053.73","496","820","0","0","0","191.39","352","320","0","32","","537","2","","","","","","","","","","","","","","","","","100.1","739","Healthy","","","2026-04-27","No","No","55.0","100.1","2026-04-27","1404","325","192","20","82","unassigned","N","","",""
"2026-04-30","311001-7x5NJ","X001F11RLF","B00TF9E9PY","VIVOSUN 5-Pack 7 Gallon Plant Grow Bags, Heavy Duty Thickened Nonwoven Fabric Pots with Handles","New","2583","0","5283","0","0","0","0","0","USD","1008","3985","6284","7159","","17.99","0.0","17.99","0.0","GoToRestock","","0.0","0","0","0.0","1.55","0.14245","cubic feet","Standard","367.94835","US","gl_lawn_and_garden","30","65","0","3","6","17.99","18116.04","70462.63","108873.91","124067.09","4322","961","0","0","0","505.28","1197","1197","0","0","","3851","8","","","","","","","","","","","","","","","","","54.6","3292","Healthy","526","2026-05-06","2026-04-27","No","No","34.1","54.6","2026-04-27","7405","3625","196","30","106","unassigned","N","","",""
"2026-04-30","SPray-15L-RJ","X0024HI1GD","B07QSCTT31","VIVOSUN 50oz Pump Sprayer, Handheld Garden Water Sprayer Bottle with Adjustable Brass Nozzle, for Spraying Plants, Flowers, Weeds and Cleaning, Red","New","1562","0","1926","0","0","0","0","0","USD","169","642","1077","1483","","19.99","0.0","19.99","18.8","NoRestockExcessActionRequired","","0.0","0","0","0.0","0.8","0.301158","cubic feet","Standard","470.408796","US","gl_lawn_and_garden","1606","77","0","15","21","18.8","3368.41","12530.38","20785.95","28426.13","676","341","909","0","0","326.59","859","810","0","49","","363","1","","","","","","","","","","","","","","","","","112.5","625","Healthy","","","2026-04-27","No","No","96.6","112.5","2026-04-27","2614","193","165","5","126","unassigned","N","","",""
"2026-04-30","CN-0001","X003AM17P3","B0B51P8MD6","VIVOSUN Cargo Net for Garden Wagon, 36"" X 30"" Heavy Duty Nylon Netting with Storage Bag for Folding Wagon, Beach Cart, Garden Cart, Trolley Cart, Black","New","238","0","245","0","0","0","0","0","USD","12","57","104","127","Low traffic","15.99","0.0","15.99","0.0","NoExcessInventory","","0.0","0","0","0.0","0.54","0.075995","cubic feet","Standard","18.08681","US","gl_lawn_and_garden","128356","128","0","16","24","15.99","191.88","909.93","1659.96","2027.73","1","106","138","0","0","11.48","0","0","0","0","","8","0","","","","","","","","","","","","","","","","","175.4","132","Healthy","50","2026-05-07","2026-04-27","Yes","No","142.8","175.4","2026-04-27","238","0","7","1","134","unassigned","N","","",""
"2026-04-30","SPray-30LJ","X0024G10XF","B07QTHHGZL","VIVOSUN 0.8-Gallon Pump Pressure Sprayer, Pressurized Lawn & Garden Water Spray Bottle with Adjustable Shoulder Strap, for Spraying Plants, Garden Watering and Household Cleaning","","0","0","1","0","0","0","0","0","USD","0","0","33","107","","0.0","0.0","0.0","0.0","CreateShippingPlan","","","0","0","","2.85","0.450497","cubic feet","Standard","0.0","US","gl_lawn_and_garden","3625","0","0","","0","24.99","0.0","0.0","809.67","2598.93","0","1","0","0","0","","0","0","0","0","","1","0","","","","","","","","","","","","","","","","","","161","Out of stock","236","2026-04-29","","","","","24.3","2026-04-27","0","0","1","0","7","unassigned","N","","",""
"2026-04-30","PGC-0001","X003BU3LWB","B0B7M9ZGJY","VIVOSUN Garden Netting Cover, 28 x 28 x 32 Inch Pop-up Guard Cover with Zip Entry for Plants, Vegetables, Fruits, Outdoor Run and Enclosure for Small Animals, 2-Pack, Green","New","296","0","323","0","0","0","0","0","USD","6","17","35","39","Low traffic","39.99","0.0","39.99","33.8","Create Outlet deal","","19.99","2","0","1801.89","0.2","0.349552","cubic feet","Standard","103.467392","US","gl_lawn_and_garden","100253","366","0","99","141","39.99","239.94","673.83","1391.65","1551.61","98","122","103","0","0","74.36","128","128","0","0","","28","0","","","","","","","","","","","","","","","","","552.6","49","Healthy","","","2026-04-27","Yes","No","552.6","470.9","2026-04-27","432","8","20","0","366","unassigned","N","","",""
"2026-04-30","304113-3018G","X003KYRGXX","B079DM1WCW","VIVOSUN S3018 30""x18""x36"" Grow Tent, High Reflective Mylar with Observation Window and Floor Tray 3D Printer Enclosure with Ventilation","New","138","0","146","0","0","0","0","0","USD","16","73","168","247","","74.99","69.99","69.99","0.0","NoExcessInventory","","0.0","0","0","0.0","1.46","0.998264","cubic feet","Oversize","137.760432","US","gl_lawn_and_garden","21333","94","0","21","20","69.99","1042.84","4886.31","11364.1","16811.13","36","110","0","0","0","51.97","254","176","78","0","","12","0","","","","","","","","","","","","","","","","","67.3","200","Low stock","","","2026-04-27","Yes","No","67.3","66.3","2026-04-27","393","1","9","2","179","unassigned","N","","",""
"2026-04-30","PP-30-2","X003SWY3L5","B0C3LM52N5","VIVOSUN Peat Pots, 60 Packs 3.15-Inch Seed Starting Pots with Drainage Holes, Round Nursery Pot, 20 Plant Labels for Flowers, Plants, Vegetables, 60Pcs","New","101","0","33","15","76","0","0","0","USD","12","82","145","171","","17.99","0.0","17.99","0.0","CreateShippingPlan","","0.0","0","0","0.0","0.76","0.148409","cubic feet","Standard","14.989309","US","gl_lawn_and_garden","21117","79","0","4","7","17.99","209.68","1386.78","2436.95","2866.74","2","0","31","76","0","12.24","0","0","0","0","","27","0","91","6.73","0","0.0","0","0.0","0","0.0","0","0.0","0","0.0","0","0.0","0","0.0","122.3","87","Healthy","54","2026-05-06","2026-04-27","Yes","No","59.7","122.3","2026-04-27","104","3","23","1","100","unassigned","N","","",""
"2026-04-30","330104CNJ","X002EB7JHB","B081ZM97QQ","VIVOSUN 3"" x 20"" Seedling Heat Mat and Digital Thermostat Combo Set, UL & MET-Certified Heating Pad for Hydroponic, Kombucha Tea, Brewing, Fermentation & Plant Germination","New","476","0","551","0","0","0","0","0","USD","27","131","276","481","","25.99","0.0","20.79","19.75","NoRestockExcessActionRequired","","0.0","0","0","0.0","0.92","0.072763","cubic feet","Standard","34.635188","US","gl_lawn_and_garden","1279","173","0","16","14","20.79","563.93","2949.69","6455.84","11240.39","72","291","188","0","0","23.48","57","0","30","27","","71","0","","","","","","","","","","","","","","","","","125.2","209","Healthy","","","2026-04-27","Yes","No","125.2","95.2","2026-04-27","564","31","39","1","181","unassigned","N","","",""
"2026-04-30","VSS-SP-3456L40","X004CJOX95","B0DCFFQ66D","VIVOSUN 40 Packs 3/4/5/6 Inch Clear Nursery Pots with Drainage Holes, Reinforced Plastic Seedling Pots for Plants, Flowers, Cuttings, and Succulents, 40 pcs Plant Labels","New","329","0","351","0","0","0","0","0","USD","29","181","462","683","","19.99","0.0","19.99","0.0","NoRestockExcessActionRequired","","0.0","0","0","0.0","1.96","0.323789","cubic feet","Standard","106.526581","US","gl_lawn_and_garden","39631","90","0","12","10","19.99","567.71","3344.19","8892.38","13073.27","43","308","0","0","0","59.81","244","185","0","59","","22","2","","","","","","","","","","","","","","","","","69.4","161","Healthy","","","2026-04-27","Yes","No","69.4","48.6","2026-04-27","579","6","15","1","138","unassigned","N","","",""
"2026-04-30","WB-3x100","X0028GWZSP","B07S61C2BM","VIVOSUN Premium Weed Barrier Landscape Fabric Heavy Duty, 3ftx100ft 5oz Double-Layered Weed Control Mat with High Permeability, Commercial Ground Cover, Easy Set up & Superior Weed Control","New","843","0","888","0","0","0","0","0","USD","106","539","859","963","","49.99","0.0","49.99","0.0","NoRestockExcessActionRequired","","0.0","0","0","0.0","1.3","0.664938","cubic feet","Oversize","560.542734","US","gl_home","5098","219","0","9","17","49.99","5018.44","24494.43","38603.73","43292.69","433","367","88","0","0","229.21","449","309","140","0","","25","1","","","","","","","","","","","","","","","","","76.6","447","Healthy","","","2026-04-27","No","No","57.5","76.6","2026-04-27","1301","9","13","3","324","unassigned","N","","",""
"2026-04-30","CC-001","X003WBNAK7","B0CC5373Y7","VIVOSUN Coco Coir Brick, 1.4lbs 100% Natural Organic Compressed Coconut Coir Fiber with Low EC, PH Balance & High Nutrition, Coconut Fiber Substrate, Coconut Soil for Plants","New","415","0","287","146","0","0","0","0","USD","18","117","306","423","","9.99","0.0","9.99","0.0","CreateShippingPlan","","0.0","0","0","0.0","0.89","0.048668","cubic feet","Standard","20.19722","US","gl_lawn_and_garden","26799","118","0","14","12","9.99","176.82","1083.83","2799.44","3902.77","183","102","2","0","0","12.1","0","0","0","0","","13","0","","","","","","","","","","","","","","","","","94.1","299","Healthy","181","2026-05-06","2026-04-27","No","No","94.1","93.9","2026-04-27","415","0","7","6","121","unassigned","N","","",""
"2026-04-30","304113-1010","X003RFNS87","B07GP6JZPF","VIVOSUN S108 10x10 Grow Tent, 120""x120""x80"" High Reflective Mylar with Observation Window and Floor Tray for Hydroponics Indoor Plant for VSF6450","","0","0","1","0","0","0","0","0","USD","0","14","58","102","","0.0","0.0","0.0","0.0","NoRestockExcessActionRequired","","","0","0","","3.24","5.986979","cubic feet","Extra-large","0.0","US","gl_lawn_and_garden","","216","0","38","17","287.99","0.0","4701.88","20100.45","35580.01","0","1","0","0","0","","135","30","105","0","","0","0","","","","","","","","","","","","","","","","","24.4","60","Out of stock","","","2026-04-27","Yes","No","15.5","24.4","2026-04-27","135","0","0","0","272","unassigned","N","","",""
"2026-04-30","SPray-80LJ","X0024GXC09","B07QVWQ1HC","VIVOSUN Pump Sprayer 2 Gallon, Pressurized Lawn & Garden Water Spray Bottle with Adjustable Shoulder Strap, Pressure Relief Valve, for Spraying Plants, Garden Watering and Cleaning","New","747","0","816","0","0","0","0","0","USD","71","349","611","754","","40.99","0.0","40.99","38.49","NoRestockExcessActionRequired","","0.0","0","0","0.0","0.94","0.623843","cubic feet","Oversize","466.010721","US","gl_lawn_and_garden","3625","66","0","18","27","40.99","2848.43","13020.51","23025.71","28487.74","325","167","324","0","0","209.72","828","678","150","0","","59","2","","","","","","","","","","","","","","","","","106.8","812","Low stock","321","2026-05-06","2026-04-27","No","No","82.6","106.8","2026-04-27","1623","48","8","3","134","unassigned","N","","",""
"2026-04-30","306104-62C","X002A34RA5","B07WD9KQ93","VIVOSUN 2-Pack 6 Inch 25 Feet Flex Air Aluminum Ducting, Flexible Dryer Vent Hose for HVAC Ventilation with Four 6 Inch Stainless Steel Clamps","New","743","0","884","0","0","0","0","0","USD","22","166","338","497","Low traffic","39.99","0.0","39.99","0.0","NoExcessInventory","","0.0","0","0","0.0","0.79","0.607344","cubic feet","Standard","451.256592","US","gl_home_improvement","45098","159","0","31","33","33.24","799.78","5743.96","11347.75","16690.61","457","427","0","0","0","325.63","546","418","0","128","","135","4","","","","","","","","","","","","","","","","","134.6","188","Healthy","","","2026-04-27","No","No","134.6","106.2","2026-04-27","1392","103","32","0","239","unassigned","N","","",""
"2026-04-30","GH-E25","X003GER6CN","B0BKP7VV1H","VIVOSUN GrowHub Controller E25 for Grow Tent Cooling Ventilation Lighting, Supports Smart Grow System Devices, Easy to Install & Use, WiFi App Controllable, Expansion Port for E42A+/E42A/E42","New","153","0","196","0","0","0","0","0","USD","79","318","869","1072","","21.99","0.0","21.99","20.89","NoExcessInventory","","0.0","0","0","0.0","3.62","0.003179","cubic feet","Standard","0.486387","US","gl_lawn_and_garden","52586","15","0","17","16","21.99","1713.66","6921.92","18610.44","22733.57","196","0","0","0","0","0.14","1200","1200","0","0","","25","1","","","","","","","","","","","","","","","","","33.3","267","Low stock","","","2026-04-27","No","No","33.3","28.8","2026-04-27","1370","17","7","1","149","unassigned","N","","",""
"2026-04-30","VSVC-AZT4","X003W2EVTF","B0CBPDTSKS","VIVOSUN Smart Air Filtration T4 Kit 4"", AeroZesh T4 Inline Duct Fan with E12 Speed Controller, Carbon Filter & 8' Ducting, Cooling & Ventilation System for Grow Tents, Indoor Gardening, Hydroponics","New","287","0","309","0","0","0","0","0","USD","35","221","474","612","","129.99","0.0","129.99","0.0","NoExcessInventory","","0.0","0","0","0.0","1.45","1.890988","cubic feet","Oversize","542.713556","US","gl_lawn_and_garden","15350","49","0","12","14","116.99","4101.8","25878.84","55586.51","71727.88","144","165","0","0","0","200.95","378","378","0","0","","41","2","","","","","","","","","","","","","","","","","57.9","215","Healthy","","","2026-04-27","No","No","43.7","57.9","2026-04-27","682","17","20","4","125","unassigned","N","","",""
"2026-04-30","YOYO-004J","X002PVQS0J","B08NT5CBYP","VIVOSUN 12 PCS Retractable Plant Yoyo with Stopper for Grow Support in Tent Garden or Hydroponics, White","New","153","0","178","0","0","0","0","0","USD","11","47","98","140","Low traffic","15.99","0.0","15.99","0.0","NoExcessInventory","","0.0","0","0","0.0","0.97","0.095316","cubic feet","Standard","14.583348","US","gl_lawn_and_garden","66553","166","0","29","32","15.99","168.69","706.33","1464.22","2129.0","80","44","54","0","0","10.57","199","80","80","39","","32","0","","","","","","","","","","","","","","","","","118.2","84","Healthy","","","2026-04-27","Yes","No","118.2","91.8","2026-04-27","375","23","9","0","218","unassigned","N","","",""
"2026-04-30","HR-0003J","X0049PFNFZ","B0C818F9Q6","VIVOSUN Outdoor Handrail, 5 Step Stair Handrai, 69"" x 36"" Fits 1 to 5 Steps, Wrought Mattle Iron Handrail for Concrete Steps, Porch Steps, One-Step Assembly, Black","New","578","0","549","42","0","0","0","0","USD","47","301","487","625","","79.99","0.0","75.99","0.0","NoRestockExcessActionRequired","","0.0","0","0","0.0","0.85","1.193359","cubic feet","Extra-large","689.761502","US","gl_home_improvement","2810","55","0","8","12","75.99","3515.46","21182.88","34305.68","44972.84","4","318","227","0","0","296.53","25","25","0","0","","7","1","","","","","","","","","","","","","","","","","110.3","299","Healthy","360","2026-05-07","2026-04-27","Yes","No","78.6","110.3","2026-04-27","603","0","4","3","56","unassigned","N","","",""
"2026-04-30","VSF-AWE6-G2","X004DC9D3H","B0BP1Y3CRM","VIVOSUN AeroWave E6 Gen2, Grow Tent Clip Fan 6”, EC Motor, Smart Control, Powerful Oscillating Fan, Local Timer, Weatherproof IP54, for Hydroponics Circulation Cooling, Black","New","3417","0","4166","0","0","0","0","0","USD","767","2466","4411","6376","","49.99","0.0","37.99","0.0","NoRestockExcessActionRequired","","0.0","0","0","0.0","1.34","0.393324","cubic feet","Standard","1343.988108","US","gl_home","1724","76","0","9","11","37.99","29432.36","103938.63","189615.96","274957.53","1204","2962","0","0","0","1048.93","2456","1824","478","154","","669","1","","","","","","","","","","","","","","","","","68.5","1413","Healthy","","","2026-04-27","No","No","56.3","68.5","2026-04-27","6302","429","213","27","122","unassigned","N","","",""
"2026-04-30","304866J","X000ZT0K0H","B01DNUIHGM","VIVOSUN 1-Pack Self Adhesive Zipper Door for Debris Barriers, 3In. x 7Ft. Peel & Stick, Heavy-Duty & Double-Sided Zipper for Tarp, Greenhouse, Indoor Outdoor Tent, Black","New","769","0","818","0","0","0","0","0","USD","74","355","699","959","","14.99","0.0","14.99","0.0","NoRestockExcessActionRequired","","0.0","0","0","0.0","0.97","0.03619","cubic feet","Standard","27.83011","US","gl_home","15749","88","0","13","15","12.99","995.36","4940.94","9685.91","13146.54","218","406","194","0","0","16.88","402","300","0","102","","50","6","","","","","","","","","","","","","","","","","90.6","294","Healthy","","","2026-04-27","No","No","75.1","90.6","2026-04-27","1196","25","24","1","120","unassigned","N","","",""
"2026-04-30","304113-P224","X003XWUBH5","B0CGHDFN7T","VIVOSUN P224 24""×24""×48"" PRO Grow Tent, with Thick 1 inch Poles, Strengthened High Reflective Mylar Oxford Fabric & Extra Hanging Bars for Hydroponics Indoor Plant for AeroLight A100, No High CFM Kit","New","108","0","85","28","0","0","0","0","USD","6","20","51","74","","99.99","0.0","76.49","0.0","NoRestockExcessActionRequired","","0.0","0","0","0.0","0.67","1.271412","cubic feet","Oversize","137.312496","US","gl_lawn_and_garden","24195","190","0","25","22","76.49","458.94","1736.18","4480.89","6620.16","10","37","38","0","0","66.43","20","20","0","0","","2","0","","","","","","","","","","","","","","","","","166.0","50","Healthy","","","2026-04-27","Yes","No","166.0","134.5","2026-04-27","129","1","1","0","218","unassigned","N","","",""
"2026-04-30","HR-0001C","X0042AZP9B","B0CPP8JXXT","VIVOSUN Outdoor Handrail, 3 Step Stair Handrail, 40"" x 39"" Fits 1 to 3 Steps, Wrought Mattle Iron Stair Railing with Single Curved End for Concrete Steps, Porch Steps, One-Step Assembly, Black","New","170","0","170","0","0","0","0","0","USD","10","32","53","74","","59.99","0.0","56.99","0.0","NoRestockExcessActionRequired","","0.0","0","0","0.0","0.63","0.840567","cubic feet","Oversize","142.89639","US","gl_home_improvement","2999","139","0","21","29","56.99","556.84","1732.78","2833.11","3968.89","100","32","38","0","0","68.59","0","0","0","0","","6","3","","","","","","","","","","","","","","","","","149.7","68","Healthy","","","2026-04-27","Yes","No","149.7","141.0","2026-04-27","170","0","6","0","146","unassigned","N","","",""
"2026-04-30","THM003J","X002CH6SKL","B07Z6F5S2M","VIVOSUN Indoor Outdoor Thermometer Wireless Digital Hygrometer Temperature and Humidity Monitor with Touchscreen LCD Backlight, 200ft/60m Range, Battery Included","New","586","0","589","0","0","0","0","0","USD","19","165","441","592","Low traffic","18.99","0.0","18.04","0.0","NoExcessInventory","","0.0","0","0","0.0","1.35","0.025473","cubic feet","Standard","14.927178","US","gl_biss","258962","108","0","24","22","18.04","342.76","2934.69","7867.19","10712.94","557","32","0","0","0","9.73","420","420","0","0","","7","1","","","","","","","","","","","","","","","","","106.5","340","Healthy","","","2026-04-27","No","No","106.5","71.0","2026-04-27","1006","0","7","0","188","unassigned","N","","",""
"2026-04-30","VSN-WB240B1-US","X004XNHVIZ","B0D977XGTM","VIVOSUN 240 L/64 Gal Water Storage Bladder, Foldable and Portable Water Tank, Water Storage Bag Containers for RV, Camping, Garden, Irrigation, Drought Resistance, Firefighting","","0","0","2","0","0","0","0","0","USD","1","77","96","96","","0.0","0.0","35.09","0.0","NoExcessInventory","","","0","0","","4.29","0.394057","cubic feet","Standard","0.0","US","gl_lawn_and_garden","","72","0","12","32","35.09","39.99","2860.05","3544.27","3544.27","2","0","0","0","0","","238","164","60","14","","1","0","","","","","","","","","","","","","","","","","20.2","","","","","2026-04-27","Yes","No","9.3","20.2","2026-04-27","238","0","1","0","315","unassigned","N","","",""
"2026-04-30","VSG-PPS-05G","X004BM7Y0N","B0D9K3X49G","VIVOSUN 1.35-Gallon Pump Sprayer, Pressurized Lawn & Garden Sprayer with Adjustable Shoulder Strap, for Plants Spraying, Garden Watering and Household Cleaning","New","279","0","479","0","0","0","0","0","USD","118","683","1176","1424","","29.99","0.0","29.99","28.49","NoRestockExcessActionRequired","","0.0","0","0","0.0","2.47","0.535724","cubic feet","Standard","149.466996","US","gl_lawn_and_garden","3625","24","0","7","11","29.99","3485.57","18115.72","31449.24","38076.76","479","0","0","0","0","78.74","928","876","0","52","","181","0","","","","","","","","","","","","","","","","","38.1","943","Low stock","1192","2026-05-07","2026-04-27","No","No","29.3","38.1","2026-04-27","1375","168","12","1","68","unassigned","N","","",""
"2026-04-30","VSL-LL400-N","X004RRME9X","B08GPTLSZH","VIVOSUN LumaLight 400W LED Grow Light, Full Spectrum Plant Light, Smart Dimmable & High PPFD for Indoor Plants Seedling Vegetables Bloom, Fits 4×4/5×5 Grow Tents","New","674","0","681","0","0","0","0","0","USD","45","97","249","428","","359.99","0.0","219.98","0.0","NoRestockExcessActionRequired","","0.0","0","0","0.0","0.8","2.089028","cubic feet","Oversize","1408.004872","US","gl_lawn_and_garden","7091","289","0","45","33","219.98","10171.15","25032.56","63746.44","106953.63","224","215","242","0","0","666.06","420","248","168","4","","6","1","","","","","","","","","","","","","","","","","206.3","75","Healthy","","","2026-04-27","Yes","No","206.3","121.6","2026-04-27","1094","0","6","0","366","unassigned","N","","",""
"2026-04-30","VSN-BJ32","X004446A67","B0CT88ZPG4","VIVOSUN Bloom Juice (0-6-4), Flowering Supplement Liquid Fertilizer for Flowering Stage, Concentrated Plant Food for All Flowering Plants, 32 Ounces/1 Quart","New","323","0","334","0","0","0","0","0","USD","17","75","192","293","Low traffic","32.99","0.0","28.04","0.0","NoRestockExcessActionRequired","","0.0","0","0","0.0","0.93","0.050532","cubic feet","Standard","16.321836","US","gl_lawn_and_garden","50357","111","0","17","14","28.04","476.68","2244.86","5751.56","8848.14","41","293","0","0","0","9.94","0","0","0","0","","6","0","","","","","","","","","","","","","","","","","133.1","82","Healthy","","","2026-04-27","Yes","No","133.1","78.9","2026-04-27","323","0","5","1","113","unassigned","N","","",""
"2026-04-30","VSE-ASH19","X0046GCNKP","B0CYZPJMJR","VIVOSUN AeroStream H19 Intelligent Environmental 19L Humidifier with Temp & Humidity Probe, Top Control Panel, Smart Remote Control, Designed Specifically for Use with Grow Tents","New","578","0","588","0","0","0","0","0","USD","28","149","404","666","","169.99","0.0","169.99","145.0","NoExcessInventory","","0.0","0","0","0.0","1.08","2.790278","cubic feet","Oversize","1612.780684","US","gl_home","22174","156","0","15","11","169.99","4758.73","25250.46","67388.59","111688.01","27","418","143","0","0","720.92","0","0","0","0","","3","2","","","","","","","","","","","","","","","","","115.2","105","Healthy","","","2026-04-27","No","No","115.2","78.5","2026-04-27","578","0","3","0","156","unassigned","N","","",""
"2026-04-30","333101-G2J","X0024N8QPX","B07RBL1XJV","VIVOSUN 2-Pack Indoor Hydroponics LED Grow Room Glasses with Glasses Case","New","235","0","265","0","0","0","0","0","USD","24","106","252","406","","23.99","0.0","23.99","0.0","NoExcessInventory","","0.0","0","0","0.0","1.62","0.077351","cubic feet","Standard","18.177485","US","gl_lawn_and_garden","26279","79","0","20","17","23.99","575.76","2505.2","5904.74","9413.88","204","61","0","0","0","10.8","301","300","0","1","","24","4","","","","","","","","","","","","","","","","","51.4","192","Healthy","","","2026-04-27","No","No","47.4","51.4","2026-04-27","557","21","0","3","176","unassigned","N","","",""
"2026-04-30","311008-05x50J","X00134DUP5","B0132LQF8E","VIVOSUN 50-Pack 5 Gallon Grow Bags for Plants, Black-and-White Thick Plastic Bags for Potting Seedlings, and Rooting","New","370","0","434","0","0","0","0","0","USD","46","177","355","469","","25.99","0.0","25.99","0.0","NoExcessInventory","","0.0","0","0","0.0","1.41","0.155704","cubic feet","Standard","57.61048","US","gl_lawn_and_garden","16895","92","0","14","18","25.99","1184.54","4497.73","9038.05","11983.41","197","237","0","0","0","35.74","286","132","48","106","","59","0","","","","","","","","","","","","","","","","","79.3","215","Healthy","62","2026-05-06","2026-04-27","No","No","79.3","73.7","2026-04-27","694","38","7","14","142","unassigned","N","","",""
"2026-04-30","LH-001-2","X003S9OVXD","B0C2436JDR","VIVOSUN 2-Pair 1/8 Inch Adjustable Grow Light Hanger, Heavy Duty Rope Hanger with Reinforced Metal Gears, 8Ft. Long and 150 lbs Weight Capacity Rope for Grow Light, Inline Fan, Filters","New","116","0","210","0","0","0","0","0","USD","153","739","1629","2275","","13.99","0.0","13.99","0.0","GoToRestock","","0.0","0","0","0.0","3.22","0.030882","cubic feet","Standard","3.582312","US","gl_lawn_and_garden","11449","7","0","5","6","13.99","2134.86","10322.85","22758.13","31770.73","210","0","0","0","0","0.75","950","950","0","0","","58","0","","","","","","","","","","","","","","","","","29.8","543","Low stock","530","2026-05-07","2026-04-27","No","No","18.4","29.8","2026-04-27","1086","20","9","29","69","unassigned","N","","",""
"2026-04-30","304113-33","X000ZYIIW9","B01DXYMKIO","VIVOSUN S336 3x3 Grow Tent, 36""x36""x72"" High Reflective Mylar with Observation Window and Floor Tray for Hydroponics Indoor Plant for VS2000/VS3000","New","377","0","244","148","0","0","0","0","USD","34","169","325","481","","109.99","0.0","98.99","0.0","NoExcessInventory","","0.0","0","0","0.0","0.88","1.414352","cubic feet","Oversize","533.210704","US","gl_lawn_and_garden","5584","79","0","10","12","98.99","3361.51","16730.38","33306.64","50167.58","5","97","142","0","0","216.43","75","55","20","0","","12","0","","","","","","","","","","","","","","","","","112.0","153","Healthy","98","2026-05-06","2026-04-27","No","No","89.7","112.0","2026-04-27","456","4","5","3","97","unassigned","N","","",""
"2026-04-30","HR-0001D","X004910IU9","B0D4TK376L","VIVOSUN Outdoor Handrail, 3 Step Stair Handrail, 28"" x 19"" Fits 1 to 3 Steps, U-Shaped Wrought Iron Stair Railing, Wall-Mounted Safety Rail for Concrete Step, Porch Steps, One-Step Assembly, Black","New","54","0","54","0","0","0","0","0","USD","5","12","34","113","","42.99","0.0","42.99","35.14","NoExcessInventory","","0.0","0","0","0.0","2.33","0.438888","cubic feet","Oversize","23.699952","US","gl_home_improvement","2999","80","0","64","22","42.99","204.41","500.84","1418.13","4478.3","54","0","0","0","0","7.99","140","92","48","0","","1","1","","","","","","","","","","","","","","","","","95.5","95","Low stock","","","2026-04-27","Yes","No","95.5","29.7","2026-04-27","194","0","1","0","160","unassigned","N","","",""
"2026-04-30","HR-0000E","X0042B7XK9","B0CPP9JGGN","VIVOSUN Outdoor Handrail, 2 Step Stair Handrail, 22"" x 39"" Fits 1 to 2 Steps, Wrought Mattle Iron Stair Railing with Dual Curved Ends for Concrete Steps, Porch Steps, One-Step Assembly, Black","New","19","0","2","21","0","0","0","0","USD","8","40","61","74","","49.99","0.0","45.99","0.0","NoRestockExcessActionRequired","","0.0","0","0","0.0","0.74","0.395759","cubic feet","Oversize","7.519421","US","gl_home_improvement","2999","36","0","13","23","45.99","367.92","1743.6","2560.39","3088.26","2","0","0","0","0","1.34","113","83","30","0","","34","0","","","","","","","","","","","","","","","","","131.8","42","Low stock","3","2026-05-07","2026-04-27","Yes","No","65.9","131.8","2026-04-27","132","0","34","0","131","unassigned","N","","",""
"2026-04-30","VSI-VGDWC15","X004OKPLIT","B0F89TXK3B","VIVOSUN VGrow DWC Hydroponics System Kit, Only for VGrow Smart Grow Box, Not Compatible with E42A/A22/A10，Not Used in Grow Tent, 4-Gallon with Air Stones & Rapid Rooters","New","6","0","8","0","0","0","0","0","USD","3","4","4","4","Low traffic","99.99","0.0","99.99","0.0","NoRestockExcessActionRequired","","","0","0","","1.0","2.45916","cubic feet","Oversize","14.75496","US","gl_lawn_and_garden","383457","11","0","6","19","99.99","299.97","399.96","399.96","399.96","8","0","0","0","0","","0","0","0","0","","2","0","","","","","","","","","","","","","","","","","68.7","","","8","2026-05-07","2026-04-27","Yes","No","68.7","68.7","2026-04-27","6","0","2","0","14","unassigned","N","","",""
"2026-04-30","332567J","X001U19O8X","B07FJWM52K","VIVOSUN 2700 GPH Submersible Water Pump, 120W Pond Pump, Ultra Quiet Aquarium Pump with 15FT. Lift Height for Pond Waterfall, Fish Tank, Statuary, or Hydroponics","New","524","0","834","0","0","0","0","0","USD","151","347","518","616","","84.99","0.0","67.94","0.0","NoRestockExcessActionRequired","","0.0","0","0","0.0","0.91","0.377439","cubic feet","Other","197.778036","US","gl_lawn_and_garden","1741","79","0","11","21","67.94","10276.04","25057.38","38496.42","46530.94","513","268","53","0","0","197.14","483","408","0","75","","315","13","","","","","","","","","","","","","","","","","116.5","386","Healthy","","","2026-04-27","Yes","No","85.2","116.5","2026-04-27","1276","269","40","6","167","unassigned","N","","",""
"2026-04-30","311008-02x50J","X0013EY89R","B00W387078","VIVOSUN 50-Pack 2 Gallon Grow Bags for Plants, Black-and-White Panda Film Containers Thick Plastic Bag for Potting Seedlings, and Rooting","New","37","0","78","0","0","0","0","0","USD","74","337","538","708","","18.99","0.0","18.99","0.0","NoExcessInventory","","0.0","0","0","0.0","4.71","0.062963","cubic feet","Standard","2.329631","US","gl_lawn_and_garden","16895","23","0","6","9","18.99","1369.76","6262.13","10016.12","13208.42","78","0","0","0","0","0.57","505","312","120","73","","18","0","","","","","","","","","","","","","","","","","25.0","244","Low stock","173","2026-05-06","2026-04-27","No","Yes","19.7","25.0","2026-04-27","555","13","2","3","65","unassigned","N","","",""
"2026-04-30","VS-THB1S","X003QOMS49","B0BXP3XLLR","VIVOSUN AeroLab THB1S Wireless Bluetooth Hygrometer Thermometer Indoor, VPD, Digital Temp Humidity Meter, LCD Smart App Control & Alert, Data Storage, Dual Channels with Sensor Probe, Battery Included","New","565","0","611","0","0","0","0","0","USD","141","742","1425","2025","","18.99","0.0","18.04","17.14","NoRestockExcessActionRequired","","0.0","0","0","0.0","2.28","0.018946","cubic feet","Standard","10.70449","US","gl_lawn_and_garden","14011","22","0","12","15","18.04","2539.99","12963.75","25521.42","36871.5","558","53","0","0","0","5.19","1800","1800","0","0","","32","4","","","","","","","","","","","","","","","","","43.4","640","Low stock","","","2026-04-27","No","No","39.4","43.4","2026-04-27","2366","1","23","8","107","unassigned","N","","",""
"2026-04-30","MGS-PS10G6","X004DTI9WV","B0DG19HSPL","Maygrove 6 Pack Plant Saucer, 8 10 12 inch Plant Saucers for Indoor, Heavy Duty Plastic Plant Trays for pots, Grow Bags, Bird Baths, Flower Drip Trays for Indoor and Outdoor Uses (10"", Gray)","New","21","0","22","0","0","0","0","0","USD","9","18","18","18","","16.99","0.0","12.91","0.0","NoExcessInventory","","0.0","0","0","0.0","1.08","0.119213","cubic feet","Standard","2.503473","US","gl_lawn_and_garden","14341","78","0","21","69","12.26","116.19","243.94","243.94","243.94","0","22","0","0","0","1.22","75","55","20","0","","1","0","","","","","","","","","","","","","","","","","96.9","31","Low stock","","","2026-04-27","Yes","No","67.5","96.9","2026-04-27","96","0","1","0","243","unassigned","N","","",""
"2026-04-30","MGG-GH-RH100","X004G6M9TF","B0DLG589WW","Maygrove 100 ft Garden Hose, 5/8 in ID, Heavy-Duty, Leakproof, Kink-Resistant Water Hose with Swivel Brass Fittings, 600 PSI Burst Rating, Ideal for Car Wash & Lawn Watering","New","14","0","1","5","12","0","0","0","USD","7","41","64","66","","59.99","0.0","59.99","0.0","GoToRestock","","0.0","0","0","0.0","1.06","0.94171","cubic feet","Oversize","13.18394","US","gl_lawn_and_garden","65110","7","0","1","2","53.99","377.93","2242.99","3514.76","3631.74","1","0","0","12","0","1.7","0","0","0","0","","2","1","0","0.0","12","11.3","0","0.0","0","0.0","0","0.0","0","0.0","0","0.0","0","0.0","98.3","55","Low stock","134","2026-05-06","2026-04-27","Yes","No","26.2","98.3","2026-04-27","14","0","1","1","8","unassigned","N","","",""
"2026-04-30","VSGB-10","X003H2OUUP","B0BL8TRX3H","VIVOSUN 5-Pack 10 Gallon Grow Bags, 500G Thick Nonwoven Fabric Pots with Strap Handles, Multi-Purpose Rings, for Low Stress Plant Training Fruits, Vegetables, and Flowers","New","230","0","318","0","0","0","0","0","USD","152","618","1006","1175","","23.99","0.0","23.99","0.0","GoToRestock","","0.0","0","0","0.0","2.22","0.205832","cubic feet","Standard","47.34136","US","gl_lawn_and_garden","2935","43","0","4","7","23.99","3647.44","14676.38","23791.48","27845.9","259","59","0","0","0","42.5","481","390","0","91","","303","0","","","","","","","","","","","","","","","","","45.8","439","Healthy","31","2026-05-07","2026-04-27","No","No","27.6","45.8","2026-04-27","994","283","15","5","123","unassigned","N","","",""
"2026-04-30","VSVC-AZG4E42APR","X004R4V5PF","B0CBRSM7H7","VIVOSUN Smart Air Filtration PRO G4 Kit 4"", AeroZesh G4 Inline Duct Fan w/GrowHub E42A+ Temp. Humidity WiFi-Controller, Carbon Filter & Ducting, Cooling & Ventilation System for Grow Tent, Hydroponics","New","240","0","263","0","0","0","0","0","USD","18","114","283","383","","165.99","159.99","159.99","0.0","NoExcessInventory","","0.0","0","0","0.0","1.31","1.549479","cubic feet","Oversize","371.87496","US","gl_lawn_and_garden","22061","86","0","22","22","148.79","2689.42","17092.67","42355.47","57498.67","93","162","8","0","0","182.48","409","380","21","8","","14","2","","","","","","","","","","","","","","","","","69.3","133","Healthy","","","2026-04-27","Yes","No","64.6","69.3","2026-04-27","653","4","9","1","236","unassigned","N","","",""
"2026-04-30","330120x2J","X00280185H","B07TDJ6H7Z","VIVOSUN 2-Pack LCD Digital Aquarium Thermometer Fish Tank Water Terrarium Temperature with Suction Cup for Turtle","New","104","0","106","3","0","0","0","0","USD","14","87","143","200","Low traffic","9.99","0.0","9.99","0.0","NoExcessInventory","","0.0","0","0","0.0","1.04","0.017354","cubic feet","Standard","1.804816","US","gl_pet_products","20082","69","0","9","13","9.99","139.86","830.12","1387.54","1933.94","2","53","51","0","0","1.03","100","50","50","0","","5","0","","","","","","","","","","","","","","","","","86.9","72","Healthy","6","2026-05-07","2026-04-27","Yes","No","52.2","86.9","2026-04-27","208","4","1","0","93","unassigned","N","","",""
"2026-04-30","VGPF-1600","X003PMEZPH","B0BVB8FJKH","VIVOGROW Bio Pressure Pond Filter, with 13W UV-C Light, 1580 GPH Suitable for Koi Ponds up to 800 Gallons or Landscape Pools up to 1600 Gallons","","0","0","8","0","0","0","0","0","USD","0","154","314","366","","0.0","0.0","0.0","0.0","CreateShippingPlan","","","0","0","","3.28","1.627821","cubic feet","Oversize","0.0","US","gl_lawn_and_garden","47629","117","0","3","5","106.72","0.0","18347.2","37568.1","44033.54","1","7","0","0","0","","153","10","143","0","","0","0","","","","","","","","","","","","","","","","","33.6","133","Out of stock","178","2026-05-06","2026-04-27","Yes","No","9.2","33.6","2026-04-27","153","0","0","0","127","unassigned","N","","",""
"2026-04-30","308122J","X0019IDL45","B018VI744C","VIVOSUN Black and White Panda Film, 10' x 100' 5.5 Mil Poly Film, Blackout Tarp for Warm House","New","140","0","143","0","0","0","0","0","USD","9","72","159","213","","87.99","85.99","85.99","0.0","NoRestockExcessActionRequired","","0.0","0","0","0.0","1.6","0.806858","cubic feet","Oversize","112.96012","US","gl_lawn_and_garden","38099","112","0","21","23","85.99","782.91","6280.28","13724.86","18402.07","71","72","0","0","0","44.08","250","164","86","0","","6","1","","","","","","","","","","","","","","","","","54.4","95","Healthy","","","2026-04-27","Yes","No","53.2","54.4","2026-04-27","390","0","5","1","197","unassigned","N","","",""
"2026-04-30","SPray-08L-GJ","X0024GXAOR","B07QTHF9ZT","VIVOSUN 27oz Pump Sprayer, Handheld Garden Water Sprayer Bottle with Adjustable Brass Nozzle, for Spraying Plants, Flowers, Weeds and Cleaning, Green","New","1636","0","2266","0","0","0","0","0","USD","490","2163","3534","4552","","17.99","0.0","17.99","0.0","NoRestockExcessActionRequired","","0.0","0","0","0.0","1.55","0.249429","cubic feet","Standard","408.065844","US","gl_lawn_and_garden","1606","35","0","5","8","17.99","8808.1","37917.96","61853.25","79219.83","704","1562","0","0","0","191.07","1404","1332","0","72","","516","2","","","","","","","","","","","","","","","","","61.9","1730","Healthy","1630","2026-05-07","2026-04-27","No","No","44.3","61.9","2026-04-27","3336","296","205","15","70","unassigned","N","","",""
"2026-04-30","VSF-R410-B","X003TH9NLJ","B0C4S82H6W","VIVOSUN Quiet Register Booster Fan 4”×10”, Smart Register Vent with Intelligent Thermostat Control, Cooling Heating AC Vent Booster Fan, Brown","New","0","0","4","0","0","0","0","0","USD","17","151","255","314","","26.99","0.0","26.99","0.0","GoToRestock","","0.0","0","0","0.0","1.83","0.147125","cubic feet","Standard","0.0","US","gl_pc","67753","0","0","0","1","26.99","458.83","3967.49","6691.45","8968.86","4","0","0","0","0","0.05","36","36","0","0","","4","0","","","","","","","","","","","","","","","","","54.4","502","Low stock","786","2026-05-07","2026-04-27","No","No","12.8","54.4","2026-04-27","38","2","1","1","8","unassigned","N","","",""
"2026-04-30","304113-P105","X003XWZA71","B0CGHJMJGT","VIVOSUN P105 120""×60""×80"" PRO Grow Tent 5x10ft, with Thick 1 inch Poles, Strengthened High Reflective Mylar Oxford Fabric, Extra Hanging Bars & High CFM Kit for Hydroponics Indoor Plant for VSFD6500×2","New","5","0","7","0","0","0","0","0","USD","6","11","36","55","","329.99","0.0","255.99","0.0","NoRestockExcessActionRequired","","0.0","0","0","0.0","2.27","5.74783","cubic feet","Extra-large","28.73915","US","gl_lawn_and_garden","24195","111","0","15","10","255.99","1535.94","3168.74","10641.49","16104.37","0","7","0","0","0","8.05","38","8","30","0","","1","1","","","","","","","","","","","","","","","","","63.9","20","Low stock","","","2026-04-27","Yes","No","63.9","42.8","2026-04-27","43","0","1","0","143","unassigned","N","","",""
"2026-04-30","VGPF-2100","X003PMCU6D","B0BVBBLDLZ","VIVOGROW Bio Pressure Pond Filter, with 13W UV-C Light, 1840 GPH Suitable for Koi Ponds up to 1000 Gallons or Landscape Pools up to 2100 Gallons","","0","0","8","0","0","0","0","0","USD","4","62","197","244","","0.0","0.0","125.99","0.0","NoRestockExcessActionRequired","","","0","0","","4.58","1.950304","cubic feet","Oversize","0.0","US","gl_lawn_and_garden","47629","33","0","11","9","125.99","531.96","7932.38","25520.4","31861.43","8","0","0","0","0","","175","38","137","0","","13","1","","","","","","","","","","","","","","","","","23.9","133","Out of stock","67","2026-05-06","2026-04-27","Yes","No","4.2","23.9","2026-04-27","175","0","6","7","49","unassigned","N","","",""
"2026-04-30","332967-25","X004DC0WX7","B0DF2HNHZX","VIVOSUN 6 Inch 25-Pack Landscape Staples, Galvanized Steel Garden Stakes 11 Gauge U-Shaped Pins for Weed Barrier Fabric, Soaker Hose, Holding Fence","New","33","0","43","0","0","0","0","0","USD","11","48","87","107","","7.99","0.0","7.99","0.0","NoExcessInventory","","0.0","0","0","0.0","2.43","0.015129","cubic feet","Standard","0.499257","US","gl_lawn_and_garden","19664","37","0","13","19","7.99","87.89","383.52","695.13","854.19","43","0","0","0","0","0.14","125","75","0","50","","7","0","","","","","","","","","","","","","","","","","42.6","106","Low stock","56","2026-05-06","2026-04-27","Yes","No","41.9","42.6","2026-04-27","160","2","4","1","79","unassigned","N","","",""
"2026-04-30","VSFW001-BLUE-ZY","X003UN4QA5","B08LG2ZRB5","VIVOSUN Collapsible Folding Wagon, 350 lb Load-Bearing Outdoor Utility Cart with Silent Universal Wheels, Cup Holders &Side Pockets, Adjustable Handle, for Camping, Garden, Sports, Picnic, Shopping","New","2","0","0","2","0","0","0","0","USD","","","","","Low conversion","109.99","0.0","85.99","0.0","Lower price","","0.0","0","0","0.0","1.03","1.828125","cubic feet","Oversize","3.65625","US","gl_lawn_and_garden","14760","0","0","","","85.99","","","","","0","0","0","0","0","0.47","0","0","0","0","","0","0","","","","","","","","","","","","","","","","","","1","Healthy","583","2026-05-06","","","","","","2026-04-27","2","0","0","0","0","unassigned","N","","",""
"2026-04-30","VSK-GIYE448-US","X004T1JSA5","B093BJ4BKZ","VIVOSUN 4×4 Grow Tent Kit Complete System, WiFi-Controlled Grow System with Full Spectrum 400W LED Plant Grow Light, Automatic Ventilation, GrowHub Outlet A22 with Temperature and Humidity Sensor","New","17","0","22","0","0","0","0","0","USD","9","36","60","97","","599.0","0.0","569.05","0.0","NoRestockExcessActionRequired","","0.0","0","0","0.0","3.96","8.449942","cubic feet","Extra-large","143.649014","US","gl_lawn_and_garden","46516","121","0","15","18","569.05","5196.17","21106.04","35505.8","56505.43","22","0","0","0","0","30.46","119","32","87","0","","4","1","","","","","","","","","","","","","","","","","33.7","21","Low stock","","","2026-04-27","Yes","No","33.7","20.7","2026-04-27","136","0","4","0","169","unassigned","N","","",""
"2026-04-30","DWC-0002","X0031VZ2VX","B09JRRJVSJ","VIVOSUN DWC Hydroponics Grow System, 5-Gallon Deep Water Culture, Recirculating Drip Garden System with Multi-Purpose Air Hose, Air Pump, and Air Stone (4 Buckets + Top Drip Kit)","New","362","0","351","25","0","0","0","0","USD","21","160","332","509","","143.99","0.0","122.39","0.0","NoExcessInventory","","0.0","0","0","0.0","1.07","2.547432","cubic feet","Oversize","922.170384","US","gl_lawn_and_garden","40693","121","0","11","11","122.39","2630.63","19533.43","40504.06","62086.64","75","135","141","0","0","365.36","87","20","67","0","","10","0","","","","","","","","","","","","","","","","","83.2","256","Healthy","185","2026-05-07","2026-04-27","No","No","71.9","83.2","2026-04-27","452","3","6","1","131","unassigned","N","","",""
"2026-04-30","VSG-PS-002X3-US","X004X7G0KB","B0G3993LCF","VIVOSUN Gardening Hand Pruner Pruning Shear with Straight Stailess Steel Blades (Black, Straight Blade, 3 Pack)","New","1154","0","1239","0","0","0","0","0","USD","18","55","79","94","","12.99","0.0","9.39","0.0","Edit listing","","9.77","52","0","4318.03","0.12","0.03353","cubic feet","Standard","38.69362","US","gl_lawn_and_garden","156","366","0","98","187","9.39","170.02","564.65","833.81","1005.46","321","203","715","0","0","27.4","200","200","0","0","","108","0","","","","","","","","","","","","","","","","","906.3","187","Healthy","","","2026-04-27","Yes","No","733.1","906.3","2026-04-27","1354","0","108","0","366","unassigned","N","","",""
"2026-04-30","MGN-GSBL","X004MB4IWZ","B0F29CNDN9","Maygrove Gardening Sleeves Arm Protection for Women, Anti-Slip UV Protection Garden Sleeves for Women Thorn Proof, Farmers Defense Sleeve Cooling Garden Arm Cover for Outdoor Gardening, L, 1 Pair","New","128","0","103","3","0","25","0","0","USD","7","25","35","49","","15.99","0.0","9.99","0.0","NoExcessInventory","","0.0","0","0","0.0","0.42","0.017934","cubic feet","Apparel","2.295552","US","gl_apparel","30826","366","0","28","47","9.99","69.93","255.35","407.25","535.11","52","1","50","25","0","3.29","50","50","0","0","","3","0","0","0.0","0","0.0","0","0.0","0","0.0","0","0.0","25","2.67","0","0.0","0","0.0","233.1","33","Healthy","","","2026-04-27","Yes","No","205.5","233.1","2026-04-27","178","0","2","1","366","unassigned","N","","",""
"2026-04-30","RB-0001","X002ZFPXFL","B09CFZTTPP","VIVOSUN Collapsible Rain Barrel, 53 Gallon with 1000D Oxford Cloth, Portable Rain Collection System, Water Barrel Collector w/Filter Spigot, Green","New","95","0","108","0","0","0","0","0","USD","29","96","146","153","","55.99","0.0","50.53","0.0","NoRestockExcessActionRequired","","0.0","0","0","0.0","1.11","0.470906","cubic feet","Oversize","44.73607","US","gl_lawn_and_garden","18793","36","0","6","14","50.53","1501.85","5026.06","7344.12","7668.85","35","40","33","0","0","16.6","72","47","25","0","","5","1","","","","","","","","","","","","","","","","","93.2","81","Healthy","63","2026-05-06","2026-04-27","No","No","48.7","93.2","2026-04-27","168","1","2","2","58","unassigned","N","","",""
"2026-04-30","311006-1x5J","X002B6MFX7","B07XL3PWBY","VIVOSUN 5-Pack 1 Gallon Grow Bags, Fabric Pots with Self-Adhesion Sides for Transplanting","New","475","0","600","0","0","0","0","0","USD","38","218","403","518","","12.99","0.0","12.99","0.0","NoExcessInventory","","0.0","0","0","0.0","1.09","0.068101","cubic feet","Standard","32.347975","US","gl_lawn_and_garden","33149","109","0","12","17","12.99","489.62","2766.82","5117.97","6611.82","266","334","0","0","0","23.56","212","212","0","0","","124","0","","","","","","","","","","","","","","","","","85.7","296","Healthy","","","2026-04-27","No","No","78.3","85.7","2026-04-27","797","110","14","0","170","unassigned","N","","",""
"2026-04-30","VSN-PHUDK32","X004442OTT","B0CT88YRZP","VIVOSUN pH Up & pH Down Kit, 1 Quart Each, pH Control Kit for Balanced pH Level and Optimal Nutrient Uptake, pH Adjuster Liquid Fertilizer for All Plants and All Growing Systems","New","183","0","203","0","0","0","0","0","USD","57","247","501","738","Low traffic","36.99","0.0","31.44","0.0","CreateShippingPlan","","0.0","0","0","0.0","2.14","0.121313","cubic feet","Flammable","22.200279","US","gl_lawn_and_garden","38624","51","0","2","3","31.44","1793.93","8331.07","17508.48","25843.95","1","202","0","0","0","34.89","0","0","0","0","","250","0","","","","","","","","","","","","","","","","","45.2","236","Healthy","203","2026-05-07","2026-04-27","No","No","40.8","45.2","2026-04-27","423","240","8","2","52","unassigned","N","","",""
"2026-04-30","LR-0002","X003H3APNZ","B0BLC142KJ","VIVOSUN 48"" Lawn Leveling Rake, 48"" x 10"" x 78"" Heavy-Duty Stainless Steel Lawn Leveler with 7FT Adjuatble Long Handle for High Effect, Metal Levelawn for Smooth Soil, Rustproof Rakes for Garden Yard","","0","0","7","0","0","0","0","0","USD","229","357","1295","1399","","0.0","0.0","0.0","0.0","CreateShippingPlan","","","0","0","","2.44","1.189959","cubic feet","Oversize","0.0","US","gl_lawn_and_garden","10599","0","0","6","5","45.59","10561.71","20288.43","66608.65","72883.55","7","0","0","0","0","","591","590","0","1","","4","3","","","","","","","","","","","","","","","","","44.7","367","Out of stock","243","2026-05-06","2026-04-27","No","No","24.9","44.7","2026-04-27","591","0","3","1","48","unassigned","N","","",""
"2026-04-30","VSAW200","X0040W9G4L","B0CM8PP2VX","VIVOSUN AeroLight Wing AW200, Tunable Spectrum, LED Grow Light 200W with Integrated Circulation Fan, Compatible with App, Used with Controller E42A/E25 to Achieve More Functions","New","92","0","114","0","0","0","0","0","USD","19","82","152","213","","229.99","0.0","229.99","0.0","GoToRestock","","0.0","0","0","0.0","2.48","0.512351","cubic feet","Standard","47.136292","US","gl_lawn_and_garden","22668","65","0","4","6","229.99","4173.81","17507.18","33259.98","45959.37","114","0","0","0","0","26.02","8","8","0","0","","16","0","","","","","","","","","","","","","","","","","57.2","102","Low stock","96","2026-05-07","2026-04-27","No","No","57.2","44.1","2026-04-27","102","2","9","5","85","unassigned","N","","",""
"2026-04-30","332023J-2","X0046LUUSH","B0CZ85T9RY","VIVOSUN 2-Pack Jewelry Loupe, Slide-Out Magnifier, 30X/60X/90X LED Lighted Eye Loupe with UV Light for Jewelry, Diamonds, Gems, Coins, Stamps, and Rocks, Black","New","601","0","503","104","0","0","0","0","USD","36","115","196","277","","19.99","0.0","19.99","0.0","NoExcessInventory","","0.0","0","0","0.0","0.5","0.006824","cubic feet","Standard","4.101224","US","gl_home","14565","233","0","33","45","16.99","618.64","2102.85","3643.54","5167.53","124","129","250","0","0","2.75","360","120","120","120","","16","0","","","","","","","","","","","","","","","","","194.7","334","Healthy","","","2026-04-27","No","No","194.1","194.7","2026-04-27","962","1","14","1","276","unassigned","N","","",""
"2026-04-30","304114-32","X003RF588F","B07HQHG311","VIVOSUN D325 2-in-1 3x2 Grow Tent, 36""x24""x53"" High Reflective Mylar with Multi-Chamber and Floor Tray for Hydroponic Indoor Plant","New","45","0","46","0","0","0","0","0","USD","6","19","38","65","","119.99","0.0","107.99","0.0","NoExcessInventory","","0.0","0","0","0.0","1.67","2.050781","cubic feet","Oversize","92.285145","US","gl_lawn_and_garden","50102","92","0","17","17","107.99","647.94","2051.81","4090.23","6997.97","11","32","3","0","0","39.47","40","40","0","0","","1","0","","","","","","","","","","","","","","","","","84.7","41","Healthy","","","2026-04-27","Yes","No","84.7","62.4","2026-04-27","85","0","1","0","173","unassigned","N","","",""
"2026-04-30","TT-001J","X002TJM6JJ","B08XQLDTFD","VIVOSUN Heavy Duty 2-in-1 Trimming Tray, Dry Sift Screen Set with 150 Micron Fine Mesh Screen and 2 Trimming Scissors, Blue","New","236","0","179","61","0","0","0","0","USD","4","27","81","140","","54.99","0.0","54.99","0.0","NoExcessInventory","","0.0","0","0","0.0","0.54","0.349494","cubic feet","Oversize","82.480584","US","gl_lawn_and_garden","92255","195","0","52","32","54.99","219.96","1475.72","4420.04","7659.86","1","48","130","0","0","39.58","116","40","76","0","","6","0","","","","","","","","","","","","","","","","","250.3","171","Healthy","","","2026-04-27","Yes","No","250.3","167.7","2026-04-27","352","0","6","0","225","unassigned","N","","",""
"2026-04-30","LEK-001","X0040V3PYJ","B0CM6884Z8","VIVOSUN Landscape Edging Kit 33ft Long 2in High, No-Dig Plastic Garden Border Edging with 30 Anchoring Spikes & Scissors, Black","New","67","0","25","23","23","0","0","0","USD","1","18","29","31","Low traffic","22.99","0.0","22.99","0.0","NoExcessInventory","","0.0","0","0","3.99","0.35","0.421187","cubic feet","Standard","28.219529","US","gl_lawn_and_garden","213294","92","0","14","28","22.99","22.99","387.37","594.26","635.64","1","0","24","23","0","20.98","0","0","0","0","","5","0","22","4.62","2","0.84","0","0.0","0","0.0","0","0.0","0","0.0","0","0.0","0","0.0","268.9","37","Healthy","30","2026-05-06","2026-04-27","Yes","No","147.9","268.9","2026-04-27","67","0","5","0","107","unassigned","N","","",""
"2026-04-30","MGG-GS12-J10J","X004LF1H7B","B0DZ51C9CL","Maygrove 12 Inch Rebar Stakes Heavy Duty 10 Pack, J Hook Ground Stakes, Galvanized Steel Trampoline Stakes, Tent Anchor Kit Anti-Rust, Drip Hose Wind Stakes, Black","New","38","0","31","7","0","0","0","0","USD","2","5","15","19","Low traffic","19.99","0.0","19.99","0.0","NoExcessInventory","","0.0","0","0","0.0","0.49","0.052606","cubic feet","Standard","1.999028","US","gl_lawn_and_garden","44849","60","0","30","26","19.99","39.98","99.95","281.85","352.81","1","0","30","0","0","1.28","0","0","0","0","","1","0","","","","","","","","","","","","","","","","","307.0","44","Low stock","22","2026-05-05","2026-04-27","Yes","No","307.0","180.0","2026-04-27","38","0","1","0","62","unassigned","N","","",""
"2026-04-30","330101x4","X003S7BF61","B0C1Z4F535","VIVOSUN 4-Pack 10"" x 20.75"" Durable Waterproof Seedling Heat Mat, UL & MET-Certified Warm Hydroponic Heating Pad for Germination, Indoor Gardening, Greenhouse","New","55","0","69","0","0","0","0","0","USD","2","45","161","292","Low traffic","53.99","0.0","53.99","0.0","NoExcessInventory","","0.0","0","0","0.0","2.79","0.119254","cubic feet","Standard","6.55897","US","gl_lawn_and_garden","130493","84","0","16","8","53.99","107.98","2382.39","8610.57","15058.62","66","3","0","0","0","3.52","132","120","0","12","","14","0","","","","","","","","","","","","","","","","","28.9","114","Low stock","","","2026-04-27","Yes","No","28.6","28.9","2026-04-27","201","14","0","0","169","unassigned","N","","",""
"2026-04-30","VSF-AWD4x2","X004181TK3","B0CMZFSLCL","VIVOSUN AeroWave D4, 4” Grow Tent Clip Fan with Detachable Hook, 3-Speed Strong & Quiet Airflow, Adjustable Airflow Angle for Hydroponics, Circulation & Cooling, Black, 2-Pack","New","570","0","661","0","0","0","0","0","USD","182","781","1970","2749","","37.99","0.0","37.99","36.09","NoExcessInventory","","0.0","0","0","0.0","3.13","0.108378","cubic feet","Standard","61.77546","US","gl_home","6810","23","0","16","15","37.99","6911.83","29942.12","74261.95","103342.12","638","23","0","0","0","21.93","2699","2619","0","80","","66","1","","","","","","","","","","","","","","","","","32.7","1893","Low stock","1202","2026-05-06","2026-04-27","No","No","32.7","30.7","2026-04-27","3308","39","16","11","97","unassigned","N","","",""
"2026-04-30","VSVC-AZG4","X003W4A5JD","B0CBRLZJHL","VIVOSUN Smart Air Filtration G4 Kit 4"", AeroZesh G4 Inline Duct Fan with E12 Speed Controller, Carbon Filter & 8' Ducting, Cooling & Ventilation System for Grow Tents, Indoor Gardening, Hydroponics","New","173","0","207","0","0","0","0","0","USD","43","91","187","370","","113.99","0.0","113.99","0.0","NoExcessInventory","","0.0","0","0","0.0","3.35","1.688112","cubic feet","Oversize","292.043376","US","gl_lawn_and_garden","15350","131","0","43","34","113.99","4901.57","10355.99","21270.53","42113.6","207","0","0","0","0","128.72","812","362","450","0","","30","0","","","","","","","","","","","","","","","","","26.3","287","Low stock","","","2026-04-27","No","Yes","26.3","18.7","2026-04-27","1003","18","4","8","220","unassigned","N","","",""
"2026-04-30","Amazon.Found.B081R8VNGY","B081R8VNGY","B081R8VNGY","VIVOSUN Hydroponics Growing System 90 Plant Sites, 3 Layers 10 Food-Grade PVC-U Pipes Hydroponic Gardening System Grow Kit with Water Pump, Pump Timer, Nest Basket and Sponge for Leafy Vegetables","New","1","0","0","1","0","0","0","0","USD","","","","","Low conversion","124.99","0.0","99.99","0.0","Lower price","","0.0","0","0","0.0","1.05","1.975188","cubic feet","Oversize","1.975188","US","gl_lawn_and_garden","45249","1","0","","","99.99","","","","","0","0","0","0","0","0.25","0","0","0","0","","0","0","1","0.99","0","0.0","0","0.0","0","0.0","0","0.0","0","0.0","0","0.0","0","0.0","","","","130","2026-05-06","","","","","","2026-04-27","1","0","0","0","1","unassigned","N","","",""
"2026-04-30","RB-0002","X003AH3SOL","B0B4N9RYJC","VIVOSUN Collapsible Rain Barrel, 100 Gallon Water Storage Tank with 1000D Oxford Cloth, Portable Rain Collection System Includes Two Spigots and Overflow Kit, Green","","0","0","6","0","0","0","0","0","USD","17","88","129","149","","0.0","0.0","0.0","0.0","CreateShippingPlan","","","0","0","","2.48","0.850694","cubic feet","Oversize","0.0","US","gl_lawn_and_garden","18793","0","0","0","0","60.46","1037.18","5733.17","8448.08","9791.88","2","4","0","0","0","","0","0","0","0","","1","0","","","","","","","","","","","","","","","","","40.9","102","Out of stock","262","2026-04-29","2026-04-27","No","No","16.9","40.9","2026-04-27","0","0","1","0","0","unassigned","N","","",""
"2026-04-30","311021-3x5J","X0015Q9OLZ","B01I1D9N9Q","VIVOSUN 5-Pack 3 Gallons Grow Bags Heavy Duty Thickened Nonwoven Fabric Pots with Strap Handles Tan","New","266","0","358","0","0","0","0","0","USD","141","564","1050","1273","","15.99","0.0","15.99","0.0","CreateShippingPlan","","0.0","0","0","0.0","2.43","0.092635","cubic feet","Standard","24.64091","US","gl_lawn_and_garden","30","29","0","5","7","15.99","2250.82","8916.76","16305.79","19776.3","251","107","0","0","0","22.25","510","510","0","0","","307","0","","","","","","","","","","","","","","","","","45.0","424","Healthy","475","2026-05-06","2026-04-27","No","No","29.7","45.0","2026-04-27","1048","272","31","4","71","unassigned","N","","",""
"2026-04-30","GP0001-6J","X0024JNEOP","B07R22S3B5","VIVOSUN 50 Pcs 6 Inch Plastic Plant Nursery Pots, Seed Starting Pot, Flower Plant Container for Seedlings, Cuttings, Transplanting","New","275","0","354","0","0","0","0","0","USD","83","348","655","791","","24.99","0.0","22.49","21.37","GoToRestock","","0.0","0","0","0.0","1.41","0.593726","cubic feet","Standard","163.27465","US","gl_lawn_and_garden","23402","42","0","4","6","22.49","1871.67","8164.02","15338.04","18620.43","28","289","37","0","0","67.79","129","125","0","4","","63","6","","","","","","","","","","","","","","","","","70.2","228","Healthy","","","2026-04-27","No","No","46.7","70.2","2026-04-27","422","18","40","5","87","unassigned","N","","",""
"2026-04-30","CC-001-6","X003WBQYCN","B0CC51TLTH","VIVOSUN Coco Coir Brick, 1.4lbs 100% Natural Organic Compressed Coconut Coir Fiber with Low EC, PH Balance & High Nutrition, Coconut Fiber Substrate, Coconut Soil for Plants, 6-Pack","New","122","0","136","0","0","0","0","0","USD","11","50","102","128","","29.99","0.0","29.99","0.0","NoRestockExcessActionRequired","","0.0","0","0","0.0","1.14","0.334133","cubic feet","Standard","40.764226","US","gl_lawn_and_garden","26799","83","0","10","12","29.99","329.89","1421.5","2845.18","3619.19","82","54","0","0","0","25.37","4","0","0","4","","13","0","","","","","","","","","","","","","","","","","70.2","59","Healthy","14","2026-05-06","2026-04-27","Yes","No","70.2","65.2","2026-04-27","130","4","6","3","92","unassigned","N","","",""
"2026-04-30","VSFW001-GRAY-ZYJ","X00416HQO3","B08LGKCWWN","VIVOSUN Collapsible Folding Wagon, 350 lb Load-Bearing Outdoor Utility Cart with Silent Universal Wheels, Cup Holders &Side Pockets, Adjustable Handle, for Camping, Garden, Sports, Picnic, Shopping","New","44","0","1","21","23","0","0","0","USD","4","15","37","53","","109.99","94.48","94.48","0.0","GoToRestock","","0.0","0","0","0.0","0.73","1.65625","cubic feet","Oversize","72.875","US","gl_lawn_and_garden","14760","48","0","11","10","94.48","368.94","1352.83","3200.61","4544.45","1","0","0","23","0","56.62","0","0","0","0","","1","0","43","35.62","0","0.0","0","0.0","0","0.0","0","0.0","0","0.0","0","0.0","0","0.0","123.1","78","Low stock","106","2026-05-07","2026-04-27","Yes","No","109.6","123.1","2026-04-27","44","0","0","1","49","unassigned","N","","",""
"2026-04-30","Amazon.Found.B09BMQ4J34","B09BMQ4J34","B09BMQ4J34","VIVOSUN 2-Piece Leaf Rake Set - Adjustable Garden/Camping Rake with 15/9 Tines, Collapsing Tines & Telescopic Handle (64'' & 30'')","","0","0","0","0","1","0","0","0","USD","0","0","1","1","","0.0","0.0","0.0","0.0","CreateShippingPlan","","","0","0","","3.7","0.436551","cubic feet","Oversize","0.0","US","gl_lawn_and_garden","10599","0","0","","0","15.99","0.0","0.0","28.99","28.99","0","0","0","1","0","","0","0","0","0","","0","0","1","0.22","0","0.0","0","0.0","0","0.0","0","0.0","0","0.0","0","0.0","0","0.0","","","","488","2026-04-29","","","","","49.0","2026-04-27","0","0","0","0","0","unassigned","N","","",""
"2026-04-30","MGG-GS12-U10J","X004LF25N1","B0DZ4TZKST","Maygrove 12 Inch Rebar Stakes Heavy Duty 10 Pack, U Shaped Ground Stakes, Galvanized Steel Trampoline Stakes, Tent Anchor Kit Anti-Rust, Drip Hose Wind Stakes, Black","New","0","0","15","0","0","0","0","0","USD","35","39","47","53","Low traffic","24.99","0.0","17.49","0.0","CreateShippingPlan","","0.0","0","0","0.0","1.12","0.056694","cubic feet","Other","0.0","US","gl_lawn_and_garden","44849","21","0","3","7","17.49","612.15","697.11","882.03","1017.29","8","0","7","0","0","1.25","32","0","32","0","","11","0","","","","","","","","","","","","","","","","","133.1","26","Out of stock","8","2026-05-07","2026-04-27","Yes","No","79.0","133.1","2026-04-27","32","0","3","8","31","unassigned","N","","",""
"2026-04-30","311001-15x10","X002N55JYD","B08HRW31D4","VIVOSUN 10-Pack 15 Gallon Grow Bags, Reinforced Planter Fabric Pots for Gardening Black","New","0","0","108","0","0","0","0","0","USD","51","574","1071","1224","","29.99","0.0","29.99","0.0","GoToRestock","","0.0","0","0","0.0","3.1","0.601102","cubic feet","Standard","0.0","US","gl_lawn_and_garden","1974","29","0","4","6","29.99","1525.51","16471.52","30661.33","35202.04","108","0","0","0","0","18.78","580","540","40","0","","222","1","","","","","","","","","","","","","","","","","26.6","309","Low stock","26","2026-05-06","2026-04-27","No","Yes","10.9","26.6","2026-04-27","754","174","31","17","303","unassigned","N","","",""
"2026-04-30","VSN-SX8-US","X004S1VICR","B0FJM2LCY8","VIVOSUN StemX (0-0-2) Silica for Plants, Soluble Liquid Silicon, Plant Supplement Fertilizer, Nutrient Solution for Strong Stems and Healthy Leaves, Boost Resilience, pH Balance, 8 oz","New","176","0","186","0","0","0","0","0","USD","16","114","216","295","Low traffic","15.99","0.0","15.99","0.0","CreateShippingPlan","","0.0","0","0","0.0","1.54","0.014239","cubic feet","Standard","2.506064","US","gl_lawn_and_garden","71353","60","0","6","7","15.99","249.34","1625.87","3109.85","4217.56","5","181","0","0","0","1.22","0","0","0","0","","14","0","","","","","","","","","","","","","","","","","58.4","120","Healthy","46","2026-05-06","2026-04-27","Yes","No","58.4","52.6","2026-04-27","180","4","9","1","64","unassigned","N","","",""
"2026-04-30","332582-20","X0044G1LUF","B0CTTB445C","VIVOSUN 260GPH 20W Submersible Water Pump for Fish Tank, Pond, Aquarium, Hydroponic Systems with 6ft Power Cord and 3 Outlet Adapters, Blue","New","182","0","300","0","0","0","0","0","USD","106","371","681","886","","19.99","0.0","16.99","0.0","NoRestockExcessActionRequired","","0.0","0","0","0.0","2.69","0.073978","cubic feet","Standard","13.463996","US","gl_lawn_and_garden","2926","28","0","9","12","16.99","1859.44","6776.79","12560.69","16518.14","283","17","0","0","0","4.78","702","612","36","54","","95","1","","","","","","","","","","","","","","","","","40.1","393","Low stock","132","2026-05-06","2026-04-27","No","No","33.7","40.1","2026-04-27","954","70","18","7","94","unassigned","N","","",""
"2026-04-30","332596J","X0042PQRV1","B0CQJG8YCH","VIVOSUN 2700 GPH Submersible Water Pump with Barrier Bag, 120W Pond Pump with 15FT. Lift Height, Ultra Quiet Aquarium Pump for Pond, Waterfall, Fish Tank, Statuary, Hydroponic","New","115","0","143","0","0","0","0","0","USD","10","69","158","196","","86.99","0.0","80.99","0.0","NoExcessInventory","","0.0","0","0","0.0","1.36","0.353558","cubic feet","Standard","40.65917","US","gl_lawn_and_garden","62775","38","0","20","23","80.99","664.38","4721.73","11193.14","13936.46","62","81","0","0","0","27.58","232","216","0","16","","25","0","","","","","","","","","","","","","","","","","72.6","135","Healthy","","","2026-04-27","No","No","62.6","72.6","2026-04-27","369","22","0","3","159","unassigned","N","","",""
"2026-04-30","GP0001-4J","X0024HQIV3","B07QWNL67H","VIVOSUN 100 Pcs 4 Inch Plastic Plant Nursery Pots, Seed Starting Pot, Flower Plant Container for Seedlings, Cuttings, Transplanting","New","242","0","310","57","0","0","0","0","USD","33","183","378","456","","19.99","0.0","17.99","0.0","CreateShippingPlan","","0.0","0","0","0.0","0.87","0.349367","cubic feet","Standard","84.546814","US","gl_lawn_and_garden","23402","89","0","5","6","17.99","593.67","3413.42","7028.47","8553.69","1","141","168","0","0","46.95","0","0","0","0","","117","0","","","","","","","","","","","","","","","","","111.8","103","Healthy","","","2026-04-27","No","No","66.1","111.8","2026-04-27","260","18","98","1","132","unassigned","N","","",""
"2026-04-30","VSK-GIYP426-US","X004T1EJX1","B0CMQ5P338","VIVOSUN Smart Pro Grow Tent Kit 2x4 Complete Grow System WiFi-Integrated Automatic Control with GrowHub E42A+, 2-in-1 Tunable Spectrum LED Grow Light, 360° Ventilation & Circulation Control System","New","48","0","54","0","0","0","0","0","USD","10","30","74","104","","569.99","0.0","484.49","0.0","NoRestockExcessActionRequired","","0.0","0","0","0.0","2.06","6.380208","cubic feet","Extra-large","306.249984","US","gl_lawn_and_garden","242777","87","0","17","16","484.49","5158.4","16045.2","39696.79","55143.49","29","25","0","0","0","111.26","80","20","59","1","","8","0","","","","","","","","","","","","","","","","","57.7","22","Healthy","","","2026-04-27","Yes","No","57.7","40.4","2026-04-27","128","0","6","2","119","unassigned","N","","",""
"2026-04-30","MGN-MP48","X004HY2R89","B0DQ81NLQL","Maygrove 3-Pack 48” Bendable Moss Pole Monstera Plant Support for Climbing Indoors Plants, Coir Moss Poles Moss Sticks Plant Pole DIY, Plant Support Stake for Potted Plants","New","368","0","392","0","0","0","0","0","USD","20","46","88","122","","19.99","0.0","18.99","0.0","Create Outlet deal","","9.99","2","0","97.81","0.41","0.145389","cubic feet","Standard","53.503152","US","gl_lawn_and_garden","26894","169","0","38","47","18.99","379.8","877.54","1699.12","2355.78","101","124","167","0","0","38.86","80","40","40","0","","31","0","","","","","","","","","","","","","","","","","285.9","172","Healthy","","","2026-04-27","Yes","No","285.9","219.6","2026-04-27","468","20","10","1","201","unassigned","N","","",""
"2026-04-30","304114-94","X003REH9A1","B07PFVC3KN","VIVOSUN D948 2-in-1 9x4 Grow Tent, 108""x48""x80"" High Reflective Mylar with Multi-Chamber and Floor Tray for Hydroponic Indoor Plant","New","23","0","21","0","0","0","0","0","USD","1","5","10","22","","269.99","0.0","242.99","0.0","NoRestockExcessActionRequired","","0.0","0","0","0.0","0.84","3.445313","cubic feet","Extra-large","79.242199","US","gl_lawn_and_garden","181026","136","0","28","20","242.99","242.99","1214.95","2500.1","5481.94","0","19","2","0","0","36.81","12","7","5","0","","4","0","","","","","","","","","","","","","","","","","224.5","18","Healthy","","","2026-04-27","Yes","No","224.5","104.1","2026-04-27","35","0","4","0","186","unassigned","N","","",""
"2026-04-30","RB-0002B","X003P48A65","B0BTYJPN3T","VIVOSUN Collapsible Rain Barrel, 100 Gallon Water Storage Tank with 1000D Oxford Cloth, Portable Rain Collection System Includes Two Spigots and Overflow Kit, Black","","0","0","14","0","0","0","0","0","USD","54","118","165","186","","0.0","0.0","59.84","0.0","CreateShippingPlan","","","0","0","","1.77","0.911033","cubic feet","Oversize","0.0","US","gl_lawn_and_garden","18793","0","0","0","0","59.84","3335.99","7576.55","10611.13","11794.92","2","12","0","0","0","","0","0","0","0","","0","0","","","","","","","","","","","","","","","","","68.2","82","Out of stock","228","2026-04-30","2026-04-27","No","No","31.0","68.2","2026-04-27","0","0","0","0","0","unassigned","N","","",""
"2026-04-30","PHP-0001","X0048WWBKT","B0D4L8Y7BT","VIVOSUN 18-Pack pH Meter Buffer Solution Powder, pH 6.86/4.00/9.18, pH Buffer Powder for Precise and Easy pH Tester Calibration","New","1118","0","1158","0","0","0","0","0","USD","120","504","877","1109","","9.99","0.0","9.49","0.0","NoRestockExcessActionRequired","","0.0","0","0","0.0","1.19","0.004686","cubic feet","Standard","5.238948","US","gl_biss","12633","67","0","12","18","9.49","1110.81","4599.64","8053.86","10578.08","778","5","375","0","0","3.11","450","450","0","0","","23","0","","","","","","","","","","","","","","","","","83.1","475","Healthy","48","2026-05-07","2026-04-27","No","No","80.7","83.1","2026-04-27","1569","1","18","4","101","unassigned","N","","",""
"2026-04-30","VSV-IFB4","X003PT4YIN","B0BVPW3B35","VIVOSUN Inline Booster Duct Fan 4” 106 CFM with Speed Controller, HVAC Exhaust Ventilation Fan with Low Noise for Basements, Bathrooms, Kitchens, Attics, Grow Tents","New","59","0","68","0","0","0","0","0","USD","6","50","131","197","","25.99","0.0","27.99","0.0","GoToRestock","","0.0","0","0","0.0","1.59","0.097823","cubic feet","Standard","5.771557","US","gl_home","93022","38","0","4","3","25.99","166.54","1389.7","3612.97","5438.65","1","67","0","0","0","2.66","0","0","0","0","","33","0","","","","","","","","","","","","","","","","","65.0","112","Low stock","188","2026-05-06","2026-04-27","Yes","No","65.0","49.4","2026-04-27","68","9","24","0","50","unassigned","N","","",""
"2026-04-30","HR-0000B","X003XOGWOJ","B0CG1MWVFW","VIVOSUN Outdoor Handrail, 2 Step Stair Handrail, 26"" x 36"" Fits 1 to 2 Steps, Wrought Mattle Iron Stair Railing with Curved Ends and Balusters for Concrete Steps, Porch Steps, One-step Assembly, Black","New","1141","0","744","437","0","0","0","0","USD","136","582","922","1092","","79.99","0.0","75.99","0.0","NoRestockExcessActionRequired","","0.0","0","0","0.0","0.65","1.072653","cubic feet","Oversize","1223.897073","US","gl_home_improvement","2999","58","0","7","13","75.99","9886.36","38302.48","60353.29","71599.44","5","530","209","0","0","530.67","0","0","0","0","","56","14","","","","","","","","","","","","","","","","","146.2","467","Healthy","","","2026-04-27","No","No","86.8","146.2","2026-04-27","1145","4","50","2","59","unassigned","N","","",""
"2026-04-30","VSV-AZT6E42A","X003QMNYOT","B0BMTK8J3P","VIVOSUN T6 6"" Inline Duct Fan & Temperature Humidity Controller, E42A+ WiFi-App Control AeroZesh Grow Tent Fan& Smart Thermostat, 408 CFM EC Motor Exhaust Fan for Heating Cooling, Greenhouse Accessory","","0","0","0","1","3","0","0","0","USD","0","0","0","0","","0.0","0.0","120.99","0.0","NoRestockExcessActionRequired","","","0","0","","0.74","0.772421","cubic feet","Oversize","0.0","US","gl_lawn_and_garden","26793","0","0","","","120.99","0.0","0.0","0.0","0.0","0","0","0","3","0","","0","0","0","0","","4","0","0","0.0","3","2.32","0","0.0","0","0.0","0","0.0","0","0.0","0","0.0","0","0.0","","24","Out of stock","113","2026-05-06","","","","","","2026-04-27","0","0","4","0","1","unassigned","N","","",""
"2026-04-30","L000001-10J","X001B1UVU7","B01N5MHXQD","VIVOSUN 6 Mil Mylar Film Roll, 4 ft. x 10 ft. Diamond Film Foil Roll, Heavy-Duty Reflective Film for Grow Tent, Warm House, and Grow Room (10 ft.)","New","141","0","160","0","0","0","0","0","USD","11","67","152","209","","32.99","0.0","32.99","0.0","NoRestockExcessActionRequired","","0.0","0","0","0.0","1.49","0.203766","cubic feet","Oversize","28.731006","US","gl_lawn_and_garden","48776","110","0","17","17","32.99","322.39","2011.33","4633.48","6511.41","74","83","3","0","0","12.7","144","108","36","0","","14","2","","","","","","","","","","","","","","","","","63.7","61","Healthy","","","2026-04-27","Yes","No","63.7","56.4","2026-04-27","294","9","1","4","181","unassigned","N","","",""
"2026-04-30","MGN-GSDM","X004MB4ILB","B0F29D1XK3","Maygrove Gardening Sleeves Arm Protection for Women, Anti-Slip UV Protection Garden Sleeves for Women Thorn Proof, Farmers Defense Sleeve Cooling Garden Arm Cover for Outdoor Gardening, M, 1 Pair","","0","0","1","0","0","0","0","0","USD","6","96","134","154","","0.0","0.0","0.0","0.0","NoRestockExcessActionRequired","","","0","0","","2.68","0.019807","cubic feet","Apparel","0.0","US","gl_apparel","30826","0","0","8","16","9.99","59.94","987.44","1561.46","1873.26","1","0","0","0","0","","200","200","0","0","","1","0","","","","","","","","","","","","","","","","","43.5","97","Out of stock","","","2026-04-27","No","No","15.7","43.5","2026-04-27","200","0","0","1","113","unassigned","N","","",""
"2026-04-30","VSE-VT001","X004H95LN7","B0DP28GKWJ","VIVOSUN VPD Thermometer, Handheld Environmental Monitor, Precision Infrared Laser Thermometer Gun with Adjustable Emissivity, Leaf VPD and Temperature Monitoring for Plants, Grow Tents, HVAC","New","308","0","311","0","0","0","0","0","USD","13","93","180","272","","29.99","0.0","26.99","0.0","NoExcessInventory","","0.0","0","0","0.0","1.19","0.04261","cubic feet","Standard","13.12388","US","gl_biss","98062","138","0","23","26","26.99","350.87","2612.81","5114.12","7822.2","202","6","103","0","0","10.72","240","240","0","0","","5","0","","","","","","","","","","","","","","","","","92.3","62","Healthy","","","2026-04-27","No","No","92.3","73.7","2026-04-27","548","0","4","1","235","unassigned","N","","",""
"2026-04-30","GH-0013","X002XSYS0V","B097XQWY28","VIVOSUN Portable Mini Greenhouse 47x23x23-Inch Tunnels, PE Cover with Roll-up Zipper Door, for Indoor Outdoor or Garden Plant Growing, White","New","122","0","131","0","0","0","0","0","USD","35","91","163","194","","39.99","0.0","33.99","0.0","NoRestockExcessActionRequired","","0.0","0","0","0.0","0.96","0.559028","cubic feet","Oversize","68.201416","US","gl_lawn_and_garden","23234","37","0","7","11","33.99","1205.65","3277.09","5870.37","7109.56","10","3","118","0","0","26.15","53","53","0","0","","11","0","","","","","","","","","","","","","","","","","103.8","103","Healthy","99","2026-05-07","2026-04-27","No","No","74.5","103.8","2026-04-27","176","1","9","1","63","unassigned","N","","",""
"2026-04-30","306101W-4J","X0018M0OF1","B01M7S46YZ","VIVOSUN D4 4 Inch 195 CFM Inline Duct Ventilation Fan, HVAC Vent Blower for Grow Tent, Attic, Basements or Kitchen, Hydroponics Exhaust Booster Fan","New","2583","0","2691","0","0","0","0","0","USD","124","646","1685","2978","","29.99","0.0","29.99","0.0","NoRestockExcessActionRequired","","0.0","0","0","0.0","0.9","0.450138","cubic feet","Standard","1162.706454","US","gl_home_improvement","9995","105","0","27","19","29.99","3679.7","18568.75","47034.31","81510.59","127","55","2509","0","0","428.05","1878","1776","0","102","","129","6","","","","","","","","","","","","","","","","","135.2","1900","Healthy","","","2026-04-27","No","No","135.2","90.8","2026-04-27","4509","48","59","22","187","unassigned","N","","",""
"2026-04-30","WB-30-2","X0048MU18D","B0D44YMHGR","VIVOSUN 30-Gallon Collapsible Garden Bag, Yard Waste Bin with Hard-Shell Bottom, Leaf Scoops and Gloves, Collapsible Yard Waste Containers for Lawn Care and Camping, 2-Pack","New","72","0","63","12","0","0","0","0","USD","5","21","50","60","","56.99","0.0","50.39","0.0","NoRestockExcessActionRequired","","0.0","0","0","0.0","0.75","0.9375","cubic feet","Oversize","67.5","US","gl_home","45986","216","0","40","45","50.39","251.95","1078.99","2641.5","3191.6","21","12","30","0","0","30.84","138","78","60","0","","2","0","","","","","","","","","","","","","","","","","122.4","49","Healthy","","","2026-04-27","Yes","No","109.6","122.4","2026-04-27","210","0","2","0","350","unassigned","N","","",""
"2026-04-30","TGB-0001","X00430L21Z","B0CQZDPZ59","VIVOSUN 3-Pack 7 Gallon Visible Potato Grow Bags, 320G Thick Nonwoven Fabric Pots with Strap Handles, Shade Cloth & 10 Pcs Plant Labels for Flowers, Vegetables","New","19","0","33","0","0","0","0","0","USD","12","55","151","218","","19.99","0.0","19.99","0.0","NoExcessInventory","","0.0","0","0","0.0","4.6","0.098876","cubic feet","Standard","1.878644","US","gl_lawn_and_garden","37167","50","0","15","12","19.99","239.88","1098.95","3016.99","4356.32","33","0","0","0","0","1.21","196","140","56","0","","10","0","","","","","","","","","","","","","","","","","16.5","86","Low stock","","","2026-04-27","Yes","No","11.0","16.5","2026-04-27","224","9","1","0","205","unassigned","N","","",""
"2026-04-30","SST-0001","X0032PJPST","B09LQFNH6T","VIVOSUN 6-Pack Seed Starter Trays, 72-Cell Seed Starter Kit with Humidity Dome, Flat Reusable Plant Germination Trays with Drain Hole, Green Propagation Tray for Planting Seeds","New","121","0","265","0","0","0","0","0","USD","150","1556","3055","3453","","13.99","0.0","13.99","12.54","GoToRestock","","0.0","0","0","0.0","1.91","0.126676","cubic feet","Standard","15.327796","US","gl_lawn_and_garden","10075","8","0","1","1","13.99","2080.2","19146.56","38157.18","43297.92","13","252","0","0","0","5.07","320","320","0","0","","114","1","","","","","","","","","","","","","","","","","52.2","1685","Low stock","3356","2026-05-07","2026-04-27","No","No","20.3","52.2","2026-04-27","543","102","7","5","22","unassigned","N","","",""
"2026-04-30","306106-124J","X002EYVHKX","B082TY8RR5","VIVOSUN Stainless Steel Air Ducting Clamps, 6/8/12 Inch Adjustable Hose Clamps with Worm Drive for Ducting, Heating, Cooling, Exhaust, and Ventilation (Pack of 4)","New","86","0","82","7","0","0","0","0","USD","0","6","14","21","","27.99","0.0","19.79","0.0","NoExcessInventory","","0.0","0","0","6.88","0.29","0.177311","cubic feet","Standard","15.248746","US","gl_tools","431231","287","0","57","53","19.79","0.0","128.36","294.08","453.11","30","52","0","0","0","10.42","0","0","0","0","","8","0","","","","","","","","","","","","","","","","","407.3","33","Healthy","","","2026-04-27","Yes","No","407.3","289.3","2026-04-27","86","0","8","0","316","unassigned","N","","",""
"2026-04-30","308151","X000WUFUAT","B018VI77QW","VIVOSUN Highly Reflective Mylar Film Roll 4FT x 100FT for Outdoor Grow Room Indoor Decoration Aluminum Paint Coated 2 Mil Silver","New","932","0","1067","0","0","0","0","0","USD","150","648","1226","1922","","44.99","0.0","39.99","0.0","NoRestockExcessActionRequired","","0.0","0","0","0.0","1.31","0.252604","cubic feet","Oversize","235.426928","US","gl_biss","6540","62","0","14","15","39.99","6294.1","27723.52","52267.14","82528.36","347","572","148","0","0","87.88","1338","936","402","0","","124","25","","","","","","","","","","","","","","","","","66.4","1172","Low stock","4","2026-05-07","2026-04-27","No","No","64.4","66.4","2026-04-27","2277","7","104","13","117","unassigned","N","","",""
"2026-04-30","CBIN-H220","X003IJDL25","B0BML5MRRN","VIVOSUN 220 Gallon Outdoor Compost Bin, Expandable Composter, Easy to Setup & Large Capacity for Backyard, Lawn (Black with Gloves)","New","332","0","340","0","0","0","0","0","USD","80","344","575","648","","39.99","0.0","35.99","0.0","NoExcessInventory","","0.0","0","0","0.0","1.4","0.462036","cubic feet","Oversize","153.395952","US","gl_lawn_and_garden","11870","50","0","7","12","35.99","2863.27","12129.53","20647.3","23267.87","189","151","0","0","0","55.43","273","224","48","1","","19","1","","","","","","","","","","","","","","","","","75.3","303","Healthy","223","2026-05-06","2026-04-27","No","No","45.1","75.3","2026-04-27","605","0","11","8","91","unassigned","N","","",""
"2026-04-30","VSV-IFA6","X003VU3P5T","B0CB8FBWCL","VIVOSUN Inline Booster Duct Fan 6” 240 CFM, HVAC Exhaust Ventilation Fan with Low Noise for Basements, Bathrooms, Kitchens, Attics, Grow Tents, Black","","0","0","1","0","0","0","0","0","USD","0","44","70","128","","0.0","0.0","0.0","0.0","CreateShippingPlan","","","0","0","","2.11","0.394017","cubic feet","Oversize","0.0","US","gl_home_improvement","93022","0","0","0","0","20.99","0.0","923.56","1538.3","3045.72","1","0","0","0","0","","0","0","0","0","","1","0","","","","","","","","","","","","","","","","","38.5","37","Out of stock","128","2026-04-29","2026-04-27","Yes","No","12.1","38.5","2026-04-27","0","0","0","1","2","unassigned","N","","",""
"2026-04-30","304113-105G","X003RI1M4V","B07WMW41D7","VIVOSUN S105 10x5 Grow Tent, 120""x60""x80"" High Reflective Mylar with Observation Window and Floor Tray for Hydroponics Indoor Plant for VSF6450","New","12","0","12","0","0","0","0","0","USD","1","48","81","112","","289.99","0.0","289.99","0.0","NoExcessInventory","","0.0","0","0","0.0","2.39","3.900752","cubic feet","Extra-large","46.809024","US","gl_lawn_and_garden","50102","130","0","10","14","289.99","183.99","9769.41","18139.47","26179.16","2","10","0","0","0","7.28","109","25","84","0","","0","0","","","","","","","","","","","","","","","","","44.7","52","Low stock","","","2026-04-27","Yes","No","19.3","44.7","2026-04-27","121","0","0","0","161","unassigned","N","","",""
"2026-04-30","VP-KIT001","X004A2ZR7V","B0D737G54M","VIVOSUN Metal Plant Stand, 6-Tier Tall Vertical Planter Tower with Self-Watering Planters, Modular Shelf for Indoor & Outdoor Use","New","247","0","251","0","0","0","0","0","USD","12","45","80","95","","99.99","0.0","89.99","0.0","Create Outlet deal","","79.99","2","0","679.32","0.41","1.389556","cubic feet","Oversize","343.220332","US","gl_lawn_and_garden","120196","289","0","24","36","89.99","1074.88","4144.55","7464.2","8929.05","12","126","113","0","0","167.88","23","8","15","0","","5","0","","","","","","","","","","","","","","","","","247.1","72","Healthy","","","2026-04-27","Yes","No","201.9","247.1","2026-04-27","271","1","3","1","306","unassigned","N","","",""
"2026-04-30","HR-0002A","X003WHI67X","B0CCJ5B2FM","VIVOSUN Outdoor Handrail, 54"" x 36"" Fits 1-4 Steps, Wrought Iron Stair Railing with Curved Ends, One-Step Assembly, Black","New","133","0","146","4","0","0","0","0","USD","24","115","187","214","","79.99","0.0","75.99","0.0","NoRestockExcessActionRequired","","0.0","0","0","0.0","0.86","1.1875","cubic feet","Oversize","157.9375","US","gl_home_improvement","2999","55","0","12","21","75.99","1791.76","7490.85","12023.73","13821.86","5","4","137","0","0","61.41","219","159","60","0","","8","6","","","","","","","","","","","","","","","","","112.3","150","Low stock","40","2026-05-06","2026-04-27","No","No","67.3","112.3","2026-04-27","356","4","3","1","109","unassigned","N","","",""
"2026-04-30","306106-82J","X000Q6TFV9","B00T62C3Q2","VIVOSUN Stainless Steel Air Ducting Clamps, 4/6/8/12 Inch Adjustable Hose Clamps with Worm Drive for Ducting, Heating, Cooling, Exhaust, and Ventilation (Pack of 2)","New","215","0","218","0","0","0","0","0","USD","11","58","115","141","","9.99","0.0","9.99","0.0","NoRestockExcessActionRequired","","0.0","0","0","0.0","0.72","0.050561","cubic feet","Standard","10.870615","US","gl_home_improvement","30177","129","0","25","33","9.49","104.89","556.42","1084.45","1336.69","57","106","55","0","0","7.01","151","150","0","1","","7","0","","","","","","","","","","","","","","","","","126.2","137","Healthy","","","2026-04-27","Yes","No","116.1","126.2","2026-04-27","367","1","6","0","228","unassigned","N","","",""
"2026-04-30","RC-0003","X0042L9QZJ","B0CQ7W5RZZ","VIVOSUN 1 Inch Rockwool Cubes, 100 Plugs Grow Cubes for Hydroponics, Cuttings, Cloning, Plant Propagation, Seed Startling","New","174","0","320","0","0","0","0","0","USD","83","540","1321","1643","","9.99","0.0","9.99","0.0","CreateShippingPlan","","0.0","0","0","0.0","3.23","0.074665","cubic feet","Standard","12.99171","US","gl_lawn_and_garden","20154","21","0","7","8","9.99","827.17","5135.8","12492.49","15696.87","320","0","0","0","0","4.6","844","832","0","12","","128","0","","","","","","","","","","","","","","","","","24.7","722","Low stock","701","2026-05-07","2026-04-27","No","Yes","15.3","24.7","2026-04-27","1135","117","7","4","80","unassigned","N","","",""
"2026-04-30","VSA150SE-E25","X003GFER5L","B0BKPKKWYK","VIVOSUN AeroLight A150SE, LED Grow Light 150W with Integrated Circulation Fan & GrowHub Controller E25, Compatible with App and E42A, 2x4/3x3 Coverage, Establish an Intelligent Grow Environment","New","13","0","22","0","0","0","0","0","USD","14","64","113","163","","159.99","0.0","119.98","0.0","CreateShippingPlan","","0.0","0","0","0.0","4.3","0.404961","cubic feet","Standard","5.264493","US","gl_lawn_and_garden","34658","5","0","5","7","119.98","1719.73","8518.93","15473.21","22380.57","22","0","0","0","0","0.95","79","79","0","0","","4","1","","","","","","","","","","","","","","","","","28.4","90","Low stock","89","2026-05-06","2026-04-27","Yes","No","21.1","28.4","2026-04-27","92","0","2","2","70","unassigned","N","","",""
"2026-04-30","COMBO-01J","X002OAFJFB","B08KXRND9X","VIVOSUN Digital pH Meter, 3-in-1 TDS/EC/Temperature Meter, 3-in-1 Soil Moisture/pH/Light Tester Combo for Home, Garden and Hydroponics, Yellow-Blue-Green","New","315","0","354","0","0","0","0","0","USD","115","377","571","689","","24.99","0.0","19.32","0.0","NoExcessInventory","","0.0","0","0","0.0","1.33","0.084201","cubic feet","Standard","26.523315","US","gl_biss","21756","40","0","6","11","19.32","2221.8","7469.32","11475.48","14242.23","155","199","0","0","0","13.05","300","200","0","100","","20","2","","","","","","","","","","","","","","","","","77.5","284","Healthy","175","2026-05-07","2026-04-27","No","No","49.5","77.5","2026-04-27","620","5","9","6","69","unassigned","N","","",""
"2026-04-30","PB-7B","X003DLBBRZ","B0BCFZVXCS","VIVOSUN 5-Pack 7 Gallon Potato Grow Bags, Fabric Pots With Handle and Roll-up Window, Planter Containers for Growing Potatoes, Black","New","51","0","60","0","0","0","0","0","USD","16","59","90","101","","21.99","0.0","21.99","0.0","NoExcessInventory","","0.0","0","0","0.0","1.1","0.184481","cubic feet","Standard","9.408531","US","gl_lawn_and_garden","23634","27","0","7","14","21.99","310.29","1181.52","1787.21","2004.11","20","40","0","0","0","3.89","60","60","0","0","","4","0","","","","","","","","","","","","","","","","","98.0","45","Healthy","3","2026-05-06","2026-04-27","Yes","No","44.1","98.0","2026-04-27","111","0","4","0","107","unassigned","N","","",""
"2026-04-30","332597J","X0042PHW1Z","B0CQJCG61Q","VIVOSUN 3000 GPH Submersible Water Pump with Barrier Bag, 150W Pond Pump with 18FT. Lift Height, Ultra Quiet Aquarium Pump for Pond, Waterfall, Fish Tank, Statuary, Hydroponic","New","241","0","224","80","0","0","0","0","USD","19","61","106","140","","92.99","0.0","67.13","0.0","NoExcessInventory","","0.0","0","0","0.0","0.55","0.36017","cubic feet","Standard","86.80097","US","gl_home_improvement","62775","182","0","23","33","67.13","1373.85","4577.71","7904.7","10498.84","106","116","2","0","0","73.91","116","108","0","8","","58","0","14","2.52","0","0.0","0","0.0","0","0.0","0","0.0","0","0.0","0","0.0","0","0.0","177.0","105","Healthy","","","2026-04-27","No","No","145.4","177.0","2026-04-27","401","44","10","4","331","unassigned","N","","",""
"2026-04-30","VSVC-AZT6E42APR","X004R42KJZ","B0CBPK262W","VIVOSUN Smart Air Filtration PRO T6 Kit 6"", AeroZesh T6 Inline Duct Fan w/GrowHub E42A+ Temp. Humidity WiFi-Controller, Carbon Filter & Ducting, Cooling & Ventilation System for Grow Tent, Hydroponics","New","219","0","229","0","0","0","0","0","USD","19","94","196","307","","205.99","0.0","205.99","0.0","NoExcessInventory","","0.0","0","0","0.0","1.26","2.446111","cubic feet","Oversize","535.698309","US","gl_lawn_and_garden","22061","91","0","15","15","205.99","3896.21","19320.07","40249.69","63021.88","65","13","151","0","0","226.99","144","112","32","0","","10","0","","","","","","","","","","","","","","","","","74.6","52","Healthy","","","2026-04-27","No","No","74.6","74.5","2026-04-27","365","2","3","5","138","unassigned","N","","",""
"2026-04-30","VSL-LRUC100","X004NKXQQ9","B0F5HCQ7K1","VIVOSUN LumaRay Under Canopy Grow Light, Full Spectrum Dimmable LED Grow Lights for Grow Tents, Greenhouses, SGS Compatible, 100W, 3.28 ft, 1 Pack","New","286","0","293","0","0","0","0","0","USD","31","145","324","467","","119.99","0.0","113.99","0.0","NoExcessInventory","","0.0","0","0","0.0","1.47","0.482422","cubic feet","Oversize","137.972692","US","gl_home_improvement","69743","58","0","18","19","113.99","3377.69","16211.55","35397.76","51302.33","109","101","83","0","0","54.03","400","376","24","0","","9","1","","","","","","","","","","","","","","","","","65.8","311","Low stock","","","2026-04-27","Yes","No","55.5","65.8","2026-04-27","690","4","4","1","139","unassigned","N","","",""
"2026-04-30","VST-SP2-GL-US","X004XK5IUL","B0G4MB8J36","VIVOSUN Grow Tent High CFM Kit, Heavy-Duty Mounting Bars, High Airflow Support Pole Kit 39""-60"" Adjustable, Suitable for 3.3’×3.3’, 4’×2’, 4’×4’, and 5’×5’ Tents, 4-Pack","New","165","0","178","0","0","0","0","0","USD","45","169","341","383","","34.99","0.0","34.99","0.0","NoRestockExcessActionRequired","","0.0","0","0","0.0","2.78","0.324074","cubic feet","Oversize","53.47221","US","gl_lawn_and_garden","23141","83","0","20","28","34.99","1574.55","5913.31","11925.64","13395.22","169","9","0","0","0","12.91","680","500","180","0","","8","0","","","","","","","","","","","","","","","","","39.4","245","Low stock","","","2026-04-27","No","No","36.9","39.4","2026-04-27","845","0","6","2","210","unassigned","N","","",""
"2026-04-30","VSV-AZT4E42APR","X004R4V5CN","B0BQF568WN","VIVOSUN T4 4"" Inline Duct Fan & Temperature Humidity Controller, E42A+ WiFi-App Control AeroZesh Grow Tent Fan& Smart Thermostat, 210 CFM EC Motor Exhaust Fan for Heating Cooling, Greenhouse Accessory","New","50","0","130","0","0","0","0","0","USD","16","97","199","288","","115.99","0.0","115.99","0.0","NoExcessInventory","","0.0","0","0","0.0","3.28","0.562928","cubic feet","Standard","28.1464","US","gl_lawn_and_garden","26793","43","0","14","16","115.99","1855.84","11181.57","22972.53","33249.82","130","0","0","0","0","35.79","312","312","0","0","","83","1","","","","","","","","","","","","","","","","","29.1","45","Healthy","","","2026-04-27","Yes","No","29.1","29.0","2026-04-27","438","76","6","1","163","unassigned","N","","",""
"2026-04-30","VSL-LLB750-US","X004X7VAG5","B0G39FYBJ6","VIVOSUN LumaLight 750W LED Grow Light, Full Spectrum Indoor Plant Light with Deep Canopy Penetration, Smart Dimmable LED Bar Lamp for Vegetables, Herbs, Flowers, 5x5ft Coverage, GrowHub Compatible","New","190","0","195","0","0","0","0","0","USD","5","5","5","5","","499.0","0.0","499.0","0.0","Edit listing","","","0","0","","0.06","2.888889","cubic feet","Oversize","548.88891","US","gl_lawn_and_garden","54687","341","0","188","611","499.0","2495.0","2495.0","2495.0","2495.0","195","0","0","0","0","","45","45","0","0","","4","0","","","","","","","","","","","","","","","","","1672.5","","","","","2026-04-27","Yes","No","1672.5","1672.5","2026-04-27","236","1","3","0","366","unassigned","N","","",""
"2026-04-30","GH-0010","X002KJ6UZJ","B08C2V7FX6","VIVOSUN 13x10x7 Ft. Large Walk in Greenhouse, Greenhouse Tunnel, Garden Plant Hot House with Green PE Cover, Roll-up Zipper Door and Window for Outdoor","New","3","0","4","0","0","0","0","0","USD","2","4","23","34","","189.99","0.0","171.46","0.0","CreateShippingPlan","","0.0","0","0","0.0","3.58","3.642778","cubic feet","Extra-large","10.928334","US","gl_lawn_and_garden","23234","3","0","3","1","171.46","342.92","704.37","4201.43","6114.58","0","4","0","0","0","2.95","0","0","0","0","","2","0","","","","","","","","","","","","","","","","","122.5","10","Low stock","15","2026-05-06","2026-04-27","Yes","No","122.5","29.2","2026-04-27","3","0","1","1","7","unassigned","N","","",""
"2026-04-30","VSV-AZG4","X003UA8US7","B0C6QG963B","VIVOSUN G4 4"" Inline Duct Fan & 3 Cycle Modes E12 Speed Controller, AeroZesh Grow Tent Kit Ventilation Fan with 195 CFM EC Motor, Programmable Exhaust Fan for Heating Cooling Booster, Hydroponics","New","103","0","141","0","0","0","0","0","USD","29","135","300","436","","68.99","0.0","68.99","0.0","NoExcessInventory","","0.0","0","0","0.0","3.41","0.550098","cubic feet","Standard","56.660094","US","gl_lawn_and_garden","97177","50","0","17","18","68.99","2000.45","9250.75","20110.45","28911.84","141","0","0","0","0","23.63","504","476","0","28","","29","0","","","","","","","","","","","","","","","","","25.7","146","Low stock","","","2026-04-27","No","Yes","25.7","25.2","2026-04-27","628","21","4","4","231","unassigned","N","","",""
"2026-04-30","332023J","X002BEXBVT","B07XZ915VW","VIVOSUN Slide-Out Jewelry Loupe Magnifier 30X 60X 90X LED Lighted Eye Loupe with UV Light for Jewelry, Diamonds, Gems, Coins, Stamps, Rocks, Black","New","479","0","504","0","0","0","0","0","USD","73","274","651","1015","","14.99","0.0","14.99","0.0","NoExcessInventory","","0.0","0","0","0.0","1.5","0.003969","cubic feet","Standard","1.901151","US","gl_home","14565","93","0","19","16","12.34","922.02","3670.41","8592.22","13446.05","157","347","0","0","0","0.96","840","420","140","280","","15","1","","","","","","","","","","","","","","","","","61.1","239","Healthy","","","2026-04-27","No","No","61.1","57.6","2026-04-27","1323","4","10","1","135","unassigned","N","","",""
"2026-04-30","333122x2NJ","X002J89CW9","B0895GRK7T","VIVOSUN 2 Pack 19 Bulbs High Intensity LED Green Light Grow Room Headlight","New","330","0","351","0","0","0","0","0","USD","25","99","191","279","Low traffic","18.99","0.0","18.99","0.0","NoExcessInventory","","0.0","0","0","0.0","1.25","0.035494","cubic feet","Standard","11.71302","US","gl_tools","54294","107","0","18","21","18.99","411.95","1767.21","3459.7","5036.52","307","44","0","0","0","7.33","139","130","0","9","","4","0","","","","","","","","","","","","","","","","","104.4","187","Healthy","","","2026-04-27","Yes","No","104.4","70.4","2026-04-27","470","1","2","1","149","unassigned","N","","",""
"2026-04-30","VSA-100","X0036XVMYR","B09VSBDPTF","VIVOSUN AeroLight A100, Tunable Spectrum, LED Grow Light 100W w/Integrated Circulation Fan, Compatible with App, Used with Growhub Controller E42A/E25 to Achieve More Functions","","0","0","4","0","0","0","0","0","USD","1","1","1","59","","0.0","0.0","0.0","0.0","CreateShippingPlan","","","0","0","","3.12","0.472629","cubic feet","Standard","0.0","US","gl_lawn_and_garden","","0","0","0","0","89.99","89.99","89.99","89.99","6949.01","0","2","2","0","0","","0","0","0","0","","0","0","","","","","","","","","","","","","","","","","31.0","122","Out of stock","205","2026-04-29","2026-04-27","Yes","No","31.0","9.5","2026-04-27","0","0","0","0","0","unassigned","N","","",""
"2026-04-30","L000001-100J","X001B1RMKJ","B01MZ72WG1","VIVOSUN 6 Mil Mylar Film Roll, 4 ft. x 100 ft. Diamond Film Foil Roll, Heavy-Duty Reflective Film for Grow Tent, Warm House, and Grow Room (100 ft.)","New","118","0","114","0","0","0","0","0","USD","7","25","70","101","","99.99","94.99","94.99","0.0","NoRestockExcessActionRequired","","0.0","0","0","0.0","0.83","0.805501","cubic feet","Oversize","95.049118","US","gl_lawn_and_garden","48776","183","0","48","39","94.99","629.93","2407.0","6734.7","9782.67","26","36","52","0","0","40.75","186","138","48","0","","0","2","","","","","","","","","","","","","","","","","103.1","48","Healthy","","","2026-04-27","Yes","No","94.8","103.1","2026-04-27","304","0","0","0","335","unassigned","N","","",""
"2026-04-30","HDR006x2","X003UVOKIZ","B0C7Z6XJCP","VIVOSUN 2-Pack 6-Layer Mesh Drying Rack Hanging Design with Green Zippers for Dehydrating, Indoor and Outdoor (Pruning Shears Included)","New","60","0","59","12","0","0","0","0","USD","1","6","11","17","","46.99","0.0","46.99","0.0","NoExcessInventory","","0.0","0","0","0.0","0.32","0.454549","cubic feet","Standard","27.27294","US","gl_lawn_and_garden","","120","0","56","64","46.99","46.99","279.44","514.39","793.57","19","24","16","0","0","18.88","24","24","0","0","","10","0","","","","","","","","","","","","","","","","","404.4","52","Healthy","","","2026-04-27","Yes","No","404.4","275.5","2026-04-27","84","0","8","2","162","unassigned","N","","",""
"2026-04-30","CBIN-GO-001","X0036CBEUP","B09TPB88V7","VIVOSUN Dual Chamber Tumbling Composter, 2X 18.5 Gallon Compost Bin, Heavy-Duty Compost Tumbler w/Sliding Door, Plastic, Black","New","34","0","38","0","0","0","0","0","USD","6","19","42","47","Low traffic","74.99","0.0","74.99","0.0","GoToRestock","","0.0","0","0","0.0","1.7","2.50842","cubic feet","Oversize","85.28628","US","gl_lawn_and_garden","289488","81","0","7","9","74.99","449.94","1424.81","2999.58","3374.53","29","9","0","0","0","38.75","0","0","0","0","","1","0","","","","","","","","","","","","","","","","","213.4","31","Healthy","21","2026-05-06","2026-04-27","Yes","No","213.4","109.4","2026-04-27","34","0","0","1","84","unassigned","N","","",""
"2026-04-30","VSK-GIYP224-US","X004T1EJ81","B0CMQ5FG7K","VIVOSUN Smart Pro Grow Tent Kit, 2 × 2ft 1-Plant Kit, WiFi-Integrated Automatic Control with GrowHub E42A+, 2-in-1 Tunable Spectrum LED Grow Light, 360° Ventilation & Circulation Control System","","0","0","1","0","0","0","0","0","USD","0","0","1","23","","0.0","0.0","359.54","0.0","CreateShippingPlan","","","0","0","","1.15","4.558521","cubic feet","Oversize","0.0","US","gl_lawn_and_garden","67305","0","0","","0","359.54","0.0","0.0","422.99","7577.61","0","1","0","0","0","","0","0","0","0","","0","0","","","","","","","","","","","","","","","","","","7","Out of stock","57","2026-04-29","","","","","12.2","2026-04-27","0","0","0","0","0","unassigned","N","","",""
"2026-04-30","306109-6C","X002AJM7JR","B07WT4VNC1","VIVOSUN 6 Inch Black Flex Air Aluminum Ducting for HVAC Ventilation, 25 FT Non-Insulated Duct Hose with 2 Clamps, Multi-Layer Exhaust Fan Duct for Grow Tents, Duct Fan Systems","New","433","0","570","0","0","0","0","0","USD","38","290","555","740","","29.99","0.0","29.99","0.0","NoExcessInventory","","0.0","0","0","0.0","1.61","0.426301","cubic feet","Standard","184.588333","US","gl_home_improvement","2235","59","0","14","18","29.99","1098.01","7441.58","14136.05","18968.3","425","145","0","0","0","120.33","597","537","0","60","","131","5","","","","","","","","","","","","","","","","","56.3","271","Healthy","","","2026-04-27","No","No","51.9","56.3","2026-04-27","1129","99","25","7","127","unassigned","N","","",""
"2026-04-30","CHTrimer-01J","X002EHB2OB","B0827B591D","VIVOSUN 20"" Cordless Hedge Trimmer, 20V Electric Bush Trimmer, 1400 RPM Shrub Trimmer, Dual-Action Laser Blade, 3/5"" Cutting Capacity, Lightweight & Compact Trimmer, Battery and Fast Charger Included","New","94","0","129","0","0","0","0","0","USD","21","33","199","256","","65.99","0.0","65.99","0.0","CreateShippingPlan","","","0","0","","1.77","1.05217","cubic feet","Oversize","98.90398","US","gl_lawn_and_garden","42423","30","0","34","14","65.99","1231.14","1899.02","10687.41","14037.84","129","0","0","0","0","","190","72","118","0","","36","8","","","","","","","","","","","","","","","","","41.5","221","Low stock","193","2026-05-06","2026-04-27","Yes","No","36.8","41.5","2026-04-27","313","29","5","2","39","unassigned","N","","",""
"2026-04-30","306101S-4","X00133UD3N","B01CTM0H6I","VIVOSUN Z4 4 Inch Inline Duct Fan, 203 CFM Ventilation Fan with Variable Speed Controller for Grow Tent, Indoor Garden Ventilation, Black","New","26","0","29","0","0","0","0","0","USD","3","15","15","16","Low traffic","49.99","0.0","55.99","0.0","NoRestockExcessActionRequired","","0.0","0","0","0.0","1.67","0.687083","cubic feet","Oversize","17.864158","US","gl_lawn_and_garden","196124","65","0","14","45","55.99","175.97","973.85","973.85","1029.84","29","0","0","0","0","8.61","30","7","23","0","","4","2","","","","","","","","","","","","","","","","","43.5","24","Healthy","16","2026-05-07","2026-04-27","Yes","No","43.5","40.6","2026-04-27","56","0","3","1","83","unassigned","N","","",""
"2026-04-30","VSEX-HID1-ST","X004CHWTSJ","B0DCBLL6KN","VIVOSUN Herbal Decarboxylation and Infusion Machine, Botanical Extractor and Infuser for Making Butter, Oil, and Tinctures, Includes Recipes and Complete Accessories","New","237","0","288","0","0","0","0","0","USD","92","414","719","1312","","139.99","0.0","139.99","0.0","NoRestockExcessActionRequired","","0.0","0","0","0.0","4.26","0.957031","cubic feet","Oversize","226.816347","US","gl_kitchen","24521","54","0","20","20","139.99","12844.88","55322.34","97698.72","179437.85","288","0","0","0","0","48.86","1850","1358","432","60","","32","2","","","","","","","","","","","","","","","","","25.6","832","Low stock","","","2026-04-27","Yes","No","25.6","20.3","2026-04-27","2100","13","18","1","145","unassigned","N","","",""
"2026-04-30","VSV-AZG6","X003UA1PVV","B0C6QJVMD1","VIVOSUN G6 6"" Inline Duct Fan & 3 Cycle Modes E12 Speed Controller, AeroZesh Grow Tent Kit Ventilation Fan with 388 CFM EC Motor, Programmable Exhaust Fan for Heating Cooling Booster, Hydroponics","New","90","0","130","0","0","0","0","0","USD","30","31","32","123","","69.99","0.0","69.99","0.0","NoExcessInventory","","0.0","0","0","0.0","1.82","0.707357","cubic feet","Oversize","63.66213","US","gl_lawn_and_garden","26540","85","0","36","29","62.99","1910.7","1973.69","2036.68","7836.7","130","0","0","0","0","160.94","192","152","40","0","","34","0","","","","","","","","","","","","","","","","","288.0","81","Healthy","","","2026-04-27","Yes","No","288.0","21.2","2026-04-27","302","20","8","6","202","unassigned","N","","",""
"2026-04-30","NB-002J","X0041ODCS9","B0CNQNKHQQ","VIVOSUN Liquid Nutrients Base A & B Bundle, Grow Big Hydroponic Fertilizer, Supports Vegetative and Flowering Stages for Outdoor, Indoor Plants, Best Plant Food, Set of 8oz","New","1015","0","1078","0","0","0","0","0","USD","244","987","1810","2398","","19.99","0.0","16.99","0.0","CreateShippingPlan","","0.0","0","0","0.0","2.47","0.035387","cubic feet","Standard","35.917805","US","gl_lawn_and_garden","3043","64","0","4","6","19.99","4186.56","18247.6","33823.13","45013.65","1019","59","0","0","0","33.56","137","120","0","17","","801","0","","","","","","","","","","","","","","","","","40.8","877","Healthy","428","2026-05-06","2026-04-27","No","No","39.7","40.8","2026-04-27","1910","758","30","13","72","unassigned","N","","",""
"2026-04-30","MGN-GSCM","X004MB4IO3","B0F29CDCQL","Maygrove Gardening Sleeves Arm Protection for Women, Anti-Slip UV Protection Garden Sleeves for Women Thorn Proof, Farmers Defense Sleeve Cooling Garden Arm Cover for Outdoor Gardening, M, 1 Pair","New","39","0","45","0","0","0","0","0","USD","9","99","115","117","","15.99","0.0","9.99","0.0","NoRestockExcessActionRequired","","0.0","0","0","0.0","1.41","0.019807","cubic feet","Apparel","0.772473","US","gl_apparel","30826","48","0","5","15","9.99","95.91","844.61","1081.25","1110.03","45","0","0","0","0","0.35","100","100","0","0","","10","0","","","","","","","","","","","","","","","","","75.1","70","Low stock","","","2026-04-27","Yes","No","32.6","75.1","2026-04-27","142","3","6","1","281","unassigned","N","","",""
"2026-04-30","304116-55G","X003RI1MUP","B07WFVVJ2K","VIVOSUN R556 5x5 Grow Tent, 60""x60""x72"" Roof Cube Tent with Observation Window and Floor Tray for Hydroponics Indoor Plant for VSF6450","New","80","0","75","6","0","0","0","0","USD","0","15","25","37","","199.99","0.0","179.99","0.0","NoExcessInventory","","0.0","0","0","0.0","0.52","2.604326","cubic feet","Extra-large","208.34608","US","gl_lawn_and_garden","50102","200","0","21","28","179.99","0.0","2699.85","4499.75","6651.07","1","54","20","0","0","98.97","0","0","0","0","","1","1","","","","","","","","","","","","","","","","","175.5","38","Healthy","","","2026-04-27","Yes","No","175.5","155.0","2026-04-27","80","0","1","0","202","unassigned","N","","",""
"2026-04-30","306109-416J","X002IBTGCN","B087632ZS3","VIVOSUN Dryer Vent Hose, 4 inch Aluminum Foil Ducting, 16FT Long Heavy-Duty Dryer Hose Vent Kit for HVAC Ventilation, Exhaust, Duct Fan Systems, Black Flexible Air Duct w/ 2 Clamps","New","453","0","499","0","0","0","0","0","USD","56","260","507","680","","19.99","0.0","19.99","0.0","NoRestockExcessActionRequired","","0.0","0","0","0.0","1.42","0.165132","cubic feet","Standard","74.804796","US","gl_home_improvement","2235","58","0","13","17","18.99","1071.19","4799.15","9189.68","12405.35","257","242","0","0","0","39.15","439","419","0","20","","42","3","","","","","","","","","","","","","","","","","66.1","445","Healthy","73","2026-05-07","2026-04-27","No","No","59.2","66.1","2026-04-27","904","12","26","4","126","unassigned","N","","",""
"2026-04-30","CO2-001J","X002RKYN9B","B08S72N74G","VIVOSUN Argon/CO2 Regulator, Mig Tig Flow Meter Gas Regulator, Emitter System with 50 PSI Fixed, Max. 4000PSI, CGA580 Inlet Pressure, Precise Brass Gas Regulator Gauge Welding Weld","New","70","0","52","21","0","0","0","0","USD","7","20","29","52","","24.99","0.0","21.74","0.0","NoExcessInventory","","0.0","0","0","0.0","0.71","0.168774","cubic feet","Standard","11.81418","US","gl_tools","371623","116","0","18","23","21.74","146.93","460.8","678.21","1215.13","13","25","14","0","0","7.69","24","24","0","0","","3","0","","","","","","","","","","","","","","","","","145.1","48","Healthy","","","2026-04-27","Yes","No","139.3","145.1","2026-04-27","94","0","1","2","166","unassigned","N","","",""
"2026-04-30","TT-002J","X002XO75FF","B097NXNTJ3","VIVOSUN Heavy Duty 2-in-1 Trimming Tray for Herbals Collecting, Dry Sift Screen Set with 150 Micron Fine Mesh Screen and 2 Trimming Scissors, Orange","New","295","0","301","0","0","0","0","0","USD","15","64","151","217","","54.99","0.0","54.99","0.0","NoExcessInventory","","0.0","0","0","0.0","0.83","0.357169","cubic feet","Oversize","105.364855","US","gl_kitchen","333192","121","0","33","31","54.99","824.85","3507.94","8230.45","11888.0","129","53","119","0","0","48.56","238","184","54","0","","6","0","","","","","","","","","","","","","","","","","113.3","253","Healthy","","","2026-04-27","Yes","No","113.3","110.5","2026-04-27","533","0","6","0","169","unassigned","N","","",""
"2026-04-30","TB-42","X002AKJNBV","B07WHXC7G2","2pcs VIVOSUN Grow Tent Support Poles, Hanging Bar for 4x2 Grow Tent 48"" x 24”","New","47","0","49","0","0","0","0","0","USD","3","13","38","75","Low traffic","19.99","0.0","19.99","0.0","NoExcessInventory","","0.0","0","0","0.0","2.81","0.142529","cubic feet","Oversize","6.698863","US","gl_lawn_and_garden","91800","140","0","33","18","19.99","59.97","257.87","751.12","1490.25","49","0","0","0","0","2.21","61","12","48","1","","2","0","","","","","","","","","","","","","","","","","58.3","60","Low stock","","","2026-04-27","Yes","No","58.3","24.5","2026-04-27","109","1","1","0","157","unassigned","N","","",""
"2026-04-30","311001-2x10","X002N55IF3","B08HRS2TDC","VIVOSUN 10-Pack 2 Gallon Grow Bags, Reinforced Planter Fabric Pots for Gardening Black","New","306","0","370","0","0","0","0","0","USD","2","2","126","192","Low traffic","19.99","0.0","19.99","0.0","NoExcessInventory","","0.0","0","0","0.0","0.67","0.137893","cubic feet","Standard","42.195258","US","gl_lawn_and_garden","1974","366","0","612","20","19.99","36.98","36.98","2480.75","3800.09","97","127","146","0","0","43.33","0","0","0","0","","159","0","","","","","","","","","","","","","","","","","1035.1","77","Healthy","","","2026-04-27","Yes","No","1035.1","118.7","2026-04-27","458","152","4","3","366","unassigned","N","","",""
"2026-04-30","306104-48J","X001J5TTHV","B074FV367K","VIVOSUN 4"" Flexible Aluminum Ducting, 8FT Air Duct Hose with 2 Clamps, Heavy-Duty Multi-Layer Dryer Vent Hose for Heating Cooling Ventilation and Duct Fan Systems","New","806","0","970","0","0","0","0","0","USD","90","266","448","531","","13.99","0.0","13.99","0.0","NoRestockExcessActionRequired","","0.0","0","0","0.0","0.61","0.083241","cubic feet","Standard","67.092246","US","gl_home_improvement","2235","115","0","15","25","12.49","1107.05","3302.93","5754.33","6918.2","290","374","306","0","0","46.26","230","112","0","118","","163","5","","","","","","","","","","","","","","","","","158.8","550","Healthy","","","2026-04-27","No","No","137.6","158.8","2026-04-27","1105","69","93","1","142","unassigned","N","","",""
"2026-04-30","VSF-AWE6G","X003STFGMX","B0C3CGNZQG","VIVOSUN AeroWave E6 Grow Tent Fan 6”, EC Motor, Smart Wifi Control, US Patented Auto Oscillating Clip fan, Weatherproof IP-54, Strong Airflow but Quiet for Hydroponic Ventilation Circulation, 1-Pack","","0","0","10","0","0","0","0","0","USD","4","58","462","766","","0.0","0.0","0.0","0.0","CreateShippingPlan","","","0","0","","3.68","0.403853","cubic feet","Standard","0.0","US","gl_home","1724","0","0","0","0","42.99","171.96","2238.4","19447.92","32046.95","8","2","0","0","0","","0","0","0","0","","5","1","","","","","","","","","","","","","","","","","21.7","492","Out of stock","926","2026-04-30","2026-04-27","Yes","No","5.2","21.7","2026-04-27","0","0","4","1","1","unassigned","N","","",""
"2026-04-30","DWC-0001","X0031W38FT","B09JSBJXRF","VIVOSUN DWC Hydroponics Grow System, 5-Gallon Deep Water Culture, Recirculating Drip Garden System with Multi-Purpose Air Hose, Air Pump, and Air Stone (1 Bucket + Top Drip Kit)","New","160","0","143","22","0","0","0","0","USD","12","57","113","156","","79.99","0.0","67.99","0.0","NoExcessInventory","","0.0","0","0","0.0","0.88","1.6875","cubic feet","Oversize","270.0","US","gl_lawn_and_garden","40693","101","0","11","13","67.99","815.88","3888.11","7695.89","10577.46","26","50","67","0","0","116.56","0","0","0","0","","1","0","","","","","","","","","","","","","","","","","105.7","69","Healthy","","","2026-04-27","Yes","No","93.1","105.7","2026-04-27","160","0","0","1","102","unassigned","N","","",""
"2026-04-30","VSA100SE","X003GFM181","B0BKPVFBKY","VIVOSUN AeroLight A100, Tunable Spectrum, LED Grow Light 100W w/Integrated Circulation Fan, Compatible with App, Used with Growhub Controller E42A/E25 to Achieve More Functions","New","1","0","1","0","0","0","0","0","USD","0","0","6","15","Low conversion","109.99","0.0","99.49","0.0","CreateShippingPlan","","0.0","0","0","0.0","2.33","0.405926","cubic feet","Standard","0.405926","US","gl_lawn_and_garden","22668","0","0","","0","99.49","0.0","0.0","593.94","1528.85","0","0","1","0","0","0.07","0","0","0","0","","0","0","","","","","","","","","","","","","","","","","","186","Low stock","787","2026-05-07","","","","","17.4","2026-04-27","1","0","0","0","0","unassigned","N","","",""
"2026-04-30","311001-15x5NJ","X001F3MYOR","B00VWU37QG","VIVOSUN 5-Pack 15 Gallon Plant Grow Bags, Heavy Duty Thickened Nonwoven Fabric Pots with Handles","New","1890","0","3591","0","0","0","0","0","USD","2039","7655","11557","12362","","21.99","0.0","21.99","0.0","GoToRestock","","0.0","0","0","0.0","2.4","0.204664","cubic feet","Standard","386.81496","US","gl_lawn_and_garden","109","34","0","1","3","21.0","44811.34","165891.18","245865.54","262903.1","3591","0","0","0","0","361.78","1200","1200","0","0","","2791","25","","","","","","","","","","","","","","","","","46.6","4142","Healthy","1794","2026-05-07","2026-04-27","No","No","26.0","46.6","2026-04-27","5513","2423","259","109","71","unassigned","N","","",""
"2026-04-30","CFPW-4","X003YCJOBD","B0CH81FGVN","VIVOSUN 4 Inch Prefilter for 4"" Carbon Filter, White, 9.84"" Long","New","10","0","28","0","0","0","0","0","USD","24","86","170","263","","9.99","0.0","9.99","0.0","CreateShippingPlan","","0.0","0","0","0.0","3.07","0.025195","cubic feet","Standard","0.25195","US","gl_home_improvement","51799","45","0","5","5","9.99","239.76","858.94","1697.5","2618.27","26","2","0","0","0","0.05","100","0","100","0","","6","0","","","","","","","","","","","","","","","","","33.7","79","Low stock","133","2026-05-07","2026-04-27","Yes","No","28.6","33.7","2026-04-27","111","1","1","4","47","unassigned","N","","",""
"2026-04-30","HR-0003-2","X0046G649V","B0CYZCWS48","VIVOSUN 2-Pack Outdoor Handrail, 5 Step Stair Handrail, 69"" x 36"" Fits 1 to 5 Steps, Wrought Mattle Iron Handrail for Concrete Steps, Porch Steps, One-Step Assembly, 2 Packs, Black","New","205","0","247","0","0","0","0","0","USD","12","89","185","246","","129.99","0.0","129.99","0.0","NoExcessInventory","","0.0","0","0","0.0","1.02","2.504991","cubic feet","Extra-large","513.523155","US","gl_home_improvement","2999","71","0","11","13","129.99","1559.88","10683.51","19952.15","26584.96","73","108","66","0","0","188.27","54","39","15","0","","37","0","","","","","","","","","","","","","","","","","98.5","79","Healthy","11","2026-05-07","2026-04-27","Yes","No","97.1","98.5","2026-04-27","259","0","36","1","103","unassigned","N","","",""
"2026-04-30","GH-0016","X003U7PDCB","B0C6LG8X1L","VIVOSUN 49x49x63-Inch Portable Walk-in Greenhouse, with PVC Cover & Detachable Base, Instant Pop-up and Folding, Mini Greenhouse with Roll-Up Door & Mesh Window for Indoor Outdoor, Wind Ropes Included","New","45","0","49","0","0","0","0","0","USD","7","11","24","33","","69.99","0.0","49.99","0.0","NoRestockExcessActionRequired","","0.0","0","0","0.0","1.18","1.052734","cubic feet","Oversize","47.37303","US","gl_lawn_and_garden","23234","121","0","16","17","49.99","349.93","573.89","1358.93","1978.34","30","19","0","0","0","21.9","0","0","0","0","","3","0","","","","","","","","","","","","","","","","","171.5","34","Healthy","13","2026-05-06","2026-04-27","Yes","No","171.5","78.7","2026-04-27","48","3","0","0","121","unassigned","N","","",""
"2026-04-30","SP-004","X003X0Q7J3","B0CDK3S2KR","VIVOSUN Submersible Sump Pump, 1575GPH Thermoplastic Portable Utility Water Pump with 10ft Power Cord and 2 Adapters, Ideal for Swimming Pool, Basements, Window Wells","New","94","0","81","0","13","0","0","0","USD","3","9","11","11","Low traffic","59.99","0.0","47.99","0.0","Lower price","","0.0","0","0","10959.72","0.18","1.06165","cubic feet","Oversize","99.7951","US","gl_home_improvement","400870","366","124","72","193","47.99","143.97","455.91","563.89","563.89","10","71","0","13","0","75.04","70","40","30","0","","0","0","0","0.0","0","0.0","13","20.7","0","0.0","0","0.0","0","0.0","0","0.0","0","0.0","513.6","13","Excess","","","2026-04-27","Yes","No","268.3","513.6","2026-04-27","164","0","0","0","366","unassigned","N","","",""
"2026-04-30","COMBO-02NJ","X004FB5KS3","B0DFBFGGN1","VIVOSUN Digital pH Meter, 3-in-1 TDS/EC/Temperature Meter, 3-in-1 Soil Moisture/pH/Light Tester Combo for Home, Garden and Hydroponics","New","326","0","419","0","0","0","0","0","USD","33","159","295","452","","28.99","0.0","26.59","0.0","NoExcessInventory","","0.0","0","0","0.0","1.64","0.085547","cubic feet","Standard","27.888322","US","gl_lawn_and_garden","21756","69","0","19","22","26.59","877.47","4247.01","7941.85","12488.78","402","15","2","0","0","26.23","440","440","0","0","","91","0","","","","","","","","","","","","","","","","","65.8","291","Healthy","","","2026-04-27","No","No","65.8","51.8","2026-04-27","848","82","5","4","172","unassigned","N","","",""
"2026-04-30","VSF-AWD4Wx2","X0041AA4BL","B0CN32T8J9","VIVOSUN AeroWave D4, 4” Grow Tent Clip Fan with Detachable Hook, 3-Speed Strong & Quiet Airflow, Adjustable Airflow Angle for Hydroponics, Circulation & Cooling, White, 2-Pack","","0","0","2","0","0","0","0","0","USD","0","5","250","638","","0.0","0.0","0.0","0.0","CreateShippingPlan","","","0","0","","3.95","0.105314","cubic feet","Standard","0.0","US","gl_home","6810","0","0","0","0","39.97","0.0","189.95","8677.72","22126.99","2","0","0","0","0","","0","0","0","0","","1","1","","","","","","","","","","","","","","","","","25.0","613","Out of stock","1036","2026-04-29","2026-04-27","Yes","No","4.4","25.0","2026-04-27","0","0","1","0","1","unassigned","N","","",""
"2026-04-30","PS-002","X003GQOUS9","B0BKZTQZCN","VIVOSUN Gardening Scissors, 6.5 Inch Hand Pruner, Pruning Shear with Straight Stainless Steel Blades, Garden Tools for Women Men, Black and Green","New","2918","0","3834","0","0","0","0","0","USD","463","1218","2185","2773","","6.99","6.49","5.39","0.0","NoRestockExcessActionRequired","","0.0","0","0","0.0","0.76","0.008088","cubic feet","Standard","23.600784","US","gl_lawn_and_garden","156","93","0","18","26","5.39","2532.94","7078.08","13145.7","16884.62","616","1988","1230","0","0","15.98","2637","2040","0","597","","805","3","","","","","","","","","","","","","","","","","129.0","1019","Healthy","","","2026-04-27","No","No","104.4","129.0","2026-04-27","5926","371","413","21","166","unassigned","N","","",""
"2026-04-30","311003-5J","X001DMUAPP","B06Y1XVD1P","VIVOSUN Curved Gardening Scissors 6.5 Inch Hand Pruner Shear with Titanium Coated Blades 1-Pack","New","3881","0","3421","670","0","0","0","0","USD","201","671","1166","1617","","6.99","0.0","5.49","0.0","NoRestockExcessActionRequired","","0.0","0","0","0.0","0.48","0.007593","cubic feet","Standard","29.468433","US","gl_lawn_and_garden","156","124","0","29","39","5.49","1118.59","4013.24","7101.12","9935.65","866","2059","496","0","0","21.21","1080","1080","0","0","","166","0","","","","","","","","","","","","","","","","","199.8","929","Healthy","","","2026-04-27","No","No","182.7","199.8","2026-04-27","4962","1","152","13","159","unassigned","N","","",""
"2026-04-30","VSA-AG-3B3","X004GPR6A3","B0DMSSYRHL","VIVOSUN 3-Pack 3-Gallon AeroBase Grow Bags, Durable Mesh Fabric Plant Container with Breathable Base and Sturdy Handles, Black","New","1","0","1","0","0","0","0","0","USD","2","19","36","44","Low traffic","30.99","0.0","30.99","0.0","GoToRestock","","0.0","0","0","0.0","3.4","0.330437","cubic feet","Standard","0.330437","US","gl_lawn_and_garden","146938","3","0","6","9","30.99","61.98","578.27","1097.55","1345.47","1","0","0","0","0","0.06","32","32","0","0","","0","0","","","","","","","","","","","","","","","","","30.4","34","Low stock","44","2026-05-06","2026-04-27","Yes","No","6.9","30.4","2026-04-27","33","0","0","0","70","unassigned","N","","",""
"2026-04-30","VSK-GIYS224-US","X004T1EEX1","B0BY7PSQ69","VIVOSUN GIY Smart Grow Tent System 2x2, WiFi-Integrated Grow Tent Kit, with Automate Ventilation and Circulation, Schedule Full Spectrum 100W LED Grow Light, and GrowHub E42A+ Controller","New","262","0","289","0","0","0","0","0","USD","40","134","234","321","","349.99","0.0","297.49","0.0","NoRestockExcessActionRequired","","0.0","0","0","0.0","1.01","3.688866","cubic feet","Oversize","966.482892","US","gl_lawn_and_garden","14023","65","0","7","10","297.49","11953.82","41317.88","72904.38","99416.01","31","168","90","0","0","577.85","0","0","0","0","","16","0","","","","","","","","","","","","","","","","","102.8","40","Healthy","","","2026-04-27","No","No","79.4","102.8","2026-04-27","262","0","14","2","74","unassigned","N","","",""
"2026-04-30","CBIN-H500","X003IJELIX","B0BMLG159J","VIVOSUN 500 Gallon Outdoor Compost Bin, Expandable Composter, Easy to Setup & Large Capacity for Backyard, Lawn (Black with Gloves)","New","161","0","180","0","0","0","0","0","USD","103","299","489","603","","59.99","0.0","53.99","0.0","NoExcessInventory","","0.0","0","0","0.0","2.1","0.668056","cubic feet","Oversize","107.557016","US","gl_lawn_and_garden","44197","41","0","7","12","59.99","5521.04","16206.15","26899.25","33165.11","165","15","0","0","0","25.2","428","212","216","0","","6","1","","","","","","","","","","","","","","","","","48.4","221","Low stock","66","2026-05-06","2026-04-27","No","No","33.5","48.4","2026-04-27","590","1","5","0","68","unassigned","N","","",""
"2026-04-30","VSV-IFM4","X004E0DAZP","B0DGGCP1J5","VIVOSUN M4 4-Inch Inline Duct Fan, 195 CFM Ventilation Fan with EC Motor, Adjustable Speed, Energy-efficient Vent Blower for HVAC, Grow Tent, Hydroponics","New","673","0","754","0","0","0","0","0","USD","115","540","1286","2002","","39.99","0.0","39.99","37.99","NoRestockExcessActionRequired","","0.0","0","0","0.0","1.74","0.373522","cubic feet","Standard","251.380306","US","gl_lawn_and_garden","9995","39","0","15","13","35.99","4166.85","19470.31","47055.82","73568.41","273","33","448","0","0","131.47","1440","1436","0","4","","61","4","","","","","","","","","","","","","","","","","49.2","1092","Low stock","558","2026-05-06","2026-04-27","No","No","46.9","49.2","2026-04-27","2163","50","10","1","117","unassigned","N","","",""
"2026-04-30","VSFW002-BLUE-ZYJ","X00416HS05","B08HYQCYW6","VIVOSUN Collapsible Folding Wagon, Outdoor Utility with Silent All-Terrain Beach Wheels, Adjustable Handle, Cup Holders & Side Pockets, for Camping, Beach, Shopping, Garden, Sports, Picnic, Blue","New","257","0","214","45","0","0","0","0","USD","29","79","139","166","","169.99","0.0","69.99","0.0","NoExcessInventory","","0.0","0","0","0.0","0.61","2.252304","cubic feet","Oversize","578.842128","US","gl_lawn_and_garden","38530","57","0","13","20","69.99","2059.71","6023.21","11132.61","13454.34","12","170","32","0","0","266.98","0","0","0","0","","7","1","","","","","","","","","","","","","","","","","165.7","132","Healthy","123","2026-05-07","2026-04-27","No","No","144.1","165.7","2026-04-27","257","0","6","1","59","unassigned","N","","",""
"2026-04-30","VSGB-3","X003H23TBL","B0BLB36L7K","VIVOSUN 5-Pack 3 Gallon Grow Bags, 500G Thick Nonwoven Fabric Pots with Strap Handles, Multi-Purpose Rings, for Low Stress Plant Training Fruits, Vegetables, and Flowers","New","432","0","509","0","0","0","0","0","USD","75","267","455","583","","18.99","0.0","18.99","0.0","NoExcessInventory","","0.0","0","0","0.0","1.81","0.102063","cubic feet","Standard","44.091216","US","gl_lawn_and_garden","2935","71","0","8","12","18.99","1414.28","5025.39","8589.55","11003.28","436","73","0","0","0","28.9","145","144","0","1","","64","0","","","","","","","","","","","","","","","","","54.6","228","Healthy","7","2026-05-07","2026-04-27","No","No","54.6","47.1","2026-04-27","633","56","5","3","103","unassigned","N","","",""
"2026-04-30","GCT-0002","X004A19NZT","B0D6YCQQJD","VIVOSUN 13 x 13 Pop Up Canopy Tent, Quick Setup Canopy Shelter with Mosquito Netting, Center Lock, Storage Bag, Instant Outdoor Gazebo for Parties, Patio, Lawn, Garden, Backyard, Khaki","New","48","0","53","0","0","0","0","0","USD","8","55","65","65","","159.99","0.0","159.99","0.0","NoRestockExcessActionRequired","","0.0","0","0","0.0","1.88","3.27329","cubic feet","Oversize","157.11792","US","gl_lawn_and_garden","178279","29","0","11","31","159.99","1263.92","8191.45","9727.35","9727.35","53","0","0","0","0","38.45","111","91","20","0","","3","0","","","","","","","","","","","","","","","","","36.8","82","Low stock","102","2026-05-07","2026-04-27","Yes","No","21.5","36.8","2026-04-27","160","1","1","1","69","unassigned","N","","",""
"2026-04-30","332025J","X004G8YX97","B0DLKWJXSV","VIVOSUN 3-Pack Jewelry Loupe, 30X/60X/90X Eye Loupe with UV/LED Lights, Foldable Magnifiers for Jewelry, Gems, Watches, Coins, and Stamps","New","572","0","587","0","0","0","0","0","USD","37","193","368","532","","21.99","0.0","21.99","0.0","NoExcessInventory","","0.0","0","0","0.0","0.9","0.01486","cubic feet","Standard","8.49992","US","gl_home","10934","108","0","23","27","21.99","717.63","3834.4","7262.62","10456.88","131","228","228","0","0","5.07","540","432","0","108","","11","1","","","","","","","","","","","","","","","","","105.4","564","Healthy","","","2026-04-27","No","No","95.3","105.4","2026-04-27","1113","1","6","4","185","unassigned","N","","",""
"2026-04-30","HD-2119J","X002W8ES5R","B094FZM3J9","VIVOSUN 4.5L 2-in-1 Cool & Warm Mist Ultrasonic Humidifier with Essential Oil Box & Remote Control for Bedrooms, Offices, Plants, Babies, Dryness, and Skincare","New","67","0","68","15","0","0","0","0","USD","2","6","12","30","Low traffic","69.99","0.0","65.99","0.0","NoExcessInventory","","0.0","0","0","26.89","0.43","0.69919","cubic feet","Standard","46.84573","US","gl_home","489237","215","0","52","34","69.99","131.98","393.94","799.88","2059.2","12","24","32","0","0","43.61","12","0","12","0","","20","0","","","","","","","","","","","","","","","","","384.1","19","Healthy","","","2026-04-27","Yes","No","384.1","210.9","2026-04-27","83","4","16","0","230","unassigned","N","","",""
"2026-04-30","VSGBS-55x1","X003ZWTSXL","B0CKWWY424","VIVOSUN 8-Grid 55 Gallon Plant Grow Bags, Large Fabric Raised Garden Bed with 400G Thickened Breathable Fabric, Reinforced Handles & 10 Pcs Plant Labels for Flowers, Vegetables, Fruits","New","0","0","31","0","0","0","0","0","USD","11","176","313","371","","19.99","0.0","19.99","0.0","NoExcessInventory","","0.0","0","0","0.0","3.02","0.211191","cubic feet","Standard","0.0","US","gl_lawn_and_garden","37552","26","0","6","9","19.99","219.89","3514.68","6252.81","7410.45","31","0","0","0","0","2.92","270","225","30","15","","89","0","","","","","","","","","","","","","","","","","33.5","185","Low stock","194","2026-05-06","2026-04-27","No","No","15.5","33.5","2026-04-27","344","74","3","12","134","unassigned","N","","",""
"2026-04-30","CFPW-6","X003YCJOU9","B0CH7XQ4T5","VIVOSUN 6 Inch Prefilter for 6"" Carbon Filter, White, 13.78"" Long","New","107","0","143","0","0","0","0","0","USD","26","113","179","326","","9.99","0.0","9.99","8.9","NoRestockExcessActionRequired","","0.0","0","0","0.0","2.07","0.029369","cubic feet","Standard","3.142483","US","gl_home_improvement","51799","33","0","10","12","9.99","259.74","1121.77","1780.91","3241.14","104","39","0","0","0","1.78","200","200","0","0","","29","0","","","","","","","","","","","","","","","","","42.2","97","Healthy","","","2026-04-27","Yes","No","42.2","39.4","2026-04-27","327","20","8","1","93","unassigned","N","","",""
"2026-04-30","CC-002","X003WBF75X","B0CC4ZWT88","VIVOSUN Coco Coir Brick, 11lbs 100% Natural Organic Compressed Coconut Coir Fiber with Low EC, PH Balance & High Nutrition, Coconut Fiber Substrate, Coconut Soil for Plants","New","139","0","171","0","0","0","0","0","USD","9","82","177","217","","31.99","0.0","31.99","0.0","NoRestockExcessActionRequired","","0.0","0","0","0.0","1.06","0.515056","cubic feet","Standard","71.592784","US","gl_lawn_and_garden","26799","114","0","10","12","31.99","284.71","2360.78","5098.34","6358.05","9","114","48","0","0","39.48","66","0","0","66","","23","0","","","","","","","","","","","","","","","","","77.1","79","Healthy","","","2026-04-27","Yes","No","61.8","77.1","2026-04-27","210","5","10","8","131","unassigned","N","","",""
"2026-04-30","GH-A10","X004CK8471","B0DCG2W5TX","VIVOSUN GrowHub Outlet Controller A10, Smart WiFi Outlet, Smart Plug, 15A 1800W, Remote Control, Compatible with Vivosun App for Grow Tent","New","818","0","837","0","0","0","0","0","USD","53","258","536","730","","24.99","0.0","24.99","0.0","NoExcessInventory","","0.0","0","0","0.0","0.98","0.006129","cubic feet","Standard","5.013522","US","gl_biss","23662","121","0","18","21","20.89","1107.17","5785.12","11674.83","16470.91","205","426","206","0","0","3.01","400","400","0","0","","17","0","","","","","","","","","","","","","","","","","104.7","593","Healthy","","","2026-04-27","No","No","104.7","101.4","2026-04-27","1219","1","11","5","185","unassigned","N","","",""
"2026-04-30","332583-35","X0048F7UG1","B0D3PLFYCQ","VIVOSUN 660 GPH 35W Submersible Water Pump, with Adjustable Water Flow, 4.9ft Tubing, Additional Ceramic Shaft, and Outlet Adapters, for Fish Tanks, Aquariums, Hydroponics, Fountains","New","105","0","178","0","0","0","0","0","USD","24","108","208","281","","32.99","0.0","26.39","24.82","NoExcessInventory","","0.0","0","0","0.0","2.08","0.114468","cubic feet","Standard","12.01914","US","gl_pet_products","14302","53","0","18","23","26.39","643.26","3225.82","6349.57","8666.24","169","9","0","0","0","8.27","400","384","16","0","","67","0","","","","","","","","","","","","","","","","","39.6","208","Low stock","","","2026-04-27","No","No","32.5","39.6","2026-04-27","553","48","19","0","215","unassigned","N","","",""
"2026-04-30","VSF-AWE6","X003K8B4AF","B0BP1Y3CRM","VIVOSUN AeroWave E6 Gen2, Grow Tent Clip Fan 6”, EC Motor, Smart Control, Powerful Oscillating Fan, Local Timer, Weatherproof IP54, for Hydroponics Circulation Cooling, Black","","0","0","1","0","0","0","0","0","USD","0","0","0","0","","0.0","0.0","37.99","0.0","NoRestockExcessActionRequired","","","0","0","","1.34","0.40272","cubic feet","Standard","0.0","US","gl_home","1724","0","0","","","37.99","0.0","0.0","0.0","0.0","1","0","0","0","0","","0","0","0","0","","2","1","","","","","","","","","","","","","","","","","","1","Out of stock","2258","2026-04-30","","","","","","2026-04-27","0","0","1","1","0","unassigned","N","","",""
"2026-04-30","VSF-AWE6-G2x2","X004DC20DH","B0BZYVVKQB","VIVOSUN AeroWave E6 Gen2, Grow Tent Clip Fan 6”, EC Motor, Smart Control, Powerful Oscillating Fan, Local Timer, Weatherproof IP54, for Hydroponics Circulation Cooling, Black","New","716","0","816","0","0","0","0","0","USD","240","713","1815","2538","","89.99","86.99","86.99","0.0","NoRestockExcessActionRequired","","0.0","0","0","0.0","2.45","0.756438","cubic feet","Oversize","541.609608","US","gl_home","1724","55","0","15","13","79.99","17707.42","56596.22","143406.98","198642.49","711","105","0","0","0","201.67","2008","1200","200","608","","81","0","","","","","","","","","","","","","","","","","48.1","1171","Low stock","327","2026-05-06","2026-04-27","No","No","48.1","41.7","2026-04-27","2769","45","32","4","104","unassigned","N","","",""
"2026-04-30","VSF-AWA6G2-US","X004YEKJEV","B0GC67FFYW","VIVOSUN AeroWave A6 Grow Tent Clip Fan, 6"" Auto Oscillating Fan, Secure Non-Slip Clamp, Strong Air Circulating, and Low Noise, for Hydroponic Ventilation, 1-Pack","New","1295","0","1498","0","0","0","0","0","USD","145","945","1129","1129","","39.99","0.0","39.99","0.0","NoExcessInventory","","0.0","0","0","0.0","2.32","0.378179","cubic feet","Other","489.741805","US","gl_lawn_and_garden","10021","84","0","25","69","34.99","5300.55","35014.33","42195.27","42195.27","1498","0","0","0","0","454.92","4733","3438","786","509","","265","0","","","","","","","","","","","","","","","","","48.5","","","","","2026-04-27","Yes","No","46.4","48.5","2026-04-27","6199","171","83","11","224","unassigned","N","","",""
"2026-04-30","VSK-GIYS276-US","X004T1JYUT","B0BY7SRP8R","VIVOSUN Smart Grow Tent Kit 2.7 × 2.7ft WiFi-Integrated Automatic Complete Grow System with Full Spectrum LED Grow Light 150W, Efficient Ventilation System with GrowHub E42A+ Controller","New","411","0","335","107","0","0","0","0","USD","16","78","151","232","","399.99","0.0","299.0","0.0","NoRestockExcessActionRequired","","0.0","0","0","0.0","0.53","4.912882","cubic feet","Oversize","2019.194502","US","gl_lawn_and_garden","14023","172","0","21","23","299.0","5212.91","27332.29","53591.56","82050.75","30","158","147","0","0","1299.97","0","0","0","0","","21","0","","","","","","","","","","","","","","","","","174.4","34","Healthy","","","2026-04-27","Yes","No","174.4","167.8","2026-04-27","411","0","14","7","183","unassigned","N","","",""
"2026-04-30","MGN-MP28","X004HXYH2J","B0DQ7VCK55","Maygrove 3-Pack 28” Bendable Moss Pole Monstera Plant Support for Climbing Indoors Plants, Coir Moss Poles Sticks DIY, Plant Support Stake for Potted Plants","","0","0","146","0","0","0","0","0","USD","91","377","394","428","","0.0","0.0","0.0","0.0","CreateShippingPlan","","","0","0","","1.83","0.093856","cubic feet","Standard","0.0","US","gl_lawn_and_garden","26894","0","0","1","3","7.99","727.09","3127.43","3392.06","3926.12","146","0","0","0","0","","100","100","0","0","","139","1","","","","","","","","","","","","","","","","","63.0","317","Low stock","488","2026-05-07","2026-04-27","No","No","30.6","63.0","2026-04-27","110","10","1","128","28","unassigned","N","","",""
"2026-04-30","311011-3J","X0027D2P3J","B07SKTL43N","VIVOSUN 5 Pack 3 Gallon Square Grow Bags, Thick Nonwoven Cubic Fabric Pots with Handles for Indoor and Outdoor Gardening","New","79","0","100","0","0","0","0","0","USD","29","88","176","245","","18.99","0.0","18.99","0.0","NoExcessInventory","","0.0","0","0","0.0","2.46","0.146237","cubic feet","Standard","11.552723","US","gl_lawn_and_garden","19634","45","0","8","10","18.99","550.71","1661.62","3332.74","4641.07","56","44","0","0","0","5.86","112","84","28","0","","16","0","","","","","","","","","","","","","","","","","40.5","72","Healthy","","","2026-04-27","No","No","40.5","39.8","2026-04-27","204","13","1","2","88","unassigned","N","","",""
"2026-04-30","OUL-001-12","X003XYA3J9","B0CGL8SV7B","VIVOSUN Outdoor LED Grow Lights, Waterproof String Grow Light, Full Spectrum Plant Growing Lights with 44Ft Adjustable Cord for Seedling, Veg, Flower in Greenhouse, Garden, Backyard, Farm (12-Light)","New","87","0","92","0","0","0","0","0","USD","21","88","211","283","","109.99","0.0","109.99","0.0","GoToRestock","","0.0","0","0","0.0","1.95","0.680556","cubic feet","Oversize","59.208372","US","gl_lawn_and_garden","41610","34","0","8","8","109.99","2250.54","9336.12","20846.08","27874.85","66","26","0","0","0","17.31","97","97","0","0","","1","0","","","","","","","","","","","","","","","","","48.5","71","Healthy","","","2026-04-27","Yes","No","36.6","48.5","2026-04-27","184","0","1","0","82","unassigned","N","","",""
"2026-04-30","308141","X000WUFUBX","B018VI76JA","VIVOSUN Highly Reflective Mylar Film Roll 4FT x 50FT for Outdoor Grow Room Indoor Decoration Aluminum Paint Coated 2 Mil Silver","New","547","0","488","0","0","0","0","0","USD","56","293","627","932","","39.99","0.0","37.99","0.0","NoRestockExcessActionRequired","","0.0","0","0","0.0","1.66","0.177228","cubic feet","Oversize","96.943716","US","gl_lawn_and_garden","6540","87","0","16","16","32.29","2110.44","10824.47","22772.53","34229.7","287","201","0","0","0","38.4","630","423","207","0","","24","9","","","","","","","","","","","","","","","","","55.0","457","Healthy","","","2026-04-27","No","No","55.0","50.8","2026-04-27","1179","2","19","3","141","unassigned","N","","",""
"2026-04-30","VSA100SE-E25","X003GFA3AT","B0BKP6QLTD","VIVOSUN AeroLight A100SE, LED Grow Light 100W with Integrated Circulation Fan & GrowHub Controller E25, Compatible with App and E42A, 2x2/2x4 Coverage, Establish an Intelligent Grow Environment","New","52","0","81","0","0","0","0","0","USD","16","74","81","132","","119.99","0.0","107.98","0.0","CreateShippingPlan","","0.0","0","0","0.0","3.54","0.349099","cubic feet","Standard","18.153148","US","gl_lawn_and_garden","34658","43","0","2","5","107.98","1470.07","7829.0","8568.88","14663.88","81","0","0","0","0","10.3","0","0","0","0","","28","0","","","","","","","","","","","","","","","","","23.8","128","Low stock","187","2026-05-06","2026-04-27","Yes","No","23.8","17.9","2026-04-27","72","20","7","1","49","unassigned","N","","",""
"2026-04-30","SPray-OR-3L","X003XGYFH3","B0CFLF4J8N","VIVOSUN 0.8Gal/3L Pump Pressure Sprayer, Pressurized Water Spray Bottle with Adjustable Shoulder Strap, Adjustable Nozzle, Safety Valve & Additional Seals, Ideal for Watering, Fertilizing, Cleaning","New","36","0","69","0","0","0","0","0","USD","3","9","167","194","Low traffic","24.99","0.0","24.99","0.0","CreateShippingPlan","","0.0","0","0","0.0","1.79","0.439525","cubic feet","Standard","15.8229","US","gl_lawn_and_garden","74653","76","0","16","2","24.99","63.97","168.41","2383.58","2919.56","69","0","0","0","0","17.68","0","0","0","0","","30","0","","","","","","","","","","","","","","","","","132.7","36","Healthy","26","2026-05-06","2026-04-27","Yes","No","132.7","41.1","2026-04-27","63","27","3","0","82","unassigned","N","","",""
"2026-04-30","CC-001-3","X003WBN2FF","B0CC4Y712L","VIVOSUN Coco Coir Brick, 1.4lbs 100% Natural Organic Compressed Coconut Coir Fiber with Low EC, PH Balance & High Nutrition, Coconut Fiber Substrate, Coconut Soil for Plants, 3-Pack","New","229","0","256","0","0","0","0","0","USD","36","146","227","363","","17.99","0.0","17.99","0.0","NoRestockExcessActionRequired","","0.0","0","0","0.0","1.75","0.171461","cubic feet","Standard","39.264569","US","gl_lawn_and_garden","26799","83","0","8","11","17.99","644.29","2468.52","3834.61","6266.17","9","247","0","0","0","21.4","80","0","0","80","","17","0","","","","","","","","","","","","","","","","","77.7","152","Healthy","18","2026-05-07","2026-04-27","No","No","77.7","49.9","2026-04-27","317","8","7","2","86","unassigned","N","","",""
"2026-04-30","RGB-0010-2","X0041RM10L","B0CNVJT5RF","VIVOSUN 3.6 x 1.3Ft Wooden Raised Garden Bed, 43.5 x 16 x 14 Inches, Outdoor Wood Planter Box with Screwdriver and a Liner for Garden, Patio, Balcony, Backyard and Outdoors, 2Pcs","New","20","0","44","0","0","0","0","0","USD","51","114","184","186","","129.99","0.0","89.98","0.0","CreateShippingPlan","","0.0","0","0","0.0","1.99","3.291328","cubic feet","Oversize","65.82656","US","gl_lawn_and_garden","7064","3","0","2","4","89.98","4708.51","12089.5","19137.61","19390.59","44","0","0","0","0","8.49","50","50","0","0","","10","1","","","","","","","","","","","","","","","","","60.8","75","Low stock","138","2026-05-07","2026-04-27","No","No","26.2","60.8","2026-04-27","70","0","7","3","26","unassigned","N","","",""
"2026-04-30","332523J","X001C3FSP7","B06X6FT8MK","VIVOSUN Air Stone Disc 8 x 8 Inch with Shell and Sucker for Aquarium, Fish Tank and Hydroponics Air Pump","New","219","0","351","0","0","0","0","0","USD","110","439","781","980","","19.99","0.0","17.99","0.0","NoExcessInventory","","0.0","0","0","0.0","2.02","0.073395","cubic feet","Standard","16.073505","US","gl_pet_products","19733","38","0","8","12","17.99","1977.9","7866.72","14189.66","18020.97","205","146","0","0","0","6.94","723","588","36","99","","120","1","","","","","","","","","","","","","","","","","51.7","321","Low stock","","","2026-04-27","No","No","33.1","51.7","2026-04-27","1035","93","20","7","97","unassigned","N","","",""
"2026-04-30","306109-4C","X004RI8WKR","B0FHQ7WGSX","VIVOSUN 4'' Flexible Aluminum Duct, 25 FT Long Heavy-Duty Multi-Layer Air Hose for HVAC Ventilation, Dryer Vent Hose for Grow Tents and Duct Fan Systems, 2 Clamps Included","New","1482","0","1678","0","0","0","0","0","USD","218","1100","2208","2691","","21.99","0.0","21.99","20.68","NoExcessInventory","","0.0","0","0","0.0","1.52","0.221831","cubic feet","Standard","328.753542","US","gl_home_improvement","2235","69","0","13","18","21.99","4627.72","22634.05","45144.97","55331.99","797","881","0","0","0","166.97","2350","1443","200","707","","177","3","","","","","","","","","","","","","","","","","59.7","938","Healthy","","","2026-04-27","No","No","53.5","59.7","2026-04-27","3883","51","111","15","118","unassigned","N","","",""
"2026-04-30","VSL-LL150-N","X004RRPH0V","B09LQCSC8P","VIVOSUN LumaLight 150W LED Grow Light, Full Spectrum Plant Light, Smart Dimmable & High PPFD for Indoor Plants Seedling Vegetables Bloom, Fits 2.7×2.7/3×3 Grow Tents","New","60","0","50","0","0","0","0","0","USD","13","32","126","199","","159.99","0.0","99.99","0.0","NoRestockExcessActionRequired","","0.0","0","0","0.0","2.12","0.567763","cubic feet","Oversize","34.06578","US","gl_lawn_and_garden","7091","159","0","39","20","159.99","1299.87","4083.68","15192.74","23202.01","46","1","3","0","0","11.06","255","145","110","0","","3","0","","","","","","","","","","","","","","","","","43.5","64","Low stock","","","2026-04-27","Yes","No","43.5","43.2","2026-04-27","315","0","3","0","282","unassigned","N","","",""
"2026-04-30","VSE-ATW70","X004RM0ZTT","B0FHZV3WNM","VIVOSUN AeroFlux Smart Grow Tent Heater with Thermostat, 700W PTC Heating, Compact & Portable with VPD, APP Control & Overheat Protection, Included Extension Hose for Grow Tents, Rooms, Greenhouses","","0","0","5","0","0","0","0","0","USD","4","228","1083","2221","","0.0","0.0","0.0","0.0","CreateShippingPlan","","","0","0","","3.5","0.704597","cubic feet","Standard","0.0","US","gl_lawn_and_garden","97335","20","0","15","5","119.99","479.96","27219.72","121693.17","249949.79","5","0","0","0","0","","864","780","0","84","","2","5","","","","","","","","","","","","","","","","","22.5","352","Out of stock","","","2026-04-27","Yes","No","7.2","22.5","2026-04-27","864","0","0","2","107","unassigned","N","","",""
"2026-04-30","306104-616J","X0023G2G43","B07PZKFZKF","VIVOSUN 6 Inch 16 Feet Flex Air Aluminum Ducting, Flexible Dryer Vent Hose for HVAC Ventilation with 2 Stainless Steel Clamps","New","248","0","277","0","0","0","0","0","USD","33","149","306","383","","19.99","0.0","19.99","0.0","NoExcessInventory","","0.0","0","0","0.0","1.43","0.237841","cubic feet","Standard","58.984568","US","gl_home_improvement","2235","58","0","14","18","19.99","633.87","2815.51","5788.65","7250.73","174","103","0","0","0","33.06","309","241","0","68","","30","1","","","","","","","","","","","","","","","","","62.7","146","Healthy","","","2026-04-27","No","No","59.1","62.7","2026-04-27","571","14","14","2","112","unassigned","N","","",""
"2026-04-30","311001-25x5NJ","X001F1MWGJ","B00VWU30EK","VIVOSUN 5-Pack 25 Gallon Plant Grow Bags, Heavy Duty Thickened Nonwoven Fabric Pots with Handles","New","2051","0","2608","0","0","0","0","0","USD","763","2831","4141","4613","","25.99","0.0","25.99","24.44","NoRestockExcessActionRequired","","0.0","0","0","0.0","1.52","0.301213","cubic feet","Standard","617.787863","US","gl_lawn_and_garden","30","29","0","5","10","25.99","19813.54","72818.79","104933.4","116740.49","1515","1093","0","0","0","328.85","1574","1413","0","161","","468","17","","","","","","","","","","","","","","","","","66.6","2571","Low stock","1254","2026-05-07","2026-04-27","No","No","39.8","66.6","2026-04-27","3949","324","117","27","71","unassigned","N","","",""
"2026-04-30","MGN-GSAM","X004MB4IQL","B0F29BDRW4","Maygrove Gardening Sleeves Arm Protection for Women, Anti-Slip UV Protection Garden Sleeves for Women Thorn Proof, Farmers Defense Sleeve Cooling Garden Arm Cover for Outdoor Gardening, M, 1 Pair","New","105","0","105","0","1","2","0","0","USD","15","37","63","69","","15.99","0.0","9.99","0.0","NoExcessInventory","","0.0","0","0","0.0","0.69","0.019807","cubic feet","Apparel","2.079735","US","gl_apparel","30826","108","0","11","19","9.99","149.85","375.23","758.97","835.71","2","100","3","3","0","1.14","0","0","0","0","","3","0","0","0.0","0","0.0","0","0.0","0","0.0","1","0.11","1","0.12","0","0.0","0","0.0","170.7","63","Healthy","","","2026-04-27","Yes","No","107.2","170.7","2026-04-27","107","2","0","1","110","unassigned","N","","",""
"2026-04-30","VSI-FFSW6GB5-4","X004L1IY1R","B0DY727GJQ","VIVOSUN 4-Pack FlexFeed Self-Watering Pots with Grow Bags, Auto Irrigation Fabric Pot Base with Water Meter & Maintenance Window, for Use Indoors/Outdoors in Grow Tents, Greenhouses, Gardens","New","126","0","156","0","0","0","0","0","USD","92","248","462","656","","75.99","0.0","64.58","0.0","NoRestockExcessActionRequired","","0.0","0","0","0.0","2.54","1.08375","cubic feet","Oversize","136.5525","US","gl_lawn_and_garden","8783","35","0","7","9","64.58","6044.05","17374.09","32723.95","47200.01","74","82","0","0","0","25.47","348","176","172","0","","25","0","","","","","","","","","","","","","","","","","37.2","276","Low stock","177","2026-05-07","2026-04-27","No","No","33.6","37.2","2026-04-27","474","0","14","11","56","unassigned","N","","",""
"2026-04-30","DDC-006","X0048D6M7L","B0D3L14RQX","VIVOSUN Double Camping Chair, Padded Folding Love Seat with 2 Cup Holders & Carry Bag, Support 600 lb, Ideal for Indoor & Outdoor Activities, Gray","","0","0","4","0","0","0","0","0","USD","0","9","48","61","","0.0","0.0","0.0","0.0","CreateShippingPlan","","0.0","0","0","0.0","1.8","3.166667","cubic feet","Oversize","0.0","US","gl_outdoors","46122","0","0","0","0","53.99","0.0","629.91","2942.69","3814.06","0","0","4","0","0","0.41","0","0","0","0","","2","0","","","","","","","","","","","","","","","","","49.8","66","Out of stock","160","2026-05-06","2026-04-27","Yes","No","16.1","49.8","2026-04-27","0","0","0","2","4","unassigned","N","","",""
"2026-04-30","330103x2","X003S7MNPD","B0C1Z2WB7H","VIVOSUN 2-Pack 48"" x 20.75"" Durable Waterproof Seedling Heat Mat, UL & MET-Certified Warm Hydroponic Heating Pad for Germination, Indoor Gardening, Greenhouse","New","77","0","134","0","0","0","0","0","USD","35","146","641","1504","","68.99","0.0","68.99","65.54","CreateShippingPlan","","0.0","0","0","0.0","4.18","0.176322","cubic feet","Oversize","13.576794","US","gl_lawn_and_garden","2850","112","0","13","4","68.99","2402.68","10036.63","43972.01","96698.06","134","0","0","0","0","5.07","420","216","204","0","","54","1","","","","","","","","","","","","","","","","","21.3","248","Low stock","","","2026-04-27","Yes","No","14.0","21.3","2026-04-27","539","42","10","2","173","unassigned","N","","",""
"2026-04-30","VSL-T5B1WC4-US","X004X0JF9V","B0G2KSYQFB","VIVOSUN T5 Grow Lights for Indoor Plants, 5000K Full Spectrum 28W (4 x 7W), 1FT LED Plant Light Strip with Timer & Dimming Controller for Seed Starting, Greenhouse, SGS Compatible, Linkable, 4-Pack","New","24","0","43","0","0","0","0","0","USD","89","335","535","565","","34.99","0.0","34.99","0.0","NoExcessInventory","","0.0","0","0","0.0","3.12","0.067945","cubic feet","Standard","1.63068","US","gl_lawn_and_garden","8844","14","0","6","12","34.99","3112.36","11448.65","17949.65","18999.35","43","0","0","0","0","0.37","504","364","0","140","","13","2","","","","","","","","","","","","","","","","","37.7","252","Low stock","","","2026-04-27","No","No","20.9","37.7","2026-04-27","535","7","3","3","49","unassigned","N","","",""
"2026-04-30","306118J","X001UCPXVJ","B07FSGNR4F","VIVOSUN Variable Speed Controller Cordless Vent Blower Speed Adjuster for Inline Duct Exhaust Fan","New","153","0","157","0","0","0","0","0","USD","6","59","136","230","Low traffic","17.99","0.0","17.99","0.0","NoExcessInventory","","0.0","0","0","0.0","1.58","0.014389","cubic feet","Standard","2.201517","US","gl_home","106818","134","0","25","20","17.99","107.94","1043.91","2347.13","4034.69","51","106","0","0","0","1.28","216","108","108","0","","3","5","","","","","","","","","","","","","","","","","75.9","154","Healthy","","","2026-04-27","Yes","No","75.9","56.3","2026-04-27","372","3","0","0","189","unassigned","N","","",""
"2026-04-30","L000001-25J","X001B57HK5","B01MZ72PAH","VIVOSUN 6 Mil Mylar Film Roll, 4 ft. x 25 ft. Diamond Film Foil Roll, Heavy-Duty Reflective Film for Grow Tent, Warm House, and Grow Room (25 ft.)","New","134","0","138","0","0","0","0","0","USD","8","50","100","141","","47.99","0.0","47.99","0.0","NoRestockExcessActionRequired","","0.0","0","0","0.0","1.08","0.270146","cubic feet","Oversize","36.199564","US","gl_lawn_and_garden","176233","97","0","21","24","47.99","359.92","2291.7","4604.4","6562.59","49","48","41","0","0","15.22","132","114","18","0","","8","1","","","","","","","","","","","","","","","","","82.1","111","Healthy","","","2026-04-27","Yes","No","82.1","80.5","2026-04-27","266","0","6","2","183","unassigned","N","","",""
"2026-04-30","HDR006","X002X8NXVV","B096VM7MF3","VIVOSUN 6-Layer Mesh Drying Rack Hanging Design with Green Zippers for Dehydrating, Indoor and Outdoor Pruning Shears Included","New","334","0","293","43","0","0","0","0","USD","4","29","56","100","","26.99","0.0","26.99","0.0","NoExcessInventory","","0.0","0","0","0.0","0.41","0.18994","cubic feet","Standard","63.43996","US","gl_lawn_and_garden","","213","0","54","51","26.99","107.96","777.71","1501.44","2684.0","103","89","101","0","0","43.45","61","60","0","1","","4","0","","","","","","","","","","","","","","","","","314.3","155","Healthy","","","2026-04-27","Yes","No","314.3","212.6","2026-04-27","395","0","4","0","299","unassigned","N","","",""
"2026-04-30","311001-2x20","X002XOL8RV","B097PJ9WQ9","VIVOSUN 20-Pack 2 Gallon Grow Bags, Heavy Duty Thickened Nonwoven Fabric Pots with Handles for Flowers Fruits and Vegetables Black","New","15","0","30","0","0","0","0","0","USD","8","113","157","177","","30.99","0.0","30.99","0.0","GoToRestock","","0.0","0","0","0.0","2.34","0.384267","cubic feet","Standard","5.764005","US","gl_lawn_and_garden","1974","34","0","3","7","30.0","247.92","3473.95","4813.51","5433.31","30","0","0","0","0","6.84","90","90","0","0","","45","0","","","","","","","","","","","","","","","","","42.6","103","Low stock","111","2026-05-07","2026-04-27","Yes","No","16.3","42.6","2026-04-27","146","41","2","2","131","unassigned","N","","",""
"2026-04-30","GH-E42APR","X004R42JZZ","B0BS2BVL3Q","VIVOSUN GrowHub Controller E42A+ for Grow Tent, Smart Environmental WiFi-Controller with Temperature, Humidity, VPD, Timer, Cycle, Schedule Controls, Cooling Ventilation Lighting Programming","New","232","0","340","0","0","0","0","0","USD","58","340","742","1197","","89.99","0.0","89.99","0.0","NoExcessInventory","","0.0","0","0","0.0","2.48","0.056643","cubic feet","Standard","13.141176","US","gl_lawn_and_garden","17977","33","0","15","14","89.99","5192.42","30118.04","65406.18","106102.42","275","65","0","0","0","6.57","1080","1080","0","0","","100","1","","","","","","","","","","","","","","","","","36.8","286","Healthy","","","2026-04-27","No","No","32.3","36.8","2026-04-27","1401","89","6","5","153","unassigned","N","","",""
"2026-04-30","VSA-AG-5B3","X004GPM0MH","B0DMSRJRW4","VIVOSUN 3-Pack 5-Gallon AeroBase Grow Bags, Durable Mesh Fabric Plant Container with Breathable Base and Sturdy Handles, Black","","0","0","5","0","0","0","0","0","USD","12","39","69","94","","0.0","0.0","0.0","0.0","CreateShippingPlan","","","0","0","","4.48","0.609999","cubic feet","Standard","0.0","US","gl_lawn_and_garden","146938","14","0","4","5","35.99","417.6","1371.35","2442.06","3337.09","5","0","0","0","0","","40","16","24","0","","5","1","","","","","","","","","","","","","","","","","20.5","73","Out of stock","123","2026-05-06","2026-04-27","Yes","No","15.2","20.5","2026-04-27","40","0","3","2","27","unassigned","N","","",""
"2026-04-30","307282-2J","X003CMZS1P","B0B9GVFMCD","VIVOSUN 2-Pack Clamp Lamp Light with Detachable 5.5 Inch Aluminum Reflector up to 60W E26 Socket (No Bulb Included), 6 Feet Cord, UL Listed","New","0","0","2","0","0","0","0","0","USD","3","153","480","674","","21.99","0.0","0.0","0.0","NoRestockExcessActionRequired","","0.0","0","0","0.0","4.14","0.173467","cubic feet","Standard","0.0","US","gl_lawn_and_garden","7075","68","0","12","9","18.04","62.02","3258.52","10220.66","14361.71","2","0","0","0","0","0.06","480","216","120","144","","4","0","","","","","","","","","","","","","","","","","16.1","237","Low stock","62","2026-05-06","2026-04-27","Yes","No","7.8","16.1","2026-04-27","482","2","0","2","115","unassigned","N","","",""
"2026-04-30","VSG-GB-AOYBGG350","X004B9JK71","B0D91WZJQ1","VIVOSUN 5-Pack 5Gal*2/7Gal*2/10Gal Colored Grow Bags, 350G Thick nonwoven Fabric Pots with Handles for Flowers, Fruits and Vegetables","New","0","0","27","0","0","0","0","0","USD","43","183","315","333","","16.99","0.0","16.99","0.0","GoToRestock","","0.0","0","0","0.0","2.64","0.171643","cubic feet","Standard","0.0","US","gl_lawn_and_garden","19649","2","0","2","4","16.99","730.57","3092.17","5303.55","5627.37","27","0","0","0","0","0.49","112","112","0","0","","19","0","","","","","","","","","","","","","","","","","41.6","226","Low stock","483","2026-05-06","2026-04-27","No","No","14.0","41.6","2026-04-27","128","16","2","1","23","unassigned","N","","",""
"2026-04-30","Amazon.Found.B0CM68NL2X","B0CM68NL2X","B0CM68NL2X","VIVOSUN Landscape Edging Kit 40ft Long 2in High, No-Dig Plastic Garden Edging Border with 36 Anchoring Spikes & Scissors, Black","","0","0","0","0","1","0","0","0","USD","0","0","2","2","","0.0","0.0","0.0","0.0","CreateShippingPlan","","","0","0","","1.96","0.436969","cubic feet","Standard","0.0","US","gl_lawn_and_garden","","0","0","","0","28.99","0.0","0.0","57.98","57.98","0","0","0","1","0","","0","0","0","0","","0","0","1","0.22","0","0.0","0","0.0","0","0.0","0","0.0","0","0.0","0","0.0","0","0.0","","","","51","2026-04-29","","","","","73.5","2026-04-27","0","0","0","0","0","unassigned","N","","",""
"2026-04-30","311003-4X2NJ","X002ICYT65","B087CPSL1H","VIVOSUN 2-Pack 6.5 Inch Gardening Scissors Hand Pruner Pruning Shear with Straight Stainless Steel Blades Orange","New","1270","0","1394","0","0","0","0","0","USD","82","291","504","730","","9.99","0.0","7.99","0.0","NoRestockExcessActionRequired","","0.0","0","0","0.0","0.69","0.012351","cubic feet","Standard","15.68577","US","gl_lawn_and_garden","156","111","0","30","39","7.99","660.68","2604.29","4563.33","6682.67","484","910","0","0","0","10.23","960","960","0","0","","119","2","","","","","","","","","","","","","","","","","140.3","318","Healthy","","","2026-04-27","No","No","140.3","136.2","2026-04-27","2266","36","82","1","192","unassigned","N","","",""
"2026-04-30","Amazon.Found.B07L4Q3MVY","B07L4Q3MVY","B07L4Q3MVY","VIVOSUN 1.35-Gallon Pump Pressure Sprayer, Pressurized Lawn & Garden Water Spray Bottle with Adjustable Shoulder Strap, for Spraying Plants, Garden Watering and Household Cleaning","","0","0","0","4","0","0","0","0","USD","0","0","0","1","","0.0","0.0","29.99","0.0","CreateShippingPlan","","","0","0","","2.25","0.532349","cubic feet","Standard","0.0","US","gl_lawn_and_garden","3625","0","0","","0","29.99","0.0","0.0","0.0","29.99","0","0","0","0","0","","0","0","0","0","","4","0","3","0.8","0","0.0","0","0.0","0","0.0","0","0.0","0","0.0","0","0.0","0","0.0","36.9","1","Out of stock","3159","2026-05-06","2026-04-27","Yes","No","24.0","36.9","2026-04-27","0","0","4","0","0","unassigned","N","","",""
"2026-04-30","332595J","X0042PJL1T","B0CQJDT91K","VIVOSUN 1800 GPH Submersible Water Pump with Barrier Bag, 100W Pond Pump with 14FT. Lift Height, Ultra Quiet Aquarium Pump for Pond, Waterfall, Fish Tank, Statuary, Hydroponic","New","19","0","80","0","0","0","0","0","USD","6","9","181","312","","82.99","0.0","82.99","66.99","NoExcessInventory","","0.0","0","0","0.0","2.19","0.382499","cubic feet","Standard","7.267481","US","gl_lawn_and_garden","62775","72","0","95","8","82.99","497.94","709.51","8927.77","15347.85","80","0","0","0","0","160.13","196","184","0","12","","56","0","","","","","","","","","","","","","","","","","141.2","108","Low stock","","","2026-04-27","Yes","No","141.2","34.0","2026-04-27","271","56","0","0","301","unassigned","N","","",""
"2026-04-30","CT-0001","X002ZFYTNX","B09CGLXTQ5","VIVOSUN Compost Thermometer, 20 Inch Backyard Soil Thermometer with Stainless Steel Dial for Composting Bins, Outdoor Gardening and Planting (0-200°F)","New","194","0","216","0","0","0","0","0","USD","55","214","332","416","","24.99","0.0","24.99","0.0","NoExcessInventory","","0.0","0","0","0.0","1.54","0.048611","cubic feet","Oversize","9.430534","US","gl_biss","49793","30","0","6","10","24.99","1369.89","5319.76","8252.08","10330.17","114","102","0","0","0","3.1","140","140","0","0","","6","0","","","","","","","","","","","","","","","","","65.3","155","Healthy","154","2026-05-06","2026-04-27","No","No","40.9","65.3","2026-04-27","334","0","3","3","57","unassigned","N","","",""
"2026-04-30","VSF-R410-BL","X0045CUB1D","B0CWN3M47J","VIVOSUN Quiet Register Booster Fan, Smart Register Vent with Thermostat Control, Fits 4”×10” Register Holes, Heating Cooling AC Vent Fan, Black","New","52","0","58","0","0","0","0","0","USD","20","112","185","236","","25.99","0.0","25.99","0.0","NoExcessInventory","","0.0","0","0","0.0","2.98","0.150466","cubic feet","Standard","7.824232","US","gl_pc","67753","19","0","8","12","25.99","519.8","2910.88","4698.15","5925.17","41","17","0","0","0","2.49","174","174","0","0","","5","0","","","","","","","","","","","","","","","","","32.9","249","Low stock","256","2026-05-07","2026-04-27","No","No","27.8","32.9","2026-04-27","227","1","4","0","77","unassigned","N","","",""
"2026-04-30","332582-60","X002I2RBLF","B086QJPQ6X","VIVOSUN 850GPH 60W Submersible Pump for Fish Tank, Pond, Aquarium, Hydroponic Systems with 5ft Power Cord and 4 Nozzles Blue","New","814","0","1137","0","0","0","0","0","USD","212","639","1069","1333","","26.99","0.0","22.94","0.0","NoRestockExcessActionRequired","","0.0","0","0","0.0","1.2","0.103129","cubic feet","Standard","83.947006","US","gl_lawn_and_garden","2926","64","0","11","17","22.94","5056.68","15838.11","26747.37","33630.48","413","580","144","0","0","57.38","1008","666","234","108","","275","9","","","","","","","","","","","","","","","","","88.6","573","Healthy","","","2026-04-27","No","No","69.6","88.6","2026-04-27","1997","175","83","17","116","unassigned","N","","",""
"2026-04-30","SPray-70LJ","X0024JFW0J","B07QQ3KYJC","VIVOSUN 1.85-Gallon Pump Pressure Sprayer, Pressurized Lawn & Garden Water Spray Bottle with Adjustable Shoulder Strap, for Spraying Plants, Garden Watering and Household Cleaning","New","320","0","2","1","179","142","0","0","USD","25","257","404","465","","39.99","0.0","39.99","0.0","NoRestockExcessActionRequired","","0.0","0","0","2.55","0.75","0.653742","cubic feet","Oversize","209.19744","US","gl_lawn_and_garden","3625","35","0","4","8","39.99","934.93","7145.81","11504.98","13412.77","1","1","0","321","0","523.51","0","0","0","0","","0","5","0","0.0","177","115.72","1","0.98","143","509.49","0","0.0","0","0.0","0","0.0","0","0.0","125.8","760","Low stock","1229","2026-05-06","2026-04-27","No","No","57.2","125.8","2026-04-27","320","0","0","0","35","unassigned","N","","",""
"2026-04-30","MGG-GH-RH05","X004G6YHXB","B0DLG7999C","Maygrove 5 ft Garden Hose, 5/8 in ID, Heavy-Duty, Leakproof, Kink-Resistant Water Hose with Swivel Brass Fittings, 600 PSI Burst Rating, Ideal for Car Wash & Lawn Watering","","0","0","6","0","0","0","0","0","USD","0","5","106","114","","0.0","0.0","0.0","0.0","CreateShippingPlan","","","0","0","","1.88","0.105558","cubic feet","Standard","0.0","US","gl_lawn_and_garden","65110","0","0","0","0","12.99","0.0","64.95","1449.34","1573.26","6","0","0","0","0","","0","0","0","0","","11","0","","","","","","","","","","","","","","","","","54.0","245","Out of stock","370","2026-04-29","2026-04-27","Yes","No","12.8","54.0","2026-04-27","0","0","5","6","22","unassigned","N","","",""
"2026-04-30","333101-GJ","X0018HO20T","B01M4K63LJ","VIVOSUN Indoor Hydroponics LED Grow Room Glasses with Glasses Case","New","522","0","551","0","0","0","0","0","USD","31","127","252","383","","15.98","0.0","15.98","0.0","NoExcessInventory","","0.0","0","0","0.0","0.85","0.03861","cubic feet","Standard","20.15442","US","gl_lawn_and_garden","26279","153","0","22","23","15.98","478.13","1980.08","3934.53","5927.06","204","209","138","0","0","13.57","182","182","0","0","","35","0","","","","","","","","","","","","","","","","","135.2","141","Healthy","","","2026-04-27","No","No","135.2","111.5","2026-04-27","723","19","14","2","209","unassigned","N","","",""
"2026-04-30","MGN-GSDL","X004MA0ODX","B0F29G21Z9","Maygrove Gardening Sleeves Arm Protection for Women, Anti-Slip UV Protection Garden Sleeves for Women Thorn Proof, Farmers Defense Sleeve Cooling Garden Arm Cover for Outdoor Gardening, L, 1 Pair","New","64","0","75","0","0","0","0","0","USD","33","137","186","198","","15.99","0.0","9.99","0.0","NoExcessInventory","","0.0","0","0","0.0","1.62","0.017934","cubic feet","Apparel","1.147776","US","gl_apparel","30826","14","0","4","10","9.99","329.67","1377.03","2112.54","2299.62","52","23","0","0","0","0.36","100","100","0","0","","6","0","","","","","","","","","","","","","","","","","72.6","177","Low stock","138","2026-05-06","2026-04-27","No","No","36.5","72.6","2026-04-27","165","1","5","0","45","unassigned","N","","",""
"2026-04-30","331101-4","X000YYF49Z","B01C82SYZ0","VIVOSUN 4 Inch Inline Duct Fan 100 CFM, HVAC Exhaust Ventilation Fan with Low Noise for Basements, Bathrooms, Kitchens and Attics, Silver","New","1005","0","1115","0","0","0","0","0","USD","150","695","1269","1942","","22.99","0.0","22.99","19.66","NoRestockExcessActionRequired","","0.0","0","0","0.0","1.22","0.089725","cubic feet","Standard","90.173625","US","gl_home_improvement","34158","47","0","10","11","21.84","3145.95","15056.77","27395.71","42336.71","19","628","468","0","0","46.87","780","780","0","0","","106","2","","","","","","","","","","","","","","","","","80.0","850","Healthy","220","2026-05-07","2026-04-27","No","No","65.9","80.0","2026-04-27","1814","29","71","6","76","unassigned","N","","",""
"2026-04-30","HR-0000C","X0042B5LS5","B0CPP7L8QW","VIVOSUN Outdoor Handrail, 2 Step Stair Handrail, 31.5"" x 39"" Fits 1 to 2 Steps, Wrought Mattle Iron Stair Railing with Single Curved End for Concrete Steps, Porch Steps, One-Step Assembly, Black","New","120","0","130","0","0","0","0","0","USD","8","26","41","64","","49.99","0.0","47.49","34.52","NoExcessInventory","","0.0","0","0","0.0","0.65","0.83044","cubic feet","Oversize","99.6528","US","gl_home_improvement","2999","126","0","21","28","47.49","372.42","1129.74","1819.59","2949.36","55","65","10","0","0","46.41","20","20","0","0","","7","1","","","","","","","","","","","","","","","","","123.0","68","Healthy","1","2026-05-06","2026-04-27","Yes","No","123.0","116.8","2026-04-27","144","4","3","0","157","unassigned","N","","",""
"2026-04-30","SWS-001","X003PYLYLN","B0BW3XDMQG","VIVOSUN 10Pcs Self-Watering Spikes, 7 Inch Hexagonal Terracotta Watering Stakes, Auto-Water Device, Planter Insert for Indoor & Outdoor Potted Plants, 10-Pack","New","119","0","293","0","0","0","0","0","USD","268","967","1549","1625","","24.99","0.0","24.99","0.0","NoExcessInventory","","0.0","0","0","0.0","3.73","0.306808","cubic feet","Standard","36.510152","US","gl_lawn_and_garden","8278","34","0","10","19","24.99","6645.18","23947.75","37545.84","39394.18","293","0","0","0","0","10.08","2320","1320","240","760","","118","0","","","","","","","","","","","","","","","","","33.5","1031","Low stock","383","2026-05-07","2026-04-27","No","No","21.9","33.5","2026-04-27","2503","64","28","26","106","unassigned","N","","",""
"2026-04-30","304113-22","X003QSBLPR","B07PK7J1XZ","VIVOSUN S224 2x2 Grow Tent, 24""x24""x48"" High Reflective Mylar with Observation Window and Floor Tray for Hydroponics Indoor Plant for VS1000","New","191","0","203","0","0","0","0","0","USD","37","137","269","408","","74.99","0.0","71.24","0.0","NoExcessInventory","","0.0","0","0","0.0","1.16","0.799099","cubic feet","Oversize","152.627909","US","gl_lawn_and_garden","5584","59","0","12","13","71.24","2542.13","9606.13","19356.56","29673.17","33","2","168","0","0","55.64","244","180","62","2","","5","0","","","","","","","","","","","","","","","","","80.1","166","Healthy","","","2026-04-27","No","No","61.0","80.1","2026-04-27","435","0","4","1","120","unassigned","N","","",""
"2026-04-30","304113-P848","X003XWWYM5","B0CGHPVX9S","VIVOSUN PRO Grow Tent 4x8 ft, P848 Tents 96""×48""×80"" with Thickened 1 inch Poles, Strengthened High Reflective Mylar Oxford Fabric, Extra Hanging Bars & High CFM Kit for Indoor Plant","New","99","0","71","31","0","0","0","0","USD","7","21","32","50","","269.99","0.0","229.49","0.0","NoRestockExcessActionRequired","","0.0","0","0","0.0","0.46","4.310185","cubic feet","Extra-large","426.708315","US","gl_lawn_and_garden","24195","208","0","19","26","229.49","1687.43","5183.18","8018.07","12688.89","2","49","20","0","0","204.08","2","0","2","0","","15","1","","","","","","","","","","","","","","","","","206.9","40","Healthy","","","2026-04-27","Yes","No","185.3","206.9","2026-04-27","101","0","14","1","240","unassigned","N","","",""
"2026-04-30","VSK-GIYE224-US","X004T1JW5V","B08LGP2N34","VIVOSUN Grow Tent Kit, 2 × 2ft 1-Plant System, WiFi-Controlled Grow System with Full Spectrum LED Grow Light, Automatic Ventilation, GrowHub Outlet A22 with Temperature and Humidity Sensor","New","207","0","219","0","0","0","0","0","USD","23","133","319","485","","299.99","0.0","269.99","0.0","NoRestockExcessActionRequired","","0.0","0","0","0.0","1.72","3.763198","cubic feet","Oversize","778.981986","US","gl_lawn_and_garden","46516","58","0","13","11","269.99","5909.67","34648.12","82771.27","124889.61","84","135","0","0","0","323.06","232","162","64","6","","20","0","","","","","","","","","","","","","","","","","55.6","46","Healthy","","","2026-04-27","No","No","51.6","55.6","2026-04-27","450","11","9","0","110","unassigned","N","","",""
"2026-04-30","308112J","X0019F1GRH","B018VI72S0","VIVOSUN Black and White Panda Film, 10’ x 50’ 5.5 Mil Poly Film, Blackout Tarp for Warm House","New","113","0","120","0","0","0","0","0","USD","15","42","90","136","","54.99","52.99","52.99","42.12","NoRestockExcessActionRequired","","0.0","0","0","0.0","1.6","0.488299","cubic feet","Oversize","55.177787","US","gl_lawn_and_garden","38099","164","0","22","22","50.34","793.85","2259.08","4789.85","7303.89","86","34","0","0","0","24.5","124","58","66","0","","7","0","","","","","","","","","","","","","","","","","81.0","87","Healthy","","","2026-04-27","Yes","No","81.0","57.0","2026-04-27","237","0","6","1","221","unassigned","N","","",""
"2026-04-30","VS-THB1","X003QOPYY5","B0BXP47DZP","VIVOSUN AeroLab THB1 Wireless Bluetooth Hygrometer Thermometer Indoor, Smart Temperature Monitor, VPD, Digital Humidity Meter, LCD Remote Control & Alert, Data Storage, Dual Channels, Battery Included","New","630","0","652","0","0","0","0","0","USD","58","334","559","807","","15.99","0.0","15.19","0.0","NoRestockExcessActionRequired","","0.0","0","0","0.0","1.08","0.013927","cubic feet","Standard","8.77401","US","gl_lawn_and_garden","14011","60","0","14","19","15.19","880.06","5025.31","8474.61","12397.81","250","310","92","0","0","5.58","600","600","0","0","","32","0","","","","","","","","","","","","","","","","","81.0","447","Healthy","","","2026-04-27","No","No","68.6","81.0","2026-04-27","1232","2","28","2","145","unassigned","N","","",""
"2026-04-30","SPray-15L-GJ","X0024GXA97","B07QTHF3QK","VIVOSUN 50oz Pump Sprayer, Handheld Garden Water Sprayer Bottle with Adjustable Brass Nozzle, for Spraying Plants, Flowers, Weeds and Cleaning, Green","New","1924","0","2429","0","0","0","0","0","USD","294","1137","2052","2779","","19.99","0.0","19.99","0.0","NoExcessInventory","","0.0","0","0","0.0","1.1","0.302458","cubic feet","Standard","581.929192","US","gl_lawn_and_garden","1606","94","0","14","19","19.99","5852.66","22107.83","39531.48","53020.94","762","1165","502","0","0","370.25","2139","927","0","1212","","477","5","","","","","","","","","","","","","","","","","85.5","1018","Healthy","","","2026-04-27","No","No","76.7","85.5","2026-04-27","4336","273","195","9","135","unassigned","N","","",""
"2026-04-30","VSS-SP-456L36","X004CJNU3Z","B0DCFNHLNM","VIVOSUN 36 Packs 4/5/6 Inch Clear Nursery Pots with Drainage Holes, Reinforced Plastic Seedling Pots for Plants, Flowers, Cuttings, and Succulents, 40 pcs Plant Labels","New","169","0","202","0","0","0","0","0","USD","40","208","384","532","","19.99","0.0","19.99","0.0","GoToRestock","","0.0","0","0","0.0","2.11","0.330252","cubic feet","Standard","55.812588","US","gl_lawn_and_garden","39631","40","0","4","6","19.99","769.6","3872.92","7335.66","10090.18","98","104","0","0","0","20.55","80","75","0","5","","28","1","","","","","","","","","","","","","","","","","47.1","248","Low stock","320","2026-05-07","2026-04-27","Yes","No","41.4","47.1","2026-04-27","260","11","15","2","62","unassigned","N","","",""
"2026-04-30","VSI-FFD2","X00438AUUB","B0CRDQ63HT","VIVOSUN FlexFeed Drip Irrigation Kit, 4W Automatic Irrigation System with Pump & 4 Drip Emitters, App-Controllable Professional Plant Watering Drip Kit for VGrow Smart Grow Box","New","168","0","195","0","0","0","0","0","USD","44","184","347","389","","19.99","0.0","19.99","0.0","NoRestockExcessActionRequired","","0.0","0","0","0.0","1.41","0.025604","cubic feet","Standard","4.301472","US","gl_lawn_and_garden","12454","44","0","11","17","19.99","875.8","3636.4","6838.01","7677.59","7","188","0","0","0","1.82","350","150","0","200","","22","1","","","","","","","","","","","","","","","","","68.0","371","Low stock","413","2026-05-07","2026-04-27","No","No","50.6","68.0","2026-04-27","523","5","14","3","57","unassigned","N","","",""
"2026-04-30","MGN-GSCL","X004MA0ODD","B0F299P48G","Maygrove Gardening Sleeves Arm Protection for Women, Anti-Slip UV Protection Garden Sleeves for Women Thorn Proof, Farmers Defense Sleeve Cooling Garden Arm Cover for Outdoor Gardening, L, 1 Pair","New","159","0","0","8","155","0","0","0","USD","10","89","100","116","","15.99","0.0","9.99","0.0","NoRestockExcessActionRequired","","0.0","0","0","0.0","0.47","0.017934","cubic feet","Apparel","2.851506","US","gl_apparel","30826","256","0","11","29","9.99","111.9","755.11","915.0","1082.84","0","0","0","155","0","1.79","100","100","0","0","","3","0","","","","","","","","","","","","","","","","","208.1","63","Healthy","","","2026-04-27","Yes","No","78.1","208.1","2026-04-27","260","1","1","1","366","unassigned","N","","",""
"2026-04-30","VST-SP1-GL-US","X004XK6B2F","B0G4MBQ2VD","VIVOSUN Grow Tent High CFM Kit, Heavy-Duty Mounting Bars, High Airflow Support Pole Kit 24""-36"" Adjustable, Suitable for 2’×2’, 2.3’×2.3’, 2.7’×2.7’, and 3’×3’ Tents, 4-Pack","New","217","0","295","0","0","0","0","0","USD","29","86","161","187","","29.99","0.0","29.99","0.0","NoExcessInventory","","0.0","0","0","0.0","1.1","0.154652","cubic feet","Standard","33.559484","US","gl_lawn_and_garden","23141","141","0","18","27","29.99","869.71","2579.14","4828.39","5556.13","178","117","0","0","0","23.43","180","150","30","0","","77","0","","","","","","","","","","","","","","","","","91.7","94","Healthy","","","2026-04-27","No","No","91.7","89.7","2026-04-27","443","46","25","6","230","unassigned","N","","",""
"2026-04-30","WB-4x250","X0029LVJ7H","B07S5LNR6V","VIVOSUN Premium Weed Barrier Landscape Fabric Heavy Duty, 4ftx250ft 5oz Double-Layered Weed Control Mat with High Permeability, Commercial Ground Cover, Easy Set up & Superior Weed Control","New","39","0","74","0","0","0","0","0","USD","60","240","476","543","","104.99","0.0","104.99","0.0","CreateShippingPlan","","0.0","0","0","0.0","3.19","2.522613","cubic feet","Oversize","98.381907","US","gl_home","5098","13","0","3","5","104.99","6289.4","24461.92","46588.1","53057.43","74","0","0","0","0","13.01","181","84","59","38","","41","1","","","","","","","","","","","","","","","","","31.0","256","Low stock","476","2026-05-06","2026-04-27","Yes","No","17.3","31.0","2026-04-27","221","1","25","15","23","unassigned","N","","",""
"2026-04-30","308105-25J","X001GJGL8Z","B0739ZSW17","VIVOSUN Double Bubble Foil Insulation Roll, 6"" x 25 ft Reflective HVAC Pipe & Duct Wrap, Weatherproof Thermal Insulation for Attics, Windows, Garages","New","413","0","503","0","0","0","0","0","USD","43","189","341","522","","16.99","0.0","16.99","0.0","NoRestockExcessActionRequired","","0.0","0","0","0.0","1.3","0.210888","cubic feet","Standard","87.096744","US","gl_biss","42477","74","0","17","21","16.99","718.07","3111.86","5327.18","8338.88","340","163","0","0","0","62.82","432","432","0","0","","93","0","","","","","","","","","","","","","","","","","77.0","309","Healthy","","","2026-04-27","No","No","77.0","64.3","2026-04-27","924","79","13","1","154","unassigned","N","","",""
"2026-04-30","330101x6","X003S7N9A1","B0C1Z2XBWS","VIVOSUN 6-Pack 10"" x 20.75"" Durable Waterproof Seedling Heat Mat, UL & MET-Certified Warm Hydroponic Heating Pad for Germination, Indoor Gardening, Greenhouse","New","249","0","285","0","0","0","0","0","USD","12","72","166","222","Low traffic","79.99","0.0","63.99","0.0","NoExcessInventory","","0.0","0","0","0.0","0.74","0.156139","cubic feet","Standard","38.878611","US","gl_lawn_and_garden","130493","366","0","14","15","63.99","682.83","4616.91","11382.07","15450.54","18","121","146","0","0","27.37","16","0","0","16","","42","0","","","","","","","","","","","","","","","","","146.1","39","Healthy","","","2026-04-27","Yes","No","146.1","125.6","2026-04-27","282","17","18","7","366","unassigned","N","","",""
"2026-04-30","RGB-0006","X003FRWVHL","B0BJP48PFF","VIVOSUN 5-Tier Wooden Raised Garden Bed, 42 x 42 x 14 Inches, Outdoor Wood Planter Box with Gloves and Liner for Garden, Patio, Balcony, Backyard and Outdoors","New","40","0","41","0","0","0","0","0","USD","7","21","51","58","","59.99","0.0","59.99","0.0","NoRestockExcessActionRequired","","0.0","0","0","0.0","2.34","0.9375","cubic feet","Oversize","37.5","US","gl_lawn_and_garden","7064","28","0","7","8","59.99","407.89","1247.75","2963.43","3362.36","41","0","0","0","0","12.79","0","0","0","0","","1","0","","","","","","","","","","","","","","","","","50.4","43","Low stock","92","2026-05-05","2026-04-27","Yes","No","41.0","50.4","2026-04-27","40","0","0","1","29","unassigned","N","","",""
"2026-04-30","VSAW400SE","X004ASFK81","B0D826L2JD","VIVOSUN AeroLight Wing AW400SE, LED Grow Light 400W with Integrated Circulation Fan, App Compatible, Used with Growhub Controller E42A/E25 to Achieve More Functions for 4x4/5x5 Grow Tent","New","37","0","37","0","0","0","0","0","USD","4","31","111","155","","369.99","0.0","369.99","0.0","NoExcessInventory","","0.0","0","0","0.0","2.47","1.704427","cubic feet","Oversize","63.063799","US","gl_lawn_and_garden","83030","71","0","20","13","369.99","1442.96","11210.69","38396.91","54362.47","32","2","3","0","0","13.23","123","74","48","1","","0","0","","","","","","","","","","","","","","","","","41.1","76","Low stock","","","2026-04-27","Yes","No","28.2","41.1","2026-04-27","160","0","0","0","148","unassigned","N","","",""
"2026-04-30","311001-5x20","X002XOMYJH","B097PHXCJ3","VIVOSUN 20-Pack 5 Gallon Grow Bags, Heavy Duty Thickened Nonwoven Fabric Pots with Handles for Flowers Fruits and Vegetables Black","New","217","0","264","0","0","0","0","0","USD","51","239","367","458","","39.99","0.0","39.99","0.0","NoExcessInventory","","0.0","0","0","0.0","1.44","0.422354","cubic feet","Standard","91.650818","US","gl_lawn_and_garden","1974","120","0","5","9","39.99","2038.5","9310.2","14185.95","17770.59","72","192","0","0","0","71.27","130","105","0","25","","116","0","","","","","","","","","","","","","","","","","68.9","148","Healthy","","","2026-04-27","No","No","43.2","68.9","2026-04-27","448","101","13","2","211","unassigned","N","","",""
"2026-04-30","HR-0001J","X0048F2XLX","B0BWDPZTF1","VIVOSUN Outdoor Handrail, 3 Step Stair Handrail, 40"" x 36"" Fits 1 to 3 Steps, Wrought Mattle Iron Handrail for Concrete Steps, Porch Steps, One-Step Assembly, Black","New","1124","0","546","600","0","0","0","0","USD","64","324","629","792","","54.99","0.0","52.24","49.43","NoRestockExcessActionRequired","","0.0","0","0","0.0","0.52","0.855903","cubic feet","Oversize","962.034972","US","gl_home_improvement","2999","99","0","20","26","52.24","3343.36","16925.76","32543.21","43333.01","5","5","536","0","0","416.43","510","510","0","0","","50","4","","","","","","","","","","","","","","","","","177.1","670","Healthy","","","2026-04-27","No","No","131.6","177.1","2026-04-27","1635","1","44","5","165","unassigned","N","","",""
"2026-04-30","GH-0011","X002N55QI7","B08HRZG4CN","VIVOSUN Lean-to Greenhouse, 6.6’ x 3.3’ x 6.9’ Portable Wall House with Green PE Cover and Shelf for Compact Garden 79x39x83-Inch","New","68","0","31","31","6","0","0","0","USD","1","6","13","13","","89.99","0.0","55.99","0.0","NoRestockExcessActionRequired","","0.0","0","0","1309.43","0.2","1.871528","cubic feet","Oversize","127.263904","US","gl_lawn_and_garden","23234","276","63","45","68","55.99","55.99","350.64","786.07","786.07","10","1","20","6","0","65.05","0","0","0","0","","1","0","1","0.94","5","9.35","0","0.0","0","0.0","0","0.0","0","0.0","0","0.0","0","0.0","453.8","10","Excess","","","2026-04-27","Yes","No","254.4","453.8","2026-04-27","68","0","1","0","282","unassigned","N","","",""
"2026-04-30","DCC-005","X00459B9C1","B0CWGGF5GJ","VIVOSUN [outlets] Double Camping Chair, Fully Padded Folding Loveseat, Portable Oversized Duo Chair with Storage Cup Holders, Height-Adjustable Armrests & Carry Bag, Supports up to 500lbs","New","41","0","2","38","0","0","0","0","USD","16","43","91","122","Low traffic","69.99","0.0","50.52","0.0","NoRestockExcessActionRequired","","0.0","0","0","0.0","1.1","1.757813","cubic feet","Oversize","72.070333","US","gl_furniture","29828","33","0","10","11","50.52","823.79","2435.32","5096.23","6706.76","0","0","2","0","0","23.16","71","71","0","0","","1","0","","","","","","","","","","","","","","","","","93.0","37","Healthy","12","2026-05-06","2026-04-27","Yes","No","50.5","93.0","2026-04-27","112","0","0","1","95","unassigned","N","","",""
"2026-04-30","VSFL6450","X0040PXVKN","B0CLXV5NZB","VIVOSUN VSFL6450 Bar LED Grow Light, 645W 6 Bars Plant Grow Light, Foldable & Dimmable, Full Spectrum with UR/FR Light for Indoor Plants","New","217","0","180","55","0","0","0","0","USD","2","14","36","56","","399.99","379.99","379.99","299.51","NoRestockExcessActionRequired","","0.0","0","0","7904.47","0.33","3.291444","cubic feet","Oversize","714.243348","US","gl_lawn_and_garden","54687","318","185","62","50","335.99","671.98","5150.06","13847.89","21848.69","70","84","26","0","0","358.03","0","0","0","0","","16","1","","","","","","","","","","","","","","","","","449.0","43","Excess","","","2026-04-27","Yes","No","449.0","265.8","2026-04-27","220","3","11","2","340","unassigned","N","","",""
"2026-04-30","GG-003","X003RIYP59","B0BZP2HFYS","VIVOSUN 4’’ Depth Ground Grid, 9x17 ft, High-Density HDPE Geo Cell, 1885 lbs per sq ft Load, Foldable & Tensile, Easy Installation with Gloves, Perfect for Gardens, Driveways, Pathways, Slopes","New","163","0","179","0","0","0","0","0","USD","11","91","166","204","","119.99","0.0","95.99","0.0","NoRestockExcessActionRequired","","0.0","0","0","0.0","1.03","2.037037","cubic feet","Oversize","332.037031","US","gl_lawn_and_garden","45558","117","0","9","14","95.99","1055.89","8735.09","16570.34","20657.96","73","13","93","0","0","124.32","60","12","48","0","","10","3","","","","","","","","","","","","","","","","","87.2","139","Healthy","104","2026-05-07","2026-04-27","No","No","65.5","87.2","2026-04-27","228","5","4","1","130","unassigned","N","","",""
"2026-04-30","332578J","X0043UDZDN","B0CSPD8SND","VIVOSUN 1050 GPH 100W Submersible Water Pump, Quiet Fountain Pump With 13.1 ft Head Lift, 6.6 ft Power Cord, 3 Nozzles, Tubing, & 2 Clamps, For Fish Tank, Pond, Aquarium, Hydroponics","New","243","0","370","0","0","0","0","0","USD","51","362","745","970","","39.99","0.0","35.99","0.0","NoExcessInventory","","0.0","0","0","0.0","2.31","0.1926","cubic feet","Standard","46.8018","US","gl_pet_products","26640","46","0","13","16","35.99","1836.29","13297.52","27701.04","36339.78","294","76","0","0","0","26.27","1015","912","0","103","","130","2","","","","","","","","","","","","","","","","","43.5","375","Low stock","","","2026-04-27","No","No","33.8","43.5","2026-04-27","1372","114","15","1","153","unassigned","N","","",""
"2026-04-30","HDR-0003","X0035MWC0R","B09SL246B8","VIVOSUN 3-Layer Mesh Drying Rack Hanging Design with Green Zippers for Dehydrating, Indoor and Outdoor Pruning Shears Included","New","215","0","396","49","0","0","0","0","USD","110","126","137","151","","22.99","0.0","11.49","0.0","NoRestockExcessActionRequired","","0.0","0","0","2216.24","0.38","0.141195","cubic feet","Standard","30.356925","US","gl_lawn_and_garden","","221","354","8","22","11.49","1264.4","1628.74","1881.63","2194.49","197","113","86","0","0","35.03","48","48","0","0","","187","0","","","","","","","","","","","","","","","","","455.4","68","Excess","","","2026-04-27","No","No","345.2","455.4","2026-04-27","402","139","31","17","356","unassigned","N","","",""
"2026-04-30","WB-3x50","X0028F8LDJ","B07S72KGJ7","VIVOSUN Premium Weed Barrier Landscape Fabric Heavy Duty, 3ftx50ft 5oz Double-Layered Weed Control Mat with High Permeability with 12 Landscape Staples, Easy Set up & Superior Weed Control","New","266","0","402","0","0","0","0","0","USD","83","327","527","608","","27.99","0.0","27.99","0.0","NoRestockExcessActionRequired","","0.0","0","0","0.0","1.54","0.53777","cubic feet","Standard","143.04682","US","gl_home","5098","37","0","7","12","27.99","2321.77","9078.53","14224.33","16340.32","225","177","0","0","0","106.97","330","240","50","40","","120","0","","","","","","","","","","","","","","","","","61.9","394","Low stock","87","2026-05-07","2026-04-27","No","No","42.8","61.9","2026-04-27","699","103","12","5","86","unassigned","N","","",""
"2026-04-30","GG-004","X004HK745T","B0DPGZM859","VIVOSUN 2’’ Depth Ground Grid, 6.5 x 17 ft, High-Density HDPE Geo Cell, 1885 lb per sq ft Load, Foldable & Tensile, Easy Installation with Gloves, Ideal for Gardens, Driveways, Pathways, Slopes","New","135","0","137","0","0","0","0","0","USD","12","77","90","99","","65.99","0.0","52.79","0.0","NoRestockExcessActionRequired","","0.0","0","0","0.0","0.78","0.714355","cubic feet","Oversize","96.437925","US","gl_lawn_and_garden","45558","56","0","8","22","52.79","633.48","3916.33","4648.8","5183.31","57","26","54","0","0","42.21","36","24","12","0","","2","0","","","","","","","","","","","","","","","","","115.0","84","Healthy","49","2026-05-06","2026-04-27","Yes","No","65.7","115.0","2026-04-27","172","1","1","0","69","unassigned","N","","",""
"2026-04-30","VSF-BF410B","X004B1LCC5","B0D8KFWPZ5","VIVOSUN Quiet Register Booster Fan for 𝟒"" 𝐱 𝟏𝟎"" Holes, Quiet Cooling Heating Vent Fan for Home/Bedroom/Bathroom/Attic, 10-Speed App-Controlled with Adjustable Wind Direction & Thermostat, Brown","New","0","0","13","0","0","0","0","0","USD","34","38","67","80","","36.99","0.0","36.99","0.0","GoToRestock","","0.0","0","0","0.0","8.0","0.194725","cubic feet","Standard","0.0","US","gl_home","107462","23","0","5","8","36.99","1257.66","1405.62","2478.33","2959.2","13","0","0","0","0","0.6","54","0","54","0","","12","0","","","","","","","","","","","","","","","","","25.7","305","Low stock","521","2026-05-06","2026-04-27","Yes","No","25.7","17.1","2026-04-27","63","9","0","3","24","unassigned","N","","",""
"2026-04-30","307203-46","X000VV26BZ","B01731MM90","VIVOSUN T5 Grow Light Bulbs 4 Ft 46 Inches, 54W 6500K HO Fluorescent Tubes Light Bulbs, Cool White T5 Bulb for 46 Inches T5 Light Fixtures, T5 Grow Lights for Indoor Plants, 4 Ft 54W Pack of 5","","0","0","61","0","0","0","0","0","USD","58","257","1121","1838","","0.0","0.0","0.0","0.0","CreateShippingPlan","","","0","0","","6.09","0.290346","cubic feet","Oversize","0.0","US","gl_lawn_and_garden","22156","20","0","10","4","49.99","2863.52","12740.93","52540.04","84576.89","61","0","0","0","0","","672","360","312","0","","46","21","","","","","","","","","","","","","","","","","15.2","459","Out of stock","698","2026-05-06","2026-04-27","No","Yes","8.3","15.2","2026-04-27","672","0","13","33","51","unassigned","N","","",""
"2026-04-30","311008-01x50J","X0013A1ETN","B00W386VV4","VIVOSUN 50-Pack 1 Gallon Grow Bags for Plants, Black-and-White Panda Film Containers Thick Plastic Bag for Potting Seedlings, and Rooting","New","0","0","61","0","0","0","0","0","USD","18","246","449","608","","13.99","0.0","13.99","0.0","CreateShippingPlan","","0.0","0","0","0.0","3.59","0.050474","cubic feet","Standard","0.0","US","gl_lawn_and_garden","16895","15","0","5","6","13.99","250.32","3414.04","6241.01","8452.22","61","0","0","0","0","0.29","324","252","36","36","","44","0","","","","","","","","","","","","","","","","","29.6","285","Low stock","499","2026-05-07","2026-04-27","No","No","13.9","29.6","2026-04-27","356","32","4","8","63","unassigned","N","","",""
"2026-04-30","AP-40kit","X00497UXJT","B0D59VNTDN","VIVOSUN Air Pump Kit, with 40 W 1110 GPH Commercial Air Pump, 8-Way Splitter, 2 Pcs Air Stones, 25 ft Air Tubing, 2 Pcs Check Valves, for Aquarium, Fish Tank & Hydroponics","New","366","0","497","0","0","0","0","0","USD","54","245","528","726","","59.99","0.0","53.99","0.0","NoExcessInventory","","0.0","0","0","0.0","1.61","0.245898","cubic feet","Standard","89.998668","US","gl_pet_products","7330","83","0","17","19","53.99","2894.16","13696.45","29448.57","40613.29","246","251","0","0","0","64.91","716","594","60","62","","126","2","","","","","","","","","","","","","","","","","57.6","219","Healthy","","","2026-04-27","No","No","57.6","57.1","2026-04-27","1197","115","7","4","175","unassigned","N","","",""
"2026-04-30","GH-0001","X002ENFD8L","B082FGDGPQ","VIVOSUN 10x7x7 Ft. Large Walk in Greenhouse, Greenhouse Tunnel, Garden Plant Hot House with Green PE Cover, Roll-up Zipper Door and Window for Outdoor","","0","0","6","0","0","0","0","0","USD","28","115","178","183","","0.0","0.0","0.0","0.0","CreateShippingPlan","","","0","0","","1.67","3.04875","cubic feet","Oversize","0.0","US","gl_lawn_and_garden","23234","1","0","1","3","81.81","2077.9","8709.14","13809.33","14275.03","3","1","2","0","0","","55","47","8","0","","5","0","","","","","","","","","","","","","","","","","64.5","131","Out of stock","267","2026-05-06","2026-04-27","No","No","17.8","64.5","2026-04-27","55","0","1","4","12","unassigned","N","","",""
"2026-04-30","306104-6C","X000T0VGFZ","B010UCCMW6","VIVOSUN 6 Inch Flex Air Aluminum Duct for Ventilation, 25 Feet Long Heavy-Duty Multi-Layer Dryer Hose Vent for Heating Cooling Ventilation and Exhaust, 2 Clamps Included","New","1051","0","1238","0","0","0","0","0","USD","50","299","685","972","","26.99","0.0","26.99","0.0","NoRestockExcessActionRequired","","0.0","0","0","0.0","0.93","0.332483","cubic feet","Standard","349.439633","US","gl_home_improvement","2235","114","0","24","24","26.99","1301.2","7456.83","16903.01","24083.0","456","782","0","0","0","237.37","775","695","0","80","","194","9","","","","","","","","","","","","","","","","","111.5","299","Healthy","","","2026-04-27","No","No","111.5","90.2","2026-04-27","1929","103","90","1","201","unassigned","N","","",""
"2026-04-30","WB-4x50","X003P4C0TN","B0BTY9K48W","VIVOSUN Premium Weed Barrier Landscape Fabric Heavy Duty, 4ftx50ft 5oz Double-Layered Weed Control Mat with High Permeability, Commercial Ground Cover, Easy Set up & Superior Weed Control","New","144","0","202","0","0","0","0","0","USD","104","387","648","695","","34.99","0.0","34.99","0.0","CreateShippingPlan","","0.0","0","0","0.0","1.93","0.670863","cubic feet","Standard","96.604272","US","gl_lawn_and_garden","5098","16","0","3","5","34.99","3602.26","13386.63","21646.52","23138.1","126","76","0","0","0","23.74","174","75","20","79","","38","0","","","","","","","","","","","","","","","","","60.1","304","Low stock","408","2026-05-06","2026-04-27","No","No","32.1","60.1","2026-04-27","326","8","26","4","28","unassigned","N","","",""
"2026-04-30","VSAW400SE-E25","X004ASFK7R","B0D8318TRS","VIVOSUN AeroLight Wing AW400SE, LED Grow Light 400W with Integrated Circulation Fan & GrowHub Controller E25, Compatible with App & E42A, 4x4/5x5 Coverage, Establish an Intelligent Grow Environment","New","87","0","88","0","0","0","0","0","USD","5","39","63","87","","379.99","0.0","332.99","0.0","NoRestockExcessActionRequired","","0.0","0","0","0.0","0.88","1.549479","cubic feet","Oversize","134.804673","US","gl_lawn_and_garden","34658","164","0","14","21","332.99","1664.95","12836.61","21324.41","29879.41","45","12","31","0","0","58.61","55","31","24","0","","19","1","","","","","","","","","","","","","","","","","108.6","54","Healthy","","","2026-04-27","Yes","No","72.0","108.6","2026-04-27","142","0","19","0","233","unassigned","N","","",""
"2026-04-30","306109-48C","X002AJMI9L","B07WW7CY9F","VIVOSUN Dryer Vent Hose, 4 inch Aluminum Foil Ducting, 8FT Long Heavy-Duty Dryer Hose Vent Kit for HVAC Ventilation, Exhaust, Duct Fan Systems, Black Flexible Air Duct w/ 2 Clamps","New","537","0","691","0","0","0","0","0","USD","63","329","624","821","","16.99","0.0","16.99","0.0","NoExcessInventory","","0.0","0","0","0.0","1.43","0.09092","cubic feet","Standard","48.82404","US","gl_home_improvement","2235","70","0","13","17","16.99","955.05","4571.95","8615.46","11453.8","471","220","0","0","0","33.97","557","519","0","38","","158","4","","","","","","","","","","","","","","","","","63.4","421","Healthy","","","2026-04-27","No","No","58.5","63.4","2026-04-27","1217","123","34","1","135","unassigned","N","","",""
"2026-04-30","311001-10x20","X002XOK0J3","B097PH2P24","VIVOSUN 20-Pack 10 Gallon Grow Bags, Heavy Duty Thickened Nonwoven Fabric Pots with Handles for Flowers Fruits and Vegetables Black","New","154","0","188","0","0","0","0","0","USD","31","164","279","322","","46.99","0.0","46.99","0.0","GoToRestock","","0.0","0","0","0.0","1.41","0.947917","cubic feet","Standard","145.979218","US","gl_lawn_and_garden","1974","48","0","4","8","46.99","1456.69","7427.45","12488.94","14506.54","73","115","0","0","0","53.12","45","45","0","0","","26","0","","","","","","","","","","","","","","","","","75.2","131","Healthy","110","2026-05-06","2026-04-27","No","No","35.8","75.2","2026-04-27","202","3","22","1","99","unassigned","N","","",""
"2026-04-30","RGB-0011-GR","X0042JMIVP","B0CQ4FFJX9","VIVOSUN 3-Tier Metal Raised Garden Bed, 46"" x 46"" x 24"" Galvanized Steel Metal Outdoor Planter Box with Gloves and Scissors to Grow Flowers, Vegetables and Herbs for Outdoor Gardening, Green","New","0","0","2","0","0","0","0","0","USD","1","18","58","113","","75.99","0.0","75.99","0.0","Create Outlet deal","","60.79","2","0","572.65","7.53","0.864468","cubic feet","Oversize","0.0","US","gl_lawn_and_garden","104459","318","0","0","0","75.99","75.99","1367.82","3848.91","6711.01","2","0","0","0","0","57.51","0","0","0","0","","137","0","","","","","","","","","","","","","","","","","14.7","51","Healthy","","","2026-04-27","Yes","No","4.0","14.7","2026-04-27","133","133","2","2","324","unassigned","N","","",""
"2026-04-30","307281-4J","X003DJ3H0L","B0BC88GQCL","VIVOSUN 4 Pack Clamp Lamp Light with Detachable 8.5 Inch Aluminum Reflector up to 150 Watt E26 Socket (No Bulb Included), 6 Feet Cord, UL Listed","New","49","0","477","0","0","0","0","0","USD","34","94","220","301","","44.99","0.0","40.49","0.0","NoExcessInventory","","0.0","0","0","0.0","1.1","0.423393","cubic feet","Oversize","20.746257","US","gl_lawn_and_garden","26962","57","0","22","22","44.99","1503.62","4038.38","9355.76","12951.95","129","348","0","0","0","5.68","480","332","148","0","","17","1","","","","","","","","","","","","","","","","","61.1","263","Low stock","","","2026-04-27","No","No","61.1","44.9","2026-04-27","529","0","10","7","152","unassigned","N","","",""
"2026-04-30","VSL-LRSF50-8","X004HJ6HNP","B0DPFYQGVD","VIVOSUN Lumaray LED Grow Light Bars 16”(8-Bar), Full Spectrum Side Lighting with 60% Red Light up to 25% Yields for Grow Tents, Greenhouses, Magnet Reliability Upgraded, SGS Compatible","New","113","0","112","0","0","0","0","0","USD","24","53","134","199","","169.99","0.0","169.99","129.19","NoRestockExcessActionRequired","","0.0","0","0","0.0","1.69","0.488607","cubic feet","Oversize","55.212591","US","gl_lawn_and_garden","33573","82","0","22","19","169.99","3297.76","7903.75","20372.44","30571.22","42","70","0","0","0","21.92","186","108","78","0","","3","1","","","","","","","","","","","","","","","","","67.1","115","Low stock","","","2026-04-27","Yes","No","67.1","64.7","2026-04-27","299","0","2","1","156","unassigned","N","","",""
"2026-04-30","311001-10x10","X002N55IFD","B08HRSGQV7","VIVOSUN 10-Pack 10 Gallon Grow Bags, Reinforced Planter Fabric Pots for Gardening Black","New","504","0","703","0","0","0","0","0","USD","118","551","871","960","","27.99","0.0","27.99","0.0","GoToRestock","","0.0","0","0","0.0","1.21","0.492535","cubic feet","Standard","248.23764","US","gl_lawn_and_garden","1974","93","0","3","6","27.99","3300.83","15003.9","23495.6","25984.72","119","584","0","0","0","157.38","0","0","0","0","","182","0","","","","","","","","","","","","","","","","","87.0","333","Healthy","","","2026-04-27","No","No","50.9","87.0","2026-04-27","609","105","70","7","133","unassigned","N","","",""
"2026-04-30","Spray-SX-CS4J","X002DREVSL","B07Y81DTTJ","VIVOSUN 1 Gal/4L Pump Sprayer, Garden Water Sprayer for Plants, Weeds & Lawn Care, with 3 Nozzles, 50'' Long Hose & Pressure Relief Valve","New","2282","0","3261","0","0","0","0","0","USD","159","723","1266","1862","","32.99","0.0","28.04","0.0","NoRestockExcessActionRequired","","0.0","0","0","0.0","0.87","0.498943","cubic feet","Standard","1138.587926","US","gl_lawn_and_garden","4908","114","0","19","24","28.04","4454.91","20825.82","37494.11","53513.47","1223","1479","559","0","0","944.44","1243","1176","0","67","","933","0","","","","","","","","","","","","","","","","","117.0","1786","Healthy","","","2026-04-27","No","No","117.0","99.1","2026-04-27","4180","655","252","26","195","unassigned","N","","",""
"2026-04-30","VSA100-US","X004X2001L","B0BKPVFBKY","VIVOSUN AeroLight A100, Tunable Spectrum, LED Grow Light 100W w/Integrated Circulation Fan, Compatible with App, Used with Growhub Controller E42A/E25 to Achieve More Functions","New","138","0","306","0","0","0","0","0","USD","56","282","585","778","","109.99","0.0","99.49","0.0","NoExcessInventory","","0.0","0","0","0.0","2.33","0.471624","cubic feet","Standard","65.084112","US","gl_lawn_and_garden","22668","72","0","14","16","99.49","5266.28","27684.04","58186.11","77754.18","306","0","0","0","0","52.73","864","700","100","64","","164","0","","","","","","","","","","","","","","","","","40.6","196","Healthy","","","2026-04-27","No","No","24.7","40.6","2026-04-27","1161","159","3","2","221","unassigned","N","","",""
"2026-04-30","PB-10","X002O4OW3R","B08KQ4BY9Y","VIVOSUN 5-Pack 10 Gallon Potato Grow Bags for Growing Potatoes, Fabric Potato Pots with Handle and Roll-up Window, Potato Growing Containers Potato Planter Potato Planter for Growing Potatoes, Green","New","109","0","142","0","0","0","0","0","USD","32","116","222","265","","26.99","0.0","26.99","0.0","NoExcessInventory","","0.0","0","0","0.0","1.76","0.259146","cubic feet","Standard","28.246914","US","gl_lawn_and_garden","23634","43","0","7","10","26.99","863.68","3126.86","5744.8","6828.38","75","67","0","0","0","13.77","105","105","0","0","","35","0","","","","","","","","","","","","","","","","","56.1","135","Healthy","49","2026-05-07","2026-04-27","No","No","47.3","56.1","2026-04-27","241","27","7","1","237","unassigned","N","","",""
"2026-04-30","SST-0002","X0032PJU75","B09LQVPLD4","VIVOSUN 12-Pack Seed Starter Trays, 144-Cell Seed Starter Kit with Humidity Dome, Flat Reusable Plant Germination Trays with Drain Hole, Green Propagation Tray for Planting Seeds","New","895","0","654","378","0","0","0","0","USD","41","176","305","438","","24.99","0.0","19.99","0.0","NoExcessInventory","","0.0","0","0","126.74","0.41","0.110446","cubic feet","Standard","98.84917","US","gl_lawn_and_garden","10075","266","0","20","26","19.99","828.74","3738.46","6598.76","9598.05","2","182","470","0","0","68.2","0","0","0","0","","135","0","","","","","","","","","","","","","","","","","238.8","234","Healthy","","","2026-04-27","No","No","207.4","238.8","2026-04-27","895","0","132","3","303","unassigned","N","","",""
"2026-04-30","PL-0003","X003CWZAY5","B0BB78XGNK","VIVOSUN 13.5 x 20 Feet Pond Liner, 14.5 Mil Durable LLDPE Pond Liners for Koi Ponds, Aquaculture and Water Gardens, Black","New","232","0","374","0","0","0","0","0","USD","58","309","384","422","","49.99","0.0","44.99","0.0","NoExcessInventory","","0.0","0","0","0.0","1.27","0.82928","cubic feet","Standard","192.39296","US","gl_lawn_and_garden","12963","46","0","8","19","44.99","2649.42","14274.76","17652.06","19415.68","226","148","0","0","0","138.65","394","394","0","0","","136","0","","","","","","","","","","","","","","","","","78.0","251","Healthy","","","2026-04-27","No","No","39.7","78.0","2026-04-27","726","100","33","3","257","unassigned","N","","",""
"2026-04-30","FPS-001","X003XM62S7","B0CFXY6BK4","VIVOSUN Fence Post Repair Kit, Heavy-Duty Ground Spike with Gloves for Repairing Tilted or Broken Wood Posts (2 Pack, Black)","","0","0","20","0","0","0","0","0","USD","26","66","165","229","","0.0","0.0","0.0","0.0","NoRestockExcessActionRequired","","","0","0","","7.16","0.521469","cubic feet","Oversize","0.0","US","gl_lawn_and_garden","38640","13","0","9","8","39.99","1038.74","2638.34","6597.35","8960.71","20","0","0","0","0","","150","85","65","0","","19","0","","","","","","","","","","","","","","","","","16.1","94","Out of stock","78","2026-05-06","2026-04-27","Yes","No","6.6","16.1","2026-04-27","150","0","3","16","42","unassigned","N","","",""
"2026-04-30","GIY-SGS-P336","X00413IVW7","B0CMQ6S9WZ","VIVOSUN Smart Pro Grow Tent Kit Plus, 3 × 3ft 3-Plant Kit, WiFi-Integrated Automatic Control with GrowHub E42A+, 2-in-1 Tunable Spectrum LED Grow Light, 360°Ventilation & Circulation Control System","New","1","0","1","1","0","0","0","0","USD","0","0","1","3","Low conversion","579.99","0.0","468.34","0.0","CreateShippingPlan","","0.0","0","0","0.0","1.69","5.80042","cubic feet","Extra-large","5.80042","US","gl_lawn_and_garden","242777","0","0","","4","468.34","0.0","0.0","579.99","1739.97","0","0","1","0","0","0.89","0","0","0","0","","1","0","","","","","","","","","","","","","","","","","","19","Low stock","56","2026-05-06","","","","","52.4","2026-04-27","1","0","0","1","1","unassigned","N","","",""
"2026-04-30","VSG-GB-5OYBGG350","X004B9L45H","B0D91W6FQ6","VIVOSUN 5-Pack 5-Gallon Colored Grow Bags, 350G Thick nonwoven Fabric Pots with Handles for Flowers, Fruits and Vegetables","New","64","0","118","0","0","0","0","0","USD","30","119","206","241","","16.99","0.0","16.99","0.0","NoExcessInventory","","0.0","0","0","0.0","1.93","0.125776","cubic feet","Standard","8.049664","US","gl_biss","19649","32","0","5","9","16.99","509.7","1991.41","3430.44","4024.69","113","5","0","0","0","6.94","110","110","0","0","","53","0","","","","","","","","","","","","","","","","","46.5","217","Low stock","195","2026-05-06","2026-04-27","No","No","29.0","46.5","2026-04-27","218","44","7","2","72","unassigned","N","","",""
"2026-04-30","VGPF-1100","X003PMCJ9B","B0BVB8VCYS","VIVOGROW Bio Pressure Pond Filter, with 13W UV-C Light, 1050 GPH Suitable for Koi Ponds up to 500 Gallons or Landscape Pools up to 1050 Gallons","","0","0","3","0","0","0","0","0","USD","13","142","288","350","","0.0","0.0","0.0","0.0","NoRestockExcessActionRequired","","","0","0","","3.12","0.969708","cubic feet","Oversize","0.0","US","gl_lawn_and_garden","47629","53","0","6","8","123.39","1347.92","14629.4","29594.5","36073.15","3","0","0","0","0","","231","99","132","0","","1","0","","","","","","","","","","","","","","","","","33.7","186","Out of stock","253","2026-05-06","2026-04-27","No","No","9.6","33.7","2026-04-27","231","0","0","1","113","unassigned","N","","",""
"2026-04-30","RGB-0010-1","X0041RGB39","B0CNVJL7KH","VIVOSUN 3.6 x 1.3Ft Wooden Raised Garden Bed, 43.5 x 16 x 14 Inches, Outdoor Wood Planter Box with Screwdriver and a Liner for Garden, Patio, Balcony, Backyard and Outdoors","New","76","0","76","0","0","0","0","0","USD","13","220","301","306","","79.99","0.0","79.99","0.0","CreateShippingPlan","","0.0","0","0","0.0","1.55","1.788151","cubic feet","Oversize","135.899476","US","gl_lawn_and_garden","7064","11","0","2","6","79.99","956.23","12279.87","17136.62","17490.35","76","0","0","0","0","23.79","74","74","0","0","","5","0","","","","","","","","","","","","","","","","","68.1","241","Low stock","472","2026-05-06","2026-04-27","No","No","23.0","68.1","2026-04-27","150","0","3","2","26","unassigned","N","","",""
"2026-04-30","VSV-AZG8E42APR","X004R4LM85","B0C6SCF6R1","VIVOSUN G8 8"" Inline Duct Fan & Temperature Humidity Controller, E42A+ WiFi-App Control AeroZesh Grow Tent Fan& Smart Thermostat, 725 CFM EC Motor Exhaust Fan for Heating Cooling, Greenhouse Accessory","New","26","0","19","9","0","0","0","0","USD","3","24","41","41","","179.99","0.0","179.99","0.0","NoExcessInventory","","0.0","0","0","0.0","1.08","1.210938","cubic feet","Oversize","31.484388","US","gl_lawn_and_garden","26793","26","0","24","46","179.99","539.97","4319.76","7379.59","7379.59","1","10","8","0","0","9.33","122","122","0","0","","1","0","","","","","","","","","","","","","","","","","116.7","","","","","2026-04-27","Yes","No","52.6","116.7","2026-04-27","148","0","1","0","192","unassigned","N","","",""
"2026-04-30","311021-2x5NJ","X002IPGYPB","B088666QZF","VIVOSUN 5-Pack 2 Gallons Grow Bags Heavy Duty Thickened Nonwoven Fabric Pots with Strap Handles Tan","New","340","0","375","0","0","0","0","0","USD","84","328","561","659","","13.99","0.0","13.99","0.0","NoExcessInventory","","0.0","0","0","0.0","1.86","0.062821","cubic feet","Standard","21.35914","US","gl_lawn_and_garden","30","41","0","7","11","13.99","1174.66","4540.52","7618.19","8975.31","207","168","0","0","0","10.24","240","240","0","0","","15","0","","","","","","","","","","","","","","","","","55.8","267","Healthy","","","2026-04-27","No","No","41.9","55.8","2026-04-27","587","7","7","1","89","unassigned","N","","",""
"2026-04-30","GH-A22SJ","X004J6I14T","B0DCHFZN65","VIVOSUN GrowHub Outlet Controller A22 with Temperature and Humidity Sensor Probe, Smart Environmental WiFi-Controller, Smart Plug, Thermostat, 15A 1800W, Compatible with Vivosun App for Grow Tent","New","443","0","468","0","0","0","0","0","USD","72","357","800","1212","","39.99","0.0","39.99","0.0","NoExcessInventory","","0.0","0","0","0.0","2.35","0.024976","cubic feet","Standard","11.064368","US","gl_biss","23662","40","0","15","15","37.99","2740.53","13870.93","31239.42","47273.18","391","77","0","0","0","5.51","960","960","0","0","","58","1","","","","","","","","","","","","","","","","","44.8","354","Healthy","","","2026-04-27","No","No","44.8","38.3","2026-04-27","1407","4","50","4","127","unassigned","N","","",""
"2026-04-30","FPS-003","X003XMB1UV","B0CFXYDNNM","VIVOSUN Fence Post Repair Kit, Heavy-Duty Ground Spike with Gloves for Repairing Tilted or Broken Wood Posts (6 Pack, Black)","New","13","0","43","0","0","0","0","0","USD","11","40","146","171","","99.99","0.0","99.99","0.0","GoToRestock","","0.0","0","0","0.0","2.44","1.327141","cubic feet","Oversize","17.252833","US","gl_lawn_and_garden","38640","13","0","9","7","99.99","1099.89","3999.1","14598.04","16897.79","22","21","0","0","0","5.18","86","60","26","0","","18","0","","","","","","","","","","","","","","","","","43.4","72","Low stock","46","2026-05-07","2026-04-27","Yes","No","24.0","43.4","2026-04-27","102","3","7","8","40","unassigned","N","","",""
"2026-04-30","SPray-08L-RJ","X0024GX9G1","B07QTHYLZV","VIVOSUN 27oz Pump Sprayer, Handheld Garden Water Sprayer Bottle with Adjustable Brass Nozzle, for Spraying Plants, Flowers, Weeds and Cleaning, Red","New","2743","0","3230","0","0","0","0","0","USD","120","730","1424","2161","","17.99","0.0","17.99","0.0","NoRestockExcessActionRequired","","0.0","0","0","0.0","0.77","0.261261","cubic feet","Standard","716.638923","US","gl_lawn_and_garden","6267","163","0","22","24","17.99","2156.6","12653.3","24413.06","36786.89","833","1408","989","0","0","474.72","1306","1260","0","46","","506","3","","","","","","","","","","","","","","","","","123.8","712","Healthy","","","2026-04-27","No","No","123.8","113.0","2026-04-27","4265","216","287","3","258","unassigned","N","","",""
"2026-04-30","304113-88","X003RF57WR","B07PDZ3TCS","VIVOSUN S888 8x8 Grow Tent, 96""x96""x80"" High Reflective Mylar with Observation Window and Floor Tray for Hydroponics Indoor Plant for VS4000/VSF4300","New","32","0","32","0","0","0","0","0","USD","4","27","53","78","","349.99","0.0","314.99","0.0","NoExcessInventory","","0.0","0","0","0.0","1.67","5.118345","cubic feet","Extra-large","163.78704","US","gl_lawn_and_garden","50102","100","0","9","10","314.99","1259.96","7740.77","15494.52","23089.27","2","30","0","0","0","54.94","33","13","20","0","","0","0","","","","","","","","","","","","","","","","","54.8","29","Healthy","","","2026-04-27","Yes","No","51.8","54.8","2026-04-27","65","0","0","0","126","unassigned","N","","",""
"2026-04-30","MGS-PS12G6","X004DT8ZBV","B0DG1KNKYD","Maygrove 6 Pack Plant Saucer, 8 10 12 inch Plant Saucers for Indoor, Heavy Duty Plastic Plant Trays for pots, Grow Bags, Bird Baths, Flower Drip Trays for Indoor and Outdoor Uses (12"", Gray)","New","19","0","26","0","0","0","0","0","USD","5","12","14","14","","21.99","0.0","18.99","0.0","NoExcessInventory","","0.0","0","0","0.0","0.78","0.178361","cubic feet","Standard","3.388859","US","gl_lawn_and_garden","14341","68","0","29","82","18.99","94.45","227.58","262.76","262.76","0","26","0","0","0","2.01","70","50","20","0","","5","0","","","","","","","","","","","","","","","","","153.3","27","Low stock","","","2026-04-27","Yes","No","105.3","153.3","2026-04-27","91","2","2","1","197","unassigned","N","","",""
"2026-04-30","333122J","X000ZO0O5D","B01DIZUMTW","VIVOSUN 19-Bulb High Intensity LED Green Light Grow Room Headlight","New","369","0","374","0","0","0","0","0","USD","16","114","254","379","Low traffic","11.99","0.0","11.99","0.0","NoRestockExcessActionRequired","","0.0","0","0","0.0","1.12","0.016715","cubic feet","Standard","6.167835","US","gl_tools","54294","92","0","22","22","11.99","189.34","1332.73","2955.21","4421.36","204","52","118","0","0","3.78","277","275","0","2","","4","0","","","","","","","","","","","","","","","","","100.4","114","Healthy","","","2026-04-27","No","No","100.4","77.8","2026-04-27","646","0","4","0","163","unassigned","N","","",""
"2026-04-30","PS-009","X00430FWZR","B0CQZCGXRT","VIVOSUN Pruning Shears for Gardening, Lightweight Plant Pruners for Gardening, Garden Scissors for Cutting Flowers, Trimming Branches, Indoor Plant Scissors, Stylish Garden Gifts for Women","New","724","0","744","0","0","0","0","0","USD","13","58","101","144","Low traffic","19.99","16.99","16.99","0.0","NoExcessInventory","","0.0","0","0","0.0","0.3","0.014169","cubic feet","Standard","10.258356","US","gl_lawn_and_garden","55742","366","0","63","83","14.99","200.87","984.95","1679.42","2422.95","204","202","338","0","0","7.19","200","200","0","0","","22","0","","","","","","","","","","","","","","","","","357.9","124","Healthy","","","2026-04-27","Yes","No","357.9","297.4","2026-04-27","939","15","7","0","366","unassigned","N","","",""
"2026-04-30","PL-0002","X003CWX6AZ","B0BB7C3V4H","VIVOSUN 10 x 13 Feet Pond Liner, 14.5 Mil Durable LLDPE Pond Liners for Koi Ponds, Aquaculture and Water Gardens, Black","New","15","0","192","0","0","0","0","0","USD","87","445","701","804","","30.99","0.0","27.54","0.0","NoExcessInventory","","0.0","0","0","0.0","2.48","0.367806","cubic feet","Standard","5.51709","US","gl_lawn_and_garden","12963","12","0","5","10","27.54","2466.53","12117.76","18984.3","21831.77","192","0","0","0","0","10.83","636","636","0","0","","167","2","","","","","","","","","","","","","","","","","41.6","334","Low stock","","","2026-04-27","No","No","17.3","41.6","2026-04-27","800","149","8","10","70","unassigned","N","","",""
"2026-04-30","VSG-PPS-06WG","X004IXJPHP","B0DSD11B76","VIVOSUN 1.6 Gal/6L Pump Sprayer, Garden Water Sprayer for Plants, Weeds & Lawn Care, with 3 Nozzles, 50'' Long Hose & Pressure Relief Valve","New","533","0","506","33","0","0","0","0","USD","27","79","145","210","","38.99","0.0","28.85","0.0","NoRestockExcessActionRequired","","0.0","0","0","0.0","0.47","0.635938","cubic feet","Oversize","338.954954","US","gl_lawn_and_garden","4908","156","0","33","40","28.85","817.56","2555.66","4691.98","6765.31","85","193","228","0","0","161.98","126","108","18","0","","10","0","","","","","","","","","","","","","","","","","200.3","208","Healthy","","","2026-04-27","Yes","No","198.1","200.3","2026-04-27","659","0","10","0","211","unassigned","N","","",""
"2026-04-30","GIY-SGS-276","X003QWUL2R","B0BY7SRP8R","VIVOSUN Smart Grow Tent Kit 2.7 × 2.7ft WiFi-Integrated Automatic Complete Grow System with Full Spectrum LED Grow Light 150W, Efficient Ventilation System with GrowHub E42A+ Controller","New","5","0","4","1","0","0","0","0","USD","0","0","0","1","Low conversion","399.99","0.0","299.0","0.0","CreateShippingPlan","","0.0","0","0","0.0","0.53","4.253472","cubic feet","Oversize","21.26736","US","gl_lawn_and_garden","14023","1","0","","65","299.0","0.0","0.0","0.0","359.99","1","1","2","0","0","3.82","0","0","0","0","","0","0","","","","","","","","","","","","","","","","","","50","Low stock","143","2026-05-06","","","","","397.0","2026-04-27","5","0","0","0","1","unassigned","N","","",""
"2026-04-30","306104-416J","X002I93Z95","B0875SPZT4","VIVOSUN 4 Inch 16 Feet Non-Insulated Flex Air Aluminum Ducting for HVAC Ventilation with 2 Stainless Steel Clamps","New","648","0","723","0","0","0","0","0","USD","70","269","469","581","","16.99","0.0","16.99","0.0","NoRestockExcessActionRequired","","0.0","0","0","0.0","1.02","0.146162","cubic feet","Standard","94.712976","US","gl_home_improvement","2235","111","0","17","26","15.19","1081.05","4218.36","7380.58","9218.28","435","288","0","0","0","58.12","541","325","100","116","","74","2","","","","","","","","","","","","","","","","","92.9","523","Healthy","","","2026-04-27","No","No","84.9","92.9","2026-04-27","1211","22","50","2","168","unassigned","N","","",""
"2026-04-30","311001-1x20","X002XOMYJ7","B097PGYN5R","VIVOSUN 20-Pack 1 Gallon Grow Bags, Heavy Duty Thickened Nonwoven Fabric Pots with Handles for Flowers Fruits and Vegetables Black","New","10","0","57","0","0","0","0","0","USD","35","199","353","441","","24.99","0.0","24.99","0.0","GoToRestock","","0.0","0","0","0.0","3.36","0.286899","cubic feet","Standard","2.86899","US","gl_lawn_and_garden","1974","27","0","5","7","24.99","872.65","4730.11","8318.79","10497.95","57","0","0","0","0","10.92","252","252","0","0","","121","1","","","","","","","","","","","","","","","","","28.1","233","Low stock","210","2026-05-06","2026-04-27","Yes","No","12.8","28.1","2026-04-27","375","113","2","6","116","unassigned","N","","",""
"2026-04-30","EH-0003N","X004VJUFK7","B0FWBRTM8W","VIVOSUN 1500W Space Heater for Indoor Use, Portable Electric Heater with Adjustable Thermostat, 1500W/900W/700W/Fan Only with 4 Modes for PTC Fast Heating, Overheat & Tip-over Protection, ETL Listed","New","48","0","19","39","0","0","0","0","USD","27","97","156","244","","38.99","0.0","26.99","0.0","CreateShippingPlan","","0.0","0","0","0.0","1.3","0.217044","cubic feet","Standard","10.418112","US","gl_home_improvement","231160","14","0","1","2","26.99","730.22","2985.99","4913.18","8471.3","1","1","17","0","0","3.27","0","0","0","0","","10","0","","","","","","","","","","","","","","","","","65.6","116","Low stock","168","2026-05-06","2026-04-27","Yes","No","40.6","65.6","2026-04-27","50","2","7","1","17","unassigned","N","","",""
"2026-04-30","306119J","X000WUAYVJ","B015SLCJ2W","VIVOSUN Variable Fan Speed Controller, Speed Adjuster for Inline Duct Fan in Ventilation System","New","4","0","14","0","0","0","0","0","USD","20","40","103","174","","23.99","0.0","23.99","22.79","GoToRestock","","0.0","0","0","0.0","4.0","0.061414","cubic feet","Standard","0.245656","US","gl_home_improvement","106818","23","0","17","12","23.99","478.6","956.0","2449.25","4152.54","14","0","0","0","0","0.11","168","120","48","0","","7","4","","","","","","","","","","","","","","","","","16.7","124","Low stock","120","2026-05-06","2026-04-27","No","Yes","14.0","16.7","2026-04-27","178","6","1","0","71","unassigned","N","","",""
"2026-04-30","VSF-AWE6W","X003RSOMXT","B0BZYSC7TB","VIVOSUN AeroWave E6 Grow Tent Fan 6”, EC Motor, Smart Wifi Control, US Patented Auto Oscillating Clip fan, Weatherproof IP-54, Strong Airflow but Quiet for Hydroponic Ventilation Circulation, 1-Pack","","0","0","1","0","0","0","0","0","USD","0","34","225","347","","0.0","0.0","0.0","0.0","CreateShippingPlan","","","0","0","","4.42","0.390682","cubic feet","Standard","0.0","US","gl_home","1724","0","0","0","0","52.09","0.0","1284.66","8858.51","14335.1","1","0","0","0","0","","0","0","0","0","","5","0","","","","","","","","","","","","","","","","","13.7","338","Out of stock","579","2026-05-06","2026-04-27","Yes","No","3.4","13.7","2026-04-27","0","0","4","1","5","unassigned","N","","",""
"2026-04-30","WB-47","X0048MU183","B0D451N9RQ","VIVOSUN 47-Gallon Collapsible Garden Bag, Yard Waste Bin with Hard-Shell Bottom, Leaf Scoops and Gloves, Collapsible Yard Waste Containers for Lawn Care and Camping","New","121","0","128","0","0","0","0","0","USD","17","109","207","230","","45.99","0.0","43.19","0.0","NoRestockExcessActionRequired","","0.0","0","0","0.0","1.19","0.798973","cubic feet","Oversize","96.675733","US","gl_home","45986","42","0","14","21","42.74","733.78","4756.56","9053.28","10091.0","31","24","73","0","0","28.64","264","264","0","0","","3","1","","","","","","","","","","","","","","","","","81.7","172","Low stock","","","2026-04-27","No","No","48.0","81.7","2026-04-27","385","0","3","0","167","unassigned","N","","",""
"2026-04-30","VSFW007","X0047HPSGT","B0D21MXJ2C","VIVOSUN Collapsible Wagon with Tailgate, 320lb Load-Bearing Outdoor Utility with All-Terrain Wheels, Adjustable Handle, Cup Holders for Camping, Shopping, Garden, Sports, Picnic, Black","New","531","0","540","14","0","0","0","0","USD","48","161","242","305","","99.99","0.0","59.99","0.0","NoExcessInventory","","0.0","0","0","0.0","0.53","1.714194","cubic feet","Oversize","910.237014","US","gl_home","33456","117","0","13","22","59.99","2959.52","10879.39","17209.06","22026.68","2","185","353","0","0","415.23","0","0","0","0","","15","1","","","","","","","","","","","","","","","","","205.1","326","Healthy","170","2026-05-06","2026-04-27","No","No","142.5","205.1","2026-04-27","531","0","8","7","121","unassigned","N","","",""
"2026-04-30","CBIN-W180","X003KB92IX","B0BPCB6CRS","VIVOSUN Wooden Compost Bin, Removable Front Door, Easy to Setup for Backyard, Lawn (Black with Gloves and Liner)","","0","0","2","0","0","0","0","0","USD","4","9","20","33","Low traffic","0.0","0.0","99.99","0.0","GoToRestock","","","0","0","","3.46","2.239138","cubic feet","Oversize","0.0","US","gl_lawn_and_garden","281123","8","0","3","2","99.99","394.96","894.91","1984.8","3284.67","2","0","0","0","0","","7","1","6","0","","1","0","","","","","","","","","","","","","","","","","28.2","30","Out of stock","59","2026-05-06","2026-04-27","Yes","No","17.3","28.2","2026-04-27","7","0","0","1","11","unassigned","N","","",""
"2026-04-30","WP-0003","X003K9TPKP","B0BP76S22R","VIVOGROW Water Pressure Pump, 115VAC 4 GPM 45 PSI Diaphragm Water Pump/Strainer for Bathrooms, Kitchens, RVs, and Yachts (Fixable)","New","23","0","0","25","0","0","0","0","USD","0","10","41","50","Low traffic","68.99","0.0","55.19","0.0","GoToRestock","","0.0","0","0","0.0","1.0","0.220451","cubic feet","Standard","5.070373","US","gl_home_improvement","703899","37","0","9","5","55.19","0.0","542.5","2259.96","2740.24","0","0","0","0","0","2.3","0","0","0","0","","2","0","","","","","","","","","","","","","","","","","92.8","32","Low stock","30","2026-05-06","2026-04-27","Yes","No","41.5","92.8","2026-04-27","23","0","2","0","41","unassigned","N","","",""
"2026-04-30","TN-24","X003QU7V13","B0BY2CLYQQ","VIVOSUN 2 x 4Ft. Elastic Trellis Netting with 4 Hooks for Climbing Plants, Vegetables, Fruits, and Flowers, 1-Pack","New","507","0","550","0","0","0","0","0","USD","131","495","794","1041","","12.99","0.0","12.99","0.0","NoExcessInventory","","0.0","0","0","0.0","1.99","0.033237","cubic feet","Standard","16.851159","US","gl_lawn_and_garden","6267","33","0","7","12","12.99","1681.04","6346.9","10194.97","13402.9","458","92","0","0","0","6.86","470","470","0","0","","14","0","","","","","","","","","","","","","","","","","52.3","430","Healthy","211","2026-05-06","2026-04-27","No","No","43.3","52.3","2026-04-27","986","9","5","0","70","unassigned","N","","",""
"2026-04-30","VSL-LLB320-US","X004X7NMTD","B0G39GHRRP","VIVOSUN LumaLight 320W LED Grow Light, Full Spectrum Indoor Plant Light with Deep Canopy Penetration, Smart Dimmable LED Bar Lamp for Vegetables, Herbs, Flowers, 3x3ft Coverage, GrowHub Compatible","New","66","0","71","0","0","0","0","0","USD","7","9","9","9","","239.0","0.0","239.0","0.0","Edit listing","","","0","0","","0.31","1.876591","cubic feet","Oversize","123.855006","US","gl_lawn_and_garden","54687","121","0","145","472","239.0","1673.0","2151.0","2151.0","2151.0","71","0","0","0","0","","261","173","88","0","","6","0","","","","","","","","","","","","","","","","","225.3","","","","","2026-04-27","Yes","No","225.3","225.3","2026-04-27","327","0","5","1","322","unassigned","N","","",""
"2026-04-30","TN-55","X003QU12LD","B0BY2DZJ8J","VIVOSUN 5 x 5Ft. Elastic Trellis Netting with 4 Hooks for Climbing Plants, Vegetables, Fruits, and Flowers, 1-Pack","New","539","0","701","0","0","0","0","0","USD","96","448","741","879","","15.99","0.0","15.99","0.0","NoExcessInventory","","0.0","0","0","0.0","1.51","0.065317","cubic feet","Standard","35.205863","US","gl_lawn_and_garden","6267","51","0","8","14","15.99","1510.04","7037.02","11660.89","13867.31","421","280","0","0","0","23.39","420","420","0","0","","164","0","","","","","","","","","","","","","","","","","64.9","459","Healthy","264","2026-05-07","2026-04-27","No","No","57.6","64.9","2026-04-27","1088","129","31","4","104","unassigned","N","","",""
"2026-04-30","TF0004N-J","X002I74C4J","B08724L8SS","VIVOSUN Garden Hose Splitter 4 Way, Heavy Duty Water Hose Connector 3/4"", Water Hose Manifold, Faucet Adapter with Comfortable Rubberized Grip for Drip Irrigation, Lawns","New","1146","0","1253","0","0","0","0","0","USD","172","554","883","1027","","21.99","0.0","16.99","0.0","NoRestockExcessActionRequired","","0.0","0","0","0.0","0.88","0.061349","cubic feet","Standard","70.305954","US","gl_lawn_and_garden","10053","87","0","16","29","16.99","2965.28","10369.08","16555.67","19495.99","290","724","239","0","0","38.49","1164","960","160","44","","108","0","","","","","","","","","","","","","","","","","115.3","920","Healthy","","","2026-04-27","No","No","77.8","115.3","2026-04-27","2331","21","84","3","301","unassigned","N","","",""
"2026-04-30","TN-44","X003QU6FNX","B0BY2JKXC7","VIVOSUN 4 x 4Ft. Elastic Trellis Netting with 4 Hooks for Climbing Plants, Vegetables, Fruits, and Flowers, 1-Pack","New","1452","0","1583","0","0","0","0","0","USD","168","662","1224","1694","","14.99","0.0","14.99","0.0","NoExcessInventory","","0.0","0","0","0.0","1.28","0.058279","cubic feet","Standard","84.621108","US","gl_lawn_and_garden","6267","71","0","12","16","14.99","2516.82","9917.38","18304.75","25342.69","842","741","0","0","0","50.24","663","660","0","3","","92","0","","","","","","","","","","","","","","","","","82.2","718","Healthy","229","2026-05-06","2026-04-27","No","No","82.2","75.0","2026-04-27","2179","64","25","3","117","unassigned","N","","",""
"2026-04-30","VSL-LRSF50-4","X004HJ9PGV","B0DPFXS6PT","VIVOSUN Lumaray LED Grow Light Bars 16”(4-Bar), Full Spectrum Side Lighting with 60% Red Light up to 25% Yields for Grow Tents, Greenhouses, Magnet Reliability Upgraded, SGS Compatible","New","363","0","375","0","0","0","0","0","USD","68","210","443","641","","89.99","0.0","80.99","0.0","NoRestockExcessActionRequired","","0.0","0","0","0.0","1.2","0.233071","cubic feet","Oversize","84.604773","US","gl_lawn_and_garden","33573","106","0","15","16","80.99","4994.32","16189.5","34586.5","50475.02","7","86","282","0","0","33.48","472","280","192","0","","7","0","","","","","","","","","","","","","","","","","77.8","418","Low stock","","","2026-04-27","No","No","70.7","77.8","2026-04-27","835","0","3","4","161","unassigned","N","","",""
"2026-04-30","Amazon.Found.B0CPP7L8QW","B0CPP7L8QW","B0CPP7L8QW","VIVOSUN Outdoor Handrail, 2 Step Stair Handrail, 31.5"" x 39"" Fits 1 to 2 Steps, Wrought Mattle Iron Stair Railing with Single Curved End for Concrete Steps, Porch Steps, One-Step Assembly, Black","New","1","0","0","0","1","0","0","0","USD","","","","","Low conversion","49.99","0.0","47.49","34.52","Lower price","","0.0","0","0","0.0","0.65","0.83044","cubic feet","Oversize","0.83044","US","gl_home_improvement","2999","1","0","","","47.49","","","","","0","0","0","1","0","0.11","0","0","0","0","","0","0","1","0.42","0","0.0","0","0.0","0","0.0","0","0.0","0","0.0","0","0.0","0","0.0","","","","144","2026-05-07","","","","","","2026-04-27","1","0","0","0","1","unassigned","N","","",""
"2026-04-30","VSE-ALP30-US","X004ZCPLQD","B0GHNGGC5K","VIVOSUN Aerolab Digital pH Meter Kit ±0.01 High Accuracy, Waterproof pH Tester Pen with Replaceable Probe, LCD Display, Auto Temperature Compensation, Calibration Powder for Hydroponics, Gardening","New","0","0","71","0","0","0","0","0","USD","","","","","Low traffic","69.99","0.0","66.49","0.0","Lower price","","","0","0","","0.0","0.078145","cubic feet","Standard","0.0","US","gl_biss","146159","113","0","","","66.49","","","","","71","0","0","0","0","","229","60","0","169","","71","0","","","","","","","","","","","","","","","","","","","","","","","","","","","2026-04-27","293","64","0","7","146","unassigned","N","","",""
"2026-04-30","GH-0012","X002N55LQ9","B08HS15RXP","VIVOSUN Mini 4-Tier Greenhouse with Wheels, 27 x 19 x 63-Inch Reusable Portable Warm House with Green PE Cover and Shelf for Compact Garden and Small Backyards, with Wheels","New","3","0","3","0","0","0","0","0","USD","0","50","788","824","","49.99","0.0","49.99","0.0","CreateShippingPlan","","0.0","0","0","0.0","2.4","1.000579","cubic feet","Oversize","3.001737","US","gl_lawn_and_garden","23234","2","0","0","0","49.99","0.0","2106.23","28730.03","30398.67","1","2","0","0","0","0.52","0","0","0","0","","1","4","","","","","","","","","","","","","","","","","41.7","80","Low stock","250","2026-05-06","2026-04-27","Yes","No","4.4","41.7","2026-04-27","4","1","0","0","2","unassigned","N","","",""
"2026-04-30","VSE-ASH09","X004FAK59N","B0DJV658NX","VIVOSUN AeroStream H09 Intelligent Wi-Fi Humidifier, 2.38 Gal / 9 L Humidifier with Temp & Humidity Probe, Smart Remote Control, Designed for Growers","New","562","0","645","0","0","0","0","0","USD","72","347","814","1368","","109.99","99.99","99.99","94.99","NoExcessInventory","","0.0","0","0","0.0","2.37","1.037394","cubic feet","Standard","583.015428","US","gl_home","22174","61","0","12","10","99.99","7197.99","34511.51","80910.04","136438.53","489","156","0","0","0","342.27","540","483","0","57","","71","0","","","","","","","","","","","","","","","","","53.6","295","Healthy","","","2026-04-27","No","No","53.6","37.7","2026-04-27","1158","56","13","2","109","unassigned","N","","",""
"2026-04-30","HGK1-36","X002MMU8LB","B08GQ1PT2P","VIVOSUN Hydroponic Grow Kit, 1 Layer 36 Plant Sites 4 Food-Grade PVC-U Pipes Hydroponics Planting System with Water Pump, Pump Timer, Nest Basket and Sponge for Leafy Vegetables","New","103","0","113","0","0","0","0","0","USD","13","141","261","437","","74.99","0.0","74.99","0.0","CreateShippingPlan","","0.0","0","0","0.0","1.61","0.965778","cubic feet","Oversize","99.475134","US","gl_lawn_and_garden","163845","46","0","4","5","74.99","938.49","8297.66","16538.96","26246.2","10","24","79","0","0","27.38","72","55","17","0","","14","0","","","","","","","","","","","","","","","","","55.8","105","Low stock","131","2026-05-06","2026-04-27","No","No","37.7","55.8","2026-04-27","175","0","12","2","79","unassigned","N","","",""
"2026-04-30","311001-2x5NJ","X001F1C9FD","B00UBLDUBO","VIVOSUN 5-Pack 2 Gallon Grow Bags Heavy Duty Thickened Nonwoven Fabric Pots with Handles","New","734","0","935","0","0","0","0","0","USD","272","989","1655","2056","","13.99","0.0","13.99","0.0","NoExcessInventory","","0.0","0","0","0.0","1.77","0.057021","cubic feet","Standard","41.853414","US","gl_lawn_and_garden","30","43","0","5","8","13.99","3796.4","13595.93","22317.52","27721.94","426","509","0","0","0","30.92","561","480","0","81","","518","2","","","","","","","","","","","","","","","","","57.0","844","Healthy","291","2026-05-06","2026-04-27","No","No","39.7","57.0","2026-04-27","1739","444","65","9","73","unassigned","N","","",""
"2026-04-30","HDR008","X002X8NXTN","B096VNSL84","VIVOSUN 8-Layer Mesh Drying Rack Hanging Design with Green Zippers for Dehydrating, Indoor and Outdoor Pruning Shears Included","New","73","0","103","0","0","0","0","0","USD","32","106","192","238","","27.99","0.0","27.99","0.0","NoExcessInventory","","0.0","0","0","0.0","2.25","0.2348","cubic feet","Standard","17.1404","US","gl_lawn_and_garden","","19","0","10","15","27.99","895.68","2963.94","5368.08","6654.12","103","0","0","0","0","7.46","204","204","0","0","","23","0","","","","","","","","","","","","","","","","","43.3","148","Low stock","116","2026-05-06","2026-04-27","No","No","38.4","43.3","2026-04-27","293","16","6","1","65","unassigned","N","","",""
"2026-04-30","VSV-AZT8","X004MIVZB5","B0F2S6ZLRK","VIVOSUN T8 8"" Inline Duct Fan & 3 Cycle Modes E12 Speed Controller, AeroZesh Grow Tent Kit Ventilation Fan with 832 CFM EC Motor, Programmable Exhaust Fan for Heating Cooling Booster, Hydroponics","New","50","0","59","0","0","0","0","0","USD","18","51","111","150","","119.99","0.0","119.99","113.99","NoExcessInventory","","0.0","0","0","0.0","1.75","0.893634","cubic feet","Oversize","44.6817","US","gl_lawn_and_garden","26540","28","0","12","14","119.99","2159.82","6119.49","13318.89","17998.5","28","0","31","0","0","12.76","112","112","0","0","","3","0","","","","","","","","","","","","","","","","","59.9","50","Healthy","","","2026-04-27","Yes","No","56.7","59.9","2026-04-27","162","0","1","2","109","unassigned","N","","",""
"2026-04-30","PH001J","X002ECSOJ7","B08228CNGT","VIVOSUN 3-in-1 Digital pH Meter with ATC, ±0.1 pH Accuracy Water Quality Tester, 0-14.0 pH Measurement Range for Hydroponics, Household Drinking, Pool and Aquarium","New","94","0","105","0","0","0","0","0","USD","13","59","178","280","","27.99","0.0","27.99","0.0","NoExcessInventory","","0.0","0","0","0.0","2.48","0.033803","cubic feet","Standard","3.177482","US","gl_kitchen","36998","53","0","27","18","27.99","363.37","1648.91","4874.22","7724.6","105","0","0","0","0","1.49","312","260","52","0","","5","0","","","","","","","","","","","","","","","","","60.5","138","Low stock","","","2026-04-27","Yes","No","60.5","39.3","2026-04-27","409","3","2","0","139","unassigned","N","","",""
"2026-04-30","308100","X000WUGO9F","B018VI6ZUQ","VIVOSUN Black and White Panda Film, 10' x 10' 5.5 Mil Poly Film, Blackout Tarp for Warm House","New","145","0","174","0","0","0","0","0","USD","19","134","266","365","","23.99","0.0","23.99","0.0","NoRestockExcessActionRequired","","0.0","0","0","0.0","2.21","0.186644","cubic feet","Standard","27.06338","US","gl_lawn_and_garden","38099","107","0","14","17","20.89","449.71","3164.06","6067.91","8199.92","170","4","0","0","0","13.91","335","144","0","191","","19","4","","","","","","","","","","","","","","","","","36.7","105","Healthy","","","2026-04-27","No","No","34.7","36.7","2026-04-27","493","13","3","3","165","unassigned","N","","",""
"2026-04-30","CFPB-8","X003YCNGI5","B0CH7Z32KC","VIVOSUN 8 Inch Prefilter for 8"" Carbon Filter, Black, 17.72"" Long","New","46","0","48","0","0","0","0","0","USD","2","34","53","53","","12.49","0.0","12.49","0.0","NoRestockExcessActionRequired","","0.0","0","0","0.0","1.62","0.075907","cubic feet","Standard","3.491722","US","gl_home_improvement","51799","96","0","5","11","12.49","24.98","423.26","660.57","660.57","2","46","0","0","0","2.23","0","0","0","0","","2","0","","","","","","","","","","","","","","","","","74.9","27","Healthy","","","2026-04-27","Yes","No","56.2","74.9","2026-04-27","47","1","0","1","98","unassigned","N","","",""
"2026-04-30","330702-02J","X000OXKC4X","B00P7RUJ16","VIVOSUN Trellis Netting Heavy-duty Polyester 5'x30' 1 Pack","New","1954","0","2301","0","0","0","0","0","USD","524","2274","3999","4747","","8.99","0.0","8.99","0.0","NoExcessInventory","","0.0","0","0","0.0","1.73","0.021664","cubic feet","Standard","42.331456","US","gl_home","9138","30","0","7","11","8.99","4707.61","20429.99","35926.87","42648.67","1265","1036","0","0","0","19.47","2304","2300","0","4","","286","5","","","","","","","","","","","","","","","","","58.9","2033","Healthy","1025","2026-05-07","2026-04-27","No","No","41.5","58.9","2026-04-27","4351","93","167","26","76","unassigned","N","","",""
"2026-04-30","DSpel002J","X002CH4QWD","B07Z69TCMK","VIVOSUN #10 High-Carbon Steel Blades for Cutting Plants and Propagation","New","33","0","36","0","0","0","0","0","USD","4","49","100","146","Low traffic","13.99","0.0","13.99","0.0","NoExcessInventory","","0.0","0","0","0.0","2.44","0.017027","cubic feet","Standard","0.561891","US","gl_lawn_and_garden","89035","25","0","19","20","9.99","39.96","596.21","1148.3","1612.46","2","34","0","0","0","0.14","200","200","0","0","","3","0","","","","","","","","","","","","","","","","","33.0","114","Low stock","","","2026-04-27","Yes","No","32.4","33.0","2026-04-27","233","0","3","0","180","unassigned","N","","",""
"2026-04-30","FPS-004","X003XMB3GN","B0CFXYYPX4","VIVOSUN Fence Post Repair Kit, Heavy-Duty Ground Spike with Gloves for Repairing Tilted or Broken Wood Posts (8 Pack, Black)","","0","0","19","0","0","0","0","0","USD","13","15","87","138","","0.0","0.0","0.0","0.0","NoRestockExcessActionRequired","","","0","0","","6.97","1.312338","cubic feet","Oversize","0.0","US","gl_lawn_and_garden","38640","17","0","32","11","129.99","1689.87","1949.85","11308.13","17404.62","19","0","0","0","0","","121","74","47","0","","18","0","","","","","","","","","","","","","","","","","58.5","83","Out of stock","54","2026-05-06","2026-04-27","Yes","No","58.5","15.4","2026-04-27","121","0","3","15","64","unassigned","N","","",""
"2026-04-30","MGS-PS10S6","X004DTI9WB","B0DG12CH5G","Maygrove 6 Pack Plant Saucer, 8 10 12 inch Plant Saucers for Indoor, Heavy Duty Plastic Plant Trays for pots, Grow Bags, Bird Baths, Flower Drip Trays for Indoor and Outdoor Uses (10"", Brown)","New","1","0","2","0","0","0","0","0","USD","6","19","22","22","","16.99","0.0","15.29","0.0","NoExcessInventory","","0.0","0","0","0.0","3.38","0.125289","cubic feet","Standard","0.125289","US","gl_lawn_and_garden","14341","59","0","37","104","15.29","93.44","302.41","345.49","345.49","0","2","0","0","0","0.02","175","120","55","0","","1","0","","","","","","","","","","","","","","","","","39.1","55","Low stock","","","2026-04-27","Yes","No","26.3","39.1","2026-04-27","176","0","0","1","275","unassigned","N","","",""
"2026-04-30","TN-22","X003QU4CSD","B0BY2BGGN2","VIVOSUN 2 x 2Ft. Elastic Trellis Netting with 4 Hooks for Climbing Plants, Vegetables, Fruits, and Flowers, 1-Pack","New","128","0","149","0","0","0","0","0","USD","59","168","315","452","","9.99","0.0","9.99","0.0","NoExcessInventory","","0.0","0","0","0.0","3.88","0.026945","cubic feet","Standard","3.44896","US","gl_lawn_and_garden","6267","18","0","11","14","9.99","589.41","1677.92","3135.75","4504.18","149","0","0","0","0","1.02","371","370","0","1","","13","0","","","","","","","","","","","","","","","","","38.2","181","Low stock","16","2026-05-06","2026-04-27","No","No","38.2","23.1","2026-04-27","504","5","7","1","77","unassigned","N","","",""
"2026-04-30","VSN-WB110B1-US","X004XNGNED","B0D976XCDW","VIVOSUN 110 L/30 Gal Water Storage Bladder, Foldable and Portable Water Tank, Water Storage Bag Containers for RV, Camping, Garden, Irrigation, Drought Resistance, Firefighting","New","0","0","13","0","0","0","0","0","USD","4","25","26","26","","39.99","0.0","28.79","0.0","NoExcessInventory","","0.0","0","0","0.0","3.65","0.287018","cubic feet","Standard","0.0","US","gl_lawn_and_garden","190119","57","0","30","95","28.79","126.36","786.95","826.94","826.94","0","13","0","0","0","0.1","190","104","30","56","","11","0","","","","","","","","","","","","","","","","","57.3","","","81","2026-05-07","2026-04-27","Yes","No","40.0","57.3","2026-04-27","192","2","2","7","161","unassigned","N","","",""
"2026-04-30","AP-5W","X0049Z2YV1","B0D6W3QSYR","VIVOSUN Aquarium Air Pump Kit, with 160 GPH Dual-Outlet Air Pump and Complete Accessories, Ultra-Quiet, Adjustable Aquarium Aerator for 20-300 Gallons Fish Tanks","New","105","0","203","0","0","0","0","0","USD","29","114","220","310","Low traffic","29.99","0.0","26.99","0.0","NoExcessInventory","","0.0","0","0","0.0","2.11","0.172226","cubic feet","Standard","18.08373","US","gl_pet_products","39747","62","0","12","14","26.99","779.71","3144.36","6078.3","8698.4","185","18","0","0","0","17.04","240","240","0","0","","88","0","","","","","","","","","","","","","","","","","39.2","160","Healthy","","","2026-04-27","No","No","33.7","39.2","2026-04-27","427","82","4","2","161","unassigned","N","","",""
"2026-04-30","DE0002J","X002BP96M1","B07YBR37PB","VIVOSUN Electric Mini Dehumidifier, Ultra-Quiet Auto Defrost Dehumidifier with Timer, 2200ML Water Tank and Drain Hose for Basement or Closets, Bedrooms, Showers, and Other Small Rooms","","0","0","1","0","0","0","0","0","USD","0","0","0","1","","0.0","0.0","0.0","0.0","CreateShippingPlan","","","0","0","","1.0","0.719199","cubic feet","Standard","0.0","US","gl_home","1401504","0","0","","0","69.99","0.0","0.0","0.0","69.99","0","0","1","0","0","","0","0","0","0","","1","0","","","","","","","","","","","","","","","","","","45","Out of stock","71","2026-05-02","","","","","98.0","2026-04-27","0","0","1","0","7","unassigned","N","","",""
"2026-04-30","332594J","X003RSA20L","B0BZXJGT3Z","VIVOSUN 3700 GPH Submersible Water Pump with Barrier Bag, Ultra Quiet 300W Pond Pump for Pond, Waterfall, Fish Tank, Statuary, Hydroponic, 21Ft. Lift Height","New","105","0","144","0","0","0","0","0","USD","8","42","72","88","","99.99","0.0","89.99","0.0","NoExcessInventory","","0.0","0","0","0.0","0.73","0.589653","cubic feet","Standard","61.913565","US","gl_home_improvement","226375","110","0","21","33","89.99","714.92","3689.58","6512.28","8071.62","40","74","30","0","0","51.9","120","120","0","0","","37","0","","","","","","","","","","","","","","","","","127.8","84","Healthy","","","2026-04-27","Yes","No","106.6","127.8","2026-04-27","253","28","8","1","288","unassigned","N","","",""
"2026-04-30","330301","X0035VBF1P","B09SZ9VS93","VIVOSUN 10""x20.75"" Seedling Heat Mat with Built-in Temperature Controller, UL & MET-Certified Waterproof Plant Heating Pad for Germination, Hydroponics, Brewing, Breeding, and Greenhouses","New","1738","0","979","794","0","0","0","0","USD","62","217","665","1047","","29.99","0.0","23.99","22.56","NoExcessInventory","","0.0","0","0","0.0","0.54","0.048712","cubic feet","Standard","84.661456","US","gl_lawn_and_garden","33803","315","0","32","21","23.99","1481.38","5460.56","17606.56","27718.78","95","303","581","0","0","57.67","0","0","0","0","","110","0","","","","","","","","","","","","","","","","","261.7","253","Healthy","","","2026-04-27","No","No","261.7","161.0","2026-04-27","1740","2","106","2","327","unassigned","N","","",""
"2026-04-30","RGB-0003","X002Z8NLJ3","B09C1CFLDJ","VIVOSUN 3-Tier Wooden Raised Garden Bed, 48 x 48 x 21 Inches, Outdoor Wood Planter Kit for Plants, Herbs, and Vegetables for Garden, Patio, Balcony, Backyard and Outdoors","New","10","0","15","0","0","0","0","0","USD","20","104","189","214","","79.99","0.0","79.99","0.0","NoRestockExcessActionRequired","","0.0","0","0","0.0","2.5","1.580475","cubic feet","Oversize","15.80475","US","gl_lawn_and_garden","7064","28","0","5","8","79.99","1319.86","6772.2","12772.12","14363.1","10","0","5","0","0","29.48","135","135","0","0","","64","1","","","","","","","","","","","","","","","","","47.4","89","Low stock","21","2026-05-06","2026-04-27","No","No","18.9","47.4","2026-04-27","205","60","1","3","177","unassigned","N","","",""
"2026-04-30","332823J","X000ZT0LBZ","B01DNUIHWG","VIVOSUN Twist Ties, 164 ft (50m) PE-Coated Green Plant Ties with Cutter, Reusable & Flexible Tomate Ties for Plant Support, Indoor Outdoor Gardening, Cable Management, Home Office Organization","New","765","0","1008","0","0","0","0","0","USD","167","573","804","1048","","11.99","0.0","11.99","0.0","NoExcessInventory","","0.0","0","0","0.0","1.52","0.01168","cubic feet","Standard","8.9352","US","gl_lawn_and_garden","10228","61","0","10","19","11.99","1981.17","6474.11","8811.07","11478.13","796","212","0","0","0","6.69","768","768","0","0","","267","0","","","","","","","","","","","","","","","","","65.9","538","Healthy","","","2026-04-27","No","No","55.3","65.9","2026-04-27","1761","228","36","3","132","unassigned","N","","",""
"2026-04-30","MGS-PS12W6","X004DT8ZCZ","B0DG1VG2N1","Maygrove 6 Pack Plant Saucer, 8 10 12 inch Plant Saucers for indoor, Heavy Duty Plastic Plant trays for pots, Grow Bags, Bird Baths, Flower Drip Trays for Indoor and Outdoor Uses (12"", White)","New","10","0","19","0","0","0","0","0","USD","9","20","21","21","","21.99","0.0","18.99","0.0","NoExcessInventory","","0.0","0","0","0.0","1.45","0.179578","cubic feet","Standard","1.79578","US","gl_lawn_and_garden","14341","40","0","12","37","18.99","169.41","388.9","406.49","406.49","0","19","0","0","0","1.8","50","35","15","0","","9","0","","","","","","","","","","","","","","","","","100.0","28","Low stock","","","2026-04-27","Yes","No","68.0","100.0","2026-04-27","68","8","0","1","101","unassigned","N","","",""
"2026-04-30","VSA-AG-7B3","X004GPPMT5","B0DMSQGS5H","VIVOSUN 3-Pack 7-Gallon AeroBase Grow Bags, Durable Mesh Fabric Plant Container with Breathable Base and Sturdy Handles, Black","New","4","0","5","0","0","0","0","0","USD","8","17","33","43","Low traffic","41.99","0.0","41.99","0.0","NoExcessInventory","","0.0","0","0","0.0","2.49","0.811238","cubic feet","Standard","3.244952","US","gl_lawn_and_garden","146938","31","0","8","10","41.99","329.92","684.13","1312.17","1732.07","5","0","0","0","0","8.22","30","15","15","0","","1","0","","","","","","","","","","","","","","","","","42.5","25","Low stock","27","2026-05-06","2026-04-27","Yes","No","17.5","42.5","2026-04-27","34","0","0","1","60","unassigned","N","","",""
"2026-04-30","VSK-GIYP276-US","X004T1CP8H","B0CMQ4T2RB","VIVOSUN Smart Pro Grow Tent Kit, 2.7 × 2.7ft 2-Plant Kit, WiFi-Integrated Automatic Control with GrowHub E42A+, Tunable Spectrum LED Grow Light, 360° Ventilation & Circulation Control System","New","136","0","149","0","0","0","0","0","USD","5","32","52","87","","479.99","0.0","407.99","0.0","NoRestockExcessActionRequired","","0.0","0","0","0.0","0.83","5.227865","cubic feet","Extra-large","710.98964","US","gl_lawn_and_garden","67305","190","0","21","25","407.99","2135.95","13751.68","22943.48","35869.38","8","141","0","0","0","339.5","32","0","30","2","","9","0","","","","","","","","","","","","","","","","","134.5","15","Healthy","","","2026-04-27","Yes","No","134.5","96.4","2026-04-27","168","0","9","0","202","unassigned","N","","",""
"2026-04-30","VSF-AWE6-Gx2","X003UW04U7","B0C7ZJ8Y71","VIVOSUN 2-Pack AeroWave E6 Grow Tent Fan 6”, EC Motor, Smart Wifi Control, US Patented Auto Oscillating Clip fan, Weatherproof IP-54, Strong Airflow but Quiet for Hydroponic Ventilation Circulation","","0","0","1","0","0","0","0","0","USD","0","3","26","212","","0.0","0.0","0.0","0.0","CreateShippingPlan","","","0","0","","2.81","0.757306","cubic feet","Other","0.0","US","gl_home","","0","0","0","0","79.99","0.0","235.97","1980.73","16009.92","1","0","0","0","0","","0","0","0","0","","0","0","","","","","","","","","","","","","","","","","21.1","146","Out of stock","244","2026-04-29","2026-04-27","Yes","No","7.7","21.1","2026-04-27","0","0","0","0","0","unassigned","N","","",""
"2026-04-30","CFPB-4","X003YCHZDH","B0CH7Y7M95","VIVOSUN 4 Inch Prefilter for 4"" Carbon Filter, Black, 9.84"" Long","","0","0","1","0","0","0","0","0","USD","5","40","100","119","","0.0","0.0","0.0","0.0","NoRestockExcessActionRequired","","","0","0","","3.12","0.027778","cubic feet","Standard","0.0","US","gl_home_improvement","45208","0","0","30","32","9.99","49.95","398.9","995.5","1185.31","1","0","0","0","0","","300","300","0","0","","1","0","","","","","","","","","","","","","","","","","26.4","89","Out of stock","","","2026-04-27","Yes","No","12.1","26.4","2026-04-27","300","0","0","1","241","unassigned","N","","",""
"2026-04-30","TB-44","X002A5MY0N","B07WGS2RF8","2pcs VIVOSUN Grow Tent Support Poles 48x48 inches, Hanging Bars for 4X4 Grow Tent","New","73","0","80","0","0","0","0","0","USD","9","44","89","133","Low traffic","24.99","0.0","24.99","0.0","NoExcessInventory","","0.0","0","0","0.0","1.26","0.105917","cubic feet","Oversize","7.731941","US","gl_lawn_and_garden","91800","69","0","11","11","24.99","222.91","1093.56","2218.11","3317.67","0","38","42","0","0","2.93","48","48","0","0","","4","0","","","","","","","","","","","","","","","","","76.1","46","Healthy","","","2026-04-27","Yes","No","75.4","76.1","2026-04-27","121","0","2","2","126","unassigned","N","","",""
"2026-04-30","MGS-PS10W6","X004DTI9XP","B0DG1JJFYP","Maygrove 6 Pack Plant Saucer, 8 10 12 inch Plant Saucers for indoor, Heavy Duty Plastic Plant trays for pots, Grow Bags, Bird Baths, Flower Drip Trays for Indoor and Outdoor Uses (10"", White)","New","18","0","20","0","0","0","0","0","USD","15","36","38","38","","16.99","0.0","15.29","0.0","NoExcessInventory","","0.0","0","0","0.0","1.97","0.129469","cubic feet","Standard","2.330442","US","gl_lawn_and_garden","14341","33","0","10","31","15.29","229.35","567.44","599.72","599.72","1","19","0","0","0","1.07","75","55","20","0","","1","0","","","","","","","","","","","","","","","","","64.6","43","Low stock","","","2026-04-27","Yes","No","46.2","64.6","2026-04-27","93","0","0","1","98","unassigned","N","","",""
"2026-04-30","RP-001","X003TRYVNT","B0C5MBVTR9","VIVOSUN Self-Watering Planters, 4-Pack 10.5 Inch Compact Rectangular Window Herb Planter Box with 10 PCS Plant Labels, Plant Container for Basil, Flowers, Succulents, Indoor & Outdoor","New","2","0","58","0","0","0","0","0","USD","77","83","536","797","","29.99","0.0","26.99","0.0","NoExcessInventory","","0.0","0","0","0.0","4.1","0.442646","cubic feet","Standard","0.885292","US","gl_lawn_and_garden","14982","16","0","25","8","26.99","2156.23","2327.17","15079.24","22697.23","58","0","0","0","0","2.95","528","392","104","32","","48","0","","","","","","","","","","","","","","","","","25.4","384","Low stock","377","2026-05-07","2026-04-27","No","Yes","14.2","25.4","2026-04-27","550","20","20","8","71","unassigned","N","","",""
"2026-04-30","VC-0003","X003BRQ0GD","B0B7J2931M","VIVOSUN 2-Pcs. Grow Tent Vent Cover, 4""/6""/8"" Duct Filter Vent Cover with Elastic Band and Fixed Buckle for Plant Grow Tent Vent","New","63","0","66","0","0","0","0","0","USD","6","34","75","104","","16.49","0.0","16.49","0.0","NoExcessInventory","","0.0","0","0","0.0","1.44","0.045523","cubic feet","Standard","2.867949","US","gl_lawn_and_garden","26067","122","0","19","20","16.49","98.94","549.66","1210.75","1659.96","3","63","0","0","0","1.48","100","50","50","0","","3","1","","","","","","","","","","","","","","","","","67.0","83","Low stock","","","2026-04-27","Yes","No","64.9","67.0","2026-04-27","165","2","1","0","177","unassigned","N","","",""
"2026-04-30","VSL-LL200-N","X004RRYDIN","B08GNZ7M74","VIVOSUN LumaLight 200W LED Grow Light, Full Spectrum Plant Light, Smart Dimmable & High PPFD for Indoor Plants Seedling Vegetables Bloom, Fits 2×4/3×3 Grow Tents","New","111","0","161","0","0","0","0","0","USD","41","194","738","1033","","179.99","0.0","179.99","0.0","NoRestockExcessActionRequired","","0.0","0","0","0.0","4.09","0.5349","cubic feet","Standard","59.3739","US","gl_lawn_and_garden","7091","43","0","39","24","179.99","6115.3","30967.27","107479.33","147196.38","161","0","0","0","0","21.31","1804","1700","100","4","","43","0","","","","","","","","","","","","","","","","","17.5","191","Low stock","","","2026-04-27","No","Yes","15.5","17.5","2026-04-27","1955","40","1","2","289","unassigned","N","","",""
"2026-04-30","311006-2x5J","X002FS46N3","B0824HPX8C","VIVOSUN 5-Pack 2 Gallon Grow Bags, Fabric Pots with Self-Adhesion Sides for Transplanting","New","135","0","140","0","0","0","0","0","USD","38","160","258","329","","14.99","0.0","14.99","0.0","NoExcessInventory","","0.0","0","0","0.0","1.58","0.154247","cubic feet","Standard","20.823345","US","gl_lawn_and_garden","33149","47","0","9","15","14.99","565.12","2346.4","3782.92","4846.21","1","139","0","0","0","12.94","258","215","0","43","","56","0","","","","","","","","","","","","","","","","","64.7","127","Healthy","","","2026-04-27","No","No","46.6","64.7","2026-04-27","436","43","12","1","121","unassigned","N","","",""
"2026-04-30","351001J","X002H2MAK3","B0854HQ6TP","VIVOSUN Folding Survival Shovel, 22'' Camping Shovel, Military Portable Small Shovel with High Carbon Steel, Tactical Entrenching Tool for Hiking, Digging, Backpacking, Gardening, Off Road, Beach","New","46","0","154","0","0","0","0","0","USD","14","51","127","134","Low traffic","23.99","0.0","17.99","0.0","NoExcessInventory","","0.0","0","0","0.0","1.71","0.105095","cubic feet","Standard","4.83437","US","gl_lawn_and_garden","57014","61","0","25","31","17.99","252.86","965.49","2357.01","2493.94","154","0","0","0","0","7.67","275","251","24","0","","94","0","","","","","","","","","","","","","","","","","38.7","179","Low stock","","","2026-04-27","Yes","No","34.8","38.7","2026-04-27","408","87","3","4","209","unassigned","N","","",""
"2026-04-30","VSF-R410-W","X003TFKIIX","B0C4S397J4","VIVOSUN Quiet Register Booster Fan for 𝟒"" 𝐱𝟏𝟎"" Holes, Cooling Heating Vent with Intelligent Thermostat Control, 10-Speeds Increase Airflow Booster Fan for Bedroom & Attic, Matte White","New","0","0","9","0","0","0","0","0","USD","6","174","303","465","","22.99","0.0","22.99","0.0","CreateShippingPlan","","","0","0","","2.02","0.149201","cubic feet","Standard","0.0","US","gl_pc","67753","0","0","0","0","22.99","137.94","4000.26","7127.17","11357.55","9","0","0","0","0","","0","0","0","0","","10","0","","","","","","","","","","","","","","","","","43.6","204","Out of stock","339","2026-04-29","2026-04-27","Yes","No","9.7","43.6","2026-04-27","0","0","2","8","2","unassigned","N","","",""
"2026-04-30","SPray-OR-5L","X003XGZY5Z","B0CFLG7BCP","VIVOSUN 1.35Gal/5L Pump Pressure Sprayer, Pressurized Water Spray Bottle with Adjustable Shoulder Strap, Adjustable Nozzle, Safety Valve & Additional Seals, Ideal for Watering, Fertilizing, Cleaning","New","75","0","6","23","52","0","0","0","USD","13","35","58","93","Low traffic","26.99","0.0","21.59","0.0","GoToRestock","","0.0","0","0","0.0","0.72","0.572369","cubic feet","Standard","42.927675","US","gl_lawn_and_garden","74653","54","0","8","10","21.59","280.67","809.65","1401.89","2190.62","6","0","0","52","0","37.24","0","0","0","0","","7","0","32","9.16","28","16.02","0","0.0","0","0.0","0","0.0","0","0.0","0","0.0","0","0.0","129.6","43","Healthy","","","2026-04-27","Yes","No","102.6","129.6","2026-04-27","75","0","6","1","59","unassigned","N","","",""
"2026-04-30","311008-03x50J","X0013K75RD","B0132LPUTE","VIVOSUN 50-Pack 3 Gallon Grow Bags for Plants, Black-and-White Thick Plastic Bags for Potting Seedlings, and Rooting","New","197","0","241","0","0","0","0","0","USD","78","230","427","599","","19.99","0.0","19.99","0.0","NoExcessInventory","","0.0","0","0","0.0","2.26","0.082167","cubic feet","Standard","16.186899","US","gl_lawn_and_garden","16895","46","0","8","10","19.99","1486.98","4454.9","8346.43","11710.81","165","76","0","0","0","9.03","292","172","60","60","","39","0","","","","","","","","","","","","","","","","","51.8","238","Low stock","225","2026-05-06","2026-04-27","No","No","51.8","50.8","2026-04-27","520","31","8","0","77","unassigned","N","","",""
"2026-04-30","Wheelspray-12LJ","X0029Y6BUT","B07W6CY544","VIVOSUN 3.2 Gallon Lawn and Garden Wheeled Pump Compression Sprayer with Pressure Relief Valve, Labor-Saving Wheel Design","New","321","0","343","0","0","0","0","0","USD","17","88","162","188","Low traffic","99.99","0.0","99.99","0.0","NoRestockExcessActionRequired","","0.0","0","0","0.0","0.59","2.560222","cubic feet","Oversize","821.831262","US","gl_lawn_and_garden","80512","131","0","18","27","99.99","1659.33","8595.12","15354.38","17797.12","73","84","186","0","0","387.17","76","39","37","0","","20","1","","","","","","","","","","","","","","","","","154.2","117","Healthy","","","2026-04-27","No","No","110.2","154.2","2026-04-27","415","18","2","0","176","unassigned","N","","",""
"2026-04-30","332576J","X0026JN05V","B07RZKRM13","VIVOSUN 400GPH Submersible Pump(1500L/H, 15W), Ultra Quiet Water Pump with 5.2ft High Lift, Fountain Pump with 5ft Power Cord, 3 Nozzles for Fish Tank, Pond, Aquarium, Statuary, Hydroponics","New","238","0","388","0","0","0","0","0","USD","79","407","821","1087","","17.99","0.0","16.19","0.0","NoExcessInventory","","0.0","0","0","0.0","2.96","0.039056","cubic feet","Standard","9.295328","US","gl_pet_products","8490","32","0","11","13","16.19","1286.06","6801.88","13803.99","18394.68","382","6","0","0","0","5.46","900","864","36","0","","142","0","","","","","","","","","","","","","","","","","32.7","381","Low stock","","","2026-04-27","No","No","25.7","32.7","2026-04-27","1260","122","13","7","100","unassigned","N","","",""
"2026-04-30","VSN-WB400B1-US","X004XNF9KH","B0D976KQ24","VIVOSUN 400 L/106 Gal Water Storage Bladder, Foldable and Portable Water Tank, Water Storage Bag Containers for RV, Camping, Garden, Irrigation, Drought Resistance, Firefighting","New","7","0","8","0","0","0","0","0","USD","5","47","50","50","","49.99","0.0","44.09","0.0","NoExcessInventory","","0.0","0","0","0.0","3.9","0.314257","cubic feet","Standard","2.199799","US","gl_lawn_and_garden","120275","36","0","13","41","44.09","220.45","2205.93","2355.9","2355.9","0","8","0","0","0","0.39","154","114","0","40","","0","0","","","","","","","","","","","","","","","","","37.3","","","33","2026-05-06","2026-04-27","Yes","No","23.8","37.3","2026-04-27","161","0","0","0","130","unassigned","N","","",""
"2026-04-30","GH-0012P","X003S31BG9","B0C1NG6Q92","VIVOSUN Mini 4-Tier Greenhouse with Wheels, 27 x 19 x 63-Inch Reusable Portable Warm House with Clear PVC Cover and Shelf for Compact Garden and Small Backyards, with Wheels","New","16","0","17","0","0","0","0","0","USD","1","16","142","166","","49.99","0.0","49.99","0.0","NoExcessInventory","","0.0","0","0","0.0","1.9","0.932422","cubic feet","Oversize","14.918752","US","gl_lawn_and_garden","23234","26","0","49","15","49.99","49.99","794.34","5845.08","6969.34","10","0","7","0","0","3.49","182","182","0","0","","1","1","","","","","","","","","","","","","","","","","48.0","64","Low stock","","","2026-04-27","Yes","No","36.2","48.0","2026-04-27","198","0","0","1","289","unassigned","N","","",""
"2026-04-30","MGG-GH-RH25","X004G6USV1","B0DLG3TD7R","Maygrove 25 ft Garden Hose, 5/8 in ID, Heavy-Duty, Leakproof, Kink-Resistant Water Hose with Swivel Brass Fittings, 600 PSI Burst Rating, Ideal for Car Wash & Lawn Watering","","0","0","1","7","0","0","0","0","USD","5","78","111","118","","0.0","0.0","0.0","0.0","CreateShippingPlan","","","0","0","","1.41","0.338386","cubic feet","Standard","0.0","US","gl_lawn_and_garden","65110","0","0","0","0","21.99","113.95","1795.84","2577.77","2751.9","1","0","0","0","0","","0","0","0","0","","0","0","","","","","","","","","","","","","","","","","67.1","161","Out of stock","337","2026-04-29","2026-04-27","Yes","No","12.0","67.1","2026-04-27","0","0","0","0","0","unassigned","N","","",""
"2026-04-30","HSB950-1800LNJ","X002ESQRYF","B082M7FNK6","VIVOSUN 480GPH Submersible Pump(1800L/H, 25W), Ultra Quiet Water Pump with 7.2ft High Lift, Fountain Pump with 5ft Power Cord, 3 Nozzles for Fish Tank, Aquarium, Statuary, Hydroponics Black","New","236","0","898","0","0","0","0","0","USD","450","1785","2829","3482","","17.99","0.0","16.19","0.0","NoExcessInventory","","0.0","0","0","0.0","2.85","0.054419","cubic feet","Standard","12.842884","US","gl_pet_products","4586","20","0","5","9","16.19","7264.38","29742.71","47400.81","58848.91","898","0","0","0","0","10.36","2327","1752","480","95","","604","3","","","","","","","","","","","","","","","","","38.7","1578","Low stock","1173","2026-05-06","2026-04-27","No","No","26.1","38.7","2026-04-27","3100","537","42","25","54","unassigned","N","","",""
"2026-04-30","332583-10","X0048FBR6P","B0D3PCGMXM","VIVOSUN 210 GPH 10W Submersible Water Pump, with Adjustable Water Flow, 4.9ft Tubing, Additional Ceramic Shaft, and Outlet Adapters, for Fish Tanks, Aquariums, Hydroponics, Fountains","New","103","0","166","0","0","0","0","0","USD","98","282","437","612","","25.99","0.0","18.39","0.0","NoExcessInventory","","0.0","0","0","0.0","2.67","0.060505","cubic feet","Standard","6.232015","US","gl_pet_products","14302","48","0","9","13","18.39","1836.72","5929.83","9417.91","13663.26","123","43","0","0","0","2.63","542","288","108","146","","47","0","","","","","","","","","","","","","","","","","39.3","201","Low stock","","","2026-04-27","No","No","32.1","39.3","2026-04-27","682","37","8","2","88","unassigned","N","","",""
"2026-04-30","Spray-SX-CS7","X003R2YRC1","B0BYNC8H6J","VIVOSUN 1.8 Gal/7L Pump Sprayer, Garden Water Sprayer for Plants, Weeds & Lawn Care, with 3 Nozzles, 50'' Long Hose & Pressure Relief Valve","New","322","0","328","0","0","0","0","0","USD","14","63","102","138","","39.99","0.0","33.99","0.0","NoRestockExcessActionRequired","","0.0","0","0","0.0","0.56","0.680903","cubic feet","Oversize","219.250766","US","gl_lawn_and_garden","4908","160","0","39","58","33.99","475.86","2230.37","3653.98","4949.62","151","42","135","0","0","107.19","294","252","42","0","","9","0","","","","","","","","","","","","","","","","","153.3","152","Healthy","","","2026-04-27","Yes","No","126.7","153.3","2026-04-27","622","6","1","2","366","unassigned","N","","",""
"2026-04-30","FBA18Z0XTL56.missing2","B074FV367K","B074FV367K","VIVOSUN 4"" Flexible Aluminum Ducting, 8FT Air Duct Hose with 2 Clamps, Heavy-Duty Multi-Layer Dryer Vent Hose for Heating Cooling Ventilation and Duct Fan Systems","New","6","0","4","0","0","0","0","0","USD","1","1","2","2","","13.99","0.0","13.99","0.0","NoRestockExcessActionRequired","","0.0","0","0","0.0","0.61","0.083631","cubic feet","Standard","0.501786","US","gl_home_improvement","2235","0","0","24","39","12.49","13.99","13.99","27.98","27.98","2","2","0","0","0","0.09","0","0","0","0","","1","0","","","","","","","","","","","","","","","","","61.0","1","Healthy","1013","2026-05-06","2026-04-27","Yes","No","61.0","51.3","2026-04-27","6","0","0","1","0","unassigned","N","","",""
"2026-04-30","Amazon.Found.B0BP1Y3CRM","B0BP1Y3CRM","B0BP1Y3CRM","VIVOSUN AeroWave E6 Gen2, Grow Tent Clip Fan 6”, EC Motor, Smart Control, Powerful Oscillating Fan, Local Timer, Weatherproof IP54, for Hydroponics Circulation Cooling, Black","","0","0","0","2","0","0","0","0","USD","0","0","0","0","","0.0","0.0","37.99","0.0","NoRestockExcessActionRequired","","","0","0","","1.34","0.404778","cubic feet","Standard","0.0","US","gl_home","1724","0","0","","","37.99","0.0","0.0","0.0","0.0","0","0","0","0","0","","0","0","0","0","","2","0","","","","","","","","","","","","","","","","","","1","Out of stock","2256","2026-05-06","","","","","","2026-04-27","0","0","2","0","0","unassigned","N","","",""
"2026-04-30","CFPW-8","X003YCNEWD","B0CH829BQ2","VIVOSUN 8 Inch Prefilter for 8"" Carbon Filter, White, 17.72"" Long","New","87","0","91","0","0","0","0","0","USD","5","6","27","53","","12.99","0.0","12.99","0.0","NoRestockExcessActionRequired","","0.0","0","0","0.0","1.21","0.0711","cubic feet","Standard","6.1857","US","gl_home_improvement","51799","125","0","60","22","12.99","64.95","77.94","350.73","684.47","91","0","0","0","0","4.04","4","0","0","4","","3","0","","","","","","","","","","","","","","","","","366.0","58","Healthy","17","2026-05-06","2026-04-27","Yes","No","366.0","43.2","2026-04-27","94","3","0","0","125","unassigned","N","","",""
"2026-04-30","304866x2J","X0013OMCJF","B01F30YI9K","VIVOSUN 2-Pack Self Adhesive Zipper Door for Debris Barriers, 3In. x 7Ft. Peel & Stick, Heavy-Duty & Double-Sided Zipper for Tarp, Greenhouse, Indoor Outdoor Tent, Black","New","804","0","637","285","0","0","0","0","USD","48","222","439","624","","24.99","0.0","24.99","0.0","NoRestockExcessActionRequired","","0.0","0","0","0.0","0.59","0.054542","cubic feet","Standard","43.851768","US","gl_home","15749","172","0","19","23","21.84","1046.67","5037.03","10034.66","14310.81","5","312","320","0","0","29.42","300","250","0","50","","109","3","","","","","","","","","","","","","","","","","155.9","304","Healthy","","","2026-04-27","No","No","138.6","155.9","2026-04-27","1154","50","58","1","206","unassigned","N","","",""
"2026-04-30","311001-3x5NJ","X001F28TSD","B00TF9E4UO","VIVOSUN 5-Pack 3 Gallon Plant Grow Bags Heavy Duty Thickened Nonwoven Fabric Pots with Handles","New","1527","0","2780","0","0","0","0","0","USD","744","3035","5484","6781","","14.99","0.0","14.99","0.0","CreateShippingPlan","","0.0","0","0","0.0","2.23","0.085918","cubic feet","Standard","131.196786","US","gl_lawn_and_garden","30","66","0","2","4","14.99","11133.9","44560.96","78818.11","97634.69","1628","1152","0","0","0","245.64","682","600","0","82","","3795","9","","","","","","","","","","","","","","","","","48.3","2337","Healthy","","","2026-04-27","No","No","32.8","48.3","2026-04-27","5878","3669","85","41","79","unassigned","N","","",""
"2026-04-30","Amazon.Found.B085NGVT5H","B085NGVT5H","B085NGVT5H","VIVOSUN 12-Pack 6.5 Inch Gardening Scissors Hand Pruner Pruning Shear with Straight Stainless Steel Blades Orange","New","4","0","0","0","4","0","0","0","USD","0","0","0","2","Low conversion","39.99","0.0","33.99","0.0","NoRestockExcessActionRequired","","0.0","0","0","0.0","0.84","0.081008","cubic feet","Standard","0.324032","US","gl_lawn_and_garden","156","1","0","","26","33.99","0.0","0.0","0.0","79.98","0","0","0","4","0","0.06","0","0","0","0","","0","0","4","0.16","0","0.0","0","0.0","0","0.0","0","0.0","0","0.0","0","0.0","0","0.0","","1","Healthy","97","2026-05-07","","","","","188.0","2026-04-27","4","0","0","0","1","unassigned","N","","",""
"2026-04-30","311003-5X2NJ","X002ID12U5","B087CR7H9S","VIVOSUN 2-Pack Curved Gardening Scissors 6.5 Inch Hand Pruner Shear with Titanium Coated Precision Blades","New","1074","0","1221","0","0","0","0","0","USD","30","95","209","346","","9.99","0.0","7.99","0.0","NoRestockExcessActionRequired","","0.0","0","0","0.0","0.43","0.014085","cubic feet","Standard","15.12729","US","gl_lawn_and_garden","156","196","0","65","58","7.99","244.2","852.87","1922.12","3230.25","429","489","303","0","0","11.53","484","480","0","4","","146","2","","","","","","","","","","","","","","","","","340.6","551","Healthy","","","2026-04-27","Yes","No","340.6","204.7","2026-04-27","1689","131","13","2","348","unassigned","N","","",""
"2026-04-30","GWC-001","X0040ZZ2UF","B0CMGZXHHT","VIVOSUN Garden Cloches for Plants, Rustproof Chicken Wire Cloches with Flip-Top Design & Integrated Folding Stakes, Plants Protectors, Keep Small Animals Out, 6-Pack","New","179","0","184","0","0","0","0","0","USD","7","43","153","159","Low traffic","84.99","0.0","84.99","0.0","NoRestockExcessActionRequired","","0.0","0","0","341.29","0.75","1.462095","cubic feet","Oversize","261.715005","US","gl_lawn_and_garden","144597","184","0","16","14","84.99","594.93","3654.57","11375.72","11885.66","1","53","130","0","0","122.33","0","0","0","0","","1","0","","","","","","","","","","","","","","","","","148.2","80","Healthy","26","2026-05-06","2026-04-27","Yes","No","148.2","128.4","2026-04-27","179","0","1","0","186","unassigned","N","","",""
"2026-04-30","VSN-SX32-US","X004S1VJC1","B0FJM45QZB","VIVOSUN StemX (0-0-2) Silica for Plants, Soluble Liquid Silicon, Plant Supplement Fertilizer, Nutrient Solution for Strong Stems and Healthy Leaves, Boost Resilience, pH Balance, 32 oz","New","192","0","197","0","0","0","0","0","USD","18","61","114","172","Low traffic","24.99","0.0","21.24","0.0","NoRestockExcessActionRequired","","0.0","0","0","0.0","0.77","0.048583","cubic feet","Standard","9.327936","US","gl_lawn_and_garden","84641","94","0","12","14","21.24","381.82","1356.14","2631.86","4026.28","2","13","182","0","0","5.85","0","0","0","0","","6","0","","","","","","","","","","","","","","","","","131.4","74","Healthy","","","2026-04-27","Yes","No","113.0","131.4","2026-04-27","193","1","5","0","97","unassigned","N","","",""
"2026-04-30","306106-122J","X000Q6TFUP","B00T62C7E0","VIVOSUN Stainless Steel Air Ducting Clamps, 4/6/8/12 Inch Adjustable Hose Clamps with Worm Drive for Ducting, Heating, Cooling, Exhaust, and Ventilation (Pack of 2)","New","157","0","152","12","0","0","0","0","USD","5","19","59","81","","14.99","0.0","14.99","0.0","NoRestockExcessActionRequired","","0.0","0","0","0.0","0.69","0.126047","cubic feet","Standard","19.789379","US","gl_home_improvement","30177","189","0","33","25","12.99","66.95","252.21","773.31","1079.29","51","101","0","0","0","13.09","0","0","0","0","","1","1","","","","","","","","","","","","","","","","","273.0","76","Healthy","","","2026-04-27","Yes","No","273.0","114.2","2026-04-27","157","0","1","0","190","unassigned","N","","",""
"2026-04-30","332522J","X001C2JOIF","B06VV79ZTK","VIVOSUN Air Stones Disc 5 x 5 Inch with Shell for Aquarium, Fish Tank and Hydroponics Air Pump","New","897","0","1065","0","0","0","0","0","USD","44","240","515","765","","14.99","0.0","13.49","0.0","NoRestockExcessActionRequired","","0.0","0","0","0.0","0.96","0.020468","cubic feet","Standard","18.359796","US","gl_pet_products","19733","119","0","21","22","13.49","595.06","3347.32","7172.17","10716.27","307","492","266","0","0","12.63","420","420","0","0","","162","0","","","","","","","","","","","","","","","","","113.7","243","Healthy","","","2026-04-27","No","No","113.7","100.4","2026-04-27","1401","84","74","4","187","unassigned","N","","",""
"2026-04-30","RC-0002-4","X003Q21O0P","B0BW95Z36Q","VIVOSUN 1"" Rockwool Cubes, 200 Plugs Stonewool Starter Grow Cubes for Cuttings, Cloning, Plant Propagation, Seed Starting, Hydroponic Grow Media for Vigorous Plant Growth","New","234","0","293","0","0","0","0","0","USD","31","186","433","664","","18.99","0.0","18.99","0.0","NoRestockExcessActionRequired","","0.0","0","0","0.0","1.58","0.113163","cubic feet","Standard","26.480142","US","gl_lawn_and_garden","20154","68","0","11","10","18.99","572.39","3268.76","7578.91","11596.12","111","182","0","0","0","15.71","320","256","0","64","","50","2","","","","","","","","","","","","","","","","","57.2","177","Healthy","","","2026-04-27","No","No","49.1","57.2","2026-04-27","596","42","7","1","126","unassigned","N","","",""
"2026-04-30","Amazon.Found.B0BWDZR3DG","B0BWDZR3DG","B0BWDZR3DG","VIVOSUN Liquid Nutrients Base A & B Bundle, Grow Big Hydroponic Fertilizer, Supports Vegetative and Flowering Stages for Outdoor, Indoor Plants, Best Plant Food, Set of Quarts","","0","0","1","0","0","0","0","0","USD","0","0","0","1","","0.0","0.0","35.99","0.0","CreateShippingPlan","","","0","0","","2.27","0.165033","cubic feet","Standard","0.0","US","gl_lawn_and_garden","3043","0","0","","0","39.99","0.0","0.0","0.0","37.99","0","0","1","0","0","","0","0","0","0","","0","0","","","","","","","","","","","","","","","","","","3","Out of stock","1966","2026-04-29","","","","","79.0","2026-04-27","0","0","0","0","0","unassigned","N","","",""
"2026-04-30","311001-3x10","X002N6EF51","B08HRR1ZJM","VIVOSUN 10-Pack 3 Gallon Grow Bags, Reinforced Planter Fabric Pots for Gardening Black","New","410","0","485","0","0","0","0","0","USD","52","273","564","710","","21.99","0.0","21.99","0.0","NoExcessInventory","","0.0","0","0","0.0","1.48","0.228235","cubic feet","Standard","93.57635","US","gl_lawn_and_garden","1974","108","0","10","13","21.99","1141.49","5816.36","11985.7","15192.26","175","310","0","0","0","77.59","307","272","0","35","","241","1","","","","","","","","","","","","","","","","","65.5","307","Healthy","","","2026-04-27","No","No","51.0","65.5","2026-04-27","925","208","27","6","192","unassigned","N","","",""
"2026-04-30","PP-30-1","X003SWOFG3","B0C3LHGRQ7","VIVOSUN Peat Pots, 30 Packs 3.15-Inch Seed Starting Pots with Drainage Holes, Round Nursery Pot, 20 Plant Labels for Flowers, Plants, Vegetables, 30Pcs","New","27","0","152","0","0","0","0","0","USD","86","714","1426","1780","","9.99","0.0","9.99","0.0","CreateShippingPlan","","0.0","0","0","0.0","2.64","0.060968","cubic feet","Standard","1.646136","US","gl_lawn_and_garden","21117","8","0","2","3","9.99","853.19","6858.12","13777.8","17088.74","152","0","0","0","0","1.36","450","450","0","0","","114","0","","","","","","","","","","","","","","","","","34.3","572","Low stock","405","2026-05-07","2026-04-27","No","No","13.6","34.3","2026-04-27","574","97","11","6","48","unassigned","N","","",""
"2026-04-30","311001-7x10","X002N6EF5B","B08HRVMPX9","VIVOSUN 10-Pack 7 Gallon Grow Bags, Reinforced Planter Fabric Pots for Gardening Black","New","559","0","644","0","0","0","0","0","USD","60","250","368","507","","26.99","0.0","26.99","0.0","NoExcessInventory","","0.0","0","0","4.47","0.99","0.375357","cubic feet","Standard","209.824563","US","gl_lawn_and_garden","1974","277","0","9","15","26.99","1615.41","6655.85","9796.71","13092.01","126","518","0","0","0","162.06","36","36","0","0","","184","0","","","","","","","","","","","","","","","","","98.3","252","Healthy","","","2026-04-27","No","No","90.5","98.3","2026-04-27","749","154","26","4","307","unassigned","N","","",""
"2026-04-30","PB-10B","X003DLBDHD","B0BCG1FBV8","VIVOSUN 5-Pack 10 Gallon Potato Grow Bags for Growing Potatoes, Fabric Potato Pots with Handle and Roll-up Window, Potato Growing Containers Potato Planter Potato Planter for Growing Potatoes, Black","New","67","0","87","0","0","0","0","0","USD","43","163","258","288","","26.99","0.0","26.99","0.0","GoToRestock","","0.0","0","0","0.0","1.89","0.239946","cubic feet","Standard","16.076382","US","gl_lawn_and_garden","23634","12","0","2","5","26.99","1160.57","4365.37","6675.42","7431.12","60","27","0","0","0","3.32","48","45","0","3","","13","0","","","","","","","","","","","","","","","","","55.7","128","Low stock","148","2026-05-07","2026-04-27","No","No","27.8","55.7","2026-04-27","115","0","9","4","23","unassigned","N","","",""
"2026-04-30","CL-001J","X0045D1RPL","B0CWNDF8PY","VIVOSUN Coco Coir Liner 12x80 in, 100% Natural Coconut Fiber Mat, Thickened Coco Liner Roll for Planters, Hanging Baskets, Garden Decoration, DIY Crafts, Pet Pads & Reptile Carpet","New","80","0","117","0","0","0","0","0","USD","34","172","322","380","Low traffic","15.99","0.0","14.39","0.0","NoExcessInventory","","0.0","0","0","0.0","1.39","0.1778","cubic feet","Standard","14.224","US","gl_home","76406","21","0","5","8","14.39","484.46","2460.08","4715.78","5609.6","6","111","0","0","0","6.39","160","160","0","0","","57","0","","","","","","","","","","","","","","","","","69.6","239","Low stock","260","2026-05-07","2026-04-27","No","No","37.3","69.6","2026-04-27","265","25","28","4","71","unassigned","N","","",""
"2026-04-30","RGB-0002","X002Z8TYKD","B09C1B6CDZ","VIVOSUN 8×2Ft Wooden Raised Garden Bed, 97 x 25 x 11 Inches, Outdoor Wood Planter Box with Gloves and a Liner for Garden, Patio, Balcony, Backyard and Outdoors","New","79","0","111","0","0","0","0","0","USD","23","257","366","369","","89.99","0.0","89.99","0.0","CreateShippingPlan","","0.0","0","0","0.0","1.32","1.36125","cubic feet","Oversize","107.53875","US","gl_lawn_and_garden","7064","14","0","2","6","89.99","2069.27","16923.97","24142.24","24377.73","52","1","58","0","0","14.13","101","100","0","1","","4","0","","","","","","","","","","","","","","","","","67.4","255","Low stock","215","2026-05-06","2026-04-27","No","No","22.0","67.4","2026-04-27","180","0","4","0","36","unassigned","N","","",""
"2026-04-30","VSK-GIYE276-US","X004T1F2PZ","B08LGQ3XDZ","VIVOSUN Grow Tent Kit, 2.7 × 2.7ft Complete Grow System, WiFi-Controlled Grow System with Full Spectrum LED Grow Light, Automatic Ventilation, GrowHub Outlet A22 with Temperature and Humidity Sensor","New","70","0","75","0","0","0","0","0","USD","18","67","179","288","","349.99","0.0","314.99","0.0","NoRestockExcessActionRequired","","0.0","0","0","0.0","2.81","4.958333","cubic feet","Oversize","347.08331","US","gl_lawn_and_garden","46516","51","0","13","10","314.99","4955.54","19540.48","51318.66","81287.68","44","31","0","0","0","122.05","160","115","45","0","","9","0","","","","","","","","","","","","","","","","","40.5","43","Healthy","","","2026-04-27","Yes","No","40.5","40.4","2026-04-27","234","4","5","0","86","unassigned","N","","",""
"2026-04-30","304113-P888","X003XWSR3Z","B0CGHMPZ9R","VIVOSUN P888 8X8 PRO Grow Tent, with High CFM Kit, 2000D High Reflective Mylar Oxford Fabric, Extra Hanging Bars Hydroponics Indoor Plant for VS4000×4, 96""×96""×80""","New","10","0","10","0","0","0","0","0","USD","0","2","7","11","","399.99","0.0","339.99","0.0","CreateShippingPlan","","0.0","0","0","0.0","0.76","7.17419","cubic feet","Extra-large","71.7419","US","gl_lawn_and_garden","24195","65","0","20","11","339.99","0.0","779.98","2719.93","4319.88","0","0","10","0","0","32.49","0","0","0","0","","2","0","","","","","","","","","","","","","","","","","131.0","11","Low stock","12","2026-05-04","2026-04-27","Yes","No","131.0","130.2","2026-04-27","10","0","2","0","83","unassigned","N","","",""
"2026-04-30","HDR008x2","X003UVIRUR","B0C7Z5H98K","VIVOSUN 2-Pack 8-Layer Mesh Drying Rack Hanging Design with Green Zippers for Dehydrating, Indoor and Outdoor (Pruning Shears Included)","New","101","0","121","2","0","0","0","0","USD","9","27","45","54","","46.99","0.0","46.99","0.0","NoExcessInventory","","0.0","0","0","0.0","0.52","0.471148","cubic feet","Standard","47.585948","US","gl_lawn_and_garden","","128","0","16","26","46.99","416.41","1262.23","2105.29","2527.7","40","49","32","0","0","35.9","8","8","0","0","","26","0","","","","","","","","","","","","","","","","","204.6","94","Healthy","29","2026-05-06","2026-04-27","Yes","No","202.3","204.6","2026-04-27","125","16","9","1","139","unassigned","N","","",""
"2026-04-30","305141-PEN","X0049L2AZF","B0D62NJWV7","VIVOSUN Digital pH Meter, 0.01pH High Accuracy Pen Type pH Tester for Hydroponics, Household Drinking, Pool and Aquarium, Black, UL Certified","New","382","0","470","0","0","0","0","0","USD","143","540","820","1047","","9.99","0.0","9.99","0.0","NoRestockExcessActionRequired","","0.0","0","0","0.0","4.42","0.008712","cubic feet","Standard","3.327984","US","gl_biss","1902","34","0","10","18","9.99","1425.58","5298.81","8426.78","11190.5","470","0","0","0","0","1.88","1100","900","200","0","","64","8","","","","","","","","","","","","","","","","","37.6","978","Low stock","692","2026-05-06","2026-04-27","No","No","37.6","22.8","2026-04-27","1511","29","15","20","82","unassigned","N","","",""
"2026-04-30","VSN-GT2X108","X004QXNAZP","B0FGHR5W35","VIVOSUN Greenhouse Repair Tape, 6.3 mil 2"" x 108' Weatherproof Clear Poly Patch Tape, Heavy Duty Greenhouse Sheeting Coverings Film Tape for Plastic Sheeting and Tents","New","307","0","372","0","0","0","0","0","USD","65","293","615","823","","12.99","11.99","11.99","0.0","NoRestockExcessActionRequired","","0.0","0","0","0.0","1.8","0.028846","cubic feet","Standard","8.855722","US","gl_lawn_and_garden","13925","53","0","9","10","10.79","720.55","3269.77","6843.36","9109.28","76","296","0","0","0","4.17","360","216","72","72","","53","0","","","","","","","","","","","","","","","","","53.2","225","Healthy","","","2026-04-27","No","No","53.2","51.2","2026-04-27","671","4","45","4","82","unassigned","N","","",""
"2026-04-30","TGB-0003","X00430KRST","B0CQZDX1F9","VIVOSUN 3-Pack 10 Gallon Visible Potato Grow Bags, 320G Thick Nonwoven Fabric Pots with Strap Handles, Shade Cloth & 10 Pcs Plant Labels for Flowers, Vegetables","New","5","0","35","0","0","0","0","0","USD","10","36","111","214","","21.99","0.0","21.99","0.0","NoExcessInventory","","0.0","0","0","0.0","3.68","0.125762","cubic feet","Standard","0.62881","US","gl_lawn_and_garden","37167","86","0","20","10","21.99","219.9","791.64","2440.39","4705.36","35","0","0","0","0","2.31","176","132","44","0","","32","0","","","","","","","","","","","","","","","","","19.7","55","Low stock","","","2026-04-27","Yes","No","14.7","19.7","2026-04-27","207","26","4","2","295","unassigned","N","","",""
"2026-04-30","VSEX-CGM-BL","X004PSEAO1","B0FCL6RQXS","VIVOSUN Gummy Maker Machine, Hands-Free Candy Maker, Oil Infused Edible Mixer with Dual Rotor, Food-Grade Stainless Steel Pot and Silicone Molds, for Gummies Bear, DIY Candies, Party Treats","New","277","0","322","0","0","0","0","0","USD","31","140","293","426","","84.99","0.0","84.99","0.0","NoExcessInventory","","0.0","0","0","0.0","1.39","0.283522","cubic feet","Standard","78.535594","US","gl_kitchen","63146","76","0","17","18","84.99","2631.14","11486.46","24267.21","35469.33","84","163","75","0","0","47.08","324","324","0","0","","47","0","","","","","","","","","","","","","","","","","71.3","116","Healthy","","","2026-04-27","No","No","71.3","68.6","2026-04-27","627","26","21","0","165","unassigned","N","","",""
"2026-04-30","TGB-0002","X0043083M1","B0CQZD91H1","VIVOSUN 5-Pack 7 Gallon Visible Potato Grow Bags, Thick Fabric Potato Pots with 360° Visibility & Harvest Window, Potato Growing Containers Potato Planter Potato Planter for Growing Potatoes, Black","New","15","0","52","0","0","0","0","0","USD","26","83","289","374","","25.99","0.0","25.99","24.44","NoExcessInventory","","0.0","0","0","0.0","4.72","0.150273","cubic feet","Standard","2.254095","US","gl_lawn_and_garden","37167","27","0","14","10","25.99","674.24","2153.17","7504.11","9712.76","52","0","0","0","0","2.55","289","221","68","0","","32","0","","","","","","","","","","","","","","","","","16.0","112","Low stock","","","2026-04-27","No","Yes","12.6","16.0","2026-04-27","332","28","3","1","114","unassigned","N","","",""
"2026-04-30","GB0101J","X002PP6QYN","B08NJM71C3","VIVOSUN 5 Tier Vertical Gardening Stackable Planter for Strawberries, Flowers, Herbs, Vegetables, Brown","New","469","0","490","0","0","0","0","0","USD","63","386","750","830","","39.99","0.0","35.99","0.0","GoToRestock","","0.0","0","0","0.0","1.3","0.920469","cubic feet","Oversize","431.699961","US","gl_lawn_and_garden","6162","109","0","4","7","35.99","2257.37","14134.78","27809.13","30928.83","175","123","192","0","0","150.39","0","0","0","0","","10","0","","","","","","","","","","","","","","","","","75.8","288","Healthy","","","2026-04-27","No","No","49.5","75.8","2026-04-27","469","0","7","3","115","unassigned","N","","",""
"2026-04-30","VSG-BR280g15X40G","X004HSP40X","B0DPWMLZCV","VIVOSUN 15 in x 40 ft Premium Burlap Fabric Roll, 10 oz Heavy Duty High Density Natural Jute Fiber, Multipurpose Burlap for Gardening, Outdoor Plant Care, Weed Barrier, DIY Crafts, and Decoration","","0","0","13","0","0","0","0","0","USD","6","12","71","98","","0.0","0.0","0.0","0.0","NoRestockExcessActionRequired","","","0","0","","3.73","0.277778","cubic feet","Standard","0.0","US","gl_lawn_and_garden","30066","40","0","55","21","17.99","130.21","257.15","1489.46","2046.39","13","0","0","0","0","","165","75","90","0","","9","0","","","","","","","","","","","","","","","","","30.0","150","Out of stock","147","2026-05-06","2026-04-27","Yes","No","30.0","21.3","2026-04-27","165","0","1","8","82","unassigned","N","","",""
"2026-04-30","SPray-OR-8L","X003XH27BD","B0CFLDFYSL","VIVOSUN 2.1Gal/8L Pump Pressure Sprayer, Pressurized Water Spray Bottle with Adjustable Shoulder Strap, Adjustable Nozzle, Safety Valve & Additional Seals, Ideal for Watering, Fertilizing, Cleaning","New","77","0","85","0","0","0","0","0","USD","7","19","226","240","Low traffic","39.99","0.0","31.99","0.0","NoRestockExcessActionRequired","","0.0","0","0","0.0","2.04","0.653709","cubic feet","Oversize","50.335593","US","gl_lawn_and_garden","74653","75","0","39","10","31.99","223.93","687.81","5790.24","6215.78","84","1","0","0","0","27.74","109","91","18","0","","18","0","","","","","","","","","","","","","","","","","87.7","71","Healthy","","","2026-04-27","Yes","No","87.7","44.2","2026-04-27","204","18","0","0","190","unassigned","N","","",""
"2026-04-30","VSF-BF412W","X004B9KMWN","B0D8KFSPK2","VIVOSUN Quiet Register Booster Fan for 𝟒"" 𝐱 𝟏𝟐"" Holes, Quiet Cooling Heating Vent Fan for Home/Bedroom/Bathroom/Attic, 10 Speeds App Control & Adjustable Wind Direction, Thermostat Control, White","New","35","0","78","0","0","0","0","0","USD","4","14","36","57","","51.99","0.0","51.99","0.0","GoToRestock","","0.0","0","0","0.0","1.5","0.186596","cubic feet","Standard","6.53086","US","gl_home","107462","54","0","16","13","51.99","207.96","727.86","1871.64","2963.43","78","0","0","0","0","9.67","24","24","0","0","","43","0","","","","","","","","","","","","","","","","","47.3","182","Low stock","206","2026-05-06","2026-04-27","Yes","No","47.3","41.5","2026-04-27","102","43","0","0","61","unassigned","N","","",""
"2026-04-30","DT-001J","X002IPZG1J","B0887SFLMR","VIVOSUN Digital Timer Outlet 7 Day Programmable Digital Outlet Timer with 2 Independent Outlets 3 Prong, 20 on/Off Programs Groups, Countdown Setting, Indoor for Light Lamp, Fan（1Pack）","New","456","0","488","0","0","0","0","0","USD","60","287","638","905","","16.99","0.0","16.99","0.0","NoExcessInventory","","0.0","0","0","0.0","1.9","0.018086","cubic feet","Standard","8.247216","US","gl_home_improvement","31515","70","0","17","17","16.99","1010.34","4749.37","10566.71","15085.8","353","135","0","0","0","5.18","765","595","0","170","","22","0","","","","","","","","","","","","","","","","","51.1","257","Healthy","","","2026-04-27","No","No","50.3","51.1","2026-04-27","1232","11","6","5","136","unassigned","N","","",""
"2026-04-30","DCC-001","X003XMEA4F","B0CFY267YZ","VIVOSUN Double Camping Chair, Fully Padded Folding Loveseat, Oversized Duo Chair with Cup & Wine Glass Holders, Pocket, Armrests & Carry Bag, Supports up to 500lbs","","0","0","12","0","0","0","0","0","USD","18","43","144","333","","0.0","0.0","50.99","0.0","CreateShippingPlan","","","0","0","","4.37","2.035463","cubic feet","Oversize","0.0","US","gl_outdoors","46122","2","0","1","0","50.99","917.82","2390.57","8086.56","18875.17","12","0","0","0","0","","20","7","13","0","","10","0","","","","","","","","","","","","","","","","","15.5","251","Out of stock","476","2026-05-06","2026-04-27","Yes","No","3.4","15.5","2026-04-27","20","0","3","7","5","unassigned","N","","",""
"2026-04-30","330102CNJ","X002EB7JH1","B081ZPC2M7","VIVOSUN 20"" x 20.75"" Seedling Heat Mat and Digital Thermostat Combo Set, UL & MET-Certified Warm Hydroponic Heating Pad for Germination, Indoor Gardening, Greenhouse","New","866","0","891","0","0","0","0","0","USD","63","251","631","1150","","46.99","0.0","37.59","35.71","NoRestockExcessActionRequired","","0.0","0","0","0.0","1.24","0.165698","cubic feet","Oversize","143.494468","US","gl_lawn_and_garden","1279","192","0","13","9","37.59","2375.22","10309.24","27149.99","48749.4","14","746","131","0","0","62.69","0","0","0","0","","14","0","","","","","","","","","","","","","","","","","113.4","215","Healthy","","","2026-04-27","No","No","113.4","75.0","2026-04-27","870","4","7","3","194","unassigned","N","","",""
"2026-04-30","WB-47-2","X0048MU18X","B0D456N2TP","VIVOSUN 47-Gallon Collapsible Garden Bag, Yard Waste Bin with Hard-Shell Bottom, Leaf Scoops and Gloves, Collapsible Yard Waste Containers for Lawn Care and Camping, 2-Pack","New","132","0","137","0","0","0","0","0","USD","13","70","122","145","","66.99","0.0","59.39","0.0","NoRestockExcessActionRequired","","0.0","0","0","0.0","1.02","1.392578","cubic feet","Oversize","183.820296","US","gl_home","45986","65","0","25","39","59.39","772.07","4215.0","7474.18","8979.65","48","18","71","0","0","69.27","312","312","0","0","","5","0","","","","","","","","","","","","","","","","","96.2","128","Healthy","","","2026-04-27","Yes","No","64.4","96.2","2026-04-27","444","0","4","1","300","unassigned","N","","",""
"2026-04-30","VSS-RJ11","X003RXUHZ1","B0C1BKGVB6","VIVOSUN RJ11 Cable, Connects Grow Lights to GrowHub Controller E42A, 10 Feet","New","73","0","73","0","0","0","0","0","USD","11","62","116","160","Low traffic","9.99","0.0","9.99","0.0","NoExcessInventory","","0.0","0","0","0.0","1.72","0.021587","cubic feet","Standard","1.575851","US","gl_electronics","","37","0","10","13","9.99","109.89","615.86","1155.32","1592.94","25","48","0","0","0","0.76","95","95","0","0","","3","0","","","","","","","","","","","","","","","","","61.4","55","Healthy","1","2026-05-04","2026-04-27","Yes","No","53.3","61.4","2026-04-27","168","0","3","0","90","unassigned","N","","",""
"2026-04-30","TN-33","X003QTZL7Z","B0BY2CVFB9","VIVOSUN 3 x 3Ft. Elastic Trellis Netting with 4 Hooks for Climbing Plants, Vegetables, Fruits, and Flowers, 1-Pack","New","331","0","383","0","0","0","0","0","USD","74","261","508","692","","13.99","0.0","13.99","0.0","NoExcessInventory","","0.0","0","0","0.0","2.27","0.033442","cubic feet","Standard","11.069302","US","gl_lawn_and_garden","6267","36","0","13","17","13.99","1020.86","3597.46","7017.99","9592.15","383","0","0","0","0","5.5","580","580","0","0","","36","0","","","","","","","","","","","","","","","","","43.6","278","Healthy","","","2026-04-27","No","No","43.6","41.1","2026-04-27","928","17","11","8","105","unassigned","N","","",""
"2026-04-30","GT-0003","X00325W3U1","B09KGSCCV8","VIVOSUN G448 48""x48""x80"" Grow Tent, 4x4 FT Advanced Gray Grow Tent with 22mm Thickened Poles, Observation Window and Floor Tray for Hydroponic Plants for VS4000/VSF4300","","0","0","1","0","0","0","0","0","USD","0","0","19","32","","0.0","0.0","0.0","0.0","CreateShippingPlan","","","0","0","","4.26","2.245778","cubic feet","Oversize","0.0","US","gl_lawn_and_garden","5584","0","0","","0","149.99","0.0","0.0","2699.81","4514.68","0","0","1","0","0","","0","0","0","0","","1","0","","","","","","","","","","","","","","","","","","7","Out of stock","35","2026-04-28","","","","","21.0","2026-04-27","0","0","0","1","6","unassigned","N","","",""
"2026-04-30","330120x4J","X0028018AH","B07TBDJV31","VIVOSUN 4-Pack LCD Digital Aquarium Thermometer Fish Tank Water Terrarium Temperature with Suction Cup for Turtle","New","27","0","44","0","0","0","0","0","USD","32","142","261","357","Low traffic","15.99","0.0","15.99","0.0","NoExcessInventory","","0.0","0","0","0.0","1.98","0.038743","cubic feet","Standard","1.046061","US","gl_pet_products","20082","34","0","9","11","15.99","500.88","2149.18","4040.79","5505.83","27","17","0","0","0","0.19","300","175","0","125","","10","0","","","","","","","","","","","","","","","","","50.7","108","Low stock","","","2026-04-27","No","No","27.6","50.7","2026-04-27","328","1","2","7","80","unassigned","N","","",""
"2026-04-30","VSK-GIYP224A-US","X004X6A6LL","B0CMQ5FG7K","VIVOSUN Smart Pro Grow Tent Kit, 2 × 2ft 1-Plant Kit, WiFi-Integrated Automatic Control with GrowHub E42A+, 2-in-1 Tunable Spectrum LED Grow Light, 360° Ventilation & Circulation Control System","New","88","0","100","0","0","0","0","0","USD","7","19","39","48","","422.99","0.0","359.54","0.0","NoRestockExcessActionRequired","","0.0","0","0","0.0","1.15","4.279514","cubic feet","Oversize","376.597232","US","gl_lawn_and_garden","67305","153","0","24","31","359.54","2601.38","7423.46","15756.36","19554.27","64","36","0","0","0","193.51","27","6","18","3","","11","0","","","","","","","","","","","","","","","","","102.7","1","Healthy","","","2026-04-27","Yes","No","100.8","102.7","2026-04-27","122","7","4","0","167","unassigned","N","","",""
"2026-04-30","GH-0015","X003H6OKD3","B0BLH7B27F","VIVOSUN Portable Mini Greenhouse 72x63x63-Inch Tent-Style Greenhouse, PE Cover with Roll-up Zipper Door and Window, for Indoor Outdoor or Garden Plant Growing, White","New","8","0","8","0","0","0","0","0","USD","2","4","29","32","","55.99","0.0","35.99","0.0","CreateShippingPlan","","0.0","0","0","0.0","1.47","0.781641","cubic feet","Oversize","6.253128","US","gl_lawn_and_garden","23234","21","0","8","3","35.99","71.98","165.96","1179.71","1342.08","0","0","8","0","0","2.13","0","0","0","0","","0","0","","","","","","","","","","","","","","","","","81.5","10","Low stock","24","2026-05-06","2026-04-27","Yes","No","81.5","67.5","2026-04-27","8","0","0","0","21","unassigned","N","","",""
"2026-04-30","307203-26","X000VV26BP","B01731MOGQ","VIVOSUN T5 Grow Light Bulbs 2 Ft 22 Inches, 24W 6500K HO Fluorescent Tubes Light Bulbs, Cool White T5 Bulb for 22 Inches T5 Light Fixtures, T5 Grow Lights for Indoor Plants, 2 Ft 24W Pack of 5","New","0","0","45","0","0","0","0","0","USD","55","212","906","1499","","39.99","0.0","39.99","0.0","CreateShippingPlan","","","0","0","","7.13","0.145173","cubic feet","Oversize","0.0","US","gl_lawn_and_garden","22156","22","0","11","5","39.99","2187.45","8230.08","33058.97","53718.98","45","0","0","0","0","","612","300","312","0","","33","10","","","","","","","","","","","","","","","","","13.9","385","Out of stock","419","2026-05-06","2026-04-27","No","Yes","7.8","13.9","2026-04-27","612","0","5","28","51","unassigned","N","","",""
"2026-04-30","WB-6x300","X004B65QSB","B0D8VHL4MR","VIVOSUN Premium Weed Barrier Landscape Fabric Heavy Duty, 6ftx300ft 5oz Double-Layered Weed Control Mat with High Permeability, Commercial Ground Cover, Easy Set up & Superior Weed Control","","0","0","1","0","0","0","0","0","USD","0","0","43","68","","0.0","0.0","0.0","0.0","CreateShippingPlan","","","0","0","","4.77","4.59375","cubic feet","Extra-large","0.0","US","gl_lawn_and_garden","","0","0","","0","152.99","0.0","0.0","7672.57","12163.32","0","1","0","0","0","","0","0","0","0","","0","0","","","","","","","","","","","","","","","","","","84","Out of stock","204","2026-04-29","","","","","15.3","2026-04-27","0","0","0","0","0","unassigned","N","","",""
"2026-04-30","VSF-AWA6G2X2-US","X004YEGKFN","B0GC5JM2ZM","VIVOSUN AeroWave A6 Grow Tent Clip Fan, 6"" Auto Oscillating Fan, Secure Non-Slip Clamp, Strong Air Circulating, and Low Noise, for Hydroponic Ventilation, 2-Pack","New","631","0","734","0","0","0","0","0","USD","85","491","591","591","","74.99","0.0","74.99","0.0","NoExcessInventory","","0.0","0","0","0.0","2.43","0.686701","cubic feet","Other","433.308331","US","gl_lawn_and_garden","10021","92","0","23","63","66.49","5816.65","34254.69","41094.19","41094.19","734","0","0","0","0","419.97","2257","1612","424","221","","219","0","","","","","","","","","","","","","","","","","44.4","","","","","2026-04-27","Yes","No","40.8","44.4","2026-04-27","3040","152","63","4","223","unassigned","N","","",""
"2026-04-30","332561J","X0041N4LPN","B0CNPPL1HG","VIVOSUN 1600 GPH Submersible Water Pump with Barrier Bag, 100W Pond Pump, Ultra Quiet Aquarium Pump with 14FT. Lift Height for Pond, Waterfall, Fish Tank, Statuary, Hydroponic","New","252","0","330","0","0","0","0","0","USD","75","200","255","301","","84.99","0.0","67.99","0.0","NoRestockExcessActionRequired","","0.0","0","0","0.0","0.76","0.346487","cubic feet","Standard","87.314724","US","gl_lawn_and_garden","1741","51","0","8","18","67.99","5099.25","14334.0","18726.95","22463.49","47","149","134","0","0","56.72","180","160","0","20","","66","0","","","","","","","","","","","","","","","","","147.1","260","Healthy","109","2026-05-07","2026-04-27","No","No","87.1","147.1","2026-04-27","447","15","48","3","96","unassigned","N","","",""
"2026-04-30","311001-5x10","X002N55JYN","B08HRTY8PY","VIVOSUN 10-Pack 5 Gallon Grow Bags, Reinforced Planter Fabric Pots for Gardening Black","New","137","0","182","0","0","0","0","0","USD","115","570","885","1045","","24.99","0.0","24.99","0.0","NoExcessInventory","","0.0","0","0","0.0","2.0","0.212534","cubic feet","Standard","29.117158","US","gl_lawn_and_garden","1974","22","0","6","10","24.99","2871.87","13858.62","21408.54","25402.98","66","116","0","0","0","9.32","718","616","0","102","","87","0","","","","","","","","","","","","","","","","","53.0","470","Low stock","342","2026-05-06","2026-04-27","No","No","23.8","53.0","2026-04-27","922","67","18","2","85","unassigned","N","","",""
"2026-04-30","331101-6","X000YYF4A9","B01C82SZRM","VIVOSUN 6 Inch Inline Duct Fan 240 CFM, HVAC Exhaust Ventilation Fan with Low Noise for Basements, Bathrooms, Kitchens and Attics, Silver","New","1330","0","1396","0","0","0","0","0","USD","75","409","938","1471","","36.99","28.99","28.99","21.84","NoRestockExcessActionRequired","","0.0","0","0","0.0","0.89","0.19356","cubic feet","Standard","257.4348","US","gl_home_improvement","4107","89","0","21","19","22.99","1984.65","11039.2","25641.64","40730.02","30","630","736","0","0","157.15","860","764","0","96","","56","21","","","","","","","","","","","","","","","","","105.3","421","Healthy","","","2026-04-27","No","No","105.3","103.7","2026-04-27","2200","10","38","8","153","unassigned","N","","",""
"2026-04-30","304113-P276","X003XWVU2P","B0CGHJ3F21","VIVOSUN P276 2.7x2.7 PRO Grow Tent, Indoor Plant Grow Tent Greenhouse with 2000D Mylar Fabric, 1"" Poles, Extra Hanging Bars, 32""×32""×63"", No High CFM Kit","New","95","0","51","47","0","0","0","0","USD","5","13","34","60","","119.99","0.0","91.79","0.0","NoRestockExcessActionRequired","","0.0","0","0","1.37","0.55","1.600556","cubic feet","Oversize","152.05282","US","gl_lawn_and_garden","24195","205","0","32","22","91.79","458.95","1384.67","3497.06","6331.8","0","29","22","0","0","72.92","10","10","0","0","","4","0","","","","","","","","","","","","","","","","","192.1","35","Healthy","","","2026-04-27","Yes","No","192.1","168.0","2026-04-27","105","0","4","0","230","unassigned","N","","",""
"2026-04-30","VSE-ASH05","X004EF01YX","B0DHGP2JQ8","VIVOSUN AeroStream H05 Intelligent Wi-Fi Humidifier, 1.32 Gal / 5 L Humidifier with Temp & Humidity Probe, Smart Remote Control, Designed for Growers","New","1751","0","1991","0","0","0","0","0","USD","284","1248","2902","4981","","59.99","0.0","59.99","0.0","NoExcessInventory","","0.0","0","0","0.0","2.99","0.617065","cubic feet","Oversize","1080.480815","US","gl_home","22174","68","0","14","11","59.99","17033.58","74258.84","172739.53","297645.81","1682","309","0","0","0","669.5","2655","2040","600","15","","171","5","","","","","","","","","","","","","","","","","40.8","989","Healthy","","","2026-04-27","No","No","40.8","28.1","2026-04-27","4533","127","35","9","130","unassigned","N","","",""
"2026-04-30","311001-3x20","X002XOK0JD","B097PGYW21","VIVOSUN 20-Pack 3 Gallon Grow Bags, Heavy Duty Thickened Nonwoven Fabric Pots with Handles for Flowers Fruits and Vegetables Black","New","225","0","266","0","0","0","0","0","USD","15","105","166","198","","35.99","0.0","35.99","0.0","NoExcessInventory","","0.0","0","0","0.0","1.0","0.329586","cubic feet","Standard","74.15685","US","gl_lawn_and_garden","1974","231","0","9","16","35.99","539.85","3733.15","5845.54","6983.58","63","203","0","0","0","64.39","28","28","0","0","","91","0","","","","","","","","","","","","","","","","","96.0","92","Healthy","","","2026-04-27","Yes","No","77.6","96.0","2026-04-27","337","84","7","0","275","unassigned","N","","",""
"2026-04-30","306104-4C","X00134A8RX","B01EUURUVM","VIVOSUN 4 Inch Flexible Aluminum Ducting, 25 Feet Long Flex Air Duct with 2 Clamps, Heavy-Duty Multi-Layer Dryer Hose Vent Kit for Heating Cooling Ventilation and Exhaust","New","1977","0","2300","0","0","0","0","0","USD","218","1131","2310","2774","","21.99","20.99","20.99","19.94","NoRestockExcessActionRequired","","0.0","0","0","0.0","1.21","0.213321","cubic feet","Standard","421.735617","US","gl_home_improvement","2235","86","0","15","20","20.99","4595.45","23392.57","46632.92","56112.46","1043","1257","0","0","0","224.15","2487","1485","280","722","","310","14","","","","","","","","","","","","","","","","","74.0","1023","Healthy","","","2026-04-27","No","No","64.0","74.0","2026-04-27","4500","36","261","13","148","unassigned","N","","",""
"2026-04-30","GT-0001","X00325V5EV","B09KGNGNDH","VIVOSUN G425 48""x24""x60"" Grow Tent, 4x2 FT Advanced Gray Grow Tent with 19mm Poles, Observation Window and Floor Tray for Hydroponic Plants for VS2000","New","32","0","32","0","0","0","0","0","USD","3","19","39","43","","109.99","0.0","98.99","0.0","GoToRestock","","0.0","0","0","0.0","1.19","1.650953","cubic feet","Oversize","52.830496","US","gl_lawn_and_garden","5584","55","0","6","9","98.99","296.97","1902.81","4025.61","4451.34","7","6","19","0","0","20.71","0","0","0","0","","1","0","","","","","","","","","","","","","","","","","75.9","14","Healthy","28","2026-05-06","2026-04-27","Yes","No","66.9","75.9","2026-04-27","32","0","0","1","56","unassigned","N","","",""
"2026-04-30","PP-30-4","X003SWOKCH","B0C3LK4RZC","VIVOSUN Peat Pots, 120 Packs 3.15-Inch Seed Starting Pots with Drainage Holes, Round Nursery Pot, 20 Plant Labels for Flowers, Plants, Vegetables, 120Pcs","New","166","0","33","148","2","0","0","0","USD","7","61","128","145","","23.99","0.0","23.99","0.0","NoRestockExcessActionRequired","","0.0","0","0","0.0","0.56","0.305324","cubic feet","Standard","50.683784","US","gl_lawn_and_garden","21117","200","0","10","14","23.99","165.53","1313.39","2808.22","3192.27","3","30","0","2","0","34.06","0","0","0","0","","20","0","2","0.31","0","0.0","0","0.0","0","0.0","0","0.0","0","0.0","0","0.0","0","0.0","165.5","93","Healthy","18","2026-05-06","2026-04-27","Yes","No","90.4","165.5","2026-04-27","176","10","10","0","216","unassigned","N","","",""
"2026-04-30","AT-0004","X003PF3XKR","B0BV5YNH3X","VIVOSUN Adjustable Outdoor Ashtray, Covered Ashtray for Outside Patio, Smokeless Windproof Standing Ash tray with Lid for Home, Adjustable Height from 21.5"" to 35"" for Indoor (White)","New","25","0","44","0","0","0","0","0","USD","0","4","9","10","Low traffic","24.99","0.0","24.99","0.0","NoRestockExcessActionRequired","","0.0","0","0","0.34","0.52","0.272984","cubic feet","Standard","6.8246","US","gl_home","267727","216","0","73","94","24.99","0.0","92.46","203.16","225.15","36","8","0","0","0","8.08","48","48","0","0","","19","0","","","","","","","","","","","","","","","","","54.6","22","Healthy","","","2026-04-27","Yes","No","54.6","52.1","2026-04-27","92","19","0","0","366","unassigned","N","","",""
"2026-04-30","SST-2-0006","X003OUJFVT","B0BTD3HZLX","VIVOSUN 6-Pack Seed Starter Trays, 240-Cell Seed Starter Kit with 2 Set of LED Lights, 3.6"" Higher Cover, Adjustable Vents, Drainage Holes, Green Propagation Tray for Planting Seed, 40 Cells x 6 Packs","New","180","0","107","96","0","0","0","0","USD","8","68","220","379","","59.99","0.0","59.99","0.0","GoToRestock","","0.0","0","0","0.0","1.14","0.523938","cubic feet","Standard","94.30884","US","gl_lawn_and_garden","15106","124","0","10","6","59.99","475.36","3674.2","12712.56","20966.29","2","61","44","0","0","55.62","0","0","0","0","","26","0","","","","","","","","","","","","","","","","","92.8","90","Healthy","3","2026-05-07","2026-04-27","Yes","No","92.8","73.3","2026-04-27","181","1","24","1","140","unassigned","N","","",""
"2026-04-30","VSK-GIYP336-US","X004T1EL5R","B0CMQ6S9WZ","VIVOSUN Smart Pro Grow Tent Kit Plus, 3 × 3ft 3-Plant Kit, WiFi-Integrated Automatic Control with GrowHub E42A+, 2-in-1 Tunable Spectrum LED Grow Light, 360°Ventilation & Circulation Control System","New","36","0","42","0","0","0","0","0","USD","11","30","57","96","","579.99","0.0","468.34","0.0","NoRestockExcessActionRequired","","0.0","0","0","0.0","1.69","5.80042","cubic feet","Extra-large","208.81512","US","gl_lawn_and_garden","242777","88","0","13","13","468.34","5527.29","15930.85","31387.58","51774.19","0","42","0","0","0","79.57","64","6","58","0","","3","1","","","","","","","","","","","","","","","","","72.8","9","Healthy","","","2026-04-27","Yes","No","72.8","49.7","2026-04-27","101","1","2","0","98","unassigned","N","","",""
"2026-04-30","305131J","X000ZT0J1R","B01DNUIGUY","VIVOSUN Soil Tester, 3-in-1 Plant Moisture Meter Light and PH Tester for Home, Garden, Lawn, Farm, Indoor and Outdoor Use, Promote Plants Healthy Growth","New","0","0","672","0","0","0","0","0","USD","258","2470","5730","7186","","15.99","0.0","15.99","0.0","NoRestockExcessActionRequired","","0.0","0","0","0.0","3.39","0.047622","cubic feet","Standard","0.0","US","gl_lawn_and_garden","10690","22","0","12","13","15.99","4089.29","32064.47","59117.51","70320.55","672","0","0","0","0","4.15","7436","6400","0","1036","","619","30","","","","","","","","","","","","","","","","","28.0","3525","Low stock","754","2026-05-06","2026-04-27","No","No","7.8","28.0","2026-04-27","7921","485","49","85","134","unassigned","N","","",""
"2026-04-30","332593J","X003RS3BY5","B0BZY3BT6R","VIVOSUN 2600 GPH Submersible Water Pump with Barrier Bag, Ultra Quiet 200W Pond Pump for Pond, Waterfall, Fish Tank, Statuary, Hydroponic, 20Ft. Lift Height","New","118","0","155","8","0","0","0","0","USD","12","73","102","114","","94.99","0.0","85.49","0.0","NoExcessInventory","","0.0","0","0","0.0","0.8","0.579624","cubic feet","Standard","68.395632","US","gl_home_improvement","62775","125","0","8","17","85.49","1025.88","5718.27","8242.13","9348.01","88","66","1","0","0","60.09","36","36","0","0","","41","0","","","","","","","","","","","","","","","","","118.4","88","Healthy","","","2026-04-27","Yes","No","66.1","118.4","2026-04-27","191","37","4","0","164","unassigned","N","","",""
"2026-04-30","CHTrimer-P-01J","X003H6WA17","B0BLHGXCVW","VIVOSUN 20"" Cordless Pole Hedge Trimmer, 20V Electric Bush Trimmer with 20” Dual-Action Laser Blade, Adjustable Cutting Head, 0.55"" Cutting Capacity, 2.0AH Battery and Fast Charger Included","New","467","0","247","241","6","0","0","0","USD","17","49","139","166","","109.99","0.0","109.99","0.0","NoExcessInventory","","0.0","0","0","0.0","0.33","1.112486","cubic feet","Oversize","519.530962","US","gl_lawn_and_garden","42423","137","0","44","43","69.29","1268.13","4117.61","13141.41","16093.14","105","6","136","6","0","464.38","84","58","0","26","","18","5","84","46.72","5","5.57","0","0.0","0","0.0","0","0.0","0","0.0","0","0.0","0","0.0","331.8","277","Healthy","6","2026-05-07","2026-04-27","Yes","No","331.8","266.0","2026-04-27","558","7","10","1","158","unassigned","N","","",""
"2026-04-30","311003-4X3NJ","X002IUAT1L","B088GW8H4J","VIVOSUN 3-Pack 6.5 Inch Gardening Scissors Hand Pruner Pruning Shear with Straight Stainless Steel Blades Orange","New","1770","0","1438","171","348","0","0","0","USD","56","170","247","315","","12.99","0.0","9.49","0.0","NoRestockExcessActionRequired","","0.0","0","0","0.0","0.2","0.024155","cubic feet","Standard","42.75435","US","gl_lawn_and_garden","156","360","0","46","81","9.49","533.44","1846.75","2738.62","3505.98","407","849","182","348","0","35.54","200","200","0","0","","246","0","211","2.55","222","5.36","0","0.0","0","0.0","0","0.0","0","0.0","0","0.0","0","0.0","508.5","506","Healthy","","","2026-04-27","No","No","398.9","508.5","2026-04-27","1970","0","234","12","366","unassigned","N","","",""
"2026-04-30","VSGB-15","X003H29LSB","B0BLBJ3YN1","VIVOSUN 5-Pack 15 Gallon Grow Bags, 500G Thick Nonwoven Fabric Pots with Strap Handles, Multi-Purpose Rings, for Low Stress Plant Training Fruits, Vegetables, and Flowers","New","6","0","124","0","0","0","0","0","USD","176","933","1497","1710","","25.99","0.0","25.99","0.0","GoToRestock","","0.0","0","0","0.0","3.17","0.402086","cubic feet","Standard","2.412516","US","gl_lawn_and_garden","11304","15","0","3","5","25.99","4573.74","24245.17","38894.75","44429.12","124","0","0","0","0","19.78","782","675","0","107","","301","1","","","","","","","","","","","","","","","","","33.1","649","Low stock","283","2026-05-07","2026-04-27","No","No","16.4","33.1","2026-04-27","1056","268","11","22","98","unassigned","N","","",""
"2026-04-30","311003-5X6NJ","X002IUQTKB","B088H36B51","VIVOSUN 6-Pack 6.5 Inch Gardening Scissors Hand Pruner Pruning Shear with Titanium Coated Curved Precision Blades","New","303","0","246","78","0","0","0","0","USD","10","30","74","113","","19.99","0.0","16.99","0.0","NoRestockExcessActionRequired","","0.0","0","0","0.0","0.42","0.045703","cubic feet","Standard","13.848009","US","gl_lawn_and_garden","156","165","0","59","50","16.99","169.9","535.7","1370.37","2113.98","64","141","41","0","0","9.34","140","140","0","0","","28","0","","","","","","","","","","","","","","","","","365.2","164","Healthy","","","2026-04-27","Yes","No","365.2","220.5","2026-04-27","443","0","28","0","287","unassigned","N","","",""
"2026-04-30","306146-0412J","X002P03R09","B08M3G5TH3","VIVOSUN 4 Inch Air Carbon Filter Smelliness Control with Australia Virgin Charcoal for Inline Fan, Grow Tent Smelliness Scrubber, Pre-Filter Included, Reversible Flange 4"" x 12"", Black","New","41","0","248","0","0","0","0","0","USD","56","110","370","634","","39.99","0.0","39.99","37.43","NoRestockExcessActionRequired","","0.0","0","0","0.0","2.45","0.468321","cubic feet","Standard","19.201161","US","gl_lawn_and_garden","26770","38","0","24","13","39.99","2233.17","4377.69","14749.53","25315.21","248","0","0","0","0","51.43","634","632","0","2","","206","1","","","","","","","","","","","","","","","","","28.2","168","Healthy","","","2026-04-27","No","No","25.9","28.2","2026-04-27","872","197","5","4","151","unassigned","N","","",""
