"return-date","order-id","sku","asin","fnsku","product-name","quantity","fulfillment-center-id","detailed-disposition","reason","status","license-plate-number","customer-comments"
"2026-05-15T06:15:34+00:00","402-0563247-2929160","VSF-AWD4-EU","B0CMYX2H9Q","X0023L9EWR","VIVOSUN Ventilatore Da 10 cm AeroWave D4, Con Gancio Removibile, Flusso Potente E Silenzioso, 3 Velocità, Angolo Aggiustabile, Per Idroponica, Circolazione Aria E Raffreddamento Nero","1","MXP5","CUSTOMER_DAMAGED","DEFECTIVE","Unit returned to inventory","LPNWE401426914",
"2026-05-14T23:34:23+00:00","408-7054526-6569929","311003-5-EU","B06Y1XVD1P","X001W1HJ2B","VIVOSUN Tijeras de Jardín 17cm Tijeras de Plantas con Mangos Ergonomicos Tijeras de Poda con Cuchillas Rectas y Revestimiento Antiadherente Titanio Tijeras para Rosas Azul, 1 Paquete","1","WRO1","CUSTOMER_DAMAGED","NO_REASON_GIVEN","Unit returned to inventory","LPNWE402818628",
"2026-05-14T18:18:56+00:00","028-4368228-3322744","TN-44-EU","B0BY2JKXC7","X0022GVOSP","VIVOSUN Ranknetz für Kletterpflanzen 120x120 cm Elastisches Pflanzennetz, Scrog Netz mit 4 Haken, Grow Netz für Kletterpflanzen, Tomaten, Gurken, Gemüse und Blumen","1","LCJ4","SELLABLE","QUALITY_UNACCEPTABLE","Unit returned to inventory","LPNHK545643307","Netz ist nicht straff genug"
"2026-05-14T16:48:06+00:00","028-1890864-5933958","LH-001-EU","B0BTM3RC2G","X001WTJDQX","VIVOSUN 2er-Pack 1/8 Zoll Verstellbarer Seilaufhänger für Grow Light, Schwerlast-Aufhänger mit verstärkten Metallzahnrädern, Ratschenhaken für Rohrventilator, Filter und andere Grow Room-Produkte","1","LCJ4","SELLABLE","UNWANTED_ITEM","Unit returned to inventory","LPNHK518321448","Nö"
"2026-05-14T16:37:55+00:00","028-1890864-5933958","LH-001-EU","B0BTM3RC2G","X001WTJDQX","VIVOSUN 2er-Pack 1/8 Zoll Verstellbarer Seilaufhänger für Grow Light, Schwerlast-Aufhänger mit verstärkten Metallzahnrädern, Ratschenhaken für Rohrventilator, Filter und andere Grow Room-Produkte","1","LCJ4","SELLABLE","UNWANTED_ITEM","Unit returned to inventory","LPNHK518282254","Nö"
"2026-05-14T14:07:27+00:00","304-7334531-6909140","GIY-SGS-276-EU","B0BY7SRP8R","X001YT9DRF","VIVOSUN Smart Growzelt Komplettset 80x80x160cm, mit LED Grow Lampe Vollspektrum150W, Ventilation und Zirkulation und GrowHub E42A Controller, WLAN-integriertes Growzelt Kit Hydroponics Growing Tent","1","WRO1","SELLABLE","UNDELIVERABLE_REFUSED","Unit returned to inventory","LPNHK482585393",
"2026-05-14T06:13:38+00:00","304-7734809-1431511","VSH-IS03-EU","B0BXD9RK42","X001Z5PQDD","VIVOSUN Solar Automatische Tropfbewässerung Set mit Zeituhr, 3W Ausgang, Solarbetriebenes Bewässerungssystem für 15 Töpfe, ideal für Garten, Balkon, Terrasse und Zimmerpflanzen","1","BTS2","CUSTOMER_DAMAGED","DEFECTIVE","Unit returned to inventory","LPNHe071005163",
"2026-05-14T04:43:53+00:00","303-7421334-6609946","VSV-AZG6E42AP-EU","B0C6QKDG53","X002CUEYA1","VIVOSUN Smart Rohrventilator 150mm Abluftventilator AeroZesh G6 660m³/h mit EC-Motor und GrowHub E42A+ VPD-Regler, WiFi/App-Fernsteuerung Ventilator Growbox Rohrlüfter Kühlung,Growzelte, Hydroponik","1","LCJ4","CARRIER_DAMAGED","FOUND_BETTER_PRICE","Reimbursed","LPNHK521682284",
"2026-05-13T21:43:17+00:00","407-2645480-1957111","311003-4X2NJ-EU","B087CPSL1H","X0021P8V2T","VIVOSUN Lot de 2 Sécateur de Jardin 17 cm, Poignée Ergonomique, Lame Droite en Acier Inoxydable avec Revêtement en Titane, Poignée Verrouillable, Convient aux Fleurs, Roses, Fruits et Plantes, Orange","1","BTS2","SELLABLE","NO_REASON_GIVEN","Unit returned to inventory","LPNHe059005283",
"2026-05-13T19:45:47+00:00","206-7005534-5569142","306101S-8-UK","B01CTM0LLO","X0022UCQOR","VIVOSUN Inline Duct Fan 8 Inch 740 CFM with Variable Speed Control for Grow Tent, Ventilation, Plant Tent, Indoor, Garden, Ventilation Fan, Z8 Pipe Fan, Black","1","LBA2","SELLABLE","NOT_COMPATIBLE","Unit returned to inventory","LPNIC171344763","Not what i need"
"2026-05-13T19:10:27+00:00","206-6743250-2045119","306101S-8-UK","B01CTM0LLO","X0022UCQOR","VIVOSUN Inline Duct Fan 8 Inch 740 CFM with Variable Speed Control for Grow Tent, Ventilation, Plant Tent, Indoor, Garden, Ventilation Fan, Z8 Pipe Fan, Black","1","LBA2","CUSTOMER_DAMAGED","NOT_COMPATIBLE","Unit returned to inventory","LPNIC171355104",
"2026-05-13T12:23:33+00:00","306-5065416-7232348","LED-100x2-EU","B08JG8F18N","X0020AEZ6V","VIVOSUN VS1000 LED Grow Lampe, Vollspektrum Pflanzenlampe mit Samsung LM301 Dioden&Treiber, dimmbar und IP65 Wachstumslampe für Sämling, Gemüse, Blüte, geeignet für 60x60cm/90x90cm  Growzelt 2er-Pack","1","WRO1","CUSTOMER_DAMAGED","QUALITY_UNACCEPTABLE","Repackaged Successfully","LPNHK484496939",
"2026-05-13T11:43:53+00:00","405-2620363-6724314","306146-0412-EU","B08M3G5TH3","X001VZST45","VIVOSUN Filtre à Charbon Actif 100mm pour Contrôle Odeurs Charbon Vierge d'Australie pour Ventilateur en Ligne, Epurateur Odeurs pour Tente de Culture Pré-Filtre Inclus Bride Réversible Noir","1","BTS2","CUSTOMER_DAMAGED","ORDERED_WRONG_ITEM","Repackaged Successfully","LPNHe073696862",
"2026-05-13T11:41:46+00:00","405-2620363-6724314","306146-0412-EU","B08M3G5TH3","X001VZST45","VIVOSUN Filtre à Charbon Actif 100mm pour Contrôle Odeurs Charbon Vierge d'Australie pour Ventilateur en Ligne, Epurateur Odeurs pour Tente de Culture Pré-Filtre Inclus Bride Réversible Noir","1","BTS2","CUSTOMER_DAMAGED","ORDERED_WRONG_ITEM","Repackaged Successfully","LPNHe073696863",
"2026-05-13T10:56:16+00:00","305-9305841-7114723","TN-44-EU","B0BY2JKXC7","X0022GVOSP","VIVOSUN Ranknetz für Kletterpflanzen 120x120 cm Elastisches Pflanzennetz, Scrog Netz mit 4 Haken, Grow Netz für Kletterpflanzen, Tomaten, Gurken, Gemüse und Blumen","1","LCJ4","SELLABLE","NOT_COMPATIBLE","Unit returned to inventory","LPNHK552040441","Leider nicht für die Platzierung geeignet,"
"2026-05-13T06:51:49+00:00","407-0661782-8066732","306146-0412-EU","B08M3G5TH3","X001VZST45","VIVOSUN Filtre à Charbon Actif 100mm pour Contrôle Odeurs Charbon Vierge d'Australie pour Ventilateur en Ligne, Epurateur Odeurs pour Tente de Culture Pré-Filtre Inclus Bride Réversible Noir","1","BTS2","CUSTOMER_DAMAGED","DAMAGED_BY_FC","Unit returned to inventory","LPNHe065758990",
"2026-05-13T05:19:57+00:00","404-6992233-9610741","306143-0412-EU","B01DXYMBU6","X001VZSIFF","VIVOSUN Filtro A Carbone Attivo 100mm 4 Pulgadas Control De Olores con Carbón Australiano para Extractor Ventilación Grow Tent Cultivo Interior Invernadero con Prefiltro","1","MXP5","CUSTOMER_DAMAGED","DAMAGED_BY_FC","Unit returned to inventory","LPNWE380456976",
"2026-05-13T04:57:02+00:00","171-5224395-4621122","311003-4X3NJ-EU","B088GW8H4J","X0021P457T","VIVOSUN Confezione da 3 Forbici da Giardinaggio 17cm Forbici da Pianta con Manici Ergonomici Forbici da Potatura con Lame Dritte e Rivestimento Antiaderente Titanio Forbici da Rose Arancioni","1","MXP5","CUSTOMER_DAMAGED","NO_REASON_GIVEN","Unit returned to inventory","LPNWE381261908",
"2026-05-12T19:45:39+00:00","204-6796948-5622756","VSV-AZT4-UK","B0BQF728P7","X001VEAJR1","VIVOSUN AeroZesh T4 Inline Duct Fan 4inch/100 mm Extractor Fan 357 m³/h with E12 Speed Controller and Fully Programmable PWM-Controlled EC Quiet Ventilation Fan for Grow Tent Growbox","1","EDI4","CUSTOMER_DAMAGED","ORDERED_WRONG_ITEM","Repackaged Successfully","LPNIC149043328",
"2026-05-12T15:56:49+00:00","403-2970430-0233904","311003-4-EU","B01EWH83FU","X001W1EEP1","VIVOSUN Tijeras de Jardín 17cm Tijeras de Plantas con Mangos Ergonomicos Tijeras de Poda con Cuchillas Rectas y Revestimiento Antiadherente Titanio Tijeras para Rosas Naranja, 1 Paquete","1","MAD4","SELLABLE","NO_REASON_GIVEN","Unit returned to inventory","LPNWE406304699",
"2026-05-12T09:50:14+00:00","206-0292304-1100310","311003-5-UK","B06Y1XVD1P","X001WHVGFL","VIVOSUN Gardening Scissors 6.5 Inch Hand Pruner Shear with Titanium Coated Blades, Pruning Shear for Plants, Flowers, Hedges 1-Pack Blue","1","EDI4","SELLABLE","UNWANTED_ITEM","Unit returned to inventory","LPNIC164515446","Too small for job"
"2026-05-12T09:35:06+00:00","303-3709699-4208311","306143-0616-EU","B01731MLFK","X001VZO4UN","VIVOSUN Aktivkohlefilter Grow Aktivkohlefilter 150mm/6 Inch Geruchskontrolle mit Australischer Aktivkohle inkl. Vorfilter für Indoor Growzelt Growbox Rohrventilator Gewächshaus","1","BTS2","CUSTOMER_DAMAGED","NOT_COMPATIBLE","Unit returned to inventory","LPNHe075981739",
"2026-05-12T09:25:40+00:00","303-3709699-4208311","306143-0616-EU","B01731MLFK","X001VZO4UN","VIVOSUN Aktivkohlefilter Grow Aktivkohlefilter 150mm/6 Inch Geruchskontrolle mit Australischer Aktivkohle inkl. Vorfilter für Indoor Growzelt Growbox Rohrventilator Gewächshaus","1","BTS2","CUSTOMER_DAMAGED","NOT_COMPATIBLE","Unit returned to inventory","LPNHe075981738",
"2026-05-12T03:01:42+00:00","026-0799354-6585927","306143-0412-UK-N","B01DXYMBU6","X001VJLX5X","VIVOSUN 4 Inch Air Carbon Filter Odor Control with Australia Virgin Charcoal for Inline Fan, Grow Tent Odor Scrubber Indoor Hydroponics, Pre-filter Included, Reversible Flange 4"" x 14""","1","EDI4","CUSTOMER_DAMAGED","SWITCHEROO","Unit returned to inventory","LPNWE388589970",
"2026-05-11T07:54:27+00:00","403-2966318-4408329","VSI-VGDWC15-EU-N1","B0FSJ7DNWS","X002FA33A5","VIVOSUN VGrow DWC Kit Idroponico, Compatibile Solo con VGrow Smart Grow Box, Serbatoio 15L con Pompa ad Aria e Pietre per Radicazione Veloce (Non con E42A/A22/A10)","1","MXP3","CUSTOMER_DAMAGED","DEFECTIVE","Unit returned to inventory","LPNHE983980625",
"2026-05-11T05:16:58+00:00","028-1727422-8145125","GIY-SGS-276-EU","B0BY7SRP8R","X001YT9DRF","VIVOSUN Smart Growzelt Komplettset 80x80x160cm, mit LED Grow Lampe Vollspektrum150W, Ventilation und Zirkulation und GrowHub E42A Controller, WLAN-integriertes Growzelt Kit Hydroponics Growing Tent","1","XDT1","SELLABLE","UNDELIVERABLE_REFUSED","Unit returned to inventory","LPNXX000866694",
"2026-05-10T10:27:50+00:00","302-1880752-6073910","311003-4-EU","B01EWH83FU","X001W1EEP1","VIVOSUN Gartenschere 1er-Packung 17cm Pflanzenschere mit Ergonomischen Griffen Ernteschere Grow Schere Trimmschere mit Hochwertiger Gerader Klingen und Titan-Antihaftbeschichtung Rosenschere Orange","1","PRG2","SELLABLE","UNDELIVERABLE_UNKNOWN","Unit returned to inventory","LPNHe013592729",
"2026-05-10T08:45:52+00:00","303-7522063-3085926","311003-4-EU","B01EWH83FU","X001W1EEP1","VIVOSUN Gartenschere 1er-Packung 17cm Pflanzenschere mit Ergonomischen Griffen Ernteschere Grow Schere Trimmschere mit Hochwertiger Gerader Klingen und Titan-Antihaftbeschichtung Rosenschere Orange","1","PRG2","SELLABLE","UNDELIVERABLE_UNKNOWN","Unit returned to inventory","LPNHe013372612",
"2026-05-08T01:23:12+00:00","302-7797963-2969934","311003-5-EU","B06Y1XVD1P","X001W1HJ2B","VIVOSUN Gartenschere 17cm Pflanzenschere mit Ergonomischen Griffen Ernteschere Grow Schere Trimmschere mit Titan-Antihaftbeschichtung & Gebogene Klinge für Pflanzen,1 Pack Blau","1","LCJ4","SELLABLE","NOT_COMPATIBLE","Unit returned to inventory","LPNHK545841982","Leider nicht für vorgesehenes geeignet."
"2026-05-08T00:58:54+00:00","303-4014930-7837966","VSC-GCC4-EU","B0D8PQQWM3","X00276V1V5","VIVOSUN GrowCam C4 2K QHD WLAN Smart Kamera für Growzelt & Indoor Pflanzen, mit Zeitraffer, Nachtsicht, SD-Karten-Speicherung, Zwei-Wege-Audio, App-Steuerung, Kompatibel mit VGrow System","1","LCJ4","CUSTOMER_DAMAGED","QUALITY_UNACCEPTABLE","Unit returned to inventory","LPNHK551503143",
"2026-05-07T15:46:31+00:00","306-6341609-4277941","304113-55-EU","B01DXYM98K","X001VJEKAX","VIVOSUN Growzelt 150x150x200cm lichtdichtes Indoor Hydroponik Zelt mit reflektierendem Mylar Sichtfenster Bodenwanne stabile Rahmenstruktur Pflanzenzelt Gewächshaus S558 Grow Tent passend für VSF6450","1","XDT1","CUSTOMER_DAMAGED","QUALITY_UNACCEPTABLE","Repackaged Successfully","LPNXX000556988",
"2026-05-07T11:27:00+00:00","028-4160043-9984343","Spray-SX-CS4-EU","B07Y81DTTJ","X001VKL6RR","VIVOSUN Drucksprüher 4L Gartenspritze mit 3 Düsen, Druckentlastungsventil & Verstellbarem Tragegurt, Sprühflasche für Pflanzen Garten Rasenpflege Düngung & Reinigun, Weiß","1","LCJ4","CUSTOMER_DAMAGED","QUALITY_UNACCEPTABLE","Unit returned to inventory","LPNHK532954263",
"2026-05-07T11:26:09+00:00","303-0058206-0091540","VSI-VGDWC15-EU","B0F89TXK3B","X002E5TX1T","VIVOSUN VGrow DWC Hydroponik-Anbausystem-Kit für VGrow Smart Grow Box, 4-Gallonen-Tiefwasserkultur mit Luftsteinen und Rapid Rooters","1","WRO1","CUSTOMER_DAMAGED","NOT_COMPATIBLE","Unit returned to inventory","LPNHK312831942",
"2026-05-07T10:49:52+00:00","305-0688831-6535501","VSF-AWD4x2-EU","B0CMZFSLCL","X0023L9G3T","VIVOSUN AeroWave D4 10cm Grow Ventilator Clip Ventilator Grow mit Haken, 3 Stufen, Starker & Leiser Luftstrom, Luftstromwinkel Einstellbar für Hydrokultur, Zirkulation, Schwarz, 2er-Pack","1","BTS2","DEFECTIVE","DEFECTIVE","Unit returned to inventory","LPNHe075967477",
"2026-05-07T06:30:23+00:00","305-2171061-4430712","306143-0616-EU","B01731MLFK","X001VZO4UN","VIVOSUN Aktivkohlefilter 150mm/6 Inch, Kohlefilter Geruchskontrolle mit australischer Aktivkohle für Rohrventilator, Growzelt, inkl. Vorfilter, für Indoor Growzelt Gewächshaus","1","LCJ4","CUSTOMER_DAMAGED","DEFECTIVE","Unit returned to inventory","LPNHK522999047",
"2026-05-07T06:03:31+00:00","404-6955672-0261166","PH001-EU","B08228CNGT","X001Z5PF1L","VIVOSUN 3-in-1 digitale pH-meter met ATC, ±0,1 pH-nauwkeurigheid waterkwaliteitstester, 0-14,0 pH-meetbereik voor hydrocultuur, huishoudelijk drinkwater, zwembad en aquarium","1","BTS2","DEFECTIVE","DEFECTIVE","Unit returned to inventory","LPNHe075391957","I can&#39;t get reliable stable measurement for PH - as long as I keep meter in the water the measurement is constantly slowly growing, never stabilizing."
"2026-05-07T02:41:38+00:00","026-2456931-7877140","311003-5-UK","B06Y1XVD1P","X001WHVGFL","VIVOSUN Gardening Scissors 6.5 Inch Hand Pruner Shear with Titanium Coated Blades, Pruning Shear for Plants, Flowers, Hedges 1-Pack Blue","1","EDI4","SELLABLE","UNDELIVERABLE_UNKNOWN","Unit returned to inventory","LPNWE408490238",
"2026-05-06T12:29:43+00:00","304-5382807-6263508","CFPB-8-EU","B0CH7Z32KC","X001WTE3XL","VIVOSUN 20cm Vorfilter für 20cm Kohlefilter, 45cm Lang, Schwarz","1","LCJ4","SELLABLE","ORDERED_WRONG_ITEM","Unit returned to inventory","LPNHK499236945",
"2026-05-06T06:38:13+00:00","302-2807392-2171553","333101-G2J-EU-FBA","B07RBL1XJV","X002F0MTB9","VIVOSUN Grow Room Glasses 2 Stück LED-Schutzbrille UV-Augenbrille für Indoor, Growzelte, Gewächshaus und Hydroponik mit UVA/UVB-Schutz Inkl. Brillenetui, Unisex","1","PRG2","SELLABLE","UNDELIVERABLE_UNKNOWN","Unit returned to inventory","LPNHe013698846",
"2026-05-06T06:24:02+00:00","403-8431507-9622723","306146-0412-EU","B08M3G5TH3","X001VZST45","VIVOSUN Filtre à Charbon Actif 100mm pour Contrôle Odeurs Charbon Vierge d'Australie pour Ventilateur en Ligne, Epurateur Odeurs pour Tente de Culture Pré-Filtre Inclus Bride Réversible Noir","1","BTS2","CUSTOMER_DAMAGED","NOT_COMPATIBLE","Unit returned to inventory","LPNHe075884675",
"2026-05-06T06:22:29+00:00","303-3424467-2216327","VSC-GCC4-EU","B0D8PQQWM3","X00276V1V5","VIVOSUN GrowCam C4 2K QHD WLAN Smart Kamera für Growzelt & Indoor Pflanzen, mit Zeitraffer, Nachtsicht, SD-Karten-Speicherung, Zwei-Wege-Audio, App-Steuerung, Kompatibel mit VGrow System","1","KTW1","CUSTOMER_DAMAGED","NOT_COMPATIBLE","Unit returned to inventory","LPNHK521637411",
"2026-05-06T06:13:08+00:00","304-1171176-3136335","332022-2-EU","B07VK1LVN6","X0021OYVTR","VIVOSUN 2er-Packung 30X 60X Beleuchtete Juwelierlupe mit LEC-Light, Faltbare Taschenlupe mit 2 Linsen für die Beobachtung von Schmuck, Edelsteine, Uhren, Münzen, Briefmarken, Antiquitäten, Schwarz","1","BTS2","CUSTOMER_DAMAGED","UNWANTED_ITEM","Unit returned to inventory","LPNHe059150548",
"2026-05-06T05:21:38+00:00","405-3039796-0853166","VSE-ATW70-EU","B0FHZV3WNM","X002CXIWAB","VIVOSUN AeroFlux Calentador Inteligente para Tienda de Campaña con Termostato, Calefacción PTC de 700W, Compacto y Portátil con VPD, Control de Aplicaciones y Protección contra Sobrecalentamiento","1","MAD4","DEFECTIVE","DEFECTIVE","Unit returned to inventory","LPNRP066081613",
"2026-05-06T02:29:05+00:00","303-1903388-9709156","VSC-GCC4-EU","B0D8PQQWM3","X00276V1V5","VIVOSUN GrowCam C4 2K QHD WLAN Smart Kamera für Growzelt & Indoor Pflanzen, mit Zeitraffer, Nachtsicht, SD-Karten-Speicherung, Zwei-Wege-Audio, App-Steuerung, Kompatibel mit VGrow System","1","LCJ4","CUSTOMER_DAMAGED","UNWANTED_ITEM","Unit returned to inventory","LPNRP078991152",
"2026-05-05T19:37:46+00:00","028-6347032-4774722","VSV-AZS6E42A-EU","B09YGSSMW8","X00220HP1B","VIVOSUN Inline-Rohrventilator 150mm Leiser Abluftventilator 688m³/h mit EC-Motor und GrowHub E42A WLAN-Controller AeroZesh S6 Ventilator für Growzelte und Hydroponiksysteme","1","LCJ4","CUSTOMER_DAMAGED","DEFECTIVE","Unit returned to inventory","LPNHK533010815",
"2026-05-05T19:02:21+00:00","408-2694640-5699538","306146-0412-EU","B08M3G5TH3","X001VZST45","VIVOSUN Filtro A Carbone Attivo 100mm 4 Pulgadas Control De Olores con Carbón Australiano para Extractor Ventilación Grow Tent Cultivo Interior Invernadero con Prefiltro","1","MXP5","SELLABLE","UNWANTED_ITEM","Unit returned to inventory","LPNWE401426571","acquisto errato"
"2026-05-05T18:30:18+00:00","403-2136305-1063517","311003-4-EU","B01EWH83FU","X001W1EEP1","VIVOSUN Tijeras de Jardín 17cm Tijeras de Plantas con Mangos Ergonomicos Tijeras de Poda con Cuchillas Rectas y Revestimiento Antiadherente Titanio Tijeras para Rosas Naranja, 1 Paquete","1","MAD4","SELLABLE","UNDELIVERABLE_UNKNOWN","Unit returned to inventory","LPNWE402061961",
"2026-05-05T13:21:20+00:00","406-1204655-6119545","311003-5-EU","B06Y1XVD1P","X001W1HJ2B","VIVOSUN Tijeras de Jardín 17cm Tijeras de Plantas con Mangos Ergonomicos Tijeras de Poda con Cuchillas Rectas y Revestimiento Antiadherente Titanio Tijeras para Rosas Azul, 1 Paquete","1","MAD4","SELLABLE","UNDELIVERABLE_UNKNOWN","Unit returned to inventory","LPNWE358539864",
"2026-05-05T11:42:12+00:00","305-2423536-3729151","VSC-GCC4-EU","B0D8PQQWM3","X00276V1V5","VIVOSUN GrowCam C4 2K QHD WLAN Smart Kamera für Growzelt & Indoor Pflanzen, mit Zeitraffer, Nachtsicht, SD-Karten-Speicherung, Zwei-Wege-Audio, App-Steuerung, Kompatibel mit VGrow System","1","BTS2","CUSTOMER_DAMAGED","NO_REASON_GIVEN","Unit returned to inventory","LPNHK499103192",
"2026-05-05T09:44:03+00:00","304-3765035-9897104","LH-001-EU","B0BTM3RC2G","X001WTJDQX","VIVOSUN 2er-Pack 1/8 Zoll Verstellbarer Seilaufhänger für Grow Light, Schwerlast-Aufhänger mit verstärkten Metallzahnrädern, Ratschenhaken für Rohrventilator, Filter und andere Grow Room-Produkte","1","LCJ4","SELLABLE","NOT_COMPATIBLE","Unit returned to inventory","LPNHK545614481","Keine Aufhänung benötigt, noch OVP!"
"2026-05-05T08:23:18+00:00","304-7394071-5974742","VSK-GIYS224-EU","B0BY7PSQ69","X002F00YRF","VIVOSUN Smart Growzelt Komplettset 60x60x120cm, WLAN-integriertes automatisches Grow-System mit 100W Vollspektrum-LED-Pflanzenlampe und effizientem Belüftungssystem mit GrowHub E42A+ Controller","1","WRO1","SELLABLE","UNDELIVERABLE_REFUSED","Unit returned to inventory","LPNHK474363444",
"2026-05-05T07:28:55+00:00","303-0479052-1274769","VSF-AWE6Wx2-EU","B0C6JR9Y9D","X001XL1H5Z","VIVOSUN 2er-Pack AeroWave E6 Growzelt Ventilator 15 cm, EC-Motor, Smarte WLAN-Steuerung, US-patentierter Clip-Ventilator mit automatischer Oszillation, IP54 für hydroponische Belüftung","1","WRO1","DEFECTIVE","DEFECTIVE","Unit returned to inventory","LPNHK473270691",
"2026-05-05T06:33:24+00:00","306-3257448-6607524","306143-0412-EU","B01DXYMBU6","X001VZSIFF","VIVOSUN Aktivkohlefilter 100mm/4 Inch, Kohlefilter zur Geruchskontrolle mit Australischer Aktivkohle für Rohrventilator, Growzelt & Gewächshaus, inkl. Vorfilter","1","LCJ4","CUSTOMER_DAMAGED","NO_REASON_GIVEN","Repackaged Successfully","LPNHK552167237",
"2026-05-05T05:49:49+00:00","303-0435603-1153937","VSF-AWD4x2-EU","B0CMZFSLCL","X0023L9G3T","VIVOSUN AeroWave D4 10cm Grow Ventilator Clip Ventilator Grow mit Haken, 3 Stufen, Starker & Leiser Luftstrom, Luftstromwinkel Einstellbar für Hydrokultur, Zirkulation, Schwarz, 2er-Pack","1","LCJ4","DEFECTIVE","NOT_COMPATIBLE","Unit returned to inventory","LPNHK499372291","Nur USB, kann ich nicht anschließen"
"2026-05-05T04:24:54+00:00","306-0875708-9480350","304113-P336-EU","B0CGHJG44R","X0021L5QML","VIVOSUN PRO Growzelt 90x90x180cm Grow Tent mit Dicken 22mm Stangen 2000D Oxford-Gewebe hochreflektierendes Mylar Indoor Hydroponik Zuchtzelt Pflanzenzelt Gewächshaus passend für AeroLight A200SE","1","WRO1","CUSTOMER_DAMAGED","DEFECTIVE","Unit returned to inventory","LPNHK475381950",
"2026-05-04T18:42:15+00:00","204-4799430-0485934","311003-5-UK","B06Y1XVD1P","X001WHVGFL","VIVOSUN Gardening Scissors 6.5 Inch Hand Pruner Shear with Titanium Coated Blades, Pruning Shear for Plants, Flowers, Hedges 1-Pack Blue","1","EDI4","SELLABLE","UNWANTED_ITEM","Unit returned to inventory","LPNIC149345477",
"2026-05-04T10:08:15+00:00","026-2055740-8333931","304113-42-UK","B01DXYMQ9M","X001VV4KGZ","VIVOSUN Grow Tent 120x60x150 CM (48""x24""x60""), Made of Highly Reflective Mylar, with Viewing Window and Base Tray for Hydroponics and Indoor Growing, S425, Suitable for VS2000","1","LBA2","CUSTOMER_DAMAGED","NO_REASON_GIVEN","Unit returned to inventory","LPNIC172190819",
"2026-05-04T07:51:39+00:00","302-9592222-1440332","VSI-FFD2-EU","B0CRDQ63HT","X0021PRUUD","VIVOSUN FlexFeed Tropfbewässerungsset, 4W automatisches Bewässerungssystem mit Pumpe und 4 Tropfern, App-gesteuertes Smart Bewässerungssystem für VGrow Smart Grow Box und Indoor Pflanzen","1","LCJ4","SELLABLE","NOT_COMPATIBLE","Unit returned to inventory","LPNHK500298499",
"2026-05-04T07:04:51+00:00","304-0252063-7707531","304113-2014-EU","B0BY2HRPWQ","X001VJOERR","VIVOSUN Growzelt klein 50x36x54cm Grow Zelt mini mit hochreflektierendes Mylar, versiegeltem Bodendesign, Belüftungsfenster und Kabeldurchführungsloch für Aerogarden Hydroponik-Anbausystem","1","LCJ4","CUSTOMER_DAMAGED","NO_REASON_GIVEN","Repackaged Successfully","LPNHK545498641",
"2026-05-04T05:45:29+00:00","306-0403602-6617920","311003-5-EU","B06Y1XVD1P","X001W1HJ2B","VIVOSUN Gartenschere 17cm Pflanzenschere mit Ergonomischen Griffen Ernteschere Grow Schere Trimmschere mit Titan-Antihaftbeschichtung & Gebogene Klinge für Pflanzen,1 Pack Blau","1","PRG2","SELLABLE","UNDELIVERABLE_UNKNOWN","Unit returned to inventory","LPNHe013098382",
"2026-05-04T05:40:35+00:00","304-5382807-6263508","VSVC-AZG6E42AP-EU","B0CBRPS1N8","X002CUF3G5","VIVOSUN Smart Rohrventilator 150mm AeroZesh G6 Abluftset 660m³/h mit GrowHub E42A+, Temperatur- und Feuchtigkeitsregler, WiFi/App-Fernsteuerung, Aktivkohlefilter und Schlauch für Growzelt Hydroponik","1","WRO1","DEFECTIVE","QUALITY_UNACCEPTABLE","Unit returned to inventory","LPNHK483481848","Temperaturmesser ist ungenau und die geruchsfilterung ist nicht ausreichend"
"2026-05-04T01:25:50+00:00","305-0792190-9089162","VSV-AZG4E42AP-EU","B0C6QK97P2","X002CUEXZ7","VIVOSUN Rohrventilator 100mm Abluftventilator 330m³/h AeroZesh G4 mit EC-Motor und GrowHub E42A+, VPD-Regler, WiFi/App-Fernsteuerung Ventilator Growbox Rohrlüfter für Kühlung, Growzelte, Hydroponik","1","BTS2","CUSTOMER_DAMAGED","DAMAGED_BY_CARRIER","Unit returned to inventory","LPNHK499580110",
"2026-05-04T00:34:03+00:00","026-0048663-3034726","330701-01-UK","B00P7RUI3U","X001VV7Y8V","VIVOSUN Garden Netting 5 x 15ft. Plant Trellis Netting, Heavy-Duty Polyester Grow Net, Garden Trellis Netting with Square Mesh for Climbing Plants, Vegetables, Fruits, and Flowers, 1-Pack","1","EDI4","CUSTOMER_DAMAGED","NO_REASON_GIVEN","Repackaged Successfully","LPNWE383985294",
"2026-05-03T20:04:43+00:00","206-7783269-6001127","311001-3x5-UK-N","B00TF9E4UO","X001VJ6ACJ","VIVOSUN Grow Bags 5 Pack 12L, Heavy Duty Thickened Nonwoven Fabric Pots with Strong Handles for Vegetables, Flowers, Fruits, Greenhouse and Garden","1","EDI4","SELLABLE","UNWANTED_ITEM","Unit returned to inventory","LPNWE404351599","Bought a raised flower bed"
"2026-05-03T00:04:45+00:00","403-9560229-4646700","311003-4-EU","B01EWH83FU","X001W1EEP1","VIVOSUN Sécateur de Jardin 17 cm, Poignée Ergonomique, Lame Droite Acier Inoxydable, Lame Antiadhésive Revêtue Titane, Poignée Verrouillable, Convient aux Fleurs, Roses, Fruits et Plantes, Orange","1","BTS2","SELLABLE","ORDERED_WRONG_ITEM","Unit returned to inventory","LPNHe070970123","L&#39;objet est plus petit que ce que je pensais, ça ne me convient pas. J&#39;aurai du mieux regarder les caractéristiques."
"2026-05-01T00:58:14+00:00","302-1598465-5752319","304113-42-EU","B01DXYMQ9M","X001VHE5Z5","VIVOSUN Growzelt 120x60x150cm lichtdichtes Indoor Hydroponik Zelt mit reflektierendem Mylar Sichtfenster Bodenwanne stabile Rahmenstruktur Pflanzenzelt Gewächshaus S425 Growtent für VS2000","1","WRO1","CUSTOMER_DAMAGED","NO_REASON_GIVEN","Unit returned to inventory","LPNHK310271134",
"2026-05-01T00:10:19+00:00","302-9159407-4973100","333101-G2J-EU-FBA","B07RBL1XJV","X002F0MTB9","VIVOSUN Grow Room Glasses 2 Stück LED-Schutzbrille UV-Augenbrille für Indoor, Growzelte, Gewächshaus und Hydroponik mit UVA/UVB-Schutz Inkl. Brillenetui, Unisex","1","KTW1","SELLABLE","NOT_AS_DESCRIBED","Unit returned to inventory","LPNHK499561703","es macht nur grün bringt nichts wenn man auf pflanzen schaut die grün sind"
"2026-04-30T22:48:41+00:00","028-2976466-4457911","Spray-SX-CS4-EU","B07Y81DTTJ","X001VKL6RR","VIVOSUN Drucksprüher 4L Gartenspritze mit 3 Düsen, Druckentlastungsventil & Verstellbarem Tragegurt, Sprühflasche für Pflanzen Garten Rasenpflege Düngung & Reinigun, Weiß","1","LCJ4","CUSTOMER_DAMAGED","NO_REASON_GIVEN","Unit returned to inventory","LPNHK545564327",
"2026-04-30T22:23:08+00:00","205-5694139-6829969","VSV-AZG6-UK","B0C6QJVMD1","X001XJCH1Z","VIVOSUN AeroZesh G6 Inline Duct Fan 6inch/150 mm Extractor Fan 660 m³/h with E12 Speed Controller and Entirely Programmable PWM-Controlled EC Fan for Growbox Grow Tent Ventilation","1","EDI4","CUSTOMER_DAMAGED","NOT_COMPATIBLE","Repackaged Successfully","LPNIC159706171",
"2026-04-30T22:22:36+00:00","305-4609301-0171505","306143-0412-EU","B01DXYMBU6","X001VZSIFF","VIVOSUN Aktivkohlefilter 100mm/4 Inch, Kohlefilter zur Geruchskontrolle mit Australischer Aktivkohle für Rohrventilator, Growzelt & Gewächshaus, inkl. Vorfilter","1","BTS2","CUSTOMER_DAMAGED","QUALITY_UNACCEPTABLE","Unit returned to inventory","LPNHK537756791",
"2026-04-30T18:08:44+00:00","407-6554060-5689921","304113-55-EU","B01DXYM98K","X001VJEKAX","VIVOSUN Tente de Culture 150x150x200cm, Tente Hydroponique Intérieure Lumière-Proof avec Mylar Réfléchissant, Fenêtre D'observation, Bac de Fond, Structure de Cadre Stable, Tente de Plantes","1","BTS2","CARRIER_DAMAGED","UNDELIVERABLE_UNKNOWN","Reimbursed","LPNHe066080892",
"2026-04-30T17:20:14+00:00","304-4987237-3993924","311003-5-EU","B06Y1XVD1P","X001W1HJ2B","VIVOSUN Gartenschere 17cm Pflanzenschere mit Ergonomischen Griffen Ernteschere Grow Schere Trimmschere mit Titan-Antihaftbeschichtung & Gebogenen Klingen für Pflanzen,1 Pack Blau","1","BTS2","CUSTOMER_DAMAGED","QUALITY_UNACCEPTABLE","Unit returned to inventory","LPNHe080289698",
"2026-04-30T16:04:32+00:00","402-9574891-4389116","304113-P276-EU","B0CGHJ3F21","X0021L4TZV","VIVOSUN PRO odlingstält 80 x 80 x 160 cm odlingstält med tjocka 22 mm stänger 2000D oxfordtyg, högreflekterande Mylar inomhus hydroponik, odlingstält växthus lämpligt för AeroLight A150","1","WRO1","CUSTOMER_DAMAGED","ORDERED_WRONG_ITEM","Unit returned to inventory","LPNHK474180593",
"2026-04-30T13:00:27+00:00","305-8576550-5083524","VSH-IS03-EU","B0BXD9RK42","X001Z5PQDD","VIVOSUN Solar Automatische Tropfbewässerung Set mit Zeituhr, 3W Ausgang, Solarbetriebenes Bewässerungssystem für 15 Töpfe, ideal für Garten, Balkon, Terrasse und Zimmerpflanzen","1","BTS2","CUSTOMER_DAMAGED","DEFECTIVE","Unit returned to inventory","LPNHe050427532",
"2026-04-30T10:35:32+00:00","407-1721350-5494712","306143-0616-EU","B01731MLFK","X001VZO4UN","VIVOSUN Filtro de Carbón Activo 150mm | Con Prefiltro, Brida Reversible y Carbón Australiano | Control de Olores para Tentes de Cultivo, Ventiladores en Línea y Cultivo Interior","1","MAD4","CUSTOMER_DAMAGED","ORDERED_WRONG_ITEM","Unit returned to inventory","LPNWE402509525",
"2026-04-30T07:38:02+00:00","305-2263959-5395561","VSF-AWD4W-EU-FBA","B0CN33MB2Y","X002FA60TB","VIVOSUN AeroWave D4 10cm Grow Ventilator Clip Ventilator Grow mit Haken, 3 Geschwindigkeiten, Starker & Leiser Luftstrom, Luftstromwinkel Einstellbar für Hydrokultur, Zirkulation, Kühlung, 1 Pack","1","LCJ4","SELLABLE","UNWANTED_ITEM","Unit returned to inventory","LPNHK499231920","Das Produckt ist viel zu laut da kann ich nicht schlafen"
"2026-04-30T07:35:01+00:00","305-2263959-5395561","VSF-AWD4W-EU-FBA","B0CN33MB2Y","X002FA60TB","VIVOSUN AeroWave D4 10cm Grow Ventilator Clip Ventilator Grow mit Haken, 3 Geschwindigkeiten, Starker & Leiser Luftstrom, Luftstromwinkel Einstellbar für Hydrokultur, Zirkulation, Kühlung, 1 Pack","1","LCJ4","CUSTOMER_DAMAGED","UNWANTED_ITEM","Unit returned to inventory","LPNHK499277783",
"2026-04-29T23:32:30+00:00","305-3321385-0367522","TN-44-EU","B0BY2JKXC7","X0022GVOSP","VIVOSUN Ranknetz für Kletterpflanzen 120x120 cm Elastisches Pflanzennetz, Scrog Netz mit 4 Haken, Grow Netz für Kletterpflanzen, Tomaten, Gurken, Gemüse und Blumen","1","LCJ4","DEFECTIVE","NOT_COMPATIBLE","Unit returned to inventory","LPNHK500519160","Nicht genug Spannweite"
"2026-04-29T23:32:04+00:00","305-3321385-0367522","TN-44-EU","B0BY2JKXC7","X0022GVOSP","VIVOSUN Ranknetz für Kletterpflanzen 120x120 cm Elastisches Pflanzennetz, Scrog Netz mit 4 Haken, Grow Netz für Kletterpflanzen, Tomaten, Gurken, Gemüse und Blumen","1","LCJ4","DEFECTIVE","NOT_COMPATIBLE","Unit returned to inventory","LPNHK500522396","Nicht genug Spannweite"
"2026-04-29T23:24:48+00:00","305-3321385-0367522","TN-44-EU","B0BY2JKXC7","X0022GVOSP","VIVOSUN Ranknetz für Kletterpflanzen 120x120 cm Elastisches Pflanzennetz, Scrog Netz mit 4 Haken, Grow Netz für Kletterpflanzen, Tomaten, Gurken, Gemüse und Blumen","1","LCJ4","DEFECTIVE","NOT_COMPATIBLE","Unit returned to inventory","LPNHK500718520","Nicht genug Spannweite"
"2026-04-29T23:24:10+00:00","305-3321385-0367522","TN-44-EU","B0BY2JKXC7","X0022GVOSP","VIVOSUN Ranknetz für Kletterpflanzen 120x120 cm Elastisches Pflanzennetz, Scrog Netz mit 4 Haken, Grow Netz für Kletterpflanzen, Tomaten, Gurken, Gemüse und Blumen","1","LCJ4","SELLABLE","NOT_COMPATIBLE","Unit returned to inventory","LPNHK500520118","Nicht genug Spannweite"
"2026-04-29T22:30:44+00:00","028-6242591-3485910","SPray-15L-G-EU","B07QTHF3QK","X001VKKBMN","VIVOSUN Drucksprüher 1,5L Gartenspritze aus Kunststoff Pumpsprühflasche für Pflanzen Professionelle Sprühflasche mit Verstellbarer Messingdüse für Gartenpflege, Düngung, Unkrautvernichter & Reinigung","1","LCJ4","DEFECTIVE","QUALITY_UNACCEPTABLE","Unit returned to inventory","LPNHK552811771","Sprühnebel spritzt in alle Richtungen"
"2026-04-29T21:09:55+00:00","303-4798612-4257104","TN-44-EU","B0BY2JKXC7","X0022GVOSP","VIVOSUN Ranknetz für Kletterpflanzen 120x120 cm Elastisches Pflanzennetz, Scrog Netz mit 4 Haken, Grow Netz für Kletterpflanzen, Tomaten, Gurken, Gemüse und Blumen","1","LCJ4","SELLABLE","UNWANTED_ITEM","Unit returned to inventory","LPNHK544903850","Habe es mir anders überlegt"
"2026-04-29T17:12:38+00:00","306-7380587-2115528","306143-0412-EU","B01DXYMBU6","X001VZSIFF","VIVOSUN Aktivkohlefilter 100mm/4 Inch, Kohlefilter zur Geruchskontrolle mit Australischer Aktivkohle für Rohrventilator, Growzelt & Gewächshaus, inkl. Vorfilter","1","LCJ4","CUSTOMER_DAMAGED","UNWANTED_ITEM","Unit returned to inventory","LPNHK500571826",
"2026-04-29T13:49:12+00:00","303-6073985-5372302","304113-42-EU","B01DXYMQ9M","X001VHE5Z5","VIVOSUN Growzelt 120x60x150cm lichtdichtes Indoor Hydroponik Zelt mit reflektierendem Mylar Sichtfenster Bodenwanne stabile Rahmenstruktur Pflanzenzelt Gewächshaus S425 Growtent für VS2000","1","WRO1","CARRIER_DAMAGED","UNWANTED_ITEM","Reimbursed","LPNHK484652403",
"2026-04-29T11:22:33+00:00","028-2926389-0639547","VSH-IS03-EU","B0BXD9RK42","X001Z5PQDD","VIVOSUN Solar Automatische Tropfbewässerung Set mit Zeituhr, 3W Ausgang, Solarbetriebenes Bewässerungssystem für 15 Töpfe, ideal für Garten, Balkon, Terrasse und Zimmerpflanzen","1","BTS2","CUSTOMER_DAMAGED","DEFECTIVE","Unit returned to inventory","LPNHe058986847",
"2026-04-29T08:26:26+00:00","028-9746289-9148307","306101S-6-EU","B01CTM0JF2","X001YYSTJ3","VIVOSUN Rohrventilator 150mm Inline Lüfter 748m³h mit Variabler Drehzahlregler für Growzelt Belüftung Pflanzenzelt Indoor Garten Lüftungsventilator Z6 rohrventilator Schwarz","1","LCJ4","DEFECTIVE","DEFECTIVE","Repackaged Successfully","LPNHK542383682",
"2026-04-29T07:43:04+00:00","306-5801346-9825965","TN-44-EU","B0BY2JKXC7","X0022GVOSP","VIVOSUN Ranknetz für Kletterpflanzen 120x120 cm Elastisches Pflanzennetz, Scrog Netz mit 4 Haken, Grow Netz für Kletterpflanzen, Tomaten, Gurken, Gemüse und Blumen","1","BTS2","SELLABLE","UNWANTED_ITEM","Unit returned to inventory","LPNHE682317354","Leider nicht passende"
"2026-04-29T05:30:24+00:00","406-9870256-2928337","VSF-AWE6-G2-EU","B0BP1Y3CRM","X00260ULXB","VIVOSUN AeroWave E6 Growtenventilator, 15 cm, EC-motor, slimme wifi-bediening, clipventilator met automatische oscillatie, weerbestendig conform IP-54, voor hydrocultuur ventilatie, 2 stuks","1","BTS2","SELLABLE","UNDELIVERABLE_UNKNOWN","Unit returned to inventory","LPNHe051744339",
"2026-04-29T04:05:56+00:00","205-7734109-4984322","VSH-IS03-UK","B0BXD9RK42","X0022UF9AZ","VIVOSUN Solar Automatic Drip Irrigation Kits with Timer, 3W Output, Solar Powered Auto Drip Irrigation System, 15 Pots Garden Plant Watering System, Plant Waterer Indoor Outdoor","1","EDI4","SELLABLE","DEFECTIVE","Unit returned to inventory","LPNIC164969765","I can&#39;t charge the battery with a cable."
"2026-04-28T23:06:27+00:00","305-9722479-7796311","TN-55-EU","B0BY2DZJ8J","X0022GVNZJ","VIVOSUN Ranknetz für Kletterpflanzen 150x150cm Scrog Netz mit 4 Haken Rankhilfe Pflanzennetz Grow Netz für Kletterpflanzen Gurke Tomaten Gemüse Früchte und Blumen","1","LCJ4","SELLABLE","NOT_COMPATIBLE","Unit returned to inventory","LPNHK500522236","Größe nicht ausreichend"
"2026-04-28T23:03:16+00:00","305-9722479-7796311","TN-55-EU","B0BY2DZJ8J","X0022GVNZJ","VIVOSUN Ranknetz für Kletterpflanzen 150x150cm Scrog Netz mit 4 Haken Rankhilfe Pflanzennetz Grow Netz für Kletterpflanzen Gurke Tomaten Gemüse Früchte und Blumen","1","LCJ4","SELLABLE","NOT_COMPATIBLE","Unit returned to inventory","LPNHK500662648","Größe nicht ausreichend"
"2026-04-28T18:07:10+00:00","303-8094187-5065120","VSL-LL100-EU","B0FB8RK4X1","X002BGZ2XJ","VIVOSUN Grow Lampe100W LED Pflanzenlampe, Vollspektrum Lumalight Lampe mit Hohem PPFD & Dimmfunktion, Intelligente Pflanzenbeleuchtung für Zimmerpflanzen, Growzelt, Gemüse & Blüte","1","WRO1","SELLABLE","ORDERED_WRONG_ITEM","Unit returned to inventory","LPNHK310270262","I meant to order another lamp. By the time I realized my mistake, it was too late to cancel."
"2026-04-28T16:27:02+00:00","304-9141190-7032350","VSV-AZG6E42AP-EU","B0C6QKDG53","X002CUEYA1","VIVOSUN Smart Rohrventilator 150mm Abluftventilator AeroZesh G6 660m³/h mit EC-Motor und GrowHub E42A+ VPD-Regler, WiFi/App-Fernsteuerung Ventilator Growbox Rohrlüfter Kühlung,Growzelte, Hydroponik","1","BTS2","CUSTOMER_DAMAGED","ORDERED_WRONG_ITEM","Unit returned to inventory","LPNHE682238306",
"2026-04-28T13:27:51+00:00","302-3616111-9857165","VS-THB1S-EU","B0BXP3XLLR","X0020HG1EN","VIVOSUN AeroLab THB1S Drahtloses Bluetooth Hygrometer Thermometer, Digitaler Temperatur- & Feuchtigkeitsmesser mit VPD, LCD-Display, Datenspeicher, Dualkanäle mit Sonde, Batterie","1","BTS2","CUSTOMER_DAMAGED","NO_REASON_GIVEN","Unit returned to inventory","LPNHK545991382",
"2026-04-28T11:39:33+00:00","304-6685081-4517163","VSC-GCC4-EU","B0D8PQQWM3","X00276V1V5","VIVOSUN GrowCam C4 2K QHD WLAN Smart Kamera für Growzelt & Indoor Pflanzen, mit Zeitraffer, Nachtsicht, SD-Karten-Speicherung, Zwei-Wege-Audio, App-Steuerung, Kompatibel mit VGrow System","1","BTS2","CUSTOMER_DAMAGED","NOT_COMPATIBLE","Unit returned to inventory","LPNHK542186837",
"2026-04-28T10:35:59+00:00","304-8353244-1375563","GH-E42AP-EU","B0BS2BVL3Q","X002CUA5IB","VIVOSUN GrowHub Controller E42A+ für Growzelte, Smart WiFi-Controller für Temperatur, Luftfeuchte und VPD mit Timer, Zyklus und Zeitplan, steuert Kühlung, Belüftung und Beleuchtung","1","BTS2","DEFECTIVE","NOT_COMPATIBLE","Unit returned to inventory","LPNHe080195843","Lüfter können nicht angesteuert werden."
"2026-04-28T09:29:12+00:00","028-0187041-2096349","304113-42-EU","B01DXYMQ9M","X001VHE5Z5","VIVOSUN Growzelt 120x60x150cm lichtdichtes Indoor Hydroponik Zelt mit reflektierendem Mylar Sichtfenster Bodenwanne stabile Rahmenstruktur Pflanzenzelt Gewächshaus S425 Growtent für VS2000","1","WRO1","CUSTOMER_DAMAGED","NOT_COMPATIBLE","Repackaged Successfully","LPNHK485310961",
"2026-04-28T06:36:02+00:00","306-4375238-6969916","VSK-GIYS224-EU","B0BY7PSQ69","X002F00YRF","VIVOSUN Smart Growzelt Komplettset 60x60x120cm, WLAN-integriertes automatisches Grow-System mit 100W Vollspektrum-LED-Pflanzenlampe und effizientem Belüftungssystem mit GrowHub E42A+ Controller","1","WRO1","CUSTOMER_DAMAGED","NO_REASON_GIVEN","Repackaged Successfully","LPNHK484269047",
"2026-04-28T05:10:57+00:00","406-3941345-6962736","VSK-GIYS224-EU","B0BY7PSQ69","X002F00YRF","VIVOSUN Intelligent kweektentsysteem, 60 x 60 x 120 cm, kweektentset met wifi, ventilatie, 100 W volledig spectrum led-kweeklamp, growhub hydrocultuur controller","1","WRO1","SELLABLE","UNDELIVERABLE_UNKNOWN","Unit returned to inventory","LPNHK484173548",
"2026-04-27T23:12:02+00:00","304-5888302-5765939","VSV-AZS6-EU","B0C2C8NP5D","X001YZNSF7","VIVOSUN Rohrventilator 150 mm Abluftventilator 688 m³/h Rohrlüfter mit E12-Geschwindigkeitsregler und EC-Motor 32dB Leiser Ventilator für Growzelte und Belüftungssysteme","1","WRO1","SELLABLE","NOT_AS_DESCRIBED","Unit returned to inventory","LPNHK473028134","Zu laut"
"2026-04-27T19:55:24+00:00","406-7027335-6912317","311003-4-EU","B01EWH83FU","X001W1EEP1","VIVOSUN Tijeras de Jardín 17cm Tijeras de Plantas con Mangos Ergonomicos Tijeras de Poda con Cuchillas Rectas y Revestimiento Antiadherente Titanio Tijeras para Rosas Naranja, 1 Paquete","1","MAD4","CARRIER_DAMAGED","UNDELIVERABLE_UNKNOWN","Reimbursed","LPNWE399510518",
"2026-04-27T18:29:21+00:00","402-7750887-0645922","Spray-SX-CS4-EU","B07Y81DTTJ","X001VKL6RR","VIVOSUN Pulvérisateur à Pression 4L avec 3 Buses Dont Laiton Réglable, Tuyau 127 cm et Valve de Sécurité pour Désherbage, Traitement des Plantes & Entretien de la Pelouse","1","BTS2","CUSTOMER_DAMAGED","QUALITY_UNACCEPTABLE","Unit returned to inventory","LPNHe015464106",
"2026-04-27T17:51:37+00:00","302-8309337-4691519","VSFW001-Black-ZY-EU","B07SBZ2ZJ9","X001W1HOD5","VIVOSUN 200L XXL Bollerwagen Faltbar mit Bremsen, 136kg Tragkraft, Klappbarer Handwagen mit 360°drehbare Räder für alle Gelände, Gartenwagen für Camping, Garten, Sport, Picknick, Einkaufen, Schwarz","1","WRO1","CUSTOMER_DAMAGED","DEFECTIVE","Unit returned to inventory","LPNHK485511224",
"2026-04-27T16:50:16+00:00","305-4165837-4717961","VSC-GCC4-EU","B0D8PQQWM3","X00276V1V5","VIVOSUN GrowCam C4 2K QHD WLAN Smart Kamera für Growzelt & Indoor Pflanzen, mit Zeitraffer, Nachtsicht, SD-Karten-Speicherung, Zwei-Wege-Audio, App-Steuerung, Kompatibel mit VGrow System","1","BTS2","CUSTOMER_DAMAGED","QUALITY_UNACCEPTABLE","Unit returned to inventory","LPNHK542141423",
"2026-04-27T16:48:00+00:00","305-4165837-4717961","VSC-GCC4-EU","B0D8PQQWM3","X00276V1V5","VIVOSUN GrowCam C4 2K QHD WLAN Smart Kamera für Growzelt & Indoor Pflanzen, mit Zeitraffer, Nachtsicht, SD-Karten-Speicherung, Zwei-Wege-Audio, App-Steuerung, Kompatibel mit VGrow System","1","BTS2","CUSTOMER_DAMAGED","DEFECTIVE","Unit returned to inventory","LPNHK542303031",
"2026-04-27T12:31:40+00:00","028-2318521-2917952","304113-55-EU","B01DXYM98K","X001VJEKAX","VIVOSUN Growzelt 150x150x200cm lichtdichtes Indoor Hydroponik Zelt mit reflektierendem Mylar Sichtfenster Bodenwanne stabile Rahmenstruktur Pflanzenzelt Gewächshaus S558 Grow Tent passend für VSF6450","1","BTS2","CUSTOMER_DAMAGED","NEVER_ARRIVED","Unit returned to inventory","LPNHe065978111",
"2026-04-27T00:03:03+00:00","028-5159934-2086716","VSF-AWE6-G2-EU","B0BP1Y3CRM","X00260ULXB","VIVOSUN Grow Ventilator Oszillierend AeroWave E6 Clip Ventilator Grow 150mm mit Wifi/APP-Steuerung über Regler 10 Windstufen 2 Modi IP54 32dB Leiser Ventilator Growzelt für Umluft Kühlung Schwarz","1","BTS2","DEFECTIVE","DEFECTIVE","Unit returned to inventory","LPNHe073324139",
"2026-04-26T15:08:32+00:00","408-9719911-9067547","311003-4-EU","B01EWH83FU","X001W1EEP1","VIVOSUN Tijeras de Jardín 17cm Tijeras de Plantas con Mangos Ergonomicos Tijeras de Poda con Cuchillas Rectas y Revestimiento Antiadherente Titanio Tijeras para Rosas Naranja, 1 Paquete","1","MAD4","SELLABLE","UNDELIVERABLE_UNKNOWN","Unit returned to inventory","LPNWE398973079",
"2026-04-26T11:25:00+00:00","203-8292275-0599557","VSA100SE-E25-UK","B0BKP6QLTD","X0022P24NP","VIVOSUN LED Grow Lamp 100 W Full Spectrum Plant Lamp with Integrated Circulation Fan Grow Light Compatible with App, AeroLight A100SE with GrowHub Controller E25 for 60 x 60 cm Grow Tent","1","EDI4","CUSTOMER_DAMAGED","QUALITY_UNACCEPTABLE","Unit returned to inventory","LPNWE383205390",
"2026-04-26T09:22:45+00:00","303-5921952-9732317","TN-44-EU","B0BY2JKXC7","X0022GVOSP","VIVOSUN Ranknetz für Kletterpflanzen 120x120 cm Elastisches Pflanzennetz, Scrog Netz mit 4 Haken, Grow Netz für Kletterpflanzen, Tomaten, Gurken, Gemüse und Blumen","1","BTS2","SELLABLE","NO_REASON_GIVEN","Unit returned to inventory","LPNHe064975839",
"2026-04-26T02:04:02+00:00","028-3255049-0419543","VSC-GCC4-EU","B0D8PQQWM3","X00276V1V5","VIVOSUN GrowCam C4 2K QHD WLAN Smart Kamera für Growzelt & Indoor Pflanzen, mit Zeitraffer, Nachtsicht, SD-Karten-Speicherung, Zwei-Wege-Audio, App-Steuerung, Kompatibel mit VGrow System","1","BTS2","CUSTOMER_DAMAGED","DEFECTIVE","Unit returned to inventory","LPNHe015448497",
"2026-04-25T21:15:43+00:00","028-1965064-8904351","Spray-SX-CS4-EU","B07Y81DTTJ","X001VKL6RR","VIVOSUN Drucksprüher 4L Gartenspritze mit 3 Düsen, Druckentlastungsventil & Verstellbarem Tragegurt, Sprühflasche für Pflanzen, Rasenpflege & Reinigun, Weiß","1","BTS2","CUSTOMER_DAMAGED","MISSING_PARTS","Unit returned to inventory","LPNHe065232373",
"2026-04-25T02:09:52+00:00","305-9722479-7796311","TN-55-EU","B0BY2DZJ8J","X0022GVNZJ","VIVOSUN Ranknetz für Kletterpflanzen 150x150cm Scrog Netz mit 4 Haken Rankhilfe Pflanzennetz Grow Netz für Kletterpflanzen Gurke Tomaten Gemüse Früchte und Blumen","1","LCJ4","SELLABLE","NOT_COMPATIBLE","Unit returned to inventory","LPNHK500703579","Größe nicht ausreichend"
"2026-04-25T00:05:03+00:00","302-3282449-1972347","VSV-AZG6E42AP-EU","B0C6QKDG53","X002CUEYA1","VIVOSUN Smart Rohrventilator 150mm Abluftventilator AeroZesh G6 660m³/h mit EC-Motor und GrowHub E42A+ VPD-Regler, WiFi/App-Fernsteuerung Ventilator Growbox Rohrlüfter Kühlung,Growzelte, Hydroponik","1","LCJ4","CARRIER_DAMAGED","QUALITY_UNACCEPTABLE","Reimbursed","LPNHK500381365",
"2026-04-24T21:04:29+00:00","306-6706104-9296314","311003-5-EU","B06Y1XVD1P","X001W1HJ2B","VIVOSUN Gartenschere 17cm Pflanzenschere mit Ergonomischen Griffen Ernteschere Grow Schere Trimmschere mit Titan-Antihaftbeschichtung & Gebogene Klinge für Pflanzen,1 Pack Blau","1","LCJ4","SELLABLE","NOT_COMPATIBLE","Unit returned to inventory","LPNHK552885556","Wird nicht mehr benötigt."
"2026-04-24T20:49:14+00:00","302-2094937-6681123","GH-E42AP-EU","B0BS2BVL3Q","X002CUA5IB","VIVOSUN GrowHub Controller E42A+ für Growzelte, Smart WiFi-Controller für Temperatur, Luftfeuchte und VPD mit Timer, Zyklus und Zeitplan, steuert Kühlung, Belüftung und Beleuchtung","1","LCJ4","CUSTOMER_DAMAGED","NO_REASON_GIVEN","Unit returned to inventory","LPNHK500386279",
"2026-04-24T19:07:31+00:00","404-8798278-1541167","333101-G2J-EU-FBA","B07RBL1XJV","X002F0MTB9","VIVOSUN 2-Pack Indoor Hydrocultuur LED Grow Room Bril met Glazen Case","1","BTS2","SELLABLE","UNDELIVERABLE_UNKNOWN","Unit returned to inventory","LPNHe049437815",
"2026-04-24T18:25:34+00:00","304-1187414-0179541","TN-44-EU","B0BY2JKXC7","X0022GVOSP","VIVOSUN Ranknetz für Kletterpflanzen 120x120 cm Elastisches Pflanzennetz, Scrog Netz mit 4 Haken, Grow Netz für Kletterpflanzen, Tomaten, Gurken, Gemüse und Blumen","1","LCJ4","SELLABLE","QUALITY_UNACCEPTABLE","Unit returned to inventory","LPNHK545750024","Das ist zu klein"
"2026-04-24T16:27:30+00:00","306-9250510-4130749","SGS-SE1T4E42A-EU","B0C2C97QWM","X0020FVYJH","VIVOSUN Smart Grow System mit Grow Lampe100W LED Pflanzenlampe mit integriertem Zirkulationsventilator, Rohrventilator 100 mm & GrowHub E42A Controller für Growbox Komplettsets, Indoor-Grow Hydroponik","1","WRO1","DEFECTIVE","MISSING_PARTS","Unit returned to inventory","LPNHK485262789","Tube"
"2026-04-24T13:15:50+00:00","171-4505748-4743533","311003-4-EU","B01EWH83FU","X001W1EEP1","VIVOSUN Tijeras de Jardín 17cm Tijeras de Plantas con Mangos Ergonomicos Tijeras de Poda con Cuchillas Rectas y Revestimiento Antiadherente Titanio Tijeras para Rosas Naranja, 1 Paquete","1","MAD4","SELLABLE","QUALITY_UNACCEPTABLE","Unit returned to inventory","LPNWE334936926","No era lo ke buscaba"
"2026-04-24T10:59:02+00:00","304-2021172-4812315","311001-30x5-EU","B00VWU35F4","X001VKJMC3","VIVOSUN Pflanzsack 5er-Packung 120L aus Vliesstoff, Hochbelastbarer Verdickter Stofftopf mit Starken Griffen für Gemüse, Blumen, Früchte, Gewächshaus und Garten","1","LCJ4","SELLABLE","DEFECTIVE","Unit returned to inventory","LPNHK453408926",
"2026-04-24T04:31:31+00:00","402-0564259-2986714","VS1000EX2-EU2","B09TVDLD5W","X00219PQF5","VIVOSUN Lampes de Croissance LED Lot de 2 VS1000E 0,6 m avec Diodes Samsung et Spectre Complet Solaire pour Plantes Intérieur Semis Légumes Fleurs","1","WRO1","CUSTOMER_DAMAGED","NOT_COMPATIBLE","Unit returned to inventory","LPNHK484272785",
"2026-04-24T01:32:41+00:00","305-1732988-8693169","VSC-GCC4-EU","B0D8PQQWM3","X00276V1V5","VIVOSUN GrowCam C4 2K QHD WLAN Smart Kamera für Growzelt & Indoor Pflanzen, mit Zeitraffer, Nachtsicht, SD-Karten-Speicherung, Zwei-Wege-Audio, App-Steuerung, Kompatibel mit VGrow System","1","LCJ4","CUSTOMER_DAMAGED","ORDERED_WRONG_ITEM","Unit returned to inventory","LPNHK545775464",
"2026-04-24T00:14:50+00:00","302-4842650-6557942","VSC-GCC4-EU","B0D8PQQWM3","X00276V1V5","VIVOSUN GrowCam C4 2K QHD WLAN Smart Kamera für Growzelt & Indoor Pflanzen, mit Zeitraffer, Nachtsicht, SD-Karten-Speicherung, Zwei-Wege-Audio, App-Steuerung, Kompatibel mit VGrow System","1","LCJ4","CUSTOMER_DAMAGED","DEFECTIVE","Unit returned to inventory","LPNHK553150165",
"2026-04-23T20:19:46+00:00","408-0714152-8969124","VSF-AWD4-EU","B0CMYX2H9Q","X0023L9EWR","VIVOSUN Ventilatore Da 10 cm AeroWave D4, Con Gancio Removibile, Flusso Potente E Silenzioso, 3 Velocità, Angolo Aggiustabile, Per Idroponica, Circolazione Aria E Raffreddamento Nero","1","BTS2","DEFECTIVE","QUALITY_UNACCEPTABLE","Unit returned to inventory","LPNHe073343557","Ventola troppo rumorosa e troppo forte"
"2026-04-23T16:24:45+00:00","304-7583570-5837923","VSC-GCC4-EU","B0D8PQQWM3","X00276V1V5","VIVOSUN GrowCam C4 2K QHD WLAN Smart Kamera für Growzelt & Indoor Pflanzen, mit Zeitraffer, Nachtsicht, SD-Karten-Speicherung, Zwei-Wege-Audio, App-Steuerung, Kompatibel mit VGrow System","1","BTS2","CUSTOMER_DAMAGED","NOT_COMPATIBLE","Unit returned to inventory","LPNHe067318118",
"2026-04-23T12:51:16+00:00","028-6606228-5293950","VSV-AZG4E42A-EU","B0C6QK97P2","X001YYNK6F","VIVOSUN 100mm AeroZesh G4 Rohrventilator, Leise 330 m³/h Lüftungsventilator mit EC-Motor und GrowHub E42A Temperatur-Feuchtigkeitskontrolle, WiFi-Kontroller für Heizung-Kühlung-Booster, Growzelte","1","LCJ4","DEFECTIVE","DEFECTIVE","Unit returned to inventory","LPNHK454748779",
"2026-04-23T11:23:49+00:00","305-0324652-2737121","332022-2-EU","B07VK1LVN6","X0021OYVTR","VIVOSUN 2er-Packung 30X 60X Beleuchtete Juwelierlupe mit LEC-Light, Faltbare Taschenlupe mit 2 Linsen für die Beobachtung von Schmuck, Edelsteine, Uhren, Münzen, Briefmarken, Antiquitäten, Schwarz","1","BTS2","SELLABLE","QUALITY_UNACCEPTABLE","Unit returned to inventory","LPNHE683054707","Schwer erkennbar und bedienbar"
"2026-04-23T08:27:47+00:00","302-4895721-4338742","Spray-SX-CS5-EU","B07Y82117Q","X001VKGO47","VIVOSUN Drucksprüher 5L Gartenspritze mit 3 Düsen, Druckentlastungsventil & Verstellbarem Tragegurt, Sprühflasche für Pflanzen, Rasenpflege & Reinigun, Weiß","1","LCJ4","CUSTOMER_DAMAGED","NO_REASON_GIVEN","Unit returned to inventory","LPNHK544478355",
"2026-04-23T05:11:54+00:00","306-8823266-7675552","304113-52-EU","B07WK3Q372","X001VJETI1","VIVOSUN Growzelt 150x80x200cm Grow Tent aus hochreflektierendes Mylar mit Sichtfenster und Bodenwanne für Hydroponik und Indoor-Anbau S538 Grow Zelt passend für VS2000/VSF4300","1","WRO1","SELLABLE","ORDERED_WRONG_ITEM","Unit returned to inventory","LPNSC216948466","Habe gerade bemerkt das es für den Aufstellungsort zu groß ist. Hab mich mit den Maßen völlig vertan."
"2026-04-23T00:47:44+00:00","306-5086690-2387529","SGS-SE1T4E42A-EU","B0C2C97QWM","X0020FVYJH","VIVOSUN Smart Grow System mit Grow Lampe100W LED Pflanzenlampe mit integriertem Zirkulationsventilator, Rohrventilator 100 mm & GrowHub E42A Controller für Growbox Komplettsets, Indoor-Grow Hydroponik","1","WRO1","CUSTOMER_DAMAGED","NO_REASON_GIVEN","Unit returned to inventory","LPNHK485388367",
"2026-04-22T18:47:54+00:00","171-4056070-6084336","306146-0412-EU","B08M3G5TH3","X001VZST45","VIVOSUN Filtre à Charbon Actif 100mm pour Contrôle Odeurs Charbon Vierge d'Australie pour Ventilateur en Ligne, Epurateur Odeurs pour Tente de Culture Pré-Filtre Inclus Bride Réversible Noir","1","BTS2","CUSTOMER_DAMAGED","NO_REASON_GIVEN","Unit returned to inventory","LPNHE682256029",
"2026-04-22T16:16:48+00:00","405-5187781-4304366","VSE-ATW70-EU","B0FHZV3WNM","X002CXIWAB","VIVOSUN AeroFlux Calentador Inteligente para Tienda de Campaña con Termostato, Calefacción PTC de 700W, Compacto y Portátil con VPD, Control de Aplicaciones y Protección Contra Sobrecalentamiento","1","MAD4","DEFECTIVE","DEFECTIVE","Unit returned to inventory","LPNWE398733711",
"2026-04-22T11:42:15+00:00","028-9019835-2040300","VSC-GCC4-EU","B0D8PQQWM3","X00276V1V5","VIVOSUN GrowCam C4 2K QHD WLAN Smart Kamera für Growzelt & Indoor Pflanzen, mit Zeitraffer, Nachtsicht, SD-Karten-Speicherung, Zwei-Wege-Audio, App-Steuerung, Kompatibel mit VGrow System","1","BTS2","CUSTOMER_DAMAGED","DEFECTIVE","Unit returned to inventory","LPNHK542819365",
"2026-04-22T11:28:53+00:00","028-0323337-5944361","VSF-AWD4x2-EU","B0CMZFSLCL","X0023L9G3T","VIVOSUN AeroWave D4 10cm Grow Ventilator Oszillierend Clip Ventilator Grow mit Haken, 3 Stufen, Starker & Leiser Luftstrom, Luftstromwinkel Einstellbar für Hydrokultur, Zirkulation, Schwarz, 2er-Pack","1","BTS2","CUSTOMER_DAMAGED","NOT_COMPATIBLE","Unit returned to inventory","LPNHK544570762",
"2026-04-22T09:28:07+00:00","028-4897102-5576311","VSVC-AZG4E42AP-EU","B0CBRSM7H7","X002CU6GJ3","VIVOSUN Smart Rohrventilator 100mm/Abluftset AeroZesh G4 mit GrowHub E42A+, Temperatur- & Feuchtigkeitsregler, WiFi/App-Fernsteuerung, Aktivkohlefilter und Schlauch für Growzelte und Hydrokultur","1","WRO1","CUSTOMER_DAMAGED","NO_REASON_GIVEN","Unit returned to inventory","LPNHK482684378",
"2026-04-22T05:45:01+00:00","304-9296391-1942749","304113-55-EU","B01DXYM98K","X001VJEKAX","VIVOSUN Growzelt 150x150x200cm lichtdichtes Indoor Hydroponik Zelt mit reflektierendem Mylar Sichtfenster Bodenwanne stabile Rahmenstruktur Pflanzenzelt Gewächshaus S558 Grow Tent passend für VSF6450","1","WRO1","CARRIER_DAMAGED","UNDELIVERABLE_REFUSED","Reimbursed","LPNHK482660925",
"2026-04-21T22:29:21+00:00","305-6487260-0643512","VSH-IS03-EU","B0BXD9RK42","X001Z5PQDD","VIVOSUN Solar Automatische Tropfbewässerung Set mit Zeituhr, 3W Ausgang, Solarbetriebenes Bewässerungssystem für 15 Töpfe, ideal für Garten, Balkon, Terrasse und Zimmerpflanzen","1","LCJ4","CUSTOMER_DAMAGED","DEFECTIVE","Unit returned to inventory","LPNHK552286554",
"2026-04-21T18:45:55+00:00","406-3635767-0909158","311001-30x5-EU","B00VWU35F4","X001VKJMC3","VIVOSUN Lot 5 Sac de Plantation 120L Sacs de Culture Tissu Non Tissé Sac à Plantes, Pots Tissu Épais Haute Résistance avec Poignées pour Légumes, Fleurs, Fruits, Serre et Jardin","1","BTS2","SELLABLE","UNWANTED_ITEM","Unit returned to inventory","LPNHe079131297","Les sacs 95 litres sont suffisants pour moi"
"2026-04-21T12:50:22+00:00","303-2559190-0773107","VSF-AWE6-G2-EU","B0BP1Y3CRM","X00260ULXB","VIVOSUN E6 Gen2 Grow Ventilator Oszillierend Leise Klein for Growzelt, 10 Geschwindigkeiten & 2 Modi, EC-Motor, Clip Ventilator Klemmbar Mini Fan für Growbox, IP54, Timer,APP/WiFi Steuerung Schwarz","1","BTS2","CUSTOMER_DAMAGED","DAMAGED_BY_FC","Unit returned to inventory","LPNHK545134469",
"2026-04-21T11:59:33+00:00","306-2639071-6671532","VSC-GCC4-EU","B0D8PQQWM3","X00276V1V5","VIVOSUN GrowCam C4 2K QHD WLAN Smart Kamera für Growzelt & Indoor Pflanzen, mit Zeitraffer, Nachtsicht, SD-Karten-Speicherung, Zwei-Wege-Audio, App-Steuerung, Kompatibel mit VGrow System","1","BTS2","CUSTOMER_DAMAGED","FOUND_BETTER_PRICE","Unit returned to inventory","LPNHK541857581",
"2026-04-21T11:33:01+00:00","306-6155381-8793130","VSC-GCC4-EU","B0D8PQQWM3","X00276V1V5","VIVOSUN GrowCam C4 2K QHD WLAN Smart Kamera für Growzelt & Indoor Pflanzen, mit Zeitraffer, Nachtsicht, SD-Karten-Speicherung, Zwei-Wege-Audio, App-Steuerung, Kompatibel mit VGrow System","1","BTS2","CUSTOMER_DAMAGED","DAMAGED_BY_FC","Unit returned to inventory","LPNHK545110176",
"2026-04-21T10:35:16+00:00","402-0854663-8672368","VSV-AZT4-EU","B0BQF728P7","X001VEMT83","VIVOSUN AeroZesh T4 Inline kanalfläkt 100 mm extraktorfläkt 357 m³/h med E12 hastighetsstyrenhet och helt programmerbar PWM-styrd EC-fläkt för växttält ventilation","1","BTS2","CUSTOMER_DAMAGED","UNWANTED_ITEM","Unit returned to inventory","LPNHe080664648",
"2026-04-21T08:05:31+00:00","406-9148758-4037944","HDR006-EU","B096VM7MF3","X0022GVMRD","VIVOSUN Estantería Colgante de Secado 6 Niveles con Red y Cremalleras Verdes para Deshidratación de Hierbas, Frutas y Flores, Uso Interior y Exterior","1","BTS2","CUSTOMER_DAMAGED","NOT_COMPATIBLE","Unit returned to inventory","LPNHe041688626",
"2026-04-21T06:39:42+00:00","403-6744852-9944340","VSF-AWD4-EU","B0CMYX2H9Q","X0023L9EWR","VIVOSUN Ventiladores de Pinza Oscilantes AeroWave D4 10cm para Cultivo, 3 Velocidades, Flujo de Aire Fuerte y Silencioso, Ángulo Ajustable, Color Negro","1","BTS2","SELLABLE","ORDERED_WRONG_ITEM","Unit returned to inventory","LPNWE399645640",
"2026-04-21T06:00:46+00:00","402-1985214-2360348","VSL-LL100-EU","B0FB8RK4X1","X002BGZ2XJ","VIVOSUN LumaLight 100 W LED de Cultivo, Lámpara de Espectro Completo Smart Regulable con Alto PPFD para Interior, Plántulas, Hortalizas y Floración","1","MAD4","CUSTOMER_DAMAGED","DAMAGED_BY_CARRIER","Unit returned to inventory","LPNWE398985385",
"2026-04-20T23:41:22+00:00","302-4591920-2262733","332022-EU","B07VK1LVKX","X0021P5OXX","VIVOSUN 30X 60X Beleuchtete Juwelierlupe mit LEC-Light, Faltbare Taschenlupe mit 2 Linsen für die Beobachtung von Schmuck, Edelsteine, Uhren, Münzen, Briefmarken, Antiquitäten, Schwarz","1","BTS2","CUSTOMER_DAMAGED","NO_REASON_GIVEN","Unit returned to inventory","LPNRP078319559",
"2026-04-20T20:20:42+00:00","405-0399935-2308353","306143-0412-EU","B01DXYMBU6","X001VZSIFF","VIVOSUN Filtro de Carbón Activo 100mm | con Prefiltro, Brida Reversible y Carbón Australiano | Control de Olores para Tentes de Cultivo, Ventiladores en Línea y Cultivo Interior","1","MAD4","CUSTOMER_DAMAGED","FOUND_BETTER_PRICE","Unit returned to inventory","LPNWE399862767",
"2026-04-20T20:15:01+00:00","306-0494666-0079538","VSV-AZT4E42A-EU","B0BQF568WN","X001WOJQ15","VIVOSUN AeroZesh T4 100mm Inline-Rohrventilator, Leiser 357 m³/h Abluftventilator mit EC-Motor und GrowHub E42A WLAN-Controller für Growzelte, Hydroponik","1","LCJ4","DEFECTIVE","DEFECTIVE","Repackaged Successfully","LPNHK542805492",
"2026-04-20T10:24:40+00:00","407-1290990-0766728","304113-55-EU","B01DXYM98K","X001VJEKAX","VIVOSUN Tente de Culture 150x150x200cm, Tente Hydroponique Intérieure Lumière-Proof avec Mylar Réfléchissant, Fenêtre D'observation, Bac de Fond, Structure de Cadre Stable, Tente de Plantes","1","XOR7","CUSTOMER_DAMAGED","NOT_COMPATIBLE","Unit returned to inventory","LPNIC030103104",
"2026-04-19T22:47:51+00:00","302-9992893-7229921","VSV-AZS4-EU","B0C2C8KBBW","X001YZMP8D","VIVOSUN Rohrventilator 100 mm Abluftventilator 353 m³/h Rohrlüfter mit E12-Geschwindigkeitsregler und EC-Motor 28dB Leiser Ventilator für Growzelte und Belüftungssysteme","1","BTS2","DEFECTIVE","FOUND_BETTER_PRICE","Unit returned to inventory","LPNHe070838288",
"2026-04-19T16:29:10+00:00","303-0529749-3973921","332021-EU","B07VK287M6","X0021P5SGL","VIVOSUN 30X 60X Beleuchtete Juwelierlupe mit LEC-Light, Faltbare Taschenlupe mit 2 Linsen für die Beobachtung von Schmuck, Edelsteine, Uhren, Münzen, Briefmarken, Antiquitäten, Weiß","1","BTS2","SELLABLE","NO_REASON_GIVEN","Unit returned to inventory","LPNHe080499996",
"2026-04-19T14:06:12+00:00","302-2194977-6348363","304113-52-EU","B07WK3Q372","X001VJETI1","VIVOSUN Growzelt 150x80x200cm Grow Tent aus hochreflektierendes Mylar mit Sichtfenster und Bodenwanne für Hydroponik und Indoor-Anbau S538 Grow Zelt passend für VS2000/VSF4300","1","BTS2","CARRIER_DAMAGED","UNDELIVERABLE_UNKNOWN","Reimbursed","LPNHe065969404",
"2026-04-19T04:54:33+00:00","026-7973623-0735550","311003-5-UK","B06Y1XVD1P","X001WHVGFL","VIVOSUN Gardening Scissors 6.5 Inch Hand Pruner Shear with Titanium Coated Blades, Pruning Shear for Plants, Flowers, Hedges 1-Pack Blue","1","EDI4","SELLABLE","ORDERED_WRONG_ITEM","Unit returned to inventory","LPNIC150183694",
"2026-04-18T11:01:03+00:00","206-3054626-1101116","SPray-08L-R-UK","B07QTHYLZV","X001WHRG73","VIVOSUN 0.8 L Hand Sprayer with Adjustable Brass Nozzle for Garden and Lawn Care, Pump Sprayer Garden Sprayer for Plant Spraying, Car Care and Other Cleaning Solutions, Red","1","EDI4","CUSTOMER_DAMAGED","NO_REASON_GIVEN","Unit returned to inventory","LPNWE405391962",
"2026-04-18T08:42:11+00:00","404-5376380-8430752","311003-4-EU","B01EWH83FU","X001W1EEP1","Vivosun Gartenschere mit geraden Edelstahlklingen","1","PRG2","SELLABLE","NO_REASON_GIVEN","Unit returned to inventory","LPNHe012954721",
"2026-04-17T23:40:48+00:00","304-9596671-7825132","VSH-IS03-EU","B0BXD9RK42","X001Z5PQDD","VIVOSUN Solar Automatische Tropfbewässerung Set mit Zeituhr, 3W Ausgang, Solarbetriebenes Bewässerungssystem für 15 Töpfe, ideal für Garten, Balkon, Terrasse und Zimmerpflanzen","1","LCJ4","CUSTOMER_DAMAGED","DAMAGED_BY_FC","Unit returned to inventory","LPNHK553076695",
"2026-04-17T06:42:32+00:00","302-6703643-0441900","VSV-AZT6-EU","B0BMV1W52R","X001WOUTQV","VIVOSUN AeroZesh T6 Rohrventilator 150 mm Metall Abluftventilator 693 m³/h mit E12-Drehzahlregler, EC Motor, Leiser Rohrlüfter PWM-Gesteuert, Programmierbar für Growzelte Gewächshaus Indoor-Belüftung","1","LCJ4","CUSTOMER_DAMAGED","NO_REASON_GIVEN","Unit returned to inventory","LPNHK542333409",
"2026-04-17T04:25:14+00:00","202-2915629-7330762","330701-01-UK","B00P7RUI3U","X001VV7Y8V","VIVOSUN Garden Netting 5 x 15ft. Plant Trellis Netting, Heavy-Duty Polyester Grow Net, Garden Trellis Netting with Square Mesh for Climbing Plants, Vegetables, Fruits, and Flowers, 1-Pack","1","EDI4","SELLABLE","UNDELIVERABLE_UNKNOWN","Unit returned to inventory","LPNWE405433361",
"2026-04-16T22:11:26+00:00","306-1557157-6149100","VSS-THSP-EU","B0C1Z462XW","X0022HA0MZ","VIVOSUN Temperatur- und Feuchtigkeitssensor, wasserdichte Edelstahl-Umweltüberwachungssonde für GrowHub-Controller E42/E42A, AeroLab THB1/THB1S, 3,6 m","1","LCJ4","CUSTOMER_DAMAGED","ORDERED_WRONG_ITEM","Unit returned to inventory","LPNHK539684213",
"2026-04-16T19:40:35+00:00","302-8492295-7254753","304113-55-EU","B01DXYM98K","X001VJEKAX","VIVOSUN Growzelt 150x150x200cm lichtdichtes Indoor Hydroponik Zelt mit reflektierendem Mylar Sichtfenster Bodenwanne stabile Rahmenstruktur Pflanzenzelt Gewächshaus S558 Grow Tent passend für VSF6450","1","XDT1","CUSTOMER_DAMAGED","NOT_COMPATIBLE","Unit returned to inventory","LPNXX000842610",
"2026-04-16T18:56:14+00:00","304-9640598-0040338","VSF-AWD4x2-EU","B0CMZFSLCL","X0023L9G3T","VIVOSUN AeroWave D4 10cm Grow Ventilator Oszillierend Clip Ventilator Grow mit Haken, 3 Stufen, Starker & Leiser Luftstrom, Luftstromwinkel Einstellbar für Hydrokultur, Zirkulation, Schwarz, 2er-Pack","1","LCJ4","DEFECTIVE","QUALITY_UNACCEPTABLE","Repackaged Successfully","LPNHK542226543",
"2026-04-16T16:52:59+00:00","304-2255688-9597934","VSV-AZS6-EU","B0C2C8NP5D","X001YZNSF7","VIVOSUN Rohrventilator 150 mm Abluftventilator 688 m³/h Rohrlüfter mit E12-Geschwindigkeitsregler und EC-Motor 32dB Leiser Ventilator für Growzelte und Belüftungssysteme","1","LCJ4","CUSTOMER_DAMAGED","UNWANTED_ITEM","Unit returned to inventory","LPNHK542701830",
"2026-04-16T10:58:29+00:00","305-2476652-1103568","306104-4C-EU","B01EUURUVM","X0023SZURD","VIVOSUN 10cm 7,6m Flexibler Luftkanal aus Aluminium für Belüftung, Inklusive 2 Schlauchschellen aus Edelstahl, Mehrschichtiges Schlauch Ventilationsset für Ventilatorsystem, HVAC-Lüftung","1","LCJ4","SELLABLE","ORDERED_WRONG_ITEM","Unit returned to inventory","LPNHK490169685","Brauchte ich doch nicht..."
"2026-04-16T10:10:57+00:00","402-2733439-6378717","330301-EU","B09SZ9VS93","X00247HY3B","VIVOSUN Alfombra Calefaccional para Plantulas 25x52cm con Controlador de Temperatura Integrado, Manta Termica Planta Impermeable Certificada UL & Met para Hidroponia, Crianza y Invernaderos","1","MAD6","SELLABLE","UNWANTED_ITEM","Unit returned to inventory","LPNHK526847313","No es como me lo esperaba"
"2026-04-16T08:05:55+00:00","408-5033679-0925136","VSF-AWD4-EU","B0CMYX2H9Q","X0023L9EWR","VIVOSUN Ventilatore da 10 cm AeroWave D4, con Gancio Removibile, Flusso Potente E Silenzioso, 3 velocità, Angolo Aggiustabile, per Idroponica, Circolazione Aria E Raffreddamento Nero","1","MXP5","CUSTOMER_DAMAGED","ORDERED_WRONG_ITEM","Unit returned to inventory","LPNWE401298991",
"2026-04-16T00:35:21+00:00","403-0051559-0029930","VSV-AZS4E42A-EU","B09YH6SZZF","X001YZMLS7","VIVOSUN AeroZesh S4 Ventilateur de conduit en ligne silencieux 4"" 208 CFM avec moteur EC et GrowHub E42A contrôleur WiFi de température et d'humidité pour tentes de culture hydroponique","1","BTS2","DEFECTIVE","DEFECTIVE","Unit returned to inventory","LPNHe055308629",
"2026-04-16T00:04:17+00:00","305-9158590-6497108","LH-001-2-EU","B0C2436JDR","X001WTEUMP","VIVOSUN 4er-Pack 1/8 Zoll Verstellbarer Seilaufhänger für Grow Light, Schwerlast-Aufhänger mit verstärkten Metallzahnrädern, Ratschenhaken für Rohrventilator, Filter und andere Grow Room-Produkte","1","BTS2","SELLABLE","NO_REASON_GIVEN","Unit returned to inventory","LPNHe060291759","Wird nicht benötigt"
"2026-04-15T14:05:19+00:00","408-4798378-8134743","VSF-AWD4x2-EU","B0CMZFSLCL","X0023L9G3T","VIVOSUN Pack de 2 Ventiladores de Pinza Oscilantes AeroWave D4 10cm para Cultivo, 3 Velocidades, Flujo de Aire Fuerte y Silencioso, Ángulo Ajustable, Color Negro","1","MAD4","CUSTOMER_DAMAGED","DEFECTIVE","Unit returned to inventory","LPNWE398747100",
"2026-04-15T13:40:32+00:00","406-0631629-5125148","311001-30x5-EU","B00VWU35F4","X001VKJMC3","VIVOSUN Bolsa de Cultivo 5 Unidades 115 L, Grow Bags de Tela No Tejida Reforzada con Asas, para Verduras, Flores, Frutas, Invernadero y Jardín","1","WRO1","SELLABLE","NOT_COMPATIBLE","Unit returned to inventory","LPNHK485319863","no lo suficiente robusto para el peso que se supone que debería albergar"
"2026-04-15T13:36:39+00:00","302-7605838-7335522","VSC-GCC4-EU","B0D8PQQWM3","X00276V1V5","VIVOSUN GrowCam C4 2K QHD WLAN Smart Kamera für Growzelt & Indoor Pflanzen, mit Zeitraffer, Nachtsicht, SD-Karten-Speicherung, Zwei-Wege-Audio, App-Steuerung, Kompatibel mit VGrow System","1","BTS2","CUSTOMER_DAMAGED","DEFECTIVE","Unit returned to inventory","LPNHK537622214",
"2026-04-15T11:53:22+00:00","306-5889689-9744353","TN-55-EU","B0BY2DZJ8J","X0022GVNZJ","VIVOSUN Ranknetz für Kletterpflanzen 150x150cm Scrog Netz mit 4 Haken Rankhilfe Pflanzennetz Grow Netz für Kletterpflanzen Gurke Tomaten Gemüse Früchte und Blumen","1","BTS2","SELLABLE","NOT_COMPATIBLE","Unit returned to inventory","LPNHK505217044","Material gefällt mir nicht"
"2026-04-15T10:53:05+00:00","404-7952975-0491550","332022-EU","B07VK1LVKX","X0021P5OXX","VIVOSUN 30X 60X Verlichte Juweliers Loep Opvouwbare Vergrootglas met LED Licht voor Sieraden Edelstenen Horloges Munten Postzegels Antiek Zwart","1","BTS2","CUSTOMER_DAMAGED","QUALITY_UNACCEPTABLE","Unit returned to inventory","LPNHe049740676",
"2026-04-15T08:48:52+00:00","306-9960036-8482758","VSV-AZS4-EU","B0C2C8KBBW","X001YZMP8D","VIVOSUN Rohrventilator 100 mm Abluftventilator 353 m³/h Rohrlüfter mit E12-Geschwindigkeitsregler und EC-Motor 28dB Leiser Ventilator für Growzelte und Belüftungssysteme","1","BTS2","CUSTOMER_DAMAGED","DEFECTIVE","Unit returned to inventory","LPNHK537563194",
"2026-04-15T08:21:26+00:00","304-6240638-8185150","TN-44-EU","B0BY2JKXC7","X0022GVOSP","VIVOSUN Ranknetz für Kletterpflanzen 120x120 cm Elastisches Pflanzennetz, Scrog Netz mit 4 Haken, Grow Netz für Kletterpflanzen, Tomaten, Gurken, Gemüse und Blumen","1","BTS2","SELLABLE","NOT_COMPATIBLE","Unit returned to inventory","LPNHK537334768","Zu klein"
"2026-04-15T01:41:28+00:00","302-8993161-1102746","Spray-SX-CS5-EU","B07Y82117Q","X001VKGO47","VIVOSUN Drucksprüher 5L Gartenspritze mit 3 Düsen, Druckentlastungsventil & Verstellbarem Tragegurt, Sprühflasche für Pflanzen, Rasenpflege & Reinigun, Weiß","1","LCJ4","CUSTOMER_DAMAGED","DAMAGED_BY_FC","Unit returned to inventory","LPNHK551984133",
"2026-04-15T01:11:09+00:00","305-3282374-8350762","332021-EU","B07VK287M6","X0021P5SGL","VIVOSUN 30X 60X Beleuchtete Juwelierlupe mit LEC-Light, Faltbare Taschenlupe mit 2 Linsen für die Beobachtung von Schmuck, Edelsteine, Uhren, Münzen, Briefmarken, Antiquitäten, Weiß","1","BTS2","SELLABLE","QUALITY_UNACCEPTABLE","Unit returned to inventory","LPNHE677590018","Material macht einen billigen Eindruck"
"2026-04-14T22:30:37+00:00","403-1545804-6581931","VSVC-AZG6E42AP-EU","B0CBRPS1N8","X002CUF3G5","VIVOSUN Kit de Extracción Ventilador de Conducto 150mm AeroZesh G6 con GrowHub E42A+, Controlador WiFi VPD Temperatura Humedad, Filtro de Carbón Activo y Conducto para Tiendas de Cultivo e Hidroponía","1","WRO1","DEFECTIVE","NOT_COMPATIBLE","Unit returned to inventory","LPNHK482414194","El extractor no es el modelo inteligente, debe haber algún error, en el pack sale el controlador inteligente y el motor no lo es, no tiene sentido"
"2026-04-14T19:31:21+00:00","302-7588098-7817903","VSF-AWD4x2-EU","B0CMZFSLCL","X0023L9G3T","VIVOSUN AeroWave D4 10cm Grow Ventilator Clip Ventilator Grow mit Haken, 3 Stufen, Starker & Leiser Luftstrom, Luftstromwinkel Einstellbar für Hydrokultur, Zirkulation, Schwarz, 2er-Pack","1","BTS2","DEFECTIVE","DAMAGED_BY_FC","Unit returned to inventory","LPNHK542696153","Beim Anbringen an das Gestänge ist eine Klemme gebrochen, obwohl ich sehr behutsam vorging. Der zweite Ventilator ist unbenutzt und intakt. Bitte um Rückerstattung des Kaufpreises."
"2026-04-14T08:36:10+00:00","408-9454380-9840343","304113-55-EU","B01DXYM98K","X001VJEKAX","VIVOSUN Tente de Culture 150x150x200cm, Tente Hydroponique Intérieure Lumière-Proof avec Mylar Réfléchissant, Fenêtre D'observation, Bac de Fond, Structure de Cadre Stable, Tente de Plantes","1","XDT1","SELLABLE","UNDELIVERABLE_UNKNOWN","Unit returned to inventory","LPNXX000719695",
"2026-04-14T07:43:22+00:00","028-5607394-2562709","VSF-AWD4x2-EU","B0CMZFSLCL","X0023L9G3T","VIVOSUN AeroWave D4 10cm Grow Ventilator Oszillierend Clip Ventilator Grow mit Haken, 3 Stufen, Starker & Leiser Luftstrom, Luftstromwinkel Einstellbar für Hydrokultur, Zirkulation, Schwarz, 2er-Pack","1","LCJ4","SELLABLE","FOUND_BETTER_PRICE","Unit returned to inventory","LPNHK537742690","Bei ebay hat es nur 34,99 Euro gekostet."
"2026-04-14T07:31:49+00:00","304-5107984-1126723","330301-EU","B09SZ9VS93","X00247HY3B","VIVOSUN Heizmatte Pflanzen 25,4x52,7cm mit Temperaturregler, Wasserdichte Pflanzen-Wärmematte UL & MET Zertifiziert, Setzling Heizmatte für Keimung, Hydrokultur, Zucht und Gewächshaus","1","KTW1","CUSTOMER_DAMAGED","ORDERED_WRONG_ITEM","Repackaged Successfully","LPNHK540490774",
"2026-04-13T23:31:15+00:00","203-8945349-1568346","VSA150SE-E25-UK","B0BKPKKWYK","X0022P84ZR","VIVOSUN LED Grow Lamp 150 W Full Spectrum Plant Lamp with Integrated Circulation Fan Grow Light Compatible with App, AeroLight A150SE with GrowHub Controller E25 for 120 x 60 cm Grow Tent","1","EDI4","CUSTOMER_DAMAGED","NO_REASON_GIVEN","Unit returned to inventory","LPNIC150472547",
"2026-04-13T15:18:56+00:00","405-4148893-0770703","306143-0412-EU","B01DXYMBU6","X001VZSIFF","VIVOSUN Filtro de Carbón Activo 100mm | con Prefiltro, Brida Reversible y Carbón Australiano | Control de Olores para Tentes de Cultivo, Ventiladores en Línea y Cultivo Interior","1","MAD4","CUSTOMER_DAMAGED","NOT_COMPATIBLE","Repackaged Successfully","LPNWE395856512",
"2026-04-13T08:24:50+00:00","303-2893624-1089102","VSI-VGDWC15-EU-N1","B0FSJ7DNWS","X002FA33A5","VIVOSUN VGrow DWC Hydroponik-System 15 L, Nur für VGrow Smart Grow Box, Nicht kompatibel mit E42A/E42A+, Nicht für Growzelt geeignet, Mit Luftpumpensteinen & Rapid Rooters","1","WRO1","CUSTOMER_DAMAGED","NOT_COMPATIBLE","Unit returned to inventory","LPNHK473307339",
"2026-04-13T07:58:54+00:00","303-2893624-1089102","VSI-VGDWC15-EU-N1","B0FSJ7DNWS","X002FA33A5","VIVOSUN VGrow DWC Hydroponik-System 15 L, Nur für VGrow Smart Grow Box, Nicht kompatibel mit E42A/E42A+, Nicht für Growzelt geeignet, Mit Luftpumpensteinen & Rapid Rooters","1","WRO1","CUSTOMER_DAMAGED","NOT_COMPATIBLE","Unit returned to inventory","LPNHK473531566",
"2026-04-12T08:32:33+00:00","028-7325854-2136351","306143-0412-EU","B01DXYMBU6","X001VZSIFF","VIVOSUN Aktivkohlefilter 100mm/4 Inch, Kohlefilter Geruchskontrolle mit Australischer Aktivkohle für Rohrventilator, Growzelt, inkl Vorfilter, für Indoor Growzelt Gewächshaus","1","BTS2","DEFECTIVE","DEFECTIVE","Unit returned to inventory","LPNHe080623730",
"2026-04-11T22:26:27+00:00","205-1045459-5101115","305131-UK","B01DNUIGUY","X0022PUP95","VIVOSUN Soil Tester, 3-in-1 Plant Moisture Meter Light and PH Tester for Home, Garden, Lawn, Farm, Indoor and Outdoor Use, Promote Plants Healthy Growth","1","LBA2","DEFECTIVE","DEFECTIVE","Unit returned to inventory","LPNWE388668206","The light sensor part does not work."
"2026-04-11T12:06:54+00:00","206-7737580-3198703","LED-150-UK","B09LQCSC8P","X0022P1AK3","VIVOSUN VS1500 LED Grow Light with Samsung LM301 Diodes & Sosen Driver for Indoor Growing, Plant Lamp with Dimmable Lights & Sun-Like Full Spectrum for 90 x 90 cm Grow Tent","1","LBA2","SELLABLE","DEFECTIVE","Unit returned to inventory","LPNIC168357990",
"2026-04-10T22:37:10+00:00","303-6553554-5477945","VSV-AZG4E42AP-EU","B0C6QK97P2","X002CUEXZ7","VIVOSUN Rohrventilator 100mm Abluftventilator 330m³/h AeroZesh G4 mit EC-Motor und GrowHub E42A+, VPD-Regler, WiFi/App-Fernsteuerung Ventilator Growbox Rohrlüfter für Kühlung, Growzelte, Hydroponik","1","LCJ4","CUSTOMER_DAMAGED","QUALITY_UNACCEPTABLE","Unit returned to inventory","LPNHK539665815",
"2026-04-10T22:35:12+00:00","306-9992088-4389948","306146-0412-EU","B08M3G5TH3","X001VZST45","VIVOSUN Aktivkohlefilter 100mm Aktivkohlefilter Grow AKF Kohlefilter Geruchskontrolle mit Australischer Aktivkohle inkl. Vorfilter für Rohrventilator Growzelt Growbox Indoor","1","BTS2","CUSTOMER_DAMAGED","QUALITY_UNACCEPTABLE","Unit returned to inventory","LPNHK541396839",
"2026-04-10T21:57:29+00:00","306-1327843-3959513","VSC-GCC4-EU","B0D8PQQWM3","X00276V1V5","VIVOSUN GrowCam C4 2K QHD WLAN Smart Kamera für Growzelt & Indoor Pflanzen, mit Zeitraffer, Nachtsicht, SD-Karten-Speicherung, Zwei-Wege-Audio, App-Steuerung, Kompatibel mit VGrow System","1","BTS2","CUSTOMER_DAMAGED","NOT_COMPATIBLE","Unit returned to inventory","LPNHK540885234",
"2026-04-10T21:55:40+00:00","402-6818022-4459523","LED-100x2-EU","B08JG8F18N","X0020AEZ6V","VIVOSUN VS1000 Lampe de Croissance à Del avec diodes à Spectre Complet et Pilote Sosen à intensité Variable pour Plantes d'intérieur, semis, légumes et Fleurs pour Tente de Culture de 2 x 2/3 x 3","1","WRO1","DEFECTIVE","DEFECTIVE","Unit returned to inventory","LPNHK485228640",
"2026-04-10T21:26:02+00:00","305-7436842-0342718","306143-0412-EU","B01DXYMBU6","X001VZSIFF","VIVOSUN Aktivkohlefilter 100mm Aktivkohlefilter Grow AKF Kohlefilter Geruchskontrolle mit Australischer Aktivkohle inkl Vorfilter für Indoor, Rohrventilator, Growzelt, Growbox, Gewächshaus","1","LCJ4","DEFECTIVE","DEFECTIVE","Unit returned to inventory","LPNRP066698897",
"2026-04-10T14:56:04+00:00","204-4690318-7263539","VSH-IS03-UK","B0BXD9RK42","X0022UF9AZ","VIVOSUN Solar Automatic Drip Irrigation Kits with Timer, 3W Output, Solar Powered Auto Drip Irrigation System, 15 Pots Garden Plant Watering System, Plant Waterer Indoor Outdoor","1","EDI4","CUSTOMER_DAMAGED","DEFECTIVE","Unit returned to inventory","LPNWE409018414",
"2026-04-10T11:52:53+00:00","304-8260196-6481909","VSH-IS03-EU","B0BXD9RK42","X001Z5PQDD","VIVOSUN Solar Automatische Tropfbewässerung Set mit Zeituhr, 3W Ausgang, Solarbetriebenes Bewässerungssystem für 15 Töpfe, ideal für Garten, Balkon, Terrasse und Zimmerpflanzen","1","LCJ4","CUSTOMER_DAMAGED","DEFECTIVE","Unit returned to inventory","LPNRP053820440",
"2026-04-10T11:18:36+00:00","305-9591314-6219550","GH-E42AP-EU","B0BS2BVL3Q","X002CUA5IB","VIVOSUN GrowHub Controller E42A+ für Growzelte, Smart WiFi-Controller für Temperatur, Luftfeuchte und VPD mit Timer, Zyklus und Zeitplan, steuert Kühlung, Belüftung und Beleuchtung","1","BTS2","DEFECTIVE","QUALITY_UNACCEPTABLE","Unit returned to inventory","LPNHK539728621","Keine wirkliche Verbesserung zum Vorgänger. Mehr Schein als sein und scheinbar zur gehyped"
"2026-04-10T09:36:24+00:00","306-5836382-7665128","SST-1-0001-EU","B0BTD741R3","X0024QXTEF","VIVOSUN Anzuchtset mit 40-Zellen-Starter-Tablett, LED-Pflanzenlicht und 25,4×52,7 cm Heizmatte, Mini-Gewächshaus mit 9,1 cm hoher Haube, Verstellbarer Belüftung und Abflusslöchern für Sämlinge","1","BTS2","CUSTOMER_DAMAGED","NOT_AS_DESCRIBED","Unit returned to inventory","LPNHK539760690",
"2026-04-10T05:36:08+00:00","302-5410521-2774767","330101x2NJ-EU","B015PD8I7I","X00247MESL","VIVOSUN 2er-Pack Heizmatte 25,4x52,7cm für Setzlinge, Wasserdichte Wärmematte UL & MET Zertifiziert, Pflanzen-Heizmatte für Keimung, Hydroponik, Indoor Garten & Gewächshaus","1","LCJ4","SELLABLE","QUALITY_UNACCEPTABLE","Unit returned to inventory","LPNHK538185693","Regler zum Einstellen der Temperatur wäre besser"
"2026-04-10T01:19:29+00:00","302-0712015-0993133","VSC-GCC4-EU","B0D8PQQWM3","X00276V1V5","VIVOSUN GrowCam C4 2K QHD WLAN Smart Kamera für Growzelt & Indoor Pflanzen, mit Zeitraffer, Nachtsicht, SD-Karten-Speicherung, Zwei-Wege-Audio, App-Steuerung, Kompatibel mit VGrow System","1","BTS2","CUSTOMER_DAMAGED","DEFECTIVE","Unit returned to inventory","LPNHK539003579",
"2026-04-09T22:00:06+00:00","302-5982141-9265135","VSF-AWE6-G2-EU","B0BP1Y3CRM","X00260ULXB","VIVOSUN E6 Gen2 Grow Ventilator Oszillierend Leise Klein for Growzelt, 10 Geschwindigkeiten & 2 Modi, EC-Motor, Clip Ventilator Klemmbar Mini Fan für Growbox, IP54, Timer,APP/WiFi Steuerung Schwarz","1","LCJ4","CUSTOMER_DAMAGED","NOT_COMPATIBLE","Repackaged Successfully","LPNHK491168195",
"2026-04-09T17:42:11+00:00","028-1937465-0919549","VSV-AZG4-EU","B0C6QG963B","X001WOUZFV","VIVOSUN AeroZesh G4 Rohrventilator 100 mm Abluftventilator 331 m³/h 3 Zyklusmodi mit PWM-Steuerung & E12-Geschwindigkeitsregler Ventilator Growbox Rohrlüfter für Growzelt Growbox Indoorbelüftung","1","BTS2","CUSTOMER_DAMAGED","NO_REASON_GIVEN","Unit returned to inventory","LPNHK540504710",
"2026-04-09T14:51:58+00:00","305-7799403-9481910","GH-E42AP-EU","B0BS2BVL3Q","X002CUA5IB","VIVOSUN GrowHub Controller E42A+ für Growzelte, Smart WiFi-Controller für Temperatur, Luftfeuchte und VPD mit Timer, Zyklus und Zeitplan, steuert Kühlung, Belüftung und Beleuchtung","1","BTS2","CUSTOMER_DAMAGED","NO_REASON_GIVEN","Unit returned to inventory","LPNHK544085498",
"2026-04-09T14:13:52+00:00","405-5146087-8835517","VSI-FFD2-EU","B0CRDQ63HT","X0021PRUUD","VIVOSUN FlexFeed Kit Professionale di Irrigazione a Goccia Automatica, Sistema Controllabile Via App con Pompa e 4 Emetitori a Goccia per Piante","1","MXP5","SELLABLE","UNWANTED_ITEM","Unit returned to inventory","LPNWE350446003","L&#39;avevo acquistato pensando che fosse compatibile con il mio controller ma non lo è"
"2026-04-09T13:12:21+00:00","306-4340835-7197166","VSF-AWD4x2-EU","B0CMZFSLCL","X0023L9G3T","VIVOSUN AeroWave D4 10cm Grow Ventilator Clip Ventilator Grow mit Haken, 3 Stufen, Starker & Leiser Luftstrom, Luftstromwinkel Einstellbar für Hydrokultur, Zirkulation, Schwarz, 2er-Pack","1","MAD4","SELLABLE","NEVER_ARRIVED","Unit returned to inventory","LPNWE395178645",
"2026-04-09T08:44:38+00:00","303-9931989-8744329","VSE-UH075-EU","B0D626DZTN","X0026HLHBJ","VIVOSUN AeroStream U075 USB-Luftbefeuchter, 750ml Kaltnebel Mini-Luftbefeuchter mit 2 Nebel-Modi, Automatische Abschaltung, Smarte Fernbedienung mit VGrow, Entwickelt für Growzelte","1","LCJ4","CUSTOMER_DAMAGED","NOT_COMPATIBLE","Unit returned to inventory","LPNHK538202532",
"2026-04-09T07:49:42+00:00","403-1583549-5697116","304113-42-EU","B01DXYMQ9M","X001VHE5Z5","VIVOSUN Armario de Cultivo Interior 120x60x150cm, Indoor Hydroponic Zelt Opaco con Ventana Reflectante Mylar Bandeja Base Estructura Estable Cultivo Interior Invernadero Plantas","1","MAD6","CARRIER_DAMAGED","NO_REASON_GIVEN","Reimbursed","LPNHK526809106",
"2026-04-09T06:10:33+00:00","302-7971057-5387501","306143-0412-EU","B01DXYMBU6","X001VZSIFF","VIVOSUN Aktivkohlefilter 100mm Aktivkohlefilter Grow AKF Kohlefilter Geruchskontrolle mit Australischer Aktivkohle inkl Vorfilter für Indoor, Rohrventilator, Growzelt, Growbox, Gewächshaus","1","BTS2","CUSTOMER_DAMAGED","NOT_COMPATIBLE","Unit returned to inventory","LPNHe081190777",
"2026-04-09T05:52:34+00:00","404-0600459-0049906","VSVC-AZG4E42AP-EU","B0CBRSM7H7","X002CU6GJ3","VIVOSUN Kit d'Extraction d'Air Intelligent Pro 100mm AeroZesh G4 avec GrowHub E42A+, Contrôleur WiFi Température Humidité, Filtre à Charbon Actif et Conduit pour Tentes de Culture et Hydroponie","1","WRO1","CUSTOMER_DAMAGED","QUALITY_UNACCEPTABLE","Unit returned to inventory","LPNHK312715007",
"2026-04-09T02:17:09+00:00","305-4250751-9015538","311003-4-EU","B01EWH83FU","X001W1EEP1","VIVOSUN Gartenschere 1er-Packung 17cm Pflanzenschere mit Ergonomischen Griffen Ernteschere Grow Schere Trimmschere mit Hochwertiger Gerader Klingen und Titan-Antihaftbeschichtung Rosenschere Orange","1","KTW1","CUSTOMER_DAMAGED","NO_REASON_GIVEN","Repackaged Successfully","LPNHK539241695",
"2026-04-09T01:28:03+00:00","306-8443609-2063569","GH-E42AP-EU","B0BS2BVL3Q","X002CUA5IB","VIVOSUN GrowHub Controller E42A+ für Growzelte, Smart WiFi-Controller für Temperatur, Luftfeuchte und VPD mit Timer, Zyklus und Zeitplan, steuert Kühlung, Belüftung und Beleuchtung","1","LCJ4","CUSTOMER_DAMAGED","NOT_COMPATIBLE","Unit returned to inventory","LPNHK532355209",
"2026-04-08T23:29:23+00:00","305-6845774-9973945","VSC-GCC4-EU","B0D8PQQWM3","X00276V1V5","VIVOSUN GrowCam C4 2K QHD WLAN Smart Kamera für Growzelt & Indoor Pflanzen, mit Zeitraffer, Nachtsicht, SD-Karten-Speicherung, Zwei-Wege-Audio, App-Steuerung, Kompatibel mit VGrow System","1","BTS2","CUSTOMER_DAMAGED","DEFECTIVE","Unit returned to inventory","LPNHe015529746",
"2026-04-08T17:43:41+00:00","028-0885619-3497943","306143-0616-EU","B01731MLFK","X001VZO4UN","VIVOSUN Aktivkohlefilter Grow Aktivkohlefilter 150mm/6 Inch Geruchskontrolle mit Australischer Aktivkohle inkl. Vorfilter für Indoor Growzelt Growbox Rohrventilator Gewächshaus","1","LCJ4","CUSTOMER_DAMAGED","QUALITY_UNACCEPTABLE","Unit returned to inventory","LPNHK539435918",
"2026-04-08T17:04:21+00:00","303-6385384-2267531","TN-44-EU","B0BY2JKXC7","X0022GVOSP","VIVOSUN Ranknetz für Kletterpflanzen 120x120 cm Elastisches Pflanzennetz, Scrog Netz mit 4 Haken, Grow Netz für Kletterpflanzen, Tomaten, Gurken, Gemüse und Blumen","1","BTS2","SELLABLE","DEFECTIVE","Unit returned to inventory","LPNHe060130642","Mehrere Stellen im Netz Schimmel. Für schimmelanfällige Pflanzen ungeeignet."
"2026-04-08T14:22:21+00:00","302-4973118-8759514","306104-42C-EU","B07WFDCYZL","X0023T6Q1L","VIVOSUN 2er-Packung 10cm 7,6m Flexibler Luftkanal aus Aluminium für Belüftung, Inklusive 4 Schlauchschellen aus Edelstahl, Mehrschichtiges Schlauch Ventilationsset für Ventilatorsystem, HVAC-Lüftung","1","BTS2","DEFECTIVE","DEFECTIVE","Unit returned to inventory","LPNHe007848876","Hose has uncountably many holes from the getgo. These can be seen immediately from shining a torch through it. This makes it unusable for the marketed purpose because of leaks."
"2026-04-08T14:05:56+00:00","306-5865333-1260310","304113-55-EU","B01DXYM98K","X001VJEKAX","VIVOSUN Growzelt 150x150x200cm lichtdichtes Indoor Hydroponik Zelt mit reflektierendem Mylar Sichtfenster Bodenwanne stabile Rahmenstruktur Pflanzenzelt Gewächshaus S558 Grow Tent passend für VSF6450","1","XDT1","CUSTOMER_DAMAGED","NO_REASON_GIVEN","Unit returned to inventory","LPNXX000863548",
"2026-04-08T08:16:04+00:00","306-3861127-0473152","304113-55-EU","B01DXYM98K","X001VJEKAX","VIVOSUN Growzelt 150x150x200cm lichtdichtes Indoor Hydroponik Zelt mit reflektierendem Mylar Sichtfenster Bodenwanne stabile Rahmenstruktur Pflanzenzelt Gewächshaus S558 Grow Tent passend für VSF6450","1","XDT1","CUSTOMER_DAMAGED","FOUND_BETTER_PRICE","Repackaged Successfully","LPNXX000854721",
"2026-04-08T07:18:01+00:00","303-0384637-0272311","VSF-AWD4Wx2-EU","B0CN32T8J9","X0023LHG9P","VIVOSUN AeroWave D4 10cm Grow Ventilator Oszillierend Clip Ventilator Grow mit Haken, 3 Stufen, Starker & Leiser Luftstrom,Luftstromwinkel Einstellbar für Hydrokultur, Zirkulation, Weiß, 2er-Pack","1","BTS2","CARRIER_DAMAGED","NOT_COMPATIBLE","Reimbursed","LPNHK539923170",
"2026-04-07T19:26:20+00:00","303-7998418-8115568","304113-55-EU","B01DXYM98K","X001VJEKAX","VIVOSUN Growzelt 150x150x200cm lichtdichtes Indoor Hydroponik Zelt mit reflektierendem Mylar Sichtfenster Bodenwanne stabile Rahmenstruktur Pflanzenzelt Gewächshaus S558 Grow Tent passend für VSF6450","1","XDT1","CUSTOMER_DAMAGED","ORDERED_WRONG_ITEM","Unit returned to inventory","LPNXX000872949",
"2026-04-07T16:30:38+00:00","407-6798629-8277965","VSF-AWD4x2-EU","B0CMZFSLCL","X0023L9G3T","VIVOSUN AeroWave D4 - Ventola da 10,2 cm con gancio staccabile, flusso d'aria forte e silenzioso, angolo del flusso d'aria regolabile per coltura idroponica, circolazione e raffreddamento, nero,","1","MXP5","SELLABLE","DEFECTIVE","Unit returned to inventory","LPNWE400197816",
"2026-04-07T13:17:27+00:00","408-6186345-1207527","330101NJ-EU","B00P7U259C","X00247CDDH","VIVOSUN Tapis chauffant hydroponique robuste et imperméable pour semis, 25,4 x 52,7 cm, certifié UL et MET, pour la germination, la culture en intérieur et les serres","1","BTS2","SELLABLE","QUALITY_UNACCEPTABLE","Unit returned to inventory","LPNHE714269093","Problème de sécurité . Non conforme au norme européenne"
"2026-04-07T13:16:45+00:00","408-6186345-1207527","330101NJ-EU","B00P7U259C","X00247CDDH","VIVOSUN Tapis chauffant hydroponique robuste et imperméable pour semis, 25,4 x 52,7 cm, certifié UL et MET, pour la germination, la culture en intérieur et les serres","1","BTS2","SELLABLE","QUALITY_UNACCEPTABLE","Unit returned to inventory","LPNHE714269092","Problème de sécurité . Non conforme au norme européenne"
"2026-04-07T12:56:38+00:00","303-4462608-3059509","VSH-IS03-EU","B0BXD9RK42","X001Z5PQDD","VIVOSUN Solar Automatische Tropfbewässerung Set mit Zeituhr, 3W Ausgang, Solarbetriebenes Bewässerungssystem für 15 Töpfe, ideal für Garten, Balkon, Terrasse und Zimmerpflanzen","1","LCJ4","CUSTOMER_DAMAGED","DEFECTIVE","Unit returned to inventory","LPNHK532660116",
"2026-04-07T12:47:11+00:00","305-2667660-7433965","VSH-IS03-EU","B0BXD9RK42","X001Z5PQDD","VIVOSUN Solar Automatische Tropfbewässerung Set mit Zeituhr, 3W Ausgang, Solarbetriebenes Bewässerungssystem für 15 Töpfe, ideal für Garten, Balkon, Terrasse und Zimmerpflanzen","1","LCJ4","CUSTOMER_DAMAGED","QUALITY_UNACCEPTABLE","Unit returned to inventory","LPNHK514866099",
"2026-04-07T11:24:45+00:00","304-7171301-5066750","332021-EU","B07VK287M6","X0021P5SGL","VIVOSUN 30X 60X Beleuchtete Juwelierlupe mit LEC-Light, Faltbare Taschenlupe mit 2 Linsen für die Beobachtung von Schmuck, Edelsteine, Uhren, Münzen, Briefmarken, Antiquitäten, Weiß","1","BTS2","CUSTOMER_DAMAGED","QUALITY_UNACCEPTABLE","Unit returned to inventory","LPNHe064953892",
"2026-04-07T09:28:50+00:00","206-8994903-0880330","305131-UK","B01DNUIGUY","X0022PUP95","VIVOSUN Soil Tester, 3-in-1 Plant Moisture Meter Light and PH Tester for Home, Garden, Lawn, Farm, Indoor and Outdoor Use, Promote Plants Healthy Growth","1","EDI4","CUSTOMER_DAMAGED","DEFECTIVE","Unit returned to inventory","LPNRP079386841",
"2026-04-07T09:28:40+00:00","303-2171130-2270707","VSF-AWE6-G2x2-EU","B0BZYVVKQB","X002611E9Z","VIVOSUN AeroWave E6 Gen2 Growzelt-Clip-Ventilator150 mm, EC-Motor Smarte WLAN-Steuerung,10-stufiger & 2 Modi, automatischer oszillierender Ventilator, Luftzirkulator für Growbox, Timer, IP54 2er-Pack","1","BTS2","DEFECTIVE","NOT_COMPATIBLE","Unit returned to inventory","LPNHE714373680","Not compatible with smart grow system."
"2026-04-07T09:06:32+00:00","403-5660437-6839532","VSF-AWE6-G2x2-EU","B0BZYVVKQB","X002611E9Z","VIVOSUN Lote de 2 Ventiladores de Cultivo con Clip AeroWave E6 Gen2 15 cm Motor EC 12W Control Inteligente APP/WiFi 5 Velocidades+Temporizador Oscilación Automática IP54 para Hidroponía Negro","1","MAD4","SELLABLE","NOT_COMPATIBLE","Unit returned to inventory","LPNWE395868919",
"2026-04-06T08:11:11+00:00","026-0232929-1775515","VSH-IS03-UK","B0BXD9RK42","X0022UF9AZ","VIVOSUN Solar Automatic Drip Irrigation Kits with Timer, 3W Output, Solar Powered Auto Drip Irrigation System, 15 Pots Garden Plant Watering System, Plant Waterer Indoor Outdoor","1","EDI4","DEFECTIVE","DEFECTIVE","Unit returned to inventory","LPNWE384824537",
"2026-04-05T16:36:46+00:00","202-3351104-5696355","305131-UK","B01DNUIGUY","X0022PUP95","VIVOSUN Soil Tester, 3-in-1 Plant Moisture Meter Light and PH Tester for Home, Garden, Lawn, Farm, Indoor and Outdoor Use, Promote Plants Healthy Growth","1","LBA2","CUSTOMER_DAMAGED","QUALITY_UNACCEPTABLE","Unit returned to inventory","LPNRP074935864",
"2026-04-04T09:59:57+00:00","202-7486673-2257929","306101S-6-UK","B01CTM0JF2","X0022UCHDH","VIVOSUN Inline Duct Fan 150 mm (6 Inch) 748 m³h with Variable Speed Control for Grow Tent, Ventilation, Plant Tent, Indoor, Garden, Ventilation Fan, Z6 Pipe Fan, Black","1","EDI4","CUSTOMER_DAMAGED","DEFECTIVE","Unit returned to inventory","LPNWE388967483",
"2026-04-04T08:25:15+00:00","202-7486673-2257929","306101S-6-UK","B01CTM0JF2","X0022UCHDH","VIVOSUN Inline Duct Fan 150 mm (6 Inch) 748 m³h with Variable Speed Control for Grow Tent, Ventilation, Plant Tent, Indoor, Garden, Ventilation Fan, Z6 Pipe Fan, Black","1","EDI4","CUSTOMER_DAMAGED","DEFECTIVE","Unit returned to inventory","LPNWE388967482",
"2026-04-04T02:33:28+00:00","305-5534890-6633940","311003-5-EU","B06Y1XVD1P","X001W1HJ2B","VIVOSUN Gartenschere 17cm Pflanzenschere mit Ergonomischen Griffen Ernteschere Grow Schere Trimmschere mit Titan-Antihaftbeschichtung & Gebogenen Klingen für Pflanzen,1 Pack Blau","1","KTW1","CUSTOMER_DAMAGED","NOT_COMPATIBLE","Unit returned to inventory","LPNRP074400776",
"2026-04-04T02:24:27+00:00","202-7486673-2257929","306101S-6-UK","B01CTM0JF2","X0022UCHDH","VIVOSUN Inline Duct Fan 150 mm (6 Inch) 748 m³h with Variable Speed Control for Grow Tent, Ventilation, Plant Tent, Indoor, Garden, Ventilation Fan, Z6 Pipe Fan, Black","1","EDI4","CUSTOMER_DAMAGED","DEFECTIVE","Unit returned to inventory","LPNWE357520271",
"2026-04-04T00:35:49+00:00","202-7486673-2257929","306101S-6-UK","B01CTM0JF2","X0022UCHDH","VIVOSUN Inline Duct Fan 150 mm (6 Inch) 748 m³h with Variable Speed Control for Grow Tent, Ventilation, Plant Tent, Indoor, Garden, Ventilation Fan, Z6 Pipe Fan, Black","1","EDI4","CUSTOMER_DAMAGED","DEFECTIVE","Unit returned to inventory","LPNWE380918353",
"2026-04-03T23:47:18+00:00","202-7486673-2257929","306101S-6-UK","B01CTM0JF2","X0022UCHDH","VIVOSUN Inline Duct Fan 150 mm (6 Inch) 748 m³h with Variable Speed Control for Grow Tent, Ventilation, Plant Tent, Indoor, Garden, Ventilation Fan, Z6 Pipe Fan, Black","1","EDI4","CUSTOMER_DAMAGED","DEFECTIVE","Unit returned to inventory","LPNWE380918358",
"2026-04-03T18:27:17+00:00","303-7993190-5672317","332022-EU","B07VK1LVKX","X0021P5OXX","VIVOSUN 30X 60X Beleuchtete Juwelierlupe mit LEC-Light, Faltbare Taschenlupe mit 2 Linsen für die Beobachtung von Schmuck, Edelsteine, Uhren, Münzen, Briefmarken, Antiquitäten, Schwarz","1","LCJ4","DEFECTIVE","NOT_COMPATIBLE","Unit returned to inventory","LPNHK539157096","Ich komme damit überhaupt nicht zurecht und werde mir ein mikroskop anschaffen. Außerdem ist ein minimales Stück Kunststoff außerhalb der linse beschädigt."
"2026-04-03T18:10:20+00:00","306-7709290-0744328","VSC-GCC4-EU","B0D8PQQWM3","X00276V1V5","VIVOSUN GrowCam C4 2K QHD WLAN Smart Kamera für Growzelt & Indoor Pflanzen, mit Zeitraffer, Nachtsicht, SD-Karten-Speicherung, Zwei-Wege-Audio, App-Steuerung, Kompatibel mit VGrow System","1","LCJ4","CUSTOMER_DAMAGED","QUALITY_UNACCEPTABLE","Unit returned to inventory","LPNHK532476775",
"2026-04-03T10:29:42+00:00","202-7486673-2257929","306101S-6-UK","B01CTM0JF2","X0022UCHDH","VIVOSUN Inline Duct Fan 150 mm (6 Inch) 748 m³h with Variable Speed Control for Grow Tent, Ventilation, Plant Tent, Indoor, Garden, Ventilation Fan, Z6 Pipe Fan, Black","1","EDI4","CUSTOMER_DAMAGED","DEFECTIVE","Unit returned to inventory","LPNWE388717549",
"2026-04-02T19:56:21+00:00","405-7308117-8120331","VSE-ATW70-EU","B0FHZV3WNM","X002CXIWAB","VIVOSUN AeroFlux Riscaldatore per Tende da Coltivazione Intelligenti 700 W, Riscaldamento PTC con Termostato, Monitoraggio VPD, Controllo app, Protezione Contro il Surriscaldamento e Tubo di prolunga","1","MXP5","DEFECTIVE","DEFECTIVE","Unit returned to inventory","LPNHE899078701","Sensore non funziona"
"2026-04-02T13:43:16+00:00","205-3441258-1647530","LH-001-UK","B0BTM3RC2G","X001WT9DF9","VIVOSUN 1-Pair 1/8 Inch Adjustable Grow Light Hanger, Heavy Duty Rope Hanger with Reinforced Metal Gears, 8Ft. Long and 150 lbs Weight Capacity Rope for Grow Light, Inline Fan, Filters","1","EDI4","SELLABLE","UNWANTED_ITEM","Unit returned to inventory","LPNIC152922581","It was an accidental order of an item my wife already bought 2 days ago, sorry."
"2026-04-02T12:54:46+00:00","402-5377131-8589128","VSC-GCC4-EU","B0D8PQQWM3","X00276V1V5","VIVOSUN GrowCam C4, 2K QHD WiFi Smart Camera voor kweektent & VGrow Smart Grow Box, Timelapse, Nachtzicht, SD-kaartopslag, 2-weg audio, app-bediening","1","BTS2","DEFECTIVE","NOT_AS_DESCRIBED","Unit returned to inventory","LPNHe050343932","kan niet buiten en kan alleen op stroom"
"2026-04-02T11:45:27+00:00","406-1616004-9815519","VSF-AWD4x2-EU","B0CMZFSLCL","X0023L9G3T","VIVOSUN AeroWave D4 Ventilateur de Culture Oscillant 100mm, Ventilateur à Pince avec Crochet, 3 Vitesses, Flux d'Air Puissant & Silencieux, pour Grow box Hydroponie, Circulation, Noir, Lot de 2","1","BTS2","CUSTOMER_DAMAGED","QUALITY_UNACCEPTABLE","Repackaged Successfully","LPNHe064954352",
"2026-04-02T10:46:42+00:00","304-5768345-4567540","333101-G2J-EU-FBA","B07RBL1XJV","X002F0MTB9","VIVOSUN Grow Room Glasses, 2 Stück LED-Schutzbrille für Indoor-Growzelte und Hydroponik mit UVA/UVB-Schutz, inkl. Brillenetui","1","LCJ4","SELLABLE","NO_REASON_GIVEN","Unit returned to inventory","LPNHK516030986",
"2026-04-02T10:24:28+00:00","305-9945930-4405155","VSC-GCC4-EU","B0D8PQQWM3","X00276V1V5","VIVOSUN GrowCam C4 2K QHD WLAN Smart Kamera für Growzelt & Indoor Pflanzen, mit Zeitraffer, Nachtsicht, SD-Karten-Speicherung, Zwei-Wege-Audio, App-Steuerung, Kompatibel mit VGrow System","1","LCJ4","CUSTOMER_DAMAGED","QUALITY_UNACCEPTABLE","Unit returned to inventory","LPNHK532464318",
"2026-04-02T09:36:22+00:00","302-6781780-8698767","VSF-AWD4x2-EU","B0CMZFSLCL","X0023L9G3T","VIVOSUN AeroWave D4 10cm Grow Ventilator Oszillierend Clip Ventilator Grow mit Haken, 3 Stufen, Starker & Leiser Luftstrom, Luftstromwinkel Einstellbar für Hydrokultur, Zirkulation, Schwarz, 2er-Pack","1","LCJ4","CUSTOMER_DAMAGED","NO_REASON_GIVEN","Repackaged Successfully","LPNHK532807574",
"2026-04-02T08:05:33+00:00","206-2442273-1763509","305131-UK","B01DNUIGUY","X0022PUP95","VIVOSUN Soil Tester, 3-in-1 Plant Moisture Meter Light and PH Tester for Home, Garden, Lawn, Farm, Indoor and Outdoor Use, Promote Plants Healthy Growth","1","EDI4","CUSTOMER_DAMAGED","QUALITY_UNACCEPTABLE","Unit returned to inventory","LPNWE404856680",
"2026-04-02T06:56:29+00:00","306-8937842-8781111","332022-EU","B07VK1LVKX","X0021P5OXX","VIVOSUN 30X 60X Beleuchtete Juwelierlupe mit LEC-Light, Faltbare Taschenlupe mit 2 Linsen für die Beobachtung von Schmuck, Edelsteine, Uhren, Münzen, Briefmarken, Antiquitäten, Schwarz","1","BTS2","SELLABLE","NOT_COMPATIBLE","Unit returned to inventory","LPNHe066428701","kann ich leider für meine zwecke nicht gebrauchen"
"2026-04-02T06:18:47+00:00","403-7631232-4743514","VSF-AWD4Wx2-EU","B0CN32T8J9","X0023LHG9P","VIVOSUN AeroWave D4, wentylator z klipsem do namiotu hodowlanego 10,2 cm ze zdejmowanym hakiem, mocny i cichy 3-biegowy przeplyw powietrza, regulowany kąt przeplywu powietrza do hydroponiki,","1","LCJ4","DEFECTIVE","DEFECTIVE","Unit returned to inventory","LPNHK538489051","Niedziała"
"2026-04-02T05:29:49+00:00","304-9551584-0683504","VSH-IS03-EU","B0BXD9RK42","X001Z5PQDD","VIVOSUN Solar Automatische Tropfbewässerung Set mit Zeituhr, 3W Ausgang, Solarbetriebenes Bewässerungssystem für 15 Töpfe, ideal für Garten, Balkon, Terrasse und Zimmerpflanzen","1","LCJ4","DEFECTIVE","QUALITY_UNACCEPTABLE","Unit returned to inventory","LPNHK532416132","Pumpe pumpt kein Wasser"
"2026-04-02T04:44:08+00:00","303-6576064-7039543","304113-55-EU","B01DXYM98K","X001VJEKAX","VIVOSUN Growzelt 150x150x200cm lichtdichtes Indoor Hydroponik Zelt mit reflektierendem Mylar Sichtfenster Bodenwanne stabile Rahmenstruktur Pflanzenzelt Gewächshaus S558 Grow Tent passend für VSF6450","1","WRO1","CUSTOMER_DAMAGED","NO_REASON_GIVEN","Unit returned to inventory","LPNHK482603768",
"2026-04-02T02:13:37+00:00","305-3999145-0545919","VSF-AWD4Wx2-EU","B0CN32T8J9","X0023LHG9P","VIVOSUN AeroWave D4 10cm Grow Ventilator Oszillierend Clip Ventilator Grow mit Haken, 3 Stufen, Starker & Leiser Luftstrom,Luftstromwinkel Einstellbar für Hydrokultur, Zirkulation, Weiß, 2er-Pack","1","LCJ4","CUSTOMER_DAMAGED","NO_REASON_GIVEN","Unit returned to inventory","LPNHK537339203",
"2026-04-02T01:05:35+00:00","306-2615493-5064304","VSE-UH075-EU","B0D626DZTN","X0026HLHBJ","VIVOSUN AeroStream U075 USB-Luftbefeuchter, 750ml Kaltnebel Mini-Luftbefeuchter mit 2 Nebel-Modi, Automatische Abschaltung, Smarte Fernbedienung mit VGrow, Entwickelt für Growzelte","1","BTS2","DEFECTIVE","NOT_COMPATIBLE","Unit returned to inventory","LPNHK540189260","Schwache Leistung und kein Regeler"
"2026-04-02T00:19:16+00:00","405-4235397-3147531","VSK-GIYS224-EU","B0BY7PSQ69","X002F00YRF","VIVOSUN Smart gröda tältsystem, 60 x 60 x 120 cm, växttältset med WiFi, automatisk ventilation, 100 W LED-växtljus med fullt spektrum, GrowHub E42A+","1","WRO1","SELLABLE","UNDELIVERABLE_UNKNOWN","Unit returned to inventory","LPNHK482549570",
"2026-04-01T21:39:37+00:00","028-1459050-0156303","PH001-EU","B08228CNGT","X001Z5PF1L","VIVOSUN 3-in-1 Digitales pH-Meter mit ATC, ±0,1 pH Genauigkeit, Wasserqualitätsmesser, Messbereich 0-14 pH für Hydrokultur, Trinkwasser im Hause, Schwimmbäder und Aquarien","1","LCJ4","SELLABLE","NO_REASON_GIVEN","Unit returned to inventory","LPNHK539236706",
"2026-04-01T18:44:59+00:00","303-0038297-0612319","VSC-GCC4-EU","B0D8PQQWM3","X00276V1V5","VIVOSUN GrowCam C4 2K QHD WLAN Smart Kamera für Growzelt & Indoor Pflanzen, mit Zeitraffer, Nachtsicht, SD-Karten-Speicherung, Zwei-Wege-Audio, App-Steuerung, Kompatibel mit VGrow System","1","BTS2","CUSTOMER_DAMAGED","DEFECTIVE","Unit returned to inventory","LPNHK539870667",
"2026-04-01T15:00:33+00:00","306-0155238-5177171","VSV-AZS4-EU","B0C2C8KBBW","X001YZMP8D","VIVOSUN Rohrventilator 100 mm Abluftventilator 353 m³/h Rohrlüfter mit E12-Geschwindigkeitsregler und EC-Motor 28dB Leiser Ventilator für Growzelte und Belüftungssysteme","1","BTS2","CARRIER_DAMAGED","DAMAGED_BY_CARRIER","Reimbursed","LPNHK538778659",
"2026-04-01T11:43:36+00:00","304-1193557-9427511","CBIN-BL-43J-EU","B08346W5S6","X0023SUF0Z","VIVOSUN Trommelkomposter 163L, Drehbarer Schnellkomposter mit 2 Kammern, Robuster Kunststoff Gartenkomposter mit Lüftungsöffnungen & Wasserdichten Gartenhandschuhen für Gartenabfälle","1","BTS2","CARRIER_DAMAGED","UNDELIVERABLE_REFUSED","Reimbursed","LPNHe065986829",
"2026-04-01T08:57:49+00:00","305-3053628-6920344","VSH-IS03-EU","B0BXD9RK42","X001Z5PQDD","VIVOSUN Solar Automatische Tropfbewässerung Set mit Zeituhr, 3W Ausgang, Solarbetriebenes Bewässerungssystem für 15 Töpfe, ideal für Garten, Balkon, Terrasse und Zimmerpflanzen","1","LCJ4","DEFECTIVE","DEFECTIVE","Unit returned to inventory","LPNHK532656421",
"2026-04-01T07:53:13+00:00","403-8160585-2043535","VSF-AWD4x2-EU","B0CMZFSLCL","X0023L9G3T","VIVOSUN Ventilatore Da 10 cm AeroWave D4 2 Pezzi, Con Gancio Removibile, Flusso Potente E Silenzioso, 3 Velocità, Angolo Regolabile, Per Idroponica, Circolazione Aria E Raffreddamento, Nero","1","MXP5","SELLABLE","ORDERED_WRONG_ITEM","Unit returned to inventory","LPNWE400715221","Non più utile"
"2026-04-01T06:22:33+00:00","303-7092833-2110745","VSV-AZS4-EU","B0C2C8KBBW","X001YZMP8D","VIVOSUN Rohrventilator 100 mm Abluftventilator 353 m³/h Rohrlüfter mit E12-Geschwindigkeitsregler und EC-Motor 28dB Leiser Ventilator für Growzelte und Belüftungssysteme","1","BTS2","CUSTOMER_DAMAGED","NO_REASON_GIVEN","Unit returned to inventory","LPNHe015847385",
"2026-04-01T04:43:11+00:00","304-4797344-2030745","VSF-AWD4Wx2-EU","B0CN32T8J9","X0023LHG9P","VIVOSUN AeroWave D4 10cm Grow Ventilator Oszillierend Clip Ventilator Grow mit Haken, 3 Stufen, Starker & Leiser Luftstrom,Luftstromwinkel Einstellbar für Hydrokultur, Zirkulation, Weiß, 2er-Pack","1","LCJ4","CARRIER_DAMAGED","QUALITY_UNACCEPTABLE","Reimbursed","LPNHK540093946",
"2026-04-01T01:10:35+00:00","302-4597247-9348335","VSF-AWD4x2-EU","B0CMZFSLCL","X0023L9G3T","VIVOSUN AeroWave D4 10cm Grow Ventilator Oszillierend Clip Ventilator Grow mit Haken, 3 Stufen, Starker & Leiser Luftstrom, Luftstromwinkel Einstellbar für Hydrokultur, Zirkulation, Schwarz, 2er-Pack","1","BTS2","CUSTOMER_DAMAGED","DEFECTIVE","Unit returned to inventory","LPNHK538832732",
"2026-04-01T00:40:14+00:00","028-1648601-6820316","311003-5-EU","B06Y1XVD1P","X001W1HJ2B","VIVOSUN Gartenschere 17cm Pflanzenschere mit Ergonomischen Griffen Ernteschere Grow Schere Trimmschere mit Titan-Antihaftbeschichtung & Gebogene Klinge für Pflanzen,1 Pack Blau","1","LCJ4","SELLABLE","QUALITY_UNACCEPTABLE","Unit returned to inventory","LPNHK491431646","Leider ist diese nicht geeignet für meinen Einsatz"
"2026-04-01T00:17:15+00:00","302-8458805-5649104","VSF-AWD4x2-EU","B0CMZFSLCL","X0023L9G3T","VIVOSUN AeroWave D4 10cm Grow Ventilator Oszillierend Clip Ventilator Grow mit Haken, 3 Stufen, Starker & Leiser Luftstrom, Luftstromwinkel Einstellbar für Hydrokultur, Zirkulation, Schwarz, 2er-Pack","1","BTS2","CARRIER_DAMAGED","NO_REASON_GIVEN","Reimbursed","LPNHK538501484",
"2026-03-31T22:26:57+00:00","306-4319467-9733122","VSH-IS03-EU","B0BXD9RK42","X001Z5PQDD","VIVOSUN Solar Automatische Tropfbewässerung Set mit Zeituhr, 3W Ausgang, Solarbetriebenes Bewässerungssystem für 15 Töpfe, ideal für Garten, Balkon, Terrasse und Zimmerpflanzen","1","LCJ4","CUSTOMER_DAMAGED","UNWANTED_ITEM","Unit returned to inventory","LPNHK532095510",
